mu_v_prim,mu_v_sec,centrifugal_prim,centrifugal_sec,min_clamp_prim,multiplier_limit_prim,multiplier_limit_sec,T_taut,T_slack,T_avg,effective_multiplier,transferred_clamp,transferred_torque
4.197,2.43,0.0,0.0,0.0,40853.473,9135.652,0.0,0.0,0.0,nan,0.0,0.0
4.197,2.43,0.0,0.0,0.0,40853.473,9135.652,0.0,0.0,0.0,nan,0.0,0.0
4.197,2.43,0.0,0.0,0.0,40853.473,9135.652,0.0,0.0,0.0,nan,0.0,0.0
4.197,2.43,0.0,0.0,0.0,40853.473,9135.652,0.0,0.0,0.0,nan,0.0,0.0
4.197,2.43,0.0,0.0,0.0,40853.473,9135.652,0.0,0.0,0.0,nan,0.0,0.0
4.197,2.43,0.0,0.0,0.0,40853.473,9135.652,0.0,0.0,0.0,nan,0.0,0.0
4.197,2.43,0.0,0.0,0.0,40853.473,9135.652,0.0,0.0,0.0,nan,0.0,0.0
4.197,2.43,0.0,0.0,0.0,40853.473,9135.652,0.0,0.0,0.0,nan,0.0,0.0
4.197,2.43,0.0,0.0,0.0,40853.473,9135.652,0.0,0.0,0.0,nan,0.0,0.0
4.197,2.43,0.0,0.0,147.491,40853.473,9135.652,106.255,-72.571,16.842,-1.464,124.037,62.887
4.197,2.43,0.005,0.005,147.349,40853.473,9135.652,106.157,-72.496,16.831,-1.464,123.917,62.827
4.197,2.43,0.01,0.01,147.214,40853.473,9135.652,106.065,-72.425,16.82,-1.464,123.803,62.769
4.197,2.43,0.017,0.017,147.085,40853.473,9135.652,105.98,-72.354,16.813,-1.465,123.695,62.714
4.197,2.43,0.026,0.026,146.963,40853.473,9135.652,105.901,-72.285,16.808,-1.465,123.592,62.662
4.197,2.43,0.037,0.037,146.846,40853.473,9135.652,105.828,-72.217,16.805,-1.465,123.494,62.612
4.197,2.43,0.05,0.05,146.735,40853.473,9135.652,105.76,-72.15,16.805,-1.466,123.401,62.565
4.197,2.43,0.064,0.064,146.63,40853.473,9135.652,105.699,-72.083,16.808,-1.466,123.312,62.52
4.197,2.43,0.081,0.081,146.529,40853.473,9135.652,105.643,-72.017,16.813,-1.467,123.228,62.477
4.197,2.43,0.099,0.099,146.434,40853.473,9135.652,105.593,-71.952,16.821,-1.468,123.148,62.437
4.197,2.43,0.119,0.119,146.343,40853.473,9135.652,105.548,-71.887,16.83,-1.468,123.071,62.398
4.197,2.43,0.141,0.141,146.256,40853.473,9135.652,105.507,-71.822,16.843,-1.469,122.998,62.361
4.197,2.43,0.165,0.165,146.174,40853.473,9135.652,105.472,-71.758,16.857,-1.47,122.929,62.326
4.197,2.43,0.191,0.191,146.095,40853.473,9135.652,105.441,-71.693,16.874,-1.471,122.863,62.292
4.197,2.43,0.218,0.218,146.021,40853.473,9135.652,105.415,-71.629,16.893,-1.472,122.8,62.26
4.197,2.43,0.248,0.248,145.95,40853.473,9135.652,105.393,-71.565,16.914,-1.473,122.741,62.23
4.197,2.43,0.279,0.279,145.882,40853.473,9135.652,105.375,-71.5,16.938,-1.474,122.684,62.201
4.197,2.43,0.312,0.312,145.818,40853.473,9135.652,105.362,-71.436,16.963,-1.475,122.63,62.174
4.197,2.43,0.347,0.347,145.756,40853.473,9135.652,105.353,-71.371,16.991,-1.476,122.578,62.148
4.197,2.43,0.383,0.383,145.698,40853.473,9135.652,105.347,-71.305,17.021,-1.477,122.529,62.123
4.197,2.43,0.422,0.422,145.642,40853.473,9135.652,105.346,-71.24,17.053,-1.479,122.482,62.099
4.197,2.43,0.462,0.462,145.59,40853.473,9135.652,105.348,-71.173,17.087,-1.48,122.438,62.077
4.197,2.43,0.504,0.504,145.539,40853.473,9135.652,105.353,-71.107,17.123,-1.482,122.395,62.055
4.197,2.43,0.548,0.548,145.491,40853.473,9135.652,105.363,-71.039,17.162,-1.483,122.355,62.035
4.197,2.43,0.593,0.593,145.446,40853.473,9135.652,105.375,-70.971,17.202,-1.485,122.317,62.015
4.197,2.43,0.641,0.641,145.402,40853.473,9135.652,105.391,-70.902,17.245,-1.486,122.28,61.997
4.197,2.43,0.69,0.69,145.361,40853.473,9135.652,105.411,-70.833,17.289,-1.488,122.245,61.979
4.197,2.43,0.741,0.741,145.321,40853.473,9135.652,105.433,-70.762,17.335,-1.49,122.212,61.962
4.197,2.43,0.794,0.794,145.284,40853.473,9135.652,105.459,-70.691,17.384,-1.492,122.181,61.946
4.197,2.43,0.848,0.848,145.248,40853.473,9135.652,105.488,-70.619,17.434,-1.494,122.15,61.931
4.197,2.43,0.905,0.905,145.214,40853.473,9135.652,105.52,-70.546,17.487,-1.496,122.122,61.916
4.197,2.43,0.963,0.963,145.182,40853.473,9135.652,105.554,-70.472,17.541,-1.498,122.095,61.903
4.197,2.43,1.023,1.023,145.151,40853.473,9135.652,105.592,-70.397,17.598,-1.5,122.069,61.889
4.197,2.43,1.084,1.084,145.121,40853.473,9135.652,105.633,-70.321,17.656,-1.502,122.044,61.877
4.197,2.43,1.148,1.148,145.093,40853.473,9135.652,105.676,-70.244,17.716,-1.504,122.02,61.865
4.197,2.43,1.213,1.213,145.067,40853.473,9135.652,105.722,-70.165,17.778,-1.507,121.998,61.854
4.197,2.43,1.28,1.28,145.041,40853.473,9135.652,105.77,-70.086,17.842,-1.509,121.977,61.843
4.197,2.43,1.348,1.348,145.017,40853.473,9135.652,105.822,-70.005,17.908,-1.512,121.956,61.833
4.197,2.43,1.419,1.419,144.994,40853.473,9135.652,105.876,-69.924,17.976,-1.514,121.937,61.823
4.197,2.43,1.491,1.491,144.972,40853.473,9135.652,105.932,-69.84,18.046,-1.517,121.919,61.813
4.197,2.43,1.565,1.565,144.952,40853.473,9135.652,105.991,-69.756,18.118,-1.519,121.901,61.805
4.197,2.43,1.641,1.641,144.932,40853.473,9135.652,106.053,-69.671,18.191,-1.522,121.884,61.796
4.197,2.43,1.719,1.719,144.913,40853.473,9135.652,106.117,-69.584,18.267,-1.525,121.869,61.788
4.197,2.43,1.798,1.798,144.895,40853.473,9135.652,106.183,-69.495,18.344,-1.528,121.853,61.78
4.197,2.43,1.879,1.879,144.878,40853.473,9135.652,106.252,-69.406,18.423,-1.531,121.839,61.773
4.197,2.43,1.962,1.962,144.861,40853.473,9135.652,106.323,-69.315,18.504,-1.534,121.825,61.766
4.197,2.43,2.047,2.047,144.846,40853.473,9135.652,106.396,-69.223,18.587,-1.537,121.812,61.759
4.197,2.43,2.133,2.133,144.831,40853.473,9135.652,106.472,-69.129,18.672,-1.54,121.8,61.753
4.197,2.43,2.221,2.221,144.817,40853.473,9135.652,106.55,-69.034,18.758,-1.543,121.788,61.747
4.197,2.43,2.311,2.311,144.803,40853.473,9135.652,106.63,-68.937,18.847,-1.547,121.777,61.741
4.197,2.43,2.403,2.403,144.791,40853.473,9135.652,106.713,-68.839,18.937,-1.55,121.766,61.736
4.197,2.43,2.496,2.496,144.778,40853.473,9135.652,106.798,-68.74,19.029,-1.554,121.756,61.731
4.197,2.43,2.592,2.592,144.767,40853.473,9135.652,106.885,-68.639,19.123,-1.557,121.746,61.726
4.197,2.43,2.689,2.689,144.756,40853.473,9135.652,106.974,-68.536,19.219,-1.561,121.736,61.721
4.197,2.43,2.788,2.788,144.745,40853.473,9135.652,107.065,-68.432,19.316,-1.565,121.728,61.717
4.197,2.43,2.888,2.888,144.735,40853.473,9135.652,107.158,-68.327,19.416,-1.568,121.719,61.712
4.197,2.43,2.99,2.99,151.769,40853.473,9135.652,111.523,-72.49,19.517,-1.538,121.711,64.711
4.197,2.43,3.021,3.021,151.931,40853.473,9135.652,112.211,-71.998,20.106,-1.559,125.83,64.78
4.197,2.43,3.051,3.051,151.987,40853.473,9135.652,112.513,-71.765,20.374,-1.568,127.576,64.804
4.197,2.43,3.082,3.082,152.036,40853.473,9135.652,112.811,-71.525,20.643,-1.577,129.332,64.825
4.197,2.43,3.113,3.113,152.077,40853.473,9135.652,113.107,-71.28,20.914,-1.587,131.099,64.843
4.197,2.43,3.144,3.144,152.111,40853.473,9135.652,113.4,-71.028,21.186,-1.597,132.874,64.857
4.197,2.43,3.175,3.175,152.137,40853.473,9135.652,113.689,-70.771,21.459,-1.606,134.66,64.868
4.197,2.43,3.206,3.206,152.156,40853.473,9135.652,113.976,-70.507,21.735,-1.617,136.455,64.877
4.197,2.43,3.238,3.238,152.168,40853.473,9135.652,114.259,-70.237,22.011,-1.627,138.26,64.881
4.197,2.43,3.269,3.269,152.172,40853.473,9135.652,114.54,-69.962,22.289,-1.637,140.073,64.883
4.197,2.43,3.301,3.301,152.168,40853.473,9135.652,114.817,-69.681,22.568,-1.648,141.896,64.882
4.197,2.43,3.333,3.333,152.158,40853.473,9135.652,115.091,-69.393,22.849,-1.659,143.727,64.877
4.197,2.43,3.365,3.365,152.14,40853.473,9135.652,115.362,-69.101,23.131,-1.669,145.567,64.869
4.197,2.43,3.397,3.397,152.115,40853.473,9135.652,115.63,-68.802,23.414,-1.681,147.415,64.859
4.197,2.43,3.43,3.43,152.082,40853.473,9135.652,115.895,-68.498,23.698,-1.692,149.271,64.845
4.197,2.43,3.462,3.462,152.043,40853.473,9135.652,116.157,-68.189,23.984,-1.703,151.136,64.828
4.197,2.43,3.495,3.495,151.997,40853.473,9135.652,116.416,-67.874,24.271,-1.715,153.008,64.808
4.197,2.43,3.528,3.528,151.944,40853.473,9135.652,116.672,-67.553,24.559,-1.727,154.888,64.786
4.197,2.43,3.561,3.561,151.884,40853.473,9135.652,116.925,-67.228,24.848,-1.739,156.775,64.76
4.197,2.43,3.594,3.594,151.817,40853.473,9135.652,117.174,-66.897,25.139,-1.752,158.67,64.732
4.197,2.43,3.627,3.627,151.744,40853.473,9135.652,117.421,-66.561,25.43,-1.764,160.571,64.701
4.197,2.43,3.66,3.66,151.664,40853.473,9135.652,117.666,-66.221,25.722,-1.777,162.479,64.667
4.197,2.43,3.694,3.694,151.578,40853.473,9135.652,117.907,-65.875,26.016,-1.79,164.394,64.63
4.197,2.43,3.727,3.727,151.486,40853.473,9135.652,118.145,-65.525,26.31,-1.803,166.315,64.591
4.197,2.43,3.761,3.761,151.387,40853.473,9135.652,118.381,-65.169,26.606,-1.817,168.243,64.548
4.197,2.43,3.795,3.795,151.282,40853.473,9135.652,118.613,-64.81,26.902,-1.83,170.176,64.504
4.197,2.43,3.829,3.829,151.171,40853.473,9135.652,118.843,-64.445,27.199,-1.844,172.115,64.456
4.197,2.43,3.862,3.862,151.054,40853.473,9135.652,119.07,-64.076,27.497,-1.858,174.06,64.406
4.197,2.43,3.896,3.896,150.93,40853.473,9135.652,119.294,-63.702,27.796,-1.873,176.011,64.354
4.197,2.43,3.931,3.931,150.8,40853.473,9135.652,119.515,-63.324,28.096,-1.887,177.966,64.298
4.197,2.43,3.965,3.965,150.663,40853.473,9135.652,119.732,-62.94,28.396,-1.902,179.926,64.24
4.197,2.43,3.999,3.999,150.519,40853.473,9135.652,119.946,-62.552,28.697,-1.918,181.891,64.178
4.197,2.43,4.034,4.034,150.368,40853.473,9135.652,120.156,-62.158,28.999,-1.933,183.861,64.114
4.197,2.43,4.068,4.068,150.21,40853.473,9135.652,120.363,-61.76,29.301,-1.949,185.835,64.046
4.197,2.43,4.102,4.102,150.044,40853.473,9135.652,120.565,-61.357,29.604,-1.965,187.812,63.976
4.197,2.43,4.137,4.137,149.872,40853.473,9135.652,120.764,-60.948,29.908,-1.981,189.794,63.902
4.197,2.43,4.172,4.172,149.691,40853.473,9135.652,120.959,-60.535,30.212,-1.998,191.778,63.825
4.197,2.43,4.206,4.206,149.503,40853.473,9135.652,121.15,-60.116,30.517,-2.015,193.766,63.745
4.197,2.43,4.241,4.241,149.308,40853.473,9135.652,121.336,-59.693,30.822,-2.033,195.757,63.662
4.197,2.43,4.276,4.276,149.104,40853.473,9135.652,121.519,-59.264,31.127,-2.05,197.75,63.575
4.197,2.43,4.311,4.311,148.893,40853.473,9135.652,121.696,-58.83,31.433,-2.069,199.746,63.485
4.197,2.43,4.346,4.346,148.674,40853.473,9135.652,121.869,-58.391,31.739,-2.087,201.744,63.392
4.197,2.43,4.381,4.381,148.447,40853.473,9135.652,122.038,-57.947,32.046,-2.106,203.743,63.295
4.197,2.43,4.415,4.415,148.211,40853.473,9135.652,122.202,-57.498,32.352,-2.125,205.744,63.194
4.197,2.43,4.45,4.45,147.968,40853.473,9135.652,122.361,-57.043,32.659,-2.145,207.745,63.091
4.197,2.43,4.485,4.485,147.716,40853.473,9135.652,122.515,-56.584,32.966,-2.165,209.748,62.983
4.197,2.43,4.52,4.52,147.458,40853.473,9135.652,122.666,-56.12,33.273,-2.186,211.751,62.873
4.197,2.43,4.555,4.555,147.193,40853.473,9135.652,122.812,-55.653,33.58,-2.207,213.753,62.76
4.197,2.43,4.59,4.59,146.922,40853.473,9135.652,122.955,-55.182,33.886,-2.228,215.756,62.645
4.197,2.43,4.625,4.625,146.646,40853.473,9135.652,123.094,-54.708,34.193,-2.25,217.759,62.527
4.197,2.43,4.66,4.66,146.366,40853.473,9135.652,123.231,-54.231,34.5,-2.272,219.76,62.407
4.197,2.43,4.695,4.695,146.082,40853.473,9135.652,123.366,-53.752,34.807,-2.295,221.761,62.286
4.197,2.43,4.73,4.73,145.795,40853.473,9135.652,123.498,-53.272,35.113,-2.318,223.761,62.164
4.197,2.43,4.765,4.765,145.506,40853.473,9135.652,123.629,-52.79,35.419,-2.342,225.759,62.041
4.197,2.43,4.8,4.8,145.215,40853.473,9135.652,123.759,-52.308,35.725,-2.366,227.756,61.917
4.197,2.43,4.834,4.834,144.923,40853.473,9135.652,123.887,-51.825,36.031,-2.39,229.751,61.792
4.197,2.43,4.869,4.869,144.63,40853.473,9135.652,124.016,-51.343,36.337,-2.415,231.745,61.668
4.197,2.43,4.904,4.904,144.338,40853.473,9135.652,124.143,-50.86,36.642,-2.441,233.736,61.543
4.197,2.43,4.939,4.939,144.046,40853.473,9135.652,124.271,-50.378,36.947,-2.467,235.726,61.418
4.197,2.43,4.973,4.973,143.755,40853.473,9135.652,124.4,-49.897,37.251,-2.493,237.714,61.294
4.197,2.43,5.008,5.008,143.466,40853.473,9135.652,124.529,-49.418,37.555,-2.52,239.7,61.171
4.197,2.43,5.043,5.043,143.179,40853.473,9135.652,124.659,-48.94,37.859,-2.547,241.683,61.049
4.197,2.43,5.077,5.077,142.895,40853.473,9135.652,124.79,-48.464,38.163,-2.575,243.665,60.928
4.197,2.43,5.112,5.112,142.614,40853.473,9135.652,124.923,-47.99,38.466,-2.603,245.644,60.808
4.197,2.43,5.146,5.146,142.336,40853.473,9135.652,125.057,-47.519,38.769,-2.632,247.621,60.689
4.197,2.43,5.181,5.181,142.062,40853.473,9135.652,125.194,-47.05,39.072,-2.661,249.596,60.573
4.197,2.43,5.215,5.215,141.792,40853.473,9135.652,125.332,-46.584,39.374,-2.69,251.569,60.457
4.197,2.43,5.25,5.25,141.524,40853.473,9135.652,125.472,-46.119,39.676,-2.721,253.539,60.343
4.197,2.43,5.284,5.284,141.257,40853.473,9135.652,125.612,-45.656,39.978,-2.751,255.508,60.229
4.197,2.43,5.318,5.318,140.991,40853.473,9135.652,125.752,-45.194,40.279,-2.783,257.475,60.116
4.197,2.43,5.353,5.353,140.726,40853.473,9135.652,125.892,-44.732,40.58,-2.814,259.439,60.003
4.197,2.43,5.387,5.387,140.459,40853.473,9135.652,126.031,-44.269,40.881,-2.847,261.401,59.889
4.197,2.43,5.421,5.421,140.191,40853.473,9135.652,126.169,-43.807,41.181,-2.88,263.361,59.775
4.197,2.43,5.455,5.455,139.922,40853.473,9135.652,126.306,-43.343,41.481,-2.914,265.318,59.66
4.197,2.43,5.489,5.489,139.649,40853.473,9135.652,126.44,-42.878,41.781,-2.949,267.273,59.544
4.197,2.43,5.523,5.523,139.373,40853.473,9135.652,126.572,-42.412,42.08,-2.984,269.225,59.426
4.197,2.43,5.557,5.557,139.093,40853.473,9135.652,126.7,-41.943,42.379,-3.021,271.174,59.306
4.197,2.43,5.591,5.591,138.808,40853.473,9135.652,126.826,-41.473,42.677,-3.058,273.119,59.185
4.197,2.43,5.625,5.625,138.518,40853.473,9135.652,126.948,-40.999,42.974,-3.096,275.061,59.061
4.197,2.43,5.659,5.659,138.222,40853.473,9135.652,127.066,-40.523,43.271,-3.136,277.0,58.935
4.197,2.43,5.693,5.693,137.92,40853.473,9135.652,127.179,-40.043,43.568,-3.176,278.934,58.807
4.197,2.43,5.727,5.727,137.612,40853.473,9135.652,127.288,-39.56,43.864,-3.218,280.865,58.675
4.197,2.43,5.76,5.76,137.296,40853.473,9135.652,127.391,-39.074,44.159,-3.26,282.79,58.54
4.197,2.43,5.794,5.794,136.972,40853.473,9135.652,127.489,-38.583,44.453,-3.304,284.711,58.402
4.197,2.43,5.827,5.827,136.64,40853.473,9135.652,127.581,-38.089,44.746,-3.35,286.626,58.261
4.197,2.43,5.86,5.86,136.3,40853.473,9135.652,127.668,-37.59,45.039,-3.396,288.536,58.115
4.197,2.43,5.894,5.894,135.95,40853.473,9135.652,127.748,-37.086,45.331,-3.445,290.44,57.967
4.197,2.43,5.927,5.927,135.592,40853.473,9135.652,127.821,-36.578,45.622,-3.494,292.337,57.814
4.197,2.43,5.96,5.96,135.225,40853.473,9135.652,127.888,-36.066,45.911,-3.546,294.227,57.657
4.197,2.43,5.993,5.993,134.85,40853.473,9135.652,127.95,-35.55,46.2,-3.599,296.111,57.497
4.197,2.43,6.025,6.025,134.469,40853.473,9135.652,128.006,-35.031,46.487,-3.654,297.986,57.335
4.197,2.43,6.058,6.058,134.082,40853.473,9135.652,128.058,-34.511,46.773,-3.711,299.854,57.17
4.197,2.43,6.09,6.09,133.691,40853.473,9135.652,128.105,-33.989,47.058,-3.769,301.713,57.003
4.197,2.43,6.123,6.123,133.296,40853.473,9135.652,128.15,-33.466,47.342,-3.829,303.564,56.835
4.197,2.43,6.155,6.155,132.899,40853.473,9135.652,128.191,-32.943,47.624,-3.891,305.406,56.665
4.197,2.43,6.187,6.187,132.5,40853.473,9135.652,128.23,-32.42,47.905,-3.955,307.239,56.495
4.197,2.43,6.219,6.219,132.1,40853.473,9135.652,128.268,-31.898,48.185,-4.021,309.064,56.325
4.197,2.43,6.25,6.25,131.701,40853.473,9135.652,128.303,-31.378,48.463,-4.089,310.879,56.155
4.197,2.43,6.282,6.282,131.302,40853.473,9135.652,128.338,-30.859,48.74,-4.159,312.684,55.985
4.197,2.43,6.313,6.313,130.905,40853.473,9135.652,128.373,-30.343,49.015,-4.231,314.481,55.815
4.197,2.43,6.345,6.345,130.51,40853.473,9135.652,128.407,-29.83,49.289,-4.305,316.268,55.647
4.197,2.43,6.376,6.376,130.118,40853.473,9135.652,128.442,-29.32,49.561,-4.381,318.045,55.48
4.197,2.43,6.406,6.406,129.73,40853.473,9135.652,128.478,-28.814,49.832,-4.459,319.813,55.314
4.197,2.43,6.437,6.437,129.345,40853.473,9135.652,128.514,-28.311,50.101,-4.539,321.572,55.15
4.197,2.43,6.468,6.468,128.966,40853.473,9135.652,128.552,-27.813,50.369,-4.622,323.321,54.988
4.197,2.43,6.498,6.498,128.608,40876.466,9132.676,128.545,-27.386,50.579,-4.694,324.632,54.836
4.197,2.43,6.528,6.528,128.273,40925.469,9126.343,128.486,-27.039,50.724,-4.752,325.448,54.693
4.197,2.43,6.558,6.558,127.955,40993.888,9117.52,128.39,-26.75,50.82,-4.8,325.899,54.557
4.197,2.43,6.589,6.589,127.649,41076.048,9106.955,128.266,-26.503,50.881,-4.84,326.088,54.427
4.197,2.43,6.619,6.619,127.354,41169.767,9094.945,128.122,-26.289,50.916,-4.874,326.077,54.301
4.197,2.43,6.646,6.646,127.102,41305.66,9077.607,127.957,-26.149,50.904,-4.893,325.719,54.182
4.197,2.43,6.673,6.673,126.846,41437.309,9060.896,127.79,-26.006,50.892,-4.914,325.36,54.063
4.197,2.43,6.695,6.695,126.664,41641.391,9035.156,127.603,-25.971,50.816,-4.913,324.538,53.951
4.197,2.43,6.72,6.72,126.442,41804.982,9014.666,127.434,-25.872,50.781,-4.926,324.019,53.836
4.197,2.43,6.744,6.744,126.228,41975.358,8993.461,127.264,-25.782,50.741,-4.936,323.464,53.722
4.197,2.43,6.767,6.767,126.036,42167.281,8969.736,127.092,-25.721,50.685,-4.941,322.793,53.611
4.197,2.43,6.791,6.791,125.828,42340.773,8948.435,126.929,-25.631,50.649,-4.952,322.263,53.498
4.197,2.43,6.817,6.817,125.603,42497.57,8929.303,126.771,-25.517,50.627,-4.968,321.84,53.385
4.197,2.43,6.839,6.839,125.416,42692.254,8905.702,126.604,-25.458,50.573,-4.973,321.185,53.275
4.197,2.43,6.862,6.862,125.223,42879.757,8883.132,126.443,-25.385,50.529,-4.981,320.602,53.166
4.197,2.43,6.889,6.889,124.986,43021.379,8866.188,126.295,-25.246,50.524,-5.003,320.303,53.053
4.197,2.43,6.911,6.911,124.807,43222.35,8842.293,126.13,-25.194,50.468,-5.006,319.633,52.946
4.197,2.43,6.933,6.933,124.628,43421.288,8818.812,125.97,-25.135,50.417,-5.012,319.008,52.839
4.197,2.43,6.961,6.961,124.383,43551.573,8803.526,125.83,-24.979,50.425,-5.037,318.801,52.726
4.197,2.43,6.983,6.983,124.212,43759.3,8779.304,125.667,-24.934,50.366,-5.04,318.111,52.622
4.197,2.43,7.004,7.004,124.039,43964.502,8755.553,125.51,-24.882,50.314,-5.044,317.473,52.517
4.197,2.43,7.033,7.033,123.793,44090.936,8741.006,125.374,-24.72,50.327,-5.072,317.305,52.406
4.197,2.43,7.054,7.054,123.628,44303.218,8716.729,125.213,-24.68,50.267,-5.073,316.608,52.303
4.197,2.43,7.075,7.075,123.459,44510.456,8693.206,125.059,-24.63,50.214,-5.078,315.974,52.2
4.197,2.43,7.104,7.104,123.219,44640.527,8678.53,124.925,-24.473,50.226,-5.105,315.792,52.092
4.197,2.43,7.125,7.125,123.055,44852.907,8654.711,124.766,-24.433,50.167,-5.107,315.108,51.991
4.197,2.43,7.147,7.147,122.887,45059.133,8631.753,124.614,-24.381,50.117,-5.111,314.488,51.889
4.197,2.43,7.174,7.174,122.66,45200.586,8616.101,124.479,-24.241,50.119,-5.135,314.241,51.783
4.197,2.43,7.196,7.196,122.491,45405.163,8593.601,124.324,-24.19,50.067,-5.139,313.611,51.683
4.197,2.43,7.218,7.218,122.321,45608.068,8571.442,124.173,-24.135,50.019,-5.145,313.008,51.582
4.197,2.43,7.24,7.24,122.157,45816.75,8548.814,124.023,-24.087,49.968,-5.149,312.39,51.482
4.197,2.43,7.268,7.268,121.922,45944.525,8535.039,123.894,-23.931,49.981,-5.177,312.224,51.377
4.197,2.43,7.289,7.289,121.764,46159.195,8512.032,123.739,-23.894,49.922,-5.179,311.544,51.279
4.197,2.43,7.311,7.311,121.6,46365.97,8490.031,123.59,-23.844,49.873,-5.183,310.936,51.181
4.197,2.43,7.338,7.338,121.381,46509.833,8474.815,123.458,-23.711,49.873,-5.207,310.679,51.078
4.197,2.43,7.36,7.36,121.214,46711.761,8453.582,123.309,-23.657,49.826,-5.212,310.085,50.981
4.197,2.43,7.382,7.382,121.048,46914.269,8432.433,123.163,-23.602,49.781,-5.218,309.508,50.884
4.197,2.43,7.407,7.407,120.859,47089.388,8414.261,123.026,-23.51,49.758,-5.233,309.091,50.785
4.197,2.43,7.431,7.431,120.668,47261.198,8396.535,122.89,-23.415,49.737,-5.248,308.686,50.687
4.197,2.43,7.453,7.453,120.506,47466.79,8375.457,122.745,-23.363,49.691,-5.254,308.101,50.591
4.197,2.43,7.475,7.475,120.344,47671.31,8354.632,122.604,-23.308,49.648,-5.26,307.542,50.496
4.197,2.43,7.503,7.503,120.127,47808.623,8340.729,122.48,-23.169,49.656,-5.286,307.343,50.397
4.197,2.43,7.524,7.524,119.976,48025.536,8318.894,122.334,-23.132,49.601,-5.289,306.703,50.304
4.197,2.43,7.546,7.546,119.816,48230.681,8298.387,122.195,-23.077,49.559,-5.295,306.151,50.21
4.197,2.43,7.568,7.568,119.654,48431.518,8278.444,122.059,-23.016,49.521,-5.303,305.636,50.116
4.197,2.43,7.595,7.595,119.442,48571.508,8264.619,121.938,-22.881,49.529,-5.329,305.435,50.019
4.197,2.43,7.616,7.616,119.293,48788.122,8243.352,121.796,-22.842,49.477,-5.332,304.816,49.927
4.197,2.43,7.637,7.637,119.144,49003.249,8222.378,121.657,-22.799,49.429,-5.336,304.23,49.836
4.197,2.43,7.665,7.665,118.927,49133.042,8209.794,121.541,-22.653,49.444,-5.365,304.083,49.74
4.197,2.43,7.686,7.686,118.781,49351.755,8188.706,121.399,-22.617,49.391,-5.368,303.458,49.65
4.197,2.43,7.707,7.707,118.628,49560.297,8168.736,121.263,-22.567,49.348,-5.373,302.908,49.559
4.197,2.43,7.732,7.732,118.443,49726.986,8152.87,121.14,-22.467,49.337,-5.392,302.578,49.467
4.197,2.43,7.756,7.756,118.272,49911.513,8135.403,121.011,-22.389,49.311,-5.405,302.148,49.376
4.197,2.43,7.777,7.777,118.122,50122.43,8115.562,120.876,-22.342,49.267,-5.41,301.592,49.287
4.197,2.43,7.798,7.798,117.971,50331.212,8096.052,120.745,-22.29,49.227,-5.417,301.067,49.198
4.197,2.43,7.823,7.823,117.797,50506.869,8079.735,120.624,-22.199,49.212,-5.434,300.716,49.108
4.197,2.43,7.847,7.847,117.62,50680.181,8063.725,120.503,-22.106,49.198,-5.451,300.369,49.018
4.197,2.43,7.868,7.868,117.473,50891.892,8044.283,120.372,-22.058,49.157,-5.457,299.835,48.931
4.197,2.43,7.889,7.889,117.331,51108.647,8024.511,120.244,-22.014,49.115,-5.462,299.298,48.844
4.197,2.43,7.917,7.917,117.124,51238.039,8012.771,120.139,-21.869,49.135,-5.493,299.189,48.753
4.197,2.43,7.937,7.937,116.988,51463.533,7992.422,120.006,-21.837,49.085,-5.496,298.596,48.668
4.197,2.43,7.958,7.958,116.843,51675.257,7973.444,119.881,-21.786,49.047,-5.503,298.093,48.583
4.197,2.43,7.979,7.979,116.704,51894.418,7953.928,119.756,-21.743,49.007,-5.508,297.569,48.498
4.197,2.43,8.006,8.006,116.502,52024.163,7942.436,119.655,-21.599,49.028,-5.54,297.471,48.409
4.197,2.43,8.027,8.027,116.367,52248.878,7922.638,119.525,-21.564,48.98,-5.543,296.899,48.325
4.197,2.43,8.048,8.048,116.225,52462.232,7903.966,119.402,-21.516,48.943,-5.55,296.398,48.241
4.197,2.43,8.068,8.068,116.088,52681.851,7884.869,119.279,-21.473,48.903,-5.555,295.88,48.158
4.197,2.43,8.095,8.095,115.897,52821.891,7872.758,119.176,-21.344,48.916,-5.584,295.732,48.072
4.197,2.43,8.116,8.116,115.757,53037.542,7854.207,119.051,-21.3,48.875,-5.589,295.208,47.989
4.197,2.43,8.137,8.137,115.616,53249.124,7836.121,118.928,-21.251,48.839,-5.596,294.713,47.907
4.197,2.43,8.158,8.158,115.471,53452.757,7818.821,118.81,-21.193,48.808,-5.606,294.263,47.824
4.197,2.43,8.184,8.184,115.289,53602.009,7806.207,118.704,-21.078,48.813,-5.632,294.057,47.74
4.197,2.43,8.204,8.204,115.158,53827.421,7787.261,118.577,-21.047,48.765,-5.634,293.487,47.66
4.197,2.43,8.225,8.225,115.02,54040.846,7769.438,118.456,-21.001,48.727,-5.64,292.99,47.579
4.197,2.43,8.245,8.245,114.888,54259.882,7751.262,118.336,-20.961,48.688,-5.646,292.48,47.498
4.197,2.43,8.272,8.272,114.696,54387.218,7740.748,118.24,-20.824,48.708,-5.678,292.381,47.415
4.197,2.43,8.292,8.292,114.568,54614.672,7722.065,118.114,-20.795,48.659,-5.68,291.811,47.336
4.197,2.43,8.312,8.312,114.433,54827.88,7704.663,117.995,-20.75,48.623,-5.687,291.324,47.257
4.197,2.43,8.332,8.332,114.302,55046.206,7686.953,117.877,-20.709,48.584,-5.692,290.828,47.178
4.197,2.43,8.358,8.358,114.127,55193.413,7675.075,117.779,-20.595,48.592,-5.719,290.649,47.097
4.197,2.43,8.38,8.38,113.986,55395.529,7658.847,117.664,-20.539,48.562,-5.729,290.211,47.019
4.197,2.43,8.4,8.4,113.854,55609.954,7641.733,117.547,-20.496,48.526,-5.735,289.728,46.941
4.197,2.43,8.42,8.42,113.721,55821.717,7624.934,117.434,-20.449,48.493,-5.743,289.27,46.863
4.197,2.43,8.441,8.441,113.583,56022.091,7609.13,117.325,-20.389,48.468,-5.754,288.87,46.786
4.197,2.43,8.467,8.467,113.409,56165.366,7597.884,117.231,-20.273,48.479,-5.783,288.714,46.707
4.197,2.43,8.486,8.486,113.286,56391.729,7580.209,117.112,-20.242,48.435,-5.786,288.187,46.631
4.197,2.43,8.507,8.507,113.156,56605.246,7563.64,117.001,-20.196,48.402,-5.793,287.734,46.555
4.197,2.43,8.526,8.526,113.032,56826.822,7546.549,116.889,-20.158,48.366,-5.799,287.259,46.48
4.197,2.43,8.552,8.552,112.857,56960.595,7536.281,116.802,-20.032,48.385,-5.831,287.161,46.403
4.197,2.43,8.572,8.572,112.73,57176.397,7519.797,116.69,-19.99,48.35,-5.838,286.698,46.328
4.197,2.43,8.592,8.592,112.603,57391.76,7503.445,116.581,-19.945,48.318,-5.845,286.252,46.254
4.197,2.43,8.612,8.612,112.476,57605.934,7487.279,116.474,-19.899,48.288,-5.853,285.822,46.179
4.197,2.43,8.633,8.633,112.342,57804.7,7472.36,116.373,-19.837,48.268,-5.866,285.464,46.105
4.197,2.43,8.658,8.658,112.178,57952.303,7461.334,116.284,-19.727,48.279,-5.895,285.313,46.031
4.197,2.43,8.677,8.677,112.06,58181.548,7444.296,116.172,-19.696,48.238,-5.898,284.811,45.958
4.197,2.43,8.696,8.696,111.937,58398.185,7428.293,116.066,-19.653,48.206,-5.906,284.376,45.885
4.197,2.43,8.715,8.715,111.819,58622.774,7411.801,115.959,-19.616,48.171,-5.911,283.917,45.813
4.197,2.43,8.741,8.741,111.654,58761.964,7401.63,115.876,-19.5,48.188,-5.942,283.807,45.74
4.197,2.43,8.761,8.761,111.529,58974.863,7386.146,115.769,-19.455,48.157,-5.951,283.378,45.668
4.197,2.43,8.78,8.78,111.408,59193.185,7370.359,115.663,-19.415,48.124,-5.957,282.933,45.597
4.197,2.43,8.799,8.799,111.287,59408.718,7354.864,115.559,-19.372,48.093,-5.965,282.506,45.526
4.197,2.43,8.819,8.819,111.165,59621.931,7339.623,115.456,-19.327,48.064,-5.974,282.093,45.455
4.197,2.43,8.845,8.845,111.001,59753.695,7330.247,115.375,-19.209,48.083,-6.006,282.001,45.384
4.197,2.43,8.863,8.863,110.889,59986.605,7313.753,115.264,-19.185,48.04,-6.008,281.486,45.314
4.197,2.43,8.882,8.882,110.77,60202.784,7298.535,115.16,-19.145,48.007,-6.015,281.052,45.245
4.197,2.43,8.901,8.901,110.652,60417.198,7283.525,115.057,-19.103,47.977,-6.023,280.632,45.175
4.197,2.43,8.919,8.919,110.538,60639.009,7268.086,114.954,-19.068,47.943,-6.029,280.191,45.106
4.197,2.43,8.944,8.944,110.386,60784.286,7258.022,114.873,-18.965,47.954,-6.057,280.049,45.038
4.197,2.43,8.964,8.964,110.259,60980.135,7244.515,114.775,-18.909,47.933,-6.07,279.693,44.969
4.197,2.43,8.983,8.983,110.144,61198.001,7229.57,114.672,-18.873,47.9,-6.076,279.254,44.901
4.197,2.43,9.002,9.002,110.027,61411.007,7215.04,114.572,-18.831,47.87,-6.084,278.844,44.833
4.197,2.43,9.02,9.02,109.917,61633.73,7199.931,114.47,-18.799,47.836,-6.089,278.404,44.766
4.197,2.43,9.045,9.045,109.76,61760.087,7191.398,114.397,-18.683,47.857,-6.123,278.335,44.699
4.197,2.43,9.064,9.064,109.645,61975.835,7176.891,114.295,-18.646,47.825,-6.13,277.904,44.633
4.197,2.43,9.083,9.083,109.531,62190.191,7162.557,114.195,-18.607,47.794,-6.137,277.488,44.566
4.197,2.43,9.101,9.101,109.419,62406.461,7148.173,114.096,-18.57,47.763,-6.144,277.072,44.5
4.197,2.43,9.119,9.119,109.305,62616.76,7134.262,114.0,-18.528,47.736,-6.153,276.686,44.434
4.197,2.43,9.138,9.138,109.193,62827.408,7120.402,113.905,-18.486,47.71,-6.162,276.305,44.369
4.197,2.43,9.164,9.164,109.04,62951.197,7112.291,113.835,-18.371,47.732,-6.196,276.245,44.305
4.197,2.43,9.181,9.181,108.935,63181.591,7097.261,113.732,-18.348,47.692,-6.199,275.771,44.24
4.197,2.43,9.199,9.199,108.825,63395.945,7083.356,113.635,-18.31,47.663,-6.206,275.37,44.175
4.197,2.43,9.217,9.217,108.715,63608.849,7069.618,113.541,-18.271,47.635,-6.214,274.983,44.111
4.197,2.43,9.235,9.235,108.604,63818.077,7056.188,113.449,-18.228,47.611,-6.224,274.616,44.048
4.197,2.43,9.26,9.26,108.456,63943.918,7048.144,113.381,-18.117,47.632,-6.258,274.553,43.985
4.197,2.43,9.277,9.277,108.354,64176.234,7033.359,113.28,-18.095,47.592,-6.26,274.087,43.922
4.197,2.43,9.295,9.295,108.246,64390.721,7019.783,113.186,-18.057,47.564,-6.268,273.7,43.859
4.197,2.43,9.312,9.312,108.14,64607.27,7006.149,113.094,-18.021,47.536,-6.276,273.313,43.796
4.197,2.43,9.33,9.33,108.034,64821.575,6992.727,113.003,-17.983,47.51,-6.284,272.941,43.734
4.197,2.43,9.349,9.349,107.92,65017.129,6980.541,112.919,-17.93,47.495,-6.298,272.64,43.673
4.197,2.43,9.373,9.373,107.782,65153.207,6972.095,112.851,-17.83,47.51,-6.329,272.544,43.613
4.197,2.43,9.389,9.389,107.683,65386.216,6957.698,112.752,-17.809,47.472,-6.331,272.09,43.551
4.197,2.43,9.407,9.407,107.578,65601.28,6944.481,112.661,-17.773,47.444,-6.339,271.71,43.49
4.197,2.43,9.424,9.424,107.475,65817.468,6931.263,112.571,-17.738,47.416,-6.346,271.33,43.429
4.197,2.43,9.441,9.441,107.372,66032.65,6918.176,112.482,-17.703,47.389,-6.354,270.958,43.369
4.197,2.43,9.46,9.46,107.261,66224.674,6906.553,112.4,-17.65,47.375,-6.368,270.668,43.309
4.197,2.43,9.483,9.483,107.128,66360.768,6898.348,112.333,-17.555,47.389,-6.399,270.564,43.251
4.197,2.43,9.499,9.499,107.032,66593.03,6884.406,112.235,-17.536,47.35,-6.4,270.111,43.191
4.197,2.43,9.516,9.516,106.93,66806.375,6871.667,112.145,-17.502,47.322,-6.407,269.731,43.132
4.197,2.43,9.533,9.533,106.83,67021.106,6858.91,112.056,-17.47,47.293,-6.414,269.35,43.073
4.197,2.43,9.55,9.55,106.729,67231.754,6846.458,111.969,-17.435,47.267,-6.422,268.988,43.014
4.197,2.43,9.567,9.567,106.627,67435.493,6834.473,111.884,-17.396,47.244,-6.432,268.651,42.956
4.197,2.43,9.591,9.591,106.493,67555.34,6827.449,111.824,-17.294,47.265,-6.466,268.596,42.901
4.197,2.43,9.607,9.607,106.399,67783.209,6814.15,111.729,-17.274,47.228,-6.468,268.158,42.843
4.197,2.43,9.623,9.623,106.299,67992.981,6801.969,111.642,-17.241,47.2,-6.475,267.791,42.786
4.197,2.43,9.64,9.64,106.202,68205.551,6789.685,111.556,-17.21,47.173,-6.482,267.422,42.729
4.197,2.43,9.656,9.656,106.104,68410.654,6777.891,111.472,-17.174,47.149,-6.491,267.083,42.672
4.197,2.43,9.672,9.672,106.011,68629.264,6765.381,111.387,-17.147,47.12,-6.496,266.705,42.616
4.197,2.43,9.695,9.695,105.884,68751.442,6758.416,111.33,-17.05,47.14,-6.529,266.65,42.563
4.197,2.43,9.713,9.713,105.782,68947.26,6747.295,111.248,-17.008,47.12,-6.541,266.336,42.507
4.197,2.43,9.729,9.729,105.688,69161.868,6735.164,111.163,-16.98,47.091,-6.547,265.965,42.451
4.197,2.43,9.745,9.745,105.594,69371.903,6723.348,111.08,-16.948,47.066,-6.554,265.617,42.396
4.197,2.43,9.761,9.761,105.499,69578.967,6711.755,111.0,-16.913,47.043,-6.563,265.287,42.342
4.197,2.43,9.777,9.777,105.407,69789.894,6700.002,110.919,-16.882,47.019,-6.57,264.949,42.287
4.197,2.43,9.795,9.795,105.306,69972.214,6689.888,110.848,-16.83,47.009,-6.586,264.708,42.234
4.197,2.43,9.817,9.817,105.184,70097.654,6682.953,110.793,-16.738,47.027,-6.619,264.646,42.183
4.197,2.43,9.832,9.832,105.097,70324.66,6670.453,110.706,-16.719,46.993,-6.621,264.243,42.128
4.197,2.43,9.848,9.848,105.004,70531.774,6659.104,110.626,-16.687,46.97,-6.63,263.912,42.075
4.197,2.43,9.863,9.863,104.913,70742.386,6647.617,110.546,-16.656,46.945,-6.637,263.574,42.021
4.197,2.43,9.879,9.879,104.821,70945.781,6636.575,110.47,-16.622,46.924,-6.646,263.263,41.969
4.197,2.43,9.894,9.894,104.735,71163.956,6624.786,110.39,-16.597,46.896,-6.651,262.908,41.916
4.197,2.43,9.915,9.915,104.623,71300.371,6617.444,110.334,-16.517,46.908,-6.68,262.812,41.866
4.197,2.43,9.933,9.933,104.52,71467.628,6608.472,110.266,-16.459,46.904,-6.699,262.605,41.816
4.197,2.43,9.948,9.948,104.434,71688.722,6596.663,110.182,-16.439,46.872,-6.702,262.221,41.763
4.197,2.43,9.963,9.963,104.345,71894.87,6585.703,110.104,-16.41,46.847,-6.71,261.891,41.712
4.197,2.43,9.978,9.978,104.258,72102.291,6574.726,110.027,-16.381,46.823,-6.717,261.559,41.66
4.197,2.43,9.994,9.994,104.169,72303.044,6564.15,109.952,-16.349,46.801,-6.725,261.249,41.61
4.197,2.43,10.008,10.008,104.086,72516.438,6552.958,109.874,-16.326,46.774,-6.73,260.902,41.559
4.197,2.43,10.03,10.03,103.973,72633.63,6546.833,109.824,-16.239,46.793,-6.763,260.854,41.512
4.197,2.43,10.047,10.047,103.879,72816.269,6537.32,109.752,-16.197,46.778,-6.776,260.587,41.463
4.197,2.43,10.061,10.061,103.796,73029.645,6526.253,109.672,-16.176,46.748,-6.78,260.225,41.413
4.197,2.43,10.076,10.076,103.71,73232.058,6515.802,109.597,-16.147,46.725,-6.787,259.904,41.363
4.197,2.43,10.091,10.091,103.626,73433.772,6505.432,109.522,-16.119,46.702,-6.795,259.589,41.314
4.197,2.43,10.105,10.105,103.542,73633.887,6495.189,109.45,-16.09,46.68,-6.802,259.283,41.266
4.197,2.43,10.12,10.12,103.457,73828.071,6485.291,109.38,-16.057,46.661,-6.812,258.998,41.218
4.197,2.43,10.134,10.134,103.378,74037.399,6474.667,109.306,-16.035,46.636,-6.817,258.671,41.169
4.197,2.43,10.154,10.154,103.275,74165.144,6468.207,109.257,-15.959,46.649,-6.846,258.593,41.124
4.197,2.43,10.173,10.173,103.178,74316.269,6460.588,109.199,-15.9,46.649,-6.868,258.432,41.079
4.197,2.43,10.186,10.186,103.1,74532.019,6449.752,109.121,-15.883,46.619,-6.87,258.073,41.03
4.197,2.43,10.201,10.201,103.017,74728.622,6439.921,109.051,-15.853,46.599,-6.879,257.781,40.983
4.197,2.43,10.215,10.215,102.937,74927.455,6430.02,108.981,-15.825,46.578,-6.887,257.487,40.936
4.197,2.43,10.229,10.229,102.856,75124.193,6420.264,108.913,-15.796,46.558,-6.895,257.203,40.89
4.197,2.43,10.244,10.244,102.776,75317.016,6410.741,108.847,-15.764,46.541,-6.905,256.935,40.844
4.197,2.43,10.257,10.257,102.698,75516.431,6400.933,108.779,-15.737,46.521,-6.912,256.65,40.798
4.197,2.43,10.273,10.273,102.615,75697.136,6392.081,108.718,-15.699,46.51,-6.925,256.423,40.753
4.197,2.43,10.294,10.294,102.51,75799.085,6387.101,108.679,-15.61,46.535,-6.962,256.424,40.711
4.197,2.43,10.308,10.308,102.432,76001.745,6377.234,108.608,-15.586,46.511,-6.968,256.115,40.666
4.197,2.43,10.321,10.321,102.355,76202.488,6367.5,108.539,-15.562,46.489,-6.975,255.817,40.62
4.197,2.43,10.335,10.335,102.277,76399.13,6358.005,108.472,-15.535,46.469,-6.983,255.534,40.575
4.197,2.43,10.349,10.349,102.201,76594.764,6348.597,108.406,-15.507,46.449,-6.991,255.257,40.531
4.197,2.43,10.363,10.363,102.124,76789.407,6339.274,108.341,-15.48,46.431,-6.999,254.985,40.487
4.197,2.43,10.377,10.377,102.047,76978.221,6330.266,108.279,-15.449,46.415,-7.009,254.731,40.443
4.197,2.43,10.389,10.389,101.975,77181.419,6320.61,108.212,-15.428,46.392,-7.014,254.437,40.399
4.197,2.43,10.406,10.406,101.89,77333.913,6313.39,108.161,-15.376,46.392,-7.034,254.29,40.357
4.197,2.43,10.426,10.426,101.793,77445.403,6308.126,108.12,-15.299,46.41,-7.067,254.25,40.317
4.197,2.43,10.438,10.438,101.721,77655.254,6298.249,108.048,-15.284,46.382,-7.069,253.918,40.273
4.197,2.43,10.452,10.452,101.647,77849.23,6289.157,107.983,-15.26,46.361,-7.076,253.636,40.23
4.197,2.43,10.465,10.465,101.573,78042.548,6280.132,107.918,-15.235,46.341,-7.083,253.358,40.188
4.197,2.43,10.478,10.478,101.5,78233.759,6271.239,107.854,-15.21,46.322,-7.091,253.088,40.146
4.197,2.43,10.491,10.491,101.428,78423.841,6262.433,107.792,-15.185,46.303,-7.098,252.823,40.104
4.197,2.43,10.505,10.505,101.355,78607.855,6253.94,107.732,-15.157,46.287,-7.108,252.576,40.062
4.197,2.43,10.517,10.517,101.286,78804.411,6244.903,107.668,-15.136,46.266,-7.113,252.295,40.02
4.197,2.43,10.532,10.532,101.209,78966.049,6237.498,107.615,-15.096,46.26,-7.129,252.114,39.98
4.197,2.43,10.552,10.552,101.115,79063.108,6233.063,107.58,-15.017,46.282,-7.164,252.106,39.944
4.197,2.43,10.565,10.565,101.044,79255.619,6224.292,107.515,-14.996,46.26,-7.17,251.819,39.903
4.197,2.43,10.577,10.577,100.974,79449.982,6215.47,107.451,-14.976,46.237,-7.175,251.532,39.862
4.197,2.43,10.59,10.59,100.904,79635.667,6207.075,107.389,-14.952,46.219,-7.182,251.272,39.821
4.197,2.43,10.603,10.603,100.835,79821.986,6198.681,107.329,-14.929,46.2,-7.189,251.012,39.781
4.197,2.43,10.615,10.615,100.766,80005.979,6190.422,107.27,-14.904,46.183,-7.197,250.762,39.741
4.197,2.43,10.628,10.628,100.697,80187.212,6182.317,107.212,-14.879,46.167,-7.206,250.52,39.702
4.197,2.43,10.641,10.641,100.629,80366.289,6174.337,107.156,-14.853,46.152,-7.215,250.287,39.663
4.197,2.43,10.653,10.653,100.565,80558.367,6165.808,107.096,-14.834,46.131,-7.22,250.019,39.624
4.197,2.43,10.67,10.67,100.483,80677.718,6160.524,107.057,-14.774,46.142,-7.246,249.95,39.588
4.197,2.43,10.688,10.688,100.399,80792.231,6155.467,107.018,-14.711,46.153,-7.275,249.884,39.553
4.197,2.43,10.699,10.699,100.335,80991.914,6146.675,106.953,-14.699,46.127,-7.276,249.579,39.513
4.197,2.43,10.711,10.711,100.269,81174.673,6138.658,106.895,-14.677,46.109,-7.283,249.326,39.475
4.197,2.43,10.724,10.724,100.203,81355.229,6130.765,106.837,-14.654,46.092,-7.291,249.082,39.437
4.197,2.43,10.736,10.736,100.137,81535.228,6122.924,106.781,-14.631,46.075,-7.298,248.842,39.399
4.197,2.43,10.748,10.748,100.072,81713.399,6115.19,106.726,-14.607,46.059,-7.306,248.609,39.362
4.197,2.43,10.76,10.76,100.008,81888.976,6107.595,106.672,-14.583,46.045,-7.315,248.385,39.325
4.197,2.43,10.773,10.773,99.943,82061.851,6100.141,106.62,-14.557,46.032,-7.324,248.17,39.288
4.197,2.43,10.784,10.784,99.883,82249.473,6092.08,106.564,-14.54,46.012,-7.329,247.917,39.251
4.197,2.43,10.799,10.799,99.809,82379.041,6086.53,106.525,-14.49,46.017,-7.352,247.82,39.217
4.197,2.43,10.817,10.817,99.727,82474.509,6082.449,106.493,-14.421,46.036,-7.385,247.805,39.185
4.197,2.43,10.829,10.829,99.664,82659.392,6074.568,106.435,-14.403,46.016,-7.39,247.545,39.148
4.197,2.43,10.84,10.84,99.603,82844.098,6066.722,106.378,-14.386,45.996,-7.394,247.289,39.111
4.197,2.43,10.852,10.852,99.54,83018.172,6059.352,106.325,-14.363,45.981,-7.403,247.065,39.076
4.197,2.43,10.864,10.864,99.479,83194.684,6051.905,106.272,-14.342,45.965,-7.41,246.837,39.04
4.197,2.43,10.875,10.875,99.417,83368.255,6044.606,106.22,-14.319,45.951,-7.418,246.62,39.005
4.197,2.43,10.887,10.887,99.356,83540.225,6037.398,106.17,-14.296,45.937,-7.427,246.408,38.97
4.197,2.43,10.898,10.898,99.296,83712.227,6030.211,106.12,-14.273,45.924,-7.435,246.198,38.935
4.197,2.43,10.91,10.91,99.236,83880.724,6023.194,106.071,-14.248,45.912,-7.445,245.999,38.901
4.197,2.43,10.922,10.922,99.176,84048.385,6016.234,106.023,-14.223,45.9,-7.454,245.803,38.867
4.197,2.43,10.932,10.932,99.119,84230.353,6008.705,105.971,-14.206,45.883,-7.459,245.571,38.832
4.197,2.43,10.947,10.947,99.052,84359.484,6003.377,105.935,-14.161,45.887,-7.481,245.478,38.8
4.197,2.43,10.964,10.964,98.974,84447.082,5999.77,105.909,-14.093,45.908,-7.515,245.483,38.77
4.197,2.43,10.976,10.976,98.914,84617.984,5992.751,105.857,-14.071,45.893,-7.523,245.266,38.736
4.197,2.43,10.986,10.986,98.857,84802.891,5985.181,105.803,-14.057,45.873,-7.527,245.014,38.702
4.197,2.43,10.997,10.997,98.798,84971.875,5978.286,105.754,-14.035,45.859,-7.535,244.808,38.668
4.197,2.43,11.008,11.008,98.741,85143.789,5971.293,105.704,-14.015,45.844,-7.542,244.595,38.635
4.197,2.43,11.019,11.019,98.684,85313.682,5964.405,105.656,-13.994,45.831,-7.55,244.389,38.602
4.197,2.43,11.03,11.03,98.627,85481.346,5957.628,105.608,-13.972,45.818,-7.558,244.19,38.569
4.197,2.43,11.041,11.041,98.57,85648.536,5950.891,105.561,-13.951,45.805,-7.567,243.992,38.537
4.197,2.43,11.052,11.052,98.514,85814.893,5944.209,105.515,-13.929,45.793,-7.575,243.798,38.505
4.197,2.43,11.063,11.063,98.458,85975.939,5937.759,105.47,-13.905,45.783,-7.585,243.617,38.473
4.197,2.43,11.073,11.073,98.404,86145.314,5930.996,105.424,-13.886,45.769,-7.592,243.415,38.441
4.197,2.43,11.084,11.084,98.35,86314.645,5924.256,105.377,-13.868,45.755,-7.599,243.215,38.409
4.197,2.43,11.099,11.099,98.282,86414.874,5920.276,105.35,-13.812,45.769,-7.627,243.186,38.38
4.197,2.43,11.115,11.115,98.212,86513.489,5916.367,105.321,-13.757,45.782,-7.656,243.151,38.352
4.197,2.43,11.125,11.125,98.159,86691.51,5909.329,105.269,-13.744,45.763,-7.659,242.91,38.32
4.197,2.43,11.135,11.135,98.106,86866.231,5902.444,105.219,-13.73,45.745,-7.663,242.681,38.288
4.197,2.43,11.145,11.145,98.051,87029.002,5896.049,105.173,-13.71,45.731,-7.671,242.484,38.257
4.197,2.43,11.155,11.155,97.998,87194.378,5889.571,105.126,-13.692,45.717,-7.678,242.281,38.226
4.197,2.43,11.166,11.166,97.945,87357.487,5883.201,105.081,-13.673,45.704,-7.685,242.084,38.196
4.197,2.43,11.176,11.176,97.892,87518.144,5876.945,105.036,-13.654,45.691,-7.693,241.894,38.165
4.197,2.43,11.186,11.186,97.84,87677.862,5870.744,104.992,-13.634,45.679,-7.701,241.707,38.135
4.197,2.43,11.197,11.197,97.788,87837.094,5864.579,104.949,-13.615,45.667,-7.708,241.522,38.105
4.197,2.43,11.207,11.207,97.736,87991.769,5858.608,104.907,-13.594,45.656,-7.717,241.347,38.076
4.197,2.43,11.217,11.217,97.684,88146.876,5852.636,104.865,-13.573,45.646,-7.726,241.172,38.047
4.197,2.43,11.227,11.227,97.636,88315.12,5846.177,104.82,-13.56,45.63,-7.73,240.965,38.017
4.197,2.43,11.238,11.238,97.582,88448.663,5841.065,104.784,-13.529,45.628,-7.745,240.844,37.989
4.197,2.43,11.254,11.254,97.515,88525.148,5838.142,104.764,-13.469,45.647,-7.778,240.857,37.964
4.197,2.43,11.267,11.267,97.456,88645.939,5833.534,104.729,-13.432,45.648,-7.797,240.752,37.937
4.197,2.43,11.276,11.276,97.408,88822.123,5826.831,104.679,-13.424,45.627,-7.798,240.51,37.907
4.197,2.43,11.285,11.285,97.359,88982.843,5820.735,104.634,-13.409,45.612,-7.803,240.311,37.878
4.197,2.43,11.295,11.295,97.309,89136.731,5814.914,104.592,-13.391,45.601,-7.811,240.13,37.849
4.197,2.43,11.305,11.305,97.26,89292.849,5809.025,104.549,-13.374,45.588,-7.817,239.944,37.821
4.197,2.43,11.315,11.315,97.211,89446.736,5803.235,104.508,-13.356,45.576,-7.825,239.766,37.793
4.197,2.43,11.325,11.325,97.162,89598.619,5797.537,104.467,-13.338,45.565,-7.833,239.594,37.765
4.197,2.43,11.334,11.334,97.114,89749.494,5791.892,104.428,-13.319,45.554,-7.841,239.425,37.738
4.197,2.43,11.344,11.344,97.066,89898.969,5786.314,104.389,-13.3,45.544,-7.849,239.261,37.71
4.197,2.43,11.354,11.354,97.019,90047.711,5780.777,104.35,-13.281,45.535,-7.857,239.099,37.683
4.197,2.43,11.363,11.363,96.972,90196.324,5775.26,104.312,-13.262,45.525,-7.866,238.938,37.656
4.197,2.43,11.373,11.373,96.924,90341.4,5769.888,104.275,-13.242,45.517,-7.875,238.786,37.629
4.197,2.43,11.383,11.383,96.877,90485.198,5764.577,104.239,-13.221,45.509,-7.884,238.638,37.603
4.197,2.43,11.391,11.391,96.833,90641.357,5758.824,104.199,-13.207,45.496,-7.89,238.46,37.576
4.197,2.43,11.401,11.401,96.787,90786.028,5753.508,104.163,-13.187,45.488,-7.899,238.312,37.55
4.197,2.43,11.415,11.415,96.73,90873.406,5750.304,104.142,-13.139,45.502,-7.926,238.297,37.526
4.197,2.43,11.429,11.429,96.67,90952.923,5747.393,104.122,-13.086,45.518,-7.956,238.293,37.503
4.197,2.43,11.439,11.439,96.623,91099.713,5742.028,104.082,-13.068,45.507,-7.964,238.124,37.477
4.197,2.43,11.447,11.447,96.579,91265.725,5735.978,104.038,-13.06,45.489,-7.966,237.913,37.45
4.197,2.43,11.456,11.456,96.534,91414.131,5730.584,103.999,-13.044,45.478,-7.973,237.746,37.424
4.197,2.43,11.465,11.465,96.488,91560.783,5725.268,103.961,-13.027,45.467,-7.981,237.585,37.398
4.197,2.43,11.474,11.474,96.444,91709.079,5719.905,103.924,-13.011,45.457,-7.988,237.42,37.372
4.197,2.43,11.483,11.483,96.4,91855.246,5714.633,103.887,-12.994,45.446,-7.995,237.262,37.347
4.197,2.43,11.492,11.492,96.356,91999.756,5709.433,103.851,-12.977,45.437,-8.003,237.109,37.322
4.197,2.43,11.501,11.501,96.312,92143.469,5704.275,103.815,-12.959,45.428,-8.011,236.957,37.297
4.197,2.43,11.51,11.51,96.269,92286.024,5699.171,103.78,-12.942,45.419,-8.019,236.809,37.272
4.197,2.43,11.519,11.519,96.225,92427.72,5694.111,103.745,-12.924,45.411,-8.027,236.663,37.247
4.197,2.43,11.527,11.527,96.183,92569.498,5689.059,103.71,-12.907,45.402,-8.035,236.517,37.222
4.197,2.43,11.536,11.536,96.14,92709.485,5684.084,103.677,-12.889,45.394,-8.044,236.376,37.198
4.197,2.43,11.545,11.545,96.097,92845.515,5679.26,103.644,-12.869,45.387,-8.053,236.243,37.174
4.197,2.43,11.554,11.554,96.055,92986.652,5674.267,103.61,-12.853,45.378,-8.061,236.097,37.15
4.197,2.43,11.562,11.562,96.016,93137.39,5668.947,103.573,-12.841,45.366,-8.066,235.931,37.125
4.197,2.43,11.571,11.571,95.971,93260.157,5664.625,103.545,-12.817,45.364,-8.079,235.828,37.102
4.197,2.43,11.585,11.585,95.918,93332.414,5662.085,103.529,-12.767,45.381,-8.109,235.838,37.082
4.197,2.43,11.598,11.598,95.865,93416.339,5659.139,103.508,-12.724,45.392,-8.135,235.812,37.06
4.197,2.43,11.606,11.606,95.823,93561.982,5654.036,103.47,-12.711,45.379,-8.14,235.64,37.036
4.197,2.43,11.613,11.613,95.784,93719.353,5648.537,103.429,-12.705,45.362,-8.141,235.444,37.012
4.197,2.43,11.622,11.622,95.742,93860.195,5643.628,103.393,-12.69,45.351,-8.147,235.288,36.988
4.197,2.43,11.63,11.63,95.701,93998.346,5638.823,103.359,-12.675,45.342,-8.154,235.139,36.965
4.197,2.43,11.638,11.638,95.661,94138.198,5633.971,103.324,-12.661,45.331,-8.161,234.986,36.941
4.197,2.43,11.646,11.646,95.621,94276.331,5629.19,103.29,-12.647,45.322,-8.167,234.837,36.918
4.197,2.43,11.655,11.655,95.582,94412.319,5624.493,103.257,-12.632,45.312,-8.174,234.693,36.895
4.197,2.43,11.663,11.663,95.542,94547.206,5619.845,103.224,-12.617,45.304,-8.182,234.553,36.873
4.197,2.43,11.671,11.671,95.503,94681.022,5615.245,103.192,-12.601,45.295,-8.189,234.414,36.85
4.197,2.43,11.679,11.679,95.464,94813.514,5610.7,103.16,-12.586,45.287,-8.197,234.279,36.828
4.197,2.43,11.687,11.687,95.425,94945.309,5606.189,103.129,-12.57,45.279,-8.204,234.145,36.806
4.197,2.43,11.695,11.695,95.387,95076.935,5601.693,103.097,-12.555,45.271,-8.212,234.011,36.784
4.197,2.43,11.704,11.704,95.349,95206.443,5597.28,103.067,-12.539,45.264,-8.22,233.882,36.762
4.197,2.43,11.712,11.712,95.31,95332.285,5593.0,103.037,-12.522,45.258,-8.229,233.761,36.741
4.197,2.43,11.72,11.72,95.272,95461.425,5588.618,103.007,-12.506,45.25,-8.236,233.632,36.719
4.197,2.43,11.727,11.727,95.237,95600.523,5583.908,102.974,-12.496,45.239,-8.241,233.481,36.697
4.197,2.43,11.735,11.735,95.2,95726.831,5579.641,102.945,-12.48,45.233,-8.249,233.36,36.676
4.197,2.43,11.746,11.746,95.155,95810.04,5576.834,102.927,-12.444,45.242,-8.271,233.332,36.657
4.197,2.43,11.759,11.759,95.106,95871.629,5574.759,102.914,-12.398,45.258,-8.301,233.346,36.639
4.197,2.43,11.769,11.769,95.062,95971.357,5571.404,102.889,-12.37,45.26,-8.318,233.269,36.619
4.197,2.43,11.776,11.776,95.026,96115.433,5566.567,102.852,-12.363,45.245,-8.319,233.092,36.597
4.197,2.43,11.783,11.783,94.991,96257.587,5561.805,102.817,-12.356,45.23,-8.321,232.923,36.575
4.197,2.43,11.791,11.791,94.954,96386.202,5557.507,102.785,-12.342,45.221,-8.328,232.786,36.554
4.197,2.43,11.799,11.799,94.918,96512.877,5553.282,102.755,-12.329,45.213,-8.335,232.653,36.534
4.197,2.43,11.806,11.806,94.882,96641.086,5549.015,102.724,-12.316,45.204,-8.341,232.519,36.513
4.197,2.43,11.814,11.814,94.846,96768.193,5544.793,102.694,-12.303,45.196,-8.347,232.387,36.493
4.197,2.43,11.821,11.821,94.811,96893.251,5540.648,102.665,-12.289,45.188,-8.354,232.261,36.472
4.197,2.43,11.829,11.829,94.775,97017.052,5536.553,102.636,-12.275,45.181,-8.362,232.138,36.452
4.197,2.43,11.836,11.836,94.74,97140.091,5532.491,102.608,-12.26,45.174,-8.369,232.017,36.432
4.197,2.43,11.844,11.844,94.706,97262.351,5528.463,102.58,-12.246,45.167,-8.377,231.898,36.412
4.197,2.43,11.851,11.851,94.671,97383.776,5524.47,102.553,-12.232,45.161,-8.384,231.781,36.393
4.197,2.43,11.859,11.859,94.637,97504.322,5520.514,102.526,-12.217,45.154,-8.392,231.667,36.373
4.197,2.43,11.866,11.866,94.603,97624.023,5516.594,102.499,-12.202,45.148,-8.4,231.554,36.354
4.197,2.43,11.874,11.874,94.569,97743.347,5512.693,102.473,-12.188,45.142,-8.408,231.442,36.334
4.197,2.43,11.881,11.881,94.535,97862.768,5508.797,102.446,-12.173,45.136,-8.416,231.33,36.315
4.197,2.43,11.888,11.888,94.502,97981.305,5504.937,102.42,-12.159,45.131,-8.423,231.221,36.296
4.197,2.43,11.896,11.896,94.468,98097.074,5501.174,102.395,-12.143,45.126,-8.432,231.117,36.277
4.197,2.43,11.903,11.903,94.434,98211.621,5497.458,102.37,-12.127,45.121,-8.441,231.015,36.259
4.197,2.43,11.91,11.91,94.402,98331.903,5493.563,102.344,-12.114,45.115,-8.448,230.902,36.24
4.197,2.43,11.917,11.917,94.371,98459.414,5489.442,102.316,-12.105,45.105,-8.452,230.773,36.22
4.197,2.43,11.924,11.924,94.338,98573.055,5485.777,102.292,-12.089,45.101,-8.461,230.675,36.202
4.197,2.43,11.934,11.934,94.299,98651.0,5483.267,102.276,-12.057,45.109,-8.482,230.651,36.185
4.197,2.43,11.945,11.945,94.256,98706.86,5481.47,102.266,-12.016,45.125,-8.511,230.67,36.17
4.197,2.43,11.955,11.955,94.216,98785.311,5478.949,102.248,-11.984,45.132,-8.532,230.634,36.153
4.197,2.43,11.962,11.962,94.182,98909.248,5474.972,102.218,-11.974,45.122,-8.537,230.499,36.134
4.197,2.43,11.968,11.968,94.152,99046.095,5470.591,102.185,-11.97,45.108,-8.537,230.339,36.114
4.197,2.43,11.975,11.975,94.12,99170.359,5466.621,102.157,-11.96,45.098,-8.541,230.208,36.096
4.197,2.43,11.982,11.982,94.088,99287.234,5462.894,102.13,-11.947,45.091,-8.548,230.093,36.077
4.197,2.43,11.988,11.988,94.056,99404.527,5459.16,102.104,-11.935,45.084,-8.555,229.978,36.059
4.197,2.43,11.995,11.995,94.025,99522.758,5455.404,102.077,-11.924,45.077,-8.561,229.862,36.041
4.197,2.43,12.002,12.002,93.994,99639.877,5451.69,102.051,-11.912,45.07,-8.567,229.748,36.023
4.197,2.43,12.008,12.008,93.963,99755.247,5448.038,102.026,-11.9,45.063,-8.574,229.639,36.005
4.197,2.43,12.015,12.015,93.932,99869.479,5444.429,102.001,-11.887,45.057,-8.581,229.532,35.988
4.197,2.43,12.022,12.022,93.901,99983.032,5440.848,101.977,-11.874,45.051,-8.588,229.427,35.97
4.197,2.43,12.028,12.028,93.871,100095.933,5437.293,101.953,-11.862,45.045,-8.595,229.323,35.953
4.197,2.43,12.035,12.035,93.841,100208.134,5433.767,101.929,-11.849,45.04,-8.602,229.22,35.936
4.197,2.43,12.042,12.042,93.811,100319.59,5430.271,101.905,-11.836,45.034,-8.609,229.119,35.918
4.197,2.43,12.048,12.048,93.781,100430.264,5426.805,101.882,-11.824,45.029,-8.617,229.02,35.901
4.197,2.43,12.055,12.055,93.751,100540.238,5423.367,101.858,-11.811,45.024,-8.624,228.921,35.884
4.197,2.43,12.061,12.061,93.722,100649.903,5419.944,101.835,-11.798,45.019,-8.632,228.824,35.868
4.197,2.43,12.068,12.068,93.692,100759.595,5416.527,101.812,-11.785,45.013,-8.639,228.726,35.851
4.197,2.43,12.074,12.074,93.663,100868.611,5413.136,101.79,-11.773,45.008,-8.646,228.629,35.834
4.197,2.43,12.081,12.081,93.634,100975.527,5409.817,101.767,-11.76,45.004,-8.654,228.536,35.818
4.197,2.43,12.087,12.087,93.605,101080.181,5406.573,101.746,-11.746,45.0,-8.662,228.447,35.801
4.197,2.43,12.094,12.094,93.576,101186.984,5403.268,101.724,-11.733,44.995,-8.67,228.353,35.785
4.197,2.43,12.1,12.1,93.548,101300.758,5399.753,101.7,-11.724,44.988,-8.675,228.245,35.768
4.197,2.43,12.105,12.105,93.522,101415.873,5396.203,101.676,-11.715,44.98,-8.679,228.134,35.752
4.197,2.43,12.112,12.112,93.492,101514.436,5393.169,101.656,-11.699,44.978,-8.689,228.058,35.736
4.197,2.43,12.121,12.121,93.458,101582.51,5391.076,101.644,-11.671,44.987,-8.709,228.043,35.722
4.197,2.43,12.132,12.132,93.421,101633.332,5389.514,101.634,-11.634,45.0,-8.736,228.058,35.708
4.197,2.43,12.141,12.141,93.385,101699.361,5387.488,101.62,-11.604,45.008,-8.757,228.036,35.694
4.197,2.43,12.148,12.148,93.354,101804.722,5384.259,101.596,-11.592,45.002,-8.764,227.93,35.678
4.197,2.43,12.153,12.153,93.328,101929.575,5380.439,101.567,-11.589,44.989,-8.764,227.785,35.661
4.197,2.43,12.158,12.158,93.301,102048.523,5376.806,101.539,-11.584,44.978,-8.765,227.655,35.644
4.197,2.43,12.164,12.164,93.273,102157.088,5373.497,101.515,-11.575,44.97,-8.771,227.547,35.628
4.197,2.43,12.17,12.17,93.246,102262.069,5370.302,101.492,-11.564,44.964,-8.777,227.447,35.613
4.197,2.43,12.176,12.176,93.218,102367.933,5367.086,101.47,-11.553,44.958,-8.783,227.345,35.597
4.197,2.43,12.182,12.182,93.191,102474.106,5363.865,101.447,-11.544,44.951,-8.788,227.243,35.581
4.197,2.43,12.188,12.188,93.164,102579.187,5360.683,101.424,-11.534,44.945,-8.794,227.143,35.566
4.197,2.43,12.194,12.194,93.138,102682.629,5357.555,101.402,-11.523,44.94,-8.8,227.047,35.551
4.197,2.43,12.2,12.2,93.111,102784.858,5354.469,101.381,-11.512,44.934,-8.806,226.954,35.536
4.197,2.43,12.206,12.206,93.085,102886.289,5351.411,101.36,-11.502,44.929,-8.813,226.862,35.52
4.197,2.43,12.212,12.212,93.059,102987.082,5348.378,101.339,-11.491,44.924,-8.819,226.771,35.506
4.197,2.43,12.218,12.218,93.033,103087.219,5345.369,101.318,-11.48,44.919,-8.826,226.682,35.491
4.197,2.43,12.224,12.224,93.007,103186.68,5342.385,101.298,-11.469,44.915,-8.832,226.594,35.476
4.197,2.43,12.229,12.229,92.981,103285.451,5339.426,101.278,-11.458,44.91,-8.839,226.507,35.461
4.197,2.43,12.235,12.235,92.955,103383.52,5336.493,101.258,-11.447,44.906,-8.846,226.422,35.447
4.197,2.43,12.241,12.241,92.93,103480.909,5333.584,101.238,-11.435,44.901,-8.853,226.338,35.432
4.197,2.43,12.247,12.247,92.905,103577.847,5330.693,101.219,-11.424,44.897,-8.86,226.255,35.418
4.197,2.43,12.253,12.253,92.88,103674.614,5327.812,101.199,-11.413,44.893,-8.867,226.171,35.404
4.197,2.43,12.258,12.258,92.855,103771.309,5324.936,101.18,-11.402,44.889,-8.874,226.088,35.389
4.197,2.43,12.264,12.264,92.83,103867.22,5322.089,101.161,-11.391,44.885,-8.881,226.006,35.375
4.197,2.43,12.27,12.27,92.805,103961.447,5319.295,101.142,-11.38,44.881,-8.888,225.927,35.361
4.197,2.43,12.276,12.276,92.78,104053.68,5316.564,101.124,-11.368,44.878,-8.896,225.852,35.347
4.197,2.43,12.282,12.282,92.755,104146.497,5313.82,101.106,-11.356,44.875,-8.903,225.776,35.333
4.197,2.43,12.287,12.287,92.731,104243.243,5310.964,101.086,-11.346,44.87,-8.909,225.691,35.319
4.197,2.43,12.292,12.292,92.708,104345.427,5307.952,101.066,-11.339,44.863,-8.913,225.595,35.305
4.197,2.43,12.297,12.297,92.685,104444.439,5305.037,101.046,-11.33,44.858,-8.918,225.507,35.291
4.197,2.43,12.303,12.303,92.66,104528.941,5302.554,101.03,-11.316,44.857,-8.928,225.447,35.278
4.197,2.43,12.311,12.311,92.631,104590.137,5300.757,101.02,-11.292,44.864,-8.947,225.432,35.266
4.197,2.43,12.32,12.32,92.6,104635.724,5299.42,101.012,-11.261,44.876,-8.971,225.445,35.254
4.197,2.43,12.329,12.329,92.568,104685.983,5297.946,101.003,-11.232,44.886,-8.993,225.443,35.243
4.197,2.43,12.336,12.336,92.539,104763.45,5295.677,100.986,-11.214,44.886,-9.005,225.384,35.23
4.197,2.43,12.341,12.341,92.515,104867.308,5292.64,100.962,-11.209,44.877,-9.007,225.272,35.216
4.197,2.43,12.345,12.345,92.493,104978.423,5289.395,100.937,-11.207,44.865,-9.007,225.148,35.201
4.197,2.43,12.35,12.35,92.47,105081.905,5286.378,100.915,-11.201,44.857,-9.009,225.04,35.187
4.197,2.43,12.355,12.355,92.447,105177.503,5283.596,100.895,-11.193,44.851,-9.014,224.95,35.174
4.197,2.43,12.361,12.361,92.423,105269.867,5280.911,100.876,-11.183,44.846,-9.02,224.867,35.16
4.197,2.43,12.366,12.366,92.4,105362.492,5278.222,100.857,-11.174,44.842,-9.026,224.783,35.147
4.197,2.43,12.371,12.371,92.377,105455.754,5275.519,100.838,-11.165,44.836,-9.032,224.698,35.134
4.197,2.43,12.376,12.376,92.354,105548.688,5272.829,100.819,-11.156,44.831,-9.037,224.615,35.121
4.197,2.43,12.382,12.382,92.331,105640.516,5270.174,100.801,-11.147,44.827,-9.043,224.534,35.108
4.197,2.43,12.387,12.387,92.309,105731.14,5267.558,100.783,-11.138,44.823,-9.049,224.456,35.095
4.197,2.43,12.392,12.392,92.286,105820.889,5264.971,100.765,-11.128,44.819,-9.055,224.379,35.082
4.197,2.43,12.397,12.397,92.264,105910.052,5262.404,100.748,-11.118,44.815,-9.061,224.304,35.07
4.197,2.43,12.402,12.402,92.242,105998.775,5259.853,100.731,-11.109,44.811,-9.068,224.23,35.057
4.197,2.43,12.407,12.407,92.22,106087.045,5257.318,100.714,-11.099,44.807,-9.074,224.156,35.044
4.197,2.43,12.413,12.413,92.198,106174.842,5254.8,100.697,-11.089,44.804,-9.081,224.084,35.032
4.197,2.43,12.418,12.418,92.176,106262.157,5252.3,100.68,-11.079,44.8,-9.087,224.012,35.019
4.197,2.43,12.423,12.423,92.154,106349.022,5249.815,100.664,-11.069,44.797,-9.094,223.942,35.007
4.197,2.43,12.428,12.428,92.133,106435.475,5247.345,100.647,-11.06,44.794,-9.1,223.872,34.995
4.197,2.43,12.433,12.433,92.111,106521.546,5244.89,100.631,-11.05,44.791,-9.107,223.803,34.983
4.197,2.43,12.438,12.438,92.09,106607.262,5242.448,100.615,-11.04,44.788,-9.114,223.734,34.97
4.197,2.43,12.443,12.443,92.068,106692.648,5240.018,100.599,-11.03,44.784,-9.12,223.666,34.958
4.197,2.43,12.448,12.448,92.047,106777.722,5237.6,100.583,-11.02,44.781,-9.127,223.598,34.946
4.197,2.43,12.453,12.453,92.026,106862.488,5235.194,100.567,-11.01,44.778,-9.134,223.53,34.934
4.197,2.43,12.458,12.458,92.005,106946.913,5232.8,100.551,-11.001,44.775,-9.14,223.464,34.922
4.197,2.43,12.463,12.463,91.984,107030.965,5230.421,100.536,-10.991,44.772,-9.147,223.397,34.911
4.197,2.43,12.468,12.468,91.963,107114.626,5228.055,100.52,-10.981,44.77,-9.154,223.332,34.899
4.197,2.43,12.473,12.473,91.943,107197.998,5225.7,100.505,-10.971,44.767,-9.161,223.266,34.887
4.197,2.43,12.478,12.478,91.922,107281.246,5223.351,100.49,-10.962,44.764,-9.167,223.201,34.875
4.197,2.43,12.482,12.482,91.901,107364.515,5221.005,100.474,-10.952,44.761,-9.174,223.136,34.864
4.197,2.43,12.487,12.487,91.881,107447.765,5218.663,100.459,-10.943,44.758,-9.18,223.07,34.852
4.197,2.43,12.492,12.492,91.861,107530.479,5216.338,100.444,-10.934,44.755,-9.187,223.005,34.84
4.197,2.43,12.497,12.497,91.84,107612.117,5214.046,100.429,-10.924,44.752,-9.194,222.942,34.829
4.197,2.43,12.502,12.502,91.82,107692.255,5211.799,100.414,-10.914,44.75,-9.201,222.882,34.818
4.197,2.43,12.507,12.507,91.8,107771.755,5209.572,100.4,-10.903,44.748,-9.208,222.823,34.806
4.197,2.43,12.512,12.512,91.78,107852.687,5207.308,100.385,-10.894,44.746,-9.215,222.76,34.795
4.197,2.43,12.516,12.516,91.76,107936.942,5204.954,100.369,-10.886,44.742,-9.22,222.691,34.784
4.197,2.43,12.52,12.52,91.741,108025.253,5202.49,100.353,-10.88,44.737,-9.224,222.615,34.772
4.197,2.43,12.524,12.524,91.723,108112.197,5200.067,100.337,-10.873,44.732,-9.228,222.541,34.761
4.197,2.43,12.529,12.529,91.703,108190.824,5197.878,100.323,-10.863,44.73,-9.235,222.484,34.749
4.197,2.43,12.535,12.535,91.682,108255.114,5196.091,100.313,-10.847,44.733,-9.248,222.453,34.739
4.197,2.43,12.542,12.542,91.657,108302.31,5194.779,100.306,-10.825,44.741,-9.267,222.453,34.729
4.197,2.43,12.55,12.55,91.631,108341.399,5193.694,100.3,-10.798,44.751,-9.288,222.465,34.72
4.197,2.43,12.557,12.557,91.604,108385.353,5192.474,100.292,-10.774,44.759,-9.309,222.464,34.71
4.197,2.43,12.563,12.563,91.581,108449.229,5190.703,100.279,-10.758,44.76,-9.321,222.422,34.7
4.197,2.43,12.568,12.568,91.56,108535.669,5188.309,100.261,-10.752,44.754,-9.325,222.337,34.688
4.197,2.43,12.571,12.571,91.542,108632.382,5185.634,100.24,-10.75,44.745,-9.324,222.233,34.677
4.197,2.43,12.575,12.575,91.523,108727.747,5183.0,100.22,-10.748,44.736,-9.325,222.134,34.665
4.197,2.43,12.579,12.579,91.505,108815.552,5180.578,100.203,-10.743,44.73,-9.327,222.051,34.654
4.197,2.43,12.583,12.583,91.486,108898.04,5178.305,100.187,-10.736,44.725,-9.332,221.978,34.643
4.197,2.43,12.588,12.588,91.466,108978.084,5176.102,100.171,-10.728,44.722,-9.338,221.91,34.632
4.197,2.43,12.592,12.592,91.447,109057.993,5173.906,100.156,-10.72,44.718,-9.343,221.843,34.621
4.197,2.43,12.597,12.597,91.428,109138.487,5171.696,100.141,-10.712,44.714,-9.348,221.775,34.61
4.197,2.43,12.601,12.601,91.41,109218.99,5169.488,100.125,-10.705,44.71,-9.353,221.707,34.599
4.197,2.43,12.605,12.605,91.391,109298.962,5167.298,100.11,-10.698,44.706,-9.358,221.641,34.589
4.197,2.43,12.61,12.61,91.373,109377.994,5165.135,100.096,-10.69,44.703,-9.363,221.576,34.578
4.197,2.43,12.614,12.614,91.355,109456.109,5163.001,100.081,-10.682,44.7,-9.369,221.513,34.568
4.197,2.43,12.618,12.618,91.337,109533.524,5160.887,100.067,-10.674,44.697,-9.375,221.452,34.557
4.197,2.43,12.623,12.623,91.318,109610.423,5158.791,100.053,-10.666,44.694,-9.38,221.391,34.547
4.197,2.43,12.627,12.627,91.3,109686.952,5156.706,100.04,-10.658,44.691,-9.386,221.331,34.537
4.197,2.43,12.631,12.631,91.282,109763.139,5154.633,100.026,-10.65,44.688,-9.392,221.272,34.527
4.197,2.43,12.635,12.635,91.264,109838.971,5152.572,100.012,-10.642,44.685,-9.398,221.213,34.516
4.197,2.43,12.64,12.64,91.247,109914.434,5150.524,99.999,-10.634,44.682,-9.404,221.155,34.506
4.197,2.43,12.644,12.644,91.229,109989.523,5148.487,99.985,-10.626,44.68,-9.41,221.097,34.496
4.197,2.43,12.648,12.648,91.211,110064.254,5146.463,99.972,-10.618,44.677,-9.416,221.04,34.486
4.197,2.43,12.652,12.652,91.194,110138.65,5144.45,99.959,-10.609,44.675,-9.422,220.984,34.476
4.197,2.43,12.657,12.657,91.176,110212.731,5142.447,99.946,-10.601,44.672,-9.428,220.928,34.466
4.197,2.43,12.661,12.661,91.159,110286.515,5140.455,99.933,-10.593,44.67,-9.434,220.872,34.456
4.197,2.43,12.665,12.665,91.142,110360.018,5138.472,99.92,-10.585,44.668,-9.44,220.817,34.446
4.197,2.43,12.669,12.669,91.124,110433.253,5136.498,99.907,-10.577,44.665,-9.446,220.762,34.437
4.197,2.43,12.673,12.673,91.107,110506.231,5134.534,99.895,-10.569,44.663,-9.452,220.707,34.427
4.197,2.43,12.677,12.677,91.09,110578.963,5132.578,99.882,-10.561,44.661,-9.458,220.653,34.417
4.197,2.43,12.682,12.682,91.073,110651.44,5130.631,99.869,-10.553,44.658,-9.464,220.599,34.407
4.197,2.43,12.686,12.686,91.056,110723.642,5128.694,99.857,-10.545,44.656,-9.47,220.545,34.398
4.197,2.43,12.69,12.69,91.039,110795.55,5126.766,99.844,-10.537,44.654,-9.476,220.492,34.388
4.197,2.43,12.694,12.694,91.022,110867.148,5124.849,99.832,-10.529,44.652,-9.482,220.439,34.379
4.197,2.43,12.698,12.698,91.005,110938.467,5122.941,99.82,-10.521,44.649,-9.488,220.386,34.369
4.197,2.43,12.702,12.702,90.989,111009.601,5121.039,99.807,-10.513,44.647,-9.494,220.334,34.36
4.197,2.43,12.706,12.706,90.972,111080.642,5119.143,99.795,-10.505,44.645,-9.5,220.281,34.35
4.197,2.43,12.71,12.71,90.956,111151.669,5117.248,99.783,-10.497,44.643,-9.506,220.229,34.341
4.197,2.43,12.714,12.714,90.939,111222.681,5115.356,99.77,-10.489,44.641,-9.512,220.176,34.331
4.197,2.43,12.718,12.718,90.923,111293.392,5113.474,99.758,-10.482,44.638,-9.518,220.124,34.322
4.197,2.43,12.722,12.722,90.906,111363.481,5111.61,99.746,-10.474,44.636,-9.523,220.072,34.313
4.197,2.43,12.726,12.726,90.89,111432.666,5109.772,99.735,-10.466,44.634,-9.53,220.022,34.303
4.197,2.43,12.73,12.73,90.874,111500.752,5107.965,99.723,-10.457,44.633,-9.536,219.974,34.294
4.197,2.43,12.734,12.734,90.857,111568.379,5106.172,99.712,-10.449,44.631,-9.543,219.927,34.285
4.197,2.43,12.738,12.738,90.841,111636.76,5104.361,99.7,-10.441,44.63,-9.549,219.877,34.276
4.197,2.43,12.742,12.742,90.825,111706.99,5102.503,99.688,-10.433,44.627,-9.555,219.825,34.267
4.197,2.43,12.746,12.746,90.809,111780.016,5100.572,99.675,-10.428,44.624,-9.559,219.767,34.258
4.197,2.43,12.749,12.749,90.795,111855.279,5098.585,99.662,-10.423,44.62,-9.562,219.705,34.248
4.197,2.43,12.753,12.753,90.78,111928.818,5096.645,99.649,-10.417,44.616,-9.566,219.646,34.239
4.197,2.43,12.756,12.756,90.764,111996.825,5094.852,99.638,-10.409,44.614,-9.572,219.598,34.23
4.197,2.43,12.761,12.761,90.747,112056.01,5093.294,99.629,-10.398,44.615,-9.581,219.566,34.222
4.197,2.43,12.766,12.766,90.729,112103.302,5092.05,99.622,-10.383,44.62,-9.595,219.554,34.214
4.197,2.43,12.772,12.772,90.708,112140.36,5091.075,99.617,-10.363,44.627,-9.613,219.559,34.206
4.197,2.43,12.779,12.779,90.687,112173.717,5090.198,99.612,-10.341,44.636,-9.632,219.568,34.198
4.197,2.43,12.785,12.785,90.665,112211.205,5089.214,99.606,-10.322,44.642,-9.65,219.566,34.191
4.197,2.43,12.79,12.79,90.645,112262.151,5087.876,99.596,-10.307,44.645,-9.663,219.538,34.182
4.197,2.43,12.795,12.795,90.628,112331.072,5086.068,99.582,-10.3,44.641,-9.668,219.476,34.173
4.197,2.43,12.798,12.798,90.612,112411.135,5083.971,99.566,-10.298,44.634,-9.669,219.395,34.164
4.197,2.43,12.801,12.801,90.598,112494.509,5081.788,99.549,-10.297,44.626,-9.668,219.309,34.154
4.197,2.43,12.804,12.804,90.583,112574.904,5079.687,99.533,-10.295,44.619,-9.668,219.23,34.145
4.197,2.43,12.807,12.807,90.568,112649.469,5077.739,99.519,-10.291,44.614,-9.671,219.162,34.136
4.197,2.43,12.811,12.811,90.553,112719.869,5075.903,99.506,-10.285,44.611,-9.675,219.103,34.127
4.197,2.43,12.815,12.815,90.537,112787.894,5074.13,99.494,-10.278,44.608,-9.68,219.048,34.118
4.197,2.43,12.818,12.818,90.522,112855.009,5072.382,99.482,-10.272,44.605,-9.685,218.995,34.109
4.197,2.43,12.822,12.822,90.506,112922.347,5070.631,99.47,-10.265,44.602,-9.69,218.942,34.101
4.197,2.43,12.826,12.826,90.491,112990.003,5068.872,99.458,-10.259,44.599,-9.695,218.888,34.092
4.197,2.43,12.829,12.829,90.476,113057.63,5067.117,99.446,-10.253,44.597,-9.699,218.835,34.083
4.197,2.43,12.833,12.833,90.462,113124.93,5065.371,99.434,-10.247,44.594,-9.704,218.782,34.075
4.197,2.43,12.836,12.836,90.447,113191.648,5063.642,99.423,-10.24,44.591,-9.709,218.731,34.066
4.197,2.43,12.84,12.84,90.432,113257.651,5061.933,99.411,-10.234,44.589,-9.714,218.681,34.058
4.197,2.43,12.844,12.844,90.417,113323.042,5060.241,99.4,-10.227,44.586,-9.719,218.632,34.05
4.197,2.43,12.847,12.847,90.403,113387.948,5058.564,99.389,-10.22,44.584,-9.725,218.584,34.041
4.197,2.43,12.851,12.851,90.388,113452.477,5056.898,99.378,-10.213,44.582,-9.73,218.536,34.033
4.197,2.43,12.854,12.854,90.373,113516.725,5055.24,99.367,-10.207,44.58,-9.736,218.489,34.025
4.197,2.43,12.858,12.858,90.359,113580.745,5053.59,99.356,-10.2,44.578,-9.741,218.442,34.017
4.197,2.43,12.862,12.862,90.345,113644.532,5051.947,99.346,-10.193,44.576,-9.746,218.396,34.008
4.197,2.43,12.865,12.865,90.33,113708.081,5050.312,99.335,-10.186,44.575,-9.752,218.35,34.0
4.197,2.43,12.869,12.869,90.316,113771.385,5048.685,99.325,-10.179,44.573,-9.757,218.305,33.992
4.197,2.43,12.872,12.872,90.302,113834.439,5047.065,99.314,-10.173,44.571,-9.763,218.259,33.984
4.197,2.43,12.876,12.876,90.287,113897.246,5045.454,99.304,-10.166,44.569,-9.769,218.214,33.976
4.197,2.43,12.879,12.879,90.273,113959.822,5043.849,99.293,-10.159,44.567,-9.774,218.17,33.968
4.197,2.43,12.883,12.883,90.259,114022.181,5042.252,99.283,-10.152,44.566,-9.78,218.126,33.96
4.197,2.43,12.886,12.886,90.245,114084.336,5040.661,99.273,-10.145,44.564,-9.785,218.082,33.952
4.197,2.43,12.89,12.89,90.231,114146.297,5039.076,99.263,-10.138,44.562,-9.791,218.038,33.944
4.197,2.43,12.894,12.894,90.217,114208.072,5037.498,99.253,-10.131,44.561,-9.796,217.994,33.936
4.197,2.43,12.897,12.897,90.203,114269.663,5035.925,99.243,-10.125,44.559,-9.802,217.951,33.928
4.197,2.43,12.901,12.901,90.189,114331.074,5034.359,99.233,-10.118,44.557,-9.808,217.908,33.92
4.197,2.43,12.904,12.904,90.175,114392.305,5032.798,99.223,-10.111,44.556,-9.813,217.865,33.912
4.197,2.43,12.908,12.908,90.161,114453.358,5031.244,99.213,-10.104,44.554,-9.819,217.822,33.905
4.197,2.43,12.911,12.911,90.148,114514.237,5029.695,99.203,-10.097,44.553,-9.825,217.779,33.897
4.197,2.43,12.914,12.914,90.134,114574.948,5028.151,99.193,-10.091,44.551,-9.83,217.737,33.889
4.197,2.43,12.918,12.918,90.12,114635.5,5026.613,99.183,-10.084,44.55,-9.836,217.695,33.881
4.197,2.43,12.921,12.921,90.107,114695.897,5025.08,99.173,-10.077,44.548,-9.841,217.652,33.874
4.197,2.43,12.925,12.925,90.093,114756.146,5023.553,99.163,-10.07,44.546,-9.847,217.61,33.866
4.197,2.43,12.928,12.928,90.079,114816.25,5022.03,99.154,-10.064,44.545,-9.853,217.569,33.858
4.197,2.43,12.932,12.932,90.066,114876.199,5020.512,99.144,-10.057,44.543,-9.858,217.527,33.851
4.197,2.43,12.935,12.935,90.052,114935.982,5019.0,99.134,-10.05,44.542,-9.864,217.486,33.843
4.197,2.43,12.939,12.939,90.039,114995.588,5017.493,99.125,-10.044,44.541,-9.869,217.444,33.835
4.197,2.43,12.942,12.942,90.026,115055.009,5015.993,99.115,-10.037,44.539,-9.875,217.403,33.828
4.197,2.43,12.945,12.945,90.012,115114.24,5014.498,99.106,-10.03,44.538,-9.881,217.362,33.82
4.197,2.43,12.949,12.949,89.999,115173.309,5013.009,99.096,-10.024,44.536,-9.886,217.322,33.813
4.197,2.43,12.952,12.952,89.986,115232.269,5011.523,99.087,-10.017,44.535,-9.892,217.281,33.805
4.197,2.43,12.956,12.956,89.972,115291.169,5010.04,99.077,-10.01,44.534,-9.898,217.241,33.798
4.197,2.43,12.959,12.959,89.959,115350.051,5008.559,99.068,-10.004,44.532,-9.903,217.2,33.79
4.197,2.43,12.962,12.962,89.946,115408.952,5007.079,99.058,-9.997,44.531,-9.909,217.159,33.783
4.197,2.43,12.966,12.966,89.933,115467.844,5005.6,99.049,-9.991,44.529,-9.914,217.119,33.775
4.197,2.43,12.969,12.969,89.92,115526.56,5004.127,99.04,-9.984,44.528,-9.919,217.078,33.768
4.197,2.43,12.972,12.972,89.907,115584.929,5002.664,99.03,-9.978,44.526,-9.925,217.038,33.761
4.197,2.43,12.976,12.976,89.894,115642.802,5001.214,99.021,-9.971,44.525,-9.931,216.999,33.753
4.197,2.43,12.979,12.979,89.881,115700.047,4999.781,99.012,-9.964,44.524,-9.937,216.961,33.746
4.197,2.43,12.983,12.983,89.868,115756.585,4998.367,99.003,-9.957,44.523,-9.943,216.924,33.739
4.197,2.43,12.986,12.986,89.854,115812.818,4996.961,98.994,-9.95,44.522,-9.949,216.887,33.732
4.197,2.43,12.989,12.989,89.841,115869.405,4995.548,98.985,-9.943,44.521,-9.955,216.849,33.724
4.197,2.43,12.993,12.993,89.828,115926.94,4994.112,98.976,-9.937,44.52,-9.961,216.81,33.717
4.197,2.43,12.996,12.996,89.816,115985.953,4992.641,98.967,-9.931,44.518,-9.965,216.768,33.71
4.197,2.43,12.999,12.999,89.803,116046.896,4991.122,98.957,-9.926,44.515,-9.97,216.722,33.702
4.197,2.43,13.002,13.002,89.791,116109.443,4989.565,98.947,-9.922,44.513,-9.973,216.675,33.695
4.197,2.43,13.005,13.005,89.78,116171.429,4988.023,98.937,-9.917,44.51,-9.976,216.628,33.688
4.197,2.43,13.008,13.008,89.767,116230.748,4986.549,98.928,-9.912,44.508,-9.981,216.586,33.68
4.197,2.43,13.011,13.011,89.755,116285.623,4985.186,98.919,-9.904,44.507,-9.987,216.553,33.673
4.197,2.43,13.015,13.015,89.741,116334.409,4983.976,98.912,-9.895,44.509,-9.996,216.529,33.667
4.197,2.43,13.019,13.019,89.726,116375.376,4982.96,98.907,-9.882,44.512,-10.008,216.518,33.66
4.197,2.43,13.024,13.024,89.71,116408.751,4982.133,98.903,-9.867,44.518,-10.024,216.52,33.654
4.197,2.43,13.03,13.03,89.693,116437.838,4981.412,98.899,-9.85,44.525,-10.041,216.526,33.648
4.197,2.43,13.035,13.035,89.676,116466.61,4980.699,98.896,-9.833,44.531,-10.058,216.531,33.642
4.197,2.43,13.04,13.04,89.659,116499.885,4979.875,98.89,-9.817,44.537,-10.073,216.526,33.635
4.197,2.43,13.045,13.045,89.642,116543.282,4978.802,98.882,-9.805,44.539,-10.085,216.503,33.628
4.197,2.43,13.048,13.048,89.628,116599.923,4977.401,98.871,-9.799,44.536,-10.09,216.455,33.621
4.197,2.43,13.051,13.051,89.615,116665.847,4975.772,98.858,-9.796,44.531,-10.092,216.392,33.614
4.197,2.43,13.054,13.054,89.602,116736.088,4974.038,98.845,-9.794,44.525,-10.092,216.322,33.606
4.197,2.43,13.056,13.056,89.591,116806.449,4972.303,98.831,-9.793,44.519,-10.092,216.254,33.598
4.197,2.43,13.059,13.059,89.579,116873.76,4970.645,98.819,-9.791,44.514,-10.092,216.192,33.591
4.197,2.43,13.062,13.062,89.567,116936.781,4969.093,98.808,-9.788,44.51,-10.095,216.139,33.583
4.197,2.43,13.065,13.065,89.554,116996.636,4967.621,98.798,-9.783,44.507,-10.099,216.092,33.576
4.197,2.43,13.068,13.068,89.542,117054.442,4966.201,98.788,-9.778,44.505,-10.104,216.048,33.569
4.197,2.43,13.071,13.071,89.529,117111.115,4964.809,98.779,-9.772,44.503,-10.109,216.007,33.562
4.197,2.43,13.075,13.075,89.517,117167.426,4963.427,98.769,-9.766,44.502,-10.114,215.967,33.555
4.197,2.43,13.078,13.078,89.504,117223.988,4962.04,98.76,-9.76,44.5,-10.119,215.926,33.548
4.197,2.43,13.081,13.081,89.492,117280.855,4960.647,98.751,-9.754,44.498,-10.124,215.885,33.541
4.197,2.43,13.084,13.084,89.48,117337.825,4959.252,98.742,-9.749,44.497,-10.129,215.844,33.534
4.197,2.43,13.087,13.087,89.468,117394.725,4957.86,98.732,-9.743,44.495,-10.134,215.804,33.527
4.197,2.43,13.09,13.09,89.455,117451.404,4956.475,98.723,-9.737,44.493,-10.139,215.764,33.52
4.197,2.43,13.093,13.093,89.443,117507.733,4955.099,98.715,-9.732,44.491,-10.144,215.724,33.514
4.197,2.43,13.096,13.096,89.431,117563.634,4953.734,98.706,-9.726,44.49,-10.149,215.686,33.507
4.197,2.43,13.1,13.1,89.419,117619.166,4952.38,98.697,-9.72,44.489,-10.154,215.648,33.5
4.197,2.43,13.103,13.103,89.407,117674.409,4951.033,98.689,-9.714,44.487,-10.159,215.611,33.493
4.197,2.43,13.106,13.106,89.395,117729.431,4949.693,98.68,-9.708,44.486,-10.165,215.574,33.486
4.197,2.43,13.109,13.109,89.383,117784.293,4948.358,98.672,-9.702,44.485,-10.17,215.537,33.48
4.197,2.43,13.112,13.112,89.371,117839.048,4947.027,98.663,-9.696,44.484,-10.176,215.501,33.473
4.197,2.43,13.115,13.115,89.359,117893.73,4945.698,98.655,-9.69,44.483,-10.181,215.465,33.466
4.197,2.43,13.118,13.118,89.348,117948.34,4944.372,98.646,-9.684,44.481,-10.187,215.429,33.459
4.197,2.43,13.121,13.121,89.336,118002.871,4943.049,98.638,-9.677,44.48,-10.193,215.393,33.453
4.197,2.43,13.125,13.125,89.324,118057.321,4941.729,98.63,-9.671,44.479,-10.198,215.358,33.446
4.197,2.43,13.128,13.128,89.312,118111.683,4940.411,98.622,-9.665,44.478,-10.204,215.322,33.439
4.197,2.43,13.131,13.131,89.3,118165.955,4939.097,98.613,-9.659,44.477,-10.209,215.287,33.433
4.197,2.43,13.134,13.134,89.288,118220.138,4937.786,98.605,-9.653,44.476,-10.215,215.252,33.426
4.197,2.43,13.137,13.137,89.277,118274.238,4936.478,98.597,-9.647,44.475,-10.221,215.217,33.419
4.197,2.43,13.14,13.14,89.265,118328.265,4935.173,98.589,-9.641,44.474,-10.226,215.182,33.413
4.197,2.43,13.143,13.143,89.253,118382.226,4933.871,98.581,-9.635,44.473,-10.232,215.147,33.406
4.197,2.43,13.146,13.146,89.241,118436.127,4932.57,98.573,-9.629,44.472,-10.238,215.113,33.4
4.197,2.43,13.149,13.149,89.23,118489.976,4931.272,98.565,-9.622,44.471,-10.243,215.078,33.393
4.197,2.43,13.152,13.152,89.218,118543.776,4929.976,98.557,-9.616,44.47,-10.249,215.044,33.387
4.197,2.43,13.155,13.155,89.206,118597.53,4928.682,98.549,-9.61,44.469,-10.255,215.01,33.38
4.197,2.43,13.159,13.159,89.195,118651.241,4927.39,98.541,-9.604,44.468,-10.26,214.975,33.373
4.197,2.43,13.162,13.162,89.183,118704.91,4926.1,98.533,-9.598,44.467,-10.266,214.941,33.367
4.197,2.43,13.165,13.165,89.172,118758.539,4924.812,98.525,-9.592,44.466,-10.272,214.907,33.36
4.197,2.43,13.168,13.168,89.16,118812.129,4923.525,98.517,-9.586,44.466,-10.277,214.873,33.354
4.197,2.43,13.171,13.171,89.148,118865.683,4922.241,98.509,-9.58,44.465,-10.283,214.839,33.347
4.197,2.43,13.174,13.174,89.137,118919.201,4920.958,98.501,-9.573,44.464,-10.289,214.806,33.341
4.197,2.43,13.177,13.177,89.125,118972.687,4919.677,98.493,-9.567,44.463,-10.295,214.772,33.334
4.197,2.43,13.18,13.18,89.114,119026.14,4918.397,98.485,-9.561,44.462,-10.3,214.738,33.328
4.197,2.43,13.183,13.183,89.102,119079.563,4917.12,98.477,-9.555,44.461,-10.306,214.705,33.321
4.197,2.43,13.186,13.186,89.091,119132.957,4915.843,98.469,-9.549,44.46,-10.312,214.671,33.315
4.197,2.43,13.189,13.189,89.079,119186.324,4914.569,98.462,-9.543,44.459,-10.318,214.638,33.308
4.197,2.43,13.192,13.192,89.068,119239.667,4913.295,98.454,-9.537,44.458,-10.324,214.604,33.302
4.197,2.43,13.195,13.195,89.056,119292.991,4912.024,98.446,-9.531,44.458,-10.329,214.571,33.295
4.197,2.43,13.198,13.198,89.045,119346.298,4910.753,98.438,-9.525,44.457,-10.335,214.538,33.289
4.197,2.43,13.201,13.201,89.033,119399.594,4909.484,98.43,-9.519,44.456,-10.341,214.505,33.282
4.197,2.43,13.204,13.204,89.022,119452.88,4908.215,98.423,-9.512,44.455,-10.347,214.471,33.276
4.197,2.43,13.207,13.207,89.01,119506.16,4906.948,98.415,-9.506,44.454,-10.352,214.438,33.27
4.197,2.43,13.21,13.21,88.999,119559.429,4905.682,98.407,-9.5,44.453,-10.358,214.405,33.263
4.197,2.43,13.214,13.214,88.988,119612.68,4904.417,98.399,-9.494,44.453,-10.364,214.372,33.257
4.197,2.43,13.217,13.217,88.976,119665.904,4903.154,98.392,-9.488,44.452,-10.37,214.339,33.25
4.197,2.43,13.22,13.22,88.965,119719.096,4901.893,98.384,-9.482,44.451,-10.376,214.306,33.244
4.197,2.43,13.223,13.223,88.954,119772.249,4900.633,98.376,-9.476,44.45,-10.382,214.274,33.238
4.197,2.43,13.226,13.226,88.942,119825.359,4899.375,98.369,-9.47,44.449,-10.388,214.241,33.231
4.197,2.43,13.229,13.229,88.931,119878.44,4898.119,98.361,-9.464,44.449,-10.393,214.208,33.225
4.197,2.43,13.232,13.232,88.919,119931.527,4896.863,98.353,-9.458,44.448,-10.399,214.176,33.218
4.197,2.43,13.235,13.235,88.908,119984.652,4895.608,98.346,-9.452,44.447,-10.405,214.143,33.212
4.197,2.43,13.238,13.238,88.897,120037.846,4894.351,98.338,-9.446,44.446,-10.411,214.11,33.206
4.197,2.43,13.241,13.241,88.886,120091.135,4893.094,98.33,-9.44,44.445,-10.417,214.078,33.199
4.197,2.43,13.244,13.244,88.874,120144.543,4891.834,98.323,-9.434,44.445,-10.423,214.045,33.193
4.197,2.43,13.247,13.247,88.863,120198.052,4890.573,98.315,-9.428,44.444,-10.428,214.011,33.187
4.197,2.43,13.25,13.25,88.852,120251.541,4889.313,98.307,-9.422,44.443,-10.434,213.978,33.18
4.197,2.43,13.253,13.253,88.841,120304.89,4888.057,98.3,-9.416,44.442,-10.44,213.946,33.174
4.197,2.43,13.256,13.256,88.829,120357.992,4886.809,98.292,-9.41,44.441,-10.446,213.913,33.167
4.197,2.43,13.259,13.259,88.818,120410.749,4885.569,98.285,-9.403,44.441,-10.452,213.882,33.161
4.197,2.43,13.262,13.262,88.807,120463.072,4884.34,98.277,-9.397,44.44,-10.458,213.851,33.155
4.197,2.43,13.265,13.265,88.795,120514.951,4883.122,98.27,-9.391,44.44,-10.465,213.821,33.149
4.197,2.43,13.268,13.268,88.784,120566.763,4881.907,98.262,-9.384,44.439,-10.471,213.791,33.142
4.197,2.43,13.271,13.271,88.772,120618.978,4880.683,98.255,-9.378,44.439,-10.478,213.76,33.136
4.197,2.43,13.274,13.274,88.761,120672.028,4879.441,98.247,-9.371,44.438,-10.484,213.727,33.13
4.197,2.43,13.277,13.277,88.75,120726.302,4878.17,98.24,-9.366,44.437,-10.489,213.693,33.123
4.197,2.43,13.28,13.28,88.739,120782.141,4876.864,98.231,-9.361,44.435,-10.494,213.656,33.117
4.197,2.43,13.283,13.283,88.728,120839.728,4875.518,98.223,-9.356,44.433,-10.498,213.617,33.11
4.197,2.43,13.285,13.285,88.718,120897.973,4874.158,98.215,-9.352,44.431,-10.502,213.577,33.104
4.197,2.43,13.288,13.288,88.708,120955.147,4872.824,98.206,-9.348,44.429,-10.506,213.539,33.097
4.197,2.43,13.291,13.291,88.697,121009.787,4871.55,98.199,-9.342,44.428,-10.511,213.505,33.091
4.197,2.43,13.294,13.294,88.686,121060.614,4870.365,98.192,-9.335,44.428,-10.518,213.478,33.085
4.197,2.43,13.297,13.297,88.674,121106.387,4869.299,98.186,-9.327,44.43,-10.528,213.46,33.079
4.197,2.43,13.301,13.301,88.661,121145.738,4868.383,98.182,-9.315,44.433,-10.54,213.451,33.073
4.197,2.43,13.306,13.306,88.647,121178.432,4867.623,98.178,-9.302,44.438,-10.555,213.452,33.068
4.197,2.43,13.311,13.311,88.632,121206.835,4866.962,98.176,-9.286,44.445,-10.572,213.459,33.062
4.197,2.43,13.316,13.316,88.616,121233.899,4866.333,98.173,-9.27,44.451,-10.59,213.467,33.057
4.197,2.43,13.321,13.321,88.6,121263.217,4865.652,98.169,-9.255,44.457,-10.608,213.469,33.051
4.197,2.43,13.325,13.325,88.585,121299.127,4864.818,98.164,-9.242,44.461,-10.622,213.459,33.045
4.197,2.43,13.329,13.329,88.571,121346.161,4863.726,98.156,-9.233,44.461,-10.631,213.429,33.039
4.197,2.43,13.332,13.332,88.558,121404.23,4862.379,98.145,-9.228,44.459,-10.636,213.382,33.032
4.197,2.43,13.335,13.335,88.547,121469.204,4860.872,98.133,-9.226,44.454,-10.637,213.323,33.026
4.197,2.43,13.337,13.337,88.536,121537.071,4859.3,98.121,-9.225,44.448,-10.637,213.261,33.019
4.197,2.43,13.34,13.34,88.525,121604.533,4857.739,98.11,-9.223,44.443,-10.637,213.201,33.012
4.197,2.43,13.342,13.342,88.515,121669.107,4856.246,98.099,-9.221,44.439,-10.638,213.147,33.005
4.197,2.43,13.345,13.345,88.504,121729.864,4854.843,98.089,-9.218,44.436,-10.641,213.1,32.998
4.197,2.43,13.348,13.348,88.492,121787.777,4853.506,98.08,-9.213,44.433,-10.646,213.058,32.992
4.197,2.43,13.351,13.351,88.481,121843.804,4852.213,98.072,-9.208,44.432,-10.651,213.02,32.985
4.197,2.43,13.354,13.354,88.47,121898.734,4850.947,98.063,-9.202,44.431,-10.657,212.985,32.979
4.197,2.43,13.357,13.357,88.458,121953.237,4849.692,98.055,-9.196,44.429,-10.662,212.95,32.973
4.197,2.43,13.36,13.36,88.447,122007.896,4848.433,98.047,-9.191,44.428,-10.668,212.914,32.966
4.197,2.43,13.363,13.363,88.436,122062.978,4847.166,98.039,-9.185,44.427,-10.674,212.879,32.96
4.197,2.43,13.366,13.366,88.424,122118.34,4845.894,98.031,-9.18,44.426,-10.679,212.843,32.954
4.197,2.43,13.369,13.369,88.413,122173.819,4844.62,98.023,-9.174,44.425,-10.685,212.807,32.947
4.197,2.43,13.372,13.372,88.402,122229.276,4843.347,98.015,-9.169,44.423,-10.69,212.772,32.941
4.197,2.43,13.375,13.375,88.391,122284.588,4842.078,98.007,-9.163,44.422,-10.696,212.737,32.935
4.197,2.43,13.378,13.378,88.38,122339.649,4840.816,97.999,-9.157,44.421,-10.702,212.702,32.928
4.197,2.43,13.381,13.381,88.369,122394.413,4839.562,97.992,-9.152,44.42,-10.708,212.668,32.922
4.197,2.43,13.384,13.384,88.358,122448.943,4838.314,97.984,-9.146,44.419,-10.714,212.635,32.916
4.197,2.43,13.387,13.387,88.346,122503.306,4837.07,97.976,-9.14,44.418,-10.72,212.602,32.909
4.197,2.43,13.39,13.39,88.335,122557.561,4835.83,97.969,-9.134,44.417,-10.726,212.57,32.903
4.197,2.43,13.393,13.393,88.324,122611.761,4834.592,97.961,-9.128,44.417,-10.732,212.537,32.897
4.197,2.43,13.396,13.396,88.313,122665.952,4833.355,97.954,-9.122,44.416,-10.738,212.505,32.89
4.197,2.43,13.399,13.399,88.302,122720.167,4832.119,97.946,-9.116,44.415,-10.745,212.473,32.884
4.197,2.43,13.402,13.402,88.291,122774.408,4830.883,97.939,-9.11,44.414,-10.751,212.441,32.878
4.197,2.43,13.405,13.405,88.28,122828.668,4829.647,97.931,-9.104,44.414,-10.757,212.409,32.872
4.197,2.43,13.408,13.408,88.268,122882.943,4828.412,97.924,-9.098,44.413,-10.763,212.377,32.865
4.197,2.43,13.411,13.411,88.257,122937.227,4827.177,97.916,-9.092,44.412,-10.77,212.345,32.859
4.197,2.43,13.414,13.414,88.246,122991.516,4825.943,97.909,-9.086,44.412,-10.776,212.313,32.853
4.197,2.43,13.417,13.417,88.235,123045.807,4824.71,97.902,-9.08,44.411,-10.783,212.281,32.847
4.197,2.43,13.42,13.42,88.224,123100.103,4823.478,97.894,-9.073,44.41,-10.789,212.249,32.84
4.197,2.43,13.423,13.423,88.213,123154.412,4822.246,97.887,-9.067,44.41,-10.795,212.218,32.834
4.197,2.43,13.426,13.426,88.202,123208.74,4821.014,97.879,-9.061,44.409,-10.802,212.186,32.828
4.197,2.43,13.429,13.429,88.19,123263.094,4819.783,97.872,-9.055,44.408,-10.809,212.155,32.822
4.197,2.43,13.432,13.432,88.179,123317.477,4818.552,97.865,-9.049,44.408,-10.815,212.123,32.815
4.197,2.43,13.435,13.435,88.168,123371.896,4817.322,97.857,-9.043,44.407,-10.822,212.091,32.809
4.197,2.43,13.438,13.438,88.157,123426.353,4816.091,97.85,-9.037,44.407,-10.828,212.06,32.803
4.197,2.43,13.441,13.441,88.146,123480.848,4814.86,97.843,-9.03,44.406,-10.835,212.028,32.796
4.197,2.43,13.444,13.444,88.135,123535.383,4813.629,97.835,-9.024,44.405,-10.841,211.997,32.79
4.197,2.43,13.448,13.448,88.124,123589.958,4812.398,97.828,-9.018,44.405,-10.848,211.966,32.784
4.197,2.43,13.451,13.451,88.112,123644.575,4811.167,97.821,-9.012,44.404,-10.855,211.934,32.778
4.197,2.43,13.454,13.454,88.101,123699.233,4809.936,97.813,-9.006,44.404,-10.861,211.903,32.771
4.197,2.43,13.457,13.457,88.09,123753.934,4808.705,97.806,-8.999,44.403,-10.868,211.871,32.765
4.197,2.43,13.46,13.46,88.079,123808.679,4807.473,97.798,-8.993,44.403,-10.875,211.84,32.759
4.197,2.43,13.463,13.463,88.068,123863.47,4806.242,97.791,-8.987,44.402,-10.881,211.808,32.752
4.197,2.43,13.466,13.466,88.056,123918.307,4805.01,97.784,-8.981,44.402,-10.888,211.777,32.746
4.197,2.43,13.469,13.469,88.045,123973.193,4803.778,97.776,-8.974,44.401,-10.895,211.746,32.74
4.197,2.43,13.472,13.472,88.034,124028.127,4802.546,97.769,-8.968,44.4,-10.902,211.714,32.734
4.197,2.43,13.475,13.475,88.023,124083.112,4801.314,97.762,-8.962,44.4,-10.909,211.683,32.727
4.197,2.43,13.479,13.479,88.012,124138.147,4800.081,97.754,-8.956,44.399,-10.915,211.651,32.721
4.197,2.43,13.482,13.482,88.0,124193.235,4798.848,97.747,-8.949,44.399,-10.922,211.62,32.715
4.197,2.43,13.485,13.485,87.989,124248.376,4797.615,97.74,-8.943,44.398,-10.929,211.588,32.708
4.197,2.43,13.488,13.488,87.978,124303.572,4796.381,97.732,-8.937,44.398,-10.936,211.557,32.702
4.197,2.43,13.491,13.491,87.967,124358.822,4795.147,97.725,-8.931,44.397,-10.943,211.526,32.696
4.197,2.43,13.494,13.494,87.955,124414.13,4793.913,97.718,-8.924,44.397,-10.95,211.494,32.689
4.197,2.43,13.497,13.497,87.944,124469.495,4792.678,97.71,-8.918,44.396,-10.957,211.463,32.683
4.197,2.43,13.5,13.5,87.933,124524.917,4791.443,97.703,-8.912,44.396,-10.964,211.431,32.677
4.197,2.43,13.504,13.504,87.921,124580.398,4790.207,97.696,-8.905,44.395,-10.971,211.4,32.67
4.197,2.43,13.507,13.507,87.91,124635.938,4788.971,97.688,-8.899,44.395,-10.978,211.368,32.664
4.197,2.43,13.51,13.51,87.899,124691.537,4787.734,97.681,-8.893,44.394,-10.985,211.337,32.658
4.197,2.43,13.513,13.513,87.888,124747.197,4786.497,97.674,-8.886,44.394,-10.992,211.305,32.651
4.197,2.43,13.516,13.516,87.876,124802.919,4785.259,97.666,-8.88,44.393,-10.999,211.274,32.645
4.197,2.43,13.519,13.519,87.865,124858.709,4784.021,97.659,-8.873,44.393,-11.006,211.243,32.639
4.197,2.43,13.523,13.523,87.854,124914.568,4782.782,97.652,-8.867,44.392,-11.013,211.211,32.632
4.197,2.43,13.526,13.526,87.842,124970.502,4781.543,97.644,-8.861,44.392,-11.02,211.18,32.626
4.197,2.43,13.529,13.529,87.831,125026.513,4780.302,97.637,-8.854,44.391,-11.027,211.148,32.62
4.197,2.43,13.532,13.532,87.819,125082.603,4779.061,97.629,-8.848,44.391,-11.034,211.117,32.613
4.197,2.43,13.535,13.535,87.808,125138.772,4777.819,97.622,-8.841,44.39,-11.042,211.085,32.607
4.197,2.43,13.539,13.539,87.797,125195.011,4776.576,97.615,-8.835,44.39,-11.049,211.054,32.601
4.197,2.43,13.542,13.542,87.785,125251.31,4775.332,97.607,-8.828,44.389,-11.056,211.022,32.594
4.197,2.43,13.545,13.545,87.774,125307.664,4774.089,97.6,-8.822,44.389,-11.063,210.99,32.588
4.197,2.43,13.548,13.548,87.762,125364.066,4772.845,97.593,-8.815,44.389,-11.071,210.959,32.581
4.197,2.43,13.551,13.551,87.751,125420.509,4771.601,97.585,-8.809,44.388,-11.078,210.928,32.575
4.197,2.43,13.555,13.555,87.74,125477.003,4770.357,97.578,-8.802,44.388,-11.085,210.896,32.569
4.197,2.43,13.558,13.558,87.728,125533.584,4769.112,97.571,-8.796,44.387,-11.093,210.865,32.562
4.197,2.43,13.561,13.561,87.717,125590.291,4767.865,97.563,-8.789,44.387,-11.1,210.833,32.556
4.197,2.43,13.564,13.564,87.705,125647.157,4766.615,97.556,-8.783,44.387,-11.108,210.802,32.549
4.197,2.43,13.568,13.568,87.694,125704.213,4765.362,97.548,-8.776,44.386,-11.115,210.77,32.543
4.197,2.43,13.571,13.571,87.682,125761.49,4764.105,97.541,-8.77,44.386,-11.122,210.738,32.536
4.197,2.43,13.574,13.574,87.671,125818.971,4762.845,97.534,-8.763,44.385,-11.13,210.706,32.53
4.197,2.43,13.577,13.577,87.659,125876.528,4761.584,97.526,-8.757,44.385,-11.137,210.673,32.524
4.197,2.43,13.581,13.581,87.648,125934.022,4760.325,97.519,-8.751,44.384,-11.144,210.641,32.517
4.197,2.43,13.584,13.584,87.636,125991.328,4759.071,97.511,-8.744,44.384,-11.152,210.61,32.511
4.197,2.43,13.587,13.587,87.625,126048.333,4757.825,97.504,-8.737,44.383,-11.16,210.579,32.504
4.197,2.43,13.591,13.591,87.613,126104.93,4756.588,97.497,-8.73,44.383,-11.168,210.549,32.498
4.197,2.43,13.594,13.594,87.601,126161.146,4755.361,97.49,-8.723,44.383,-11.176,210.519,32.491
4.197,2.43,13.597,13.597,87.589,126217.46,4754.132,97.483,-8.716,44.383,-11.185,210.49,32.485
4.197,2.43,13.601,13.601,87.578,126274.42,4752.89,97.475,-8.709,44.383,-11.193,210.459,32.478
4.197,2.43,13.604,13.604,87.566,126332.53,4751.624,97.468,-8.702,44.383,-11.2,210.427,32.472
4.197,2.43,13.607,13.607,87.555,126392.248,4750.324,97.46,-8.696,44.382,-11.207,210.392,32.465
4.197,2.43,13.61,13.61,87.543,126453.979,4748.981,97.452,-8.691,44.381,-11.213,210.354,32.459
4.197,2.43,13.613,13.613,87.532,126517.584,4747.599,97.443,-8.686,44.379,-11.218,210.314,32.452
4.197,2.43,13.616,13.616,87.521,126581.208,4746.217,97.435,-8.681,44.377,-11.224,210.275,32.445
4.197,2.43,13.619,13.619,87.51,126642.886,4744.878,97.427,-8.676,44.376,-11.23,210.238,32.439
4.197,2.43,13.623,13.623,87.499,126700.931,4743.619,97.42,-8.669,44.376,-11.238,210.208,32.432
4.197,2.43,13.626,13.626,87.487,126753.78,4742.474,97.414,-8.66,44.377,-11.249,210.186,32.426
4.197,2.43,13.63,13.63,87.473,126799.79,4741.477,97.409,-8.649,44.38,-11.263,210.175,32.42
4.197,2.43,13.635,13.635,87.459,126837.77,4740.655,97.406,-8.634,44.386,-11.281,210.175,32.414
4.197,2.43,13.641,13.641,87.443,126869.926,4739.959,97.403,-8.618,44.393,-11.302,210.184,32.408
4.197,2.43,13.646,13.646,87.427,126899.769,4739.314,97.401,-8.6,44.4,-11.325,210.194,32.402
4.197,2.43,13.652,13.652,87.41,126931.553,4738.627,97.398,-8.583,44.407,-11.347,210.2,32.397
4.197,2.43,13.657,13.657,87.394,126970.501,4737.785,97.393,-8.569,44.412,-11.366,210.192,32.391
4.197,2.43,13.661,13.661,87.379,127022.233,4736.668,97.385,-8.559,44.413,-11.379,210.164,32.384
4.197,2.43,13.665,13.665,87.366,127086.907,4735.272,97.374,-8.553,44.411,-11.385,210.116,32.377
4.197,2.43,13.668,13.668,87.354,127159.576,4733.704,97.362,-8.55,44.406,-11.387,210.056,32.37
4.197,2.43,13.671,13.671,87.343,127235.393,4732.071,97.35,-8.549,44.401,-11.388,209.992,32.362
4.197,2.43,13.673,13.673,87.331,127310.364,4730.457,97.338,-8.547,44.396,-11.389,209.931,32.355
4.197,2.43,13.676,13.676,87.32,127381.563,4728.926,97.328,-8.544,44.392,-11.392,209.877,32.348
4.197,2.43,13.679,13.679,87.308,127448.66,4727.484,97.318,-8.539,44.389,-11.397,209.831,32.341
4.197,2.43,13.683,13.683,87.296,127512.965,4726.104,97.309,-8.533,44.388,-11.403,209.79,32.334
4.197,2.43,13.686,13.686,87.284,127575.588,4724.76,97.3,-8.527,44.387,-11.411,209.752,32.327
4.197,2.43,13.689,13.689,87.271,127637.463,4723.434,97.292,-8.521,44.386,-11.418,209.715,32.32
4.197,2.43,13.693,13.693,87.259,127699.404,4722.107,97.284,-8.514,44.385,-11.426,209.679,32.314
4.197,2.43,13.696,13.696,87.247,127761.944,4720.768,97.275,-8.507,44.384,-11.434,209.642,32.307
4.197,2.43,13.7,13.7,87.235,127824.97,4719.42,97.267,-8.501,44.383,-11.442,209.605,32.3
4.197,2.43,13.703,13.703,87.223,127888.267,4718.068,97.259,-8.495,44.382,-11.449,209.568,32.293
4.197,2.43,13.707,13.707,87.21,127951.642,4716.714,97.25,-8.489,44.381,-11.457,209.531,32.286
4.197,2.43,13.71,13.71,87.198,128014.927,4715.364,97.242,-8.482,44.38,-11.464,209.494,32.279
4.197,2.43,13.713,13.713,87.186,128077.978,4714.02,97.234,-8.476,44.379,-11.472,209.458,32.273
4.197,2.43,13.717,13.717,87.174,128140.773,4712.682,97.226,-8.469,44.379,-11.48,209.423,32.266
4.197,2.43,13.72,13.72,87.162,128203.403,4711.349,97.218,-8.462,44.378,-11.489,209.388,32.259
4.197,2.43,13.724,13.724,87.15,128265.953,4710.018,97.21,-8.455,44.378,-11.497,209.354,32.252
4.197,2.43,13.727,13.727,87.138,128328.5,4708.689,97.202,-8.448,44.377,-11.506,209.32,32.245
4.197,2.43,13.731,13.731,87.125,128391.11,4707.359,97.195,-8.441,44.377,-11.514,209.286,32.239
4.197,2.43,13.734,13.734,87.113,128453.839,4706.028,97.187,-8.434,44.376,-11.523,209.252,32.232
4.197,2.43,13.738,13.738,87.101,128516.695,4704.695,97.179,-8.427,44.376,-11.532,209.218,32.225
4.197,2.43,13.741,13.741,87.089,128579.672,4703.361,97.171,-8.42,44.375,-11.54,209.185,32.218
4.197,2.43,13.745,13.745,87.076,128642.761,4702.025,97.163,-8.413,44.375,-11.549,209.151,32.211
4.197,2.43,13.749,13.749,87.064,128705.956,4700.688,97.156,-8.406,44.375,-11.558,209.117,32.204
4.197,2.43,13.752,13.752,87.052,128769.252,4699.35,97.148,-8.399,44.374,-11.567,209.084,32.197
4.197,2.43,13.756,13.756,87.04,128832.648,4698.011,97.14,-8.392,44.374,-11.576,209.05,32.19
4.197,2.43,13.759,13.759,87.027,128896.153,4696.67,97.132,-8.385,44.374,-11.585,209.017,32.184
4.197,2.43,13.763,13.763,87.015,128959.778,4695.328,97.124,-8.377,44.374,-11.594,208.983,32.177
4.197,2.43,13.766,13.766,87.003,129023.531,4693.985,97.117,-8.37,44.373,-11.603,208.95,32.17
4.197,2.43,13.77,13.77,86.99,129087.422,4692.639,97.109,-8.363,44.373,-11.612,208.916,32.163
4.197,2.43,13.774,13.774,86.978,129151.457,4691.292,97.101,-8.356,44.373,-11.621,208.883,32.156
4.197,2.43,13.777,13.777,86.965,129215.64,4689.942,97.093,-8.348,44.373,-11.63,208.85,32.149
4.197,2.43,13.781,13.781,86.953,129279.974,4688.591,97.086,-8.341,44.372,-11.64,208.816,32.142
4.197,2.43,13.784,13.784,86.94,129344.459,4687.237,97.078,-8.334,44.372,-11.649,208.783,32.135
4.197,2.43,13.788,13.788,86.928,129409.097,4685.881,97.07,-8.326,44.372,-11.658,208.749,32.128
4.197,2.43,13.792,13.792,86.915,129473.888,4684.523,97.062,-8.319,44.372,-11.668,208.716,32.121
4.197,2.43,13.795,13.795,86.903,129538.836,4683.163,97.054,-8.312,44.371,-11.677,208.682,32.114
4.197,2.43,13.799,13.799,86.89,129603.941,4681.801,97.046,-8.304,44.371,-11.686,208.648,32.107
4.197,2.43,13.803,13.803,86.878,129669.205,4680.436,97.039,-8.297,44.371,-11.696,208.615,32.1
4.197,2.43,13.806,13.806,86.865,129734.631,4679.069,97.031,-8.289,44.371,-11.706,208.581,32.093
4.197,2.43,13.81,13.81,86.852,129800.22,4677.7,97.023,-8.282,44.371,-11.715,208.547,32.086
4.197,2.43,13.814,13.814,86.84,129865.974,4676.329,97.015,-8.274,44.37,-11.725,208.514,32.079
4.197,2.43,13.817,13.817,86.827,129931.894,4674.955,97.007,-8.267,44.37,-11.734,208.48,32.072
4.197,2.43,13.821,13.821,86.815,129997.98,4673.578,96.999,-8.259,44.37,-11.744,208.446,32.065
4.197,2.43,13.825,13.825,86.802,130064.235,4672.2,96.991,-8.252,44.37,-11.754,208.412,32.057
4.197,2.43,13.829,13.829,86.789,130130.659,4670.819,96.984,-8.244,44.37,-11.764,208.378,32.05
4.197,2.43,13.832,13.832,86.776,130197.252,4669.435,96.976,-8.237,44.369,-11.773,208.344,32.043
4.197,2.43,13.836,13.836,86.764,130264.017,4668.049,96.968,-8.229,44.369,-11.783,208.31,32.036
4.197,2.43,13.84,13.84,86.751,130330.952,4666.661,96.96,-8.222,44.369,-11.793,208.276,32.029
4.197,2.43,13.844,13.844,86.738,130398.061,4665.27,96.952,-8.214,44.369,-11.803,208.241,32.022
4.197,2.43,13.847,13.847,86.725,130465.342,4663.877,96.944,-8.207,44.369,-11.813,208.207,32.015
4.197,2.43,13.851,13.851,86.712,130532.798,4662.481,96.936,-8.199,44.368,-11.823,208.173,32.007
4.197,2.43,13.855,13.855,86.699,130600.428,4661.083,96.928,-8.191,44.368,-11.833,208.139,32.0
4.197,2.43,13.859,13.859,86.687,130668.234,4659.682,96.92,-8.184,44.368,-11.843,208.104,31.993
4.197,2.43,13.862,13.862,86.674,130736.216,4658.279,96.912,-8.176,44.368,-11.853,208.07,31.986
4.197,2.43,13.866,13.866,86.661,130804.375,4656.873,96.904,-8.168,44.368,-11.863,208.035,31.978
4.197,2.43,13.87,13.87,86.648,130872.711,4655.465,96.896,-8.161,44.368,-11.873,208.001,31.971
4.197,2.43,13.874,13.874,86.635,130941.225,4654.054,96.888,-8.153,44.367,-11.884,207.966,31.964
4.197,2.43,13.878,13.878,86.622,131009.918,4652.641,96.88,-8.145,44.367,-11.894,207.931,31.957
4.197,2.43,13.881,13.881,86.609,131078.79,4651.226,96.872,-8.138,44.367,-11.904,207.897,31.949
4.197,2.43,13.885,13.885,86.596,131147.843,4649.807,96.864,-8.13,44.367,-11.915,207.862,31.942
4.197,2.43,13.889,13.889,86.583,131217.077,4648.387,96.856,-8.122,44.367,-11.925,207.827,31.935
4.197,2.43,13.893,13.893,86.57,131286.494,4646.963,96.847,-8.114,44.367,-11.935,207.792,31.927
4.197,2.43,13.897,13.897,86.556,131356.093,4645.537,96.839,-8.107,44.366,-11.946,207.757,31.92
4.197,2.43,13.901,13.901,86.543,131425.873,4644.109,96.831,-8.099,44.366,-11.956,207.722,31.913
4.197,2.43,13.905,13.905,86.53,131495.836,4642.678,96.823,-8.091,44.366,-11.967,207.687,31.905
4.197,2.43,13.908,13.908,86.517,131565.978,4641.245,96.815,-8.083,44.366,-11.977,207.652,31.898
4.197,2.43,13.912,13.912,86.504,131636.302,4639.809,96.807,-8.075,44.366,-11.988,207.617,31.891
4.197,2.43,13.916,13.916,86.491,131706.806,4638.37,96.799,-8.067,44.366,-11.999,207.581,31.883
4.197,2.43,13.92,13.92,86.477,131777.496,4636.929,96.79,-8.06,44.365,-12.009,207.546,31.876
4.197,2.43,13.924,13.924,86.464,131848.377,4635.486,96.782,-8.052,44.365,-12.02,207.511,31.868
4.197,2.43,13.928,13.928,86.451,131919.454,4634.039,96.774,-8.044,44.365,-12.031,207.475,31.861
4.197,2.43,13.932,13.932,86.437,131990.73,4632.59,96.766,-8.036,44.365,-12.042,207.44,31.853
4.197,2.43,13.936,13.936,86.424,132062.208,4631.138,96.758,-8.028,44.365,-12.053,207.404,31.846
4.197,2.43,13.94,13.94,86.411,132133.873,4629.684,96.749,-8.02,44.365,-12.064,207.368,31.839
4.197,2.43,13.944,13.944,86.397,132205.708,4628.227,96.741,-8.012,44.365,-12.075,207.333,31.831
4.197,2.43,13.948,13.948,86.384,132277.695,4626.768,96.733,-8.004,44.364,-12.086,207.297,31.824
4.197,2.43,13.952,13.952,86.37,132349.821,4625.308,96.724,-7.996,44.364,-12.097,207.261,31.816
4.197,2.43,13.956,13.956,86.357,132422.081,4623.846,96.716,-7.988,44.364,-12.108,207.225,31.808
4.197,2.43,13.96,13.96,86.343,132494.527,4622.382,96.708,-7.98,44.364,-12.119,207.19,31.801
4.197,2.43,13.964,13.964,86.33,132567.231,4620.914,96.7,-7.972,44.364,-12.13,207.154,31.793
4.197,2.43,13.968,13.968,86.316,132640.258,4619.441,96.691,-7.964,44.364,-12.141,207.118,31.786
4.197,2.43,13.972,13.972,86.303,132713.668,4617.961,96.683,-7.956,44.364,-12.153,207.081,31.778
4.197,2.43,13.976,13.976,86.289,132787.483,4616.474,96.674,-7.948,44.363,-12.164,207.044,31.771
4.197,2.43,13.98,13.98,86.276,132861.506,4614.985,96.666,-7.94,44.363,-12.175,207.007,31.763
4.197,2.43,13.984,13.984,86.262,132935.466,4613.498,96.657,-7.932,44.363,-12.186,206.97,31.755
4.197,2.43,13.988,13.988,86.249,133009.116,4612.019,96.649,-7.924,44.363,-12.198,206.935,31.748
4.197,2.43,13.992,13.992,86.235,133082.226,4610.551,96.641,-7.915,44.363,-12.21,206.9,31.74
4.197,2.43,13.996,13.996,86.221,133154.717,4609.098,96.633,-7.906,44.363,-12.222,206.866,31.732
4.197,2.43,14.0,14.0,86.207,133227.366,4607.642,96.625,-7.897,44.364,-12.235,206.832,31.725
4.197,2.43,14.005,14.005,86.193,133301.235,4606.164,96.616,-7.889,44.364,-12.247,206.796,31.717
4.197,2.43,14.009,14.009,86.179,133377.306,4604.642,96.608,-7.881,44.363,-12.258,206.757,31.709
4.197,2.43,14.012,14.012,86.166,133456.469,4603.06,96.598,-7.874,44.362,-12.268,206.714,31.702
4.197,2.43,14.016,14.016,86.153,133538.789,4601.417,96.588,-7.868,44.36,-12.275,206.667,31.694
4.197,2.43,14.02,14.02,86.14,133620.941,4599.779,96.579,-7.863,44.358,-12.283,206.621,31.686
4.197,2.43,14.024,14.024,86.127,133699.094,4598.222,96.57,-7.855,44.357,-12.294,206.581,31.678
4.197,2.43,14.028,14.028,86.113,133769.889,4596.812,96.563,-7.845,44.359,-12.309,206.552,31.67
4.197,2.43,14.033,14.033,86.097,133830.036,4595.616,96.557,-7.831,44.363,-12.329,206.539,31.663
4.197,2.43,14.039,14.039,86.08,133877.502,4594.673,96.554,-7.813,44.371,-12.358,206.544,31.656
4.197,2.43,14.046,14.046,86.061,133916.961,4593.889,96.553,-7.792,44.38,-12.391,206.56,31.649
4.197,2.43,14.053,14.053,86.041,133955.576,4593.122,96.55,-7.77,44.39,-12.425,206.574,31.643
4.197,2.43,14.06,14.06,86.022,134002.219,4592.196,96.546,-7.751,44.397,-12.455,206.575,31.636
4.197,2.43,14.065,14.065,86.004,134067.036,4590.91,96.538,-7.738,44.4,-12.476,206.548,31.628
4.197,2.43,14.07,14.07,85.989,134151.169,4589.243,96.526,-7.731,44.397,-12.485,206.493,31.62
4.197,2.43,14.073,14.073,85.975,134246.172,4587.362,96.512,-7.728,44.392,-12.488,206.422,31.611
4.197,2.43,14.076,14.076,85.962,134343.731,4585.433,96.498,-7.726,44.386,-12.49,206.349,31.602
4.197,2.43,14.08,14.08,85.948,134437.192,4583.586,96.486,-7.723,44.381,-12.494,206.283,31.594
4.197,2.43,14.084,14.084,85.934,134524.487,4581.864,96.474,-7.717,44.379,-12.501,206.228,31.586
4.197,2.43,14.088,14.088,85.92,134607.769,4580.222,96.464,-7.71,44.377,-12.511,206.18,31.577
4.197,2.43,14.092,14.092,85.905,134689.027,4578.622,96.454,-7.702,44.376,-12.523,206.135,31.569
4.197,2.43,14.096,14.096,85.89,134769.954,4577.03,96.444,-7.694,44.375,-12.534,206.091,31.561
4.197,2.43,14.101,14.101,85.876,134851.753,4575.422,96.434,-7.687,44.374,-12.546,206.046,31.553
4.197,2.43,14.105,14.105,85.861,134934.297,4573.801,96.424,-7.679,44.373,-12.557,206.001,31.545
4.197,2.43,14.109,14.109,85.847,135017.162,4572.175,96.414,-7.672,44.371,-12.568,205.955,31.537
4.197,2.43,14.113,14.113,85.833,135099.973,4570.552,96.405,-7.664,44.37,-12.579,205.911,31.529
4.197,2.43,14.117,14.117,85.818,135182.411,4568.938,96.395,-7.656,44.369,-12.59,205.867,31.52
4.197,2.43,14.122,14.122,85.804,135264.404,4567.334,96.385,-7.648,44.369,-12.602,205.824,31.512
4.197,2.43,14.126,14.126,85.79,135346.114,4565.738,96.376,-7.64,44.368,-12.614,205.782,31.504
4.197,2.43,14.13,14.13,85.775,135427.696,4564.145,96.367,-7.632,44.367,-12.627,205.741,31.496
4.197,2.43,14.135,14.135,85.761,135509.285,4562.553,96.358,-7.624,44.367,-12.639,205.7,31.488
4.197,2.43,14.139,14.139,85.746,135590.988,4560.961,96.348,-7.615,44.367,-12.652,205.659,31.48
4.197,2.43,14.143,14.143,85.732,135672.82,4559.368,96.339,-7.607,44.366,-12.665,205.618,31.472
4.197,2.43,14.148,14.148,85.717,135754.767,4557.774,96.33,-7.598,44.366,-12.678,205.578,31.463
4.197,2.43,14.152,14.152,85.703,135836.815,4556.18,96.321,-7.59,44.366,-12.691,205.537,31.455
4.197,2.43,14.156,14.156,85.688,135918.953,4554.585,96.312,-7.581,44.365,-12.704,205.497,31.447
4.197,2.43,14.161,14.161,85.674,136001.182,4552.991,96.303,-7.573,44.365,-12.717,205.457,31.439
4.197,2.43,14.165,14.165,85.659,136083.522,4551.395,96.294,-7.564,44.365,-12.73,205.417,31.431
4.197,2.43,14.17,14.17,85.644,136165.991,4549.799,96.285,-7.555,44.365,-12.744,205.377,31.423
4.197,2.43,14.174,14.174,85.63,136248.605,4548.201,96.276,-7.547,44.364,-12.757,205.337,31.414
4.197,2.43,14.179,14.179,85.615,136331.379,4546.602,96.266,-7.538,44.364,-12.771,205.297,31.406
4.197,2.43,14.183,14.183,85.6,136414.319,4545.001,96.257,-7.529,44.364,-12.785,205.257,31.398
4.197,2.43,14.188,14.188,85.586,136497.429,4543.398,96.248,-7.52,44.364,-12.798,205.217,31.39
4.197,2.43,14.192,14.192,85.571,136580.712,4541.794,96.239,-7.512,44.364,-12.812,205.177,31.381
4.197,2.43,14.196,14.196,85.556,136664.169,4540.188,96.23,-7.503,44.364,-12.826,205.137,31.373
4.197,2.43,14.201,14.201,85.541,136747.803,4538.58,96.221,-7.494,44.364,-12.84,205.097,31.365
4.197,2.43,14.206,14.206,85.526,136831.619,4536.97,96.212,-7.485,44.364,-12.854,205.057,31.356
4.197,2.43,14.21,14.21,85.512,136915.62,4535.358,96.203,-7.476,44.363,-12.868,205.017,31.348
4.197,2.43,14.215,14.215,85.497,136999.809,4533.744,96.194,-7.467,44.363,-12.882,204.977,31.34
4.197,2.43,14.219,14.219,85.482,137084.189,4532.128,96.185,-7.458,44.363,-12.896,204.937,31.332
4.197,2.43,14.224,14.224,85.467,137168.762,4530.509,96.176,-7.449,44.363,-12.911,204.897,31.323
4.197,2.43,14.228,14.228,85.452,137253.528,4528.889,96.167,-7.44,44.363,-12.925,204.857,31.315
4.197,2.43,14.233,14.233,85.437,137338.49,4527.266,96.158,-7.431,44.363,-12.94,204.817,31.306
4.197,2.43,14.237,14.237,85.422,137423.649,4525.642,96.148,-7.422,44.363,-12.954,204.776,31.298
4.197,2.43,14.242,14.242,85.407,137509.005,4524.015,96.139,-7.413,44.363,-12.969,204.736,31.29
4.197,2.43,14.247,14.247,85.392,137594.56,4522.386,96.13,-7.404,44.363,-12.983,204.696,31.281
4.197,2.43,14.251,14.251,85.377,137680.314,4520.755,96.121,-7.395,44.363,-12.998,204.655,31.273
4.197,2.43,14.256,14.256,85.362,137766.268,4519.121,96.112,-7.386,44.363,-13.013,204.615,31.264
4.197,2.43,14.26,14.26,85.347,137852.423,4517.485,96.103,-7.377,44.363,-13.028,204.574,31.256
4.197,2.43,14.265,14.265,85.332,137938.779,4515.848,96.093,-7.368,44.363,-13.043,204.534,31.248
4.197,2.43,14.27,14.27,85.317,138025.337,4514.208,96.084,-7.359,44.363,-13.058,204.493,31.239
4.197,2.43,14.274,14.274,85.302,138112.097,4512.565,96.075,-7.349,44.363,-13.073,204.452,31.231
4.197,2.43,14.279,14.279,85.286,138199.06,4510.921,96.066,-7.34,44.363,-13.088,204.412,31.222
4.197,2.43,14.284,14.284,85.271,138286.225,4509.274,96.057,-7.331,44.363,-13.103,204.371,31.214
4.197,2.43,14.289,14.289,85.256,138373.593,4507.625,96.047,-7.322,44.363,-13.118,204.33,31.205
4.197,2.43,14.293,14.293,85.241,138461.165,4505.974,96.038,-7.313,44.363,-13.133,204.289,31.197
4.197,2.43,14.298,14.298,85.225,138548.939,4504.321,96.029,-7.303,44.363,-13.149,204.248,31.188
4.197,2.43,14.303,14.303,85.21,138636.916,4502.666,96.019,-7.294,44.363,-13.164,204.207,31.179
4.197,2.43,14.307,14.307,85.195,138725.097,4501.008,96.01,-7.285,44.363,-13.18,204.165,31.171
4.197,2.43,14.312,14.312,85.179,138813.482,4499.349,96.001,-7.275,44.363,-13.195,204.124,31.162
4.197,2.43,14.317,14.317,85.164,138902.069,4497.687,95.992,-7.266,44.363,-13.211,204.083,31.154
4.197,2.43,14.322,14.322,85.149,138990.861,4496.023,95.982,-7.257,44.363,-13.227,204.041,31.145
4.197,2.43,14.327,14.327,85.133,139079.855,4494.357,95.973,-7.247,44.363,-13.242,204.0,31.136
4.197,2.43,14.331,14.331,85.118,139169.053,4492.689,95.964,-7.238,44.363,-13.258,203.958,31.128
4.197,2.43,14.336,14.336,85.102,139258.453,4491.018,95.954,-7.229,44.363,-13.274,203.917,31.119
4.197,2.43,14.341,14.341,85.087,139348.057,4489.346,95.945,-7.219,44.363,-13.29,203.875,31.111
4.197,2.43,14.346,14.346,85.071,139437.863,4487.671,95.935,-7.21,44.363,-13.306,203.833,31.102
4.197,2.43,14.351,14.351,85.056,139527.872,4485.995,95.926,-7.2,44.363,-13.322,203.792,31.093
4.197,2.43,14.355,14.355,85.04,139618.085,4484.316,95.917,-7.191,44.363,-13.339,203.75,31.085
4.197,2.43,14.36,14.36,85.025,139708.503,4482.635,95.907,-7.181,44.363,-13.355,203.708,31.076
4.197,2.43,14.365,14.365,85.009,139799.124,4480.953,95.898,-7.172,44.363,-13.371,203.666,31.067
4.197,2.43,14.37,14.37,84.993,139889.946,4479.268,95.888,-7.162,44.363,-13.388,203.624,31.058
4.197,2.43,14.375,14.375,84.978,139980.968,4477.581,95.879,-7.153,44.363,-13.404,203.582,31.05
4.197,2.43,14.38,14.38,84.962,140072.186,4475.892,95.869,-7.143,44.363,-13.421,203.54,31.041
4.197,2.43,14.385,14.385,84.946,140163.602,4474.202,95.86,-7.134,44.363,-13.437,203.497,31.032
4.197,2.43,14.39,14.39,84.931,140255.222,4472.509,95.85,-7.124,44.363,-13.454,203.455,31.023
4.197,2.43,14.395,14.395,84.915,140347.057,4470.814,95.841,-7.115,44.363,-13.471,203.413,31.015
4.197,2.43,14.4,14.4,84.899,140439.114,4469.117,95.831,-7.105,44.363,-13.488,203.37,31.006
4.197,2.43,14.405,14.405,84.883,140531.4,4467.418,95.822,-7.096,44.363,-13.505,203.328,30.997
4.197,2.43,14.41,14.41,84.868,140623.892,4465.716,95.812,-7.086,44.363,-13.522,203.285,30.988
4.197,2.43,14.415,14.415,84.852,140716.556,4464.013,95.803,-7.076,44.363,-13.539,203.243,30.979
4.197,2.43,14.42,14.42,84.836,140809.362,4462.309,95.793,-7.067,44.363,-13.556,203.2,30.97
4.197,2.43,14.425,14.425,84.82,140902.285,4460.605,95.784,-7.057,44.364,-13.573,203.158,30.962
4.197,2.43,14.43,14.43,84.804,140995.391,4458.899,95.774,-7.047,44.364,-13.591,203.115,30.953
4.197,2.43,14.435,14.435,84.788,141088.811,4457.189,95.765,-7.037,44.364,-13.608,203.072,30.944
4.197,2.43,14.44,14.44,84.772,141182.67,4455.473,95.755,-7.028,44.364,-13.626,203.029,30.935
4.197,2.43,14.445,14.445,84.756,141277.076,4453.749,95.746,-7.018,44.364,-13.643,202.986,30.926
4.197,2.43,14.45,14.45,84.741,141371.864,4452.019,95.736,-7.008,44.364,-13.66,202.942,30.917
4.197,2.43,14.455,14.455,84.725,141466.538,4450.294,95.726,-6.999,44.364,-13.678,202.898,30.908
4.197,2.43,14.46,14.46,84.709,141560.625,4448.581,95.717,-6.989,44.364,-13.696,202.856,30.899
4.197,2.43,14.465,14.465,84.692,141653.698,4446.888,95.707,-6.978,44.364,-13.715,202.815,30.89
4.197,2.43,14.47,14.47,84.676,141746.141,4445.209,95.698,-6.968,44.365,-13.735,202.776,30.881
4.197,2.43,14.475,14.475,84.66,141839.801,4443.509,95.689,-6.957,44.366,-13.754,202.734,30.873
4.197,2.43,14.48,14.48,84.644,141936.554,4441.755,95.679,-6.948,44.366,-13.771,202.689,30.863
4.197,2.43,14.485,14.485,84.628,142038.095,4439.916,95.668,-6.94,44.364,-13.785,202.638,30.854
4.197,2.43,14.49,14.49,84.613,142143.446,4438.01,95.657,-6.933,44.362,-13.797,202.581,30.845
4.197,2.43,14.494,14.494,84.598,142245.839,4436.16,95.646,-6.925,44.36,-13.812,202.53,30.836
4.197,2.43,14.5,14.5,84.581,142338.597,4434.486,95.637,-6.914,44.362,-13.832,202.492,30.827
4.197,2.43,14.506,14.506,84.563,142415.547,4433.098,95.631,-6.898,44.367,-13.864,202.476,30.818
4.197,2.43,14.514,14.514,84.542,142473.533,4432.053,95.629,-6.875,44.377,-13.909,202.486,30.811
4.197,2.43,14.523,14.523,84.52,142521.616,4431.187,95.628,-6.849,44.389,-13.962,202.507,30.803
4.197,2.43,14.531,14.531,84.497,142573.255,4430.258,95.625,-6.824,44.401,-14.013,202.521,30.795
4.197,2.43,14.538,14.538,84.476,142645.031,4428.967,95.619,-6.805,44.407,-14.051,202.505,30.786
4.197,2.43,14.544,14.544,84.458,142745.851,4427.155,95.606,-6.796,44.405,-14.069,202.449,30.777
4.197,2.43,14.549,14.549,84.442,142864.053,4425.034,95.591,-6.791,44.4,-14.075,202.369,30.767
4.197,2.43,14.553,14.553,84.427,142985.792,4422.852,95.575,-6.788,44.393,-14.079,202.287,30.757
4.197,2.43,14.557,14.557,84.411,143100.507,4420.799,95.561,-6.783,44.389,-14.088,202.215,30.747
4.197,2.43,14.562,14.562,84.394,143207.615,4418.884,95.549,-6.775,44.387,-14.103,202.156,30.738
4.197,2.43,14.567,14.567,84.377,143310.746,4417.042,95.538,-6.766,44.386,-14.12,202.102,30.729
4.197,2.43,14.573,14.573,84.36,143412.967,4415.219,95.526,-6.757,44.385,-14.138,202.051,30.719
4.197,2.43,14.578,14.578,84.344,143516.417,4413.376,95.515,-6.748,44.384,-14.155,201.998,30.71
4.197,2.43,14.583,14.583,84.327,143620.862,4411.517,95.504,-6.739,44.383,-14.172,201.945,30.7
4.197,2.43,14.588,14.588,84.31,143725.564,4409.656,95.493,-6.73,44.381,-14.189,201.892,30.691
4.197,2.43,14.593,14.593,84.294,143829.881,4407.804,95.482,-6.721,44.38,-14.206,201.84,30.682
4.197,2.43,14.599,14.599,84.277,143933.48,4405.966,95.471,-6.712,44.38,-14.224,201.789,30.672
4.197,2.43,14.604,14.604,84.261,144036.581,4404.14,95.46,-6.702,44.379,-14.243,201.74,30.663
4.197,2.43,14.609,14.609,84.244,144139.445,4402.32,95.45,-6.692,44.379,-14.262,201.692,30.654
4.197,2.43,14.614,14.614,84.227,144242.301,4400.502,95.439,-6.683,44.378,-14.282,201.644,30.644
4.197,2.43,14.62,14.62,84.211,144345.27,4398.684,95.429,-6.673,44.378,-14.301,201.596,30.635
4.197,2.43,14.625,14.625,84.194,144448.337,4396.866,95.418,-6.663,44.378,-14.321,201.548,30.625
4.197,2.43,14.63,14.63,84.177,144551.48,4395.049,95.408,-6.653,44.378,-14.341,201.501,30.616
4.197,2.43,14.636,14.636,84.16,144654.679,4393.233,95.398,-6.643,44.378,-14.361,201.454,30.607
4.197,2.43,14.641,14.641,84.144,144757.944,4391.418,95.388,-6.633,44.378,-14.381,201.408,30.597
4.197,2.43,14.646,14.646,84.127,144861.309,4389.604,95.378,-6.623,44.378,-14.402,201.361,30.588
4.197,2.43,14.652,14.652,84.11,144964.808,4387.789,95.367,-6.612,44.378,-14.423,201.315,30.579
4.197,2.43,14.657,14.657,84.093,145068.47,4385.973,95.357,-6.602,44.378,-14.443,201.269,30.569
4.197,2.43,14.663,14.663,84.077,145172.31,4384.156,95.347,-6.592,44.378,-14.464,201.223,30.56
4.197,2.43,14.668,14.668,84.06,145276.338,4382.338,95.337,-6.581,44.378,-14.486,201.178,30.55
4.197,2.43,14.674,14.674,84.043,145380.561,4380.518,95.327,-6.571,44.378,-14.507,201.132,30.541
4.197,2.43,14.679,14.679,84.026,145484.986,4378.697,95.317,-6.561,44.378,-14.528,201.086,30.531
4.197,2.43,14.684,14.684,84.009,145589.62,4376.875,95.307,-6.55,44.378,-14.55,201.04,30.522
4.197,2.43,14.69,14.69,83.992,145694.473,4375.051,95.297,-6.54,44.379,-14.572,200.995,30.513
4.197,2.43,14.695,14.695,83.975,145799.552,4373.225,95.287,-6.529,44.379,-14.594,200.949,30.503
4.197,2.43,14.701,14.701,83.958,145904.861,4371.397,95.277,-6.519,44.379,-14.616,200.904,30.494
4.197,2.43,14.706,14.706,83.941,146010.407,4369.567,95.267,-6.508,44.379,-14.638,200.858,30.484
4.197,2.43,14.712,14.712,83.924,146116.192,4367.735,95.257,-6.498,44.38,-14.66,200.812,30.475
4.197,2.43,14.717,14.717,83.907,146222.218,4365.9,95.247,-6.487,44.38,-14.682,200.767,30.465
4.197,2.43,14.723,14.723,83.89,146328.488,4364.064,95.237,-6.477,44.38,-14.705,200.721,30.456
4.197,2.43,14.728,14.728,83.873,146435.005,4362.226,95.227,-6.466,44.38,-14.727,200.675,30.446
4.197,2.43,14.734,14.734,83.856,146541.768,4360.385,95.217,-6.455,44.381,-14.75,200.629,30.437
4.197,2.43,14.74,14.74,83.839,146648.781,4358.542,95.206,-6.445,44.381,-14.773,200.584,30.427
4.197,2.43,14.745,14.745,83.822,146756.043,4356.698,95.196,-6.434,44.381,-14.796,200.538,30.417
4.197,2.43,14.751,14.751,83.805,146863.555,4354.851,95.186,-6.423,44.381,-14.818,200.492,30.408
4.197,2.43,14.756,14.756,83.788,146971.317,4353.001,95.176,-6.413,44.382,-14.842,200.446,30.398
4.197,2.43,14.762,14.762,83.771,147079.329,4351.15,95.166,-6.402,44.382,-14.865,200.4,30.389
4.197,2.43,14.767,14.767,83.753,147187.592,4349.296,95.156,-6.391,44.382,-14.888,200.354,30.379
4.197,2.43,14.773,14.773,83.736,147296.104,4347.441,95.146,-6.381,44.383,-14.911,200.307,30.37
4.197,2.43,14.779,14.779,83.719,147404.866,4345.583,95.136,-6.37,44.383,-14.935,200.261,30.36
4.197,2.43,14.784,14.784,83.702,147513.876,4343.723,95.126,-6.359,44.383,-14.958,200.215,30.35
4.197,2.43,14.79,14.79,83.685,147623.134,4341.862,95.115,-6.349,44.383,-14.982,200.168,30.341
4.197,2.43,14.796,14.796,83.667,147732.64,4339.998,95.105,-6.338,44.384,-15.006,200.122,30.331
4.197,2.43,14.801,14.801,83.65,147842.391,4338.132,95.095,-6.327,44.384,-15.03,200.076,30.321
4.197,2.43,14.807,14.807,83.633,147952.387,4336.264,95.085,-6.316,44.384,-15.054,200.029,30.312
4.197,2.43,14.812,14.812,83.615,148062.627,4334.394,95.075,-6.305,44.385,-15.078,199.982,30.302
4.197,2.43,14.818,14.818,83.598,148173.11,4332.523,95.064,-6.295,44.385,-15.102,199.936,30.292
4.197,2.43,14.824,14.824,83.581,148283.834,4330.649,95.054,-6.284,44.385,-15.127,199.889,30.283
4.197,2.43,14.83,14.83,83.563,148394.798,4328.774,95.044,-6.273,44.385,-15.151,199.842,30.273
4.197,2.43,14.835,14.835,83.546,148506.002,4326.896,95.034,-6.262,44.386,-15.176,199.795,30.263
4.197,2.43,14.841,14.841,83.529,148617.442,4325.017,95.023,-6.251,44.386,-15.2,199.748,30.253
4.197,2.43,14.847,14.847,83.511,148729.118,4323.137,95.013,-6.241,44.386,-15.225,199.701,30.244
4.197,2.43,14.852,14.852,83.494,148841.029,4321.254,95.003,-6.23,44.387,-15.25,199.654,30.234
4.197,2.43,14.858,14.858,83.476,148953.173,4319.37,94.993,-6.219,44.387,-15.275,199.607,30.224
4.197,2.43,14.864,14.864,83.459,149065.548,4317.484,94.982,-6.208,44.387,-15.3,199.559,30.214
4.197,2.43,14.87,14.87,83.441,149178.152,4315.597,94.972,-6.197,44.387,-15.325,199.512,30.205
4.197,2.43,14.875,14.875,83.424,149290.985,4313.708,94.962,-6.186,44.388,-15.351,199.465,30.195
4.197,2.43,14.881,14.881,83.406,149404.044,4311.817,94.951,-6.175,44.388,-15.376,199.417,30.185
4.197,2.43,14.887,14.887,83.389,149517.328,4309.925,94.941,-6.164,44.388,-15.402,199.37,30.175
4.197,2.43,14.893,14.893,83.371,149630.835,4308.032,94.931,-6.153,44.389,-15.427,199.322,30.165
4.197,2.43,14.898,14.898,83.354,149744.563,4306.137,94.92,-6.143,44.389,-15.453,199.274,30.156
4.197,2.43,14.904,14.904,83.336,149858.51,4304.241,94.91,-6.132,44.389,-15.479,199.227,30.146
4.197,2.43,14.91,14.91,83.319,149972.676,4302.343,94.9,-6.121,44.389,-15.505,199.179,30.136
4.197,2.43,14.916,14.916,83.301,150087.057,4300.444,94.889,-6.11,44.39,-15.531,199.131,30.126
4.197,2.43,14.922,14.922,83.283,150201.653,4298.544,94.879,-6.099,44.39,-15.557,199.083,30.116
4.197,2.43,14.928,14.928,83.266,150316.461,4296.643,94.868,-6.088,44.39,-15.584,199.035,30.106
4.197,2.43,14.933,14.933,83.248,150431.48,4294.74,94.858,-6.077,44.391,-15.61,198.987,30.097
4.197,2.43,14.939,14.939,83.231,150546.707,4292.836,94.848,-6.066,44.391,-15.637,198.939,30.087
4.197,2.43,14.945,14.945,83.213,150662.141,4290.932,94.837,-6.055,44.391,-15.663,198.891,30.077
4.197,2.43,14.951,14.951,83.195,150777.78,4289.026,94.827,-6.044,44.392,-15.69,198.842,30.067
4.197,2.43,14.957,14.957,83.178,150893.623,4287.119,94.816,-6.033,44.392,-15.717,198.794,30.057
4.197,2.43,14.963,14.963,83.16,151009.666,4285.211,94.806,-6.022,44.392,-15.744,198.746,30.047
4.197,2.43,14.969,14.969,83.142,151125.907,4283.302,94.796,-6.011,44.392,-15.771,198.697,30.037
4.197,2.43,14.975,14.975,83.124,151242.345,4281.392,94.785,-6.0,44.393,-15.799,198.649,30.027
4.197,2.43,14.981,14.981,83.107,151358.979,4279.482,94.775,-5.989,44.393,-15.826,198.6,30.017
4.197,2.43,14.986,14.986,83.089,151475.808,4277.57,94.764,-5.977,44.393,-15.854,198.552,30.008
4.197,2.43,14.992,14.992,83.071,151592.832,4275.658,94.754,-5.966,44.394,-15.881,198.503,29.998
4.197,2.43,14.998,14.998,83.053,151710.046,4273.744,94.743,-5.955,44.394,-15.909,198.454,29.988
4.197,2.43,15.004,15.004,83.035,151827.446,4271.831,94.733,-5.944,44.394,-15.937,198.406,29.978
4.197,2.43,15.01,15.01,83.018,151945.028,4269.916,94.722,-5.933,44.395,-15.965,198.357,29.968
4.197,2.43,15.016,15.016,83.0,152062.789,4268.001,94.712,-5.922,44.395,-15.993,198.308,29.958
4.197,2.43,15.022,15.022,82.982,152180.744,4266.085,94.701,-5.911,44.395,-16.022,198.259,29.948
4.197,2.43,15.028,15.028,82.964,152298.908,4264.168,94.691,-5.9,44.396,-16.05,198.21,29.938
4.197,2.43,15.034,15.034,82.946,152417.294,4262.25,94.68,-5.888,44.396,-16.079,198.161,29.928
4.197,2.43,15.04,15.04,82.928,152535.885,4260.331,94.67,-5.877,44.396,-16.108,198.112,29.918
4.197,2.43,15.046,15.046,82.911,152654.618,4258.412,94.659,-5.866,44.397,-16.137,198.063,29.908
4.197,2.43,15.052,15.052,82.893,152773.437,4256.494,94.649,-5.855,44.397,-16.166,198.014,29.898
4.197,2.43,15.058,15.058,82.875,152892.32,4254.577,94.638,-5.844,44.397,-16.195,197.966,29.888
4.197,2.43,15.064,15.064,82.857,153011.441,4252.659,94.628,-5.832,44.398,-16.225,197.917,29.878
4.197,2.43,15.071,15.071,82.839,153131.031,4250.735,94.617,-5.821,44.398,-16.254,197.868,29.868
4.197,2.43,15.077,15.077,82.821,153251.296,4248.804,94.607,-5.81,44.398,-16.283,197.818,29.858
4.197,2.43,15.083,15.083,82.803,153372.01,4246.867,94.596,-5.799,44.399,-16.312,197.768,29.848
4.197,2.43,15.089,15.089,82.785,153492.319,4244.939,94.586,-5.788,44.399,-16.342,197.718,29.838
4.197,2.43,15.095,15.095,82.767,153611.391,4243.033,94.575,-5.776,44.4,-16.373,197.671,29.828
4.197,2.43,15.101,15.101,82.749,153728.837,4241.156,94.565,-5.764,44.401,-16.406,197.625,29.818
4.197,2.43,15.107,15.107,82.731,153846.992,4239.27,94.555,-5.752,44.402,-16.439,197.579,29.808
4.197,2.43,15.113,15.113,82.713,153969.203,4237.321,94.545,-5.741,44.402,-16.469,197.528,29.798
4.197,2.43,15.119,15.119,82.695,154098.44,4235.263,94.533,-5.732,44.4,-16.492,197.468,29.788
4.197,2.43,15.124,15.124,82.679,154231.589,4233.145,94.52,-5.724,44.398,-16.512,197.404,29.777
4.197,2.43,15.13,15.13,82.661,154356.671,4231.159,94.509,-5.714,44.398,-16.54,197.351,29.767
4.197,2.43,15.137,15.137,82.642,154462.431,4229.481,94.502,-5.698,44.402,-16.585,197.323,29.757
4.197,2.43,15.146,15.146,82.619,154540.258,4228.247,94.499,-5.673,44.413,-16.657,197.329,29.749
4.197,2.43,15.157,15.157,82.594,154600.785,4227.289,94.499,-5.643,44.428,-16.745,197.355,29.74
4.197,2.43,15.167,15.167,82.569,154666.236,4226.253,94.497,-5.614,44.441,-16.831,197.372,29.731
4.197,2.43,15.175,15.175,82.546,154763.093,4224.721,94.489,-5.595,44.447,-16.89,197.348,29.722
4.197,2.43,15.181,15.181,82.527,154897.444,4222.599,94.475,-5.586,44.445,-16.913,197.276,29.711
4.197,2.43,15.186,15.186,82.51,155048.269,4220.22,94.458,-5.582,44.438,-16.922,197.184,29.7
4.197,2.43,15.192,15.192,82.493,155195.155,4217.907,94.442,-5.577,44.432,-16.934,197.1,29.689
4.197,2.43,15.197,15.197,82.475,155330.591,4215.777,94.428,-5.569,44.43,-16.957,197.03,29.679
4.197,2.43,15.203,15.203,82.456,155459.801,4213.747,94.416,-5.559,44.429,-16.986,196.97,29.668
4.197,2.43,15.21,15.21,82.438,155587.837,4211.739,94.404,-5.548,44.428,-17.016,196.912,29.658
4.197,2.43,15.216,15.216,82.419,155717.672,4209.705,94.392,-5.538,44.427,-17.044,196.852,29.648
4.197,2.43,15.222,15.222,82.401,155848.533,4207.658,94.379,-5.528,44.426,-17.073,196.792,29.637
4.197,2.43,15.228,15.228,82.383,155979.239,4205.616,94.367,-5.518,44.424,-17.101,196.732,29.627
4.197,2.43,15.234,15.234,82.364,156108.919,4203.593,94.355,-5.508,44.424,-17.131,196.674,29.617
4.197,2.43,15.24,15.24,82.346,156237.695,4201.586,94.344,-5.497,44.423,-17.162,196.618,29.606
4.197,2.43,15.246,15.246,82.328,156365.986,4199.59,94.332,-5.487,44.423,-17.193,196.563,29.596
4.197,2.43,15.253,15.253,82.31,156494.151,4197.598,94.321,-5.476,44.423,-17.225,196.508,29.586
4.197,2.43,15.259,15.259,82.291,156622.328,4195.609,94.31,-5.465,44.423,-17.258,196.454,29.576
4.197,2.43,15.265,15.265,82.273,156750.48,4193.622,94.299,-5.454,44.422,-17.291,196.401,29.565
4.197,2.43,15.271,15.271,82.255,156878.567,4191.639,94.288,-5.443,44.423,-17.324,196.348,29.555
4.197,2.43,15.278,15.278,82.236,157006.581,4189.66,94.277,-5.431,44.423,-17.358,196.295,29.545
4.197,2.43,15.284,15.284,82.218,157134.571,4187.683,94.266,-5.42,44.423,-17.392,196.243,29.535
4.197,2.43,15.29,15.29,82.2,157262.591,4185.709,94.255,-5.409,44.423,-17.426,196.191,29.524
4.197,2.43,15.296,15.296,82.182,157390.684,4183.736,94.244,-5.397,44.423,-17.461,196.14,29.514
4.197,2.43,15.303,15.303,82.163,157518.876,4181.764,94.233,-5.386,44.424,-17.496,196.088,29.504
4.197,2.43,15.309,15.309,82.145,157647.179,4179.793,94.223,-5.375,44.424,-17.531,196.037,29.494
4.197,2.43,15.315,15.315,82.127,157775.607,4177.823,94.212,-5.363,44.424,-17.567,195.986,29.483
4.197,2.43,15.322,15.322,82.108,157904.17,4175.853,94.201,-5.351,44.425,-17.603,195.935,29.473
4.197,2.43,15.328,15.328,82.09,158032.885,4173.883,94.191,-5.34,44.425,-17.639,195.885,29.463
4.197,2.43,15.334,15.334,82.072,158161.763,4171.913,94.18,-5.328,44.426,-17.675,195.834,29.453
4.197,2.43,15.341,15.341,82.053,158290.817,4169.944,94.169,-5.317,44.426,-17.712,195.784,29.442
4.197,2.43,15.347,15.347,82.035,158420.053,4167.973,94.159,-5.305,44.427,-17.749,195.733,29.432
4.197,2.43,15.354,15.354,82.017,158549.479,4166.003,94.148,-5.293,44.427,-17.786,195.683,29.422
4.197,2.43,15.36,15.36,81.998,158679.101,4164.032,94.138,-5.282,44.428,-17.824,195.632,29.412
4.197,2.43,15.366,15.366,81.98,158808.922,4162.061,94.127,-5.27,44.429,-17.861,195.582,29.401
4.197,2.43,15.373,15.373,81.961,158938.949,4160.089,94.116,-5.258,44.429,-17.899,195.532,29.391
4.197,2.43,15.379,15.379,81.943,159069.184,4158.116,94.106,-5.246,44.43,-17.937,195.482,29.381
4.197,2.43,15.386,15.386,81.925,159199.631,4156.143,94.095,-5.235,44.43,-17.975,195.431,29.371
4.197,2.43,15.392,15.392,81.906,159330.292,4154.169,94.085,-5.223,44.431,-18.014,195.381,29.36
4.197,2.43,15.398,15.398,81.888,159461.17,4152.194,94.074,-5.211,44.432,-18.052,195.331,29.35
4.197,2.43,15.405,15.405,81.869,159592.265,4150.219,94.064,-5.199,44.432,-18.091,195.28,29.34
4.197,2.43,15.411,15.411,81.851,159723.58,4148.243,94.053,-5.188,44.433,-18.13,195.23,29.329
4.197,2.43,15.418,15.418,81.833,159855.114,4146.266,94.043,-5.176,44.433,-18.169,195.18,29.319
4.197,2.43,15.424,15.424,81.814,159986.87,4144.289,94.032,-5.164,44.434,-18.209,195.13,29.309
4.197,2.43,15.431,15.431,81.796,160118.846,4142.31,94.022,-5.152,44.435,-18.249,195.079,29.299
4.197,2.43,15.437,15.437,81.777,160251.044,4140.331,94.011,-5.14,44.435,-18.289,195.029,29.288
4.197,2.43,15.444,15.444,81.759,160383.464,4138.352,94.0,-5.129,44.436,-18.329,194.978,29.278
4.197,2.43,15.45,15.45,81.74,160516.104,4136.371,93.99,-5.117,44.437,-18.369,194.928,29.268
4.197,2.43,15.456,15.456,81.722,160648.966,4134.39,93.979,-5.105,44.437,-18.41,194.878,29.257
4.197,2.43,15.463,15.463,81.703,160782.049,4132.408,93.969,-5.093,44.438,-18.45,194.827,29.247
4.197,2.43,15.469,15.469,81.685,160915.351,4130.425,93.958,-5.081,44.439,-18.491,194.777,29.237
4.197,2.43,15.476,15.476,81.667,161048.873,4128.442,93.948,-5.069,44.439,-18.532,194.726,29.226
4.197,2.43,15.482,15.482,81.648,161182.613,4126.458,93.937,-5.058,44.44,-18.574,194.676,29.216
4.197,2.43,15.489,15.489,81.63,161316.572,4124.474,93.927,-5.046,44.44,-18.615,194.625,29.206
4.197,2.43,15.495,15.495,81.611,161450.747,4122.489,93.916,-5.034,44.441,-18.657,194.574,29.195
4.197,2.43,15.502,15.502,81.593,161585.139,4120.503,93.906,-5.022,44.442,-18.699,194.524,29.185
4.197,2.43,15.509,15.509,81.574,161719.746,4118.517,93.895,-5.01,44.442,-18.741,194.473,29.175
4.197,2.43,15.515,15.515,81.556,161854.567,4116.53,93.884,-4.998,44.443,-18.784,194.423,29.164
4.197,2.43,15.522,15.522,81.537,161989.601,4114.542,93.874,-4.986,44.444,-18.827,194.372,29.154
4.197,2.43,15.528,15.528,81.519,162124.847,4112.555,93.863,-4.974,44.444,-18.869,194.321,29.144
4.197,2.43,15.535,15.535,81.5,162260.304,4110.566,93.853,-4.962,44.445,-18.913,194.27,29.133
4.197,2.43,15.541,15.541,81.482,162395.97,4108.577,93.842,-4.951,44.446,-18.956,194.22,29.123
4.197,2.43,15.548,15.548,81.463,162531.845,4106.588,93.832,-4.939,44.446,-18.999,194.169,29.113
4.197,2.43,15.554,15.554,81.444,162667.928,4104.599,93.821,-4.927,44.447,-19.043,194.118,29.102
4.197,2.43,15.561,15.561,81.426,162804.216,4102.609,93.811,-4.915,44.448,-19.087,194.067,29.092
4.197,2.43,15.567,15.567,81.407,162940.709,4100.618,93.8,-4.903,44.449,-19.131,194.016,29.082
4.197,2.43,15.574,15.574,81.389,163077.405,4098.628,93.789,-4.891,44.449,-19.176,193.965,29.071
4.197,2.43,15.581,15.581,81.37,163214.304,4096.637,93.779,-4.879,44.45,-19.221,193.914,29.061
4.197,2.43,15.587,15.587,81.352,163351.403,4094.645,93.768,-4.867,44.451,-19.266,193.863,29.05
4.197,2.43,15.594,15.594,81.333,163488.702,4092.654,93.758,-4.855,44.451,-19.311,193.812,29.04
4.197,2.43,15.6,15.6,81.315,163626.199,4090.662,93.747,-4.843,44.452,-19.356,193.761,29.03
4.197,2.43,15.607,15.607,81.296,163763.894,4088.67,93.737,-4.831,44.453,-19.402,193.71,29.019
4.197,2.43,15.614,15.614,81.278,163901.783,4086.678,93.726,-4.819,44.453,-19.448,193.659,29.009
4.197,2.43,15.62,15.62,81.259,164039.867,4084.686,93.716,-4.807,44.454,-19.494,193.608,28.999
4.197,2.43,15.627,15.627,81.24,164178.143,4082.693,93.705,-4.795,44.455,-19.54,193.557,28.988
4.197,2.43,15.634,15.634,81.222,164316.611,4080.701,93.694,-4.784,44.455,-19.587,193.506,28.978
4.197,2.43,15.64,15.64,81.203,164455.269,4078.708,93.684,-4.772,44.456,-19.634,193.455,28.967
4.197,2.43,15.647,15.647,81.185,164594.116,4076.715,93.673,-4.76,44.457,-19.681,193.403,28.957
4.197,2.43,15.653,15.653,81.166,164733.151,4074.723,93.663,-4.748,44.458,-19.728,193.352,28.947
4.197,2.43,15.66,15.66,81.148,164872.372,4072.73,93.652,-4.736,44.458,-19.776,193.301,28.936
4.197,2.43,15.667,15.667,81.129,165011.779,4070.737,93.642,-4.724,44.459,-19.824,193.25,28.926
4.197,2.43,15.673,15.673,81.11,165151.369,4068.745,93.631,-4.712,44.46,-19.872,193.198,28.916
4.197,2.43,15.68,15.68,81.092,165291.143,4066.752,93.621,-4.7,44.46,-19.92,193.147,28.905
4.197,2.43,15.687,15.687,81.073,165431.097,4064.76,93.61,-4.688,44.461,-19.969,193.096,28.895
4.197,2.43,15.693,15.693,81.055,165571.233,4062.767,93.6,-4.676,44.462,-20.018,193.044,28.884
4.197,2.43,15.7,15.7,81.036,165711.547,4060.775,93.589,-4.664,44.463,-20.067,192.993,28.874
4.197,2.43,15.707,15.707,81.018,165852.04,4058.783,93.578,-4.652,44.463,-20.117,192.942,28.864
4.197,2.43,15.713,15.713,80.999,165992.709,4056.791,93.568,-4.64,44.464,-20.167,192.89,28.853
4.197,2.43,15.72,15.72,80.98,166133.554,4054.799,93.557,-4.628,44.465,-20.217,192.839,28.843
4.197,2.43,15.727,15.727,80.962,166274.574,4052.807,93.547,-4.616,44.466,-20.267,192.788,28.832
4.197,2.43,15.734,15.734,80.943,166415.767,4050.816,93.536,-4.604,44.466,-20.317,192.736,28.822
4.197,2.43,15.74,15.74,80.925,166557.132,4048.824,93.526,-4.592,44.467,-20.368,192.685,28.812
4.197,2.43,15.747,15.747,80.906,166698.668,4046.833,93.515,-4.58,44.468,-20.42,192.633,28.801
4.197,2.43,15.754,15.754,80.887,166840.374,4044.843,93.505,-4.568,44.469,-20.471,192.582,28.791
4.197,2.43,15.76,15.76,80.869,166982.249,4042.853,93.494,-4.556,44.469,-20.523,192.53,28.78
4.197,2.43,15.767,15.767,80.85,167124.292,4040.862,93.484,-4.544,44.47,-20.575,192.479,28.77
4.197,2.43,15.774,15.774,80.832,167266.5,4038.873,93.473,-4.532,44.471,-20.627,192.427,28.76
4.197,2.43,15.781,15.781,80.813,167408.874,4036.884,93.463,-4.52,44.472,-20.68,192.376,28.749
4.197,2.43,15.787,15.787,80.794,167551.412,4034.895,93.452,-4.508,44.472,-20.732,192.324,28.739
4.197,2.43,15.794,15.794,80.776,167694.113,4032.906,93.442,-4.495,44.473,-20.786,192.273,28.729
4.197,2.43,15.801,15.801,80.757,167836.976,4030.918,93.431,-4.483,44.474,-20.839,192.221,28.718
4.197,2.43,15.808,15.808,80.739,167980.0,4028.93,93.421,-4.471,44.475,-20.893,192.17,28.708
4.197,2.43,15.814,15.814,80.72,168123.183,4026.943,93.41,-4.459,44.475,-20.947,192.118,28.697
4.197,2.43,15.821,15.821,80.702,168266.524,4024.956,93.4,-4.447,44.476,-21.001,192.067,28.687
4.197,2.43,15.828,15.828,80.683,168410.022,4022.97,93.389,-4.435,44.477,-21.056,192.015,28.677
4.197,2.43,15.835,15.835,80.664,168553.676,4020.984,93.379,-4.423,44.478,-21.111,191.963,28.666
4.197,2.43,15.842,15.842,80.646,168697.486,4018.999,93.368,-4.411,44.479,-21.167,191.912,28.656
4.197,2.43,15.848,15.848,80.627,168841.449,4017.015,93.358,-4.399,44.479,-21.222,191.86,28.646
4.197,2.43,15.855,15.855,80.609,168985.564,4015.031,93.347,-4.387,44.48,-21.278,191.809,28.635
4.197,2.43,15.862,15.862,80.59,169129.831,4013.047,93.337,-4.375,44.481,-21.335,191.757,28.625
4.197,2.43,15.869,15.869,80.571,169274.248,4011.064,93.327,-4.363,44.482,-21.391,191.705,28.614
4.197,2.43,15.876,15.876,80.553,169418.815,4009.082,93.316,-4.351,44.483,-21.448,191.654,28.604
4.197,2.43,15.882,15.882,80.534,169563.529,4007.1,93.306,-4.339,44.483,-21.506,191.602,28.594
4.197,2.43,15.889,15.889,80.516,169708.39,4005.119,93.295,-4.327,44.484,-21.563,191.55,28.583
4.197,2.43,15.896,15.896,80.497,169853.397,4003.139,93.285,-4.315,44.485,-21.621,191.499,28.573
4.197,2.43,15.903,15.903,80.479,169998.548,4001.16,93.274,-4.302,44.486,-21.68,191.447,28.563
4.197,2.43,15.91,15.91,80.46,170143.842,3999.181,93.264,-4.29,44.487,-21.738,191.395,28.552
4.197,2.43,15.917,15.917,80.441,170289.279,3997.203,93.254,-4.278,44.488,-21.797,191.344,28.542
4.197,2.43,15.924,15.924,80.423,170434.857,3995.225,93.243,-4.266,44.488,-21.857,191.292,28.532
4.197,2.43,15.93,15.93,80.404,170580.575,3993.249,93.233,-4.254,44.489,-21.916,191.24,28.521
4.197,2.43,15.937,15.937,80.386,170726.432,3991.273,93.222,-4.242,44.49,-21.976,191.189,28.511
4.197,2.43,15.944,15.944,80.367,170872.426,3989.298,93.212,-4.23,44.491,-22.037,191.137,28.5
4.197,2.43,15.951,15.951,80.349,171018.558,3987.324,93.202,-4.218,44.492,-22.098,191.085,28.49
4.197,2.43,15.958,15.958,80.33,171164.826,3985.35,93.191,-4.206,44.493,-22.159,191.034,28.48
4.197,2.43,15.965,15.965,80.312,171311.231,3983.378,93.181,-4.193,44.494,-22.22,190.982,28.469
4.197,2.43,15.972,15.972,80.293,171457.772,3981.406,93.17,-4.181,44.495,-22.282,190.931,28.459
4.197,2.43,15.979,15.979,80.274,171604.45,3979.435,93.16,-4.169,44.495,-22.345,190.879,28.449
4.197,2.43,15.985,15.985,80.256,171751.265,3977.465,93.15,-4.157,44.496,-22.407,190.827,28.438
4.197,2.43,15.992,15.992,80.237,171898.216,3975.496,93.139,-4.145,44.497,-22.471,190.776,28.428
4.197,2.43,15.999,15.999,80.219,172045.305,3973.528,93.129,-4.133,44.498,-22.534,190.724,28.418
4.197,2.43,16.006,16.006,80.2,172192.532,3971.56,93.119,-4.121,44.499,-22.598,190.673,28.407
4.197,2.43,16.013,16.013,80.182,172339.897,3969.593,93.108,-4.108,44.5,-22.662,190.621,28.397
4.197,2.43,16.02,16.02,80.163,172487.402,3967.627,93.098,-4.096,44.501,-22.727,190.57,28.387
4.197,2.43,16.027,16.027,80.145,172635.047,3965.662,93.088,-4.084,44.502,-22.792,190.518,28.376
4.197,2.43,16.034,16.034,80.126,172782.832,3963.698,93.078,-4.072,44.503,-22.858,190.467,28.366
4.197,2.43,16.041,16.041,80.108,172930.759,3961.734,93.067,-4.06,44.504,-22.924,190.415,28.356
4.197,2.43,16.048,16.048,80.089,173078.828,3959.771,93.057,-4.048,44.505,-22.99,190.364,28.346
4.197,2.43,16.055,16.055,80.071,173227.041,3957.809,93.047,-4.035,44.506,-23.057,190.312,28.335
4.197,2.43,16.062,16.062,80.052,173375.397,3955.847,93.036,-4.023,44.507,-23.125,190.261,28.325
4.197,2.43,16.069,16.069,80.034,173523.899,3953.887,93.026,-4.011,44.508,-23.192,190.21,28.315
4.197,2.43,16.076,16.076,80.015,173672.548,3951.927,93.016,-3.999,44.509,-23.261,190.158,28.304
4.197,2.43,16.083,16.083,79.997,173821.343,3949.968,93.006,-3.987,44.51,-23.329,190.107,28.294
4.197,2.43,16.089,16.089,79.978,173970.286,3948.009,92.996,-3.974,44.511,-23.398,190.056,28.284
4.197,2.43,16.096,16.096,79.96,174119.379,3946.051,92.985,-3.962,44.512,-23.468,190.004,28.273
4.197,2.43,16.103,16.103,79.941,174268.622,3944.094,92.975,-3.95,44.513,-23.538,189.953,28.263
4.197,2.43,16.11,16.11,79.923,174418.017,3942.138,92.965,-3.938,44.514,-23.608,189.902,28.253
4.197,2.43,16.117,16.117,79.904,174567.564,3940.182,92.955,-3.926,44.515,-23.679,189.851,28.242
4.197,2.43,16.124,16.124,79.886,174717.264,3938.227,92.945,-3.913,44.516,-23.751,189.8,28.232
4.197,2.43,16.131,16.131,79.867,174867.119,3936.272,92.934,-3.901,44.517,-23.823,189.748,28.222
4.197,2.43,16.138,16.138,79.849,175017.13,3934.318,92.924,-3.889,44.518,-23.895,189.697,28.212
4.197,2.43,16.145,16.145,79.83,175167.297,3932.365,92.914,-3.877,44.519,-23.968,189.646,28.201
4.197,2.43,16.152,16.152,79.812,175317.623,3930.412,92.904,-3.864,44.52,-24.041,189.595,28.191
4.197,2.43,16.159,16.159,79.793,175468.107,3928.46,92.894,-3.852,44.521,-24.115,189.544,28.181
4.197,2.43,16.166,16.166,79.775,175618.752,3926.508,92.884,-3.84,44.522,-24.189,189.493,28.171
4.197,2.43,16.173,16.173,79.757,175769.558,3924.557,92.874,-3.828,44.523,-24.264,189.442,28.16
4.197,2.43,16.18,16.18,79.738,175920.526,3922.606,92.864,-3.815,44.524,-24.339,189.391,28.15
4.197,2.43,16.187,16.187,79.72,176071.659,3920.656,92.854,-3.803,44.525,-24.415,189.34,28.14
4.197,2.43,16.194,16.194,79.701,176222.955,3918.707,92.843,-3.791,44.526,-24.492,189.289,28.129
4.197,2.43,16.201,16.201,79.683,176374.418,3916.758,92.833,-3.779,44.527,-24.569,189.238,28.119
4.197,2.43,16.208,16.208,79.664,176526.048,3914.81,92.823,-3.766,44.529,-24.646,189.187,28.109
4.197,2.43,16.215,16.215,79.646,176677.846,3912.862,92.813,-3.754,44.53,-24.724,189.136,28.099
4.197,2.43,16.222,16.222,79.628,176829.814,3910.914,92.803,-3.742,44.531,-24.802,189.086,28.088
4.197,2.43,16.23,16.23,79.609,176981.952,3908.967,92.793,-3.729,44.532,-24.881,189.035,28.078
4.197,2.43,16.237,16.237,79.591,177134.261,3907.02,92.783,-3.717,44.533,-24.961,188.984,28.068
4.197,2.43,16.244,16.244,79.572,177286.744,3905.074,92.773,-3.705,44.534,-25.041,188.933,28.058
4.197,2.43,16.251,16.251,79.554,177439.401,3903.128,92.763,-3.693,44.535,-25.122,188.882,28.047
4.197,2.43,16.258,16.258,79.536,177592.232,3901.183,92.753,-3.68,44.536,-25.203,188.832,28.037
4.197,2.43,16.265,16.265,79.517,177745.241,3899.238,92.743,-3.668,44.538,-25.285,188.781,28.027
4.197,2.43,16.272,16.272,79.499,177898.426,3897.294,92.733,-3.656,44.539,-25.367,188.73,28.017
4.197,2.43,16.279,16.279,79.48,178051.79,3895.35,92.723,-3.643,44.54,-25.45,188.68,28.006
4.197,2.43,16.286,16.286,79.462,178205.331,3893.406,92.713,-3.631,44.541,-25.534,188.629,27.996
4.197,2.43,16.293,16.293,79.444,178359.051,3891.462,92.703,-3.619,44.542,-25.618,188.578,27.986
4.197,2.43,16.3,16.3,79.425,178512.949,3889.519,92.693,-3.606,44.543,-25.702,188.528,27.976
4.197,2.43,16.307,16.307,79.407,178667.026,3887.577,92.683,-3.594,44.545,-25.787,188.477,27.966
4.197,2.43,16.314,16.314,79.389,178821.279,3885.635,92.673,-3.582,44.546,-25.873,188.426,27.955
4.197,2.43,16.321,16.321,79.37,178975.71,3883.693,92.663,-3.57,44.547,-25.96,188.376,27.945
4.197,2.43,16.328,16.328,79.352,179130.317,3881.752,92.654,-3.557,44.548,-26.047,188.325,27.935
4.197,2.43,16.335,16.335,79.334,179285.099,3879.811,92.644,-3.545,44.549,-26.134,188.275,27.925
4.197,2.43,16.342,16.342,79.315,179440.055,3877.87,92.634,-3.533,44.551,-26.222,188.224,27.914
4.197,2.43,16.349,16.349,79.297,179595.185,3875.93,92.624,-3.52,44.552,-26.311,188.173,27.904
4.197,2.43,16.356,16.356,79.279,179750.487,3873.991,92.614,-3.508,44.553,-26.4,188.123,27.894
4.197,2.43,16.363,16.363,79.26,179905.961,3872.052,92.604,-3.496,44.554,-26.49,188.072,27.884
4.197,2.43,16.371,16.371,79.242,180061.604,3870.114,92.594,-3.483,44.555,-26.581,188.022,27.874
4.197,2.43,16.378,16.378,79.224,180217.417,3868.176,92.584,-3.471,44.556,-26.672,187.971,27.863
4.197,2.43,16.385,16.385,79.205,180373.396,3866.239,92.574,-3.459,44.558,-26.764,187.92,27.853
4.197,2.43,16.392,16.392,79.187,180529.542,3864.302,92.564,-3.447,44.559,-26.857,187.87,27.843
4.197,2.43,16.399,16.399,79.169,180685.853,3862.366,92.555,-3.434,44.56,-26.95,187.819,27.833
4.197,2.43,16.406,16.406,79.151,180842.327,3860.43,92.545,-3.422,44.561,-27.044,187.769,27.823
4.197,2.43,16.413,16.413,79.132,180998.962,3858.496,92.535,-3.41,44.563,-27.138,187.718,27.813
4.197,2.43,16.42,16.42,79.114,181155.758,3856.561,92.525,-3.397,44.564,-27.233,187.667,27.802
4.197,2.43,16.427,16.427,79.096,181312.714,3854.628,92.515,-3.385,44.565,-27.329,187.617,27.792
4.197,2.43,16.434,16.434,79.078,181469.826,3852.695,92.505,-3.373,44.566,-27.426,187.566,27.782
4.197,2.43,16.441,16.441,79.059,181627.095,3850.763,92.495,-3.361,44.567,-27.523,187.516,27.772
4.197,2.43,16.448,16.448,79.041,181784.518,3848.832,92.486,-3.348,44.569,-27.621,187.465,27.762
4.197,2.43,16.456,16.456,79.023,181942.094,3846.901,92.476,-3.336,44.57,-27.719,187.415,27.752
4.197,2.43,16.463,16.463,79.005,182099.821,3844.971,92.466,-3.324,44.571,-27.819,187.364,27.741
4.197,2.43,16.47,16.47,78.986,182257.699,3843.043,92.456,-3.312,44.572,-27.919,187.313,27.731
4.197,2.43,16.477,16.477,78.968,182415.724,3841.114,92.446,-3.299,44.573,-28.019,187.263,27.721
4.197,2.43,16.484,16.484,78.95,182573.896,3839.187,92.436,-3.287,44.575,-28.121,187.212,27.711
4.197,2.43,16.491,16.491,78.932,182732.214,3837.261,92.427,-3.275,44.576,-28.223,187.162,27.701
4.197,2.43,16.498,16.498,78.914,182890.675,3835.335,92.417,-3.263,44.577,-28.326,187.111,27.691
4.197,2.43,16.505,16.505,78.896,183049.278,3833.411,92.407,-3.25,44.578,-28.43,187.061,27.68
4.197,2.43,16.512,16.512,78.877,183208.021,3831.487,92.397,-3.238,44.58,-28.534,187.01,27.67
4.197,2.43,16.519,16.519,78.859,183366.903,3829.564,92.387,-3.226,44.581,-28.639,186.96,27.66
4.197,2.43,16.527,16.527,78.841,183525.923,3827.643,92.378,-3.214,44.582,-28.745,186.909,27.65
4.197,2.43,16.534,16.534,78.823,183685.078,3825.722,92.368,-3.201,44.583,-28.852,186.859,27.64
4.197,2.43,16.541,16.541,78.805,183844.368,3823.802,92.358,-3.189,44.584,-28.96,186.808,27.63
4.197,2.43,16.548,16.548,78.787,184003.79,3821.883,92.348,-3.177,44.586,-29.068,186.758,27.62
4.197,2.43,16.555,16.555,78.769,184163.343,3819.966,92.339,-3.165,44.587,-29.177,186.707,27.61
4.197,2.43,16.562,16.562,78.75,184323.025,3818.049,92.329,-3.153,44.588,-29.287,186.657,27.6
4.197,2.43,16.569,16.569,78.732,184482.835,3816.134,92.319,-3.14,44.589,-29.398,186.606,27.59
4.197,2.43,16.576,16.576,78.714,184642.771,3814.219,92.31,-3.128,44.591,-29.51,186.556,27.579
4.197,2.43,16.584,16.584,78.696,184802.833,3812.306,92.3,-3.116,44.592,-29.623,186.505,27.569
4.197,2.43,16.591,16.591,78.678,184963.017,3810.394,92.29,-3.104,44.593,-29.736,186.455,27.559
4.197,2.43,16.598,16.598,78.66,185123.322,3808.483,92.28,-3.091,44.594,-29.85,186.404,27.549
4.197,2.43,16.605,16.605,78.642,185283.748,3806.573,92.271,-3.079,44.596,-29.966,186.354,27.539
4.197,2.43,16.612,16.612,78.624,185444.294,3804.665,92.261,-3.067,44.597,-30.082,186.303,27.529
4.197,2.43,16.619,16.619,78.606,185604.957,3802.757,92.251,-3.055,44.598,-30.199,186.253,27.519
4.197,2.43,16.626,16.626,78.588,185765.738,3800.851,92.242,-3.043,44.6,-30.317,186.203,27.509
4.197,2.43,16.633,16.633,78.57,185926.635,3798.946,92.232,-3.03,44.601,-30.436,186.152,27.499
4.197,2.43,16.641,16.641,78.552,186087.648,3797.042,92.222,-3.018,44.602,-30.556,186.102,27.489
4.197,2.43,16.648,16.648,78.534,186248.777,3795.14,92.213,-3.006,44.603,-30.676,186.052,27.479
4.197,2.43,16.655,16.655,78.516,186410.02,3793.239,92.203,-2.994,44.605,-30.798,186.001,27.469
4.197,2.43,16.662,16.662,78.498,186571.379,3791.339,92.194,-2.982,44.606,-30.921,185.951,27.459
4.197,2.43,16.669,16.669,78.48,186732.851,3789.44,92.184,-2.969,44.607,-31.045,185.901,27.449
4.197,2.43,16.676,16.676,78.462,186894.438,3787.543,92.174,-2.957,44.609,-31.17,185.851,27.439
4.197,2.43,16.684,16.684,78.444,187056.138,3785.646,92.165,-2.945,44.61,-31.296,185.8,27.429
4.197,2.43,16.691,16.691,78.426,187217.952,3783.751,92.155,-2.933,44.611,-31.423,185.75,27.419
4.197,2.43,16.698,16.698,78.408,187379.88,3781.858,92.146,-2.921,44.613,-31.551,185.7,27.409
4.197,2.43,16.705,16.705,78.39,187541.921,3779.965,92.136,-2.908,44.614,-31.68,185.65,27.399
4.197,2.43,16.712,16.712,78.372,187704.075,3778.074,92.127,-2.896,44.615,-31.81,185.6,27.389
4.197,2.43,16.719,16.719,78.354,187866.343,3776.184,92.117,-2.884,44.617,-31.941,185.55,27.379
4.197,2.43,16.726,16.726,78.336,188028.724,3774.296,92.107,-2.872,44.618,-32.073,185.5,27.369
4.197,2.43,16.734,16.734,78.318,188191.218,3772.408,92.098,-2.86,44.619,-32.207,185.45,27.359
4.197,2.43,16.741,16.741,78.3,188353.825,3770.522,92.088,-2.847,44.621,-32.341,185.4,27.349
4.197,2.43,16.748,16.748,78.283,188516.546,3768.637,92.079,-2.835,44.622,-32.477,185.35,27.339
4.197,2.43,16.755,16.755,78.265,188679.381,3766.753,92.07,-2.823,44.623,-32.614,185.3,27.329
4.197,2.43,16.762,16.762,78.247,188842.328,3764.871,92.06,-2.811,44.625,-32.752,185.25,27.319
4.197,2.43,16.77,16.77,78.229,189005.389,3762.99,92.051,-2.799,44.626,-32.892,185.2,27.309
4.197,2.43,16.777,16.777,78.211,189168.564,3761.11,92.041,-2.786,44.627,-33.032,185.151,27.299
4.197,2.43,16.784,16.784,78.193,189331.852,3759.232,92.032,-2.774,44.629,-33.174,185.101,27.289
4.197,2.43,16.791,16.791,78.175,189495.254,3757.354,92.022,-2.762,44.63,-33.317,185.051,27.279
4.197,2.43,16.798,16.798,78.158,189658.77,3755.478,92.013,-2.75,44.632,-33.461,185.001,27.269
4.197,2.43,16.805,16.805,78.14,189822.4,3753.603,92.003,-2.738,44.633,-33.607,184.952,27.259
4.197,2.43,16.813,16.813,78.122,189986.143,3751.73,91.994,-2.725,44.634,-33.753,184.902,27.249
4.197,2.43,16.82,16.82,78.104,190150.001,3749.857,91.985,-2.713,44.636,-33.902,184.852,27.24
4.197,2.43,16.827,16.827,78.086,190313.973,3747.986,91.975,-2.701,44.637,-34.051,184.803,27.23
4.197,2.43,16.834,16.834,78.069,190478.06,3746.116,91.966,-2.689,44.639,-34.202,184.753,27.22
4.197,2.43,16.841,16.841,78.051,190642.261,3744.247,91.957,-2.677,44.64,-34.354,184.703,27.21
4.197,2.43,16.849,16.849,78.033,190806.576,3742.38,91.947,-2.665,44.641,-34.508,184.654,27.2
4.197,2.43,16.856,16.856,78.015,190971.006,3740.514,91.938,-2.652,44.643,-34.663,184.604,27.19
4.197,2.43,16.863,16.863,77.998,191135.551,3738.649,91.929,-2.64,44.644,-34.819,184.555,27.18
4.197,2.43,16.87,16.87,77.98,191300.211,3736.785,91.919,-2.628,44.646,-34.977,184.506,27.17
4.197,2.43,16.877,16.877,77.962,191464.986,3734.923,91.91,-2.616,44.647,-35.136,184.456,27.161
4.197,2.43,16.885,16.885,77.945,191629.876,3733.062,91.901,-2.604,44.649,-35.297,184.407,27.151
4.197,2.43,16.892,16.892,77.927,191794.881,3731.202,91.891,-2.591,44.65,-35.459,184.357,27.141
4.197,2.43,16.899,16.899,77.909,191960.002,3729.343,91.882,-2.579,44.651,-35.623,184.308,27.131
4.197,2.43,16.906,16.906,77.892,192125.238,3727.485,91.873,-2.567,44.653,-35.788,184.259,27.121
4.197,2.43,16.913,16.913,77.874,192290.589,3725.629,91.864,-2.555,44.654,-35.955,184.21,27.111
4.197,2.43,16.921,16.921,77.856,192456.057,3723.774,91.854,-2.543,44.656,-36.124,184.16,27.102
4.197,2.43,16.928,16.928,77.839,192621.64,3721.92,91.845,-2.531,44.657,-36.294,184.111,27.092
4.197,2.43,16.935,16.935,77.821,192787.34,3720.067,91.836,-2.518,44.659,-36.466,184.062,27.082
4.197,2.43,16.942,16.942,77.803,192953.155,3718.216,91.827,-2.506,44.66,-36.639,184.013,27.072
4.197,2.43,16.949,16.949,77.786,193119.085,3716.365,91.818,-2.494,44.662,-36.814,183.964,27.062
4.197,2.43,16.957,16.957,77.768,193285.131,3714.516,91.808,-2.482,44.663,-36.99,183.915,27.052
4.197,2.43,16.964,16.964,77.75,193451.291,3712.669,91.799,-2.47,44.665,-37.169,183.866,27.043
4.197,2.43,16.971,16.971,77.733,193617.565,3710.822,91.79,-2.458,44.666,-37.349,183.817,27.033
4.197,2.43,16.978,16.978,77.715,193783.952,3708.977,91.781,-2.445,44.668,-37.531,183.768,27.023
4.197,2.43,16.985,16.985,77.698,193950.452,3707.133,91.772,-2.433,44.669,-37.714,183.719,27.013
4.197,2.43,16.993,16.993,77.68,194117.064,3705.29,91.763,-2.421,44.671,-37.9,183.67,27.004
4.197,2.43,17.0,17.0,77.663,194283.787,3703.449,91.754,-2.409,44.672,-38.087,183.621,26.994
4.197,2.43,17.007,17.007,77.645,194450.62,3701.608,91.744,-2.397,44.674,-38.276,183.572,26.984
4.197,2.43,17.014,17.014,77.628,194617.562,3699.769,91.735,-2.385,44.675,-38.467,183.523,26.974
4.197,2.43,17.021,17.021,77.61,194784.613,3697.932,91.726,-2.373,44.677,-38.66,183.474,26.965
4.197,2.43,17.029,17.029,77.593,194951.771,3696.095,91.717,-2.361,44.678,-38.855,183.425,26.955
4.197,2.43,17.036,17.036,77.575,195119.035,3694.26,91.708,-2.348,44.68,-39.052,183.376,26.945
4.197,2.43,17.043,17.043,77.558,195286.404,3692.427,91.699,-2.336,44.681,-39.25,183.327,26.935
4.197,2.43,17.05,17.05,77.54,195453.878,3690.594,91.69,-2.324,44.683,-39.451,183.279,26.926
4.197,2.43,17.057,17.057,77.523,195621.455,3688.763,91.681,-2.312,44.684,-39.654,183.23,26.916
4.197,2.43,17.065,17.065,77.505,195789.133,3686.934,91.672,-2.3,44.686,-39.859,183.181,26.906
4.197,2.43,17.072,17.072,77.488,195956.913,3685.106,91.663,-2.288,44.687,-40.066,183.132,26.897
4.197,2.43,17.079,17.079,77.47,196124.793,3683.279,91.654,-2.276,44.689,-40.275,183.084,26.887
4.197,2.43,17.086,17.086,77.453,196292.772,3681.453,91.645,-2.264,44.691,-40.486,183.035,26.877
4.197,2.43,17.094,17.094,77.436,196460.848,3679.629,91.636,-2.252,44.692,-40.7,182.986,26.867
4.197,2.43,17.101,17.101,77.418,196629.021,3677.807,91.627,-2.239,44.694,-40.916,182.938,26.858
4.197,2.43,17.108,17.108,77.401,196797.29,3675.985,91.618,-2.227,44.695,-41.134,182.889,26.848
4.197,2.43,17.115,17.115,77.383,196965.653,3674.166,91.609,-2.215,44.697,-41.354,182.84,26.838
4.197,2.43,17.122,17.122,77.366,197134.109,3672.347,91.6,-2.203,44.698,-41.577,182.792,26.829
4.197,2.43,17.13,17.13,77.349,197302.658,3670.53,91.591,-2.191,44.7,-41.802,182.743,26.819
4.197,2.43,17.137,17.137,77.331,197471.298,3668.715,91.582,-2.179,44.701,-42.03,182.695,26.809
4.197,2.43,17.144,17.144,77.314,197640.028,3666.901,91.573,-2.167,44.703,-42.26,182.646,26.8
4.197,2.43,17.151,17.151,77.297,197808.846,3665.089,91.564,-2.155,44.705,-42.492,182.598,26.79
4.197,2.43,17.159,17.159,77.279,197977.753,3663.278,91.555,-2.143,44.706,-42.727,182.549,26.781
4.197,2.43,17.166,17.166,77.262,198146.746,3661.468,91.546,-2.131,44.708,-42.965,182.501,26.771
4.197,2.43,17.173,17.173,77.245,198315.824,3659.66,91.537,-2.119,44.709,-43.205,182.453,26.761
4.197,2.43,17.18,17.18,77.228,198484.988,3657.854,91.528,-2.107,44.711,-43.449,182.404,26.752
4.197,2.43,17.188,17.188,77.21,198654.234,3656.049,91.52,-2.095,44.713,-43.694,182.356,26.742
4.197,2.43,17.195,17.195,77.193,198823.563,3654.246,91.511,-2.082,44.714,-43.943,182.307,26.733
4.197,2.43,17.202,17.202,77.176,198992.973,3652.444,91.502,-2.07,44.716,-44.194,182.259,26.723
4.197,2.43,17.209,17.209,77.159,199162.464,3650.644,91.493,-2.058,44.717,-44.449,182.211,26.713
4.197,2.43,17.216,17.216,77.141,199332.033,3648.845,91.484,-2.046,44.719,-44.706,182.163,26.704
4.197,2.43,17.224,17.224,77.124,199501.681,3647.048,91.475,-2.034,44.721,-44.966,182.114,26.694
4.197,2.43,17.231,17.231,77.107,199671.405,3645.253,91.467,-2.022,44.722,-45.229,182.066,26.685
4.197,2.43,17.238,17.238,77.09,199841.205,3643.459,91.458,-2.01,44.724,-45.495,182.018,26.675
4.197,2.43,17.245,17.245,77.073,200011.08,3641.667,91.449,-1.998,44.725,-45.765,181.97,26.666
4.197,2.43,17.253,17.253,77.055,200181.029,3639.876,91.44,-1.986,44.727,-46.037,181.922,26.656
4.197,2.43,17.26,17.26,77.038,200351.051,3638.088,91.431,-1.974,44.729,-46.313,181.874,26.647
4.197,2.43,17.267,17.267,77.021,200521.144,3636.3,91.423,-1.962,44.73,-46.593,181.826,26.637
4.197,2.43,17.274,17.274,77.004,200691.309,3634.515,91.414,-1.95,44.732,-46.875,181.778,26.628
4.197,2.43,17.282,17.282,76.987,200861.543,3632.731,91.405,-1.938,44.734,-47.161,181.73,26.618
4.197,2.43,17.289,17.289,76.97,201031.848,3630.948,91.396,-1.926,44.735,-47.451,181.682,26.609
4.197,2.43,17.296,17.296,76.953,201202.222,3629.168,91.388,-1.914,44.737,-47.744,181.634,26.599
4.197,2.43,17.303,17.303,76.936,201372.666,3627.389,91.379,-1.902,44.738,-48.041,181.586,26.59
4.197,2.43,17.311,17.311,76.919,201543.18,3625.611,91.37,-1.89,44.74,-48.341,181.538,26.58
4.197,2.43,17.318,17.318,76.902,201713.764,3623.836,91.362,-1.878,44.742,-48.645,181.49,26.571
4.197,2.43,17.325,17.325,76.885,201884.419,3622.062,91.353,-1.866,44.743,-48.954,181.442,26.561
4.197,2.43,17.332,17.332,76.867,202055.145,3620.289,91.344,-1.854,44.745,-49.266,181.395,26.552
4.197,2.43,17.34,17.34,76.85,202225.943,3618.518,91.336,-1.842,44.747,-49.582,181.347,26.542
4.197,2.43,17.347,17.347,76.833,202396.813,3616.749,91.327,-1.83,44.748,-49.903,181.299,26.533
4.197,2.43,17.354,17.354,76.816,202567.756,3614.981,91.318,-1.818,44.75,-50.227,181.252,26.523
4.197,2.43,17.361,17.361,76.799,202738.773,3613.215,91.31,-1.806,44.752,-50.556,181.204,26.514
4.197,2.43,17.369,17.369,76.782,202909.865,3611.451,91.301,-1.794,44.754,-50.889,181.157,26.504
4.197,2.43,17.376,17.376,76.766,203081.033,3609.688,91.293,-1.782,44.755,-51.227,181.109,26.495
4.197,2.43,17.383,17.383,76.749,203252.277,3607.927,91.284,-1.77,44.757,-51.569,181.062,26.486
4.197,2.43,17.39,17.39,76.732,203423.599,3606.167,91.276,-1.758,44.759,-51.916,181.014,26.476
4.197,2.43,17.398,17.398,76.715,203594.999,3604.409,91.267,-1.746,44.76,-52.268,180.967,26.467
4.197,2.43,17.405,17.405,76.698,203766.479,3602.652,91.259,-1.734,44.762,-52.625,180.92,26.457
4.197,2.43,17.412,17.412,76.681,203938.039,3600.897,91.25,-1.722,44.764,-52.986,180.872,26.448
4.197,2.43,17.419,17.419,76.664,204109.681,3599.143,91.242,-1.71,44.766,-53.353,180.825,26.439
4.197,2.43,17.427,17.427,76.647,204281.406,3597.391,91.233,-1.698,44.767,-53.724,180.778,26.429
4.197,2.43,17.434,17.434,76.63,204453.214,3595.64,91.225,-1.686,44.769,-54.101,180.731,26.42
4.197,2.43,17.441,17.441,76.613,204625.107,3593.891,91.216,-1.674,44.771,-54.484,180.684,26.411
4.197,2.43,17.448,17.448,76.597,204797.087,3592.143,91.208,-1.662,44.773,-54.871,180.637,26.401
4.197,2.43,17.456,17.456,76.58,204969.153,3590.396,91.199,-1.65,44.775,-55.265,180.59,26.392
4.197,2.43,17.463,17.463,76.563,205141.308,3588.651,91.191,-1.638,44.776,-55.664,180.543,26.383
4.197,2.43,17.47,17.47,76.546,205313.552,3586.908,91.183,-1.626,44.778,-56.069,180.496,26.373
4.197,2.43,17.478,17.478,76.529,205485.887,3585.166,91.174,-1.614,44.78,-56.48,180.449,26.364
4.197,2.43,17.485,17.485,76.512,205658.313,3583.425,91.166,-1.602,44.782,-56.897,180.403,26.355
4.197,2.43,17.492,17.492,76.496,205830.832,3581.685,91.157,-1.59,44.784,-57.32,180.356,26.345
4.197,2.43,17.499,17.499,76.479,206003.445,3579.947,91.149,-1.578,44.785,-57.749,180.309,26.336
4.197,2.43,17.507,17.507,76.462,206176.153,3578.211,91.141,-1.566,44.787,-58.186,180.262,26.327
4.197,2.43,17.514,17.514,76.445,206348.957,3576.475,91.132,-1.554,44.789,-58.628,180.216,26.317
4.197,2.43,17.521,17.521,76.429,206521.858,3574.741,91.124,-1.542,44.791,-59.078,180.169,26.308
4.197,2.43,17.528,17.528,76.412,206694.858,3573.008,91.116,-1.53,44.793,-59.535,180.123,26.299
4.197,2.43,17.536,17.536,76.395,206867.957,3571.277,91.107,-1.519,44.794,-59.998,180.076,26.29
4.197,2.43,17.543,17.543,76.379,207041.158,3569.546,91.099,-1.507,44.796,-60.469,180.03,26.28
4.197,2.43,17.55,17.55,76.362,207214.46,3567.818,91.091,-1.495,44.798,-60.948,179.984,26.271
4.197,2.43,17.557,17.557,76.345,207387.865,3566.09,91.083,-1.483,44.8,-61.434,179.937,26.262
4.197,2.43,17.565,17.565,76.329,207561.374,3564.363,91.074,-1.471,44.802,-61.928,179.891,26.253
4.197,2.43,17.572,17.572,76.312,207734.988,3562.638,91.066,-1.459,44.804,-62.43,179.845,26.243
4.197,2.43,17.579,17.579,76.295,207908.709,3560.914,91.058,-1.447,44.806,-62.94,179.798,26.234
4.197,2.43,17.586,17.586,76.279,208082.538,3559.191,91.05,-1.435,44.807,-63.459,179.752,26.225
4.197,2.43,17.594,17.594,76.262,208256.475,3557.47,91.042,-1.423,44.809,-63.986,179.706,26.216
4.197,2.43,17.601,17.601,76.245,208430.521,3555.749,91.033,-1.411,44.811,-64.522,179.66,26.207
4.197,2.43,17.608,17.608,76.229,208604.679,3554.03,91.025,-1.399,44.813,-65.067,179.614,26.197
4.197,2.43,17.615,17.615,76.212,208778.949,3552.312,91.017,-1.387,44.815,-65.621,179.568,26.188
4.197,2.43,17.623,17.623,76.196,208953.331,3550.595,91.009,-1.375,44.817,-66.185,179.522,26.179
4.197,2.43,17.63,17.63,76.179,209127.827,3548.879,91.001,-1.363,44.819,-66.758,179.476,26.17
4.197,2.43,17.637,17.637,76.163,209302.437,3547.165,90.993,-1.351,44.821,-67.342,179.43,26.161
4.197,2.43,17.644,17.644,76.146,209477.161,3545.451,90.984,-1.339,44.823,-67.935,179.384,26.151
4.197,2.43,17.652,17.652,76.13,209651.998,3543.739,90.976,-1.327,44.825,-68.54,179.338,26.142
4.197,2.43,17.659,17.659,76.113,209826.95,3542.028,90.968,-1.315,44.826,-69.154,179.293,26.133
4.197,2.43,17.666,17.666,76.097,210002.016,3540.317,90.96,-1.304,44.828,-69.78,179.247,26.124
4.197,2.43,17.673,17.673,76.08,210177.194,3538.608,90.952,-1.292,44.83,-70.417,179.201,26.115
4.197,2.43,17.681,17.681,76.064,210352.486,3536.901,90.944,-1.28,44.832,-71.066,179.155,26.106
4.197,2.43,17.688,17.688,76.047,210527.89,3535.194,90.936,-1.268,44.834,-71.726,179.11,26.096
4.197,2.43,17.695,17.695,76.031,210703.406,3533.489,90.928,-1.256,44.836,-72.399,179.064,26.087
4.197,2.43,17.702,17.702,76.014,210879.032,3531.784,90.92,-1.244,44.838,-73.084,179.018,26.078
4.197,2.43,17.71,17.71,75.998,211054.77,3530.081,90.912,-1.232,44.84,-73.783,178.973,26.069
4.197,2.43,17.717,17.717,75.981,211230.616,3528.379,90.904,-1.22,44.842,-74.494,178.927,26.06
4.197,2.43,17.724,17.724,75.965,211406.572,3526.678,90.896,-1.208,44.844,-75.219,178.882,26.051
4.197,2.43,17.731,17.731,75.949,211582.635,3524.979,90.888,-1.197,44.846,-75.959,178.836,26.042
4.197,2.43,17.738,17.738,75.932,211758.805,3523.28,90.88,-1.185,44.848,-76.712,178.791,26.033
4.197,2.43,17.746,17.746,75.916,211935.081,3521.583,90.872,-1.173,44.849,-77.481,178.745,26.024
4.197,2.43,17.753,17.753,75.899,212111.462,3519.887,90.864,-1.161,44.851,-78.265,178.7,26.014
4.197,2.43,17.76,17.76,75.883,212287.948,3518.193,90.856,-1.149,44.853,-79.064,178.654,26.005
4.197,2.43,17.767,17.767,75.867,212464.536,3516.499,90.848,-1.137,44.855,-79.88,178.609,25.996
4.197,2.43,17.775,17.775,75.85,212641.226,3514.807,90.84,-1.125,44.857,-80.713,178.563,25.987
4.197,2.43,17.782,17.782,75.834,212818.017,3513.116,90.832,-1.114,44.859,-81.563,178.518,25.978
4.197,2.43,17.789,17.789,75.818,212994.908,3511.426,90.824,-1.102,44.861,-82.431,178.473,25.969
4.197,2.43,17.796,17.796,75.802,213171.898,3509.738,90.816,-1.09,44.863,-83.317,178.427,25.96
4.197,2.43,17.803,17.803,75.785,213348.986,3508.05,90.808,-1.078,44.865,-84.222,178.382,25.951
4.197,2.43,17.811,17.811,75.769,213526.17,3506.365,90.8,-1.066,44.867,-85.147,178.337,25.942
4.197,2.43,17.818,17.818,75.753,213703.45,3504.68,90.792,-1.055,44.869,-86.092,178.292,25.933
4.197,2.43,17.825,17.825,75.737,213880.825,3502.997,90.784,-1.043,44.871,-87.058,178.246,25.924
4.197,2.43,17.832,17.832,75.72,214058.293,3501.315,90.777,-1.031,44.873,-88.046,178.201,25.915
4.197,2.43,17.84,17.84,75.704,214235.853,3499.634,90.769,-1.019,44.875,-89.056,178.156,25.906
4.197,2.43,17.847,17.847,75.688,214413.505,3497.955,90.761,-1.007,44.877,-90.089,178.111,25.897
4.197,2.43,17.854,17.854,75.672,214591.246,3496.277,90.753,-0.996,44.879,-91.146,178.066,25.888
4.197,2.43,17.861,17.861,75.656,214769.077,3494.6,90.745,-0.984,44.881,-92.228,178.021,25.879
4.197,2.43,17.868,17.868,75.639,214946.996,3492.925,90.737,-0.972,44.883,-93.335,177.976,25.87
4.197,2.43,17.876,17.876,75.623,215125.003,3491.251,90.729,-0.96,44.885,-94.469,177.931,25.861
4.197,2.43,17.883,17.883,75.607,215303.096,3489.579,90.722,-0.949,44.886,-95.631,177.886,25.852
4.197,2.43,17.89,17.89,75.591,215481.273,3487.908,90.714,-0.937,44.888,-96.821,177.841,25.843
4.197,2.43,17.897,17.897,75.575,215659.529,3486.238,90.706,-0.925,44.89,-98.041,177.796,25.834
4.197,2.43,17.904,17.904,75.559,215837.865,3484.57,90.698,-0.913,44.892,-99.292,177.751,25.825
4.197,2.43,17.912,17.912,75.543,216016.286,3482.903,90.69,-0.902,44.894,-100.574,177.706,25.816
4.197,2.43,17.919,17.919,75.527,216194.798,3481.237,90.683,-0.89,44.896,-101.89,177.661,25.807
4.197,2.43,17.926,17.926,75.51,216373.405,3479.573,90.675,-0.878,44.898,-103.24,177.616,25.798
4.197,2.43,17.933,17.933,75.494,216552.086,3477.91,90.667,-0.867,44.9,-104.625,177.571,25.79
4.197,2.43,17.94,17.94,75.478,216730.812,3476.249,90.659,-0.855,44.902,-106.049,177.526,25.781
4.197,2.43,17.948,17.948,75.462,216909.559,3474.59,90.652,-0.843,44.904,-107.513,177.482,25.772
4.197,2.43,17.955,17.955,75.446,217088.363,3472.933,90.644,-0.831,44.906,-109.019,177.437,25.763
4.197,2.43,17.962,17.962,75.43,217267.327,3471.276,90.636,-0.82,44.908,-110.564,177.392,25.754
4.197,2.43,17.969,17.969,75.414,217446.55,3469.619,90.628,-0.808,44.91,-112.148,177.347,25.745
4.197,2.43,17.976,17.976,75.398,217626.005,3467.962,90.621,-0.797,44.912,-113.772,177.302,25.736
4.197,2.43,17.984,17.984,75.382,217805.335,3466.309,90.613,-0.785,44.914,-115.449,177.258,25.727
4.197,2.43,17.991,17.991,75.366,217984.16,3464.662,90.605,-0.773,44.916,-117.196,177.214,25.718
4.197,2.43,17.998,17.998,75.35,218162.288,3463.023,90.598,-0.761,44.918,-119.023,177.17,25.71
4.197,2.43,18.005,18.005,75.334,218340.725,3461.384,90.59,-0.749,44.921,-120.9,177.126,25.701
4.197,2.43,18.013,18.013,75.319,218520.934,3459.731,90.583,-0.738,44.922,-122.774,177.081,25.692
4.197,2.43,18.02,18.02,75.303,218704.132,3458.053,90.574,-0.727,44.924,-124.596,177.033,25.683
4.197,2.43,18.026,18.026,75.287,218888.23,3456.368,90.566,-0.716,44.925,-126.437,176.985,25.674
4.197,2.43,18.034,18.034,75.271,219067.829,3454.727,90.559,-0.705,44.927,-128.514,176.941,25.665
4.197,2.43,18.041,18.041,75.255,219237.904,3453.175,90.552,-0.691,44.931,-131.061,176.905,25.657
4.197,2.43,18.05,18.05,75.238,219399.736,3451.7,90.547,-0.675,44.936,-134.082,176.876,25.648
4.197,2.43,18.057,18.057,75.221,219571.824,3450.133,90.541,-0.662,44.939,-136.794,176.838,25.64
4.197,2.43,18.063,18.063,75.207,219774.841,3448.287,90.53,-0.655,44.937,-138.173,176.774,25.63
4.197,2.43,18.067,18.067,75.196,220021.655,3446.047,90.513,-0.658,44.927,-137.517,176.673,25.62
4.197,2.43,18.069,18.069,75.186,220287.157,3443.641,90.494,-0.666,44.914,-135.969,176.558,25.61
4.197,2.43,18.071,18.071,75.176,220538.255,3441.371,90.478,-0.67,44.904,-135.028,176.457,25.6
4.197,2.43,18.076,18.076,75.164,220753.486,3439.427,90.467,-0.667,44.9,-135.632,176.388,25.591
4.197,2.43,18.083,18.083,75.15,220929.249,3437.843,90.461,-0.655,44.903,-138.019,176.353,25.582
4.197,2.43,18.091,18.091,75.134,221081.889,3436.468,90.458,-0.639,44.91,-141.618,176.338,25.574
4.197,2.43,18.099,18.099,75.118,221226.881,3435.164,90.456,-0.62,44.918,-145.837,176.328,25.566
4.197,2.43,18.108,18.108,75.101,221378.954,3433.797,90.454,-0.603,44.925,-149.972,176.311,25.558
4.197,2.43,18.115,18.115,75.085,221543.774,3432.318,90.449,-0.589,44.93,-153.653,176.284,25.55
4.197,2.43,18.123,18.123,75.07,221716.542,3430.769,90.443,-0.576,44.934,-157.068,176.249,25.541
4.197,2.43,18.13,18.13,75.055,221892.019,3429.197,90.437,-0.564,44.937,-160.485,176.212,25.533
4.197,2.43,18.137,18.137,75.039,222065.979,3427.642,90.431,-0.551,44.94,-164.166,176.176,25.524
4.197,2.43,18.144,18.144,75.024,222238.434,3426.101,90.425,-0.538,44.944,-168.137,176.141,25.515
4.197,2.43,18.152,18.152,75.008,222410.764,3424.564,90.419,-0.525,44.947,-172.332,176.106,25.507
4.197,2.43,18.159,18.159,74.992,222584.246,3423.018,90.413,-0.512,44.951,-176.674,176.071,25.498
4.197,2.43,18.167,18.167,74.977,222759.409,3421.459,90.407,-0.499,44.954,-181.125,176.033,25.49
4.197,2.43,18.174,18.174,74.961,222935.804,3419.891,90.4,-0.487,44.957,-185.72,175.995,25.481
4.197,2.43,18.181,18.181,74.945,223112.952,3418.319,90.394,-0.474,44.96,-190.504,175.956,25.473
4.197,2.43,18.188,18.188,74.93,223290.471,3416.745,90.387,-0.462,44.962,-195.52,175.916,25.464
4.197,2.43,18.196,18.196,74.914,223468.318,3415.17,90.38,-0.45,44.965,-200.791,175.876,25.456
4.197,2.43,18.203,18.203,74.899,223646.56,3413.594,90.373,-0.438,44.968,-206.328,175.836,25.447
4.197,2.43,18.21,18.21,74.883,223825.258,3412.015,90.367,-0.426,44.97,-212.145,175.796,25.438
4.197,2.43,18.217,18.217,74.868,224004.408,3410.435,90.36,-0.414,44.973,-218.262,175.755,25.43
4.197,2.43,18.225,18.225,74.852,224183.944,3408.853,90.353,-0.402,44.975,-224.71,175.714,25.421
4.197,2.43,18.232,18.232,74.837,224363.807,3407.271,90.346,-0.39,44.978,-231.523,175.673,25.413
4.197,2.43,18.239,18.239,74.821,224543.945,3405.688,90.339,-0.378,44.98,-238.739,175.632,25.404
4.197,2.43,18.246,18.246,74.806,224724.34,3404.104,90.332,-0.367,44.983,-246.397,175.59,25.396
4.197,2.43,18.253,18.253,74.79,224904.977,3402.521,90.325,-0.355,44.985,-254.541,175.548,25.387
4.197,2.43,18.261,18.261,74.775,225085.846,3400.938,90.318,-0.343,44.987,-263.219,175.506,25.378
4.197,2.43,18.268,18.268,74.759,225266.929,3399.354,90.311,-0.331,44.99,-272.487,175.464,25.37
4.197,2.43,18.275,18.275,74.744,225448.211,3397.771,90.304,-0.32,44.992,-282.411,175.422,25.361
4.197,2.43,18.282,18.282,74.728,225629.675,3396.189,90.297,-0.308,44.994,-293.066,175.38,25.353
4.197,2.43,18.289,18.289,74.713,225811.308,3394.606,90.29,-0.296,44.997,-304.538,175.338,25.344
4.197,2.43,18.296,18.296,74.697,225993.1,3393.025,90.283,-0.285,44.999,-316.925,175.296,25.336
4.197,2.43,18.304,18.304,74.682,226175.043,3391.444,90.275,-0.273,45.001,-330.345,175.253,25.327
4.197,2.43,18.311,18.311,74.667,226357.129,3389.864,90.268,-0.262,45.003,-344.934,175.211,25.319
4.197,2.43,18.318,18.318,74.651,226539.35,3388.285,90.261,-0.25,45.006,-360.852,175.169,25.31
4.197,2.43,18.325,18.325,74.636,226721.701,3386.707,90.254,-0.239,45.008,-378.292,175.126,25.302
4.197,2.43,18.332,18.332,74.621,226904.174,3385.13,90.247,-0.227,45.01,-397.484,175.084,25.293
4.197,2.43,18.339,18.339,74.605,227086.765,3383.553,90.24,-0.216,45.012,-418.708,175.041,25.285
4.197,2.43,18.347,18.347,74.59,227269.468,3381.978,90.233,-0.204,45.014,-442.307,174.999,25.276
4.197,2.43,18.354,18.354,74.575,227452.279,3380.404,90.226,-0.193,45.017,-468.702,174.957,25.268
4.197,2.43,18.361,18.361,74.559,227635.194,3378.831,90.219,-0.181,45.019,-498.426,174.914,25.259
4.197,2.43,18.368,18.368,74.544,227818.209,3377.259,90.212,-0.17,45.021,-532.15,174.872,25.251
4.197,2.43,18.375,18.375,74.529,228001.321,3375.688,90.205,-0.158,45.023,-570.742,174.829,25.242
4.197,2.43,18.382,18.382,74.513,228184.526,3374.118,90.198,-0.147,45.025,-615.34,174.787,25.234
4.197,2.43,18.389,18.389,74.498,228367.822,3372.55,90.191,-0.135,45.028,-667.466,174.745,25.225
4.197,2.43,18.397,18.397,74.483,228551.205,3370.983,90.183,-0.124,45.03,-729.203,174.702,25.217
4.197,2.43,18.404,18.404,74.468,228734.674,3369.417,90.176,-0.112,45.032,-803.482,174.66,25.208
4.197,2.43,18.411,18.411,74.452,228918.226,3367.852,90.169,-0.101,45.034,-894.558,174.618,25.2
4.197,2.43,18.418,18.418,74.437,229101.858,3366.289,90.162,-0.089,45.037,-1008.857,174.575,25.191
4.197,2.43,18.425,18.425,74.422,229285.569,3364.727,90.155,-0.078,45.039,-1156.564,174.533,25.183
4.197,2.43,18.432,18.432,74.407,229469.356,3363.166,90.148,-0.067,45.041,-1354.835,174.491,25.175
4.197,2.43,18.439,18.439,74.392,229653.218,3361.606,90.141,-0.055,45.043,-1635.002,174.448,25.166
4.197,2.43,18.447,18.447,74.376,229837.153,3360.048,90.134,-0.044,45.045,-2061.016,174.406,25.158
4.197,2.43,18.454,18.454,74.361,230021.159,3358.492,90.127,-0.032,45.048,-2786.85,174.364,25.149
4.197,2.43,18.461,18.461,74.346,230205.234,3356.936,90.12,-0.021,45.05,-4300.891,174.322,25.141
4.197,2.43,18.468,18.468,74.331,230389.377,3355.383,90.113,-0.01,45.052,-9412.456,174.28,25.133
4.197,2.43,18.475,18.475,74.316,230573.587,3353.83,90.106,0.002,45.054,50059.044,174.238,25.124
4.197,2.43,18.482,18.482,74.301,230757.862,3352.279,90.1,0.013,45.056,6842.433,174.195,25.116
4.197,2.43,18.489,18.489,74.286,230942.201,3350.729,90.093,0.025,45.059,3672.824,174.153,25.107
4.197,2.43,18.496,18.496,74.271,231126.602,3349.181,90.086,0.036,45.061,2510.374,174.111,25.099
4.197,2.43,18.503,18.503,74.255,231311.064,3347.634,90.079,0.047,45.063,1907.02,174.069,25.091
4.197,2.43,18.511,18.511,74.24,231495.585,3346.089,90.072,0.059,45.065,1537.599,174.027,25.082
4.197,2.43,18.518,18.518,74.225,231680.166,3344.545,90.065,0.07,45.067,1288.15,173.985,25.074
4.197,2.43,18.525,18.525,74.21,231864.803,3343.003,90.058,0.081,45.07,1108.394,173.943,25.066
4.197,2.43,18.532,18.532,74.195,232049.497,3341.462,90.051,0.093,45.072,972.704,173.901,25.057
4.197,2.43,18.539,18.539,74.18,232234.245,3339.922,90.044,0.104,45.074,866.644,173.859,25.049
4.197,2.43,18.546,18.546,74.165,232419.048,3338.384,90.037,0.115,45.076,781.465,173.817,25.041
4.197,2.43,18.553,18.553,74.15,232603.903,3336.848,90.031,0.127,45.079,711.552,173.776,25.032
4.197,2.43,18.56,18.56,74.135,232788.81,3335.313,90.024,0.138,45.081,653.139,173.734,25.024
4.197,2.43,18.567,18.567,74.12,232973.768,3333.779,90.017,0.149,45.083,603.603,173.692,25.016
4.197,2.43,18.575,18.575,74.105,233158.775,3332.247,90.01,0.16,45.085,561.064,173.65,25.007
4.197,2.43,18.582,18.582,74.09,233343.83,3330.717,90.003,0.172,45.087,524.136,173.609,24.999
4.197,2.43,18.589,18.589,74.076,233528.932,3329.188,89.996,0.183,45.09,491.779,173.567,24.991
4.197,2.43,18.596,18.596,74.061,233714.082,3327.66,89.99,0.194,45.092,463.194,173.525,24.983
4.197,2.43,18.603,18.603,74.046,233899.279,3326.134,89.983,0.206,45.094,437.757,173.483,24.974
4.197,2.43,18.61,18.61,74.031,234084.52,3324.61,89.976,0.217,45.096,414.974,173.442,24.966
4.197,2.43,18.617,18.617,74.016,234269.802,3323.087,89.969,0.228,45.099,394.451,173.4,24.958
4.197,2.43,18.624,18.624,74.001,234455.122,3321.566,89.962,0.239,45.101,375.866,173.359,24.95
4.197,2.43,18.631,18.631,73.986,234640.482,3320.046,89.956,0.251,45.103,358.958,173.317,24.941
4.197,2.43,18.638,18.638,73.971,234825.887,3318.528,89.949,0.262,45.105,343.511,173.276,24.933
4.197,2.43,18.646,18.646,73.957,235011.345,3317.012,89.942,0.273,45.108,329.346,173.234,24.925
4.197,2.43,18.653,18.653,73.942,235196.855,3315.496,89.935,0.284,45.11,316.309,173.193,24.917
4.197,2.43,18.66,18.66,73.927,235382.396,3313.983,89.929,0.296,45.112,304.268,173.151,24.909
4.197,2.43,18.667,18.667,73.912,235567.942,3312.471,89.922,0.307,45.114,293.106,173.11,24.9
4.197,2.43,18.674,18.674,73.897,235753.468,3310.961,89.915,0.318,45.117,282.726,173.069,24.892
4.197,2.43,18.681,18.681,73.883,235939.007,3309.454,89.909,0.329,45.119,273.055,173.027,24.884
4.197,2.43,18.688,18.688,73.868,236124.657,3307.947,89.902,0.34,45.121,264.037,172.986,24.876
4.197,2.43,18.695,18.695,73.853,236310.513,3306.44,89.895,0.352,45.123,255.622,172.945,24.868
4.197,2.43,18.702,18.702,73.838,236496.595,3304.933,89.889,0.363,45.126,247.756,172.903,24.86
4.197,2.43,18.709,18.709,73.824,236682.607,3303.429,89.882,0.374,45.128,240.348,172.862,24.851
4.197,2.43,18.716,18.716,73.809,236868.182,3301.93,89.875,0.385,45.13,233.314,172.821,24.843
4.197,2.43,18.724,18.724,73.794,237053.014,3300.439,89.869,0.397,45.133,226.588,172.781,24.835
4.197,2.43,18.731,18.731,73.779,237237.614,3298.952,89.862,0.408,45.135,220.208,172.741,24.827
4.197,2.43,18.738,18.738,73.765,237423.36,3297.457,89.856,0.419,45.138,214.292,172.7,24.819
4.197,2.43,18.745,18.745,73.75,237611.554,3295.945,89.849,0.43,45.14,208.926,172.657,24.811
4.197,2.43,18.752,18.752,73.736,237802.408,3294.413,89.842,0.44,45.141,204.075,172.612,24.803
4.197,2.43,18.759,18.759,73.721,237991.715,3292.895,89.835,0.451,45.143,199.31,172.569,24.794
4.197,2.43,18.766,18.766,73.707,238174.474,3291.432,89.829,0.463,45.146,194.201,172.531,24.786
4.197,2.43,18.774,18.774,73.691,238346.499,3290.056,89.824,0.477,45.15,188.47,172.501,24.779
4.197,2.43,18.782,18.782,73.675,238514.798,3288.711,89.82,0.491,45.156,182.76,172.474,24.771
4.197,2.43,18.789,18.789,73.661,238698.829,3287.243,89.813,0.503,45.158,178.49,172.435,24.763
4.197,2.43,18.794,18.794,73.648,238917.529,3285.5,89.803,0.508,45.155,176.834,172.368,24.754
4.197,2.43,18.797,18.797,73.638,239178.304,3283.426,89.787,0.504,45.145,178.229,172.27,24.745
4.197,2.43,18.799,18.799,73.629,239452.161,3281.251,89.769,0.497,45.133,180.71,172.163,24.735
4.197,2.43,18.802,18.802,73.62,239709.4,3279.211,89.754,0.493,45.124,182.129,172.071,24.726
4.197,2.43,18.806,18.806,73.609,239930.937,3277.458,89.744,0.496,45.12,180.986,172.008,24.718
4.197,2.43,18.813,18.813,73.596,240113.507,3276.014,89.739,0.507,45.123,177.094,171.976,24.71
4.197,2.43,18.821,18.821,73.582,240272.394,3274.76,89.737,0.522,45.13,171.76,171.961,24.702
4.197,2.43,18.829,18.829,73.567,240422.055,3273.579,89.736,0.54,45.138,166.119,171.953,24.695
4.197,2.43,18.838,18.838,73.551,240576.369,3272.363,89.735,0.557,45.146,161.058,171.941,24.688
4.197,2.43,18.845,18.845,73.537,240743.609,3271.047,89.732,0.572,45.152,156.971,171.918,24.68
4.197,2.43,18.853,18.853,73.522,240920.174,3269.658,89.727,0.584,45.156,153.554,171.888,24.672
4.197,2.43,18.86,18.86,73.508,241101.079,3268.238,89.722,0.596,45.159,150.489,171.855,24.664
4.197,2.43,18.867,18.867,73.494,241281.704,3266.821,89.717,0.608,45.162,147.52,171.821,24.657
4.197,2.43,18.874,18.874,73.48,241460.387,3265.421,89.712,0.621,45.166,144.566,171.789,24.649
4.197,2.43,18.881,18.881,73.465,241638.332,3264.028,89.707,0.633,45.17,141.683,171.758,24.641
4.197,2.43,18.889,18.889,73.451,241816.783,3262.633,89.702,0.646,45.174,138.923,171.726,24.633
4.197,2.43,18.896,18.896,73.437,241996.779,3261.228,89.697,0.658,45.177,136.324,171.692,24.625
4.197,2.43,18.903,18.903,73.422,242178.3,3259.812,89.691,0.67,45.181,133.872,171.658,24.617
4.197,2.43,18.91,18.91,73.408,242360.868,3258.39,89.686,0.682,45.184,131.541,171.622,24.61
4.197,2.43,18.917,18.917,73.394,242544.042,3256.965,89.68,0.694,45.187,129.306,171.586,24.602
4.197,2.43,18.924,18.924,73.379,242727.529,3255.539,89.675,0.705,45.19,127.152,171.55,24.594
4.197,2.43,18.932,18.932,73.365,242911.344,3254.112,89.669,0.717,45.193,125.075,171.514,24.586
4.197,2.43,18.939,18.939,73.351,243095.549,3252.684,89.663,0.729,45.196,123.073,171.477,24.578
4.197,2.43,18.946,18.946,73.336,243280.197,3251.254,89.657,0.74,45.199,121.145,171.44,24.57
4.197,2.43,18.953,18.953,73.322,243465.279,3249.823,89.651,0.752,45.202,119.286,171.403,24.562
4.197,2.43,18.96,18.96,73.308,243650.733,3248.39,89.646,0.763,45.204,117.491,171.365,24.555
4.197,2.43,18.967,18.967,73.294,243836.502,3246.957,89.64,0.774,45.207,115.755,171.327,24.547
4.197,2.43,18.974,18.974,73.279,244022.537,3245.524,89.634,0.786,45.21,114.075,171.29,24.539
4.197,2.43,18.981,18.981,73.265,244208.818,3244.09,89.628,0.797,45.212,112.447,171.252,24.531
4.197,2.43,18.988,18.988,73.251,244395.333,3242.656,89.622,0.808,45.215,110.869,171.213,24.523
4.197,2.43,18.995,18.995,73.237,244582.072,3241.222,89.616,0.82,45.218,109.338,171.175,24.515
4.197,2.43,19.002,19.002,73.222,244769.022,3239.788,89.61,0.831,45.22,107.852,171.137,24.507
4.197,2.43,19.01,19.01,73.208,244956.167,3238.355,89.604,0.842,45.223,106.408,171.098,24.5
4.197,2.43,19.017,19.017,73.194,245143.492,3236.922,89.598,0.853,45.226,105.005,171.06,24.492
4.197,2.43,19.024,19.024,73.18,245330.986,3235.489,89.592,0.864,45.228,103.64,171.021,24.484
4.197,2.43,19.031,19.031,73.166,245518.639,3234.057,89.586,0.876,45.231,102.313,170.983,24.476
4.197,2.43,19.038,19.038,73.152,245706.443,3232.625,89.58,0.887,45.233,101.02,170.944,24.468
4.197,2.43,19.045,19.045,73.137,245894.391,3231.194,89.574,0.898,45.236,99.761,170.906,24.461
4.197,2.43,19.052,19.052,73.123,246082.476,3229.764,89.568,0.909,45.238,98.535,170.867,24.453
4.197,2.43,19.059,19.059,73.109,246270.692,3228.335,89.562,0.92,45.241,97.339,170.828,24.445
4.197,2.43,19.066,19.066,73.095,246459.034,3226.906,89.556,0.931,45.243,96.174,170.79,24.437
4.197,2.43,19.073,19.073,73.081,246647.496,3225.478,89.55,0.942,45.246,95.037,170.751,24.429
4.197,2.43,19.08,19.08,73.067,246836.074,3224.051,89.544,0.953,45.249,93.927,170.712,24.422
4.197,2.43,19.087,19.087,73.053,247024.763,3222.625,89.538,0.964,45.251,92.844,170.674,24.414
4.197,2.43,19.094,19.094,73.039,247213.56,3221.199,89.532,0.975,45.254,91.787,170.635,24.406
4.197,2.43,19.101,19.101,73.025,247402.461,3219.775,89.526,0.986,45.256,90.754,170.596,24.398
4.197,2.43,19.108,19.108,73.011,247591.463,3218.351,89.52,0.997,45.259,89.745,170.558,24.39
4.197,2.43,19.115,19.115,72.997,247780.563,3216.929,89.514,1.009,45.261,88.758,170.519,24.383
4.197,2.43,19.122,19.122,72.983,247969.758,3215.508,89.508,1.02,45.264,87.794,170.48,24.375
4.197,2.43,19.129,19.129,72.968,248159.045,3214.087,89.502,1.031,45.266,86.851,170.442,24.367
4.197,2.43,19.136,19.136,72.954,248348.423,3212.668,89.496,1.042,45.269,85.928,170.403,24.359
4.197,2.43,19.143,19.143,72.94,248537.889,3211.249,89.49,1.052,45.271,85.026,170.365,24.352
4.197,2.43,19.15,19.15,72.927,248727.443,3209.832,89.484,1.063,45.274,84.143,170.326,24.344
4.197,2.43,19.157,19.157,72.913,248917.08,3208.416,89.478,1.074,45.276,83.278,170.287,24.336
4.197,2.43,19.164,19.164,72.899,249106.797,3207.001,89.472,1.085,45.279,82.432,170.249,24.328
4.197,2.43,19.171,19.171,72.885,249296.591,3205.587,89.466,1.096,45.281,81.602,170.21,24.321
4.197,2.43,19.178,19.178,72.871,249486.461,3204.174,89.46,1.107,45.284,80.79,170.172,24.313
4.197,2.43,19.185,19.185,72.857,249676.413,3202.762,89.454,1.118,45.286,79.994,170.133,24.305
4.197,2.43,19.192,19.192,72.843,249866.452,3201.351,89.448,1.129,45.289,79.215,170.095,24.298
4.197,2.43,19.199,19.199,72.829,250056.58,3199.942,89.442,1.14,45.291,78.451,170.056,24.29
4.197,2.43,19.206,19.206,72.815,250246.78,3198.533,89.436,1.151,45.294,77.701,170.018,24.282
4.197,2.43,19.213,19.213,72.801,250437.024,3197.126,89.43,1.162,45.296,76.966,169.979,24.275
4.197,2.43,19.22,19.22,72.787,250627.288,3195.72,89.424,1.173,45.299,76.245,169.941,24.267
4.197,2.43,19.227,19.227,72.773,250817.579,3194.316,89.418,1.184,45.301,75.536,169.903,24.259
4.197,2.43,19.234,19.234,72.76,251007.981,3192.913,89.413,1.195,45.304,74.842,169.865,24.252
4.197,2.43,19.241,19.241,72.746,251198.587,3191.51,89.407,1.206,45.306,74.162,169.826,24.244
4.197,2.43,19.248,19.248,72.732,251389.47,3190.106,89.401,1.216,45.309,73.497,169.788,24.236
4.197,2.43,19.254,19.254,72.718,251580.468,3188.704,89.395,1.227,45.311,72.845,169.749,24.229
4.197,2.43,19.261,19.261,72.704,251771.223,3187.305,89.389,1.238,45.314,72.201,169.711,24.221
4.197,2.43,19.268,19.268,72.691,251961.402,3185.911,89.383,1.249,45.316,71.562,169.673,24.213
4.197,2.43,19.275,19.275,72.677,252150.921,3184.525,89.377,1.26,45.319,70.926,169.636,24.206
4.197,2.43,19.282,19.282,72.663,252340.827,3183.137,89.372,1.271,45.321,70.305,169.598,24.198
4.197,2.43,19.289,19.289,72.649,252532.437,3181.738,89.366,1.282,45.324,69.712,169.56,24.191
4.197,2.43,19.296,19.296,72.636,252726.916,3180.32,89.36,1.292,45.326,69.158,169.519,24.183
4.197,2.43,19.303,19.303,72.622,252923.069,3178.891,89.353,1.302,45.328,68.631,169.477,24.175
4.197,2.43,19.31,19.31,72.609,253116.103,3177.487,89.347,1.312,45.33,68.081,169.438,24.168
4.197,2.43,19.317,19.317,72.595,253301.381,3176.141,89.342,1.324,45.333,67.463,169.404,24.16
4.197,2.43,19.325,19.325,72.58,253475.844,3174.875,89.338,1.338,45.338,66.751,169.379,24.153
4.197,2.43,19.333,19.333,72.565,253650.327,3173.611,89.335,1.353,45.344,66.051,169.353,24.145
4.197,2.43,19.34,19.34,72.551,253843.939,3172.209,89.328,1.363,45.346,65.538,169.313,24.138
4.197,2.43,19.344,19.344,72.54,254074.477,3170.542,89.318,1.366,45.342,65.37,169.246,24.13
4.197,2.43,19.347,19.347,72.531,254345.298,3168.586,89.302,1.362,45.332,65.582,169.151,24.121
4.197,2.43,19.349,19.349,72.523,254626.008,3166.563,89.286,1.355,45.32,65.901,169.05,24.112
4.197,2.43,19.351,19.351,72.515,254888.922,3164.672,89.272,1.351,45.311,66.074,168.963,24.104
4.197,2.43,19.355,19.355,72.505,255116.273,3163.038,89.263,1.354,45.308,65.927,168.904,24.096
4.197,2.43,19.362,19.362,72.492,255304.748,3161.686,89.258,1.364,45.311,65.429,168.873,24.088
4.197,2.43,19.369,19.369,72.479,255468.952,3160.509,89.257,1.379,45.318,64.717,168.859,24.081
4.197,2.43,19.378,19.378,72.465,255622.77,3159.408,89.256,1.396,45.326,63.925,168.852,24.074
4.197,2.43,19.386,19.386,72.45,255779.449,3158.287,89.256,1.413,45.334,63.168,168.843,24.067
4.197,2.43,19.394,19.394,72.436,255948.795,3157.077,89.253,1.427,45.34,62.527,168.824,24.06
4.197,2.43,19.401,19.401,72.423,256128.451,3155.794,89.249,1.44,45.345,61.979,168.797,24.053
4.197,2.43,19.408,19.408,72.41,256313.588,3154.474,89.245,1.452,45.348,61.483,168.766,24.046
4.197,2.43,19.415,19.415,72.396,256499.592,3153.149,89.24,1.463,45.352,60.999,168.735,24.038
4.197,2.43,19.422,19.422,72.383,256683.637,3151.84,89.236,1.475,45.355,60.506,168.705,24.031
4.197,2.43,19.429,19.429,72.37,256866.521,3150.54,89.232,1.487,45.359,60.011,168.675,24.024
4.197,2.43,19.436,19.436,72.356,257049.47,3149.242,89.228,1.499,45.363,59.522,168.645,24.016
4.197,2.43,19.443,19.443,72.343,257233.614,3147.936,89.223,1.511,45.367,59.048,168.615,24.009
4.197,2.43,19.45,19.45,72.329,257419.423,3146.62,89.219,1.523,45.371,58.592,168.583,24.002
4.197,2.43,19.457,19.457,72.316,257606.486,3145.297,89.214,1.534,45.374,58.15,168.55,23.994
4.197,2.43,19.464,19.464,72.302,257794.358,3143.97,89.209,1.546,45.377,57.72,168.517,23.987
4.197,2.43,19.471,19.471,72.289,257982.646,3142.641,89.204,1.557,45.38,57.299,168.483,23.98
4.197,2.43,19.478,19.478,72.275,258171.215,3141.311,89.199,1.568,45.383,56.884,168.449,23.972
4.197,2.43,19.485,19.485,72.262,258360.119,3139.981,89.194,1.579,45.387,56.477,168.415,23.965
4.197,2.43,19.492,19.492,72.249,258549.415,3138.65,89.189,1.59,45.39,56.077,168.38,23.957
4.197,2.43,19.499,19.499,72.235,258739.141,3137.317,89.184,1.602,45.393,55.685,168.346,23.95
4.197,2.43,19.506,19.506,72.222,258929.261,3135.983,89.178,1.613,45.396,55.301,168.311,23.943
4.197,2.43,19.513,19.513,72.208,259119.713,3134.648,89.173,1.624,45.398,54.924,168.275,23.935
4.197,2.43,19.52,19.52,72.195,259310.441,3133.313,89.168,1.635,45.401,54.552,168.24,23.928
4.197,2.43,19.527,19.527,72.182,259501.405,3131.977,89.163,1.645,45.404,54.187,168.204,23.921
4.197,2.43,19.534,19.534,72.168,259692.585,3130.642,89.157,1.656,45.407,53.828,168.169,23.913
4.197,2.43,19.541,19.541,72.155,259883.97,3129.307,89.152,1.667,45.41,53.474,168.133,23.906
4.197,2.43,19.548,19.548,72.142,260075.549,3127.972,89.147,1.678,45.412,53.125,168.097,23.899
4.197,2.43,19.555,19.555,72.128,260267.309,3126.637,89.141,1.689,45.415,52.782,168.061,23.891
4.197,2.43,19.562,19.562,72.115,260459.233,3125.303,89.136,1.7,45.418,52.444,168.025,23.884
4.197,2.43,19.569,19.569,72.102,260651.306,3123.969,89.131,1.71,45.421,52.11,167.989,23.877
4.197,2.43,19.575,19.575,72.089,260843.516,3122.636,89.125,1.721,45.423,51.782,167.953,23.869
4.197,2.43,19.582,19.582,72.075,261035.853,3121.304,89.12,1.732,45.426,51.458,167.916,23.862
4.197,2.43,19.589,19.589,72.062,261228.309,3119.972,89.115,1.743,45.429,51.138,167.88,23.855
4.197,2.43,19.596,19.596,72.049,261420.878,3118.641,89.109,1.753,45.431,50.823,167.844,23.847
4.197,2.43,19.603,19.603,72.036,261613.551,3117.311,89.104,1.764,45.434,50.512,167.808,23.84
4.197,2.43,19.61,19.61,72.022,261806.323,3115.981,89.099,1.775,45.437,50.205,167.771,23.833
4.197,2.43,19.617,19.617,72.009,261999.185,3114.653,89.093,1.785,45.439,49.901,167.735,23.825
4.197,2.43,19.624,19.624,71.996,262192.131,3113.326,89.088,1.796,45.442,49.602,167.699,23.818
4.197,2.43,19.631,19.631,71.983,262385.159,3111.999,89.083,1.807,45.445,49.307,167.662,23.811
4.197,2.43,19.637,19.637,71.97,262578.27,3110.674,89.077,1.817,45.447,49.015,167.626,23.804
4.197,2.43,19.644,19.644,71.956,262771.468,3109.349,89.072,1.828,45.45,48.727,167.59,23.796
4.197,2.43,19.651,19.651,71.943,262964.754,3108.026,89.067,1.839,45.453,48.443,167.554,23.789
4.197,2.43,19.658,19.658,71.93,263158.114,3106.703,89.061,1.849,45.455,48.162,167.517,23.782
4.197,2.43,19.665,19.665,71.917,263351.52,3105.382,89.056,1.86,45.458,47.884,167.481,23.774
4.197,2.43,19.672,19.672,71.904,263544.947,3104.062,89.051,1.87,45.461,47.61,167.445,23.767
4.197,2.43,19.679,19.679,71.891,263738.387,3102.743,89.045,1.881,45.463,47.338,167.409,23.76
4.197,2.43,19.685,19.685,71.878,263931.907,3101.426,89.04,1.892,45.466,47.07,167.373,23.753
4.197,2.43,19.692,19.692,71.864,264125.597,3100.109,89.035,1.902,45.468,46.806,167.336,23.745
4.197,2.43,19.699,19.699,71.851,264319.538,3098.791,89.029,1.913,45.471,46.545,167.3,23.738
4.197,2.43,19.706,19.706,71.838,264513.691,3097.474,89.024,1.923,45.474,46.288,167.264,23.731
4.197,2.43,19.713,19.713,71.825,264707.742,3096.159,89.019,1.934,45.476,46.033,167.227,23.724
4.197,2.43,19.72,19.72,71.812,264901.363,3094.848,89.014,1.944,45.479,45.779,167.192,23.717
4.197,2.43,19.727,19.727,71.799,265094.275,3093.544,89.008,1.955,45.482,45.525,167.156,23.709
4.197,2.43,19.733,19.733,71.786,265286.927,3092.243,89.003,1.966,45.485,45.272,167.121,23.702
4.197,2.43,19.74,19.74,71.773,265480.577,3090.937,88.998,1.977,45.487,45.026,167.085,23.695
4.197,2.43,19.747,19.747,71.76,265676.42,3089.617,88.993,1.987,45.49,44.792,167.048,23.688
4.197,2.43,19.754,19.754,71.747,265875.197,3088.279,88.987,1.996,45.492,44.572,167.009,23.681
4.197,2.43,19.76,19.76,71.734,266074.028,3086.943,88.981,2.006,45.494,44.354,166.97,23.673
4.197,2.43,19.767,19.767,71.722,266268.221,3085.639,88.976,2.017,45.496,44.12,166.934,23.666
4.197,2.43,19.774,19.774,71.708,266453.523,3084.396,88.972,2.029,45.5,43.854,166.905,23.659
4.197,2.43,19.782,19.782,71.694,266629.068,3083.22,88.969,2.043,45.506,43.551,166.882,23.652
4.197,2.43,19.79,19.79,71.68,266809.018,3082.016,88.965,2.056,45.511,43.268,166.856,23.645
4.197,2.43,19.796,19.796,71.668,267011.472,3080.663,88.959,2.065,45.512,43.073,166.814,23.638
4.197,2.43,19.801,19.801,71.657,267252.707,3079.052,88.948,2.067,45.508,43.028,166.746,23.63
4.197,2.43,19.803,19.803,71.649,267530.824,3077.198,88.933,2.062,45.498,43.127,166.654,23.622
4.197,2.43,19.805,19.805,71.641,267815.001,3075.307,88.918,2.056,45.487,43.256,166.558,23.613
4.197,2.43,19.807,19.807,71.633,268080.034,3073.546,88.905,2.052,45.478,43.32,166.477,23.605
4.197,2.43,19.811,19.811,71.624,268309.803,3072.022,88.896,2.055,45.476,43.254,166.422,23.598
4.197,2.43,19.818,19.818,71.613,268501.478,3070.752,88.892,2.065,45.479,43.045,166.392,23.591
4.197,2.43,19.825,19.825,71.6,268668.957,3069.643,88.891,2.079,45.485,42.747,166.379,23.584
4.197,2.43,19.833,19.833,71.586,268825.388,3068.609,88.891,2.096,45.494,42.409,166.373,23.578
4.197,2.43,19.841,19.841,71.573,268983.237,3067.566,88.891,2.113,45.502,42.079,166.366,23.571
4.197,2.43,19.849,19.849,71.559,269153.055,3066.445,88.889,2.127,45.508,41.792,166.35,23.565
4.197,2.43,19.856,19.856,71.547,269333.923,3065.253,88.886,2.139,45.513,41.547,166.326,23.558
4.197,2.43,19.863,19.863,71.534,269521.227,3064.019,88.883,2.151,45.517,41.325,166.298,23.551
4.197,2.43,19.87,19.87,71.522,269710.501,3062.774,88.879,2.162,45.52,41.112,166.268,23.544
4.197,2.43,19.877,19.877,71.509,269898.195,3061.54,88.875,2.173,45.524,40.895,166.239,23.537
4.197,2.43,19.884,19.884,71.496,270084.372,3060.318,88.871,2.185,45.528,40.675,166.212,23.53
4.197,2.43,19.891,19.891,71.483,270270.226,3059.099,88.867,2.197,45.532,40.454,166.184,23.523
4.197,2.43,19.898,19.898,71.471,270456.867,3057.877,88.863,2.208,45.536,40.238,166.156,23.516
4.197,2.43,19.905,19.905,71.458,270645.133,3056.645,88.859,2.22,45.54,40.029,166.126,23.509
4.197,2.43,19.912,19.912,71.445,270834.85,3055.405,88.855,2.231,45.543,39.826,166.096,23.502
4.197,2.43,19.919,19.919,71.432,271025.571,3054.16,88.851,2.242,45.547,39.628,166.064,23.495
4.197,2.43,19.926,19.926,71.42,271216.89,3052.912,88.846,2.253,45.55,39.433,166.033,23.488
4.197,2.43,19.932,19.932,71.407,271408.51,3051.664,88.842,2.264,45.553,39.24,166.001,23.481
4.197,2.43,19.939,19.939,71.394,271600.426,3050.415,88.838,2.275,45.556,39.05,165.969,23.474
4.197,2.43,19.946,19.946,71.382,271792.693,3049.165,88.833,2.286,45.559,38.863,165.936,23.467
4.197,2.43,19.953,19.953,71.369,271985.359,3047.914,88.828,2.297,45.563,38.678,165.904,23.461
4.197,2.43,19.96,19.96,71.356,272178.441,3046.662,88.824,2.307,45.566,38.496,165.871,23.454
4.197,2.43,19.967,19.967,71.344,272371.885,3045.409,88.819,2.318,45.569,38.316,165.838,23.447
4.197,2.43,19.973,19.973,71.331,272565.632,3044.155,88.815,2.329,45.572,38.139,165.804,23.44
4.197,2.43,19.98,19.98,71.318,272759.631,3042.901,88.81,2.339,45.575,37.964,165.771,23.433
4.197,2.43,19.987,19.987,71.306,272953.845,3041.647,88.805,2.35,45.577,37.791,165.737,23.426
4.197,2.43,19.994,19.994,71.293,273148.26,3040.394,88.8,2.36,45.58,37.62,165.703,23.419
4.197,2.43,20.001,20.001,71.281,273342.864,3039.14,88.796,2.371,45.583,37.451,165.669,23.412
4.197,2.43,20.007,20.007,71.268,273537.644,3037.887,88.791,2.381,45.586,37.284,165.635,23.405
4.197,2.43,20.014,20.014,71.255,273732.587,3036.634,88.786,2.392,45.589,37.119,165.601,23.398
4.197,2.43,20.021,20.021,71.243,273927.675,3035.381,88.781,2.402,45.592,36.955,165.567,23.391
4.197,2.43,20.028,20.028,71.23,274122.891,3034.13,88.776,2.413,45.595,36.794,165.533,23.384
4.197,2.43,20.035,20.035,71.218,274318.221,3032.878,88.772,2.423,45.597,36.633,165.499,23.377
4.197,2.43,20.041,20.041,71.205,274513.658,3031.628,88.767,2.434,45.6,36.475,165.465,23.37
4.197,2.43,20.048,20.048,71.193,274709.2,3030.378,88.762,2.444,45.603,36.318,165.43,23.363
4.197,2.43,20.055,20.055,71.18,274904.844,3029.129,88.757,2.454,45.606,36.162,165.396,23.356
4.197,2.43,20.062,20.062,71.168,275100.585,3027.881,88.752,2.465,45.609,36.008,165.362,23.35
4.197,2.43,20.068,20.068,71.155,275296.399,3026.634,88.748,2.475,45.611,35.856,165.328,23.343
4.197,2.43,20.075,20.075,71.143,275492.257,3025.388,88.743,2.485,45.614,35.705,165.293,23.336
4.197,2.43,20.082,20.082,71.13,275688.132,3024.143,88.738,2.496,45.617,35.555,165.259,23.329
4.197,2.43,20.089,20.089,71.118,275884.018,3022.899,88.733,2.506,45.62,35.407,165.225,23.322
4.197,2.43,20.095,20.095,71.105,276079.985,3021.657,88.728,2.516,45.622,35.259,165.19,23.315
4.197,2.43,20.102,20.102,71.093,276276.113,3020.414,88.723,2.527,45.625,35.114,165.156,23.308
4.197,2.43,20.109,20.109,71.08,276472.476,3019.172,88.719,2.537,45.628,34.97,165.121,23.301
4.197,2.43,20.116,20.116,71.068,276669.032,3017.93,88.714,2.547,45.63,34.828,165.087,23.295
4.197,2.43,20.122,20.122,71.055,276865.48,3016.69,88.709,2.557,45.633,34.687,165.052,23.288
4.197,2.43,20.129,20.129,71.043,277061.504,3015.453,88.704,2.568,45.636,34.546,165.018,23.281
4.197,2.43,20.136,20.136,71.03,277256.827,3014.223,88.7,2.578,45.639,34.404,164.984,23.274
4.197,2.43,20.143,20.143,71.018,277451.743,3012.997,88.695,2.589,45.642,34.262,164.951,23.267
4.197,2.43,20.149,20.149,71.006,277647.418,3011.767,88.69,2.599,45.645,34.124,164.917,23.26
4.197,2.43,20.156,20.156,70.993,277844.998,3010.527,88.685,2.609,45.647,33.991,164.882,23.253
4.197,2.43,20.163,20.163,70.981,278045.43,3009.27,88.68,2.619,45.649,33.865,164.845,23.247
4.197,2.43,20.169,20.169,70.969,278246.988,3008.008,88.675,2.628,45.651,33.743,164.808,23.24
4.197,2.43,20.176,20.176,70.957,278445.243,3006.767,88.67,2.638,45.654,33.615,164.772,23.233
4.197,2.43,20.183,20.183,70.944,278636.073,3005.575,88.666,2.649,45.657,33.471,164.742,23.226
4.197,2.43,20.19,20.19,70.931,278816.342,3004.449,88.663,2.662,45.663,33.305,164.719,23.22
4.197,2.43,20.198,20.198,70.918,278994.192,3003.34,88.66,2.676,45.668,33.135,164.697,23.213
4.197,2.43,20.205,20.205,70.905,279186.73,3002.141,88.656,2.687,45.671,32.997,164.665,23.206
4.197,2.43,20.21,20.21,70.894,279410.313,3000.749,88.648,2.692,45.67,32.926,164.613,23.199
4.197,2.43,20.214,20.214,70.885,279675.468,2999.102,88.635,2.69,45.663,32.947,164.534,23.191
4.197,2.43,20.215,20.215,70.878,279962.651,2997.32,88.62,2.684,45.652,33.018,164.442,23.184
4.197,2.43,20.217,20.217,70.871,280243.11,2995.583,88.606,2.679,45.643,33.079,164.355,23.176
4.197,2.43,20.22,20.22,70.863,280497.464,2994.009,88.596,2.678,45.637,33.088,164.287,23.168
4.197,2.43,20.225,20.225,70.853,280714.056,2992.671,88.589,2.683,45.636,33.017,164.243,23.161
4.197,2.43,20.232,20.232,70.842,280897.64,2991.539,88.587,2.694,45.641,32.878,164.222,23.155
4.197,2.43,20.239,20.239,70.829,281061.868,2990.526,88.587,2.709,45.648,32.697,164.213,23.149
4.197,2.43,20.247,20.247,70.816,281218.612,2989.561,88.587,2.726,45.657,32.502,164.208,23.142
4.197,2.43,20.255,20.255,70.803,281379.545,2988.571,88.588,2.741,45.664,32.315,164.201,23.136
4.197,2.43,20.263,20.263,70.791,281553.004,2987.505,88.586,2.755,45.671,32.154,164.184,23.13
4.197,2.43,20.27,20.27,70.779,281736.592,2986.377,88.583,2.767,45.675,32.014,164.161,23.123
4.197,2.43,20.277,20.277,70.767,281925.951,2985.216,88.58,2.778,45.679,31.886,164.134,23.117
4.197,2.43,20.283,20.283,70.755,282116.899,2984.046,88.576,2.789,45.682,31.762,164.105,23.11
4.197,2.43,20.29,20.29,70.743,282306.199,2982.887,88.573,2.8,45.686,31.635,164.078,23.104
4.197,2.43,20.297,20.297,70.731,282494.037,2981.738,88.569,2.811,45.69,31.506,164.052,23.097
4.197,2.43,20.304,20.304,70.719,282681.535,2980.593,88.566,2.823,45.694,31.377,164.026,23.09
4.197,2.43,20.311,20.311,70.707,282869.738,2979.444,88.563,2.834,45.698,31.249,163.999,23.084
4.197,2.43,20.318,20.318,70.695,283059.491,2978.288,88.559,2.845,45.702,31.125,163.971,23.077
4.197,2.43,20.325,20.325,70.682,283250.711,2977.123,88.556,2.856,45.706,31.005,163.942,23.071
4.197,2.43,20.332,20.332,70.67,283442.971,2975.954,88.552,2.867,45.709,30.887,163.913,23.064
4.197,2.43,20.338,20.338,70.658,283635.882,2974.782,88.548,2.878,45.713,30.771,163.883,23.058
4.197,2.43,20.345,20.345,70.646,283829.119,2973.609,88.544,2.888,45.716,30.656,163.852,23.051
4.197,2.43,20.352,20.352,70.634,284022.623,2972.435,88.54,2.899,45.719,30.542,163.822,23.044
4.197,2.43,20.359,20.359,70.622,284216.446,2971.261,88.536,2.91,45.723,30.43,163.791,23.038
4.197,2.43,20.365,20.365,70.61,284410.636,2970.087,88.532,2.92,45.726,30.318,163.76,23.031
4.197,2.43,20.372,20.372,70.598,284605.23,2968.91,88.528,2.931,45.729,30.209,163.729,23.025
4.197,2.43,20.379,20.379,70.586,284800.197,2967.733,88.524,2.941,45.732,30.1,163.698,23.018
4.197,2.43,20.386,20.386,70.574,284995.483,2966.556,88.519,2.951,45.735,29.992,163.667,23.011
4.197,2.43,20.392,20.392,70.562,285191.036,2965.378,88.515,2.962,45.738,29.886,163.635,23.005
4.197,2.43,20.399,20.399,70.55,285386.816,2964.2,88.511,2.972,45.741,29.781,163.603,22.998
4.197,2.43,20.406,20.406,70.538,285582.799,2963.022,88.507,2.982,45.745,29.677,163.571,22.992
4.197,2.43,20.412,20.412,70.526,285778.974,2961.844,88.502,2.993,45.748,29.573,163.539,22.985
4.197,2.43,20.419,20.419,70.514,285975.329,2960.666,88.498,3.003,45.751,29.471,163.507,22.979
4.197,2.43,20.426,20.426,70.502,286171.855,2959.488,88.494,3.013,45.754,29.369,163.475,22.972
4.197,2.43,20.433,20.433,70.49,286368.543,2958.311,88.49,3.023,45.756,29.268,163.443,22.965
4.197,2.43,20.439,20.439,70.478,286565.386,2957.134,88.485,3.034,45.759,29.169,163.411,22.959
4.197,2.43,20.446,20.446,70.466,286762.378,2955.958,88.481,3.044,45.762,29.07,163.379,22.952
4.197,2.43,20.453,20.453,70.454,286959.509,2954.782,88.477,3.054,45.765,28.971,163.347,22.946
4.197,2.43,20.459,20.459,70.442,287156.755,2953.607,88.472,3.064,45.768,28.874,163.314,22.939
4.197,2.43,20.466,20.466,70.43,287354.089,2952.432,88.468,3.074,45.771,28.777,163.282,22.933
4.197,2.43,20.473,20.473,70.419,287551.485,2951.258,88.464,3.084,45.774,28.681,163.25,22.926
4.197,2.43,20.479,20.479,70.407,287748.932,2950.085,88.46,3.095,45.777,28.586,163.217,22.919
4.197,2.43,20.486,20.486,70.395,287946.491,2948.913,88.455,3.105,45.78,28.491,163.185,22.913
4.197,2.43,20.493,20.493,70.383,288144.237,2947.741,88.451,3.115,45.783,28.397,163.153,22.906
4.197,2.43,20.499,20.499,70.371,288342.241,2946.569,88.447,3.125,45.786,28.305,163.12,22.9
4.197,2.43,20.506,20.506,70.359,288540.515,2945.396,88.442,3.135,45.789,28.213,163.088,22.893
4.197,2.43,20.512,20.512,70.347,288738.813,2944.225,88.438,3.145,45.791,28.121,163.055,22.887
4.197,2.43,20.519,20.519,70.336,288936.829,2943.056,88.434,3.155,45.794,28.03,163.023,22.88
4.197,2.43,20.526,20.526,70.324,289134.287,2941.892,88.43,3.165,45.797,27.939,162.991,22.874
4.197,2.43,20.532,20.532,70.312,289331.142,2940.733,88.425,3.175,45.8,27.847,162.96,22.867
4.197,2.43,20.539,20.539,70.3,289528.319,2939.573,88.421,3.186,45.803,27.756,162.928,22.861
4.197,2.43,20.546,20.546,70.288,289726.943,2938.406,88.417,3.196,45.806,27.667,162.896,22.854
4.197,2.43,20.552,20.552,70.276,289928.041,2937.226,88.412,3.205,45.809,27.583,162.862,22.848
4.197,2.43,20.559,20.559,70.265,290131.72,2936.032,88.408,3.214,45.811,27.503,162.827,22.841
4.197,2.43,20.565,20.565,70.253,290334.467,2934.844,88.403,3.224,45.813,27.423,162.792,22.835
4.197,2.43,20.572,20.572,70.242,290532.142,2933.688,88.399,3.234,45.816,27.335,162.761,22.828
4.197,2.43,20.579,20.579,70.229,290721.001,2932.584,88.396,3.246,45.821,27.236,162.735,22.822
4.197,2.43,20.586,20.586,70.217,290900.515,2931.536,88.394,3.259,45.826,27.124,162.715,22.816
4.197,2.43,20.594,20.594,70.204,291083.704,2930.468,88.391,3.272,45.831,27.017,162.692,22.809
4.197,2.43,20.6,20.6,70.192,291286.899,2929.284,88.386,3.281,45.834,26.938,162.657,22.803
4.197,2.43,20.605,20.605,70.182,291525.056,2927.898,88.378,3.284,45.831,26.908,162.6,22.796
4.197,2.43,20.608,20.608,70.175,291802.444,2926.286,88.365,3.281,45.823,26.933,162.519,22.788
4.197,2.43,20.609,20.609,70.168,292093.52,2924.597,88.35,3.275,45.812,26.98,162.431,22.781
4.197,2.43,20.611,20.611,70.161,292372.9,2922.979,88.337,3.27,45.804,27.014,162.351,22.773
4.197,2.43,20.614,20.614,70.153,292623.959,2921.526,88.328,3.27,45.799,27.011,162.29,22.766
4.197,2.43,20.619,20.619,70.144,292837.315,2920.293,88.323,3.276,45.8,26.957,162.253,22.76
4.197,2.43,20.626,20.626,70.133,293020.114,2919.238,88.321,3.288,45.805,26.862,162.235,22.754
4.197,2.43,20.634,20.634,70.121,293185.189,2918.286,88.321,3.303,45.812,26.742,162.227,22.748
4.197,2.43,20.642,20.642,70.109,293343.729,2917.373,88.322,3.319,45.821,26.614,162.224,22.742
4.197,2.43,20.649,20.649,70.096,293506.852,2916.434,88.323,3.334,45.828,26.491,162.217,22.736
4.197,2.43,20.657,20.657,70.084,293682.479,2915.424,88.322,3.347,45.835,26.385,162.202,22.73
4.197,2.43,20.664,20.664,70.073,293868.275,2914.357,88.319,3.359,45.839,26.292,162.18,22.724
4.197,2.43,20.67,20.67,70.061,294060.045,2913.256,88.316,3.37,45.843,26.207,162.155,22.718
4.197,2.43,20.677,20.677,70.05,294253.75,2912.145,88.313,3.38,45.847,26.125,162.128,22.711
4.197,2.43,20.684,20.684,70.039,294446.052,2911.044,88.31,3.391,45.851,26.041,162.102,22.705
4.197,2.43,20.69,20.69,70.027,294636.793,2909.953,88.307,3.402,45.855,25.956,162.077,22.699
4.197,2.43,20.697,20.697,70.016,294827.06,2908.865,88.304,3.413,45.859,25.87,162.053,22.692
4.197,2.43,20.704,20.704,70.004,295017.867,2907.775,88.301,3.425,45.863,25.785,162.028,22.686
4.197,2.43,20.711,20.711,69.992,295210.114,2906.679,88.298,3.435,45.867,25.702,162.002,22.68
4.197,2.43,20.718,20.718,69.981,295403.931,2905.574,88.295,3.446,45.871,25.621,161.974,22.674
4.197,2.43,20.724,20.724,69.969,295598.909,2904.464,88.292,3.457,45.874,25.542,161.947,22.667
4.197,2.43,20.731,20.731,69.958,295794.66,2903.351,88.288,3.467,45.878,25.464,161.918,22.661
4.197,2.43,20.738,20.738,69.946,295990.835,2902.237,88.284,3.478,45.881,25.387,161.89,22.655
4.197,2.43,20.744,20.744,69.935,296187.28,2901.122,88.281,3.488,45.884,25.311,161.861,22.649
4.197,2.43,20.751,20.751,69.923,296384.033,2900.007,88.277,3.498,45.888,25.235,161.832,22.642
4.197,2.43,20.757,20.757,69.912,296581.14,2898.891,88.274,3.508,45.891,25.16,161.803,22.636
4.197,2.43,20.764,20.764,69.9,296778.641,2897.773,88.27,3.519,45.894,25.086,161.773,22.63
4.197,2.43,20.771,20.771,69.889,296976.54,2896.655,88.266,3.529,45.898,25.013,161.744,22.623
4.197,2.43,20.777,20.777,69.878,297174.788,2895.536,88.262,3.539,45.901,24.94,161.714,22.617
4.197,2.43,20.784,20.784,69.866,297373.338,2894.416,88.259,3.549,45.904,24.868,161.684,22.611
4.197,2.43,20.79,20.79,69.855,297572.147,2893.297,88.255,3.559,45.907,24.797,161.654,22.605
4.197,2.43,20.797,20.797,69.843,297771.177,2892.177,88.251,3.569,45.91,24.726,161.623,22.598
4.197,2.43,20.804,20.804,69.832,297970.393,2891.057,88.247,3.579,45.913,24.656,161.593,22.592
4.197,2.43,20.81,20.81,69.82,298169.763,2889.937,88.243,3.589,45.916,24.586,161.563,22.586
4.197,2.43,20.817,20.817,69.809,298369.258,2888.818,88.239,3.599,45.919,24.517,161.532,22.579
4.197,2.43,20.823,20.823,69.798,298568.879,2887.7,88.235,3.609,45.922,24.448,161.502,22.573
4.197,2.43,20.83,20.83,69.786,298768.686,2886.581,88.232,3.619,45.925,24.38,161.471,22.567
4.197,2.43,20.836,20.836,69.775,298968.741,2885.463,88.228,3.629,45.928,24.313,161.44,22.561
4.197,2.43,20.843,20.843,69.763,299169.1,2884.343,88.224,3.639,45.931,24.246,161.41,22.554
4.197,2.43,20.849,20.849,69.752,299369.729,2883.224,88.22,3.649,45.934,24.18,161.379,22.548
4.197,2.43,20.856,20.856,69.741,299570.351,2882.106,88.216,3.658,45.937,24.114,161.348,22.542
4.197,2.43,20.862,20.862,69.729,299770.673,2880.99,88.212,3.668,45.94,24.048,161.317,22.536
4.197,2.43,20.869,20.869,69.718,299970.429,2879.879,88.208,3.678,45.943,23.982,161.287,22.529
4.197,2.43,20.876,20.876,69.707,300169.636,2878.773,88.204,3.688,45.946,23.915,161.257,22.523
4.197,2.43,20.882,20.882,69.695,300369.246,2877.665,88.201,3.698,45.949,23.849,161.226,22.517
4.197,2.43,20.889,20.889,69.684,300570.334,2876.55,88.197,3.708,45.952,23.786,161.195,22.511
4.197,2.43,20.895,20.895,69.673,300773.878,2875.422,88.192,3.717,45.955,23.725,161.163,22.505
4.197,2.43,20.901,20.901,69.662,300979.983,2874.282,88.188,3.726,45.957,23.667,161.129,22.498
4.197,2.43,20.908,20.908,69.651,301185.27,2873.147,88.183,3.735,45.959,23.608,161.095,22.492
4.197,2.43,20.914,20.914,69.639,301385.74,2872.041,88.18,3.745,45.962,23.546,161.065,22.486
4.197,2.43,20.921,20.921,69.628,301577.78,2870.982,88.177,3.756,45.967,23.474,161.04,22.48
4.197,2.43,20.929,20.929,69.615,301760.034,2869.977,88.175,3.769,45.972,23.393,161.02,22.474
4.197,2.43,20.936,20.936,69.603,301943.87,2868.965,88.173,3.782,45.977,23.314,161.0,22.468
4.197,2.43,20.943,20.943,69.592,302145.089,2867.859,88.169,3.792,45.98,23.252,160.968,22.462
4.197,2.43,20.948,20.948,69.582,302378.372,2866.578,88.161,3.796,45.979,23.223,160.918,22.455
4.197,2.43,20.95,20.95,69.574,302651.873,2865.077,88.15,3.794,45.972,23.234,160.844,22.448
4.197,2.43,20.952,20.952,69.568,302945.294,2863.47,88.136,3.788,45.962,23.267,160.759,22.441
4.197,2.43,20.954,20.954,69.561,303232.251,2861.901,88.123,3.783,45.953,23.296,160.679,22.433
4.197,2.43,20.956,20.956,69.554,303494.979,2860.466,88.113,3.781,45.947,23.302,160.614,22.427
4.197,2.43,20.961,20.961,69.546,303722.301,2859.226,88.107,3.785,45.946,23.275,160.571,22.42
4.197,2.43,20.967,20.967,69.536,303915.584,2858.173,88.104,3.795,45.95,23.214,160.548,22.414
4.197,2.43,20.974,20.974,69.525,304087.335,2857.238,88.104,3.809,45.956,23.132,160.539,22.408
4.197,2.43,20.982,20.982,69.513,304248.566,2856.361,88.105,3.824,45.965,23.04,160.535,22.403
4.197,2.43,20.99,20.99,69.501,304409.776,2855.485,88.106,3.84,45.973,22.947,160.531,22.397
4.197,2.43,20.997,20.997,69.489,304581.096,2854.555,88.106,3.854,45.98,22.864,160.521,22.391
4.197,2.43,21.004,21.004,69.478,304764.292,2853.561,88.105,3.866,45.985,22.791,160.503,22.386
4.197,2.43,21.011,21.011,69.467,304955.416,2852.526,88.102,3.877,45.989,22.727,160.48,22.38
4.197,2.43,21.017,21.017,69.456,305150.49,2851.47,88.099,3.887,45.993,22.666,160.455,22.374
4.197,2.43,21.024,21.024,69.445,305345.765,2850.413,88.097,3.897,45.997,22.605,160.429,22.368
4.197,2.43,21.03,21.03,69.434,305539.166,2849.369,88.094,3.908,46.001,22.543,160.405,22.362
4.197,2.43,21.037,21.037,69.423,305731.463,2848.331,88.091,3.919,46.005,22.48,160.381,22.356
4.197,2.43,21.044,21.044,69.412,305923.669,2847.294,88.089,3.93,46.009,22.417,160.357,22.35
4.197,2.43,21.05,21.05,69.401,306116.73,2846.254,88.086,3.94,46.013,22.355,160.333,22.344
4.197,2.43,21.057,21.057,69.39,306311.368,2845.207,88.083,3.951,46.017,22.295,160.308,22.338
4.197,2.43,21.064,21.064,69.379,306507.425,2844.153,88.08,3.961,46.021,22.235,160.281,22.332
4.197,2.43,21.07,21.07,69.368,306704.501,2843.095,88.077,3.971,46.024,22.177,160.255,22.326
4.197,2.43,21.077,21.077,69.357,306902.232,2842.034,88.074,3.982,46.028,22.12,160.227,22.32
4.197,2.43,21.083,21.083,69.346,307100.298,2840.972,88.071,3.992,46.031,22.063,160.2,22.314
4.197,2.43,21.09,21.09,69.335,307298.614,2839.911,88.067,4.002,46.035,22.007,160.172,22.308
4.197,2.43,21.096,21.096,69.324,307497.229,2838.848,88.064,4.012,46.038,21.951,160.144,22.302
4.197,2.43,21.103,21.103,69.313,307696.194,2837.785,88.061,4.022,46.041,21.895,160.116,22.296
4.197,2.43,21.109,21.109,69.302,307895.55,2836.721,88.057,4.032,46.045,21.841,160.088,22.29
4.197,2.43,21.116,21.116,69.291,308095.286,2835.656,88.054,4.042,46.048,21.786,160.06,22.283
4.197,2.43,21.122,21.122,69.28,308295.328,2834.591,88.05,4.052,46.051,21.732,160.031,22.277
4.197,2.43,21.129,21.129,69.269,308495.608,2833.525,88.047,4.061,46.054,21.679,160.002,22.271
4.197,2.43,21.135,21.135,69.258,308696.064,2832.459,88.043,4.071,46.057,21.626,159.973,22.265
4.197,2.43,21.142,21.142,69.247,308896.678,2831.394,88.04,4.081,46.06,21.573,159.944,22.259
4.197,2.43,21.148,21.148,69.236,309097.508,2830.328,88.036,4.091,46.064,21.52,159.915,22.253
4.197,2.43,21.155,21.155,69.225,309298.616,2829.263,88.033,4.101,46.067,21.468,159.886,22.247
4.197,2.43,21.161,21.161,69.214,309500.057,2828.196,88.029,4.11,46.07,21.417,159.857,22.241
4.197,2.43,21.168,21.168,69.203,309701.812,2827.129,88.026,4.12,46.073,21.366,159.828,22.235
4.197,2.43,21.174,21.174,69.192,309903.621,2826.063,88.022,4.13,46.076,21.315,159.798,22.229
4.197,2.43,21.181,21.181,69.181,310105.197,2824.999,88.019,4.139,46.079,21.265,159.769,22.223
4.197,2.43,21.187,21.187,69.17,310306.279,2823.939,88.015,4.149,46.082,21.214,159.74,22.217
4.197,2.43,21.194,21.194,69.159,310506.771,2822.883,88.012,4.159,46.085,21.163,159.711,22.211
4.197,2.43,21.2,21.2,69.149,310707.456,2821.827,88.008,4.169,46.088,21.112,159.682,22.206
4.197,2.43,21.207,21.207,69.138,310909.373,2820.766,88.005,4.178,46.091,21.062,159.653,22.2
4.197,2.43,21.213,21.213,69.127,311113.472,2819.694,88.001,4.188,46.094,21.015,159.622,22.194
4.197,2.43,21.219,21.219,69.116,311320.359,2818.609,87.997,4.196,46.097,20.97,159.59,22.188
4.197,2.43,21.225,21.225,69.106,311527.709,2817.523,87.993,4.205,46.099,20.925,159.558,22.181
4.197,2.43,21.232,21.232,69.095,311731.609,2816.455,87.989,4.214,46.102,20.878,159.527,22.176
4.197,2.43,21.238,21.238,69.084,311928.515,2815.426,87.986,4.225,46.105,20.826,159.501,22.17
4.197,2.43,21.245,21.245,69.072,312115.433,2814.449,87.984,4.237,46.111,20.766,159.481,22.164
4.197,2.43,21.253,21.253,69.061,312297.856,2813.497,87.983,4.25,46.116,20.703,159.463,22.158
4.197,2.43,21.26,21.26,69.049,312490.586,2812.492,87.98,4.261,46.121,20.647,159.439,22.152
4.197,2.43,21.266,21.266,69.039,312708.247,2811.359,87.975,4.268,46.122,20.611,159.4,22.146
4.197,2.43,21.269,21.269,69.03,312963.412,2810.031,87.966,4.269,46.117,20.604,159.34,22.14
4.197,2.43,21.271,21.271,69.024,313251.763,2808.533,87.953,4.265,46.109,20.623,159.261,22.133
4.197,2.43,21.273,21.273,69.018,313546.584,2807.004,87.94,4.259,46.099,20.648,159.18,22.126
4.197,2.43,21.275,21.275,69.011,313826.506,2805.554,87.928,4.255,46.092,20.664,159.108,22.119
4.197,2.43,21.278,21.278,69.004,314077.732,2804.254,87.92,4.256,46.088,20.66,159.054,22.113
4.197,2.43,21.283,21.283,68.995,314292.655,2803.143,87.916,4.262,46.089,20.628,159.02,22.107
4.197,2.43,21.289,21.289,68.985,314478.463,2802.184,87.915,4.273,46.094,20.575,159.004,22.101
4.197,2.43,21.297,21.297,68.974,314646.831,2801.316,87.915,4.287,46.101,20.508,158.998,22.095
4.197,2.43,21.304,21.304,68.963,314807.885,2800.486,87.917,4.302,46.109,20.436,158.995,22.09
4.197,2.43,21.312,21.312,68.952,314971.62,2799.643,87.918,4.317,46.117,20.365,158.991,22.085
4.197,2.43,21.32,21.32,68.94,315146.828,2798.741,87.918,4.33,46.124,20.303,158.979,22.079
4.197,2.43,21.326,21.326,68.93,315333.052,2797.784,87.916,4.342,46.129,20.248,158.961,22.073
4.197,2.43,21.333,21.333,68.919,315526.416,2796.791,87.914,4.352,46.133,20.199,158.939,22.068
4.197,2.43,21.339,21.339,68.909,315723.13,2795.782,87.911,4.363,46.137,20.152,158.915,22.062
4.197,2.43,21.346,21.346,68.898,315919.664,2794.775,87.909,4.373,46.141,20.104,158.89,22.056
4.197,2.43,21.352,21.352,68.888,316114.358,2793.778,87.906,4.383,46.145,20.056,158.867,22.05
4.197,2.43,21.359,21.359,68.877,316308.05,2792.787,87.904,4.394,46.149,20.007,158.844,22.045
4.197,2.43,21.365,21.365,68.866,316501.705,2791.798,87.902,4.404,46.153,19.958,158.822,22.039
4.197,2.43,21.372,21.372,68.856,316696.224,2790.805,87.899,4.415,46.157,19.91,158.798,22.033
4.197,2.43,21.379,21.379,68.845,316892.301,2789.805,87.897,4.425,46.161,19.863,158.774,22.027
4.197,2.43,21.385,21.385,68.834,317089.795,2788.798,87.894,4.435,46.165,19.817,158.749,22.022
4.197,2.43,21.392,21.392,68.824,317288.318,2787.788,87.891,4.445,46.168,19.772,158.723,22.016
4.197,2.43,21.398,21.398,68.813,317487.517,2786.775,87.888,4.455,46.172,19.727,158.697,22.01
4.197,2.43,21.404,21.404,68.803,317687.076,2785.761,87.885,4.465,46.175,19.682,158.671,22.004
4.197,2.43,21.411,21.411,68.792,317886.878,2784.747,87.882,4.475,46.179,19.638,158.644,21.999
4.197,2.43,21.417,21.417,68.781,318086.966,2783.733,87.879,4.485,46.182,19.595,158.618,21.993
4.197,2.43,21.424,21.424,68.771,318287.388,2782.718,87.876,4.495,46.186,19.551,158.591,21.987
4.197,2.43,21.43,21.43,68.76,318488.188,2781.701,87.873,4.504,46.189,19.508,158.564,21.981
4.197,2.43,21.437,21.437,68.75,318689.373,2780.685,87.87,4.514,46.192,19.466,158.537,21.975
4.197,2.43,21.443,21.443,68.739,318890.878,2779.667,87.867,4.524,46.195,19.423,158.509,21.97
4.197,2.43,21.449,21.449,68.729,319092.636,2778.649,87.864,4.533,46.199,19.382,158.482,21.964
4.197,2.43,21.456,21.456,68.718,319294.585,2777.631,87.861,4.543,46.202,19.34,158.454,21.958
4.197,2.43,21.462,21.462,68.708,319496.684,2776.614,87.858,4.553,46.205,19.298,158.427,21.952
4.197,2.43,21.469,21.469,68.697,319698.971,2775.596,87.854,4.562,46.208,19.257,158.399,21.947
4.197,2.43,21.475,21.475,68.687,319901.507,2774.579,87.851,4.572,46.211,19.216,158.371,21.941
4.197,2.43,21.481,21.481,68.676,320104.347,2773.561,87.848,4.581,46.215,19.176,158.343,21.935
4.197,2.43,21.488,21.488,68.666,320307.531,2772.542,87.845,4.591,46.218,19.136,158.315,21.929
4.197,2.43,21.494,21.494,68.655,320510.908,2771.523,87.841,4.6,46.221,19.096,158.286,21.924
4.197,2.43,21.5,21.5,68.645,320714.194,2770.505,87.838,4.609,46.224,19.056,158.258,21.918
4.197,2.43,21.507,21.507,68.634,320917.128,2769.491,87.835,4.619,46.227,19.016,158.23,21.912
4.197,2.43,21.513,21.513,68.624,321119.479,2768.48,87.832,4.629,46.23,18.976,158.203,21.906
4.197,2.43,21.519,21.519,68.613,321321.467,2767.472,87.829,4.638,46.233,18.936,158.175,21.901
4.197,2.43,21.526,21.526,68.603,321524.062,2766.462,87.825,4.648,46.237,18.896,158.148,21.895
4.197,2.43,21.532,21.532,68.592,321728.223,2765.446,87.822,4.657,46.24,18.858,158.119,21.889
4.197,2.43,21.538,21.538,68.582,321934.821,2764.418,87.818,4.666,46.242,18.821,158.089,21.883
4.197,2.43,21.544,21.544,68.572,322143.88,2763.379,87.815,4.675,46.245,18.785,158.058,21.878
4.197,2.43,21.55,21.55,68.561,322352.242,2762.345,87.811,4.683,46.247,18.75,158.027,21.872
4.197,2.43,21.557,21.557,68.551,322556.256,2761.333,87.808,4.693,46.25,18.712,157.999,21.866
4.197,2.43,21.563,21.563,68.54,322752.627,2760.36,87.805,4.703,46.254,18.67,157.975,21.86
4.197,2.43,21.571,21.571,68.529,322939.109,2759.437,87.804,4.715,46.26,18.621,157.957,21.855
4.197,2.43,21.578,21.578,68.518,323123.699,2758.524,87.803,4.728,46.265,18.572,157.939,21.849
4.197,2.43,21.585,21.585,68.507,323320.848,2757.55,87.8,4.738,46.269,18.53,157.915,21.844
4.197,2.43,21.59,21.59,68.497,323544.367,2756.446,87.795,4.745,46.27,18.504,157.875,21.838
4.197,2.43,21.594,21.594,68.489,323805.633,2755.158,87.785,4.745,46.265,18.5,157.815,21.832
4.197,2.43,21.595,21.595,68.483,324097.44,2753.722,87.773,4.74,46.257,18.516,157.739,21.825
4.197,2.43,21.597,21.597,68.477,324393.759,2752.265,87.76,4.735,46.247,18.536,157.66,21.818
4.197,2.43,21.599,21.599,68.471,324674.679,2750.886,87.749,4.731,46.24,18.548,157.591,21.812
4.197,2.43,21.602,21.602,68.464,324927.379,2749.647,87.742,4.732,46.237,18.544,157.539,21.806
4.197,2.43,21.607,21.607,68.456,325144.609,2748.583,87.737,4.738,46.238,18.519,157.507,21.8
4.197,2.43,21.613,21.613,68.446,325332.865,2747.662,87.736,4.748,46.242,18.478,157.491,21.794
4.197,2.43,21.62,21.62,68.436,325503.365,2746.828,87.737,4.762,46.249,18.426,157.485,21.789
4.197,2.43,21.628,21.628,68.425,325665.773,2746.035,87.739,4.776,46.258,18.369,157.482,21.784
4.197,2.43,21.636,21.636,68.414,325829.557,2745.236,87.74,4.791,46.266,18.313,157.479,21.779
4.197,2.43,21.643,21.643,68.403,326003.769,2744.386,87.741,4.805,46.273,18.262,157.47,21.773
4.197,2.43,21.65,21.65,68.393,326189.515,2743.481,87.74,4.816,46.278,18.217,157.454,21.768
4.197,2.43,21.656,21.656,68.383,326383.123,2742.539,87.738,4.827,46.282,18.177,157.433,21.763
4.197,2.43,21.662,21.662,68.373,326580.917,2741.577,87.736,4.837,46.286,18.14,157.41,21.757
4.197,2.43,21.669,21.669,68.363,326779.422,2740.612,87.733,4.846,46.29,18.103,157.387,21.751
4.197,2.43,21.675,21.675,68.353,326976.215,2739.657,87.731,4.856,46.294,18.065,157.364,21.746
4.197,2.43,21.682,21.682,68.342,327171.724,2738.709,87.729,4.867,46.298,18.026,157.343,21.74
4.197,2.43,21.688,21.688,68.332,327366.895,2737.763,87.727,4.877,46.302,17.987,157.321,21.735
4.197,2.43,21.695,21.695,68.322,327562.61,2736.816,87.725,4.888,46.306,17.949,157.299,21.729
4.197,2.43,21.701,21.701,68.312,327759.67,2735.863,87.723,4.898,46.31,17.911,157.276,21.724
4.197,2.43,21.708,21.708,68.301,327958.272,2734.904,87.72,4.908,46.314,17.874,157.252,21.718
4.197,2.43,21.714,21.714,68.291,328158.061,2733.939,87.718,4.918,46.318,17.837,157.228,21.713
4.197,2.43,21.72,21.72,68.281,328358.687,2732.972,87.715,4.927,46.321,17.802,157.203,21.707
4.197,2.43,21.727,21.727,68.271,328559.829,2732.003,87.712,4.937,46.325,17.766,157.178,21.702
4.197,2.43,21.733,21.733,68.261,328761.247,2731.034,87.71,4.947,46.328,17.731,157.153,21.696
4.197,2.43,21.739,21.739,68.251,328962.918,2730.064,87.707,4.956,46.332,17.696,157.127,21.691
4.197,2.43,21.746,21.746,68.24,329164.864,2729.094,87.704,4.966,46.335,17.661,157.102,21.685
4.197,2.43,21.752,21.752,68.23,329367.109,2728.124,87.702,4.975,46.338,17.627,157.076,21.68
4.197,2.43,21.758,21.758,68.22,329569.674,2727.153,87.699,4.985,46.342,17.593,157.05,21.674
4.197,2.43,21.765,21.765,68.21,329772.579,2726.181,87.696,4.994,46.345,17.559,157.024,21.668
4.197,2.43,21.771,21.771,68.2,329975.842,2725.208,87.693,5.004,46.348,17.525,156.998,21.663
4.197,2.43,21.777,21.777,68.19,330179.481,2724.235,87.69,5.013,46.352,17.492,156.971,21.657
4.197,2.43,21.783,21.783,68.18,330383.512,2723.261,87.687,5.023,46.355,17.459,156.944,21.652
4.197,2.43,21.79,21.79,68.169,330587.872,2722.286,87.684,5.032,46.358,17.426,156.918,21.646
4.197,2.43,21.796,21.796,68.159,330792.307,2721.311,87.681,5.041,46.361,17.393,156.891,21.641
4.197,2.43,21.802,21.802,68.149,330996.56,2720.339,87.678,5.05,46.364,17.361,156.864,21.635
4.197,2.43,21.808,21.808,68.139,331200.393,2719.369,87.676,5.06,46.368,17.328,156.837,21.63
4.197,2.43,21.815,21.815,68.129,331403.676,2718.403,87.673,5.069,46.371,17.295,156.811,21.624
4.197,2.43,21.821,21.821,68.119,331607.031,2717.438,87.67,5.079,46.374,17.262,156.785,21.619
4.197,2.43,21.827,21.827,68.109,331811.416,2716.469,87.667,5.088,46.378,17.23,156.758,21.613
4.197,2.43,21.834,21.834,68.099,332017.706,2715.491,87.664,5.097,46.38,17.199,156.731,21.608
4.197,2.43,21.84,21.84,68.089,332226.667,2714.502,87.66,5.106,46.383,17.169,156.701,21.602
4.197,2.43,21.846,21.846,68.079,332437.288,2713.506,87.657,5.114,46.385,17.14,156.671,21.597
4.197,2.43,21.852,21.852,68.069,332646.046,2712.52,87.654,5.123,46.388,17.111,156.643,21.591
4.197,2.43,21.858,21.858,68.059,332849.564,2711.559,87.651,5.132,46.391,17.079,156.617,21.585
4.197,2.43,21.865,21.865,68.049,333044.766,2710.639,87.649,5.143,46.396,17.043,156.595,21.58
4.197,2.43,21.872,21.872,68.038,333230.807,2709.763,87.648,5.155,46.401,17.002,156.578,21.575
4.197,2.43,21.879,21.879,68.027,333418.119,2708.881,87.647,5.167,46.407,16.963,156.561,21.57
4.197,2.43,21.885,21.885,68.017,333620.562,2707.929,87.644,5.177,46.41,16.93,156.535,21.564
4.197,2.43,21.89,21.89,68.007,333851.115,2706.846,87.638,5.182,46.41,16.911,156.494,21.558
4.197,2.43,21.894,21.894,68.0,334119.576,2705.587,87.629,5.182,46.405,16.911,156.433,21.552
4.197,2.43,21.895,21.895,67.994,334414.884,2704.203,87.617,5.177,46.397,16.925,156.358,21.546
4.197,2.43,21.897,21.897,67.989,334711.969,2702.813,87.605,5.171,46.388,16.941,156.283,21.539
4.197,2.43,21.898,21.898,67.983,334992.575,2701.502,87.594,5.168,46.381,16.949,156.217,21.533
4.197,2.43,21.902,21.902,67.976,335244.996,2700.324,87.587,5.169,46.378,16.945,156.168,21.527
4.197,2.43,21.906,21.906,67.968,335462.667,2699.309,87.583,5.175,46.379,16.925,156.137,21.521
4.197,2.43,21.913,21.913,67.959,335652.05,2698.427,87.582,5.185,46.384,16.891,156.122,21.516
4.197,2.43,21.92,21.92,67.949,335823.862,2697.627,87.583,5.198,46.391,16.849,156.116,21.511
4.197,2.43,21.927,21.927,67.938,335987.314,2696.867,87.585,5.213,46.399,16.802,156.114,21.506
4.197,2.43,21.935,21.935,67.928,336151.394,2696.105,87.587,5.227,46.407,16.756,156.111,21.501
4.197,2.43,21.942,21.942,67.917,336325.029,2695.299,87.587,5.241,46.414,16.713,156.104,21.496
4.197,2.43,21.949,21.949,67.907,336510.419,2694.439,87.587,5.252,46.419,16.676,156.089,21.491
4.197,2.43,21.955,21.955,67.897,336704.133,2693.541,87.585,5.263,46.424,16.643,156.07,21.486
4.197,2.43,21.962,21.962,67.888,336902.613,2692.622,87.583,5.272,46.428,16.612,156.048,21.48
4.197,2.43,21.968,21.968,67.878,337102.478,2691.698,87.581,5.282,46.431,16.582,156.025,21.475
4.197,2.43,21.974,21.974,67.868,337300.94,2690.781,87.579,5.292,46.435,16.551,156.003,21.47
4.197,2.43,21.98,21.98,67.859,337497.888,2689.871,87.577,5.302,46.439,16.519,155.982,21.464
4.197,2.43,21.987,21.987,67.849,337694.249,2688.966,87.575,5.312,46.444,16.487,155.961,21.459
4.197,2.43,21.993,21.993,67.839,337890.888,2688.059,87.574,5.322,46.448,16.455,155.94,21.454
4.197,2.43,22.0,22.0,67.829,338088.612,2687.149,87.572,5.332,46.452,16.424,155.919,21.449
4.197,2.43,22.006,22.006,67.819,338287.894,2686.232,87.57,5.342,46.456,16.393,155.896,21.443
4.197,2.43,22.012,22.012,67.809,338488.457,2685.31,87.567,5.351,46.459,16.363,155.873,21.438
4.197,2.43,22.018,22.018,67.8,338689.928,2684.385,87.565,5.361,46.463,16.334,155.849,21.433
4.197,2.43,22.025,22.025,67.79,338891.97,2683.459,87.563,5.37,46.467,16.304,155.825,21.427
4.197,2.43,22.031,22.031,67.78,339094.282,2682.531,87.56,5.38,46.47,16.275,155.8,21.422
4.197,2.43,22.037,22.037,67.77,339296.788,2681.604,87.558,5.389,46.473,16.246,155.776,21.417
4.197,2.43,22.044,22.044,67.76,339499.589,2680.676,87.555,5.399,46.477,16.218,155.751,21.411
4.197,2.43,22.05,22.05,67.751,339702.783,2679.748,87.553,5.408,46.48,16.189,155.726,21.406
4.197,2.43,22.056,22.056,67.741,339906.461,2678.818,87.55,5.417,46.484,16.161,155.701,21.401
4.197,2.43,22.062,22.062,67.731,340110.64,2677.887,87.547,5.427,46.487,16.133,155.676,21.395
4.197,2.43,22.068,22.068,67.721,340315.076,2676.955,87.545,5.436,46.49,16.105,155.65,21.39
4.197,2.43,22.075,22.075,67.711,340519.483,2676.024,87.542,5.445,46.494,16.078,155.625,21.385
4.197,2.43,22.081,22.081,67.702,340723.599,2675.096,87.54,5.454,46.497,16.05,155.6,21.379
4.197,2.43,22.087,22.087,67.692,340927.204,2674.171,87.537,5.464,46.5,16.022,155.575,21.374
4.197,2.43,22.093,22.093,67.682,341130.633,2673.247,87.534,5.473,46.504,15.994,155.55,21.369
4.197,2.43,22.1,22.1,67.672,341334.788,2672.321,87.532,5.482,46.507,15.967,155.524,21.363
4.197,2.43,22.106,22.106,67.663,341540.526,2671.389,87.529,5.491,46.51,15.94,155.498,21.358
4.197,2.43,22.112,22.112,67.653,341748.627,2670.447,87.526,5.5,46.513,15.914,155.471,21.353
4.197,2.43,22.118,22.118,67.643,341959.217,2669.495,87.523,5.508,46.515,15.89,155.442,21.347
4.197,2.43,22.124,22.124,67.634,342169.537,2668.544,87.52,5.516,46.518,15.865,155.413,21.342
4.197,2.43,22.13,22.13,67.624,342376.224,2667.612,87.517,5.525,46.521,15.84,155.387,21.337
4.197,2.43,22.136,22.136,67.614,342576.248,2666.71,87.515,5.535,46.525,15.811,155.364,21.331
4.197,2.43,22.143,22.143,67.604,342766.931,2665.85,87.513,5.546,46.53,15.779,155.346,21.326
4.197,2.43,22.15,22.15,67.594,342952.1,2665.017,87.513,5.558,46.536,15.744,155.33,21.321
4.197,2.43,22.157,22.157,67.583,343144.481,2664.152,87.511,5.57,46.541,15.712,155.311,21.316
4.197,2.43,22.163,22.163,67.574,343356.967,2663.197,87.508,5.578,46.543,15.689,155.281,21.311
4.197,2.43,22.167,22.167,67.565,343601.178,2662.101,87.501,5.581,46.541,15.678,155.235,21.305
4.197,2.43,22.17,22.17,67.559,343882.03,2660.841,87.491,5.579,46.535,15.683,155.169,21.299
4.197,2.43,22.171,22.171,67.553,344180.388,2659.506,87.479,5.573,46.526,15.696,155.096,21.293
4.197,2.43,22.173,22.173,67.548,344474.004,2658.193,87.468,5.569,46.518,15.707,155.025,21.286
4.197,2.43,22.175,22.175,67.542,344747.771,2656.97,87.458,5.566,46.512,15.712,154.966,21.28
4.197,2.43,22.178,22.178,67.536,344992.052,2655.881,87.452,5.568,46.51,15.705,154.922,21.275
4.197,2.43,22.183,22.183,67.528,345202.711,2654.942,87.45,5.575,46.512,15.685,154.897,21.27
4.197,2.43,22.19,22.19,67.519,345388.15,2654.117,87.449,5.586,46.518,15.655,154.884,21.265
4.197,2.43,22.197,22.197,67.509,345558.119,2653.361,87.451,5.599,46.525,15.618,154.88,21.26
4.197,2.43,22.204,22.204,67.499,345721.185,2652.636,87.453,5.614,46.533,15.579,154.878,21.255
4.197,2.43,22.212,22.212,67.488,345885.839,2651.905,87.454,5.628,46.541,15.54,154.876,21.25
4.197,2.43,22.219,22.219,67.478,346060.407,2651.13,87.455,5.641,46.548,15.504,154.868,21.245
4.197,2.43,22.226,22.226,67.469,346246.405,2650.305,87.455,5.652,46.553,15.473,154.854,21.24
4.197,2.43,22.232,22.232,67.459,346440.495,2649.445,87.453,5.662,46.558,15.445,154.836,21.235
4.197,2.43,22.238,22.238,67.45,346639.283,2648.565,87.452,5.672,46.562,15.418,154.815,21.23
4.197,2.43,22.244,22.244,67.44,346839.542,2647.68,87.45,5.681,46.566,15.393,154.793,21.225
4.197,2.43,22.25,22.25,67.431,347038.536,2646.801,87.448,5.691,46.569,15.366,154.772,21.22
4.197,2.43,22.257,22.257,67.422,347235.985,2645.929,87.446,5.701,46.574,15.34,154.751,21.215
4.197,2.43,22.263,22.263,67.412,347432.774,2645.061,87.445,5.711,46.578,15.313,154.731,21.21
4.197,2.43,22.269,22.269,67.402,347629.732,2644.193,87.443,5.721,46.582,15.286,154.711,21.205
4.197,2.43,22.276,22.276,67.393,347827.634,2643.322,87.441,5.731,46.586,15.259,154.69,21.199
4.197,2.43,22.282,22.282,67.383,348027.051,2642.445,87.44,5.74,46.59,15.233,154.668,21.194
4.197,2.43,22.288,22.288,67.374,348227.804,2641.563,87.438,5.75,46.594,15.207,154.646,21.189
4.197,2.43,22.295,22.295,67.364,348429.535,2640.677,87.435,5.759,46.597,15.182,154.623,21.184
4.197,2.43,22.301,22.301,67.355,348631.913,2639.789,87.433,5.768,46.601,15.157,154.6,21.179
4.197,2.43,22.307,22.307,67.345,348834.635,2638.901,87.431,5.778,46.604,15.132,154.577,21.174
4.197,2.43,22.313,22.313,67.336,349037.539,2638.012,87.429,5.787,46.608,15.108,154.553,21.169
4.197,2.43,22.319,22.319,67.327,349240.703,2637.124,87.427,5.796,46.611,15.083,154.53,21.163
4.197,2.43,22.325,22.325,67.317,349444.223,2636.234,87.424,5.805,46.615,15.059,154.506,21.158
4.197,2.43,22.332,22.332,67.308,349648.189,2635.344,87.422,5.815,46.618,15.035,154.482,21.153
4.197,2.43,22.338,22.338,67.298,349852.672,2634.452,87.42,5.824,46.622,15.011,154.457,21.148
4.197,2.43,22.344,22.344,67.289,350057.544,2633.559,87.417,5.833,46.625,14.987,154.433,21.143
4.197,2.43,22.35,22.35,67.279,350262.528,2632.666,87.415,5.842,46.628,14.964,154.408,21.138
4.197,2.43,22.356,22.356,67.27,350467.363,2631.775,87.413,5.851,46.632,14.94,154.384,21.133
4.197,2.43,22.362,22.362,67.26,350671.815,2630.886,87.41,5.86,46.635,14.917,154.36,21.127
4.197,2.43,22.368,22.368,67.251,350875.808,2630.001,87.408,5.869,46.639,14.893,154.336,21.122
4.197,2.43,22.375,22.375,67.241,351080.012,2629.115,87.406,5.878,46.642,14.869,154.312,21.117
4.197,2.43,22.381,22.381,67.232,351285.29,2628.225,87.403,5.887,46.645,14.846,154.287,21.112
4.197,2.43,22.387,22.387,67.223,351492.427,2627.328,87.401,5.896,46.648,14.824,154.262,21.107
4.197,2.43,22.393,22.393,67.213,351702.127,2626.421,87.398,5.904,46.651,14.802,154.235,21.102
4.197,2.43,22.399,22.399,67.204,351913.695,2625.507,87.395,5.913,46.654,14.781,154.207,21.097
4.197,2.43,22.404,22.404,67.195,352123.983,2624.598,87.392,5.921,46.656,14.76,154.18,21.091
4.197,2.43,22.411,22.411,67.186,352329.893,2623.71,87.39,5.93,46.66,14.738,154.156,21.086
4.197,2.43,22.417,22.417,67.176,352528.611,2622.854,87.388,5.94,46.664,14.712,154.135,21.081
4.197,2.43,22.424,22.424,67.166,352718.009,2622.038,87.387,5.951,46.669,14.684,154.118,21.076
4.197,2.43,22.431,22.431,67.156,352904.258,2621.237,87.387,5.963,46.675,14.655,154.104,21.071
4.197,2.43,22.438,22.438,67.146,353099.919,2620.396,87.385,5.974,46.679,14.628,154.084,21.066
4.197,2.43,22.443,22.443,67.137,353317.188,2619.462,87.382,5.981,46.681,14.61,154.053,21.061
4.197,2.43,22.447,22.447,67.129,353566.853,2618.391,87.375,5.984,46.679,14.602,154.006,21.056
4.197,2.43,22.45,22.45,67.123,353851.609,2617.171,87.365,5.981,46.673,14.607,153.942,21.05
4.197,2.43,22.451,22.451,67.118,354151.217,2615.889,87.353,5.976,46.664,14.618,153.87,21.044
4.197,2.43,22.452,22.452,67.113,354444.91,2614.633,87.342,5.971,46.657,14.627,153.803,21.038
4.197,2.43,22.455,22.455,67.107,354718.687,2613.465,87.333,5.969,46.651,14.631,153.746,21.032
4.197,2.43,22.458,22.458,67.1,354963.609,2612.42,87.328,5.971,46.649,14.625,153.704,21.027
4.197,2.43,22.463,22.463,67.093,355175.676,2611.517,87.325,5.978,46.651,14.608,153.679,21.022
4.197,2.43,22.469,22.469,67.084,355362.755,2610.721,87.325,5.988,46.657,14.582,153.667,21.017
4.197,2.43,22.476,22.476,67.075,355534.219,2609.992,87.326,6.001,46.664,14.552,153.663,21.012
4.197,2.43,22.483,22.483,67.065,355698.252,2609.295,87.328,6.015,46.672,14.518,153.662,21.007
4.197,2.43,22.491,22.491,67.055,355862.923,2608.595,87.331,6.029,46.68,14.484,153.661,21.003
4.197,2.43,22.498,22.498,67.045,356036.443,2607.859,87.332,6.042,46.687,14.453,153.654,20.998
4.197,2.43,22.505,22.505,67.036,356221.655,2607.074,87.332,6.054,46.693,14.426,153.642,20.993
4.197,2.43,22.511,22.511,67.027,356415.529,2606.253,87.331,6.064,46.697,14.402,153.625,20.988
4.197,2.43,22.517,22.517,67.017,356614.774,2605.409,87.329,6.073,46.701,14.379,153.605,20.983
4.197,2.43,22.523,22.523,67.008,356816.24,2604.557,87.327,6.083,46.705,14.357,153.585,20.979
4.197,2.43,22.529,22.529,66.999,357017.051,2603.709,87.326,6.092,46.709,14.335,153.564,20.974
4.197,2.43,22.535,22.535,66.99,357216.2,2602.868,87.324,6.102,46.713,14.312,153.544,20.969
4.197,2.43,22.542,22.542,66.981,357414.464,2602.032,87.323,6.111,46.717,14.289,153.525,20.964
4.197,2.43,22.548,22.548,66.972,357612.645,2601.197,87.322,6.121,46.721,14.266,153.506,20.959
4.197,2.43,22.554,22.554,66.963,357811.487,2600.36,87.32,6.131,46.725,14.243,153.486,20.954
4.197,2.43,22.56,22.56,66.953,358011.658,2599.518,87.319,6.14,46.729,14.22,153.466,20.949
4.197,2.43,22.567,22.567,66.944,358213.286,2598.671,87.317,6.15,46.733,14.198,153.445,20.944
4.197,2.43,22.573,22.573,66.935,358416.096,2597.819,87.315,6.159,46.737,14.177,153.423,20.939
4.197,2.43,22.579,22.579,66.926,358619.822,2596.965,87.313,6.168,46.741,14.155,153.401,20.934
4.197,2.43,22.585,22.585,66.917,358824.223,2596.108,87.311,6.177,46.744,14.134,153.378,20.929
4.197,2.43,22.591,22.591,66.908,359029.078,2595.25,87.309,6.186,46.748,14.113,153.355,20.924
4.197,2.43,22.597,22.597,66.898,359234.185,2594.392,87.307,6.195,46.751,14.092,153.333,20.919
4.197,2.43,22.603,22.603,66.889,359439.357,2593.534,87.305,6.204,46.755,14.071,153.31,20.914
4.197,2.43,22.609,22.609,66.88,359644.427,2592.678,87.303,6.213,46.758,14.051,153.287,20.909
4.197,2.43,22.615,22.615,66.871,359849.238,2591.823,87.301,6.223,46.762,14.03,153.264,20.904
4.197,2.43,22.621,22.621,66.862,360053.812,2590.97,87.299,6.232,46.765,14.009,153.242,20.899
4.197,2.43,22.627,22.627,66.853,360258.825,2590.117,87.297,6.241,46.769,13.988,153.219,20.894
4.197,2.43,22.634,22.634,66.844,360465.062,2589.258,87.295,6.25,46.772,13.968,153.196,20.889
4.197,2.43,22.64,22.64,66.834,360673.246,2588.393,87.292,6.258,46.775,13.948,153.171,20.884
4.197,2.43,22.645,22.645,66.826,360884.021,2587.517,87.29,6.267,46.778,13.929,153.146,20.879
4.197,2.43,22.651,22.651,66.817,361096.716,2586.635,87.287,6.275,46.781,13.911,153.119,20.874
4.197,2.43,22.657,22.657,66.808,361308.297,2585.758,87.284,6.283,46.784,13.893,153.093,20.869
4.197,2.43,22.663,22.663,66.799,361515.76,2584.898,87.282,6.292,46.787,13.873,153.069,20.864
4.197,2.43,22.669,22.669,66.789,361716.378,2584.068,87.281,6.301,46.791,13.851,153.049,20.859
4.197,2.43,22.676,22.676,66.78,361907.869,2583.276,87.28,6.312,46.796,13.827,153.033,20.855
4.197,2.43,22.683,22.683,66.77,362095.063,2582.503,87.28,6.324,46.802,13.801,153.019,20.85
4.197,2.43,22.69,22.69,66.76,362290.002,2581.698,87.279,6.335,46.807,13.777,153.002,20.845
4.197,2.43,22.695,22.695,66.751,362504.603,2580.813,87.276,6.343,46.809,13.76,152.974,20.84
4.197,2.43,22.7,22.7,66.743,362749.609,2579.804,87.27,6.346,46.808,13.751,152.932,20.835
4.197,2.43,22.702,22.702,66.737,363030.49,2578.648,87.26,6.344,46.802,13.754,152.872,20.829
4.197,2.43,22.704,22.704,66.732,363330.792,2577.413,87.249,6.34,46.794,13.763,152.803,20.823
4.197,2.43,22.705,22.705,66.727,363629.019,2576.189,87.238,6.335,46.786,13.772,152.735,20.817
4.197,2.43,22.707,22.707,66.722,363910.253,2575.036,87.229,6.332,46.781,13.776,152.677,20.812
4.197,2.43,22.71,22.71,66.716,364164.965,2573.993,87.223,6.333,46.778,13.773,152.632,20.806
4.197,2.43,22.714,22.714,66.709,364387.401,2573.083,87.219,6.338,46.779,13.761,152.604,20.801
4.197,2.43,22.72,22.72,66.701,364582.18,2572.287,87.219,6.347,46.783,13.741,152.589,20.797
4.197,2.43,22.726,22.726,66.692,364758.865,2571.565,87.22,6.359,46.79,13.716,152.583,20.792
4.197,2.43,22.734,22.734,66.682,364925.579,2570.885,87.222,6.373,46.797,13.687,152.582,20.788
4.197,2.43,22.741,22.741,66.673,365090.064,2570.214,87.224,6.387,46.806,13.657,152.581,20.783
4.197,2.43,22.748,22.748,66.663,365260.324,2569.52,87.226,6.4,46.813,13.629,152.578,20.779
4.197,2.43,22.755,22.755,66.654,365442.261,2568.78,87.227,6.412,46.819,13.604,152.568,20.774
4.197,2.43,22.761,22.761,66.645,365634.169,2567.999,87.226,6.422,46.824,13.582,152.554,20.769
4.197,2.43,22.768,22.768,66.636,365832.823,2567.191,87.225,6.432,46.828,13.561,152.536,20.765
4.197,2.43,22.774,22.774,66.627,366035.079,2566.37,87.224,6.441,46.832,13.542,152.516,20.76
4.197,2.43,22.779,22.779,66.618,366237.978,2565.546,87.222,6.45,46.836,13.523,152.496,20.755
4.197,2.43,22.786,22.786,66.61,366439.327,2564.73,87.221,6.459,46.84,13.503,152.476,20.75
4.197,2.43,22.792,22.792,66.601,366639.372,2563.92,87.219,6.469,46.844,13.483,152.457,20.745
4.197,2.43,22.798,22.798,66.592,366838.919,2563.112,87.218,6.478,46.848,13.463,152.439,20.741
4.197,2.43,22.804,22.804,66.583,367038.718,2562.304,87.217,6.488,46.852,13.443,152.42,20.736
4.197,2.43,22.81,22.81,66.574,367239.47,2561.493,87.215,6.497,46.856,13.423,152.401,20.731
4.197,2.43,22.816,22.816,66.565,367441.682,2560.676,87.214,6.507,46.86,13.404,152.38,20.726
4.197,2.43,22.822,22.822,66.556,367645.22,2559.855,87.212,6.516,46.864,13.384,152.36,20.721
4.197,2.43,22.828,22.828,66.547,367849.813,2559.031,87.211,6.525,46.868,13.366,152.338,20.717
4.197,2.43,22.834,22.834,66.538,368055.21,2558.204,87.209,6.534,46.871,13.347,152.317,20.712
4.197,2.43,22.84,22.84,66.529,368261.181,2557.375,87.207,6.543,46.875,13.329,152.295,20.707
4.197,2.43,22.846,22.846,66.521,368467.519,2556.546,87.205,6.552,46.878,13.31,152.273,20.702
4.197,2.43,22.852,22.852,66.512,368674.03,2555.717,87.203,6.56,46.882,13.292,152.25,20.697
4.197,2.43,22.858,22.858,66.503,368880.542,2554.888,87.201,6.569,46.885,13.274,152.228,20.692
4.197,2.43,22.864,22.864,66.494,369086.893,2554.061,87.199,6.578,46.889,13.256,152.206,20.688
4.197,2.43,22.87,22.87,66.485,369292.94,2553.236,87.197,6.587,46.892,13.238,152.184,20.683
4.197,2.43,22.876,22.876,66.476,369498.835,2552.412,87.196,6.596,46.896,13.219,152.162,20.678
4.197,2.43,22.882,22.882,66.467,369705.313,2551.586,87.194,6.605,46.899,13.201,152.14,20.673
4.197,2.43,22.888,22.888,66.459,369913.121,2550.756,87.192,6.614,46.903,13.184,152.117,20.668
4.197,2.43,22.894,22.894,66.45,370122.941,2549.919,87.189,6.622,46.906,13.167,152.093,20.664
4.197,2.43,22.9,22.9,66.441,370335.356,2549.072,87.187,6.63,46.909,13.15,152.068,20.659
4.197,2.43,22.905,22.905,66.432,370549.331,2548.219,87.184,6.638,46.911,13.134,152.042,20.654
4.197,2.43,22.911,22.911,66.424,370761.837,2547.373,87.182,6.646,46.914,13.118,152.017,20.649
4.197,2.43,22.917,22.917,66.415,370970.011,2546.546,87.18,6.655,46.917,13.101,151.995,20.644
4.197,2.43,22.923,22.923,66.406,371171.246,2545.746,87.179,6.664,46.921,13.082,151.975,20.64
4.197,2.43,22.93,22.93,66.397,371363.433,2544.983,87.178,6.675,46.927,13.06,151.96,20.635
4.197,2.43,22.937,22.937,66.387,371551.692,2544.236,87.178,6.687,46.932,13.038,151.947,20.63
4.197,2.43,22.944,22.944,66.378,371747.718,2543.459,87.177,6.697,46.937,13.017,151.929,20.626
4.197,2.43,22.949,22.949,66.369,371963.003,2542.607,87.174,6.705,46.94,13.001,151.903,20.621
4.197,2.43,22.954,22.954,66.361,372207.904,2541.638,87.169,6.709,46.939,12.994,151.862,20.616
4.197,2.43,22.956,22.956,66.355,372488.214,2540.53,87.16,6.707,46.933,12.995,151.804,20.61
4.197,2.43,22.957,22.957,66.35,372789.028,2539.343,87.149,6.702,46.926,13.003,151.737,20.605
4.197,2.43,22.959,22.959,66.345,373089.181,2538.16,87.138,6.697,46.918,13.011,151.671,20.599
4.197,2.43,22.96,22.96,66.34,373373.795,2537.039,87.129,6.694,46.912,13.015,151.614,20.593
4.197,2.43,22.963,22.963,66.335,373633.353,2536.019,87.123,6.695,46.909,13.014,151.568,20.588
4.197,2.43,22.967,22.967,66.328,373861.77,2535.121,87.119,6.699,46.909,13.005,151.538,20.583
4.197,2.43,22.973,22.973,66.32,374061.482,2534.338,87.118,6.708,46.913,12.988,151.522,20.579
4.197,2.43,22.979,22.979,66.312,374241.782,2533.631,87.119,6.719,46.919,12.966,151.515,20.574
4.197,2.43,22.986,22.986,66.303,374410.637,2532.969,87.121,6.732,46.927,12.942,151.513,20.57
4.197,2.43,22.993,22.993,66.294,374575.454,2532.323,87.124,6.746,46.935,12.916,151.513,20.566
4.197,2.43,23.001,23.001,66.284,374743.795,2531.665,87.126,6.759,46.942,12.89,151.511,20.561
4.197,2.43,23.007,23.007,66.275,374922.72,2530.965,87.127,6.771,46.949,12.868,151.504,20.557
4.197,2.43,23.014,23.014,66.266,375112.466,2530.224,87.127,6.782,46.954,12.847,151.491,20.552
4.197,2.43,23.02,23.02,66.258,375309.934,2529.453,87.126,6.791,46.959,12.829,151.475,20.548
4.197,2.43,23.026,23.026,66.249,375512.044,2528.664,87.125,6.8,46.963,12.812,151.456,20.543
4.197,2.43,23.032,23.032,66.241,375715.871,2527.87,87.123,6.809,46.966,12.795,151.436,20.538
4.197,2.43,23.038,23.038,66.232,375918.798,2527.08,87.122,6.818,46.97,12.778,151.417,20.534
4.197,2.43,23.044,23.044,66.224,376120.125,2526.296,87.121,6.827,46.974,12.761,151.399,20.529
4.197,2.43,23.05,23.05,66.215,376320.614,2525.517,87.12,6.837,46.978,12.743,151.38,20.524
4.197,2.43,23.056,23.056,66.206,376521.01,2524.738,87.119,6.846,46.982,12.725,151.362,20.52
4.197,2.43,23.062,23.062,66.198,376722.009,2523.958,87.117,6.856,46.987,12.708,151.344,20.515
4.197,2.43,23.068,23.068,66.189,376924.246,2523.174,87.116,6.865,46.99,12.69,151.325,20.51
4.197,2.43,23.074,23.074,66.18,377127.909,2522.385,87.115,6.874,46.994,12.673,151.305,20.506
4.197,2.43,23.08,23.08,66.172,377332.746,2521.592,87.113,6.883,46.998,12.657,151.285,20.501
4.197,2.43,23.086,23.086,66.163,377538.503,2520.796,87.112,6.892,47.002,12.64,151.264,20.497
4.197,2.43,23.092,23.092,66.155,377744.947,2519.998,87.11,6.9,47.005,12.624,151.243,20.492
4.197,2.43,23.098,23.098,66.146,377951.864,2519.199,87.108,6.909,47.009,12.608,151.221,20.487
4.197,2.43,23.104,23.104,66.138,378159.062,2518.4,87.107,6.918,47.012,12.592,151.2,20.483
4.197,2.43,23.109,23.109,66.129,378366.361,2517.601,87.105,6.926,47.016,12.576,151.178,20.478
4.197,2.43,23.115,23.115,66.12,378573.601,2516.803,87.103,6.935,47.019,12.56,151.157,20.473
4.197,2.43,23.121,23.121,66.112,378780.632,2516.006,87.101,6.944,47.023,12.544,151.135,20.469
4.197,2.43,23.127,23.127,66.103,378987.337,2515.212,87.1,6.953,47.026,12.528,151.114,20.464
4.197,2.43,23.133,23.133,66.094,379194.039,2514.418,87.098,6.961,47.03,12.512,151.093,20.459
4.197,2.43,23.139,23.139,66.086,379401.481,2513.621,87.096,6.97,47.033,12.496,151.071,20.455
4.197,2.43,23.145,23.145,66.077,379610.366,2512.82,87.094,6.978,47.036,12.48,151.049,20.45
4.197,2.43,23.151,23.151,66.069,379821.334,2512.012,87.092,6.987,47.039,12.465,151.026,20.445
4.197,2.43,23.156,23.156,66.06,380034.869,2511.195,87.09,6.995,47.042,12.451,151.001,20.441
4.197,2.43,23.162,23.162,66.052,380249.552,2510.374,87.088,7.002,47.045,12.437,150.976,20.436
4.197,2.43,23.168,23.168,66.044,380462.43,2509.56,87.085,7.01,47.048,12.423,150.952,20.431
4.197,2.43,23.173,23.173,66.035,380670.794,2508.765,87.084,7.019,47.051,12.407,150.93,20.427
4.197,2.43,23.18,23.18,66.026,380872.175,2507.997,87.082,7.028,47.055,12.39,150.912,20.422
4.197,2.43,23.186,23.186,66.017,381064.655,2507.263,87.082,7.039,47.061,12.371,150.897,20.417
4.197,2.43,23.193,23.193,66.008,381253.606,2506.543,87.082,7.05,47.066,12.351,150.885,20.413
4.197,2.43,23.2,23.2,65.999,381450.309,2505.795,87.081,7.061,47.071,12.333,150.868,20.409
4.197,2.43,23.205,23.205,65.99,381665.784,2504.976,87.079,7.068,47.074,12.319,150.843,20.404
4.197,2.43,23.21,23.21,65.983,381909.974,2504.048,87.074,7.072,47.073,12.312,150.804,20.399
4.197,2.43,23.212,23.212,65.977,382188.947,2502.989,87.065,7.071,47.068,12.313,150.749,20.394
4.197,2.43,23.214,23.214,65.972,382489.577,2501.85,87.055,7.067,47.061,12.319,150.684,20.388
4.197,2.43,23.215,23.215,65.968,382791.115,2500.709,87.044,7.062,47.053,12.326,150.62,20.383
4.197,2.43,23.216,23.216,65.963,383078.737,2499.621,87.035,7.058,47.047,12.331,150.562,20.377
4.197,2.43,23.219,23.219,65.957,383342.912,2498.624,87.029,7.058,47.043,12.33,150.516,20.372
4.197,2.43,23.223,23.223,65.951,383577.442,2497.739,87.025,7.062,47.043,12.323,150.485,20.367
4.197,2.43,23.228,23.228,65.944,383782.502,2496.966,87.023,7.069,47.046,12.31,150.467,20.363
4.197,2.43,23.234,23.234,65.936,383966.787,2496.272,87.024,7.08,47.052,12.292,150.459,20.359
4.197,2.43,23.241,23.241,65.927,384138.153,2495.627,87.026,7.092,47.059,12.27,150.456,20.354
4.197,2.43,23.248,23.248,65.918,384303.7,2495.005,87.029,7.106,47.067,12.248,150.456,20.35
4.197,2.43,23.255,23.255,65.909,384470.557,2494.378,87.031,7.119,47.075,12.225,150.456,20.346
4.197,2.43,23.262,23.262,65.9,384646.054,2493.719,87.033,7.131,47.082,12.204,150.451,20.342
4.197,2.43,23.268,23.268,65.892,384832.988,2493.017,87.033,7.142,47.088,12.185,150.44,20.337
4.197,2.43,23.275,23.275,65.883,385028.647,2492.283,87.033,7.152,47.092,12.169,150.426,20.333
4.197,2.43,23.28,23.28,65.875,385230.016,2491.529,87.032,7.161,47.097,12.153,150.408,20.328
4.197,2.43,23.286,23.286,65.867,385434.194,2490.765,87.031,7.17,47.1,12.138,150.389,20.324
4.197,2.43,23.292,23.292,65.859,385638.467,2490.001,87.029,7.179,47.104,12.123,150.371,20.319
4.197,2.43,23.298,23.298,65.85,385841.087,2489.243,87.028,7.188,47.108,12.108,150.352,20.315
4.197,2.43,23.304,23.304,65.842,386042.537,2488.491,87.027,7.197,47.112,12.093,150.335,20.31
4.197,2.43,23.31,23.31,65.834,386243.623,2487.741,87.026,7.206,47.116,12.077,150.317,20.306
4.197,2.43,23.316,23.316,65.825,386445.094,2486.99,87.025,7.215,47.12,12.061,150.3,20.302
4.197,2.43,23.322,23.322,65.817,386647.648,2486.235,87.024,7.224,47.124,12.046,150.282,20.297
4.197,2.43,23.328,23.328,65.808,386851.795,2485.475,87.023,7.233,47.128,12.031,150.263,20.293
4.197,2.43,23.334,23.334,65.8,387057.253,2484.711,87.022,7.242,47.132,12.016,150.243,20.288
4.197,2.43,23.34,23.34,65.792,387263.521,2483.945,87.02,7.251,47.136,12.002,150.223,20.284
4.197,2.43,23.345,23.345,65.783,387470.136,2483.178,87.019,7.259,47.139,11.987,150.203,20.279
4.197,2.43,23.351,23.351,65.775,387676.674,2482.412,87.017,7.268,47.143,11.973,150.183,20.274
4.197,2.43,23.357,23.357,65.767,387882.842,2481.648,87.016,7.277,47.146,11.958,150.163,20.27
4.197,2.43,23.363,23.363,65.758,388089.115,2480.884,87.015,7.286,47.15,11.943,150.143,20.265
4.197,2.43,23.369,23.369,65.75,388296.272,2480.117,87.013,7.294,47.154,11.929,150.122,20.261
4.197,2.43,23.375,23.375,65.742,388505.031,2479.346,87.012,7.303,47.157,11.915,150.101,20.256
4.197,2.43,23.38,23.38,65.733,388716.049,2478.566,87.01,7.311,47.16,11.902,150.079,20.252
4.197,2.43,23.386,23.386,65.725,388929.705,2477.778,87.008,7.319,47.163,11.889,150.056,20.247
4.197,2.43,23.392,23.392,65.717,389144.187,2476.987,87.005,7.326,47.166,11.876,150.032,20.243
4.197,2.43,23.397,23.397,65.709,389356.646,2476.204,87.004,7.334,47.169,11.863,150.009,20.238
4.197,2.43,23.403,23.403,65.701,389564.502,2475.439,87.002,7.343,47.172,11.849,149.989,20.234
4.197,2.43,23.409,23.409,65.692,389765.392,2474.7,87.001,7.352,47.177,11.833,149.971,20.229
4.197,2.43,23.416,23.416,65.683,389957.614,2473.994,87.001,7.363,47.182,11.816,149.958,20.225
4.197,2.43,23.423,23.423,65.674,390146.914,2473.299,87.001,7.374,47.188,11.798,149.946,20.221
4.197,2.43,23.429,23.429,65.665,390344.165,2472.575,87.001,7.384,47.192,11.782,149.93,20.216
4.197,2.43,23.435,23.435,65.657,390559.928,2471.784,86.998,7.392,47.195,11.769,149.905,20.212
4.197,2.43,23.439,23.439,65.65,390803.739,2470.891,86.994,7.396,47.195,11.762,149.868,20.207
4.197,2.43,23.442,23.442,65.644,391081.691,2469.874,86.985,7.395,47.19,11.763,149.815,20.202
4.197,2.43,23.443,23.443,65.639,391381.951,2468.776,86.975,7.391,47.183,11.768,149.753,20.197
4.197,2.43,23.444,23.444,65.635,391684.28,2467.673,86.965,7.386,47.176,11.775,149.69,20.191
4.197,2.43,23.446,23.446,65.63,391974.008,2466.616,86.956,7.382,47.169,11.779,149.634,20.186
4.197,2.43,23.448,23.448,65.625,392241.647,2465.642,86.949,7.382,47.166,11.779,149.588,20.181
4.197,2.43,23.451,23.451,65.619,392481.05,2464.771,86.945,7.385,47.165,11.774,149.555,20.176
4.197,2.43,23.456,23.456,65.612,392690.776,2464.008,86.944,7.392,47.168,11.762,149.536,20.172
4.197,2.43,23.462,23.462,65.605,392878.654,2463.326,86.944,7.402,47.173,11.747,149.526,20.168
4.197,2.43,23.469,23.469,65.596,393052.455,2462.695,86.946,7.414,47.18,11.728,149.524,20.164
4.197,2.43,23.476,23.476,65.588,393219.041,2462.091,86.949,7.427,47.188,11.708,149.524,20.16
4.197,2.43,23.483,23.483,65.579,393385.178,2461.489,86.952,7.44,47.196,11.687,149.524,20.155
4.197,2.43,23.49,23.49,65.57,393557.947,2460.863,86.953,7.453,47.203,11.668,149.521,20.151
4.197,2.43,23.496,23.496,65.562,393742.137,2460.196,86.954,7.464,47.209,11.65,149.512,20.147
4.197,2.43,23.503,23.503,65.553,393935.896,2459.496,86.954,7.474,47.214,11.635,149.499,20.143
4.197,2.43,23.509,23.509,65.545,394136.29,2458.772,86.954,7.483,47.218,11.621,149.483,20.139
4.197,2.43,23.514,23.514,65.537,394340.462,2458.034,86.953,7.491,47.222,11.607,149.465,20.134
4.197,2.43,23.52,23.52,65.529,394545.717,2457.294,86.951,7.5,47.226,11.594,149.447,20.13
4.197,2.43,23.526,23.526,65.521,394749.752,2456.558,86.95,7.509,47.23,11.58,149.429,20.125
4.197,2.43,23.532,23.532,65.513,394952.309,2455.829,86.95,7.518,47.234,11.566,149.412,20.121
4.197,2.43,23.538,23.538,65.505,395154.18,2455.102,86.949,7.527,47.238,11.552,149.395,20.117
4.197,2.43,23.543,23.543,65.497,395356.111,2454.376,86.948,7.536,47.242,11.538,149.378,20.112
4.197,2.43,23.549,23.549,65.489,395558.795,2453.648,86.947,7.545,47.246,11.524,149.361,20.108
4.197,2.43,23.555,23.555,65.481,395762.872,2452.915,86.946,7.554,47.25,11.511,149.343,20.104
4.197,2.43,23.561,23.561,65.473,395968.471,2452.177,86.945,7.562,47.254,11.497,149.324,20.099
4.197,2.43,23.567,23.567,65.464,396175.123,2451.437,86.944,7.571,47.257,11.484,149.305,20.095
4.197,2.43,23.573,23.573,65.456,396382.36,2450.694,86.942,7.579,47.261,11.471,149.285,20.091
4.197,2.43,23.578,23.578,65.448,396589.75,2449.952,86.941,7.588,47.265,11.458,149.266,20.086
4.197,2.43,23.584,23.584,65.44,396796.902,2449.212,86.94,7.596,47.268,11.445,149.246,20.082
4.197,2.43,23.59,23.59,65.432,397003.766,2448.472,86.939,7.605,47.272,11.432,149.227,20.077
4.197,2.43,23.596,23.596,65.424,397211.026,2447.733,86.937,7.614,47.275,11.419,149.207,20.073
4.197,2.43,23.602,23.602,65.416,397419.411,2446.989,86.936,7.622,47.279,11.406,149.187,20.069
4.197,2.43,23.607,23.607,65.408,397629.591,2446.24,86.934,7.63,47.282,11.393,149.166,20.064
4.197,2.43,23.613,23.613,65.4,397842.179,2445.483,86.933,7.638,47.285,11.381,149.145,20.06
4.197,2.43,23.618,23.618,65.392,398057.128,2444.719,86.931,7.646,47.288,11.37,149.122,20.055
4.197,2.43,23.624,23.624,65.384,398272.076,2443.955,86.929,7.653,47.291,11.358,149.099,20.051
4.197,2.43,23.629,23.629,65.376,398484.338,2443.201,86.927,7.661,47.294,11.346,149.077,20.047
4.197,2.43,23.635,23.635,65.368,398691.496,2442.465,86.926,7.67,47.298,11.334,149.058,20.042
4.197,2.43,23.641,23.641,65.36,398891.312,2441.757,86.925,7.679,47.302,11.319,149.042,20.038
4.197,2.43,23.648,23.648,65.351,399082.844,2441.078,86.925,7.69,47.308,11.304,149.029,20.034
4.197,2.43,23.655,23.655,65.342,399273.413,2440.404,86.925,7.701,47.313,11.287,149.017,20.03
4.197,2.43,23.661,23.661,65.333,399473.552,2439.696,86.925,7.711,47.318,11.273,149.001,20.025
4.197,2.43,23.666,23.666,65.326,399693.344,2438.919,86.922,7.718,47.32,11.262,148.975,20.021
4.197,2.43,23.67,23.67,65.319,399941.737,2438.041,86.917,7.721,47.319,11.257,148.937,20.016
4.197,2.43,23.673,23.673,65.313,400223.569,2437.047,86.909,7.72,47.315,11.258,148.885,20.011
4.197,2.43,23.674,23.674,65.309,400525.338,2435.984,86.899,7.716,47.307,11.263,148.824,20.006
4.197,2.43,23.675,23.675,65.304,400827.769,2434.919,86.889,7.711,47.3,11.268,148.763,20.001
4.197,2.43,23.677,23.677,65.3,401117.131,2433.902,86.881,7.708,47.294,11.272,148.708,19.996
4.197,2.43,23.679,23.679,65.295,401384.576,2432.963,86.874,7.707,47.291,11.272,148.664,19.991
4.197,2.43,23.683,23.683,65.289,401624.368,2432.122,86.87,7.71,47.29,11.267,148.632,19.986
4.197,2.43,23.687,23.687,65.283,401835.036,2431.383,86.869,7.717,47.293,11.257,148.613,19.982
4.197,2.43,23.693,23.693,65.275,402024.037,2430.721,86.87,7.726,47.298,11.243,148.604,19.978
4.197,2.43,23.7,23.7,65.267,402198.883,2430.109,86.872,7.738,47.305,11.227,148.601,19.974
4.197,2.43,23.707,23.707,65.259,402366.166,2429.524,86.874,7.751,47.313,11.208,148.601,19.97
4.197,2.43,23.714,23.714,65.25,402532.351,2428.943,86.877,7.764,47.32,11.19,148.602,19.966
4.197,2.43,23.721,23.721,65.242,402704.194,2428.343,86.879,7.776,47.328,11.172,148.6,19.962
4.197,2.43,23.727,23.727,65.233,402887.119,2427.705,86.88,7.788,47.334,11.156,148.592,19.958
4.197,2.43,23.733,23.733,65.225,403079.978,2427.032,86.88,7.798,47.339,11.142,148.58,19.954
4.197,2.43,23.739,23.739,65.217,403279.925,2426.335,86.88,7.807,47.343,11.129,148.565,19.95
4.197,2.43,23.745,23.745,65.21,403484.171,2425.624,86.879,7.815,47.347,11.117,148.548,19.945
4.197,2.43,23.75,23.75,65.202,403690.072,2424.907,86.878,7.824,47.351,11.105,148.53,19.941
4.197,2.43,23.756,23.756,65.194,403895.222,2424.194,86.877,7.832,47.355,11.092,148.513,19.937
4.197,2.43,23.762,23.762,65.186,404098.766,2423.487,86.876,7.841,47.359,11.08,148.496,19.933
4.197,2.43,23.768,23.768,65.178,404301.417,2422.784,86.876,7.85,47.363,11.067,148.48,19.929
4.197,2.43,23.774,23.774,65.17,404503.91,2422.081,86.875,7.859,47.367,11.055,148.463,19.924
4.197,2.43,23.779,23.779,65.162,404706.929,2421.378,86.874,7.868,47.371,11.042,148.446,19.92
4.197,2.43,23.785,23.785,65.155,404911.114,2420.67,86.873,7.876,47.375,11.03,148.429,19.916
4.197,2.43,23.791,23.791,65.147,405116.86,2419.959,86.872,7.885,47.379,11.017,148.411,19.912
4.197,2.43,23.797,23.797,65.139,405323.827,2419.243,86.871,7.893,47.382,11.006,148.393,19.907
4.197,2.43,23.802,23.802,65.131,405531.546,2418.525,86.87,7.902,47.386,10.994,148.374,19.903
4.197,2.43,23.808,23.808,65.123,405739.586,2417.807,86.869,7.91,47.39,10.982,148.355,19.899
4.197,2.43,23.814,23.814,65.115,405947.553,2417.09,86.868,7.919,47.393,10.97,148.336,19.895
4.197,2.43,23.82,23.82,65.107,406155.151,2416.374,86.867,7.927,47.397,10.958,148.317,19.89
4.197,2.43,23.825,23.825,65.099,406362.771,2415.659,86.866,7.935,47.401,10.947,148.298,19.886
4.197,2.43,23.831,23.831,65.091,406571.14,2414.943,86.864,7.944,47.404,10.935,148.279,19.882
4.197,2.43,23.837,23.837,65.084,406780.932,2414.221,86.863,7.952,47.408,10.923,148.259,19.878
4.197,2.43,23.842,23.842,65.076,406992.765,2413.494,86.862,7.96,47.411,10.912,148.239,19.873
4.197,2.43,23.848,23.848,65.068,407207.153,2412.758,86.86,7.968,47.414,10.902,148.217,19.869
4.197,2.43,23.853,23.853,65.06,407423.083,2412.017,86.858,7.975,47.416,10.891,148.194,19.865
4.197,2.43,23.859,23.859,65.053,407637.913,2411.281,86.856,7.982,47.419,10.881,148.172,19.86
4.197,2.43,23.864,23.864,65.045,407849.168,2410.558,86.855,7.99,47.423,10.87,148.152,19.856
4.197,2.43,23.87,23.87,65.037,408054.601,2409.855,86.854,7.999,47.426,10.858,148.134,19.852
4.197,2.43,23.876,23.876,65.029,408252.117,2409.18,86.854,8.009,47.431,10.845,148.12,19.848
4.197,2.43,23.883,23.883,65.02,408442.774,2408.529,86.854,8.02,47.437,10.83,148.109,19.844
4.197,2.43,23.889,23.889,65.012,408635.638,2407.87,86.854,8.03,47.442,10.816,148.096,19.84
4.197,2.43,23.895,23.895,65.004,408840.766,2407.171,86.853,8.039,47.446,10.804,148.078,19.836
4.197,2.43,23.901,23.901,64.996,409067.649,2406.397,86.85,8.045,47.448,10.795,148.051,19.831
4.197,2.43,23.904,23.904,64.99,409324.417,2405.523,86.845,8.048,47.446,10.791,148.011,19.827
4.197,2.43,23.906,23.906,64.985,409612.946,2404.542,86.837,8.045,47.441,10.793,147.957,19.822
4.197,2.43,23.907,23.907,64.98,409916.676,2403.51,86.827,8.041,47.434,10.798,147.897,19.817
4.197,2.43,23.908,23.908,64.976,410217.982,2402.488,86.817,8.037,47.427,10.803,147.838,19.812
4.197,2.43,23.91,23.91,64.972,410504.648,2401.516,86.809,8.034,47.422,10.805,147.787,19.807
4.197,2.43,23.912,23.912,64.967,410768.876,2400.621,86.803,8.034,47.418,10.805,147.745,19.802
4.197,2.43,23.916,23.916,64.961,411005.553,2399.821,86.8,8.037,47.418,10.8,147.716,19.798
4.197,2.43,23.921,23.921,64.955,411214.174,2399.116,86.799,8.044,47.421,10.791,147.699,19.793
4.197,2.43,23.927,23.927,64.947,411402.253,2398.481,86.8,8.054,47.427,10.778,147.691,19.79
4.197,2.43,23.933,23.933,64.94,411576.883,2397.891,86.802,8.065,47.433,10.763,147.688,19.786
4.197,2.43,23.94,23.94,64.931,411744.346,2397.327,86.804,8.078,47.441,10.746,147.689,19.782
4.197,2.43,23.947,23.947,64.923,411910.825,2396.766,86.807,8.091,47.449,10.729,147.689,19.778
4.197,2.43,23.954,23.954,64.915,412082.793,2396.186,86.809,8.103,47.456,10.713,147.688,19.774
4.197,2.43,23.96,23.96,64.907,412265.642,2395.571,86.811,8.114,47.462,10.699,147.681,19.77
4.197,2.43,23.966,23.966,64.899,412458.461,2394.922,86.811,8.124,47.468,10.686,147.67,19.766
4.197,2.43,23.972,23.972,64.891,412658.495,2394.25,86.811,8.133,47.472,10.674,147.655,19.762
4.197,2.43,23.978,23.978,64.884,412863.035,2393.563,86.81,8.141,47.476,10.663,147.639,19.758
4.197,2.43,23.983,23.983,64.876,413069.508,2392.87,86.809,8.15,47.479,10.652,147.621,19.754
4.197,2.43,23.989,23.989,64.869,413275.536,2392.179,86.808,8.158,47.483,10.641,147.604,19.75
4.197,2.43,23.995,23.995,64.861,413479.947,2391.495,86.808,8.167,47.487,10.63,147.588,19.746
4.197,2.43,24.0,24.0,64.853,413683.352,2390.814,86.807,8.175,47.491,10.618,147.572,19.742
4.197,2.43,24.006,24.006,64.846,413886.47,2390.134,86.807,8.184,47.495,10.607,147.556,19.737
4.197,2.43,24.012,24.012,64.838,414089.97,2389.454,86.806,8.193,47.499,10.595,147.54,19.733
4.197,2.43,24.018,24.018,64.83,414294.477,2388.771,86.805,8.201,47.503,10.584,147.523,19.729
4.197,2.43,24.023,24.023,64.823,414500.494,2388.083,86.804,8.21,47.507,10.573,147.506,19.725
4.197,2.43,24.029,24.029,64.815,414707.846,2387.392,86.804,8.218,47.511,10.562,147.488,19.721
4.197,2.43,24.035,24.035,64.807,414916.07,2386.698,86.802,8.227,47.515,10.552,147.47,19.717
4.197,2.43,24.04,24.04,64.8,415124.74,2386.003,86.801,8.235,47.518,10.541,147.452,19.713
4.197,2.43,24.046,24.046,64.792,415333.464,2385.309,86.8,8.243,47.522,10.53,147.433,19.709
4.197,2.43,24.052,24.052,64.784,415541.89,2384.616,86.799,8.251,47.525,10.52,147.415,19.704
4.197,2.43,24.057,24.057,64.777,415750.102,2383.924,86.798,8.26,47.529,10.509,147.397,19.7
4.197,2.43,24.063,24.063,64.769,415958.776,2383.232,86.797,8.268,47.533,10.498,147.378,19.696
4.197,2.43,24.069,24.069,64.761,416168.584,2382.536,86.796,8.276,47.536,10.488,147.359,19.692
4.197,2.43,24.074,24.074,64.754,416380.143,2381.835,86.795,8.284,47.539,10.478,147.34,19.688
4.197,2.43,24.08,24.08,64.746,416594.015,2381.127,86.793,8.291,47.542,10.468,147.319,19.684
4.197,2.43,24.085,24.085,64.739,416810.221,2380.412,86.792,8.299,47.545,10.458,147.298,19.68
4.197,2.43,24.09,24.09,64.731,417026.628,2379.696,86.79,8.306,47.548,10.449,147.276,19.675
4.197,2.43,24.096,24.096,64.724,417240.723,2378.989,86.788,8.314,47.551,10.439,147.255,19.671
4.197,2.43,24.101,24.101,64.716,417450.24,2378.298,86.787,8.322,47.555,10.429,147.237,19.667
4.197,2.43,24.107,24.107,64.708,417653.101,2377.629,86.787,8.331,47.559,10.418,147.221,19.663
4.197,2.43,24.114,24.114,64.7,417847.684,2376.988,86.787,8.341,47.564,10.405,147.209,19.659
4.197,2.43,24.12,24.12,64.692,418038.657,2376.359,86.788,8.352,47.57,10.392,147.198,19.655
4.197,2.43,24.126,24.126,64.684,418235.753,2375.71,86.788,8.362,47.575,10.379,147.184,19.651
4.197,2.43,24.132,24.132,64.676,418448.513,2375.011,86.786,8.37,47.578,10.369,147.164,19.647
4.197,2.43,24.137,24.137,64.669,418685.71,2374.231,86.783,8.374,47.579,10.363,147.133,19.643
4.197,2.43,24.14,24.14,64.663,418954.318,2373.35,86.776,8.375,47.576,10.361,147.089,19.638
4.197,2.43,24.141,24.141,64.659,419250.487,2372.379,86.768,8.372,47.57,10.364,147.034,19.633
4.197,2.43,24.142,24.142,64.654,419555.687,2371.38,86.758,8.367,47.563,10.369,146.975,19.629
4.197,2.43,24.143,24.143,64.65,419854.478,2370.402,86.749,8.363,47.556,10.373,146.92,19.624
4.197,2.43,24.145,24.145,64.646,420136.479,2369.481,86.742,8.361,47.551,10.374,146.872,19.619
4.197,2.43,24.148,24.148,64.641,420395.113,2368.637,86.737,8.362,47.549,10.373,146.834,19.615
4.197,2.43,24.151,24.151,64.636,420626.026,2367.884,86.734,8.366,47.55,10.368,146.808,19.61
4.197,2.43,24.156,24.156,64.629,420830.582,2367.217,86.733,8.373,47.553,10.358,146.794,19.606
4.197,2.43,24.162,24.162,64.622,421016.367,2366.612,86.734,8.383,47.559,10.346,146.787,19.602
4.197,2.43,24.169,24.169,64.614,421189.974,2366.047,86.737,8.395,47.566,10.332,146.786,19.599
4.197,2.43,24.175,24.175,64.606,421357.359,2365.503,86.74,8.407,47.573,10.317,146.787,19.595
4.197,2.43,24.182,24.182,64.598,421524.456,2364.96,86.742,8.42,47.581,10.302,146.788,19.591
4.197,2.43,24.189,24.189,64.59,421697.504,2364.398,86.745,8.432,47.588,10.288,146.786,19.588
4.197,2.43,24.196,24.196,64.582,421881.428,2363.801,86.746,8.443,47.594,10.275,146.779,19.584
4.197,2.43,24.202,24.202,64.575,422075.088,2363.173,86.746,8.452,47.599,10.263,146.768,19.58
4.197,2.43,24.207,24.207,64.567,422275.863,2362.522,86.746,8.461,47.604,10.252,146.754,19.576
4.197,2.43,24.213,24.213,64.56,422481.172,2361.857,86.746,8.47,47.608,10.242,146.738,19.572
4.197,2.43,24.218,24.218,64.553,422688.569,2361.186,86.745,8.478,47.611,10.232,146.721,19.568
4.197,2.43,24.224,24.224,64.545,422895.784,2360.516,86.744,8.486,47.615,10.222,146.705,19.564
4.197,2.43,24.229,24.229,64.538,423101.539,2359.851,86.744,8.494,47.619,10.212,146.689,19.56
4.197,2.43,24.235,24.235,64.531,423306.201,2359.191,86.743,8.503,47.623,10.202,146.673,19.556
4.197,2.43,24.241,24.241,64.523,423510.277,2358.532,86.743,8.511,47.627,10.192,146.657,19.552
4.197,2.43,24.246,24.246,64.516,423714.234,2357.875,86.742,8.52,47.631,10.181,146.642,19.548
4.197,2.43,24.252,24.252,64.508,423918.507,2357.217,86.742,8.528,47.635,10.171,146.626,19.544
4.197,2.43,24.258,24.258,64.5,424123.502,2356.557,86.741,8.537,47.639,10.161,146.61,19.54
4.197,2.43,24.264,24.264,64.493,424329.603,2355.894,86.74,8.546,47.643,10.15,146.594,19.536
4.197,2.43,24.269,24.269,64.486,424537.166,2355.227,86.74,8.554,47.647,10.14,146.577,19.532
4.197,2.43,24.275,24.275,64.478,424746.523,2354.555,86.739,8.562,47.65,10.131,146.559,19.528
4.197,2.43,24.28,24.28,64.471,424957.982,2353.877,86.738,8.57,47.654,10.121,146.54,19.524
4.197,2.43,24.286,24.286,64.463,425171.821,2353.191,86.736,8.577,47.657,10.112,146.52,19.52
4.197,2.43,24.291,24.291,64.456,425387.673,2352.499,86.735,8.585,47.66,10.104,146.5,19.516
4.197,2.43,24.296,24.296,64.449,425603.367,2351.809,86.733,8.592,47.663,10.095,146.479,19.512
4.197,2.43,24.302,24.302,64.442,425816.601,2351.127,86.732,8.599,47.666,10.086,146.46,19.508
4.197,2.43,24.307,24.307,64.434,426025.292,2350.46,86.731,8.608,47.669,10.076,146.443,19.504
4.197,2.43,24.313,24.313,64.426,426227.513,2349.814,86.731,8.617,47.674,10.066,146.428,19.5
4.197,2.43,24.319,24.319,64.419,426421.775,2349.194,86.731,8.627,47.679,10.054,146.416,19.496
4.197,2.43,24.326,24.326,64.41,426612.62,2348.586,86.732,8.637,47.685,10.042,146.406,19.492
4.197,2.43,24.332,24.332,64.402,426809.369,2347.959,86.732,8.647,47.69,10.03,146.393,19.488
4.197,2.43,24.338,24.338,64.395,427021.172,2347.284,86.731,8.655,47.693,10.021,146.374,19.484
4.197,2.43,24.342,24.342,64.388,427256.487,2346.536,86.728,8.66,47.694,10.014,146.346,19.48
4.197,2.43,24.345,24.345,64.382,427522.178,2345.691,86.722,8.661,47.692,10.013,146.304,19.476
4.197,2.43,24.347,24.347,64.378,427816.236,2344.757,86.714,8.659,47.686,10.015,146.251,19.471
4.197,2.43,24.348,24.348,64.374,428121.161,2343.79,86.705,8.654,47.679,10.019,146.194,19.466
4.197,2.43,24.349,24.349,64.37,428421.455,2342.839,86.696,8.65,47.673,10.022,146.139,19.461
4.197,2.43,24.351,24.351,64.366,428706.543,2341.937,86.688,8.648,47.668,10.024,146.091,19.457
4.197,2.43,24.353,24.353,64.361,428969.706,2341.105,86.683,8.648,47.665,10.024,146.053,19.452
4.197,2.43,24.357,24.357,64.356,429206.504,2340.357,86.68,8.651,47.665,10.019,146.026,19.448
4.197,2.43,24.361,24.361,64.35,429416.363,2339.694,86.679,8.658,47.668,10.012,146.009,19.444
4.197,2.43,24.367,24.367,64.343,429606.164,2339.096,86.68,8.667,47.673,10.001,146.002,19.441
4.197,2.43,24.373,24.373,64.335,429782.516,2338.54,86.682,8.678,47.68,9.989,145.999,19.437
4.197,2.43,24.38,24.38,64.328,429951.216,2338.008,86.685,8.69,47.687,9.975,146.0,19.433
4.197,2.43,24.387,24.387,64.32,430117.924,2337.484,86.688,8.703,47.695,9.961,146.001,19.43
4.197,2.43,24.394,24.394,64.312,430288.529,2336.947,86.69,8.715,47.703,9.947,146.001,19.426
4.197,2.43,24.4,24.4,64.304,430468.828,2336.38,86.692,8.726,47.709,9.935,145.996,19.422
4.197,2.43,24.406,24.406,64.297,430659.646,2335.781,86.693,8.736,47.714,9.924,145.987,19.419
4.197,2.43,24.412,24.412,64.289,430858.448,2335.157,86.693,8.745,47.719,9.914,145.974,19.415
4.197,2.43,24.417,24.417,64.282,431062.655,2334.516,86.693,8.753,47.723,9.904,145.96,19.411
4.197,2.43,24.423,24.423,64.275,431269.79,2333.867,86.692,8.761,47.727,9.895,145.943,19.407
4.197,2.43,24.428,24.428,64.268,431477.535,2333.216,86.691,8.769,47.73,9.886,145.927,19.403
4.197,2.43,24.434,24.434,64.261,431683.978,2332.57,86.691,8.777,47.734,9.877,145.911,19.399
4.197,2.43,24.439,24.439,64.254,431889.052,2331.928,86.69,8.786,47.738,9.867,145.896,19.395
4.197,2.43,24.445,24.445,64.246,432093.458,2331.289,86.69,8.794,47.742,9.858,145.881,19.391
4.197,2.43,24.451,24.451,64.239,432297.847,2330.651,86.69,8.803,47.746,9.848,145.866,19.388
4.197,2.43,24.456,24.456,64.232,432502.826,2330.011,86.689,8.811,47.75,9.839,145.85,19.384
4.197,2.43,24.462,24.462,64.224,432708.961,2329.369,86.689,8.819,47.754,9.829,145.834,19.38
4.197,2.43,24.467,24.467,64.217,432916.591,2328.722,86.688,8.828,47.758,9.82,145.818,19.376
4.197,2.43,24.473,24.473,64.21,433125.391,2328.072,86.687,8.836,47.761,9.811,145.801,19.372
4.197,2.43,24.478,24.478,64.203,433334.935,2327.42,86.686,8.844,47.765,9.802,145.784,19.368
4.197,2.43,24.484,24.484,64.195,433544.827,2326.767,86.686,8.852,47.769,9.793,145.766,19.364
4.197,2.43,24.489,24.489,64.188,433754.707,2326.115,86.685,8.859,47.772,9.784,145.749,19.36
4.197,2.43,24.495,24.495,64.181,433964.256,2325.465,86.684,8.867,47.776,9.776,145.731,19.356
4.197,2.43,24.5,24.5,64.174,434173.607,2324.815,86.683,8.875,47.779,9.767,145.714,19.353
4.197,2.43,24.506,24.506,64.166,434383.403,2324.165,86.682,8.883,47.783,9.758,145.697,19.349
4.197,2.43,24.511,24.511,64.159,434594.267,2323.512,86.681,8.891,47.786,9.749,145.679,19.345
4.197,2.43,24.517,24.517,64.152,434806.771,2322.854,86.68,8.899,47.79,9.74,145.66,19.341
4.197,2.43,24.522,24.522,64.145,435021.436,2322.191,86.679,8.906,47.793,9.732,145.641,19.337
4.197,2.43,24.527,24.527,64.138,435238.445,2321.52,86.678,8.913,47.796,9.724,145.62,19.333
4.197,2.43,24.533,24.533,64.131,435456.036,2320.848,86.676,8.92,47.798,9.717,145.6,19.329
4.197,2.43,24.538,24.538,64.124,435671.829,2320.183,86.675,8.928,47.801,9.709,145.58,19.325
4.197,2.43,24.543,24.543,64.116,435883.686,2319.53,86.674,8.935,47.805,9.7,145.562,19.321
4.197,2.43,24.549,24.549,64.109,436089.654,2318.895,86.673,8.944,47.809,9.691,145.546,19.317
4.197,2.43,24.555,24.555,64.101,436287.912,2318.285,86.673,8.953,47.813,9.681,145.533,19.314
4.197,2.43,24.561,24.561,64.094,436479.97,2317.694,86.674,8.964,47.819,9.67,145.523,19.31
4.197,2.43,24.568,24.568,64.086,436674.238,2317.097,86.675,8.974,47.824,9.659,145.512,19.306
4.197,2.43,24.574,24.574,64.078,436879.72,2316.466,86.674,8.982,47.828,9.649,145.496,19.302
4.197,2.43,24.579,24.579,64.071,437104.934,2315.775,86.672,8.989,47.83,9.642,145.472,19.298
4.197,2.43,24.582,24.582,64.065,437357.261,2315.001,86.668,8.991,47.83,9.639,145.437,19.294
4.197,2.43,24.585,24.585,64.06,437640.533,2314.133,86.66,8.99,47.825,9.639,145.389,19.29
4.197,2.43,24.586,24.586,64.056,437942.943,2313.208,86.652,8.986,47.819,9.642,145.335,19.285
4.197,2.43,24.587,24.587,64.052,438247.369,2312.277,86.643,8.982,47.812,9.646,145.279,19.28
4.197,2.43,24.588,24.588,64.048,438541.41,2311.379,86.635,8.979,47.807,9.649,145.229,19.276
4.197,2.43,24.59,24.59,64.044,438816.99,2310.539,86.628,8.977,47.803,9.65,145.186,19.272
4.197,2.43,24.593,24.593,64.039,439069.004,2309.771,86.624,8.979,47.801,9.648,145.153,19.267
4.197,2.43,24.597,24.597,64.034,439294.137,2309.085,86.622,8.983,47.803,9.642,145.131,19.263
4.197,2.43,24.602,24.602,64.028,439495.26,2308.473,86.622,8.991,47.807,9.634,145.119,19.26
4.197,2.43,24.607,24.607,64.021,439679.404,2307.914,86.623,9.001,47.812,9.624,145.114,19.256
4.197,2.43,24.614,24.614,64.014,439852.476,2307.388,86.626,9.012,47.819,9.612,145.113,19.253
4.197,2.43,24.62,24.62,64.006,440019.879,2306.879,86.629,9.024,47.827,9.6,145.114,19.249
4.197,2.43,24.627,24.627,63.998,440187.025,2306.372,86.632,9.037,47.834,9.587,145.115,19.246
4.197,2.43,24.634,24.634,63.991,440359.61,2305.849,86.634,9.048,47.841,9.575,145.114,19.242
4.197,2.43,24.64,24.64,63.983,440542.569,2305.294,86.636,9.059,47.847,9.564,145.108,19.238
4.197,2.43,24.646,24.646,63.976,440735.318,2304.71,86.637,9.068,47.853,9.554,145.099,19.235
4.197,2.43,24.652,24.652,63.969,440935.403,2304.105,86.637,9.077,47.857,9.544,145.086,19.231
4.197,2.43,24.657,24.657,63.962,441140.397,2303.485,86.636,9.085,47.861,9.536,145.071,19.227
4.197,2.43,24.662,24.662,63.955,441347.988,2302.857,86.636,9.093,47.864,9.528,145.055,19.223
4.197,2.43,24.668,24.668,63.948,441556.017,2302.229,86.635,9.101,47.868,9.519,145.039,19.22
4.197,2.43,24.673,24.673,63.941,441762.79,2301.605,86.635,9.109,47.872,9.511,145.024,19.216
4.197,2.43,24.679,24.679,63.934,441968.293,2300.985,86.634,9.117,47.876,9.503,145.009,19.212
4.197,2.43,24.684,24.684,63.927,442173.014,2300.368,86.634,9.125,47.88,9.494,144.994,19.208
4.197,2.43,24.69,24.69,63.92,442377.4,2299.753,86.634,9.134,47.884,9.485,144.979,19.205
4.197,2.43,24.695,24.695,63.913,442581.869,2299.137,86.634,9.142,47.888,9.477,144.964,19.201
4.197,2.43,24.701,24.701,63.906,442786.807,2298.521,86.633,9.15,47.892,9.468,144.949,19.197
4.197,2.43,24.707,24.707,63.899,442992.578,2297.903,86.633,9.158,47.896,9.459,144.934,19.193
4.197,2.43,24.712,24.712,63.892,443199.522,2297.281,86.632,9.167,47.899,9.451,144.918,19.19
4.197,2.43,24.718,24.718,63.885,443407.955,2296.656,86.632,9.175,47.903,9.443,144.902,19.186
4.197,2.43,24.723,24.723,63.878,443618.172,2296.026,86.631,9.182,47.907,9.435,144.885,19.182
4.197,2.43,24.728,24.728,63.871,443830.443,2295.39,86.63,9.19,47.91,9.427,144.867,19.178
4.197,2.43,24.734,24.734,63.864,444045.001,2294.748,86.629,9.197,47.913,9.419,144.848,19.174
4.197,2.43,24.739,24.739,63.857,444261.2,2294.101,86.628,9.204,47.916,9.412,144.828,19.171
4.197,2.43,24.744,24.744,63.85,444476.907,2293.456,86.626,9.211,47.919,9.405,144.809,19.167
4.197,2.43,24.749,24.749,63.843,444690.038,2292.82,86.625,9.219,47.922,9.397,144.79,19.163
4.197,2.43,24.755,24.755,63.836,444898.71,2292.197,86.625,9.226,47.926,9.389,144.774,19.159
4.197,2.43,24.76,24.76,63.829,445101.176,2291.593,86.625,9.235,47.93,9.38,144.76,19.155
4.197,2.43,24.767,24.767,63.821,445295.995,2291.012,86.625,9.245,47.935,9.37,144.749,19.152
4.197,2.43,24.773,24.773,63.814,445486.886,2290.444,86.626,9.255,47.941,9.36,144.739,19.148
4.197,2.43,24.779,24.779,63.806,445682.372,2289.862,86.627,9.265,47.946,9.35,144.728,19.145
4.197,2.43,24.785,24.785,63.799,445890.901,2289.242,86.626,9.273,47.95,9.342,144.711,19.141
4.197,2.43,24.79,24.79,63.792,446120.358,2288.56,86.624,9.279,47.951,9.336,144.686,19.137
4.197,2.43,24.793,24.793,63.786,446377.378,2287.797,86.619,9.281,47.95,9.333,144.65,19.133
4.197,2.43,24.795,24.795,63.782,446663.915,2286.947,86.612,9.279,47.945,9.334,144.603,19.128
4.197,2.43,24.796,24.796,63.778,446966.289,2286.051,86.603,9.275,47.939,9.337,144.549,19.124
4.197,2.43,24.797,24.797,63.774,447268.7,2285.156,86.595,9.271,47.933,9.34,144.496,19.119
4.197,2.43,24.799,24.799,63.77,447559.93,2284.295,86.587,9.268,47.928,9.342,144.448,19.115
4.197,2.43,24.8,24.8,63.766,447832.72,2283.489,86.581,9.267,47.924,9.343,144.407,19.111
4.197,2.43,24.803,24.803,63.762,448082.468,2282.752,86.577,9.269,47.923,9.341,144.376,19.107
4.197,2.43,24.807,24.807,63.756,448306.154,2282.092,86.575,9.274,47.924,9.336,144.355,19.103
4.197,2.43,24.812,24.812,63.75,448506.603,2281.502,86.575,9.281,47.928,9.328,144.344,19.099
4.197,2.43,24.818,24.818,63.743,448690.525,2280.96,86.577,9.291,47.934,9.319,144.339,19.096
4.197,2.43,24.824,24.824,63.736,448863.563,2280.451,86.579,9.302,47.941,9.308,144.338,19.092
4.197,2.43,24.831,24.831,63.729,449030.871,2279.959,86.582,9.314,47.948,9.296,144.34,19.089
4.197,2.43,24.837,24.837,63.722,449197.606,2279.469,86.586,9.326,47.956,9.284,144.341,19.086
4.197,2.43,24.844,24.844,63.714,449369.198,2278.965,86.588,9.338,47.963,9.273,144.34,19.082
4.197,2.43,24.85,24.85,63.707,449550.773,2278.432,86.59,9.348,47.969,9.263,144.336,19.079
4.197,2.43,24.856,24.856,63.7,449742.424,2277.87,86.591,9.358,47.974,9.253,144.327,19.075
4.197,2.43,24.862,24.862,63.693,449941.634,2277.285,86.591,9.366,47.979,9.245,144.315,19.072
4.197,2.43,24.867,24.867,63.686,450145.89,2276.687,86.591,9.374,47.983,9.237,144.301,19.068
4.197,2.43,24.873,24.873,63.679,450352.788,2276.081,86.591,9.382,47.986,9.229,144.286,19.064
4.197,2.43,24.878,24.878,63.673,450560.079,2275.475,86.59,9.39,47.99,9.222,144.27,19.06
4.197,2.43,24.883,24.883,63.666,450765.819,2274.874,86.59,9.398,47.994,9.214,144.256,19.057
4.197,2.43,24.889,24.889,63.659,450969.933,2274.277,86.59,9.406,47.998,9.206,144.242,19.053
4.197,2.43,24.894,24.894,63.652,451173.552,2273.683,86.59,9.415,48.002,9.197,144.228,19.05
4.197,2.43,24.9,24.9,63.645,451377.752,2273.087,86.59,9.423,48.006,9.189,144.214,19.046
4.197,2.43,24.905,24.905,63.638,451583.539,2272.487,86.589,9.431,48.01,9.181,144.199,19.042
4.197,2.43,24.911,24.911,63.631,451791.855,2271.881,86.589,9.439,48.014,9.174,144.183,19.039
4.197,2.43,24.916,24.916,63.624,452003.414,2271.265,86.588,9.446,48.017,9.167,144.166,19.035
4.197,2.43,24.921,24.921,63.618,452216.989,2270.644,86.587,9.453,48.02,9.159,144.148,19.031
4.197,2.43,24.926,24.926,63.611,452430.228,2270.024,86.586,9.461,48.023,9.152,144.131,19.027
4.197,2.43,24.932,24.932,63.604,452640.97,2269.412,86.586,9.468,48.027,9.145,144.114,19.024
4.197,2.43,24.937,24.937,63.597,452847.244,2268.813,86.585,9.476,48.031,9.137,144.099,19.02
4.197,2.43,24.943,24.943,63.59,453047.204,2268.233,86.585,9.485,48.035,9.129,144.087,19.016
4.197,2.43,24.949,24.949,63.583,453239.784,2267.675,86.586,9.495,48.041,9.119,144.077,19.013
4.197,2.43,24.955,24.955,63.575,453430.195,2267.124,86.587,9.505,48.046,9.11,144.068,19.009
4.197,2.43,24.962,24.962,63.568,453626.717,2266.555,86.588,9.515,48.051,9.1,144.057,19.006
4.197,2.43,24.967,24.967,63.561,453837.395,2265.946,86.587,9.523,48.055,9.093,144.04,19.002
4.197,2.43,24.972,24.972,63.555,454069.679,2265.274,86.585,9.528,48.056,9.088,144.015,18.998
4.197,2.43,24.975,24.975,63.549,454329.705,2264.523,86.58,9.53,48.055,9.085,143.979,18.994
4.197,2.43,24.977,24.977,63.545,454617.978,2263.692,86.573,9.528,48.05,9.086,143.932,18.99
4.197,2.43,24.978,24.978,63.541,454920.057,2262.821,86.564,9.524,48.044,9.089,143.88,18.986
4.197,2.43,24.979,24.979,63.537,455221.134,2261.955,86.556,9.52,48.038,9.092,143.828,18.981
4.197,2.43,24.98,24.98,63.534,455510.769,2261.122,86.549,9.517,48.033,9.094,143.782,18.977
4.197,2.43,24.982,24.982,63.529,455782.21,2260.342,86.543,9.516,48.03,9.094,143.743,18.973
4.197,2.43,24.985,24.985,63.525,456031.162,2259.627,86.539,9.518,48.029,9.092,143.713,18.969
4.197,2.43,24.989,24.989,63.52,456254.758,2258.986,86.538,9.523,48.03,9.087,143.693,18.965
4.197,2.43,24.994,24.994,63.514,456455.589,2258.41,86.538,9.53,48.034,9.08,143.682,18.962
4.197,2.43,24.999,24.999,63.507,456640.09,2257.882,86.54,9.54,48.04,9.072,143.677,18.958
4.197,2.43,25.006,25.006,63.5,456813.676,2257.385,86.542,9.551,48.046,9.061,143.676,18.955
4.197,2.43,25.012,25.012,63.493,456981.275,2256.906,86.545,9.562,48.054,9.051,143.678,18.952
4.197,2.43,25.019,25.019,63.486,457147.797,2256.43,86.548,9.574,48.061,9.04,143.68,18.948
4.197,2.43,25.025,25.025,63.479,457318.41,2255.942,86.551,9.586,48.069,9.029,143.68,18.945
4.197,2.43,25.032,25.032,63.471,457498.284,2255.429,86.553,9.597,48.075,9.019,143.676,18.942
4.197,2.43,25.038,25.038,63.464,457688.397,2254.886,86.554,9.606,48.08,9.01,143.668,18.938
4.197,2.43,25.043,25.043,63.458,457886.517,2254.321,86.555,9.615,48.085,9.002,143.657,18.934
4.197,2.43,25.049,25.049,63.451,458090.34,2253.74,86.555,9.623,48.089,8.994,143.644,18.931
4.197,2.43,25.054,25.054,63.444,458297.641,2253.15,86.554,9.631,48.093,8.987,143.629,18.927
4.197,2.43,25.059,25.059,63.438,458506.329,2252.556,86.554,9.638,48.096,8.98,143.614,18.924
4.197,2.43,25.064,25.064,63.431,458714.491,2251.964,86.554,9.646,48.1,8.973,143.599,18.92
4.197,2.43,25.07,25.07,63.425,458921.281,2251.376,86.554,9.654,48.104,8.966,143.585,18.917
4.197,2.43,25.075,25.075,63.418,459127.099,2250.792,86.553,9.662,48.108,8.958,143.571,18.913
4.197,2.43,25.08,25.08,63.411,459332.384,2250.209,86.553,9.67,48.112,8.951,143.557,18.909
4.197,2.43,25.086,25.086,63.404,459537.546,2249.628,86.553,9.678,48.116,8.943,143.543,18.906
4.197,2.43,25.091,25.091,63.398,459742.961,2249.046,86.553,9.686,48.12,8.936,143.529,18.902
4.197,2.43,25.097,25.097,63.391,459948.985,2248.462,86.553,9.694,48.124,8.928,143.515,18.899
4.197,2.43,25.102,25.102,63.384,460155.949,2247.877,86.553,9.702,48.128,8.921,143.5,18.895
4.197,2.43,25.108,25.108,63.377,460364.164,2247.288,86.552,9.71,48.131,8.914,143.485,18.891
4.197,2.43,25.113,25.113,63.371,460573.918,2246.695,86.552,9.718,48.135,8.906,143.47,18.888
4.197,2.43,25.118,25.118,63.364,460785.48,2246.098,86.551,9.725,48.138,8.9,143.453,18.884
4.197,2.43,25.124,25.124,63.357,460999.094,2245.495,86.551,9.733,48.142,8.893,143.436,18.881
4.197,2.43,25.129,25.129,63.351,461214.961,2244.886,86.55,9.74,48.145,8.886,143.418,18.877
4.197,2.43,25.134,25.134,63.344,461432.298,2244.274,86.549,9.746,48.147,8.88,143.4,18.873
4.197,2.43,25.139,25.139,63.338,461649.055,2243.664,86.547,9.753,48.15,8.874,143.381,18.87
4.197,2.43,25.144,25.144,63.331,461863.287,2243.061,86.547,9.761,48.154,8.867,143.364,18.866
4.197,2.43,25.149,25.149,63.324,462073.228,2242.471,86.546,9.768,48.157,8.86,143.348,18.863
4.197,2.43,25.155,25.155,63.317,462277.245,2241.898,86.546,9.777,48.161,8.852,143.335,18.859
4.197,2.43,25.161,25.161,63.31,462473.888,2241.346,86.547,9.786,48.166,8.844,143.325,18.855
4.197,2.43,25.167,25.167,63.303,462665.966,2240.807,86.548,9.796,48.172,8.835,143.316,18.852
4.197,2.43,25.173,25.173,63.296,462861.419,2240.259,86.549,9.806,48.177,8.826,143.306,18.849
4.197,2.43,25.179,25.179,63.289,463068.255,2239.68,86.549,9.814,48.181,8.819,143.291,18.845
4.197,2.43,25.184,25.184,63.282,463294.037,2239.047,86.547,9.82,48.183,8.813,143.269,18.841
4.197,2.43,25.187,25.187,63.277,463545.3,2238.345,86.543,9.823,48.183,8.81,143.238,18.837
4.197,2.43,25.19,25.19,63.272,463825.933,2237.56,86.537,9.822,48.179,8.81,143.195,18.833
4.197,2.43,25.191,25.191,63.268,464126.752,2236.72,86.529,9.819,48.174,8.812,143.145,18.829
4.197,2.43,25.192,25.192,63.264,464431.787,2235.87,86.52,9.815,48.168,8.815,143.093,18.825
4.197,2.43,25.193,25.193,63.261,464729.076,2235.041,86.513,9.811,48.162,8.817,143.045,18.821
4.197,2.43,25.194,25.194,63.257,465010.673,2234.258,86.506,9.81,48.158,8.818,143.003,18.817
4.197,2.43,25.197,25.197,63.253,465271.572,2233.532,86.502,9.81,48.156,8.818,142.97,18.813
4.197,2.43,25.2,25.2,63.248,465508.443,2232.874,86.499,9.813,48.156,8.815,142.945,18.809
4.197,2.43,25.204,25.204,63.243,465720.483,2232.285,86.498,9.819,48.159,8.809,142.931,18.805
4.197,2.43,25.21,25.21,63.237,465913.335,2231.75,86.499,9.828,48.164,8.802,142.923,18.802
4.197,2.43,25.215,25.215,63.23,466092.776,2231.253,86.502,9.838,48.17,8.793,142.921,18.799
4.197,2.43,25.222,25.222,63.224,466263.777,2230.779,86.505,9.849,48.177,8.783,142.921,18.795
4.197,2.43,25.228,25.228,63.216,466431.076,2230.315,86.508,9.861,48.184,8.773,142.923,18.792
4.197,2.43,25.235,25.235,63.209,466599.54,2229.849,86.511,9.872,48.192,8.763,142.925,18.789
4.197,2.43,25.241,25.241,63.202,466774.335,2229.365,86.513,9.883,48.198,8.753,142.924,18.786
4.197,2.43,25.247,25.247,63.195,466959.5,2228.853,86.515,9.894,48.204,8.745,142.918,18.782
4.197,2.43,25.253,25.253,63.188,467153.992,2228.316,86.516,9.903,48.209,8.737,142.909,18.779
4.197,2.43,25.258,25.258,63.182,467355.543,2227.76,86.516,9.911,48.214,8.729,142.898,18.775
4.197,2.43,25.264,25.264,63.175,467561.92,2227.19,86.516,9.919,48.217,8.723,142.884,18.772
4.197,2.43,25.269,25.269,63.169,467770.989,2226.614,86.516,9.926,48.221,8.716,142.87,18.768
4.197,2.43,25.274,25.274,63.163,467980.76,2226.036,86.516,9.934,48.225,8.709,142.855,18.765
4.197,2.43,25.279,25.279,63.156,468189.529,2225.461,86.515,9.941,48.228,8.703,142.84,18.761
4.197,2.43,25.284,25.284,63.15,468397.004,2224.89,86.515,9.949,48.232,8.696,142.826,18.758
4.197,2.43,25.29,25.29,63.143,468603.633,2224.322,86.515,9.957,48.236,8.689,142.813,18.754
4.197,2.43,25.295,25.295,63.137,468809.839,2223.755,86.515,9.965,48.24,8.682,142.799,18.751
4.197,2.43,25.301,25.301,63.13,469016.012,2223.189,86.515,9.973,48.244,8.675,142.786,18.747
4.197,2.43,25.306,25.306,63.123,469222.513,2222.623,86.515,9.981,48.248,8.668,142.772,18.744
4.197,2.43,25.311,25.311,63.117,469429.681,2222.055,86.515,9.989,48.252,8.661,142.758,18.741
4.197,2.43,25.317,25.317,63.11,469637.835,2221.484,86.515,9.996,48.256,8.655,142.744,18.737
4.197,2.43,25.322,25.322,63.104,469847.27,2220.911,86.514,10.004,48.259,8.648,142.729,18.734
4.197,2.43,25.327,25.327,63.097,470058.263,2220.334,86.514,10.012,48.263,8.641,142.714,18.73
4.197,2.43,25.332,25.332,63.091,470271.069,2219.752,86.513,10.019,48.266,8.635,142.697,18.727
4.197,2.43,25.338,25.338,63.084,470485.921,2219.165,86.513,10.026,48.269,8.629,142.681,18.723
4.197,2.43,25.343,25.343,63.078,470702.98,2218.572,86.512,10.033,48.272,8.623,142.663,18.719
4.197,2.43,25.347,25.347,63.071,470921.265,2217.977,86.511,10.04,48.275,8.617,142.645,18.716
4.197,2.43,25.352,25.352,63.065,471138.754,2217.384,86.51,10.046,48.278,8.611,142.627,18.712
4.197,2.43,25.358,25.358,63.059,471353.578,2216.798,86.509,10.053,48.281,8.605,142.61,18.709
4.197,2.43,25.363,25.363,63.052,471564.038,2216.225,86.509,10.061,48.285,8.598,142.595,18.705
4.197,2.43,25.368,25.368,63.045,471768.559,2215.669,86.509,10.069,48.289,8.591,142.582,18.702
4.197,2.43,25.374,25.374,63.038,471965.767,2215.133,86.51,10.079,48.294,8.584,142.572,18.698
4.197,2.43,25.38,25.38,63.031,472158.58,2214.609,86.511,10.088,48.3,8.575,142.564,18.695
4.197,2.43,25.386,25.386,63.024,472354.754,2214.077,86.512,10.098,48.305,8.567,142.554,18.692
4.197,2.43,25.392,25.392,63.017,472562.069,2213.514,86.512,10.106,48.309,8.56,142.54,18.688
4.197,2.43,25.397,25.397,63.011,472787.87,2212.902,86.51,10.112,48.311,8.555,142.518,18.685
4.197,2.43,25.401,25.401,63.005,473038.524,2212.223,86.506,10.115,48.311,8.552,142.488,18.681
4.197,2.43,25.403,25.403,63.001,473318.091,2211.466,86.5,10.115,48.308,8.552,142.447,18.677
4.197,2.43,25.404,25.404,62.997,473618.659,2210.653,86.493,10.112,48.302,8.554,142.398,18.673
4.197,2.43,25.405,25.405,62.994,473924.516,2209.827,86.484,10.108,48.296,8.556,142.348,18.669
4.197,2.43,25.406,25.406,62.99,474223.659,2209.02,86.477,10.104,48.29,8.559,142.3,18.665
4.197,2.43,25.407,25.407,62.987,474508.042,2208.253,86.47,10.102,48.286,8.56,142.259,18.661
4.197,2.43,25.41,25.41,62.983,474772.597,2207.541,86.466,10.102,48.284,8.559,142.224,18.657
4.197,2.43,25.413,25.413,62.978,475014.027,2206.891,86.463,10.105,48.284,8.557,142.199,18.653
4.197,2.43,25.417,25.417,62.973,475230.715,2206.308,86.462,10.11,48.286,8.552,142.183,18.65
4.197,2.43,25.422,25.422,62.967,475427.261,2205.78,86.463,10.118,48.29,8.546,142.175,18.646
4.197,2.43,25.427,25.427,62.961,475609.52,2205.29,86.465,10.127,48.296,8.538,142.172,18.643
4.197,2.43,25.433,25.433,62.954,475782.418,2204.826,86.467,10.138,48.303,8.529,142.172,18.64
4.197,2.43,25.44,25.44,62.947,475950.557,2204.375,86.471,10.15,48.31,8.52,142.174,18.637
4.197,2.43,25.446,25.446,62.941,476118.593,2203.925,86.474,10.161,48.317,8.51,142.175,18.634
4.197,2.43,25.453,25.453,62.934,476291.448,2203.461,86.477,10.172,48.324,8.501,142.175,18.63
4.197,2.43,25.459,25.459,62.927,476473.906,2202.973,86.479,10.183,48.331,8.493,142.171,18.627
4.197,2.43,25.465,25.465,62.92,476666.368,2202.458,86.48,10.192,48.336,8.485,142.164,18.624
4.197,2.43,25.47,25.47,62.914,476866.514,2201.922,86.48,10.2,48.34,8.478,142.153,18.62
4.197,2.43,25.475,25.475,62.907,477072.0,2201.373,86.48,10.208,48.344,8.472,142.14,18.617
4.197,2.43,25.48,25.48,62.901,477280.573,2200.816,86.48,10.215,48.348,8.466,142.127,18.614
4.197,2.43,25.485,25.485,62.895,477490.121,2200.257,86.48,10.223,48.351,8.46,142.112,18.61
4.197,2.43,25.491,25.491,62.889,477698.698,2199.7,86.48,10.23,48.355,8.453,142.099,18.607
4.197,2.43,25.496,25.496,62.882,477905.437,2199.149,86.48,10.238,48.359,8.447,142.085,18.603
4.197,2.43,25.501,25.501,62.876,478111.243,2198.601,86.48,10.246,48.363,8.44,142.073,18.6
4.197,2.43,25.507,25.507,62.869,478317.138,2198.053,86.48,10.254,48.367,8.434,142.06,18.597
4.197,2.43,25.512,25.512,62.863,478524.073,2197.503,86.48,10.262,48.371,8.428,142.046,18.593
4.197,2.43,25.517,25.517,62.857,478732.939,2196.948,86.48,10.269,48.375,8.421,142.032,18.59
4.197,2.43,25.522,25.522,62.85,478944.565,2196.385,86.48,10.277,48.378,8.415,142.017,18.586
4.197,2.43,25.527,25.527,62.844,479159.208,2195.816,86.479,10.283,48.381,8.41,142.001,18.583
4.197,2.43,25.532,25.532,62.838,479375.088,2195.243,86.478,10.29,48.384,8.404,141.984,18.58
4.197,2.43,25.537,25.537,62.832,479590.079,2194.673,86.478,10.297,48.387,8.398,141.968,18.576
4.197,2.43,25.542,25.542,62.825,479802.253,2194.111,86.477,10.304,48.391,8.392,141.953,18.573
4.197,2.43,25.548,25.548,62.819,480009.842,2193.562,86.477,10.312,48.395,8.386,141.939,18.569
4.197,2.43,25.553,25.553,62.812,480211.188,2193.029,86.478,10.321,48.399,8.379,141.928,18.566
4.197,2.43,25.559,25.559,62.805,480405.473,2192.515,86.479,10.33,48.405,8.371,141.919,18.563
4.197,2.43,25.565,25.565,62.798,480597.809,2192.007,86.48,10.34,48.41,8.364,141.911,18.559
4.197,2.43,25.571,25.571,62.791,480795.806,2191.484,86.481,10.349,48.415,8.356,141.901,18.556
4.197,2.43,25.577,25.577,62.785,481006.847,2190.928,86.481,10.357,48.419,8.35,141.886,18.553
4.197,2.43,25.581,25.581,62.779,481237.798,2190.319,86.479,10.362,48.42,8.346,141.864,18.549
4.197,2.43,25.584,25.584,62.774,481494.41,2189.643,86.475,10.364,48.42,8.343,141.832,18.545
4.197,2.43,25.586,25.586,62.769,481779.101,2188.893,86.468,10.363,48.416,8.344,141.79,18.542
4.197,2.43,25.588,25.588,62.766,482080.94,2188.1,86.461,10.36,48.41,8.346,141.742,18.537
4.197,2.43,25.589,25.589,62.762,482385.257,2187.3,86.453,10.356,48.405,8.348,141.693,18.533
4.197,2.43,25.59,25.59,62.759,482681.313,2186.523,86.446,10.353,48.399,8.35,141.648,18.529
4.197,2.43,25.591,25.591,62.756,482962.005,2185.787,86.44,10.351,48.395,8.351,141.608,18.526
4.197,2.43,25.593,25.593,62.752,483222.871,2185.104,86.435,10.352,48.393,8.35,141.576,18.522
4.197,2.43,25.596,25.596,62.747,483460.954,2184.481,86.433,10.355,48.394,8.347,141.553,18.518
4.197,2.43,25.601,25.601,62.742,483675.084,2183.921,86.432,10.36,48.396,8.343,141.538,18.515
4.197,2.43,25.606,25.606,62.736,483870.085,2183.411,86.433,10.368,48.401,8.336,141.531,18.512
4.197,2.43,25.611,25.611,62.73,484051.474,2182.937,86.435,10.378,48.406,8.329,141.528,18.508
4.197,2.43,25.617,25.617,62.724,484223.932,2182.487,86.438,10.388,48.413,8.321,141.528,18.505
4.197,2.43,25.624,25.624,62.717,484391.852,2182.049,86.441,10.4,48.421,8.312,141.53,18.502
4.197,2.43,25.63,25.63,62.71,484559.695,2181.611,86.445,10.411,48.428,8.303,141.532,18.499
4.197,2.43,25.636,25.636,62.703,484732.184,2181.162,86.447,10.422,48.435,8.295,141.533,18.496
4.197,2.43,25.642,25.642,62.697,484914.008,2180.688,86.45,10.432,48.441,8.287,141.529,18.493
4.197,2.43,25.648,25.648,62.69,485105.849,2180.189,86.451,10.442,48.446,8.279,141.522,18.49
4.197,2.43,25.654,25.654,62.684,485305.476,2179.67,86.452,10.45,48.451,8.273,141.512,18.487
4.197,2.43,25.659,25.659,62.678,485510.606,2179.136,86.452,10.458,48.455,8.267,141.5,18.483
4.197,2.43,25.664,25.664,62.672,485719.038,2178.595,86.452,10.465,48.458,8.261,141.486,18.48
4.197,2.43,25.669,25.669,62.666,485928.707,2178.05,86.452,10.472,48.462,8.255,141.472,18.477
4.197,2.43,25.674,25.674,62.659,486137.698,2177.508,86.451,10.48,48.466,8.25,141.459,18.473
4.197,2.43,25.679,25.679,62.653,486344.853,2176.971,86.452,10.487,48.469,8.244,141.446,18.47
4.197,2.43,25.684,25.684,62.647,486550.902,2176.437,86.452,10.495,48.473,8.237,141.433,18.467
4.197,2.43,25.69,25.69,62.641,486756.845,2175.904,86.452,10.503,48.477,8.231,141.421,18.463
4.197,2.43,25.695,25.695,62.634,486963.617,2175.369,86.452,10.51,48.481,8.225,141.408,18.46
4.197,2.43,25.7,25.7,62.628,487172.091,2174.83,86.452,10.518,48.485,8.219,141.394,18.457
4.197,2.43,25.705,25.705,62.622,487383.079,2174.285,86.452,10.525,48.489,8.214,141.38,18.453
4.197,2.43,25.71,25.71,62.616,487597.147,2173.732,86.451,10.532,48.492,8.208,141.364,18.45
4.197,2.43,25.715,25.715,62.61,487813.051,2173.175,86.451,10.539,48.495,8.203,141.348,18.447
4.197,2.43,25.72,25.72,62.604,488028.685,2172.619,86.45,10.546,48.498,8.198,141.332,18.443
4.197,2.43,25.725,25.725,62.598,488242.131,2172.069,86.45,10.553,48.501,8.192,141.317,18.44
4.197,2.43,25.73,25.73,62.591,488451.639,2171.529,86.45,10.56,48.505,8.186,141.303,18.437
4.197,2.43,25.736,25.736,62.585,488655.583,2171.004,86.45,10.568,48.509,8.18,141.291,18.433
4.197,2.43,25.742,25.742,62.578,488852.511,2170.498,86.451,10.577,48.514,8.173,141.282,18.43
4.197,2.43,25.748,25.748,62.571,489044.874,2170.003,86.452,10.587,48.52,8.166,141.274,18.427
4.197,2.43,25.753,25.753,62.565,489239.83,2169.503,86.453,10.596,48.525,8.159,141.265,18.424
4.197,2.43,25.759,25.759,62.558,489444.626,2168.977,86.453,10.605,48.529,8.152,141.253,18.42
4.197,2.43,25.764,25.764,62.552,489666.162,2168.409,86.452,10.611,48.532,8.147,141.234,18.417
4.197,2.43,25.768,25.768,62.546,489910.539,2167.782,86.45,10.615,48.532,8.144,141.208,18.413
4.197,2.43,25.77,25.77,62.542,490182.289,2167.086,86.444,10.615,48.53,8.143,141.171,18.41
4.197,2.43,25.772,25.772,62.538,490477.699,2166.33,86.437,10.613,48.525,8.145,141.126,18.406
4.197,2.43,25.773,25.773,62.535,490782.156,2165.552,86.43,10.609,48.519,8.147,141.079,18.402
4.197,2.43,25.774,25.774,62.531,491083.319,2164.783,86.422,10.606,48.514,8.149,141.032,18.398
4.197,2.43,25.775,25.775,62.528,491372.641,2164.045,86.416,10.603,48.509,8.15,140.99,18.394
4.197,2.43,25.777,25.777,62.525,491644.651,2163.351,86.411,10.602,48.506,8.15,140.955,18.39
4.197,2.43,25.779,25.779,62.521,491895.904,2162.712,86.407,10.604,48.505,8.149,140.927,18.387
4.197,2.43,25.783,25.783,62.516,492123.983,2162.131,86.405,10.608,48.507,8.146,140.908,18.383
4.197,2.43,25.787,25.787,62.511,492329.927,2161.607,86.406,10.614,48.51,8.141,140.896,18.38
4.197,2.43,25.792,25.792,62.505,492519.335,2161.126,86.407,10.623,48.515,8.134,140.891,18.377
4.197,2.43,25.798,25.798,62.499,492697.118,2160.674,86.41,10.632,48.521,8.127,140.89,18.374
4.197,2.43,25.804,25.804,62.493,492867.598,2160.242,86.413,10.643,48.528,8.119,140.891,18.371
4.197,2.43,25.811,25.811,62.486,493034.96,2159.817,86.416,10.654,48.535,8.111,140.894,18.368
4.197,2.43,25.817,25.817,62.479,493203.526,2159.389,86.419,10.666,48.542,8.102,140.895,18.365
4.197,2.43,25.823,25.823,62.473,493377.901,2158.948,86.422,10.677,48.549,8.095,140.895,18.362
4.197,2.43,25.829,25.829,62.466,493562.119,2158.481,86.424,10.686,48.555,8.087,140.891,18.359
4.197,2.43,25.835,25.835,62.46,493755.707,2157.991,86.425,10.695,48.56,8.081,140.883,18.356
4.197,2.43,25.84,25.84,62.454,493956.576,2157.483,86.426,10.703,48.565,8.075,140.873,18.352
4.197,2.43,25.845,25.845,62.448,494162.654,2156.962,86.426,10.711,48.568,8.069,140.861,18.349
4.197,2.43,25.85,25.85,62.442,494371.952,2156.433,86.426,10.718,48.572,8.064,140.847,18.346
4.197,2.43,25.855,25.855,62.436,494582.606,2155.901,86.426,10.725,48.575,8.058,140.834,18.343
4.197,2.43,25.86,25.86,62.43,494792.897,2155.37,86.426,10.732,48.579,8.053,140.82,18.339
4.197,2.43,25.865,25.865,62.424,495001.855,2154.843,86.426,10.74,48.583,8.047,140.807,18.336
4.197,2.43,25.87,25.87,62.418,495209.775,2154.319,86.426,10.747,48.586,8.042,140.794,18.333
4.197,2.43,25.875,25.875,62.412,495417.06,2153.797,86.426,10.755,48.59,8.036,140.781,18.33
4.197,2.43,25.881,25.881,62.405,495624.084,2153.276,86.426,10.762,48.594,8.031,140.769,18.326
4.197,2.43,25.886,25.886,62.399,495831.189,2152.756,86.426,10.77,48.598,8.025,140.756,18.323
4.197,2.43,25.891,25.891,62.393,496038.698,2152.234,86.426,10.777,48.602,8.019,140.743,18.32
4.197,2.43,25.896,25.896,62.387,496246.91,2151.711,86.426,10.785,48.606,8.014,140.73,18.317
4.197,2.43,25.901,25.901,62.381,496456.105,2151.186,86.426,10.792,48.609,8.008,140.717,18.313
4.197,2.43,25.907,25.907,62.375,496666.546,2150.658,86.426,10.8,48.613,8.003,140.703,18.31
4.197,2.43,25.912,25.912,62.369,496878.474,2150.127,86.426,10.807,48.616,7.997,140.689,18.307
4.197,2.43,25.917,25.917,62.363,497092.114,2149.592,86.426,10.814,48.62,7.992,140.674,18.304
4.197,2.43,25.922,25.922,62.357,497307.67,2149.052,86.425,10.821,48.623,7.987,140.658,18.3
4.197,2.43,25.926,25.926,62.351,497525.302,2148.508,86.425,10.827,48.626,7.982,140.641,18.297
4.197,2.43,25.931,25.931,62.345,497744.289,2147.961,86.424,10.834,48.629,7.977,140.625,18.294
4.197,2.43,25.936,25.936,62.339,497962.815,2147.415,86.423,10.84,48.632,7.973,140.608,18.291
4.197,2.43,25.941,25.941,62.333,498179.162,2146.875,86.423,10.847,48.635,7.968,140.592,18.287
4.197,2.43,25.946,25.946,62.327,498391.779,2146.344,86.422,10.854,48.638,7.962,140.577,18.284
4.197,2.43,25.951,25.951,62.321,498599.237,2145.827,86.422,10.862,48.642,7.957,140.565,18.281
4.197,2.43,25.957,25.957,62.314,498800.178,2145.327,86.423,10.87,48.647,7.951,140.554,18.278
4.197,2.43,25.963,25.963,62.308,498994.767,2144.842,86.424,10.879,48.652,7.944,140.546,18.275
4.197,2.43,25.969,25.969,62.301,499188.947,2144.359,86.426,10.889,48.657,7.937,140.538,18.271
4.197,2.43,25.974,25.974,62.294,499389.864,2143.859,86.426,10.897,48.662,7.931,140.528,18.268
4.197,2.43,25.979,25.979,62.288,499604.395,2143.326,86.426,10.904,48.665,7.926,140.512,18.265
4.197,2.43,25.984,25.984,62.282,499838.847,2142.744,86.424,10.909,48.667,7.922,140.49,18.262
4.197,2.43,25.987,25.987,62.278,500098.386,2142.1,86.42,10.911,48.666,7.92,140.458,18.258
4.197,2.43,25.989,25.989,62.274,500384.856,2141.39,86.414,10.91,48.662,7.921,140.418,18.254
4.197,2.43,25.99,25.99,62.27,500687.487,2140.64,86.406,10.907,48.657,7.922,140.371,18.25
4.197,2.43,25.991,25.991,62.267,500992.415,2139.886,86.399,10.903,48.651,7.924,140.325,18.247
4.197,2.43,25.992,25.992,62.264,501289.497,2139.151,86.392,10.9,48.646,7.926,140.281,18.243
4.197,2.43,25.993,25.993,62.261,501572.018,2138.454,86.386,10.898,48.642,7.927,140.242,18.239
4.197,2.43,25.995,25.995,62.257,501835.783,2137.803,86.382,10.898,48.64,7.926,140.211,18.236
4.197,2.43,25.998,25.998,62.253,502078.083,2137.205,86.379,10.9,48.64,7.924,140.187,18.232
4.197,2.43,26.002,26.002,62.248,502297.256,2136.665,86.378,10.905,48.642,7.921,140.171,18.229
4.197,2.43,26.006,26.006,62.243,502496.64,2136.174,86.379,10.912,48.646,7.916,140.163,18.226
4.197,2.43,26.012,26.012,62.237,502681.631,2135.719,86.381,10.921,48.651,7.91,140.159,18.223
4.197,2.43,26.018,26.018,62.231,502856.718,2135.288,86.384,10.931,48.657,7.903,140.159,18.22
4.197,2.43,26.024,26.024,62.225,503025.994,2134.872,86.387,10.942,48.664,7.895,140.161,18.217
4.197,2.43,26.03,26.03,62.218,503193.518,2134.461,86.39,10.953,48.672,7.887,140.163,18.214
4.197,2.43,26.036,26.036,62.212,503363.543,2134.043,86.393,10.964,48.679,7.88,140.165,18.211
4.197,2.43,26.042,26.042,62.205,503540.602,2133.609,86.396,10.975,48.685,7.872,140.163,18.208
4.197,2.43,26.048,26.048,62.199,503727.832,2133.149,86.398,10.984,48.691,7.866,140.158,18.205
4.197,2.43,26.054,26.054,62.193,503923.876,2132.669,86.399,10.992,48.696,7.86,140.15,18.202
4.197,2.43,26.059,26.059,62.187,504126.564,2132.172,86.399,11.0,48.7,7.854,140.14,18.199
4.197,2.43,26.064,26.064,62.181,504333.766,2131.665,86.4,11.007,48.704,7.849,140.128,18.196
4.197,2.43,26.069,26.069,62.175,504543.453,2131.152,86.4,11.015,48.707,7.844,140.115,18.193
4.197,2.43,26.074,26.074,62.17,504753.735,2130.638,86.4,11.022,48.711,7.839,140.101,18.189
4.197,2.43,26.079,26.079,62.164,504962.885,2130.127,86.4,11.029,48.714,7.834,140.089,18.186
4.197,2.43,26.084,26.084,62.158,505170.286,2129.62,86.4,11.036,48.718,7.829,140.076,18.183
4.197,2.43,26.089,26.089,62.152,505376.814,2129.116,86.4,11.044,48.722,7.823,140.064,18.18
4.197,2.43,26.094,26.094,62.146,505583.395,2128.613,86.4,11.051,48.726,7.818,140.052,18.177
4.197,2.43,26.099,26.099,62.14,505790.892,2128.107,86.401,11.059,48.73,7.813,140.04,18.174
4.197,2.43,26.104,26.104,62.134,506000.11,2127.597,86.401,11.066,48.733,7.808,140.027,18.17
4.197,2.43,26.109,26.109,62.128,506211.8,2127.082,86.401,11.073,48.737,7.803,140.013,18.167
4.197,2.43,26.114,26.114,62.122,506426.465,2126.56,86.4,11.08,48.74,7.798,139.998,18.164
4.197,2.43,26.119,26.119,62.116,506642.892,2126.034,86.4,11.086,48.743,7.793,139.983,18.161
4.197,2.43,26.124,26.124,62.111,506859.109,2125.509,86.399,11.093,48.746,7.789,139.968,18.158
4.197,2.43,26.129,26.129,62.105,507073.321,2124.989,86.399,11.1,48.749,7.784,139.953,18.154
4.197,2.43,26.134,26.134,62.099,507283.892,2124.478,86.399,11.107,48.753,7.779,139.94,18.151
4.197,2.43,26.139,26.139,62.093,507489.308,2123.98,86.399,11.115,48.757,7.774,139.928,18.148
4.197,2.43,26.144,26.144,62.087,507688.134,2123.498,86.4,11.123,48.762,7.768,139.919,18.145
4.197,2.43,26.15,26.15,62.08,507881.415,2123.03,86.402,11.132,48.767,7.761,139.911,18.142
4.197,2.43,26.156,26.156,62.074,508075.469,2122.561,86.403,11.142,48.772,7.755,139.904,18.139
4.197,2.43,26.162,26.162,62.067,508277.113,2122.073,86.404,11.15,48.777,7.749,139.893,18.136
4.197,2.43,26.167,26.167,62.061,508492.902,2121.552,86.403,11.157,48.78,7.744,139.878,18.133
4.197,2.43,26.171,26.171,62.056,508728.804,2120.982,86.401,11.162,48.781,7.741,139.855,18.129
4.197,2.43,26.174,26.174,62.051,508989.631,2120.352,86.397,11.163,48.78,7.739,139.824,18.126
4.197,2.43,26.176,26.176,62.047,509276.582,2119.661,86.391,11.162,48.777,7.74,139.784,18.122
4.197,2.43,26.177,26.177,62.044,509578.525,2118.933,86.384,11.159,48.772,7.741,139.739,18.119
4.197,2.43,26.178,26.178,62.041,509882.26,2118.202,86.377,11.155,48.766,7.743,139.694,18.115
4.197,2.43,26.179,26.179,62.038,510178.168,2117.491,86.37,11.152,48.761,7.745,139.651,18.111
4.197,2.43,26.18,26.18,62.034,510459.876,2116.814,86.364,11.15,48.757,7.745,139.614,18.108
4.197,2.43,26.182,26.182,62.031,510723.401,2116.181,86.36,11.15,48.755,7.745,139.583,18.104
4.197,2.43,26.185,26.185,62.027,510966.177,2115.599,86.358,11.153,48.755,7.743,139.56,18.101
4.197,2.43,26.189,26.189,62.022,511186.492,2115.071,86.357,11.157,48.757,7.74,139.544,18.098
4.197,2.43,26.193,26.193,62.017,511387.065,2114.591,86.357,11.164,48.761,7.735,139.536,18.094
4.197,2.43,26.198,26.198,62.012,511573.127,2114.145,86.359,11.173,48.766,7.729,139.532,18.092
4.197,2.43,26.204,26.204,62.006,511749.04,2113.725,86.362,11.183,48.772,7.723,139.532,18.089
4.197,2.43,26.21,26.21,62.0,511918.737,2113.319,86.365,11.193,48.779,7.716,139.533,18.086
4.197,2.43,26.216,26.216,61.993,512086.088,2112.919,86.369,11.204,48.786,7.709,139.536,18.083
4.197,2.43,26.222,26.222,61.987,512255.126,2112.515,86.372,11.215,48.793,7.701,139.538,18.08
4.197,2.43,26.229,26.229,61.981,512430.154,2112.097,86.375,11.226,48.8,7.694,139.537,18.077
4.197,2.43,26.234,26.234,61.975,512614.948,2111.656,86.377,11.235,48.806,7.688,139.533,18.074
4.197,2.43,26.24,26.24,61.969,512808.985,2111.194,86.378,11.244,48.811,7.682,139.526,18.071
4.197,2.43,26.245,26.245,61.963,513010.155,2110.714,86.379,11.251,48.815,7.677,139.516,18.068
4.197,2.43,26.25,26.25,61.957,513216.369,2110.223,86.379,11.259,48.819,7.672,139.505,18.065
4.197,2.43,26.255,26.255,61.951,513425.625,2109.725,86.379,11.266,48.822,7.667,139.492,18.062
4.197,2.43,26.26,26.26,61.946,513636.046,2109.225,86.379,11.273,48.826,7.663,139.48,18.059
4.197,2.43,26.265,26.265,61.94,513845.897,2108.726,86.379,11.28,48.829,7.658,139.467,18.056
4.197,2.43,26.27,26.27,61.934,514053.987,2108.231,86.379,11.287,48.833,7.653,139.455,18.053
4.197,2.43,26.275,26.275,61.928,514260.865,2107.74,86.38,11.294,48.837,7.648,139.443,18.05
4.197,2.43,26.28,26.28,61.922,514467.453,2107.25,86.38,11.302,48.841,7.643,139.431,18.047
4.197,2.43,26.285,26.285,61.917,514674.609,2106.759,86.38,11.309,48.845,7.638,139.419,18.044
4.197,2.43,26.29,26.29,61.911,514883.13,2106.265,86.381,11.316,48.849,7.633,139.407,18.041
4.197,2.43,26.295,26.295,61.905,515093.764,2105.766,86.381,11.324,48.852,7.628,139.394,18.037
4.197,2.43,26.3,26.3,61.899,515307.19,2105.261,86.38,11.33,48.855,7.624,139.38,18.034
4.197,2.43,26.305,26.305,61.894,515523.15,2104.75,86.38,11.337,48.858,7.619,139.365,18.031
4.197,2.43,26.309,26.309,61.888,515739.82,2104.238,86.38,11.343,48.861,7.615,139.35,18.028
4.197,2.43,26.314,26.314,61.882,515955.38,2103.729,86.379,11.35,48.865,7.611,139.335,18.025
4.197,2.43,26.319,26.319,61.877,516168.18,2103.227,86.379,11.357,48.868,7.606,139.321,18.022
4.197,2.43,26.324,26.324,61.871,516376.709,2102.735,86.379,11.364,48.872,7.601,139.309,18.019
4.197,2.43,26.329,26.329,61.865,516579.548,2102.257,86.38,11.372,48.876,7.596,139.299,18.016
4.197,2.43,26.335,26.335,61.858,516775.661,2101.795,86.381,11.381,48.881,7.59,139.29,18.013
4.197,2.43,26.341,26.341,61.852,516968.582,2101.341,86.383,11.39,48.886,7.584,139.283,18.01
4.197,2.43,26.347,26.347,61.846,517164.94,2100.879,86.384,11.399,48.891,7.578,139.275,18.007
4.197,2.43,26.352,26.352,61.84,517371.233,2100.394,86.384,11.407,48.895,7.573,139.263,18.004
4.197,2.43,26.357,26.357,61.834,517593.616,2099.871,86.384,11.413,48.898,7.569,139.246,18.001
4.197,2.43,26.36,26.36,61.829,517837.501,2099.298,86.381,11.416,48.899,7.566,139.222,17.997
4.197,2.43,26.363,26.363,61.824,518106.941,2098.666,86.377,11.417,48.897,7.566,139.188,17.994
4.197,2.43,26.365,26.365,61.821,518399.797,2097.98,86.37,11.415,48.893,7.566,139.147,17.99
4.197,2.43,26.365,26.365,61.818,518703.057,2097.269,86.363,11.412,48.887,7.568,139.103,17.987
4.197,2.43,26.366,26.366,61.815,519004.976,2096.563,86.356,11.408,48.882,7.57,139.059,17.983
4.197,2.43,26.367,26.367,61.812,519297.248,2095.879,86.35,11.406,48.878,7.571,139.019,17.979
4.197,2.43,26.369,26.369,61.809,519574.48,2095.232,86.344,11.404,48.874,7.571,138.984,17.976
4.197,2.43,26.371,26.371,61.805,519833.32,2094.627,86.341,11.405,48.873,7.571,138.955,17.972
4.197,2.43,26.374,26.374,61.801,520071.562,2094.072,86.339,11.407,48.873,7.569,138.934,17.969
4.197,2.43,26.378,26.378,61.797,520287.978,2093.567,86.338,11.412,48.875,7.565,138.92,17.966
4.197,2.43,26.382,26.382,61.792,520486.041,2093.106,86.339,11.419,48.879,7.561,138.912,17.963
4.197,2.43,26.387,26.387,61.786,520670.596,2092.676,86.341,11.428,48.885,7.555,138.909,17.96
4.197,2.43,26.393,26.393,61.78,520845.666,2092.269,86.344,11.438,48.891,7.549,138.909,17.958
4.197,2.43,26.399,26.399,61.774,521014.915,2091.876,86.347,11.448,48.898,7.542,138.911,17.955
4.197,2.43,26.405,26.405,61.768,521181.965,2091.487,86.35,11.459,48.905,7.536,138.914,17.952
4.197,2.43,26.411,26.411,61.762,521350.599,2091.095,86.354,11.47,48.912,7.529,138.916,17.949
4.197,2.43,26.418,26.418,61.756,521524.863,2090.691,86.357,11.48,48.918,7.522,138.915,17.946
4.197,2.43,26.423,26.423,61.75,521708.311,2090.265,86.359,11.49,48.924,7.516,138.912,17.944
4.197,2.43,26.429,26.429,61.744,521900.708,2089.819,86.36,11.499,48.929,7.511,138.906,17.941
4.197,2.43,26.434,26.434,61.738,522100.49,2089.356,86.361,11.506,48.934,7.505,138.897,17.938
4.197,2.43,26.439,26.439,61.732,522306.092,2088.88,86.362,11.514,48.938,7.501,138.886,17.935
4.197,2.43,26.444,26.444,61.727,522515.994,2088.394,86.362,11.521,48.941,7.496,138.873,17.932
4.197,2.43,26.449,26.449,61.721,522728.756,2087.901,86.362,11.527,48.944,7.492,138.86,17.929
4.197,2.43,26.453,26.453,61.716,522943.042,2087.406,86.361,11.534,48.948,7.488,138.846,17.926
4.197,2.43,26.458,26.458,61.71,523157.627,2086.91,86.361,11.54,48.951,7.484,138.832,17.923
4.197,2.43,26.463,26.463,61.705,523371.396,2086.417,86.361,11.547,48.954,7.479,138.818,17.919
4.197,2.43,26.467,26.467,61.699,523583.333,2085.927,86.361,11.553,48.957,7.475,138.805,17.916
4.197,2.43,26.472,26.472,61.694,523792.507,2085.445,86.361,11.56,48.961,7.471,138.793,17.913
4.197,2.43,26.477,26.477,61.688,523998.045,2084.971,86.362,11.568,48.965,7.466,138.782,17.91
4.197,2.43,26.483,26.483,61.682,524199.111,2084.508,86.363,11.576,48.969,7.461,138.772,17.907
4.197,2.43,26.488,26.488,61.676,524394.872,2084.058,86.364,11.584,48.974,7.455,138.765,17.905
4.197,2.43,26.494,26.494,61.67,524585.77,2083.618,86.365,11.593,48.979,7.45,138.759,17.902
4.197,2.43,26.5,26.5,61.664,524776.914,2083.179,86.367,11.603,48.985,7.444,138.752,17.899
4.197,2.43,26.505,26.505,61.657,524974.363,2082.725,86.368,11.611,48.99,7.438,138.744,17.896
4.197,2.43,26.511,26.511,61.652,525184.009,2082.244,86.368,11.619,48.993,7.434,138.731,17.893
4.197,2.43,26.515,26.515,61.646,525411.34,2081.722,86.367,11.624,48.996,7.43,138.713,17.89
4.197,2.43,26.518,26.518,61.641,525660.994,2081.149,86.364,11.627,48.996,7.428,138.687,17.886
4.197,2.43,26.521,26.521,61.637,525935.97,2080.519,86.36,11.627,48.993,7.427,138.652,17.883
4.197,2.43,26.522,26.522,61.634,526230.91,2079.844,86.353,11.625,48.989,7.428,138.611,17.88
4.197,2.43,26.523,26.523,61.631,526532.844,2079.153,86.346,11.621,48.984,7.43,138.568,17.876
4.197,2.43,26.524,26.524,61.628,526831.346,2078.471,86.339,11.618,48.979,7.431,138.526,17.872
4.197,2.43,26.525,26.525,61.625,527119.178,2077.814,86.334,11.616,48.975,7.432,138.488,17.869
4.197,2.43,26.527,26.527,61.622,527391.689,2077.192,86.329,11.615,48.972,7.432,138.455,17.865
4.197,2.43,26.529,26.529,61.618,527645.982,2076.612,86.325,11.616,48.971,7.432,138.429,17.862
4.197,2.43,26.532,26.532,61.614,527880.088,2076.079,86.324,11.619,48.971,7.43,138.409,17.859
4.197,2.43,26.536,26.536,61.61,528093.093,2075.594,86.323,11.624,48.974,7.426,138.397,17.856
4.197,2.43,26.54,26.54,61.605,528288.74,2075.149,86.325,11.631,48.978,7.422,138.39,17.853
4.197,2.43,26.546,26.546,61.6,528471.637,2074.733,86.327,11.64,48.983,7.416,138.387,17.85
4.197,2.43,26.551,26.551,61.594,528645.651,2074.338,86.33,11.65,48.99,7.41,138.388,17.848
4.197,2.43,26.557,26.557,61.588,528814.342,2073.954,86.333,11.66,48.997,7.404,138.39,17.845
4.197,2.43,26.563,26.563,61.582,528981.262,2073.576,86.336,11.671,49.004,7.398,138.393,17.842
4.197,2.43,26.569,26.569,61.576,529150.14,2073.192,86.34,11.682,49.011,7.391,138.395,17.84
4.197,2.43,26.575,26.575,61.57,529324.963,2072.796,86.342,11.692,49.017,7.385,138.394,17.837
4.197,2.43,26.581,26.581,61.564,529509.3,2072.378,86.345,11.701,49.023,7.379,138.391,17.834
4.197,2.43,26.586,26.586,61.558,529702.746,2071.94,86.346,11.71,49.028,7.374,138.384,17.831
4.197,2.43,26.592,26.592,61.552,529903.309,2071.486,86.347,11.717,49.032,7.369,138.375,17.828
4.197,2.43,26.597,26.597,61.547,530109.006,2071.02,86.347,11.724,49.036,7.365,138.365,17.825
4.197,2.43,26.601,26.601,61.541,530317.937,2070.548,86.348,11.731,49.039,7.36,138.353,17.822
4.197,2.43,26.606,26.606,61.536,530528.314,2070.072,86.348,11.738,49.043,7.356,138.34,17.819
4.197,2.43,26.611,26.611,61.531,530738.486,2069.597,86.348,11.745,49.046,7.352,138.328,17.816
4.197,2.43,26.616,26.616,61.525,530947.087,2069.127,86.348,11.752,49.05,7.348,138.316,17.813
4.197,2.43,26.621,26.621,61.519,531154.267,2068.659,86.349,11.759,49.054,7.343,138.305,17.81
4.197,2.43,26.626,26.626,61.514,531360.905,2068.193,86.349,11.766,49.058,7.339,138.294,17.808
4.197,2.43,26.631,26.631,61.508,531567.825,2067.727,86.349,11.773,49.061,7.334,138.283,17.805
4.197,2.43,26.636,26.636,61.503,531775.791,2067.259,86.35,11.781,49.065,7.33,138.271,17.802
4.197,2.43,26.641,26.641,61.497,531985.772,2066.786,86.35,11.787,49.069,7.326,138.259,17.799
4.197,2.43,26.645,26.645,61.492,532199.068,2066.307,86.35,11.794,49.072,7.321,138.245,17.796
4.197,2.43,26.65,26.65,61.486,532416.022,2065.819,86.35,11.8,49.075,7.318,138.231,17.793
4.197,2.43,26.655,26.655,61.481,532635.333,2065.326,86.349,11.806,49.078,7.314,138.215,17.79
4.197,2.43,26.659,26.659,61.475,532855.081,2064.833,86.349,11.812,49.08,7.31,138.199,17.787
4.197,2.43,26.664,26.664,61.47,533073.485,2064.343,86.348,11.819,49.083,7.306,138.184,17.784
4.197,2.43,26.669,26.669,61.464,533288.891,2063.86,86.348,11.825,49.086,7.302,138.17,17.781
4.197,2.43,26.673,26.673,61.459,533499.746,2063.388,86.348,11.832,49.09,7.298,138.157,17.778
4.197,2.43,26.679,26.679,61.453,533704.551,2062.93,86.349,11.84,49.094,7.293,138.146,17.775
4.197,2.43,26.684,26.684,61.447,533903.504,2062.484,86.35,11.848,49.099,7.288,138.137,17.772
4.197,2.43,26.69,26.69,61.441,534102.302,2062.04,86.351,11.857,49.104,7.283,138.128,17.769
4.197,2.43,26.695,26.695,61.435,534307.651,2061.581,86.351,11.864,49.108,7.278,138.116,17.766
4.197,2.43,26.7,26.7,61.429,534526.091,2061.093,86.351,11.871,49.111,7.274,138.101,17.763
4.197,2.43,26.704,26.704,61.424,534763.74,2060.563,86.349,11.875,49.112,7.271,138.079,17.76
4.197,2.43,26.707,26.707,61.419,535025.793,2059.978,86.345,11.877,49.111,7.27,138.049,17.757
4.197,2.43,26.709,26.709,61.416,535315.325,2059.333,86.339,11.876,49.107,7.27,138.009,17.754
4.197,2.43,26.71,26.71,61.412,535624.751,2058.644,86.332,11.872,49.102,7.272,137.964,17.75
4.197,2.43,26.71,26.71,61.41,535940.216,2057.942,86.324,11.867,49.095,7.274,137.916,17.746
4.197,2.43,26.711,26.711,61.407,536250.915,2057.252,86.316,11.863,49.089,7.276,137.87,17.743
4.197,2.43,26.711,26.711,61.404,536549.321,2056.589,86.309,11.859,49.084,7.278,137.829,17.739
4.197,2.43,26.713,26.713,61.401,536830.519,2055.965,86.304,11.858,49.081,7.278,137.793,17.736
4.197,2.43,26.715,26.715,61.398,537091.325,2055.387,86.3,11.858,49.079,7.278,137.764,17.733
4.197,2.43,26.718,26.718,61.394,537329.428,2054.86,86.298,11.861,49.079,7.276,137.743,17.73
4.197,2.43,26.722,26.722,61.389,537545.3,2054.382,86.297,11.866,49.082,7.273,137.729,17.727
4.197,2.43,26.726,26.726,61.384,537744.127,2053.942,86.298,11.872,49.085,7.269,137.721,17.724
4.197,2.43,26.731,26.731,61.379,537930.646,2053.529,86.3,11.881,49.09,7.264,137.716,17.721
4.197,2.43,26.737,26.737,61.374,538108.985,2053.135,86.302,11.89,49.096,7.259,137.715,17.719
4.197,2.43,26.742,26.742,61.368,538283.076,2052.751,86.305,11.899,49.102,7.253,137.714,17.716
4.197,2.43,26.748,26.748,61.362,538456.92,2052.367,86.308,11.909,49.109,7.247,137.714,17.713
4.197,2.43,26.754,26.754,61.356,538634.743,2051.975,86.31,11.919,49.115,7.241,137.712,17.711
4.197,2.43,26.76,26.76,61.35,538820.939,2051.564,86.312,11.928,49.12,7.236,137.707,17.708
4.197,2.43,26.765,26.765,61.344,539017.212,2051.131,86.313,11.936,49.125,7.231,137.699,17.705
4.197,2.43,26.77,26.77,61.339,539221.711,2050.681,86.314,11.943,49.128,7.227,137.688,17.702
4.197,2.43,26.775,26.775,61.334,539432.352,2050.217,86.314,11.949,49.132,7.223,137.675,17.699
4.197,2.43,26.779,26.779,61.328,539647.102,2049.745,86.313,11.956,49.135,7.22,137.66,17.696
4.197,2.43,26.784,26.784,61.323,539864.027,2049.268,86.313,11.961,49.137,7.216,137.645,17.693
4.197,2.43,26.788,26.788,61.318,540081.324,2048.79,86.313,11.967,49.14,7.212,137.63,17.691
4.197,2.43,26.793,26.793,61.313,540297.352,2048.316,86.312,11.973,49.143,7.209,137.615,17.688
4.197,2.43,26.797,26.797,61.307,540511.627,2047.846,86.312,11.98,49.146,7.205,137.601,17.685
4.197,2.43,26.802,26.802,61.302,540725.017,2047.378,86.312,11.986,49.149,7.201,137.587,17.682
4.197,2.43,26.807,26.807,61.296,540938.409,2046.91,86.311,11.992,49.152,7.197,137.573,17.679
4.197,2.43,26.811,26.811,61.291,541152.632,2046.441,86.311,11.999,49.155,7.193,137.558,17.676
4.197,2.43,26.816,26.816,61.286,541368.464,2045.968,86.311,12.005,49.158,7.19,137.543,17.673
4.197,2.43,26.82,26.82,61.28,541586.631,2045.491,86.31,12.011,49.16,7.186,137.528,17.67
4.197,2.43,26.825,26.825,61.275,541807.723,2045.008,86.309,12.016,49.163,7.183,137.511,17.667
4.197,2.43,26.829,26.829,61.27,542030.915,2044.52,86.308,12.021,49.165,7.18,137.494,17.664
4.197,2.43,26.833,26.833,61.265,542254.307,2044.032,86.308,12.027,49.167,7.176,137.476,17.661
4.197,2.43,26.838,26.838,61.259,542476.136,2043.548,86.307,12.032,49.17,7.173,137.459,17.659
4.197,2.43,26.842,26.842,61.254,542694.794,2043.072,86.306,12.038,49.172,7.169,137.444,17.656
4.197,2.43,26.847,26.847,61.249,542908.797,2042.605,86.306,12.044,49.175,7.166,137.429,17.653
4.197,2.43,26.852,26.852,61.243,543116.741,2042.152,86.306,12.051,49.179,7.161,137.417,17.65
4.197,2.43,26.857,26.857,61.237,543317.931,2041.714,86.307,12.059,49.183,7.157,137.406,17.647
4.197,2.43,26.863,26.863,61.231,543516.775,2041.282,86.308,12.067,49.187,7.152,137.397,17.644
4.197,2.43,26.868,26.868,61.226,543719.856,2040.84,86.308,12.075,49.192,7.148,137.386,17.642
4.197,2.43,26.873,26.873,61.22,543933.572,2040.376,86.308,12.082,49.195,7.144,137.371,17.639
4.197,2.43,26.877,26.877,61.215,544163.969,2039.876,86.307,12.086,49.197,7.141,137.352,17.636
4.197,2.43,26.88,26.88,61.21,544416.342,2039.328,86.303,12.089,49.196,7.139,137.324,17.633
4.197,2.43,26.883,26.883,61.206,544694.65,2038.725,86.298,12.089,49.193,7.139,137.289,17.629
4.197,2.43,26.884,26.884,61.203,544996.516,2038.071,86.291,12.085,49.188,7.14,137.246,17.626
4.197,2.43,26.884,26.884,61.2,545309.038,2037.394,86.284,12.081,49.182,7.142,137.2,17.623
4.197,2.43,26.884,26.884,61.198,545620.607,2036.721,86.276,12.076,49.176,7.144,137.154,17.619
4.197,2.43,26.885,26.885,61.195,545922.866,2036.067,86.269,12.073,49.171,7.146,137.111,17.616
4.197,2.43,26.886,26.886,61.192,546210.262,2035.447,86.263,12.07,49.167,7.147,137.074,17.612
4.197,2.43,26.888,26.888,61.189,546479.259,2034.867,86.258,12.069,49.164,7.147,137.042,17.609
4.197,2.43,26.89,26.89,61.186,546727.504,2034.332,86.255,12.07,49.163,7.146,137.017,17.606
4.197,2.43,26.893,26.893,61.182,546953.468,2033.845,86.254,12.074,49.164,7.144,137.0,17.603
4.197,2.43,26.897,26.897,61.177,547160.015,2033.4,86.254,12.08,49.167,7.141,136.989,17.6
4.197,2.43,26.902,26.902,61.172,547352.066,2032.987,86.255,12.087,49.171,7.136,136.982,17.598
4.197,2.43,26.907,26.907,61.167,547533.718,2032.597,86.257,12.095,49.176,7.132,136.979,17.595
4.197,2.43,26.912,26.912,61.162,547708.646,2032.221,86.26,12.104,49.182,7.126,136.978,17.593
4.197,2.43,26.918,26.918,61.156,547880.431,2031.852,86.263,12.114,49.188,7.121,136.978,17.59
4.197,2.43,26.924,26.924,61.15,548052.757,2031.482,86.265,12.124,49.195,7.116,136.977,17.587
4.197,2.43,26.93,26.93,61.144,548229.535,2031.103,86.268,12.133,49.2,7.11,136.975,17.585
4.197,2.43,26.935,26.935,61.139,548414.676,2030.705,86.27,12.142,49.206,7.105,136.97,17.582
4.197,2.43,26.94,26.94,61.133,548609.072,2030.289,86.271,12.149,49.21,7.101,136.962,17.579
4.197,2.43,26.945,26.945,61.128,548811.285,2029.856,86.271,12.156,49.214,7.097,136.952,17.577
4.197,2.43,26.95,26.95,61.123,549019.805,2029.409,86.271,12.163,49.217,7.093,136.94,17.574
4.197,2.43,26.954,26.954,61.118,549233.15,2028.953,86.271,12.169,49.22,7.09,136.926,17.571
4.197,2.43,26.958,26.958,61.113,549449.898,2028.489,86.271,12.174,49.223,7.086,136.91,17.568
4.197,2.43,26.963,26.963,61.108,549668.717,2028.022,86.27,12.18,49.225,7.083,136.895,17.565
4.197,2.43,26.967,26.967,61.103,549888.372,2027.552,86.269,12.185,49.227,7.08,136.878,17.563
4.197,2.43,26.971,26.971,61.098,550107.734,2027.084,86.269,12.19,49.229,7.077,136.862,17.56
4.197,2.43,26.975,26.975,61.093,550325.768,2026.619,86.268,12.196,49.232,7.074,136.847,17.557
4.197,2.43,26.98,26.98,61.087,550541.529,2026.159,86.267,12.202,49.235,7.07,136.832,17.554
4.197,2.43,26.984,26.984,61.082,550754.136,2025.706,86.267,12.208,49.237,7.067,136.818,17.551
4.197,2.43,26.989,26.989,61.077,550962.757,2025.262,86.267,12.214,49.241,7.063,136.805,17.548
4.197,2.43,26.994,26.994,61.071,551166.581,2024.828,86.268,12.221,49.245,7.059,136.794,17.546
4.197,2.43,26.999,26.999,61.066,551364.851,2024.407,86.269,12.229,49.249,7.054,136.785,17.543
4.197,2.43,27.005,27.005,61.06,551559.498,2023.993,86.27,12.237,49.253,7.05,136.777,17.54
4.197,2.43,27.01,27.01,61.054,551756.181,2023.575,86.271,12.245,49.258,7.045,136.768,17.538
4.197,2.43,27.015,27.015,61.049,551960.723,2023.141,86.271,12.252,49.262,7.041,136.756,17.535
4.197,2.43,27.02,27.02,61.043,552178.758,2022.678,86.271,12.258,49.264,7.038,136.741,17.532
4.197,2.43,27.023,27.023,61.039,552415.459,2022.176,86.269,12.262,49.265,7.035,136.719,17.529
4.197,2.43,27.026,27.026,61.034,552675.098,2021.626,86.265,12.263,49.264,7.034,136.69,17.526
4.197,2.43,27.028,27.028,61.031,552960.031,2021.023,86.259,12.262,49.261,7.035,136.653,17.523
4.197,2.43,27.029,27.029,61.028,553263.273,2020.382,86.252,12.259,49.256,7.036,136.61,17.52
4.197,2.43,27.029,27.029,61.025,553572.338,2019.728,86.245,12.254,49.25,7.038,136.565,17.516
4.197,2.43,27.03,27.03,61.023,553877.446,2019.084,86.238,12.25,49.244,7.04,136.522,17.513
4.197,2.43,27.03,27.03,61.02,554171.741,2018.463,86.231,12.247,49.239,7.041,136.482,17.51
4.197,2.43,27.031,27.031,61.017,554450.729,2017.875,86.226,12.245,49.236,7.042,136.448,17.506
4.197,2.43,27.033,27.033,61.014,554711.542,2017.325,86.222,12.245,49.233,7.042,136.419,17.503
4.197,2.43,27.036,27.036,61.011,554952.192,2016.819,86.22,12.247,49.233,7.04,136.397,17.5
4.197,2.43,27.039,27.039,61.007,555171.616,2016.357,86.219,12.251,49.235,7.038,136.382,17.498
4.197,2.43,27.043,27.043,61.002,555373.247,2015.933,86.219,12.256,49.238,7.035,136.372,17.495
4.197,2.43,27.048,27.048,60.998,555561.634,2015.537,86.221,12.264,49.242,7.031,136.367,17.492
4.197,2.43,27.053,27.053,60.992,555740.591,2015.162,86.223,12.272,49.247,7.026,136.364,17.49
4.197,2.43,27.058,27.058,60.987,555913.602,2014.798,86.225,12.281,49.253,7.021,136.364,17.487
4.197,2.43,27.064,27.064,60.981,556084.098,2014.441,86.228,12.291,49.259,7.016,136.364,17.485
4.197,2.43,27.07,27.07,60.976,556255.643,2014.081,86.231,12.3,49.266,7.01,136.363,17.482
4.197,2.43,27.075,27.075,60.97,556432.025,2013.711,86.233,12.309,49.271,7.005,136.361,17.48
4.197,2.43,27.081,27.081,60.965,556617.062,2013.324,86.235,12.318,49.276,7.001,136.356,17.477
4.197,2.43,27.086,27.086,60.959,556811.536,2012.916,86.236,12.325,49.281,6.997,136.348,17.474
4.197,2.43,27.09,27.09,60.954,557013.637,2012.493,86.237,12.332,49.284,6.993,136.338,17.472
4.197,2.43,27.095,27.095,60.949,557221.471,2012.059,86.237,12.339,49.288,6.989,136.326,17.469
4.197,2.43,27.099,27.099,60.944,557433.197,2011.616,86.237,12.344,49.291,6.986,136.312,17.466
4.197,2.43,27.104,27.104,60.939,557647.068,2011.169,86.236,12.35,49.293,6.983,136.298,17.463
4.197,2.43,27.108,27.108,60.934,557861.453,2010.722,86.236,12.356,49.296,6.979,136.284,17.461
4.197,2.43,27.112,27.112,60.929,558074.847,2010.277,86.236,12.362,49.299,6.976,136.27,17.458
4.197,2.43,27.117,27.117,60.924,558286.534,2009.835,86.235,12.367,49.301,6.973,136.256,17.455
4.197,2.43,27.121,27.121,60.919,558497.217,2009.396,86.235,12.374,49.305,6.969,136.243,17.452
4.197,2.43,27.126,27.126,60.914,558707.711,2008.958,86.235,12.38,49.308,6.966,136.23,17.45
4.197,2.43,27.13,27.13,60.909,558918.778,2008.518,86.235,12.386,49.311,6.962,136.217,17.447
4.197,2.43,27.135,27.135,60.904,559131.129,2008.077,86.235,12.392,49.313,6.959,136.203,17.444
4.197,2.43,27.139,27.139,60.899,559345.431,2007.631,86.235,12.398,49.316,6.956,136.189,17.442
4.197,2.43,27.144,27.144,60.894,559562.303,2007.181,86.234,12.403,49.319,6.953,136.173,17.439
4.197,2.43,27.148,27.148,60.889,559781.823,2006.725,86.233,12.408,49.321,6.95,136.157,17.436
4.197,2.43,27.152,27.152,60.884,560002.497,2006.267,86.233,12.414,49.323,6.947,136.141,17.433
4.197,2.43,27.156,27.156,60.879,560222.648,2005.81,86.232,12.419,49.325,6.944,136.125,17.43
4.197,2.43,27.161,27.161,60.874,560440.751,2005.358,86.231,12.424,49.328,6.941,136.109,17.428
4.197,2.43,27.165,27.165,60.869,560655.413,2004.914,86.231,12.43,49.331,6.937,136.095,17.425
4.197,2.43,27.17,27.17,60.864,560865.336,2004.479,86.231,12.436,49.334,6.934,136.082,17.422
4.197,2.43,27.175,27.175,60.858,561069.28,2004.057,86.231,12.443,49.337,6.93,136.071,17.42
4.197,2.43,27.18,27.18,60.853,561267.204,2003.648,86.232,12.451,49.342,6.926,136.061,17.417
4.197,2.43,27.185,27.185,60.847,561463.939,2003.241,86.233,12.459,49.346,6.922,136.052,17.414
4.197,2.43,27.19,27.19,60.842,561665.423,2002.825,86.234,12.466,49.35,6.917,136.042,17.412
4.197,2.43,27.195,27.195,60.836,561877.415,2002.388,86.234,12.472,49.353,6.914,136.028,17.409
4.197,2.43,27.199,27.199,60.831,562105.333,2001.917,86.233,12.477,49.355,6.911,136.009,17.406
4.197,2.43,27.202,27.202,60.827,562353.907,2001.405,86.23,12.48,49.355,6.91,135.984,17.403
4.197,2.43,27.204,27.204,60.823,562626.683,2000.843,86.225,12.48,49.352,6.909,135.951,17.4
4.197,2.43,27.205,27.205,60.82,562922.387,2000.234,86.219,12.477,49.348,6.91,135.911,17.397
4.197,2.43,27.206,27.206,60.817,563229.591,1999.603,86.212,12.473,49.342,6.912,135.868,17.394
4.197,2.43,27.206,27.206,60.815,563537.316,1998.97,86.204,12.469,49.336,6.914,135.825,17.39
4.197,2.43,27.207,27.207,60.813,563837.524,1998.354,86.197,12.465,49.331,6.915,135.784,17.387
4.197,2.43,27.208,27.208,60.81,564124.793,1997.765,86.192,12.462,49.327,6.916,135.747,17.384
4.197,2.43,27.209,27.209,60.807,564395.66,1997.209,86.187,12.461,49.324,6.917,135.716,17.381
4.197,2.43,27.211,27.211,60.804,564647.9,1996.693,86.184,12.461,49.323,6.916,135.69,17.378
4.197,2.43,27.214,27.214,60.8,564879.87,1996.218,86.182,12.464,49.323,6.914,135.671,17.375
4.197,2.43,27.217,27.217,60.796,565091.867,1995.784,86.181,12.469,49.325,6.912,135.658,17.373
4.197,2.43,27.222,27.222,60.792,565288.182,1995.383,86.182,12.475,49.329,6.909,135.65,17.37
4.197,2.43,27.226,27.226,60.787,565472.827,1995.006,86.184,12.482,49.333,6.905,135.646,17.367
4.197,2.43,27.231,27.231,60.782,565649.243,1994.645,86.186,12.491,49.338,6.9,135.644,17.365
4.197,2.43,27.237,27.237,60.777,565820.637,1994.295,86.189,12.5,49.344,6.895,135.644,17.362
4.197,2.43,27.243,27.243,60.771,565990.215,1993.949,86.192,12.509,49.351,6.89,135.644,17.36
4.197,2.43,27.248,27.248,60.766,566161.331,1993.6,86.195,12.519,49.357,6.885,135.644,17.358
4.197,2.43,27.254,27.254,60.76,566337.557,1993.241,86.197,12.528,49.362,6.881,135.642,17.355
4.197,2.43,27.259,27.259,60.755,566522.289,1992.865,86.199,12.536,49.367,6.876,135.637,17.353
4.197,2.43,27.264,27.264,60.75,566715.798,1992.471,86.2,12.543,49.372,6.872,135.629,17.35
4.197,2.43,27.269,27.269,60.745,566916.706,1992.062,86.2,12.55,49.375,6.868,135.619,17.347
4.197,2.43,27.273,27.273,60.74,567123.61,1991.641,86.201,12.556,49.379,6.865,135.608,17.345
4.197,2.43,27.277,27.277,60.735,567335.135,1991.211,86.201,12.562,49.381,6.862,135.594,17.342
4.197,2.43,27.282,27.282,60.73,567549.965,1990.774,86.2,12.568,49.384,6.859,135.58,17.339
4.197,2.43,27.286,27.286,60.725,567766.868,1990.334,86.2,12.573,49.386,6.856,135.565,17.337
4.197,2.43,27.29,27.29,60.721,567984.699,1989.892,86.199,12.578,49.388,6.853,135.55,17.334
4.197,2.43,27.294,27.294,60.716,568202.413,1989.45,86.198,12.583,49.391,6.85,135.535,17.331
4.197,2.43,27.298,27.298,60.711,568419.055,1989.011,86.198,12.588,49.393,6.847,135.52,17.329
4.197,2.43,27.302,27.302,60.706,568633.753,1988.576,86.198,12.594,49.396,6.844,135.506,17.326
4.197,2.43,27.307,27.307,60.701,568845.699,1988.147,86.197,12.6,49.399,6.841,135.492,17.323
4.197,2.43,27.311,27.311,60.696,569054.134,1987.726,86.197,12.606,49.402,6.838,135.48,17.321
4.197,2.43,27.316,27.316,60.691,569258.324,1987.313,86.198,12.613,49.405,6.834,135.469,17.318
4.197,2.43,27.321,27.321,60.686,569457.54,1986.91,86.199,12.62,49.409,6.83,135.459,17.315
4.197,2.43,27.326,27.326,60.68,569651.848,1986.518,86.2,12.627,49.414,6.826,135.451,17.313
4.197,2.43,27.331,27.331,60.675,569845.422,1986.127,86.201,12.635,49.418,6.822,135.444,17.31
4.197,2.43,27.337,27.337,60.67,570043.637,1985.727,86.202,12.643,49.422,6.818,135.434,17.308
4.197,2.43,27.341,27.341,60.664,570251.752,1985.307,86.202,12.649,49.426,6.815,135.422,17.305
4.197,2.43,27.345,27.345,60.659,570474.76,1984.858,86.201,12.654,49.428,6.812,135.405,17.302
4.197,2.43,27.349,27.349,60.655,570717.083,1984.37,86.199,12.657,49.428,6.81,135.382,17.3
4.197,2.43,27.351,27.351,60.651,570982.148,1983.836,86.195,12.658,49.426,6.809,135.352,17.297
4.197,2.43,27.353,27.353,60.648,571270.528,1983.257,86.189,12.656,49.423,6.81,135.315,17.294
4.197,2.43,27.353,27.353,60.645,571572.991,1982.649,86.182,12.653,49.417,6.811,135.274,17.29
4.197,2.43,27.354,27.354,60.643,571878.488,1982.035,86.175,12.649,49.412,6.813,135.232,17.287
4.197,2.43,27.354,27.354,60.64,572178.688,1981.433,86.169,12.645,49.407,6.815,135.191,17.284
4.197,2.43,27.355,27.355,60.638,572467.829,1980.854,86.163,12.642,49.402,6.816,135.155,17.281
4.197,2.43,27.356,27.356,60.635,572742.172,1980.304,86.158,12.64,49.399,6.816,135.122,17.278
4.197,2.43,27.358,27.358,60.632,572999.337,1979.789,86.154,12.64,49.397,6.816,135.096,17.275
4.197,2.43,27.36,27.36,60.629,573237.68,1979.313,86.152,12.642,49.397,6.815,135.075,17.272
4.197,2.43,27.364,27.364,60.625,573456.183,1978.876,86.151,12.646,49.398,6.813,135.06,17.269
4.197,2.43,27.367,27.367,60.621,573657.629,1978.474,86.152,12.651,49.401,6.81,135.051,17.267
4.197,2.43,27.372,27.372,60.616,573846.162,1978.097,86.153,12.658,49.406,6.806,135.045,17.264
4.197,2.43,27.377,27.377,60.612,574025.23,1977.74,86.155,12.666,49.411,6.802,135.043,17.262
4.197,2.43,27.382,27.382,60.607,574197.936,1977.395,86.158,12.675,49.416,6.798,135.042,17.26
4.197,2.43,27.388,27.388,60.601,574367.285,1977.058,86.16,12.684,49.422,6.793,135.042,17.257
4.197,2.43,27.393,27.393,60.596,574536.366,1976.721,86.163,12.693,49.428,6.788,135.042,17.255
4.197,2.43,27.399,27.399,60.591,574708.456,1976.378,86.166,12.702,49.434,6.783,135.042,17.252
4.197,2.43,27.404,27.404,60.585,574887.045,1976.023,86.168,12.711,49.44,6.779,135.039,17.25
4.197,2.43,27.409,27.409,60.58,575074.576,1975.649,86.17,12.719,49.444,6.775,135.033,17.248
4.197,2.43,27.414,27.414,60.575,575270.264,1975.26,86.171,12.726,49.448,6.771,135.025,17.245
4.197,2.43,27.419,27.419,60.57,575472.756,1974.858,86.171,12.733,49.452,6.768,135.015,17.242
4.197,2.43,27.423,27.423,60.565,575680.698,1974.445,86.171,12.739,49.455,6.765,135.003,17.24
4.197,2.43,27.427,27.427,60.561,575892.778,1974.024,86.171,12.744,49.458,6.762,134.99,17.237
4.197,2.43,27.431,27.431,60.556,576107.749,1973.597,86.171,12.75,49.46,6.759,134.976,17.235
4.197,2.43,27.435,27.435,60.551,576324.443,1973.167,86.17,12.755,49.462,6.756,134.961,17.232
4.197,2.43,27.44,27.44,60.546,576541.785,1972.737,86.17,12.76,49.465,6.753,134.946,17.229
4.197,2.43,27.444,27.444,60.542,576758.79,1972.307,86.169,12.765,49.467,6.75,134.931,17.227
4.197,2.43,27.448,27.448,60.537,576974.554,1971.88,86.169,12.77,49.469,6.748,134.917,17.224
4.197,2.43,27.452,27.452,60.532,577188.253,1971.457,86.169,12.776,49.472,6.745,134.903,17.221
4.197,2.43,27.456,27.456,60.528,577399.118,1971.04,86.168,12.781,49.475,6.742,134.89,17.219
4.197,2.43,27.461,27.461,60.523,577606.426,1970.63,86.169,12.788,49.478,6.738,134.879,17.216
4.197,2.43,27.465,27.465,60.518,577809.473,1970.229,86.169,12.794,49.482,6.735,134.868,17.214
4.197,2.43,27.47,27.47,60.512,578007.557,1969.838,86.17,12.801,49.486,6.731,134.859,17.211
4.197,2.43,27.476,27.476,60.507,578201.079,1969.456,86.171,12.809,49.49,6.727,134.851,17.209
4.197,2.43,27.481,27.481,60.502,578394.431,1969.075,86.173,12.817,49.495,6.723,134.844,17.206
4.197,2.43,27.486,27.486,60.496,578592.798,1968.684,86.173,12.824,49.499,6.72,134.835,17.204
4.197,2.43,27.49,27.49,60.491,578801.244,1968.274,86.174,12.831,49.502,6.716,134.822,17.201
4.197,2.43,27.495,27.495,60.486,579024.56,1967.834,86.173,12.835,49.504,6.714,134.805,17.198
4.197,2.43,27.498,27.498,60.482,579266.969,1967.357,86.17,12.838,49.504,6.712,134.783,17.196
4.197,2.43,27.5,27.5,60.478,579531.71,1966.837,86.166,12.839,49.503,6.711,134.753,17.193
4.197,2.43,27.502,27.502,60.475,579819.277,1966.272,86.161,12.837,49.499,6.712,134.717,17.19
4.197,2.43,27.502,27.502,60.473,580120.699,1965.68,86.154,12.834,49.494,6.713,134.677,17.187
4.197,2.43,27.503,27.503,60.47,580425.217,1965.083,86.147,12.83,49.489,6.715,134.636,17.183
4.197,2.43,27.503,27.503,60.468,580724.702,1964.496,86.141,12.826,49.483,6.716,134.596,17.18
4.197,2.43,27.504,27.504,60.466,581013.518,1963.931,86.135,12.823,49.479,6.717,134.56,17.177
4.197,2.43,27.505,27.505,60.463,581288.002,1963.394,86.13,12.821,49.476,6.718,134.528,17.174
4.197,2.43,27.507,27.507,60.46,581545.834,1962.89,86.126,12.821,49.474,6.717,134.502,17.171
4.197,2.43,27.509,27.509,60.457,581785.437,1962.421,86.124,12.823,49.474,6.716,134.481,17.169
4.197,2.43,27.512,27.512,60.453,582005.654,1961.991,86.123,12.826,49.475,6.715,134.466,17.166
4.197,2.43,27.516,27.516,60.449,582208.519,1961.595,86.124,12.832,49.478,6.712,134.456,17.164
4.197,2.43,27.52,27.52,60.445,582398.155,1961.226,86.125,12.838,49.482,6.708,134.45,17.161
4.197,2.43,27.525,27.525,60.44,582578.019,1960.875,86.127,12.846,49.486,6.705,134.448,17.159
4.197,2.43,27.53,27.53,60.435,582751.188,1960.538,86.129,12.854,49.492,6.7,134.447,17.156
4.197,2.43,27.536,27.536,60.43,582920.61,1960.208,86.132,12.863,49.498,6.696,134.447,17.154
4.197,2.43,27.541,27.541,60.425,583089.295,1959.879,86.135,12.873,49.504,6.691,134.447,17.152
4.197,2.43,27.547,27.547,60.42,583260.424,1959.546,86.138,12.882,49.51,6.687,134.447,17.149
4.197,2.43,27.552,27.552,60.414,583437.388,1959.202,86.14,12.89,49.515,6.683,134.445,17.147
4.197,2.43,27.557,27.557,60.409,583623.272,1958.841,86.142,12.898,49.52,6.679,134.44,17.145
4.197,2.43,27.562,27.562,60.404,583817.832,1958.463,86.143,12.905,49.524,6.675,134.432,17.142
4.197,2.43,27.566,27.566,60.4,584019.354,1958.071,86.143,12.912,49.528,6.672,134.422,17.14
4.197,2.43,27.571,27.571,60.395,584226.126,1957.67,86.144,12.918,49.531,6.669,134.411,17.137
4.197,2.43,27.575,27.575,60.39,584436.491,1957.262,86.144,12.923,49.533,6.666,134.398,17.135
4.197,2.43,27.579,27.579,60.385,584648.879,1956.85,86.144,12.929,49.536,6.663,134.385,17.132
4.197,2.43,27.583,27.583,60.381,584861.831,1956.438,86.143,12.934,49.539,6.66,134.372,17.129
4.197,2.43,27.587,27.587,60.376,585073.992,1956.027,86.143,12.94,49.541,6.657,134.359,17.127
4.197,2.43,27.592,27.592,60.371,585284.515,1955.619,86.143,12.945,49.544,6.654,134.346,17.124
4.197,2.43,27.596,27.596,60.367,585493.916,1955.214,86.143,12.951,49.547,6.651,134.334,17.122
4.197,2.43,27.6,27.6,60.362,585702.941,1954.81,86.143,12.957,49.55,6.648,134.322,17.119
4.197,2.43,27.605,27.605,60.357,585912.28,1954.406,86.143,12.963,49.553,6.645,134.31,17.117
4.197,2.43,27.609,27.609,60.352,586122.583,1954.0,86.143,12.969,49.556,6.642,134.297,17.114
4.197,2.43,27.613,27.613,60.348,586334.453,1953.591,86.143,12.974,49.559,6.639,134.284,17.112
4.197,2.43,27.618,27.618,60.343,586548.457,1953.178,86.143,12.98,49.561,6.637,134.27,17.109
4.197,2.43,27.622,27.622,60.338,586765.067,1952.761,86.143,12.985,49.564,6.634,134.256,17.106
4.197,2.43,27.626,27.626,60.334,586983.695,1952.339,86.142,12.99,49.566,6.631,134.241,17.104
4.197,2.43,27.63,27.63,60.329,587202.804,1951.917,86.141,12.995,49.568,6.629,134.226,17.101
4.197,2.43,27.634,27.634,60.324,587420.952,1951.498,86.141,13.0,49.571,6.626,134.211,17.099
4.197,2.43,27.638,27.638,60.32,587636.827,1951.083,86.14,13.005,49.573,6.623,134.197,17.096
4.197,2.43,27.642,27.642,60.315,587849.225,1950.674,86.14,13.011,49.576,6.621,134.183,17.094
4.197,2.43,27.647,27.647,60.31,588057.024,1950.275,86.141,13.017,49.579,6.617,134.172,17.091
4.197,2.43,27.652,27.652,60.305,588259.142,1949.887,86.141,13.024,49.583,6.614,134.162,17.089
4.197,2.43,27.657,27.657,60.3,588455.681,1949.51,86.142,13.031,49.587,6.61,134.153,17.086
4.197,2.43,27.662,27.662,60.295,588651.071,1949.135,86.143,13.039,49.591,6.607,134.145,17.084
4.197,2.43,27.667,27.667,60.289,588850.607,1948.753,86.144,13.046,49.595,6.603,134.136,17.081
4.197,2.43,27.671,27.671,60.284,589059.426,1948.353,86.144,13.052,49.598,6.6,134.123,17.079
4.197,2.43,27.675,27.675,60.28,589282.385,1947.926,86.144,13.057,49.6,6.597,134.107,17.076
4.197,2.43,27.679,27.679,60.275,589523.783,1947.464,86.141,13.06,49.601,6.596,134.085,17.073
4.197,2.43,27.681,27.681,60.272,589786.975,1946.961,86.138,13.061,49.599,6.595,134.057,17.071
4.197,2.43,27.683,27.683,60.269,590073.022,1946.414,86.132,13.059,49.596,6.596,134.022,17.068
4.197,2.43,27.683,27.683,60.266,590373.944,1945.84,86.126,13.056,49.591,6.597,133.982,17.065
4.197,2.43,27.684,27.684,60.264,590678.952,1945.258,86.119,13.052,49.585,6.598,133.942,17.062
4.197,2.43,27.684,27.684,60.262,590979.789,1944.684,86.112,13.048,49.58,6.6,133.902,17.058
4.197,2.43,27.685,27.685,60.259,591270.683,1944.13,86.107,13.045,49.576,6.601,133.866,17.055
4.197,2.43,27.686,27.686,60.257,591547.871,1943.603,86.102,13.043,49.572,6.601,133.834,17.053
4.197,2.43,27.687,27.687,60.254,591808.992,1943.106,86.098,13.043,49.57,6.601,133.807,17.05
4.197,2.43,27.689,27.689,60.251,592052.502,1942.643,86.095,13.044,49.569,6.601,133.785,17.047
4.197,2.43,27.692,27.692,60.247,592277.196,1942.216,86.094,13.047,49.57,6.599,133.769,17.045
4.197,2.43,27.696,27.696,60.244,592484.027,1941.824,86.094,13.051,49.573,6.597,133.759,17.042
4.197,2.43,27.7,27.7,60.239,592676.922,1941.458,86.095,13.057,49.576,6.594,133.752,17.04
4.197,2.43,27.704,27.704,60.235,592859.321,1941.112,86.097,13.065,49.581,6.59,133.748,17.037
4.197,2.43,27.709,27.709,60.23,593034.201,1940.78,86.099,13.073,49.586,6.586,133.747,17.035
4.197,2.43,27.715,27.715,60.225,593204.347,1940.458,86.102,13.081,49.592,6.582,133.747,17.033
4.197,2.43,27.72,27.72,60.22,593372.538,1940.14,86.105,13.09,49.598,6.578,133.748,17.03
4.197,2.43,27.725,27.725,60.215,593541.681,1939.819,86.108,13.1,49.604,6.573,133.748,17.028
4.197,2.43,27.731,27.731,60.21,593714.875,1939.492,86.11,13.108,49.609,6.569,133.747,17.026
4.197,2.43,27.736,27.736,60.205,593895.363,1939.15,86.112,13.117,49.615,6.565,133.743,17.024
4.197,2.43,27.741,27.741,60.2,594084.563,1938.793,86.114,13.124,49.619,6.562,133.738,17.021
4.197,2.43,27.746,27.746,60.195,594281.377,1938.421,86.115,13.131,49.623,6.558,133.729,17.019
4.197,2.43,27.75,27.75,60.191,594484.517,1938.037,86.115,13.137,49.626,6.555,133.719,17.016
4.197,2.43,27.754,27.754,60.186,594692.708,1937.645,86.116,13.143,49.629,6.552,133.708,17.014
4.197,2.43,27.758,27.758,60.181,594904.717,1937.245,86.115,13.148,49.632,6.55,133.695,17.011
4.197,2.43,27.762,27.762,60.177,595119.379,1936.84,86.115,13.153,49.634,6.547,133.681,17.009
4.197,2.43,27.766,27.766,60.172,595335.607,1936.433,86.115,13.158,49.637,6.545,133.667,17.006
4.197,2.43,27.77,27.77,60.168,595552.401,1936.024,86.114,13.163,49.639,6.542,133.653,17.004
4.197,2.43,27.774,27.774,60.164,595768.847,1935.617,86.114,13.168,49.641,6.54,133.639,17.001
4.197,2.43,27.778,27.778,60.159,595984.113,1935.212,86.114,13.173,49.643,6.537,133.625,16.999
4.197,2.43,27.783,27.783,60.155,596197.438,1934.811,86.113,13.179,49.646,6.534,133.612,16.996
4.197,2.43,27.787,27.787,60.15,596408.117,1934.415,86.113,13.184,49.649,6.532,133.6,16.994
4.197,2.43,27.791,27.791,60.145,596615.485,1934.026,86.114,13.19,49.652,6.529,133.588,16.991
4.197,2.43,27.796,27.796,60.14,596818.901,1933.644,86.114,13.196,49.655,6.526,133.578,16.989
4.197,2.43,27.8,27.8,60.136,597017.726,1933.272,86.115,13.203,49.659,6.522,133.569,16.986
4.197,2.43,27.805,27.805,60.13,597211.729,1932.908,86.116,13.211,49.663,6.519,133.562,16.984
4.197,2.43,27.81,27.81,60.125,597404.121,1932.547,86.118,13.218,49.668,6.515,133.555,16.982
4.197,2.43,27.815,27.815,60.12,597599.733,1932.181,86.119,13.226,49.672,6.512,133.547,16.979
4.197,2.43,27.82,27.82,60.115,597803.3,1931.8,86.119,13.232,49.676,6.508,133.536,16.977
4.197,2.43,27.824,27.824,60.11,598019.369,1931.396,86.119,13.238,49.678,6.506,133.522,16.974
4.197,2.43,27.828,27.828,60.106,598252.079,1930.961,86.117,13.241,49.679,6.504,133.503,16.972
4.197,2.43,27.831,27.831,60.102,598504.83,1930.489,86.115,13.243,49.679,6.503,133.478,16.969
4.197,2.43,27.833,27.833,60.099,598779.82,1929.975,86.11,13.243,49.676,6.503,133.447,16.966
4.197,2.43,27.834,27.834,60.096,599073.511,1929.427,86.104,13.24,49.672,6.503,133.41,16.963
4.197,2.43,27.834,27.834,60.094,599375.433,1928.864,86.098,13.236,49.667,6.505,133.371,16.96
4.197,2.43,27.834,27.834,60.092,599676.638,1928.303,86.091,13.233,49.662,6.506,133.332,16.957
4.197,2.43,27.835,27.835,60.089,599970.611,1927.756,86.085,13.229,49.657,6.507,133.296,16.954
4.197,2.43,27.836,27.836,60.087,600252.958,1927.231,86.08,13.227,49.653,6.508,133.263,16.951
4.197,2.43,27.837,27.837,60.085,600520.878,1926.733,86.076,13.226,49.651,6.508,133.234,16.949
4.197,2.43,27.839,27.839,60.082,600772.601,1926.266,86.073,13.226,49.649,6.508,133.21,16.946
4.197,2.43,27.841,27.841,60.079,601006.886,1925.831,86.071,13.228,49.649,6.507,133.192,16.943
4.197,2.43,27.844,27.844,60.075,601222.917,1925.43,86.07,13.232,49.651,6.505,133.178,16.941
4.197,2.43,27.848,27.848,60.071,601423.066,1925.059,86.071,13.237,49.654,6.502,133.17,16.938
4.197,2.43,27.852,27.852,60.067,601611.026,1924.711,86.072,13.243,49.658,6.499,133.165,16.936
4.197,2.43,27.857,27.857,60.063,601789.868,1924.379,86.074,13.251,49.662,6.496,133.162,16.934
4.197,2.43,27.862,27.862,60.058,601962.327,1924.06,86.077,13.259,49.668,6.492,133.161,16.932
4.197,2.43,27.867,27.867,60.053,602131.025,1923.748,86.079,13.268,49.674,6.488,133.162,16.929
4.197,2.43,27.873,27.873,60.048,602298.63,1923.438,86.082,13.277,49.68,6.484,133.163,16.927
4.197,2.43,27.878,27.878,60.043,602467.955,1923.125,86.085,13.286,49.685,6.48,133.163,16.925
4.197,2.43,27.883,27.883,60.038,602642.012,1922.803,86.088,13.294,49.691,6.476,133.161,16.923
4.197,2.43,27.888,27.888,60.033,602823.828,1922.468,86.09,13.302,49.696,6.472,133.158,16.92
4.197,2.43,27.893,27.893,60.028,603014.107,1922.116,86.091,13.31,49.7,6.468,133.151,16.918
4.197,2.43,27.898,27.898,60.024,603211.663,1921.752,86.092,13.316,49.704,6.465,133.143,16.916
4.197,2.43,27.902,27.902,60.019,603415.243,1921.376,86.092,13.322,49.707,6.462,133.133,16.913
4.197,2.43,27.906,27.906,60.014,603623.615,1920.992,86.093,13.328,49.71,6.46,133.122,16.911
4.197,2.43,27.91,27.91,60.01,603835.592,1920.602,86.093,13.333,49.713,6.457,133.109,16.908
4.197,2.43,27.918,27.918,60.005,603835.592,1920.602,86.106,13.353,49.729,6.449,133.162,16.907
4.197,2.43,27.927,27.927,60.001,603835.592,1920.602,86.12,13.372,49.746,6.44,133.214,16.906
4.197,2.43,27.935,27.935,59.996,603835.592,1920.602,86.134,13.391,49.763,6.432,133.267,16.905
4.197,2.43,27.943,27.943,59.991,603835.592,1920.602,86.148,13.411,49.779,6.424,133.32,16.903
4.197,2.43,27.951,27.951,59.987,603835.592,1920.602,86.162,13.431,49.796,6.415,133.372,16.902
4.197,2.43,27.959,27.959,59.982,603835.592,1920.602,86.176,13.45,49.813,6.407,133.425,16.901
4.197,2.43,27.967,27.967,59.978,603835.592,1920.602,86.19,13.47,49.83,6.399,133.478,16.899
4.197,2.43,27.975,27.975,59.973,603835.592,1920.602,86.204,13.489,49.846,6.391,133.531,16.898
4.197,2.43,27.983,27.983,59.968,603835.592,1920.602,86.218,13.509,49.863,6.382,133.584,16.897
4.197,2.43,27.991,27.991,59.963,603835.592,1920.602,86.232,13.529,49.88,6.374,133.637,16.895
4.197,2.43,27.999,27.999,59.959,603835.592,1920.602,86.246,13.548,49.897,6.366,133.69,16.894
4.197,2.43,28.007,28.007,59.954,603835.592,1920.602,86.26,13.568,49.914,6.358,133.743,16.893
4.197,2.43,28.016,28.016,59.949,603835.592,1920.602,86.274,13.588,49.931,6.349,133.797,16.891
4.197,2.43,28.024,28.024,59.945,603835.592,1920.602,86.288,13.607,49.947,6.341,133.85,16.89
4.197,2.43,28.032,28.032,59.94,603835.592,1920.602,86.302,13.627,49.964,6.333,133.903,16.889
4.197,2.43,28.04,28.04,59.935,603835.592,1920.602,86.316,13.647,49.981,6.325,133.957,16.887
4.197,2.43,28.048,28.048,59.931,603835.592,1920.602,86.33,13.667,49.998,6.317,134.01,16.886
4.197,2.43,28.056,28.056,59.926,603835.592,1920.602,86.344,13.686,50.015,6.309,134.063,16.885
4.197,2.43,28.065,28.065,59.921,603835.592,1920.602,86.358,13.706,50.032,6.301,134.117,16.883
4.197,2.43,28.073,28.073,59.916,603835.592,1920.602,86.372,13.726,50.049,6.293,134.17,16.882
4.197,2.43,28.081,28.081,59.912,603835.592,1920.602,86.386,13.746,50.066,6.285,134.224,16.881
4.197,2.43,28.089,28.089,59.907,603835.592,1920.602,86.4,13.766,50.083,6.276,134.278,16.879
4.197,2.43,28.097,28.097,59.902,603835.592,1920.602,86.414,13.786,50.1,6.268,134.331,16.878
4.197,2.43,28.106,28.106,59.897,603835.592,1920.602,86.428,13.805,50.117,6.26,134.385,16.877
4.197,2.43,28.114,28.114,59.893,603835.592,1920.602,86.443,13.825,50.134,6.252,134.439,16.875
4.197,2.43,28.122,28.122,59.888,603835.592,1920.602,86.457,13.845,50.151,6.244,134.493,16.874
4.197,2.43,28.13,28.13,59.883,603835.592,1920.602,86.471,13.865,50.168,6.237,134.547,16.873
4.197,2.43,28.138,28.138,59.878,603835.592,1920.602,86.485,13.885,50.185,6.229,134.6,16.871
4.197,2.43,28.147,28.147,59.873,603835.592,1920.602,86.499,13.905,50.202,6.221,134.654,16.87
4.197,2.43,28.155,28.155,59.869,603835.592,1920.602,86.513,13.925,50.219,6.213,134.708,16.869
4.197,2.43,28.163,28.163,59.864,603835.592,1920.602,86.528,13.945,50.236,6.205,134.762,16.867
4.197,2.43,28.171,28.171,59.859,603835.592,1920.602,86.542,13.965,50.253,6.197,134.816,16.866
4.197,2.43,28.18,28.18,59.854,603835.592,1920.602,86.556,13.985,50.271,6.189,134.87,16.865
4.197,2.43,28.188,28.188,59.85,603835.592,1920.602,86.57,14.005,50.288,6.181,134.924,16.863
4.197,2.43,28.196,28.196,59.845,603835.592,1920.602,86.584,14.025,50.305,6.173,134.979,16.862
4.197,2.43,28.205,28.205,59.84,603835.592,1920.602,86.599,14.045,50.322,6.166,135.033,16.861
4.197,2.43,28.213,28.213,59.835,603835.592,1920.602,86.613,14.065,50.339,6.158,135.087,16.859
4.197,2.43,28.221,28.221,59.83,603835.592,1920.602,86.627,14.086,50.356,6.15,135.141,16.858
4.197,2.43,28.229,28.229,59.825,603835.592,1920.602,86.641,14.106,50.374,6.142,135.195,16.856
4.197,2.43,28.238,28.238,59.821,603835.592,1920.602,86.656,14.126,50.391,6.135,135.25,16.855
4.197,2.43,28.246,28.246,59.816,603835.592,1920.602,86.67,14.146,50.408,6.127,135.304,16.854
4.197,2.43,28.254,28.254,59.811,603835.592,1920.602,86.684,14.166,50.425,6.119,135.358,16.852
4.197,2.43,28.263,28.263,59.806,603835.592,1920.602,86.699,14.186,50.442,6.111,135.413,16.851
4.197,2.43,28.271,28.271,59.801,603835.592,1920.602,86.713,14.206,50.46,6.104,135.467,16.85
4.197,2.43,28.279,28.279,59.796,603835.592,1920.602,86.727,14.227,50.477,6.096,135.522,16.848
4.197,2.43,28.288,28.288,59.792,603835.592,1920.602,86.741,14.247,50.494,6.088,135.576,16.847
4.197,2.43,28.296,28.296,59.787,603835.592,1920.602,86.756,14.267,50.511,6.081,135.631,16.846
4.197,2.43,28.304,28.304,59.782,603835.592,1920.602,86.77,14.287,50.529,6.073,135.685,16.844
4.197,2.43,28.313,28.313,59.777,603835.592,1920.602,86.784,14.307,50.546,6.066,135.74,16.843
4.197,2.43,28.321,28.321,59.772,603835.592,1920.602,86.799,14.328,50.563,6.058,135.794,16.841
4.197,2.43,28.329,28.329,59.767,603835.592,1920.602,86.813,14.348,50.58,6.051,135.849,16.84
4.197,2.43,28.338,28.338,59.762,603835.592,1920.602,86.827,14.368,50.598,6.043,135.904,16.839
4.197,2.43,28.346,28.346,59.757,603835.592,1920.602,86.842,14.388,50.615,6.036,135.958,16.837
4.197,2.43,28.354,28.354,59.753,603835.592,1920.602,86.856,14.409,50.632,6.028,136.013,16.836
4.197,2.43,28.363,28.363,59.748,603835.592,1920.602,86.871,14.429,50.65,6.021,136.068,16.835
4.197,2.43,28.371,28.371,59.743,603835.592,1920.602,86.885,14.449,50.667,6.013,136.122,16.833
4.197,2.43,28.38,28.38,59.738,603835.592,1920.602,86.899,14.47,50.684,6.006,136.177,16.832
4.197,2.43,28.388,28.388,59.733,603835.592,1920.602,86.914,14.49,50.702,5.998,136.232,16.83
4.197,2.43,28.396,28.396,59.728,603835.592,1920.602,86.928,14.51,50.719,5.991,136.287,16.829
4.197,2.43,28.405,28.405,59.723,603835.592,1920.602,86.942,14.531,50.737,5.983,136.342,16.828
4.197,2.43,28.413,28.413,59.718,603835.592,1920.602,86.957,14.551,50.754,5.976,136.397,16.826
4.197,2.43,28.421,28.421,59.713,603835.592,1920.602,86.971,14.571,50.771,5.969,136.451,16.825
4.197,2.43,28.43,28.43,59.709,603835.592,1920.602,86.986,14.592,50.789,5.961,136.506,16.824
4.197,2.43,28.438,28.438,59.704,603835.592,1920.602,87.0,14.612,50.806,5.954,136.561,16.822
4.197,2.43,28.447,28.447,59.699,603835.592,1920.602,87.014,14.632,50.823,5.947,136.616,16.821
4.197,2.43,28.455,28.455,59.694,603835.592,1920.602,87.029,14.653,50.841,5.939,136.671,16.819
4.197,2.43,28.463,28.463,59.689,603835.592,1920.602,87.043,14.673,50.858,5.932,136.726,16.818
4.197,2.43,28.472,28.472,59.684,603835.592,1920.602,87.058,14.694,50.876,5.925,136.781,16.817
4.197,2.43,28.48,28.48,59.679,603835.592,1920.602,87.072,14.714,50.893,5.918,136.836,16.815
4.197,2.43,28.489,28.489,59.674,603835.592,1920.602,87.087,14.734,50.91,5.91,136.891,16.814
4.197,2.43,28.497,28.497,59.669,603835.592,1920.602,87.101,14.755,50.928,5.903,136.946,16.812
4.197,2.43,28.505,28.505,59.664,603835.592,1920.602,87.116,14.775,50.945,5.896,137.001,16.811
4.197,2.43,28.514,28.514,59.659,603835.592,1920.602,87.13,14.796,50.963,5.889,137.056,16.81
4.197,2.43,28.522,28.522,59.654,603835.592,1920.602,87.144,14.816,50.98,5.882,137.111,16.808
4.197,2.43,28.531,28.531,59.65,603835.592,1920.602,87.159,14.836,50.998,5.875,137.167,16.807
4.197,2.43,28.539,28.539,59.645,603835.592,1920.602,87.173,14.857,51.015,5.868,137.222,16.806
4.197,2.43,28.548,28.548,59.64,603835.592,1920.602,87.188,14.877,51.033,5.86,137.277,16.804
4.197,2.43,28.556,28.556,59.635,603835.592,1920.602,87.202,14.898,51.05,5.853,137.332,16.803
4.197,2.43,28.564,28.564,59.63,603835.592,1920.602,87.217,14.918,51.068,5.846,137.387,16.801
4.197,2.43,28.573,28.573,59.625,603835.592,1920.602,87.231,14.939,51.085,5.839,137.442,16.8
4.197,2.43,28.581,28.581,59.62,603835.592,1920.602,87.246,14.959,51.103,5.832,137.498,16.799
4.197,2.43,28.59,28.59,59.615,603835.592,1920.602,87.26,14.98,51.12,5.825,137.553,16.797
4.197,2.43,28.598,28.598,59.61,603835.592,1920.602,87.275,15.0,51.138,5.818,137.608,16.796
4.197,2.43,28.607,28.607,59.605,603835.592,1920.602,87.289,15.021,51.155,5.811,137.663,16.794
4.197,2.43,28.615,28.615,59.6,603835.592,1920.602,87.304,15.041,51.173,5.804,137.719,16.793
4.197,2.43,28.624,28.624,59.595,603835.592,1920.602,87.318,15.062,51.19,5.797,137.774,16.792
4.197,2.43,28.632,28.632,59.59,603835.592,1920.602,87.333,15.082,51.208,5.79,137.829,16.79
4.197,2.43,28.641,28.641,59.585,603835.592,1920.602,87.347,15.103,51.225,5.784,137.885,16.789
4.197,2.43,28.649,28.649,59.58,603835.592,1920.602,87.362,15.123,51.243,5.777,137.94,16.787
4.197,2.43,28.657,28.657,59.575,603835.592,1920.602,87.376,15.144,51.26,5.77,137.995,16.786
4.197,2.43,28.666,28.666,59.57,603835.592,1920.602,87.391,15.164,51.278,5.763,138.051,16.785
4.197,2.43,28.674,28.674,59.565,603835.592,1920.602,87.405,15.185,51.295,5.756,138.106,16.783
4.197,2.43,28.683,28.683,59.56,603835.592,1920.602,87.42,15.206,51.313,5.749,138.161,16.782
4.197,2.43,28.691,28.691,59.555,603835.592,1920.602,87.435,15.226,51.33,5.742,138.217,16.78
4.197,2.43,28.7,28.7,59.551,603835.592,1920.602,87.449,15.247,51.348,5.736,138.272,16.779
4.197,2.43,28.708,28.708,59.546,603835.592,1920.602,87.464,15.267,51.365,5.729,138.328,16.778
4.197,2.43,28.717,28.717,59.541,603835.592,1920.602,87.478,15.288,51.383,5.722,138.383,16.776
4.197,2.43,28.725,28.725,59.536,603835.592,1920.602,87.493,15.308,51.4,5.715,138.438,16.775
4.197,2.43,28.734,28.734,59.531,603835.592,1920.602,87.507,15.329,51.418,5.709,138.494,16.773
4.197,2.43,28.742,28.742,59.526,603835.592,1920.602,87.522,15.349,51.436,5.702,138.549,16.772
4.197,2.43,28.751,28.751,59.521,603835.592,1920.602,87.536,15.37,51.453,5.695,138.605,16.771
4.197,2.43,28.759,28.759,59.516,603835.592,1920.602,87.551,15.391,51.471,5.689,138.66,16.769
4.197,2.43,28.768,28.768,59.511,603835.592,1920.602,87.565,15.411,51.488,5.682,138.716,16.768
4.197,2.43,28.776,28.776,59.506,603835.592,1920.602,87.58,15.432,51.506,5.675,138.771,16.766
4.197,2.43,28.785,28.785,59.501,603835.592,1920.602,87.595,15.452,51.523,5.669,138.827,16.765
4.197,2.43,28.793,28.793,59.496,603835.592,1920.602,87.609,15.473,51.541,5.662,138.882,16.764
4.197,2.43,28.802,28.802,59.491,603835.592,1920.602,87.624,15.494,51.559,5.655,138.938,16.762
4.197,2.43,28.81,28.81,59.486,603835.592,1920.602,87.638,15.514,51.576,5.649,138.993,16.761
4.197,2.43,28.819,28.819,59.481,603835.592,1920.602,87.653,15.535,51.594,5.642,139.049,16.759
4.197,2.43,28.827,28.827,59.476,603835.592,1920.602,87.667,15.555,51.611,5.636,139.105,16.758
4.197,2.43,28.836,28.836,59.471,603835.592,1920.602,87.682,15.576,51.629,5.629,139.16,16.757
4.197,2.43,28.844,28.844,59.466,603835.592,1920.602,87.697,15.597,51.647,5.623,139.216,16.755
4.197,2.43,28.853,28.853,59.461,603835.592,1920.602,87.711,15.617,51.664,5.616,139.271,16.754
4.197,2.43,28.861,28.861,59.456,603835.592,1920.602,87.726,15.638,51.682,5.61,139.327,16.752
4.197,2.43,28.87,28.87,59.451,603835.592,1920.602,87.74,15.659,51.699,5.603,139.382,16.751
4.197,2.43,28.878,28.878,59.446,603835.592,1920.602,87.755,15.679,51.717,5.597,139.438,16.75
4.197,2.43,28.887,28.887,59.441,603835.592,1920.602,87.769,15.7,51.735,5.59,139.494,16.748
4.197,2.43,28.895,28.895,59.436,603835.592,1920.602,87.784,15.72,51.752,5.584,139.549,16.747
4.197,2.43,28.904,28.904,59.431,603835.592,1920.602,87.799,15.741,51.77,5.578,139.605,16.745
4.197,2.43,28.912,28.912,59.426,603835.592,1920.602,87.813,15.762,51.788,5.571,139.661,16.744
4.197,2.43,28.921,28.921,59.421,603835.592,1920.602,87.828,15.782,51.805,5.565,139.716,16.743
4.197,2.43,28.929,28.929,59.416,603835.592,1920.602,87.842,15.803,51.823,5.559,139.772,16.741
4.197,2.43,28.938,28.938,59.411,603835.592,1920.602,87.857,15.824,51.84,5.552,139.828,16.74
4.197,2.43,28.946,28.946,59.406,603835.592,1920.602,87.872,15.844,51.858,5.546,139.883,16.738
4.197,2.43,28.955,28.955,59.401,603835.592,1920.602,87.886,15.865,51.876,5.54,139.939,16.737
4.197,2.43,28.963,28.963,59.396,603835.592,1920.602,87.901,15.886,51.893,5.533,139.995,16.735
4.197,2.43,28.972,28.972,59.391,603835.592,1920.602,87.915,15.906,51.911,5.527,140.05,16.734
4.197,2.43,28.98,28.98,59.386,603835.592,1920.602,87.93,15.927,51.929,5.521,140.106,16.733
4.197,2.43,28.989,28.989,59.381,603835.592,1920.602,87.945,15.948,51.946,5.515,140.162,16.731
4.197,2.43,28.997,28.997,59.376,603835.592,1920.602,87.959,15.968,51.964,5.508,140.217,16.73
4.197,2.43,29.006,29.006,59.371,603835.592,1920.602,87.974,15.989,51.981,5.502,140.273,16.728
4.197,2.43,29.014,29.014,59.366,603835.592,1920.602,87.989,16.01,51.999,5.496,140.329,16.727
4.197,2.43,29.023,29.023,59.361,603835.592,1920.602,88.003,16.03,52.017,5.49,140.385,16.726
4.197,2.43,29.031,29.031,59.356,603835.592,1920.602,88.018,16.051,52.034,5.484,140.44,16.724
4.197,2.43,29.04,29.04,59.351,603835.592,1920.602,88.032,16.072,52.052,5.477,140.496,16.723
4.197,2.43,29.048,29.048,59.346,603835.592,1920.602,88.047,16.092,52.07,5.471,140.552,16.721
4.197,2.43,29.057,29.057,59.341,603835.592,1920.602,88.062,16.113,52.087,5.465,140.607,16.72
4.197,2.43,29.065,29.065,59.336,603835.592,1920.602,88.076,16.134,52.105,5.459,140.663,16.719
4.197,2.43,29.074,29.074,59.331,603835.592,1920.602,88.091,16.154,52.123,5.453,140.719,16.717
4.197,2.43,29.082,29.082,59.326,603835.592,1920.602,88.106,16.175,52.14,5.447,140.775,16.716
4.197,2.43,29.091,29.091,59.321,603835.592,1920.602,88.12,16.196,52.158,5.441,140.831,16.714
4.197,2.43,29.099,29.099,59.316,603835.592,1920.602,88.135,16.216,52.176,5.435,140.886,16.713
4.197,2.43,29.108,29.108,59.311,603835.592,1920.602,88.149,16.237,52.193,5.429,140.942,16.712
4.197,2.43,29.116,29.116,59.306,603835.592,1920.602,88.164,16.258,52.211,5.423,140.998,16.71
4.197,2.43,29.125,29.125,59.301,603835.592,1920.602,88.179,16.279,52.229,5.417,141.054,16.709
4.197,2.43,29.134,29.134,59.296,603835.592,1920.602,88.193,16.299,52.246,5.411,141.109,16.707
4.197,2.43,29.142,29.142,59.291,603835.592,1920.602,88.208,16.32,52.264,5.405,141.165,16.706
4.197,2.43,29.151,29.151,59.286,603835.592,1920.602,88.223,16.341,52.282,5.399,141.221,16.705
4.197,2.43,29.159,29.159,59.281,603835.592,1920.602,88.237,16.361,52.299,5.393,141.277,16.703
4.197,2.43,29.168,29.168,59.276,603835.592,1920.602,88.252,16.382,52.317,5.387,141.333,16.702
4.197,2.43,29.176,29.176,59.271,603835.592,1920.602,88.267,16.403,52.335,5.381,141.388,16.7
4.197,2.43,29.185,29.185,59.266,603835.592,1920.602,88.281,16.423,52.352,5.375,141.444,16.699
4.197,2.43,29.193,29.193,59.261,603835.592,1920.602,88.296,16.444,52.37,5.369,141.5,16.698
4.197,2.43,29.202,29.202,59.256,603835.592,1920.602,88.311,16.465,52.388,5.364,141.556,16.696
4.197,2.43,29.21,29.21,59.251,603835.592,1920.602,88.325,16.486,52.405,5.358,141.612,16.695
4.197,2.43,29.219,29.219,59.246,603835.592,1920.602,88.34,16.506,52.423,5.352,141.668,16.693
4.197,2.43,29.227,29.227,59.241,603835.592,1920.602,88.355,16.527,52.441,5.346,141.723,16.692
4.197,2.43,29.236,29.236,59.236,603835.592,1920.602,88.369,16.548,52.458,5.34,141.779,16.69
4.197,2.43,29.244,29.244,59.231,603835.592,1920.602,88.384,16.568,52.476,5.334,141.835,16.689
4.197,2.43,29.253,29.253,59.226,603835.592,1920.602,88.398,16.589,52.494,5.329,141.891,16.688
4.197,2.43,29.262,29.262,59.221,603835.592,1920.602,88.413,16.61,52.511,5.323,141.947,16.686
4.197,2.43,29.27,29.27,59.216,603835.592,1920.602,88.428,16.631,52.529,5.317,142.003,16.685
4.197,2.43,29.279,29.279,59.211,603835.592,1920.602,88.442,16.651,52.547,5.311,142.058,16.683
4.197,2.43,29.287,29.287,59.206,603835.592,1920.602,88.457,16.672,52.565,5.306,142.114,16.682
4.197,2.43,29.296,29.296,59.201,603835.592,1920.602,88.472,16.693,52.582,5.3,142.17,16.681
4.197,2.43,29.304,29.304,59.196,603835.592,1920.602,88.486,16.713,52.6,5.294,142.226,16.679
4.197,2.43,29.313,29.313,59.191,603835.592,1920.602,88.501,16.734,52.618,5.289,142.282,16.678
4.197,2.43,29.321,29.321,59.186,603835.592,1920.602,88.516,16.755,52.635,5.283,142.338,16.676
4.197,2.43,29.33,29.33,59.182,603835.592,1920.602,88.53,16.775,52.653,5.277,142.394,16.675
4.197,2.43,29.338,29.338,59.177,603835.592,1920.602,88.545,16.796,52.671,5.272,142.45,16.674
4.197,2.43,29.347,29.347,59.172,603835.592,1920.602,88.56,16.817,52.688,5.266,142.505,16.672
4.197,2.43,29.355,29.355,59.167,603835.592,1920.602,88.575,16.838,52.706,5.261,142.561,16.671
4.197,2.43,29.364,29.364,59.162,603835.592,1920.602,88.589,16.858,52.724,5.255,142.617,16.669
4.197,2.43,29.373,29.373,59.157,603835.592,1920.602,88.604,16.879,52.741,5.249,142.673,16.668
4.197,2.43,29.381,29.381,59.152,603835.592,1920.602,88.619,16.9,52.759,5.244,142.729,16.667
4.197,2.43,29.39,29.39,59.147,603835.592,1920.602,88.633,16.921,52.777,5.238,142.785,16.665
4.197,2.43,29.398,29.398,59.142,603835.592,1920.602,88.648,16.941,52.795,5.233,142.841,16.664
4.197,2.43,29.407,29.407,59.137,603835.592,1920.602,88.663,16.962,52.812,5.227,142.897,16.662
4.197,2.43,29.415,29.415,59.132,603835.592,1920.602,88.677,16.983,52.83,5.222,142.952,16.661
4.197,2.43,29.424,29.424,59.127,603835.592,1920.602,88.692,17.003,52.848,5.216,143.008,16.66
4.197,2.43,29.432,29.432,59.122,603835.592,1920.602,88.707,17.024,52.865,5.211,143.064,16.658
4.197,2.43,29.441,29.441,59.117,603835.592,1920.602,88.721,17.045,52.883,5.205,143.12,16.657
4.197,2.43,29.449,29.449,59.112,603835.592,1920.602,88.736,17.066,52.901,5.2,143.176,16.655
4.197,2.43,29.458,29.458,59.107,603835.592,1920.602,88.751,17.086,52.918,5.194,143.232,16.654
4.197,2.43,29.467,29.467,59.102,603835.592,1920.602,88.765,17.107,52.936,5.189,143.288,16.653
4.197,2.43,29.475,29.475,59.097,603835.592,1920.602,88.78,17.128,52.954,5.183,143.344,16.651
4.197,2.43,29.484,29.484,59.092,603835.592,1920.602,88.795,17.148,52.972,5.178,143.4,16.65
4.197,2.43,29.492,29.492,59.087,603835.592,1920.602,88.809,17.169,52.989,5.173,143.456,16.648
4.197,2.43,29.501,29.501,59.082,603835.592,1920.602,88.824,17.19,53.007,5.167,143.512,16.647
4.197,2.43,29.509,29.509,59.077,603835.592,1920.602,88.839,17.211,53.025,5.162,143.567,16.646
4.197,2.43,29.518,29.518,59.072,603835.592,1920.602,88.854,17.231,53.042,5.157,143.623,16.644
4.197,2.43,29.526,29.526,59.067,603835.592,1920.602,88.868,17.252,53.06,5.151,143.679,16.643
4.197,2.43,29.535,29.535,59.062,603835.592,1920.602,88.883,17.273,53.078,5.146,143.735,16.641
4.197,2.43,29.544,29.544,59.057,603835.592,1920.602,88.898,17.293,53.096,5.141,143.791,16.64
4.197,2.43,29.552,29.552,59.052,603835.592,1920.602,88.912,17.314,53.113,5.135,143.847,16.639
4.197,2.43,29.561,29.561,59.047,603835.592,1920.602,88.927,17.335,53.131,5.13,143.903,16.637
4.197,2.43,29.569,29.569,59.042,603835.592,1920.602,88.942,17.356,53.149,5.125,143.959,16.636
4.197,2.43,29.578,29.578,59.037,603835.592,1920.602,88.956,17.376,53.166,5.119,144.015,16.634
4.197,2.43,29.586,29.586,59.032,603835.592,1920.602,88.971,17.397,53.184,5.114,144.071,16.633
4.197,2.43,29.595,29.595,59.027,603835.592,1920.602,88.986,17.418,53.202,5.109,144.127,16.632
4.197,2.43,29.603,29.603,59.022,603835.592,1920.602,89.001,17.438,53.22,5.104,144.183,16.63
4.197,2.43,29.612,29.612,59.018,603835.592,1920.602,89.015,17.459,53.237,5.098,144.239,16.629
4.197,2.43,29.62,29.62,59.013,603835.592,1920.602,89.03,17.48,53.255,5.093,144.295,16.627
4.197,2.43,29.629,29.629,59.008,603835.592,1920.602,89.045,17.501,53.273,5.088,144.35,16.626
4.197,2.43,29.638,29.638,59.003,603835.592,1920.602,89.059,17.521,53.29,5.083,144.406,16.625
4.197,2.43,29.646,29.646,58.998,603835.592,1920.602,89.074,17.542,53.308,5.078,144.462,16.623
4.197,2.43,29.655,29.655,58.993,603835.592,1920.602,89.089,17.563,53.326,5.073,144.518,16.622
4.197,2.43,29.663,29.663,58.988,603835.592,1920.602,89.104,17.583,53.344,5.067,144.574,16.62
4.197,2.43,29.672,29.672,58.983,603835.592,1920.602,89.118,17.604,53.361,5.062,144.63,16.619
4.197,2.43,29.68,29.68,58.978,603835.592,1920.602,89.133,17.625,53.379,5.057,144.686,16.618
4.197,2.43,29.689,29.689,58.973,603835.592,1920.602,89.148,17.646,53.397,5.052,144.742,16.616
4.197,2.43,29.697,29.697,58.968,603835.592,1920.602,89.163,17.666,53.414,5.047,144.798,16.615
4.197,2.43,29.706,29.706,58.963,603835.592,1920.602,89.177,17.687,53.432,5.042,144.854,16.614
4.197,2.43,29.715,29.715,58.958,603835.592,1920.602,89.192,17.708,53.45,5.037,144.91,16.612
4.197,2.43,29.723,29.723,58.953,603835.592,1920.602,89.207,17.728,53.468,5.032,144.966,16.611
4.197,2.43,29.732,29.732,58.948,603835.592,1920.602,89.221,17.749,53.485,5.027,145.022,16.609
4.197,2.43,29.74,29.74,58.943,603835.592,1920.602,89.236,17.77,53.503,5.022,145.078,16.608
4.197,2.43,29.749,29.749,58.939,603835.592,1920.602,89.251,17.791,53.521,5.017,145.134,16.607
4.197,2.43,29.757,29.757,58.934,603835.592,1920.602,89.266,17.811,53.538,5.012,145.19,16.605
4.197,2.43,29.766,29.766,58.929,603835.592,1920.602,89.28,17.832,53.556,5.007,145.246,16.604
4.197,2.43,29.774,29.774,58.924,603835.592,1920.602,89.295,17.853,53.574,5.002,145.302,16.602
4.197,2.43,29.783,29.783,58.919,603835.592,1920.602,89.31,17.873,53.592,4.997,145.358,16.601
4.197,2.43,29.792,29.792,58.914,603835.592,1920.602,89.325,17.894,53.609,4.992,145.413,16.6
4.197,2.43,29.8,29.8,58.909,603835.592,1920.602,89.339,17.915,53.627,4.987,145.469,16.598
4.197,2.43,29.809,29.809,58.904,603835.592,1920.602,89.354,17.935,53.645,4.982,145.525,16.597
4.197,2.43,29.817,29.817,58.899,603835.592,1920.602,89.369,17.956,53.662,4.977,145.581,16.595
4.197,2.43,29.826,29.826,58.894,603835.592,1920.602,89.384,17.977,53.68,4.972,145.637,16.594
4.197,2.43,29.834,29.834,58.889,603835.592,1920.602,89.398,17.998,53.698,4.967,145.693,16.593
4.197,2.43,29.843,29.843,58.884,603835.592,1920.602,89.413,18.018,53.716,4.962,145.749,16.591
4.197,2.43,29.851,29.851,58.879,603835.592,1920.602,89.428,18.039,53.733,4.957,145.805,16.59
4.197,2.43,29.86,29.86,58.875,603835.592,1920.602,89.442,18.06,53.751,4.953,145.861,16.589
4.197,2.43,29.869,29.869,58.87,603835.592,1920.602,89.457,18.08,53.769,4.948,145.917,16.587
4.197,2.43,29.877,29.877,58.865,603835.592,1920.602,89.472,18.101,53.786,4.943,145.973,16.586
4.197,2.43,29.886,29.886,58.86,603835.592,1920.602,89.487,18.122,53.804,4.938,146.029,16.584
4.197,2.43,29.894,29.894,58.855,603835.592,1920.602,89.501,18.142,53.822,4.933,146.085,16.583
4.197,2.43,29.903,29.903,58.85,603835.592,1920.602,89.516,18.163,53.84,4.928,146.141,16.582
4.197,2.43,29.911,29.911,58.845,603835.592,1920.602,89.531,18.184,53.857,4.924,146.197,16.58
4.197,2.43,29.92,29.92,58.84,603835.592,1920.602,89.546,18.204,53.875,4.919,146.253,16.579
4.197,2.43,29.928,29.928,58.835,603835.592,1920.602,89.561,18.225,53.893,4.914,146.309,16.578
4.197,2.43,29.937,29.937,58.83,603835.592,1920.602,89.575,18.246,53.911,4.909,146.365,16.576
4.197,2.43,29.946,29.946,58.826,603835.592,1920.602,89.59,18.267,53.928,4.905,146.421,16.575
4.197,2.43,29.954,29.954,58.821,603835.592,1920.602,89.605,18.287,53.946,4.9,146.477,16.573
4.197,2.43,29.963,29.963,58.816,603835.592,1920.602,89.62,18.308,53.964,4.895,146.533,16.572
4.197,2.43,29.971,29.971,58.811,603835.592,1920.602,89.634,18.329,53.981,4.89,146.589,16.571
4.197,2.43,29.98,29.98,58.806,603835.592,1920.602,89.649,18.349,53.999,4.886,146.645,16.569
4.197,2.43,29.988,29.988,58.801,603835.592,1920.602,89.664,18.37,54.017,4.881,146.701,16.568
4.197,2.43,29.997,29.997,58.796,603835.592,1920.602,89.679,18.391,54.035,4.876,146.757,16.566
4.197,2.43,30.005,30.005,58.791,603835.592,1920.602,89.693,18.411,54.052,4.872,146.813,16.565
4.197,2.43,30.014,30.014,58.787,603835.592,1920.602,89.708,18.432,54.07,4.867,146.869,16.564
4.197,2.43,30.023,30.023,58.782,603835.592,1920.602,89.723,18.453,54.088,4.862,146.925,16.562
4.197,2.43,30.031,30.031,58.777,603835.592,1920.602,89.738,18.473,54.106,4.858,146.981,16.561
4.197,2.43,30.04,30.04,58.772,603835.592,1920.602,89.752,18.494,54.123,4.853,147.037,16.56
4.197,2.43,30.048,30.048,58.767,603835.592,1920.602,89.767,18.515,54.141,4.848,147.092,16.558
4.197,2.43,30.057,30.057,58.762,603835.592,1920.602,89.782,18.535,54.159,4.844,147.148,16.557
4.197,2.43,30.065,30.065,58.757,603835.592,1920.602,89.797,18.556,54.176,4.839,147.204,16.556
4.197,2.43,30.074,30.074,58.753,603835.592,1920.602,89.812,18.577,54.194,4.835,147.26,16.554
4.197,2.43,30.082,30.082,58.748,603835.592,1920.602,89.826,18.597,54.212,4.83,147.316,16.553
4.197,2.43,30.091,30.091,58.743,603835.592,1920.602,89.841,18.618,54.23,4.825,147.372,16.551
4.197,2.43,30.1,30.1,58.738,603835.592,1920.602,89.856,18.639,54.247,4.821,147.428,16.55
4.197,2.43,30.108,30.108,58.733,603835.592,1920.602,89.871,18.659,54.265,4.816,147.484,16.549
4.197,2.43,30.117,30.117,58.728,603835.592,1920.602,89.886,18.68,54.283,4.812,147.54,16.547
4.197,2.43,30.125,30.125,58.723,603835.592,1920.602,89.9,18.701,54.301,4.807,147.596,16.546
4.197,2.43,30.134,30.134,58.719,603835.592,1920.602,89.915,18.721,54.318,4.803,147.652,16.545
4.197,2.43,30.142,30.142,58.714,603835.592,1920.602,89.93,18.742,54.336,4.798,147.708,16.543
4.197,2.43,30.151,30.151,58.709,603835.592,1920.602,89.945,18.763,54.354,4.794,147.764,16.542
4.197,2.43,30.159,30.159,58.704,603835.592,1920.602,89.959,18.783,54.371,4.789,147.82,16.54
4.197,2.43,30.168,30.168,58.699,603835.592,1920.602,89.974,18.804,54.389,4.785,147.876,16.539
4.197,2.43,30.177,30.177,58.694,603835.592,1920.602,89.989,18.825,54.407,4.78,147.932,16.538
4.197,2.43,30.185,30.185,58.69,603835.592,1920.602,90.004,18.845,54.425,4.776,147.988,16.536
4.197,2.43,30.194,30.194,58.685,603835.592,1920.602,90.019,18.866,54.442,4.771,148.044,16.535
4.197,2.43,30.202,30.202,58.68,603835.592,1920.602,90.033,18.887,54.46,4.767,148.1,16.534
4.197,2.43,30.211,30.211,58.675,603835.592,1920.602,90.048,18.907,54.478,4.763,148.156,16.532
4.197,2.43,30.219,30.219,58.67,603835.592,1920.602,90.063,18.928,54.496,4.758,148.212,16.531
4.197,2.43,30.228,30.228,58.665,603835.592,1920.602,90.078,18.949,54.513,4.754,148.268,16.53
4.197,2.43,30.236,30.236,58.661,603835.592,1920.602,90.093,18.969,54.531,4.749,148.324,16.528
4.197,2.43,30.245,30.245,58.656,603835.592,1920.602,90.108,18.99,54.549,4.745,148.38,16.527
4.197,2.43,30.254,30.254,58.651,603835.592,1920.602,90.122,19.011,54.566,4.741,148.436,16.526
4.197,2.43,30.262,30.262,58.646,603835.592,1920.602,90.137,19.031,54.584,4.736,148.492,16.524
4.197,2.43,30.271,30.271,58.641,603835.592,1920.602,90.152,19.052,54.602,4.732,148.548,16.523
4.197,2.43,30.279,30.279,58.637,603835.592,1920.602,90.167,19.072,54.62,4.728,148.604,16.521
4.197,2.43,30.288,30.288,58.632,603835.592,1920.602,90.182,19.093,54.637,4.723,148.66,16.52
4.197,2.43,30.296,30.296,58.627,603835.592,1920.602,90.196,19.114,54.655,4.719,148.716,16.519
4.197,2.43,30.305,30.305,58.622,603835.592,1920.602,90.211,19.134,54.673,4.715,148.772,16.517
4.197,2.43,30.314,30.314,58.617,603835.592,1920.602,90.226,19.155,54.691,4.71,148.828,16.516
4.197,2.43,30.322,30.322,58.613,603835.592,1920.602,90.241,19.176,54.708,4.706,148.884,16.515
4.197,2.43,30.331,30.331,58.608,603835.592,1920.602,90.256,19.196,54.726,4.702,148.94,16.513
4.197,2.43,30.339,30.339,58.603,603835.592,1920.602,90.271,19.217,54.744,4.697,148.996,16.512
4.197,2.43,30.348,30.348,58.598,603835.592,1920.602,90.285,19.238,54.761,4.693,149.052,16.511
4.197,2.43,30.356,30.356,58.594,603835.592,1920.602,90.3,19.258,54.779,4.689,149.108,16.509
4.197,2.43,30.365,30.365,58.589,603835.592,1920.602,90.315,19.279,54.797,4.685,149.164,16.508
4.197,2.43,30.373,30.373,58.584,603835.592,1920.602,90.33,19.299,54.815,4.68,149.22,16.507
4.197,2.43,30.382,30.382,58.579,603835.592,1920.602,90.345,19.32,54.832,4.676,149.276,16.505
4.197,2.43,30.391,30.391,58.574,603835.592,1920.602,90.36,19.341,54.85,4.672,149.332,16.504
4.197,2.43,30.399,30.399,58.57,603835.592,1920.602,90.374,19.361,54.868,4.668,149.388,16.503
4.197,2.43,30.408,30.408,58.565,603835.592,1920.602,90.389,19.382,54.886,4.664,149.444,16.501
4.197,2.43,30.416,30.416,58.56,603835.592,1920.602,90.404,19.402,54.903,4.659,149.5,16.5
4.197,2.43,30.425,30.425,58.555,603835.592,1920.602,90.419,19.423,54.921,4.655,149.556,16.499
4.197,2.43,30.433,30.433,58.551,603835.592,1920.602,90.434,19.444,54.939,4.651,149.612,16.497
4.197,2.43,30.442,30.442,58.546,603835.592,1920.602,90.449,19.464,54.956,4.647,149.668,16.496
4.197,2.43,30.45,30.45,58.541,603835.592,1920.602,90.463,19.485,54.974,4.643,149.724,16.495
4.197,2.43,30.459,30.459,58.536,603835.592,1920.602,90.478,19.506,54.992,4.639,149.78,16.493
4.197,2.43,30.468,30.468,58.532,603835.592,1920.602,90.493,19.526,55.01,4.634,149.836,16.492
4.197,2.43,30.476,30.476,58.527,603835.592,1920.602,90.508,19.547,55.027,4.63,149.892,16.491
4.197,2.43,30.485,30.485,58.522,603835.592,1920.602,90.523,19.567,55.045,4.626,149.948,16.489
4.197,2.43,30.493,30.493,58.517,603835.592,1920.602,90.538,19.588,55.063,4.622,150.004,16.488
4.197,2.43,30.502,30.502,58.513,603835.592,1920.602,90.553,19.609,55.081,4.618,150.06,16.487
4.197,2.43,30.51,30.51,58.508,603835.592,1920.602,90.567,19.629,55.098,4.614,150.116,16.485
4.197,2.43,30.519,30.519,58.503,603835.592,1920.602,90.582,19.65,55.116,4.61,150.172,16.484
4.197,2.43,30.528,30.528,58.498,603835.592,1920.602,90.597,19.67,55.134,4.606,150.228,16.483
4.197,2.43,30.536,30.536,58.494,603835.592,1920.602,90.612,19.691,55.152,4.602,150.284,16.481
4.197,2.43,30.545,30.545,58.489,603835.592,1920.602,90.627,19.712,55.169,4.598,150.34,16.48
4.197,2.43,30.553,30.553,58.484,603835.592,1920.602,90.642,19.732,55.187,4.594,150.396,16.479
4.197,2.43,30.562,30.562,58.48,603835.592,1920.602,90.657,19.753,55.205,4.59,150.452,16.477
4.197,2.43,30.57,30.57,58.475,603835.592,1920.602,90.672,19.773,55.222,4.586,150.508,16.476
4.197,2.43,30.579,30.579,58.47,603835.592,1920.602,90.686,19.794,55.24,4.582,150.564,16.475
4.197,2.43,30.587,30.587,58.465,603835.592,1920.602,90.701,19.815,55.258,4.578,150.62,16.473
4.197,2.43,30.596,30.596,58.461,603835.592,1920.602,90.716,19.835,55.276,4.574,150.676,16.472
4.197,2.43,30.605,30.605,58.456,603835.592,1920.602,90.731,19.856,55.293,4.57,150.732,16.471
4.197,2.43,30.613,30.613,58.451,603835.592,1920.602,90.746,19.876,55.311,4.566,150.788,16.469
4.197,2.43,30.622,30.622,58.447,603835.592,1920.602,90.761,19.897,55.329,4.562,150.844,16.468
4.197,2.43,30.63,30.63,58.442,603835.592,1920.602,90.776,19.917,55.347,4.558,150.9,16.467
4.197,2.43,30.639,30.639,58.437,603835.592,1920.602,90.791,19.938,55.364,4.554,150.956,16.465
4.197,2.43,30.647,30.647,58.432,603835.592,1920.602,90.805,19.959,55.382,4.55,151.012,16.464
4.197,2.43,30.656,30.656,58.428,603835.592,1920.602,90.82,19.979,55.4,4.546,151.068,16.463
4.197,2.43,30.664,30.664,58.423,603835.592,1920.602,90.835,20.0,55.418,4.542,151.124,16.461
4.197,2.43,30.673,30.673,58.418,603835.592,1920.602,90.85,20.02,55.435,4.538,151.18,16.46
4.197,2.43,30.682,30.682,58.414,603835.592,1920.602,90.865,20.041,55.453,4.534,151.236,16.459
4.197,2.43,30.69,30.69,58.409,603835.592,1920.602,90.88,20.062,55.471,4.53,151.292,16.457
4.197,2.43,30.699,30.699,58.404,603835.592,1920.602,90.895,20.082,55.488,4.526,151.348,16.456
4.197,2.43,30.707,30.707,58.4,603835.592,1920.602,90.91,20.103,55.506,4.522,151.404,16.455
4.197,2.43,30.716,30.716,58.395,603835.592,1920.602,90.925,20.123,55.524,4.518,151.46,16.453
4.197,2.43,30.724,30.724,58.39,603835.592,1920.602,90.94,20.144,55.542,4.515,151.516,16.452
4.197,2.43,30.733,30.733,58.386,603835.592,1920.602,90.954,20.164,55.559,4.511,151.572,16.451
4.197,2.43,30.742,30.742,58.381,603835.592,1920.602,90.969,20.185,55.577,4.507,151.628,16.449
4.197,2.43,30.75,30.75,58.376,603835.592,1920.602,90.984,20.206,55.595,4.503,151.684,16.448
4.197,2.43,30.759,30.759,58.372,603835.592,1920.602,90.999,20.226,55.613,4.499,151.74,16.447
4.197,2.43,30.767,30.767,58.367,603835.592,1920.602,91.014,20.247,55.63,4.495,151.796,16.446
4.197,2.43,30.776,30.776,58.362,603835.592,1920.602,91.029,20.267,55.648,4.491,151.852,16.444
4.197,2.43,30.784,30.784,58.358,603835.592,1920.602,91.044,20.288,55.666,4.488,151.908,16.443
4.197,2.43,30.793,30.793,58.353,603835.592,1920.602,91.059,20.308,55.684,4.484,151.964,16.442
4.197,2.43,30.801,30.801,58.348,603835.592,1920.602,91.074,20.329,55.701,4.48,152.02,16.44
4.197,2.43,30.81,30.81,58.344,603835.592,1920.602,91.089,20.35,55.719,4.476,152.076,16.439
4.197,2.43,30.819,30.819,58.339,603835.592,1920.602,91.103,20.37,55.737,4.472,152.132,16.438
4.197,2.43,30.827,30.827,58.334,603835.592,1920.602,91.118,20.391,55.754,4.469,152.188,16.436
4.197,2.43,30.836,30.836,58.33,603835.592,1920.602,91.133,20.411,55.772,4.465,152.244,16.435
4.197,2.43,30.844,30.844,58.325,603835.592,1920.602,91.148,20.432,55.79,4.461,152.3,16.434
4.197,2.43,30.853,30.853,58.32,603835.592,1920.602,91.163,20.452,55.808,4.457,152.356,16.432
4.197,2.43,30.861,30.861,58.316,603835.592,1920.602,91.178,20.473,55.825,4.454,152.412,16.431
4.197,2.43,30.87,30.87,58.311,603835.592,1920.602,91.193,20.493,55.843,4.45,152.468,16.43
4.197,2.43,30.879,30.879,58.306,603835.592,1920.602,91.208,20.514,55.861,4.446,152.524,16.428
4.197,2.43,30.887,30.887,58.302,603835.592,1920.602,91.223,20.535,55.879,4.442,152.58,16.427
4.197,2.43,30.896,30.896,58.297,603835.592,1920.602,91.238,20.555,55.896,4.439,152.636,16.426
4.197,2.43,30.904,30.904,58.292,603835.592,1920.602,91.253,20.576,55.914,4.435,152.692,16.424
4.197,2.43,30.913,30.913,58.288,603835.592,1920.602,91.267,20.596,55.932,4.431,152.748,16.423
4.197,2.43,30.921,30.921,58.283,603835.592,1920.602,91.282,20.617,55.95,4.428,152.804,16.422
4.197,2.43,30.93,30.93,58.278,603835.592,1920.602,91.297,20.637,55.967,4.424,152.86,16.421
4.197,2.43,30.938,30.938,58.274,603835.592,1920.602,91.312,20.658,55.985,4.42,152.916,16.419
4.197,2.43,30.947,30.947,58.269,603835.592,1920.602,91.327,20.678,56.003,4.417,152.972,16.418
4.197,2.43,30.956,30.956,58.264,603835.592,1920.602,91.342,20.699,56.021,4.413,153.028,16.417
4.197,2.43,30.964,30.964,58.26,603835.592,1920.602,91.357,20.72,56.038,4.409,153.084,16.415
4.197,2.43,30.973,30.973,58.255,603835.592,1920.602,91.372,20.74,56.056,4.406,153.14,16.414
4.197,2.43,30.981,30.981,58.251,603835.592,1920.602,91.387,20.761,56.074,4.402,153.196,16.413
4.197,2.43,30.99,30.99,58.246,603835.592,1920.602,91.402,20.781,56.091,4.398,153.252,16.411
4.197,2.43,30.998,30.998,58.241,603835.592,1920.602,91.417,20.802,56.109,4.395,153.308,16.41
4.197,2.43,31.007,31.007,58.237,603835.592,1920.602,91.432,20.822,56.127,4.391,153.364,16.409
4.197,2.43,31.016,31.016,58.232,603835.592,1920.602,91.447,20.843,56.145,4.387,153.42,16.407
4.197,2.43,31.024,31.024,58.227,603835.592,1920.602,91.461,20.863,56.162,4.384,153.476,16.406
4.197,2.43,31.033,31.033,58.223,603835.592,1920.602,91.476,20.884,56.18,4.38,153.532,16.405
4.197,2.43,31.041,31.041,58.218,603835.592,1920.602,91.491,20.904,56.198,4.377,153.588,16.404
4.197,2.43,31.05,31.05,58.213,603835.592,1920.602,91.506,20.925,56.216,4.373,153.644,16.402
4.197,2.43,31.058,31.058,58.209,603835.592,1920.602,91.521,20.946,56.233,4.369,153.7,16.401
4.197,2.43,31.067,31.067,58.204,603835.592,1920.602,91.536,20.966,56.251,4.366,153.756,16.4
4.197,2.43,31.075,31.075,58.2,603835.592,1920.602,91.551,20.987,56.269,4.362,153.812,16.398
4.197,2.43,31.084,31.084,58.195,603835.592,1920.602,91.566,21.007,56.287,4.359,153.868,16.397
4.197,2.43,31.093,31.093,58.19,603835.592,1920.602,91.581,21.028,56.304,4.355,153.924,16.396
4.197,2.43,31.101,31.101,58.186,603835.592,1920.602,91.596,21.048,56.322,4.352,153.98,16.394
4.197,2.43,31.11,31.11,58.181,603835.592,1920.602,91.611,21.069,56.34,4.348,154.036,16.393
4.197,2.43,31.118,31.118,58.176,603835.592,1920.602,91.626,21.089,56.357,4.345,154.092,16.392
4.197,2.43,31.127,31.127,58.172,603835.592,1920.602,91.641,21.11,56.375,4.341,154.148,16.391
4.197,2.43,31.135,31.135,58.167,603835.592,1920.602,91.656,21.13,56.393,4.338,154.204,16.389
4.197,2.43,31.144,31.144,58.163,603835.592,1920.602,91.67,21.151,56.411,4.334,154.26,16.388
4.197,2.43,31.153,31.153,58.158,603835.592,1920.602,91.685,21.171,56.428,4.331,154.316,16.387
4.197,2.43,31.161,31.161,58.153,603835.592,1920.602,91.7,21.192,56.446,4.327,154.372,16.385
4.197,2.43,31.17,31.17,58.149,603835.592,1920.602,91.715,21.213,56.464,4.324,154.428,16.384
4.197,2.43,31.178,31.178,58.144,603835.592,1920.602,91.73,21.233,56.482,4.32,154.484,16.383
4.197,2.43,31.187,31.187,58.139,603835.592,1920.602,91.745,21.254,56.499,4.317,154.54,16.381
4.197,2.43,31.195,31.195,58.135,603835.592,1920.602,91.76,21.274,56.517,4.313,154.596,16.38
4.197,2.43,31.204,31.204,58.13,603835.592,1920.602,91.775,21.295,56.535,4.31,154.652,16.379
4.197,2.43,31.212,31.212,58.126,603835.592,1920.602,91.79,21.315,56.553,4.306,154.708,16.377
4.197,2.43,31.221,31.221,58.121,603835.592,1920.602,91.805,21.336,56.57,4.303,154.764,16.376
4.197,2.43,31.23,31.23,58.116,603835.592,1920.602,91.82,21.356,56.588,4.299,154.82,16.375
4.197,2.43,31.238,31.238,58.112,603835.592,1920.602,91.835,21.377,56.606,4.296,154.876,16.374
4.197,2.43,31.247,31.247,58.107,603835.592,1920.602,91.85,21.397,56.623,4.293,154.932,16.372
4.197,2.43,31.255,31.255,58.102,603835.592,1920.602,91.865,21.418,56.641,4.289,154.988,16.371
4.197,2.43,31.264,31.264,58.098,603835.592,1920.602,91.879,21.438,56.659,4.286,155.044,16.37
4.197,2.43,31.272,31.272,58.093,603835.592,1920.602,91.894,21.459,56.677,4.282,155.1,16.368
4.197,2.43,31.281,31.281,58.089,603835.592,1920.602,91.909,21.48,56.694,4.279,155.156,16.367
4.197,2.43,31.289,31.289,58.084,603835.592,1920.602,91.924,21.5,56.712,4.276,155.212,16.366
4.197,2.43,31.298,31.298,58.079,603835.592,1920.602,91.939,21.521,56.73,4.272,155.268,16.364
4.197,2.43,31.307,31.307,58.075,603835.592,1920.602,91.954,21.541,56.748,4.269,155.324,16.363
4.197,2.43,31.315,31.315,58.07,603835.592,1920.602,91.969,21.562,56.765,4.265,155.38,16.362
4.197,2.43,31.324,31.324,58.065,603835.592,1920.602,91.984,21.582,56.783,4.262,155.436,16.361
4.197,2.43,31.332,31.332,58.061,603835.592,1920.602,91.999,21.603,56.801,4.259,155.492,16.359
4.197,2.43,31.341,31.341,58.056,603835.592,1920.602,92.014,21.623,56.819,4.255,155.548,16.358
4.197,2.43,31.349,31.349,58.052,603835.592,1920.602,92.029,21.644,56.836,4.252,155.604,16.357
4.197,2.43,31.358,31.358,58.047,603835.592,1920.602,92.044,21.664,56.854,4.249,155.66,16.355
4.197,2.43,31.367,31.367,58.042,603835.592,1920.602,92.059,21.685,56.872,4.245,155.716,16.354
4.197,2.43,31.375,31.375,58.038,603835.592,1920.602,92.074,21.705,56.889,4.242,155.772,16.353
4.197,2.43,31.384,31.384,58.033,603835.592,1920.602,92.089,21.726,56.907,4.239,155.828,16.351
4.197,2.43,31.392,31.392,58.029,603835.592,1920.602,92.103,21.746,56.925,4.235,155.884,16.35
4.197,2.43,31.401,31.401,58.024,603835.592,1920.602,92.118,21.767,56.943,4.232,155.94,16.349
4.197,2.43,31.409,31.409,58.019,603835.592,1920.602,92.133,21.787,56.96,4.229,155.996,16.348
4.197,2.43,31.418,31.418,58.015,603835.592,1920.602,92.148,21.808,56.978,4.225,156.052,16.346
4.197,2.43,31.426,31.426,58.01,603835.592,1920.602,92.163,21.829,56.996,4.222,156.108,16.345
4.197,2.43,31.435,31.435,58.005,603835.592,1920.602,92.178,21.849,57.014,4.219,156.164,16.344
4.197,2.43,31.444,31.444,58.001,603835.592,1920.602,92.193,21.87,57.031,4.216,156.22,16.342
4.197,2.43,31.452,31.452,57.996,603835.592,1920.602,92.208,21.89,57.049,4.212,156.276,16.341
4.197,2.43,31.461,31.461,57.992,603835.592,1920.602,92.223,21.911,57.067,4.209,156.332,16.34
4.197,2.43,31.469,31.469,57.987,603835.592,1920.602,92.238,21.931,57.084,4.206,156.388,16.338
4.197,2.43,31.478,31.478,57.982,603835.592,1920.602,92.253,21.952,57.102,4.203,156.444,16.337
4.197,2.43,31.486,31.486,57.978,603835.592,1920.602,92.268,21.972,57.12,4.199,156.5,16.336
4.197,2.43,31.495,31.495,57.973,603835.592,1920.602,92.283,21.993,57.138,4.196,156.556,16.335
4.197,2.43,31.503,31.503,57.968,603835.592,1920.602,92.297,22.013,57.155,4.193,156.612,16.333
4.197,2.43,31.512,31.512,57.964,603835.592,1920.602,92.312,22.034,57.173,4.19,156.668,16.332
4.197,2.43,31.521,31.521,57.959,603835.592,1920.602,92.327,22.054,57.191,4.186,156.723,16.331
4.197,2.43,31.529,31.529,57.955,603835.592,1920.602,92.342,22.075,57.209,4.183,156.779,16.329
4.197,2.43,31.538,31.538,57.95,603835.592,1920.602,92.357,22.095,57.226,4.18,156.835,16.328
4.197,2.43,31.546,31.546,57.945,603835.592,1920.602,92.372,22.116,57.244,4.177,156.891,16.327
4.197,2.43,31.555,31.555,57.941,603835.592,1920.602,92.387,22.136,57.262,4.174,156.947,16.325
4.197,2.43,31.563,31.563,57.936,603835.592,1920.602,92.402,22.157,57.279,4.17,157.003,16.324
4.197,2.43,31.572,31.572,57.931,603835.592,1920.602,92.417,22.177,57.297,4.167,157.059,16.323
4.197,2.43,31.58,31.58,57.927,603835.592,1920.602,92.432,22.198,57.315,4.164,157.115,16.322
4.197,2.43,31.589,31.589,57.922,603835.592,1920.602,92.447,22.219,57.333,4.161,157.171,16.32
4.197,2.43,31.598,31.598,57.918,603835.592,1920.602,92.462,22.239,57.35,4.158,157.227,16.319
4.197,2.43,31.606,31.606,57.913,603835.592,1920.602,92.477,22.26,57.368,4.154,157.283,16.318
4.197,2.43,31.615,31.615,57.908,603835.592,1920.602,92.491,22.28,57.386,4.151,157.339,16.316
4.197,2.43,31.623,31.623,57.904,603835.592,1920.602,92.506,22.301,57.404,4.148,157.395,16.315
4.197,2.43,31.632,31.632,57.899,603835.592,1920.602,92.521,22.321,57.421,4.145,157.451,16.314
4.197,2.43,31.64,31.64,57.894,603835.592,1920.602,92.536,22.342,57.439,4.142,157.507,16.312
4.197,2.43,31.649,31.649,57.89,603835.592,1920.602,92.551,22.362,57.457,4.139,157.563,16.311
4.197,2.43,31.657,31.657,57.885,603835.592,1920.602,92.566,22.383,57.474,4.136,157.619,16.31
4.197,2.43,31.666,31.666,57.881,603835.592,1920.602,92.581,22.403,57.492,4.132,157.675,16.308
4.197,2.43,31.675,31.675,57.876,603835.592,1920.602,92.596,22.424,57.51,4.129,157.731,16.307
4.197,2.43,31.683,31.683,57.871,603835.592,1920.602,92.611,22.444,57.528,4.126,157.787,16.306
4.197,2.43,31.692,31.692,57.867,603835.592,1920.602,92.626,22.465,57.545,4.123,157.843,16.305
4.197,2.43,31.7,31.7,57.862,603835.592,1920.602,92.641,22.485,57.563,4.12,157.899,16.303
4.197,2.43,31.709,31.709,57.857,603835.592,1920.602,92.655,22.506,57.581,4.117,157.955,16.302
4.197,2.43,31.717,31.717,57.853,603835.592,1920.602,92.67,22.526,57.598,4.114,158.011,16.301
4.197,2.43,31.726,31.726,57.848,603835.592,1920.602,92.685,22.547,57.616,4.111,158.066,16.299
4.197,2.43,31.734,31.734,57.843,603835.592,1920.602,92.7,22.567,57.634,4.108,158.122,16.298
4.197,2.43,31.743,31.743,57.839,603835.592,1920.602,92.715,22.588,57.652,4.105,158.178,16.297
4.197,2.43,31.752,31.752,57.834,603835.592,1920.602,92.73,22.609,57.669,4.102,158.234,16.295
4.197,2.43,31.76,31.76,57.83,603835.592,1920.602,92.745,22.629,57.687,4.098,158.29,16.294
4.197,2.43,31.769,31.769,57.825,603835.592,1920.602,92.76,22.65,57.705,4.095,158.346,16.293
4.197,2.43,31.777,31.777,57.82,603835.592,1920.602,92.775,22.67,57.722,4.092,158.402,16.291
4.197,2.43,31.786,31.786,57.816,603835.592,1920.602,92.79,22.691,57.74,4.089,158.458,16.29
4.197,2.43,31.794,31.794,57.811,603835.592,1920.602,92.804,22.711,57.758,4.086,158.514,16.289
4.197,2.43,31.803,31.803,57.806,603835.592,1920.602,92.819,22.732,57.776,4.083,158.57,16.288
4.197,2.43,31.811,31.811,57.802,603835.592,1920.602,92.834,22.752,57.793,4.08,158.626,16.286
4.197,2.43,31.82,31.82,57.797,603835.592,1920.602,92.849,22.773,57.811,4.077,158.682,16.285
4.197,2.43,31.828,31.828,57.792,603835.592,1920.602,92.864,22.793,57.829,4.074,158.738,16.284
4.197,2.43,31.837,31.837,57.788,603835.592,1920.602,92.879,22.814,57.846,4.071,158.794,16.282
4.197,2.43,31.846,31.846,57.783,603835.592,1920.602,92.894,22.834,57.864,4.068,158.849,16.281
4.197,2.43,31.854,31.854,57.778,603835.592,1920.602,92.909,22.855,57.882,4.065,158.905,16.28
4.197,2.43,31.863,31.863,57.774,603835.592,1920.602,92.924,22.875,57.899,4.062,158.961,16.278
4.197,2.43,31.871,31.871,57.769,603835.592,1920.602,92.938,22.896,57.917,4.059,159.017,16.277
4.197,2.43,31.88,31.88,57.764,603835.592,1920.602,92.953,22.916,57.935,4.056,159.073,16.276
4.197,2.43,31.888,31.888,57.76,603835.592,1920.602,92.968,22.937,57.953,4.053,159.129,16.274
4.197,2.43,31.897,31.897,57.755,603835.592,1920.602,92.983,22.958,57.97,4.05,159.185,16.273
4.197,2.43,31.905,31.905,57.75,603835.592,1920.602,92.998,22.978,57.988,4.047,159.241,16.272
4.197,2.43,31.914,31.914,57.746,603835.592,1920.602,93.013,22.999,58.006,4.044,159.297,16.27
4.197,2.43,31.923,31.923,57.741,603835.592,1920.602,93.028,23.019,58.023,4.041,159.353,16.269
4.197,2.43,31.931,31.931,57.736,603835.592,1920.602,93.043,23.04,58.041,4.038,159.409,16.268
4.197,2.43,31.94,31.94,57.732,603835.592,1920.602,93.057,23.06,58.059,4.035,159.464,16.267
4.197,2.43,31.948,31.948,57.727,603835.592,1920.602,93.072,23.081,58.077,4.032,159.52,16.265
4.197,2.43,31.957,31.957,57.722,603835.592,1920.602,93.087,23.101,58.094,4.03,159.576,16.264
4.197,2.43,31.965,31.965,57.718,603835.592,1920.602,93.102,23.122,58.112,4.027,159.632,16.263
4.197,2.43,31.974,31.974,57.713,603835.592,1920.602,93.117,23.142,58.13,4.024,159.688,16.261
4.197,2.43,31.982,31.982,57.708,603835.592,1920.602,93.132,23.163,58.147,4.021,159.744,16.26
4.197,2.43,31.991,31.991,57.704,603835.592,1920.602,93.147,23.183,58.165,4.018,159.8,16.259
4.197,2.43,31.999,31.999,57.699,603835.592,1920.602,93.162,23.204,58.183,4.015,159.856,16.257
4.197,2.43,32.008,32.008,57.694,603835.592,1920.602,93.176,23.224,58.2,4.012,159.912,16.256
4.197,2.43,32.016,32.016,57.69,603835.592,1920.602,93.191,23.245,58.218,4.009,159.967,16.255
4.197,2.43,32.025,32.025,57.685,603835.592,1920.602,93.206,23.266,58.236,4.006,160.023,16.253
4.197,2.43,32.034,32.034,57.68,603835.592,1920.602,93.221,23.286,58.253,4.003,160.079,16.252
4.197,2.43,32.042,32.042,57.676,603835.592,1920.602,93.236,23.307,58.271,4.0,160.135,16.251
4.197,2.43,32.051,32.051,57.671,603835.592,1920.602,93.251,23.327,58.289,3.998,160.191,16.249
4.197,2.43,32.059,32.059,57.666,603835.592,1920.602,93.265,23.348,58.307,3.995,160.247,16.248
4.197,2.43,32.068,32.068,57.662,603835.592,1920.602,93.28,23.368,58.324,3.992,160.303,16.247
4.197,2.43,32.076,32.076,57.657,603835.592,1920.602,93.295,23.389,58.342,3.989,160.359,16.245
4.197,2.43,32.085,32.085,57.652,603835.592,1920.602,93.31,23.409,58.36,3.986,160.414,16.244
4.197,2.43,32.093,32.093,57.647,603835.592,1920.602,93.325,23.43,58.377,3.983,160.47,16.243
4.197,2.43,32.102,32.102,57.643,603835.592,1920.602,93.34,23.45,58.395,3.98,160.526,16.241
4.197,2.43,32.11,32.11,57.638,603835.592,1920.602,93.355,23.471,58.413,3.977,160.582,16.24
4.197,2.43,32.119,32.119,57.633,603835.592,1920.602,93.369,23.491,58.43,3.975,160.638,16.239
4.197,2.43,32.128,32.128,57.629,603835.592,1920.602,93.384,23.512,58.448,3.972,160.694,16.238
4.197,2.43,32.136,32.136,57.624,603835.592,1920.602,93.399,23.532,58.466,3.969,160.75,16.236
4.197,2.43,32.145,32.145,57.619,603835.592,1920.602,93.414,23.553,58.483,3.966,160.805,16.235
4.197,2.43,32.153,32.153,57.615,603835.592,1920.602,93.429,23.574,58.501,3.963,160.861,16.234
4.197,2.43,32.162,32.162,57.61,603835.592,1920.602,93.444,23.594,58.519,3.96,160.917,16.232
4.197,2.43,32.17,32.17,57.605,603835.592,1920.602,93.458,23.615,58.536,3.958,160.973,16.231
4.197,2.43,32.179,32.179,57.6,603835.592,1920.602,93.473,23.635,58.554,3.955,161.029,16.23
4.197,2.43,32.187,32.187,57.596,603835.592,1920.602,93.488,23.656,58.572,3.952,161.085,16.228
4.197,2.43,32.196,32.196,57.591,603835.592,1920.602,93.503,23.676,58.59,3.949,161.14,16.227
4.197,2.43,32.204,32.204,57.586,603835.592,1920.602,93.518,23.697,58.607,3.946,161.196,16.226
4.197,2.43,32.213,32.213,57.582,603835.592,1920.602,93.532,23.717,58.625,3.944,161.252,16.224
4.197,2.43,32.221,32.221,57.577,603835.592,1920.602,93.547,23.738,58.643,3.941,161.308,16.223
4.197,2.43,32.23,32.23,57.572,603835.592,1920.602,93.562,23.758,58.66,3.938,161.364,16.222
4.197,2.43,32.238,32.238,57.567,603835.592,1920.602,93.577,23.779,58.678,3.935,161.419,16.22
4.197,2.43,32.247,32.247,57.563,603835.592,1920.602,93.592,23.8,58.696,3.933,161.475,16.219
4.197,2.43,32.256,32.256,57.558,603835.592,1920.602,93.606,23.82,58.713,3.93,161.531,16.218
4.197,2.43,32.264,32.264,57.553,603835.592,1920.602,93.621,23.841,58.731,3.927,161.587,16.216
4.197,2.43,32.273,32.273,57.548,603835.592,1920.602,93.636,23.861,58.749,3.924,161.643,16.215
4.197,2.43,32.281,32.281,57.544,603835.592,1920.602,93.651,23.882,58.766,3.921,161.699,16.214
4.197,2.43,32.29,32.29,57.539,603835.592,1920.602,93.666,23.902,58.784,3.919,161.754,16.212
4.197,2.43,32.298,32.298,57.534,603835.592,1920.602,93.68,23.923,58.802,3.916,161.81,16.211
4.197,2.43,32.307,32.307,57.529,603835.592,1920.602,93.695,23.943,58.819,3.913,161.866,16.21
4.197,2.43,32.315,32.315,57.525,603835.592,1920.602,93.71,23.964,58.837,3.91,161.922,16.208
4.197,2.43,32.324,32.324,57.52,603835.592,1920.602,93.725,23.984,58.855,3.908,161.977,16.207
4.197,2.43,32.332,32.332,57.515,603835.592,1920.602,93.74,24.005,58.872,3.905,162.033,16.206
4.197,2.43,32.341,32.341,57.51,603835.592,1920.602,93.754,24.026,58.89,3.902,162.089,16.204
4.197,2.43,32.349,32.349,57.506,603835.592,1920.602,93.769,24.046,58.908,3.9,162.145,16.203
4.197,2.43,32.358,32.358,57.501,603835.592,1920.602,93.784,24.067,58.925,3.897,162.201,16.201
4.197,2.43,32.366,32.366,57.496,603835.592,1920.602,93.799,24.087,58.943,3.894,162.256,16.2
4.197,2.43,32.375,32.375,57.491,603835.592,1920.602,93.813,24.108,58.961,3.891,162.312,16.199
4.197,2.43,32.383,32.383,57.487,603835.592,1920.602,93.828,24.128,58.978,3.889,162.368,16.197
4.197,2.43,32.392,32.392,57.482,603835.592,1920.602,93.843,24.149,58.996,3.886,162.424,16.196
4.197,2.43,32.401,32.401,57.477,603835.592,1920.602,93.858,24.169,59.014,3.883,162.479,16.195
4.197,2.43,32.409,32.409,57.472,603835.592,1920.602,93.873,24.19,59.031,3.881,162.535,16.193
4.197,2.43,32.418,32.418,57.467,603835.592,1920.602,93.887,24.21,59.049,3.878,162.591,16.192
4.197,2.43,32.426,32.426,57.463,603835.592,1920.602,93.902,24.231,59.067,3.875,162.647,16.191
4.197,2.43,32.435,32.435,57.458,603835.592,1920.602,93.917,24.252,59.084,3.873,162.702,16.189
4.197,2.43,32.443,32.443,57.453,603835.592,1920.602,93.932,24.272,59.102,3.87,162.758,16.188
4.197,2.43,32.452,32.452,57.448,603835.592,1920.602,93.946,24.293,59.119,3.867,162.814,16.187
4.197,2.43,32.46,32.46,57.444,603835.592,1920.602,93.961,24.313,59.137,3.865,162.87,16.185
4.197,2.43,32.469,32.469,57.439,603835.592,1920.602,93.976,24.334,59.155,3.862,162.925,16.184
4.197,2.43,32.477,32.477,57.434,603835.592,1920.602,93.991,24.354,59.172,3.859,162.981,16.183
4.197,2.43,32.486,32.486,57.429,603835.592,1920.602,94.005,24.375,59.19,3.857,163.037,16.181
4.197,2.43,32.494,32.494,57.424,603835.592,1920.602,94.02,24.395,59.208,3.854,163.093,16.18
4.197,2.43,32.503,32.503,57.42,603835.592,1920.602,94.035,24.416,59.225,3.851,163.148,16.179
4.197,2.43,32.511,32.511,57.415,603835.592,1920.602,94.049,24.437,59.243,3.849,163.204,16.177
4.197,2.43,32.52,32.52,57.41,603835.592,1920.602,94.064,24.457,59.261,3.846,163.26,16.176
4.197,2.43,32.528,32.528,57.405,603835.592,1920.602,94.079,24.478,59.278,3.843,163.315,16.175
4.197,2.43,32.537,32.537,57.4,603835.592,1920.602,94.094,24.498,59.296,3.841,163.371,16.173
4.197,2.43,32.545,32.545,57.395,603835.592,1920.602,94.108,24.519,59.314,3.838,163.427,16.172
4.197,2.43,32.554,32.554,57.391,603835.592,1920.602,94.123,24.539,59.331,3.836,163.482,16.17
4.197,2.43,32.562,32.562,57.386,603835.592,1920.602,94.138,24.56,59.349,3.833,163.538,16.169
4.197,2.43,32.571,32.571,57.381,603835.592,1920.602,94.152,24.58,59.366,3.83,163.594,16.168
4.197,2.43,32.579,32.579,57.376,603835.592,1920.602,94.167,24.601,59.384,3.828,163.65,16.166
4.197,2.43,32.588,32.588,57.371,603835.592,1920.602,94.182,24.622,59.402,3.825,163.705,16.165
4.197,2.43,32.596,32.596,57.367,603835.592,1920.602,94.197,24.642,59.419,3.823,163.761,16.164
4.197,2.43,32.605,32.605,57.362,603835.592,1920.602,94.211,24.663,59.437,3.82,163.817,16.162
4.197,2.43,32.613,32.613,57.357,603835.592,1920.602,94.226,24.683,59.455,3.817,163.872,16.161
4.197,2.43,32.622,32.622,57.352,603835.592,1920.602,94.241,24.704,59.472,3.815,163.928,16.16
4.197,2.43,32.63,32.63,57.347,603835.592,1920.602,94.255,24.724,59.49,3.812,163.984,16.158
4.197,2.43,32.639,32.639,57.342,603835.592,1920.602,94.27,24.745,59.508,3.81,164.039,16.157
4.197,2.43,32.647,32.647,57.337,603835.592,1920.602,94.285,24.766,59.525,3.807,164.095,16.155
4.197,2.43,32.656,32.656,57.333,603835.592,1920.602,94.299,24.786,59.543,3.805,164.151,16.154
4.197,2.43,32.664,32.664,57.328,603835.592,1920.602,94.314,24.807,59.56,3.802,164.206,16.153
4.197,2.43,32.673,32.673,57.323,603835.592,1920.602,94.329,24.827,59.578,3.799,164.262,16.151
4.197,2.43,32.682,32.682,57.318,603835.592,1920.602,94.343,24.848,59.596,3.797,164.317,16.15
4.197,2.43,32.69,32.69,57.313,603835.592,1920.602,94.358,24.868,59.613,3.794,164.373,16.149
4.197,2.43,32.699,32.699,57.308,603835.592,1920.602,94.373,24.889,59.631,3.792,164.429,16.147
4.197,2.43,32.707,32.707,57.303,603835.592,1920.602,94.387,24.91,59.648,3.789,164.484,16.146
4.197,2.43,32.716,32.716,57.298,603835.592,1920.602,94.402,24.93,59.666,3.787,164.54,16.144
4.197,2.43,32.724,32.724,57.294,603835.592,1920.602,94.417,24.951,59.684,3.784,164.596,16.143
4.197,2.43,32.733,32.733,57.289,603835.592,1920.602,94.431,24.971,59.701,3.782,164.651,16.142
4.197,2.43,32.741,32.741,57.284,603835.592,1920.602,94.446,24.992,59.719,3.779,164.707,16.14
4.197,2.43,32.75,32.75,57.279,603835.592,1920.602,94.461,25.012,59.737,3.777,164.762,16.139
4.197,2.43,32.758,32.758,57.274,603835.592,1920.602,94.475,25.033,59.754,3.774,164.818,16.138
4.197,2.43,32.767,32.767,57.269,603835.592,1920.602,94.49,25.054,59.772,3.772,164.874,16.136
4.197,2.43,32.775,32.775,57.264,603835.592,1920.602,94.505,25.074,59.789,3.769,164.929,16.135
4.197,2.43,32.784,32.784,57.259,603835.592,1920.602,94.519,25.095,59.807,3.766,164.985,16.133
4.197,2.43,32.792,32.792,57.254,603835.592,1920.602,94.534,25.115,59.825,3.764,165.04,16.132
4.197,2.43,32.801,32.801,57.25,603835.592,1920.602,94.548,25.136,59.842,3.761,165.096,16.131
4.197,2.43,32.809,32.809,57.245,603835.592,1920.602,94.563,25.156,59.86,3.759,165.152,16.129
4.197,2.43,32.818,32.818,57.24,603835.592,1920.602,94.578,25.177,59.877,3.757,165.207,16.128
4.197,2.43,32.826,32.826,57.235,603835.592,1920.602,94.592,25.198,59.895,3.754,165.263,16.127
4.197,2.43,32.835,32.835,57.23,603835.592,1920.602,94.607,25.218,59.913,3.752,165.318,16.125
4.197,2.43,32.843,32.843,57.225,603835.592,1920.602,94.622,25.239,59.93,3.749,165.374,16.124
4.197,2.43,32.852,32.852,57.22,603835.592,1920.602,94.636,25.259,59.948,3.747,165.429,16.122
4.197,2.43,32.86,32.86,57.215,603835.592,1920.602,94.651,25.28,59.965,3.744,165.485,16.121
4.197,2.43,32.868,32.868,57.21,603835.592,1920.602,94.665,25.301,59.983,3.742,165.541,16.12
4.197,2.43,32.877,32.877,57.205,603835.592,1920.602,94.68,25.321,60.001,3.739,165.596,16.118
4.197,2.43,32.885,32.885,57.2,603835.592,1920.602,94.694,25.342,60.018,3.737,165.652,16.117
4.197,2.43,32.894,32.894,57.195,603835.592,1920.602,94.709,25.362,60.036,3.734,165.707,16.115
4.197,2.43,32.902,32.902,57.19,603835.592,1920.602,94.724,25.383,60.053,3.732,165.763,16.114
4.197,2.43,32.911,32.911,57.185,603835.592,1920.602,94.738,25.404,60.071,3.729,165.818,16.113
4.197,2.43,32.919,32.919,57.18,603835.592,1920.602,94.753,25.424,60.088,3.727,165.874,16.111
4.197,2.43,32.928,32.928,57.175,603835.592,1920.602,94.767,25.445,60.106,3.724,165.929,16.11
4.197,2.43,32.936,32.936,57.17,603835.592,1920.602,94.782,25.465,60.124,3.722,165.985,16.108
4.197,2.43,32.945,32.945,57.165,603835.592,1920.602,94.797,25.486,60.141,3.72,166.04,16.107
4.197,2.43,32.953,32.953,57.16,603835.592,1920.602,94.811,25.506,60.159,3.717,166.096,16.106
4.197,2.43,32.962,32.962,57.156,603835.592,1920.602,94.826,25.527,60.176,3.715,166.151,16.104
4.197,2.43,32.97,32.97,57.151,603835.592,1920.602,94.84,25.548,60.194,3.712,166.207,16.103
4.197,2.43,32.979,32.979,57.146,603835.592,1920.602,94.855,25.568,60.211,3.71,166.262,16.101
4.197,2.43,32.987,32.987,57.141,603835.592,1920.602,94.869,25.589,60.229,3.707,166.318,16.1
4.197,2.43,32.996,32.996,57.136,603835.592,1920.602,94.884,25.609,60.247,3.705,166.373,16.099
4.197,2.43,33.004,33.004,57.131,603835.592,1920.602,94.898,25.63,60.264,3.703,166.429,16.097
4.197,2.43,33.013,33.013,57.126,603835.592,1920.602,94.913,25.651,60.282,3.7,166.484,16.096
4.197,2.43,33.021,33.021,57.121,603835.592,1920.602,94.927,25.671,60.299,3.698,166.54,16.094
4.197,2.43,33.03,33.03,57.116,603835.592,1920.602,94.942,25.692,60.317,3.695,166.595,16.093
4.197,2.43,33.038,33.038,57.111,603835.592,1920.602,94.956,25.712,60.334,3.693,166.651,16.092
4.197,2.43,33.047,33.047,57.106,603835.592,1920.602,94.971,25.733,60.352,3.691,166.706,16.09
4.197,2.43,33.055,33.055,57.101,603835.592,1920.602,94.985,25.754,60.37,3.688,166.761,16.089
4.197,2.43,33.064,33.064,57.095,603835.592,1920.602,95.0,25.774,60.387,3.686,166.817,16.087
4.197,2.43,33.072,33.072,57.09,603835.592,1920.602,95.015,25.795,60.405,3.683,166.872,16.086
4.197,2.43,33.081,33.081,57.085,603835.592,1920.602,95.029,25.815,60.422,3.681,166.928,16.084
4.197,2.43,33.089,33.089,57.08,603835.592,1920.602,95.044,25.836,60.44,3.679,166.983,16.083
4.197,2.43,33.098,33.098,57.075,603835.592,1920.602,95.058,25.857,60.457,3.676,167.039,16.082
4.197,2.43,33.106,33.106,57.07,603835.592,1920.602,95.073,25.877,60.475,3.674,167.094,16.08
4.197,2.43,33.114,33.114,57.065,603835.592,1920.602,95.087,25.898,60.492,3.672,167.149,16.079
4.197,2.43,33.123,33.123,57.06,603835.592,1920.602,95.101,25.918,60.51,3.669,167.205,16.077
4.197,2.43,33.131,33.131,57.055,603835.592,1920.602,95.116,25.939,60.528,3.667,167.26,16.076
4.197,2.43,33.14,33.14,57.05,603835.592,1920.602,95.13,25.96,60.545,3.665,167.316,16.074
4.197,2.43,33.148,33.148,57.045,603835.592,1920.602,95.145,25.98,60.563,3.662,167.371,16.073
4.197,2.43,33.157,33.157,57.04,603835.592,1920.602,95.159,26.001,60.58,3.66,167.426,16.072
4.197,2.43,33.165,33.165,57.035,603835.592,1920.602,95.174,26.022,60.598,3.658,167.482,16.07
4.197,2.43,33.174,33.174,57.03,603835.592,1920.602,95.188,26.042,60.615,3.655,167.537,16.069
4.197,2.43,33.182,33.182,57.025,603835.592,1920.602,95.203,26.063,60.633,3.653,167.593,16.067
4.197,2.43,33.191,33.191,57.02,603835.592,1920.602,95.217,26.083,60.65,3.65,167.648,16.066
4.197,2.43,33.199,33.199,57.015,603835.592,1920.602,95.232,26.104,60.668,3.648,167.703,16.064
4.197,2.43,33.208,33.208,57.009,603835.592,1920.602,95.246,26.125,60.685,3.646,167.759,16.063
4.197,2.43,33.216,33.216,57.004,603835.592,1920.602,95.261,26.145,60.703,3.644,167.814,16.062
4.197,2.43,33.225,33.225,56.999,603835.592,1920.602,95.275,26.166,60.72,3.641,167.869,16.06
4.197,2.43,33.233,33.233,56.994,603835.592,1920.602,95.289,26.186,60.738,3.639,167.925,16.059
4.197,2.43,33.241,33.241,56.989,603835.592,1920.602,95.304,26.207,60.755,3.637,167.98,16.057
4.197,2.43,33.25,33.25,56.984,603835.592,1920.602,95.318,26.228,60.773,3.634,168.035,16.056
4.197,2.43,33.258,33.258,56.979,603835.592,1920.602,95.333,26.248,60.79,3.632,168.091,16.054
4.197,2.43,33.267,33.267,56.974,603835.592,1920.602,95.347,26.269,60.808,3.63,168.146,16.053
4.197,2.43,33.275,33.275,56.969,603835.592,1920.602,95.361,26.29,60.825,3.627,168.201,16.052
4.197,2.43,33.284,33.284,56.963,603835.592,1920.602,95.376,26.31,60.843,3.625,168.257,16.05
4.197,2.43,33.292,33.292,56.958,603835.592,1920.602,95.39,26.331,60.861,3.623,168.312,16.049
4.197,2.43,33.301,33.301,56.953,603835.592,1920.602,95.405,26.351,60.878,3.62,168.367,16.047
4.197,2.43,33.309,33.309,56.948,603835.592,1920.602,95.419,26.372,60.896,3.618,168.422,16.046
4.197,2.43,33.318,33.318,56.943,603835.592,1920.602,95.433,26.393,60.913,3.616,168.478,16.044
4.197,2.43,33.326,33.326,56.938,603835.592,1920.602,95.448,26.413,60.931,3.614,168.533,16.043
4.197,2.43,33.334,33.334,56.933,603835.592,1920.602,95.462,26.434,60.948,3.611,168.588,16.041
4.197,2.43,33.343,33.343,56.927,603835.592,1920.602,95.477,26.455,60.966,3.609,168.644,16.04
4.197,2.43,33.351,33.351,56.922,603835.592,1920.602,95.491,26.475,60.983,3.607,168.699,16.038
4.197,2.43,33.36,33.36,56.917,603835.592,1920.602,95.505,26.496,61.001,3.605,168.754,16.037
4.197,2.43,33.368,33.368,56.912,603835.592,1920.602,95.52,26.516,61.018,3.602,168.809,16.036
4.197,2.43,33.377,33.377,56.907,603835.592,1920.602,95.534,26.537,61.036,3.6,168.865,16.034
4.197,2.43,33.385,33.385,56.902,603835.592,1920.602,95.548,26.558,61.053,3.598,168.92,16.033
4.197,2.43,33.394,33.394,56.896,603835.592,1920.602,95.563,26.578,61.071,3.596,168.975,16.031
4.197,2.43,33.402,33.402,56.891,603835.592,1920.602,95.577,26.599,61.088,3.593,169.03,16.03
4.197,2.43,33.41,33.41,56.886,603835.592,1920.602,95.591,26.62,61.105,3.591,169.085,16.028
4.197,2.43,33.419,33.419,56.881,603835.592,1920.602,95.606,26.64,61.123,3.589,169.141,16.027
4.197,2.43,33.427,33.427,56.876,603835.592,1920.602,95.62,26.661,61.14,3.587,169.196,16.025
4.197,2.43,33.436,33.436,56.87,603835.592,1920.602,95.634,26.682,61.158,3.584,169.251,16.024
4.197,2.43,33.444,33.444,56.865,603835.592,1920.602,95.649,26.702,61.175,3.582,169.306,16.022
4.197,2.43,33.453,33.453,56.86,603835.592,1920.602,95.663,26.723,61.193,3.58,169.361,16.021
4.197,2.43,33.461,33.461,56.855,603835.592,1920.602,95.677,26.743,61.21,3.578,169.417,16.019
4.197,2.43,33.469,33.469,56.849,603835.592,1920.602,95.692,26.764,61.228,3.575,169.472,16.018
4.197,2.43,33.478,33.478,56.844,603835.592,1920.602,95.706,26.785,61.245,3.573,169.527,16.016
4.197,2.43,33.486,33.486,56.839,603835.592,1920.602,95.72,26.805,61.263,3.571,169.582,16.015
4.197,2.43,33.495,33.495,56.834,603835.592,1920.602,95.734,26.826,61.28,3.569,169.637,16.014
4.197,2.43,33.503,33.503,56.829,603835.592,1920.602,95.749,26.847,61.298,3.567,169.692,16.012
4.197,2.43,33.512,33.512,56.823,603835.592,1920.602,95.763,26.867,61.315,3.564,169.748,16.011
4.197,2.43,33.52,33.52,56.818,603835.592,1920.602,95.777,26.888,61.333,3.562,169.803,16.009
4.197,2.43,33.528,33.528,56.813,603835.592,1920.602,95.792,26.909,61.35,3.56,169.858,16.008
4.197,2.43,33.537,33.537,56.808,603835.592,1920.602,95.806,26.929,61.368,3.558,169.913,16.006
4.197,2.43,33.545,33.545,56.802,603835.592,1920.602,95.82,26.95,61.385,3.555,169.968,16.005
4.197,2.43,33.554,33.554,56.797,603835.592,1920.602,95.834,26.971,61.402,3.553,170.023,16.003
4.197,2.43,33.562,33.562,56.792,603835.592,1920.602,95.849,26.991,61.42,3.551,170.078,16.002
4.197,2.43,33.571,33.571,56.786,603835.592,1920.602,95.863,27.012,61.437,3.549,170.133,16.0
4.197,2.43,33.579,33.579,56.781,603835.592,1920.602,95.877,27.032,61.455,3.547,170.188,15.999
4.197,2.43,33.587,33.587,56.776,603835.592,1920.602,95.891,27.053,61.472,3.545,170.244,15.997
4.197,2.43,33.596,33.596,56.771,603835.592,1920.602,95.906,27.074,61.49,3.542,170.299,15.996
4.197,2.43,33.604,33.604,56.765,603835.592,1920.602,95.92,27.094,61.507,3.54,170.354,15.994
4.197,2.43,33.613,33.613,56.76,603835.592,1920.602,95.934,27.115,61.525,3.538,170.409,15.993
4.197,2.43,33.621,33.621,56.755,603835.592,1920.602,95.948,27.136,61.542,3.536,170.464,15.991
4.197,2.43,33.63,33.63,56.749,603835.592,1920.602,95.962,27.156,61.559,3.534,170.519,15.99
4.197,2.43,33.638,33.638,56.744,603835.592,1920.602,95.977,27.177,61.577,3.532,170.574,15.988
4.197,2.43,33.646,33.646,56.739,603835.592,1920.602,95.991,27.198,61.594,3.529,170.629,15.987
4.197,2.43,33.655,33.655,56.733,603835.592,1920.602,96.005,27.218,61.612,3.527,170.684,15.985
4.197,2.43,33.663,33.663,56.728,603835.592,1920.602,96.019,27.239,61.629,3.525,170.739,15.984
4.197,2.43,33.672,33.672,56.723,603835.592,1920.602,96.033,27.26,61.647,3.523,170.794,15.982
4.197,2.43,33.68,33.68,56.717,603835.592,1920.602,96.048,27.28,61.664,3.521,170.849,15.981
4.197,2.43,33.688,33.688,56.712,603835.592,1920.602,96.062,27.301,61.681,3.519,170.904,15.979
4.197,2.43,33.697,33.697,56.707,603835.592,1920.602,96.076,27.322,61.699,3.516,170.959,15.978
4.197,2.43,33.705,33.705,56.701,603835.592,1920.602,96.09,27.342,61.716,3.514,171.014,15.976
4.197,2.43,33.714,33.714,56.696,603835.592,1920.602,96.104,27.363,61.734,3.512,171.069,15.975
4.197,2.43,33.722,33.722,56.69,603835.592,1920.602,96.118,27.384,61.751,3.51,171.124,15.973
4.197,2.43,33.73,33.73,56.685,603835.592,1920.602,96.133,27.404,61.768,3.508,171.179,15.972
4.197,2.43,33.739,33.739,56.68,603835.592,1920.602,96.147,27.425,61.786,3.506,171.234,15.97
4.197,2.43,33.747,33.747,56.674,603835.592,1920.602,96.161,27.446,61.803,3.504,171.289,15.969
4.197,2.43,33.756,33.756,56.669,603835.592,1920.602,96.175,27.466,61.821,3.502,171.344,15.967
4.197,2.43,33.764,33.764,56.664,603835.592,1920.602,96.189,27.487,61.838,3.499,171.399,15.966
4.197,2.43,33.772,33.772,56.658,603835.592,1920.602,96.203,27.508,61.855,3.497,171.454,15.964
4.197,2.43,33.781,33.781,56.653,603835.592,1920.602,96.217,27.528,61.873,3.495,171.509,15.963
4.197,2.43,33.789,33.789,56.647,603835.592,1920.602,96.231,27.549,61.89,3.493,171.564,15.961
4.197,2.43,33.798,33.798,56.642,603835.592,1920.602,96.246,27.57,61.908,3.491,171.619,15.959
4.197,2.43,33.806,33.806,56.636,603835.592,1920.602,96.26,27.59,61.925,3.489,171.673,15.958
4.197,2.43,33.814,33.814,56.631,603835.592,1920.602,96.274,27.611,61.942,3.487,171.728,15.956
4.197,2.43,33.823,33.823,56.626,603835.592,1920.602,96.288,27.632,61.96,3.485,171.783,15.955
4.197,2.43,33.831,33.831,56.62,603835.592,1920.602,96.302,27.652,61.977,3.483,171.838,15.953
4.197,2.43,33.84,33.84,56.615,603835.592,1920.602,96.316,27.673,61.995,3.48,171.893,15.952
4.197,2.43,33.848,33.848,56.609,603835.592,1920.602,96.33,27.694,62.012,3.478,171.948,15.95
4.197,2.43,33.856,33.856,56.604,603835.592,1920.602,96.344,27.714,62.029,3.476,172.003,15.949
4.197,2.43,33.865,33.865,56.598,603835.592,1920.602,96.358,27.735,62.047,3.474,172.058,15.947
4.197,2.43,33.873,33.873,56.593,603835.592,1920.602,96.372,27.756,62.064,3.472,172.112,15.946
4.197,2.43,33.882,33.882,56.587,603835.592,1920.602,96.386,27.777,62.081,3.47,172.167,15.944
4.197,2.43,33.89,33.89,56.582,603835.592,1920.602,96.4,27.797,62.099,3.468,172.222,15.943
4.197,2.43,33.898,33.898,56.576,603835.592,1920.602,96.414,27.818,62.116,3.466,172.277,15.941
4.197,2.43,33.907,33.907,56.571,603835.592,1920.602,96.428,27.839,62.134,3.464,172.332,15.939
4.197,2.43,33.915,33.915,56.565,603835.592,1920.602,96.442,27.859,62.151,3.462,172.387,15.938
4.197,2.43,33.923,33.923,56.56,603835.592,1920.602,96.457,27.88,62.168,3.46,172.441,15.936
4.197,2.43,33.932,33.932,56.555,603835.592,1920.602,96.471,27.901,62.186,3.458,172.496,15.935
4.197,2.43,33.94,33.94,56.549,603835.592,1920.602,96.485,27.921,62.203,3.456,172.551,15.933
4.197,2.43,33.949,33.949,56.543,603835.592,1920.602,96.499,27.942,62.22,3.454,172.606,15.932
4.197,2.43,33.957,33.957,56.538,603835.592,1920.602,96.513,27.963,62.238,3.451,172.661,15.93
4.197,2.43,33.965,33.965,56.532,603835.592,1920.602,96.527,27.983,62.255,3.449,172.715,15.929
4.197,2.43,33.974,33.974,56.527,603835.592,1920.602,96.541,28.004,62.272,3.447,172.77,15.927
4.197,2.43,33.982,33.982,56.521,603835.592,1920.602,96.555,28.025,62.29,3.445,172.825,15.926
4.197,2.43,33.99,33.99,56.516,603835.592,1920.602,96.569,28.046,62.307,3.443,172.88,15.924
4.197,2.43,33.999,33.999,56.51,603835.592,1920.602,96.582,28.066,62.324,3.441,172.934,15.922
4.197,2.43,34.007,34.007,56.505,603835.592,1920.602,96.596,28.087,62.342,3.439,172.989,15.921
4.197,2.43,34.016,34.016,56.499,603835.592,1920.602,96.61,28.108,62.359,3.437,173.044,15.919
4.197,2.43,34.024,34.024,56.494,603835.592,1920.602,96.624,28.128,62.376,3.435,173.099,15.918
4.197,2.43,34.032,34.032,56.488,603835.592,1920.602,96.638,28.149,62.394,3.433,173.153,15.916
4.197,2.43,34.041,34.041,56.482,603835.592,1920.602,96.652,28.17,62.411,3.431,173.208,15.915
4.197,2.43,34.049,34.049,56.477,603835.592,1920.602,96.666,28.19,62.428,3.429,173.263,15.913
4.197,2.43,34.057,34.057,56.471,603835.592,1920.602,96.68,28.211,62.446,3.427,173.317,15.911
4.197,2.43,34.066,34.066,56.466,603835.592,1920.602,96.694,28.232,62.463,3.425,173.372,15.91
4.197,2.43,34.074,34.074,56.46,603835.592,1920.602,96.708,28.253,62.48,3.423,173.427,15.908
4.197,2.43,34.082,34.082,56.455,603835.592,1920.602,96.722,28.273,62.498,3.421,173.481,15.907
4.197,2.43,34.091,34.091,56.449,603835.592,1920.602,96.736,28.294,62.515,3.419,173.536,15.905
4.197,2.43,34.099,34.099,56.443,603835.592,1920.602,96.75,28.315,62.532,3.417,173.591,15.904
4.197,2.43,34.108,34.108,56.438,603835.592,1920.602,96.764,28.335,62.549,3.415,173.645,15.902
4.197,2.43,34.116,34.116,56.432,603835.592,1920.602,96.777,28.356,62.567,3.413,173.7,15.9
4.197,2.43,34.124,34.124,56.426,603835.592,1920.602,96.791,28.377,62.584,3.411,173.755,15.899
4.197,2.43,34.133,34.133,56.421,603835.592,1920.602,96.805,28.397,62.601,3.409,173.809,15.897
4.197,2.43,34.141,34.141,56.415,603835.592,1920.602,96.819,28.418,62.619,3.407,173.864,15.896
4.197,2.43,34.149,34.149,56.41,603835.592,1920.602,96.833,28.439,62.636,3.405,173.918,15.894
4.197,2.43,34.158,34.158,56.404,603835.592,1920.602,96.847,28.46,62.653,3.403,173.973,15.892
4.197,2.43,34.166,34.166,56.398,603835.592,1920.602,96.861,28.48,62.671,3.401,174.028,15.891
4.197,2.43,34.174,34.174,56.393,603835.592,1920.602,96.875,28.501,62.688,3.399,174.082,15.889
4.197,2.43,34.183,34.183,56.387,603835.592,1920.602,96.888,28.522,62.705,3.397,174.137,15.888
4.197,2.43,34.191,34.191,56.381,603835.592,1920.602,96.902,28.542,62.722,3.395,174.191,15.886
4.197,2.43,34.199,34.199,56.376,603835.592,1920.602,96.916,28.563,62.74,3.393,174.246,15.884
4.197,2.43,34.208,34.208,56.37,603835.592,1920.602,96.93,28.584,62.757,3.391,174.3,15.883
4.197,2.43,34.216,34.216,56.364,603835.592,1920.602,96.944,28.605,62.774,3.389,174.355,15.881
4.197,2.43,34.224,34.224,56.358,603835.592,1920.602,96.958,28.625,62.791,3.387,174.409,15.88
4.197,2.43,34.233,34.233,56.353,603835.592,1920.602,96.971,28.646,62.809,3.385,174.464,15.878
4.197,2.43,34.241,34.241,56.347,603835.592,1920.602,96.985,28.667,62.826,3.383,174.518,15.876
4.197,2.43,34.249,34.249,56.341,603835.592,1920.602,96.999,28.688,62.843,3.381,174.573,15.875
4.197,2.43,34.258,34.258,56.336,603835.592,1920.602,97.013,28.708,62.86,3.379,174.627,15.873
4.197,2.43,34.266,34.266,56.33,603835.592,1920.602,97.027,28.729,62.878,3.377,174.682,15.872
4.197,2.43,34.274,34.274,56.324,603835.592,1920.602,97.04,28.75,62.895,3.375,174.736,15.87
4.197,2.43,34.283,34.283,56.318,603835.592,1920.602,97.054,28.77,62.912,3.373,174.791,15.868
4.197,2.43,34.291,34.291,56.313,603835.592,1920.602,97.068,28.791,62.929,3.371,174.845,15.867
4.197,2.43,34.299,34.299,56.307,603835.592,1920.602,97.082,28.812,62.947,3.369,174.9,15.865
4.197,2.43,34.308,34.308,56.301,603835.592,1920.602,97.095,28.833,62.964,3.368,174.954,15.863
4.197,2.43,34.316,34.316,56.295,603835.592,1920.602,97.109,28.853,62.981,3.366,175.009,15.862
4.197,2.43,34.324,34.324,56.29,603835.592,1920.602,97.123,28.874,62.998,3.364,175.063,15.86
4.197,2.43,34.333,34.333,56.284,603835.592,1920.602,97.137,28.895,63.016,3.362,175.118,15.859
4.197,2.43,34.341,34.341,56.278,603835.592,1920.602,97.15,28.916,63.033,3.36,175.172,15.857
4.197,2.43,34.349,34.349,56.272,603835.592,1920.602,97.164,28.936,63.05,3.358,175.226,15.855
4.197,2.43,34.358,34.358,56.267,603835.592,1920.602,97.178,28.957,63.067,3.356,175.281,15.854
4.197,2.43,34.366,34.366,56.261,603835.592,1920.602,97.191,28.978,63.085,3.354,175.335,15.852
4.197,2.43,34.374,34.374,56.255,603835.592,1920.602,97.205,28.998,63.102,3.352,175.389,15.85
4.197,2.43,34.382,34.382,56.249,603835.592,1920.602,97.219,29.019,63.119,3.35,175.444,15.849
4.197,2.43,34.391,34.391,56.243,603835.592,1920.602,97.233,29.04,63.136,3.348,175.498,15.847
4.197,2.43,34.399,34.399,56.238,603835.592,1920.602,97.246,29.061,63.153,3.346,175.553,15.846
4.197,2.43,34.407,34.407,56.232,603835.592,1920.602,97.26,29.081,63.171,3.344,175.607,15.844
4.197,2.43,34.416,34.416,56.226,603835.592,1920.602,97.274,29.102,63.188,3.342,175.661,15.842
4.197,2.43,34.424,34.424,56.22,603835.592,1920.602,97.287,29.123,63.205,3.341,175.716,15.841
4.197,2.43,34.432,34.432,56.214,603835.592,1920.602,97.301,29.144,63.222,3.339,175.77,15.839
4.197,2.43,34.441,34.441,56.208,603835.592,1920.602,97.315,29.164,63.239,3.337,175.824,15.837
4.197,2.43,34.449,34.449,56.202,603835.592,1920.602,97.328,29.185,63.257,3.335,175.878,15.836
4.197,2.43,34.457,34.457,56.197,603835.592,1920.602,97.342,29.206,63.274,3.333,175.933,15.834
4.197,2.43,34.466,34.466,56.191,603835.592,1920.602,97.355,29.227,63.291,3.331,175.987,15.832
4.197,2.43,34.474,34.474,56.185,603835.592,1920.602,97.369,29.247,63.308,3.329,176.041,15.831
4.197,2.43,34.482,34.482,56.179,603835.592,1920.602,97.383,29.268,63.325,3.327,176.096,15.829
4.197,2.43,34.49,34.49,56.173,603835.592,1920.602,97.396,29.289,63.343,3.325,176.15,15.827
4.197,2.43,34.499,34.499,56.167,603835.592,1920.602,97.41,29.31,63.36,3.323,176.204,15.826
4.197,2.43,34.507,34.507,56.161,603835.592,1920.602,97.423,29.33,63.377,3.322,176.258,15.824
4.197,2.43,34.515,34.515,56.155,603835.592,1920.602,97.437,29.351,63.394,3.32,176.312,15.822
4.197,2.43,34.524,34.524,56.149,603835.592,1920.602,97.451,29.372,63.411,3.318,176.367,15.821
4.197,2.43,34.532,34.532,56.144,603835.592,1920.602,97.464,29.393,63.428,3.316,176.421,15.819
4.197,2.43,34.54,34.54,56.138,603835.592,1920.602,97.478,29.413,63.446,3.314,176.475,15.817
4.197,2.43,34.548,34.548,56.132,603835.592,1920.602,97.491,29.434,63.463,3.312,176.529,15.816
4.197,2.43,34.557,34.557,56.126,603835.592,1920.602,97.505,29.455,63.48,3.31,176.583,15.814
4.197,2.43,34.565,34.565,56.12,603835.592,1920.602,97.518,29.476,63.497,3.308,176.638,15.812
4.197,2.43,34.573,34.573,56.114,603835.592,1920.602,97.532,29.496,63.514,3.307,176.692,15.811
4.197,2.43,34.582,34.582,56.108,603835.592,1920.602,97.546,29.517,63.531,3.305,176.746,15.809
4.197,2.43,34.59,34.59,56.102,603835.592,1920.602,97.559,29.538,63.548,3.303,176.8,15.807
4.197,2.43,34.598,34.598,56.096,603835.592,1920.602,97.573,29.559,63.566,3.301,176.854,15.806
4.197,2.43,34.606,34.606,56.09,603835.592,1920.602,97.586,29.579,63.583,3.299,176.908,15.804
4.197,2.43,34.615,34.615,56.084,603835.592,1920.602,97.6,29.6,63.6,3.297,176.962,15.802
4.197,2.43,34.623,34.623,56.078,603835.592,1920.602,97.613,29.621,63.617,3.295,177.016,15.801
4.197,2.43,34.631,34.631,56.072,603835.592,1920.602,97.627,29.642,63.634,3.294,177.071,15.799
4.197,2.43,34.639,34.639,56.066,603835.592,1920.602,97.64,29.662,63.651,3.292,177.125,15.797
4.197,2.43,34.648,34.648,56.06,603835.592,1920.602,97.654,29.683,63.668,3.29,177.179,15.796
4.197,2.43,34.656,34.656,56.054,603835.592,1920.602,97.667,29.704,63.686,3.288,177.233,15.794
4.197,2.43,34.664,34.664,56.048,603835.592,1920.602,97.681,29.725,63.703,3.286,177.287,15.792
4.197,2.43,34.672,34.672,56.042,603835.592,1920.602,97.694,29.746,63.72,3.284,177.341,15.79
4.197,2.43,34.681,34.681,56.036,603835.592,1920.602,97.707,29.766,63.737,3.282,177.395,15.789
4.197,2.43,34.689,34.689,56.03,603835.592,1920.602,97.721,29.787,63.754,3.281,177.449,15.787
4.197,2.43,34.697,34.697,56.024,603835.592,1920.602,97.734,29.808,63.771,3.279,177.503,15.785
4.197,2.43,34.706,34.706,56.018,603835.592,1920.602,97.748,29.829,63.788,3.277,177.557,15.784
4.197,2.43,34.714,34.714,56.012,603835.592,1920.602,97.761,29.849,63.805,3.275,177.611,15.782
4.197,2.43,34.722,34.722,56.006,603835.592,1920.602,97.775,29.87,63.822,3.273,177.665,15.78
4.197,2.43,34.73,34.73,56.0,603835.592,1920.602,97.788,29.891,63.839,3.272,177.719,15.779
4.197,2.43,34.739,34.739,55.994,603835.592,1920.602,97.801,29.912,63.857,3.27,177.773,15.777
4.197,2.43,34.747,34.747,55.988,603835.592,1920.602,97.815,29.932,63.874,3.268,177.827,15.775
4.197,2.43,34.755,34.755,55.981,603835.592,1920.602,97.828,29.953,63.891,3.266,177.881,15.773
4.197,2.43,34.763,34.763,55.975,603835.592,1920.602,97.842,29.974,63.908,3.264,177.935,15.772
4.197,2.43,34.772,34.772,55.969,603835.592,1920.602,97.855,29.995,63.925,3.262,177.989,15.77
4.197,2.43,34.78,34.78,55.963,603835.592,1920.602,97.868,30.016,63.942,3.261,178.043,15.768
4.197,2.43,34.788,34.788,55.957,603835.592,1920.602,97.882,30.036,63.959,3.259,178.097,15.766
4.197,2.43,34.796,34.796,55.951,603835.592,1920.602,97.895,30.057,63.976,3.257,178.15,15.765
4.197,2.43,34.804,34.804,55.945,603835.592,1920.602,97.908,30.078,63.993,3.255,178.204,15.763
4.197,2.43,34.813,34.813,55.939,603835.592,1920.602,97.922,30.099,64.01,3.253,178.258,15.761
4.197,2.43,34.821,34.821,55.933,603835.592,1920.602,97.935,30.119,64.027,3.252,178.312,15.76
4.197,2.43,34.829,34.829,55.926,603835.592,1920.602,97.948,30.14,64.044,3.25,178.366,15.758
4.197,2.43,34.837,34.837,55.92,603835.592,1920.602,97.962,30.161,64.061,3.248,178.42,15.756
4.197,2.43,34.846,34.846,55.914,603835.592,1920.602,97.975,30.182,64.078,3.246,178.474,15.754
4.197,2.43,34.854,34.854,55.908,603835.592,1920.602,97.988,30.203,64.095,3.244,178.527,15.753
4.197,2.43,34.862,34.862,55.902,603835.592,1920.602,98.002,30.223,64.113,3.243,178.581,15.751
4.197,2.43,34.87,34.87,55.896,603835.592,1920.602,98.015,30.244,64.13,3.241,178.635,15.749
4.197,2.43,34.879,34.879,55.889,603835.592,1920.602,98.028,30.265,64.147,3.239,178.689,15.747
4.197,2.43,34.887,34.887,55.883,603835.592,1920.602,98.042,30.286,64.164,3.237,178.743,15.746
4.197,2.43,34.895,34.895,55.877,603835.592,1920.602,98.055,30.306,64.181,3.235,178.796,15.744
4.197,2.43,34.903,34.903,55.871,603835.592,1920.602,98.068,30.327,64.198,3.234,178.85,15.742
4.197,2.43,34.911,34.911,55.865,603835.592,1920.602,98.081,30.348,64.215,3.232,178.904,15.74
4.197,2.43,34.92,34.92,55.858,603835.592,1920.602,98.095,30.369,64.232,3.23,178.958,15.739
4.197,2.43,34.928,34.928,55.852,603835.592,1920.602,98.108,30.39,64.249,3.228,179.011,15.737
4.197,2.43,34.936,34.936,55.846,603835.592,1920.602,98.121,30.41,64.266,3.227,179.065,15.735
4.197,2.43,34.944,34.944,55.84,603835.592,1920.602,98.134,30.431,64.283,3.225,179.119,15.733
4.197,2.43,34.953,34.953,55.833,603835.592,1920.602,98.148,30.452,64.3,3.223,179.173,15.732
4.197,2.43,34.961,34.961,55.827,603835.592,1920.602,98.161,30.473,64.317,3.221,179.226,15.73
4.197,2.43,34.969,34.969,55.821,603835.592,1920.602,98.174,30.494,64.334,3.219,179.28,15.728
4.197,2.43,34.977,34.977,55.815,603835.592,1920.602,98.187,30.514,64.351,3.218,179.334,15.726
4.197,2.43,34.985,34.985,55.808,603835.592,1920.602,98.2,30.535,64.368,3.216,179.387,15.725
4.197,2.43,34.994,34.994,55.802,603835.592,1920.602,98.214,30.556,64.385,3.214,179.441,15.723
4.197,2.43,35.002,35.002,55.796,603835.592,1920.602,98.227,30.577,64.402,3.212,179.495,15.721
4.197,2.43,35.01,35.01,55.79,603835.592,1920.602,98.24,30.598,64.419,3.211,179.548,15.719
4.197,2.43,35.018,35.018,55.783,603835.592,1920.602,98.253,30.618,64.436,3.209,179.602,15.718
4.197,2.43,35.026,35.026,55.777,603835.592,1920.602,98.266,30.639,64.453,3.207,179.655,15.716
4.197,2.43,35.035,35.035,55.771,603835.592,1920.602,98.279,30.66,64.47,3.205,179.709,15.714
4.197,2.43,35.043,35.043,55.764,603835.592,1920.602,98.293,30.681,64.487,3.204,179.763,15.712
4.197,2.43,35.051,35.051,55.758,603835.592,1920.602,98.306,30.702,64.504,3.202,179.816,15.71
4.197,2.43,35.059,35.059,55.752,603835.592,1920.602,98.319,30.722,64.521,3.2,179.87,15.709
4.197,2.43,35.067,35.067,55.745,603835.592,1920.602,98.332,30.743,64.538,3.199,179.923,15.707
4.197,2.43,35.075,35.075,55.739,603835.592,1920.602,98.345,30.764,64.554,3.197,179.977,15.705
4.197,2.43,35.084,35.084,55.733,603835.592,1920.602,98.358,30.785,64.571,3.195,180.03,15.703
4.197,2.43,35.092,35.092,55.726,603835.592,1920.602,98.371,30.805,64.588,3.193,180.084,15.702
4.197,2.43,35.1,35.1,55.72,603835.592,1920.602,98.384,30.826,64.605,3.192,180.137,15.7
4.197,2.43,35.108,35.108,55.714,603835.592,1920.602,98.397,30.847,64.622,3.19,180.191,15.698
4.197,2.43,35.116,35.116,55.707,603835.592,1920.602,98.411,30.868,64.639,3.188,180.244,15.696
4.197,2.43,35.125,35.125,55.701,603835.592,1920.602,98.424,30.889,64.656,3.186,180.298,15.694
4.197,2.43,35.133,35.133,55.695,603835.592,1920.602,98.437,30.909,64.673,3.185,180.351,15.693
4.197,2.43,35.141,35.141,55.688,603835.592,1920.602,98.45,30.93,64.69,3.183,180.405,15.691
4.197,2.43,35.149,35.149,55.682,603835.592,1920.602,98.463,30.951,64.707,3.181,180.458,15.689
4.197,2.43,35.157,35.157,55.675,603835.592,1920.602,98.476,30.972,64.724,3.18,180.512,15.687
4.197,2.43,35.165,35.165,55.669,603835.592,1920.602,98.489,30.993,64.741,3.178,180.565,15.685
4.197,2.43,35.174,35.174,55.663,603835.592,1920.602,98.502,31.013,64.758,3.176,180.619,15.684
4.197,2.43,35.182,35.182,55.656,603835.592,1920.602,98.515,31.034,64.775,3.174,180.672,15.682
4.197,2.43,35.19,35.19,55.65,603835.592,1920.602,98.528,31.055,64.792,3.173,180.725,15.68
4.197,2.43,35.198,35.198,55.643,603835.592,1920.602,98.541,31.076,64.808,3.171,180.779,15.678
4.197,2.43,35.206,35.206,55.637,603835.592,1920.602,98.554,31.097,64.825,3.169,180.832,15.676
4.197,2.43,35.214,35.214,55.631,603835.592,1920.602,98.567,31.117,64.842,3.168,180.886,15.675
4.197,2.43,35.223,35.223,55.624,603835.592,1920.602,98.58,31.138,64.859,3.166,180.939,15.673
4.197,2.43,35.231,35.231,55.618,603835.592,1920.602,98.593,31.159,64.876,3.164,180.992,15.671
4.197,2.43,35.239,35.239,55.611,603835.592,1920.602,98.606,31.18,64.893,3.162,181.046,15.669
4.197,2.43,35.247,35.247,55.605,603835.592,1920.602,98.619,31.201,64.91,3.161,181.099,15.667
4.197,2.43,35.255,35.255,55.598,603835.592,1920.602,98.632,31.221,64.927,3.159,181.152,15.665
4.197,2.43,35.263,35.263,55.592,603835.592,1920.602,98.645,31.242,64.944,3.157,181.206,15.664
4.197,2.43,35.271,35.271,55.585,603835.592,1920.602,98.658,31.263,64.96,3.156,181.259,15.662
4.197,2.43,35.28,35.28,55.579,603835.592,1920.602,98.671,31.284,64.977,3.154,181.312,15.66
4.197,2.43,35.288,35.288,55.573,603835.592,1920.602,98.684,31.305,64.994,3.152,181.365,15.658
4.197,2.43,35.296,35.296,55.566,603835.592,1920.602,98.697,31.325,65.011,3.151,181.419,15.656
4.197,2.43,35.304,35.304,55.56,603835.592,1920.602,98.71,31.346,65.028,3.149,181.472,15.654
4.197,2.43,35.312,35.312,55.553,603835.592,1920.602,98.723,31.367,65.045,3.147,181.525,15.653
4.197,2.43,35.32,35.32,55.547,603835.592,1920.602,98.736,31.388,65.062,3.146,181.578,15.651
4.197,2.43,35.328,35.328,55.54,603835.592,1920.602,98.748,31.409,65.078,3.144,181.632,15.649
4.197,2.43,35.337,35.337,55.534,603835.592,1920.602,98.761,31.429,65.095,3.142,181.685,15.647
4.197,2.43,35.345,35.345,55.527,603835.592,1920.602,98.774,31.45,65.112,3.141,181.738,15.645
4.197,2.43,35.353,35.353,55.521,603835.592,1920.602,98.787,31.471,65.129,3.139,181.791,15.644
4.197,2.43,35.361,35.361,55.514,603835.592,1920.602,98.8,31.492,65.146,3.137,181.844,15.642
4.197,2.43,35.369,35.369,55.508,603835.592,1920.602,98.813,31.512,65.163,3.136,181.898,15.64
4.197,2.43,35.377,35.377,55.501,603835.592,1920.602,98.826,31.533,65.18,3.134,181.951,15.638
4.197,2.43,35.385,35.385,55.494,603835.592,1920.602,98.839,31.554,65.196,3.132,182.004,15.636
4.197,2.43,35.393,35.393,55.488,603835.592,1920.602,98.852,31.575,65.213,3.131,182.057,15.634
4.197,2.43,35.402,35.402,55.481,603835.592,1920.602,98.864,31.596,65.23,3.129,182.11,15.632
4.197,2.43,35.41,35.41,55.475,603835.592,1920.602,98.877,31.616,65.247,3.127,182.163,15.631
4.197,2.43,35.418,35.418,55.468,603835.592,1920.602,98.89,31.637,65.264,3.126,182.216,15.629
4.197,2.43,35.426,35.426,55.462,603835.592,1920.602,98.903,31.658,65.28,3.124,182.269,15.627
4.197,2.43,35.434,35.434,55.455,603835.592,1920.602,98.916,31.679,65.297,3.122,182.322,15.625
4.197,2.43,35.442,35.442,55.449,603835.592,1920.602,98.929,31.7,65.314,3.121,182.375,15.623
4.197,2.43,35.45,35.45,55.442,603835.592,1920.602,98.941,31.72,65.331,3.119,182.429,15.621
4.197,2.43,35.458,35.458,55.436,603835.592,1920.602,98.954,31.741,65.348,3.118,182.482,15.62
4.197,2.43,35.466,35.466,55.429,603835.592,1920.602,98.967,31.762,65.364,3.116,182.535,15.618
4.197,2.43,35.475,35.475,55.422,603835.592,1920.602,98.98,31.783,65.381,3.114,182.588,15.616
4.197,2.43,35.483,35.483,55.416,603835.592,1920.602,98.993,31.803,65.398,3.113,182.641,15.614
4.197,2.43,35.491,35.491,55.409,603835.592,1920.602,99.005,31.824,65.415,3.111,182.694,15.612
4.197,2.43,35.499,35.499,55.403,603835.592,1920.602,99.018,31.845,65.432,3.109,182.747,15.61
4.197,2.43,35.507,35.507,55.396,603835.592,1920.602,99.031,31.866,65.448,3.108,182.8,15.608
4.197,2.43,35.515,35.515,55.389,603835.592,1920.602,99.044,31.886,65.465,3.106,182.853,15.607
4.197,2.43,35.523,35.523,55.383,603835.592,1920.602,99.057,31.907,65.482,3.105,182.906,15.605
4.197,2.43,35.531,35.531,55.376,603835.592,1920.602,99.069,31.928,65.499,3.103,182.958,15.603
4.197,2.43,35.539,35.539,55.37,603835.592,1920.602,99.082,31.949,65.515,3.101,183.011,15.601
4.197,2.43,35.547,35.547,55.363,603835.592,1920.602,99.095,31.97,65.532,3.1,183.064,15.599
4.197,2.43,35.556,35.556,55.356,603835.592,1920.602,99.108,31.99,65.549,3.098,183.117,15.597
4.197,2.43,35.564,35.564,55.35,603835.592,1920.602,99.12,32.011,65.566,3.096,183.17,15.595
4.197,2.43,35.572,35.572,55.343,603835.592,1920.602,99.133,32.032,65.582,3.095,183.223,15.594
4.197,2.43,35.58,35.58,55.337,603835.592,1920.602,99.146,32.053,65.599,3.093,183.276,15.592
4.197,2.43,35.588,35.588,55.33,603835.592,1920.602,99.159,32.073,65.616,3.092,183.329,15.59
4.197,2.43,35.596,35.596,55.323,603835.592,1920.602,99.171,32.094,65.633,3.09,183.382,15.588
4.197,2.43,35.604,35.604,55.317,603835.592,1920.602,99.184,32.115,65.649,3.088,183.435,15.586
4.197,2.43,35.612,35.612,55.31,603835.592,1920.602,99.197,32.136,65.666,3.087,183.487,15.584
4.197,2.43,35.62,35.62,55.303,603835.592,1920.602,99.209,32.156,65.683,3.085,183.54,15.582
4.197,2.43,35.628,35.628,55.297,603835.592,1920.602,99.222,32.177,65.7,3.084,183.593,15.58
4.197,2.43,35.636,35.636,55.29,603835.592,1920.602,99.235,32.198,65.716,3.082,183.646,15.579
4.197,2.43,35.644,35.644,55.283,603835.592,1920.602,99.247,32.219,65.733,3.08,183.699,15.577
4.197,2.43,35.653,35.653,55.277,603835.592,1920.602,99.26,32.239,65.75,3.079,183.751,15.575
4.197,2.43,35.661,35.661,55.27,603835.592,1920.602,99.273,32.26,65.766,3.077,183.804,15.573
4.197,2.43,35.669,35.669,55.263,603835.592,1920.602,99.285,32.281,65.783,3.076,183.857,15.571
4.197,2.43,35.677,35.677,55.257,603835.592,1920.602,99.298,32.302,65.8,3.074,183.91,15.569
4.197,2.43,35.685,35.685,55.25,603835.592,1920.602,99.311,32.322,65.817,3.072,183.962,15.567
4.197,2.43,35.693,35.693,55.243,603835.592,1920.602,99.323,32.343,65.833,3.071,184.015,15.565
4.197,2.43,35.701,35.701,55.237,603835.592,1920.602,99.336,32.364,65.85,3.069,184.068,15.564
4.197,2.43,35.709,35.709,55.23,603835.592,1920.602,99.349,32.385,65.867,3.068,184.121,15.562
4.197,2.43,35.717,35.717,55.223,603835.592,1920.602,99.361,32.405,65.883,3.066,184.173,15.56
4.197,2.43,35.725,35.725,55.217,603835.592,1920.602,99.374,32.426,65.9,3.065,184.226,15.558
4.197,2.43,35.733,35.733,55.21,603835.592,1920.602,99.387,32.447,65.917,3.063,184.279,15.556
4.197,2.43,35.741,35.741,55.203,603835.592,1920.602,99.399,32.468,65.933,3.061,184.331,15.554
4.197,2.43,35.749,35.749,55.197,603835.592,1920.602,99.412,32.488,65.95,3.06,184.384,15.552
4.197,2.43,35.757,35.757,55.19,603835.592,1920.602,99.424,32.509,65.967,3.058,184.437,15.55
4.197,2.43,35.765,35.765,55.183,603835.592,1920.602,99.437,32.53,65.983,3.057,184.489,15.548
4.197,2.43,35.773,35.773,55.176,603835.592,1920.602,99.45,32.551,66.0,3.055,184.542,15.547
4.197,2.43,35.781,35.781,55.17,603835.592,1920.602,99.462,32.571,66.017,3.054,184.595,15.545
4.197,2.43,35.789,35.789,55.163,603835.592,1920.602,99.475,32.592,66.033,3.052,184.647,15.543
4.197,2.43,35.798,35.798,55.156,603835.592,1920.602,99.487,32.613,66.05,3.051,184.7,15.541
4.197,2.43,35.806,35.806,55.15,603835.592,1920.602,99.5,32.634,66.067,3.049,184.752,15.539
4.197,2.43,35.814,35.814,55.143,603835.592,1920.602,99.513,32.654,66.083,3.047,184.805,15.537
4.197,2.43,35.822,35.822,55.136,603835.592,1920.602,99.525,32.675,66.1,3.046,184.858,15.535
4.197,2.43,35.83,35.83,55.129,603835.592,1920.602,99.538,32.696,66.117,3.044,184.91,15.533
4.197,2.43,35.838,35.838,55.123,603835.592,1920.602,99.55,32.716,66.133,3.043,184.963,15.531
4.197,2.43,35.846,35.846,55.116,603835.592,1920.602,99.563,32.737,66.15,3.041,185.015,15.53
4.197,2.43,35.854,35.854,55.109,603835.592,1920.602,99.575,32.758,66.167,3.04,185.068,15.528
4.197,2.43,35.862,35.862,55.102,603835.592,1920.602,99.588,32.779,66.183,3.038,185.12,15.526
4.197,2.43,35.87,35.87,55.096,603835.592,1920.602,99.6,32.799,66.2,3.037,185.173,15.524
4.197,2.43,35.878,35.878,55.089,603835.592,1920.602,99.613,32.82,66.216,3.035,185.225,15.522
4.197,2.43,35.886,35.886,55.082,603835.592,1920.602,99.625,32.841,66.233,3.034,185.278,15.52
4.197,2.43,35.894,35.894,55.075,603835.592,1920.602,99.638,32.861,66.25,3.032,185.33,15.518
4.197,2.43,35.902,35.902,55.069,603835.592,1920.602,99.651,32.882,66.266,3.031,185.383,15.516
4.197,2.43,35.91,35.91,55.062,603835.592,1920.602,99.663,32.903,66.283,3.029,185.435,15.514
4.197,2.43,35.918,35.918,55.055,603835.592,1920.602,99.676,32.924,66.3,3.027,185.487,15.512
4.197,2.43,35.926,35.926,55.048,603835.592,1920.602,99.688,32.944,66.316,3.026,185.54,15.51
4.197,2.43,35.934,35.934,55.042,603835.592,1920.602,99.701,32.965,66.333,3.024,185.592,15.509
4.197,2.43,35.942,35.942,55.035,603835.592,1920.602,99.713,32.986,66.349,3.023,185.645,15.507
4.197,2.43,35.95,35.95,55.028,603835.592,1920.602,99.726,33.006,66.366,3.021,185.697,15.505
4.197,2.43,35.958,35.958,55.021,603835.592,1920.602,99.738,33.027,66.383,3.02,185.75,15.503
4.197,2.43,35.966,35.966,55.015,603835.592,1920.602,99.75,33.048,66.399,3.018,185.802,15.501
4.197,2.43,35.974,35.974,55.008,603835.592,1920.602,99.763,33.068,66.416,3.017,185.854,15.499
4.197,2.43,35.982,35.982,55.001,603835.592,1920.602,99.775,33.089,66.432,3.015,185.907,15.497
4.197,2.43,35.99,35.99,54.994,603835.592,1920.602,99.788,33.11,66.449,3.014,185.959,15.495
4.197,2.43,35.998,35.998,54.987,603835.592,1920.602,99.8,33.131,66.465,3.012,186.011,15.493
4.197,2.43,36.006,36.006,54.981,603835.592,1920.602,99.813,33.151,66.482,3.011,186.064,15.491
4.197,2.43,36.014,36.014,54.974,603835.592,1920.602,99.825,33.172,66.499,3.009,186.116,15.489
4.197,2.43,36.022,36.022,54.967,603835.592,1920.602,99.838,33.193,66.515,3.008,186.168,15.488
4.197,2.43,36.03,36.03,54.96,603835.592,1920.602,99.85,33.213,66.532,3.006,186.221,15.486
4.197,2.43,36.038,36.038,54.953,603835.592,1920.602,99.863,33.234,66.548,3.005,186.273,15.484
4.197,2.43,36.046,36.046,54.947,603835.592,1920.602,99.875,33.255,66.565,3.003,186.325,15.482
4.197,2.43,36.054,36.054,54.94,603835.592,1920.602,99.887,33.275,66.581,3.002,186.377,15.48
4.197,2.43,36.062,36.062,54.933,603835.592,1920.602,99.9,33.296,66.598,3.0,186.43,15.478
4.197,2.43,36.07,36.07,54.926,603835.592,1920.602,99.912,33.317,66.614,2.999,186.482,15.476
4.197,2.43,36.078,36.078,54.919,603835.592,1920.602,99.925,33.337,66.631,2.997,186.534,15.474
4.197,2.43,36.086,36.086,54.913,603835.592,1920.602,99.937,33.358,66.648,2.996,186.586,15.472
4.197,2.43,36.094,36.094,54.906,603835.592,1920.602,99.95,33.379,66.664,2.994,186.639,15.47
4.197,2.43,36.102,36.102,54.899,603835.592,1920.602,99.962,33.399,66.681,2.993,186.691,15.468
4.197,2.43,36.11,36.11,54.892,603835.592,1920.602,99.974,33.42,66.697,2.991,186.743,15.466
4.197,2.43,36.118,36.118,54.885,603835.592,1920.602,99.987,33.441,66.714,2.99,186.795,15.465
4.197,2.43,36.126,36.126,54.879,603835.592,1920.602,99.999,33.461,66.73,2.989,186.847,15.463
4.197,2.43,36.134,36.134,54.872,603835.592,1920.602,100.011,33.482,66.747,2.987,186.9,15.461
4.197,2.43,36.142,36.142,54.865,603835.592,1920.602,100.024,33.503,66.763,2.986,186.952,15.459
4.197,2.43,36.15,36.15,54.858,603835.592,1920.602,100.036,33.523,66.78,2.984,187.004,15.457
4.197,2.43,36.158,36.158,54.851,603835.592,1920.602,100.049,33.544,66.796,2.983,187.056,15.455
4.197,2.43,36.166,36.166,54.844,603835.592,1920.602,100.061,33.565,66.813,2.981,187.108,15.453
4.197,2.43,36.174,36.174,54.838,603835.592,1920.602,100.073,33.585,66.829,2.98,187.16,15.451
4.197,2.43,36.182,36.182,54.831,603835.592,1920.602,100.086,33.606,66.846,2.978,187.212,15.449
4.197,2.43,36.19,36.19,54.824,603835.592,1920.602,100.098,33.626,66.862,2.977,187.264,15.447
4.197,2.43,36.198,36.198,54.817,603835.592,1920.602,100.11,33.647,66.879,2.975,187.316,15.445
4.197,2.43,36.205,36.205,54.81,603835.592,1920.602,100.123,33.668,66.895,2.974,187.369,15.443
4.197,2.43,36.213,36.213,54.803,603835.592,1920.602,100.135,33.688,66.912,2.972,187.421,15.441
4.197,2.43,36.221,36.221,54.797,603835.592,1920.602,100.147,33.709,66.928,2.971,187.473,15.44
4.197,2.43,36.229,36.229,54.79,603835.592,1920.602,100.16,33.73,66.945,2.969,187.525,15.438
4.197,2.43,36.237,36.237,54.783,603835.592,1920.602,100.172,33.75,66.961,2.968,187.577,15.436
4.197,2.43,36.245,36.245,54.776,603835.592,1920.602,100.184,33.771,66.978,2.967,187.629,15.434
4.197,2.43,36.253,36.253,54.769,603835.592,1920.602,100.197,33.792,66.994,2.965,187.681,15.432
4.197,2.43,36.261,36.261,54.762,603835.592,1920.602,100.209,33.812,67.011,2.964,187.733,15.43
4.197,2.43,36.269,36.269,54.755,603835.592,1920.602,100.221,33.833,67.027,2.962,187.785,15.428
4.197,2.43,36.277,36.277,54.749,603835.592,1920.602,100.234,33.853,67.044,2.961,187.837,15.426
4.197,2.43,36.285,36.285,54.742,603835.592,1920.602,100.246,33.874,67.06,2.959,187.889,15.424
4.197,2.43,36.293,36.293,54.735,603835.592,1920.602,100.258,33.895,67.076,2.958,187.941,15.422
4.197,2.43,36.301,36.301,54.728,603835.592,1920.602,100.271,33.915,67.093,2.957,187.993,15.42
4.197,2.43,36.309,36.309,54.721,603835.592,1920.602,100.283,33.936,67.109,2.955,188.045,15.418
4.197,2.43,36.317,36.317,54.714,603835.592,1920.602,100.295,33.956,67.126,2.954,188.097,15.416
4.197,2.43,36.325,36.325,54.707,603835.592,1920.602,100.307,33.977,67.142,2.952,188.149,15.414
4.197,2.43,36.333,36.333,54.701,603835.592,1920.602,100.32,33.998,67.159,2.951,188.2,15.412
4.197,2.43,36.341,36.341,54.694,603835.592,1920.602,100.332,34.018,67.175,2.949,188.252,15.411
4.197,2.43,36.349,36.349,54.687,603835.592,1920.602,100.344,34.039,67.192,2.948,188.304,15.409
4.197,2.43,36.356,36.356,54.68,603835.592,1920.602,100.357,34.059,67.208,2.947,188.356,15.407
4.197,2.43,36.364,36.364,54.673,603835.592,1920.602,100.369,34.08,67.224,2.945,188.408,15.405
4.197,2.43,36.372,36.372,54.666,603835.592,1920.602,100.381,34.101,67.241,2.944,188.46,15.403
4.197,2.43,36.38,36.38,54.659,603835.592,1920.602,100.393,34.121,67.257,2.942,188.512,15.401
4.197,2.43,36.388,36.388,54.653,603835.592,1920.602,100.406,34.142,67.274,2.941,188.564,15.399
4.197,2.43,36.396,36.396,54.646,603835.592,1920.602,100.418,34.162,67.29,2.939,188.615,15.397
4.197,2.43,36.404,36.404,54.639,603835.592,1920.602,100.43,34.183,67.306,2.938,188.667,15.395
4.197,2.43,36.412,36.412,54.632,603835.592,1920.602,100.442,34.204,67.323,2.937,188.719,15.393
4.197,2.43,36.42,36.42,54.625,603835.592,1920.602,100.455,34.224,67.339,2.935,188.771,15.391
4.197,2.43,36.428,36.428,54.618,603835.592,1920.602,100.467,34.245,67.356,2.934,188.823,15.389
4.197,2.43,36.436,36.436,54.611,603835.592,1920.602,100.479,34.265,67.372,2.932,188.875,15.387
4.197,2.43,36.444,36.444,54.604,603835.592,1920.602,100.491,34.286,67.389,2.931,188.926,15.385
4.197,2.43,36.452,36.452,54.597,603835.592,1920.602,100.503,34.306,67.405,2.93,188.978,15.383
4.197,2.43,36.459,36.459,54.591,603835.592,1920.602,100.516,34.327,67.421,2.928,189.03,15.381
4.197,2.43,36.467,36.467,54.584,603835.592,1920.602,100.528,34.347,67.438,2.927,189.082,15.38
4.197,2.43,36.475,36.475,54.577,603835.592,1920.602,100.54,34.368,67.454,2.925,189.133,15.378
4.197,2.43,36.483,36.483,54.57,603835.592,1920.602,100.552,34.389,67.47,2.924,189.185,15.376
4.197,2.43,36.491,36.491,54.563,603835.592,1920.602,100.565,34.409,67.487,2.923,189.237,15.374
4.197,2.43,36.499,36.499,54.556,603835.592,1920.602,100.577,34.43,67.503,2.921,189.289,15.372
4.197,2.43,36.507,36.507,54.549,603835.592,1920.602,100.589,34.45,67.52,2.92,189.34,15.37
4.197,2.43,36.515,36.515,54.542,603835.592,1920.602,100.601,34.471,67.536,2.918,189.392,15.368
4.197,2.43,36.523,36.523,54.536,603835.592,1920.602,100.613,34.491,67.552,2.917,189.444,15.366
4.197,2.43,36.531,36.531,54.529,603835.592,1920.602,100.626,34.512,67.569,2.916,189.495,15.364
4.197,2.43,36.539,36.539,54.522,603835.592,1920.602,100.638,34.532,67.585,2.914,189.547,15.362
4.197,2.43,36.546,36.546,54.515,603835.592,1920.602,100.65,34.553,67.601,2.913,189.599,15.36
4.197,2.43,36.554,36.554,54.508,603835.592,1920.602,100.662,34.574,67.618,2.912,189.65,15.358
4.197,2.43,36.562,36.562,54.501,603835.592,1920.602,100.674,34.594,67.634,2.91,189.702,15.356
4.197,2.43,36.57,36.57,54.494,603835.592,1920.602,100.686,34.615,67.65,2.909,189.754,15.354
4.197,2.43,36.578,36.578,54.487,603835.592,1920.602,100.699,34.635,67.667,2.907,189.805,15.352
4.197,2.43,36.586,36.586,54.48,603835.592,1920.602,100.711,34.656,67.683,2.906,189.857,15.35
4.197,2.43,36.594,36.594,54.474,603835.592,1920.602,100.723,34.676,67.7,2.905,189.908,15.348
4.197,2.43,36.602,36.602,54.467,603835.592,1920.602,100.735,34.697,67.716,2.903,189.96,15.347
4.197,2.43,36.61,36.61,54.46,603835.592,1920.602,100.747,34.717,67.732,2.902,190.012,15.345
4.197,2.43,36.617,36.617,54.453,603835.592,1920.602,100.759,34.738,67.749,2.901,190.063,15.343
4.197,2.43,36.625,36.625,54.446,603835.592,1920.602,100.772,34.758,67.765,2.899,190.115,15.341
4.197,2.43,36.633,36.633,54.439,603835.592,1920.602,100.784,34.779,67.781,2.898,190.166,15.339
4.197,2.43,36.641,36.641,54.432,603835.592,1920.602,100.796,34.799,67.798,2.896,190.218,15.337
4.197,2.43,36.649,36.649,54.425,603835.592,1920.602,100.808,34.82,67.814,2.895,190.269,15.335
4.197,2.43,36.657,36.657,54.418,603835.592,1920.602,100.82,34.84,67.83,2.894,190.321,15.333
4.197,2.43,36.665,36.665,54.411,603835.592,1920.602,100.832,34.861,67.846,2.892,190.372,15.331
4.197,2.43,36.673,36.673,54.405,603835.592,1920.602,100.844,34.881,67.863,2.891,190.424,15.329
4.197,2.43,36.68,36.68,54.398,603835.592,1920.602,100.856,34.902,67.879,2.89,190.475,15.327
4.197,2.43,36.688,36.688,54.391,603835.592,1920.602,100.869,34.922,67.895,2.888,190.527,15.325
4.197,2.43,36.696,36.696,54.384,603835.592,1920.602,100.881,34.943,67.912,2.887,190.578,15.323
4.197,2.43,36.704,36.704,54.377,603835.592,1920.602,100.893,34.963,67.928,2.886,190.63,15.321
4.197,2.43,36.712,36.712,54.37,603835.592,1920.602,100.905,34.984,67.944,2.884,190.681,15.319
4.197,2.43,36.72,36.72,54.363,603835.592,1920.602,100.917,35.004,67.961,2.883,190.733,15.317
4.197,2.43,36.728,36.728,54.356,603835.592,1920.602,100.929,35.025,67.977,2.882,190.784,15.315
4.197,2.43,36.736,36.736,54.349,603835.592,1920.602,100.941,35.045,67.993,2.88,190.836,15.314
4.197,2.43,36.743,36.743,54.342,603835.592,1920.602,100.953,35.066,68.009,2.879,190.887,15.312
4.197,2.43,36.751,36.751,54.336,603835.592,1920.602,100.965,35.086,68.026,2.878,190.939,15.31
4.197,2.43,36.759,36.759,54.329,603835.592,1920.602,100.978,35.107,68.042,2.876,190.99,15.308
4.197,2.43,36.767,36.767,54.322,603835.592,1920.602,100.99,35.127,68.058,2.875,191.041,15.306
4.197,2.43,36.775,36.775,54.315,603835.592,1920.602,101.002,35.147,68.075,2.874,191.093,15.304
4.197,2.43,36.783,36.783,54.308,603835.592,1920.602,101.014,35.168,68.091,2.872,191.144,15.302
4.197,2.43,36.791,36.791,54.301,603835.592,1920.602,101.026,35.188,68.107,2.871,191.196,15.3
4.197,2.43,36.798,36.798,54.294,603835.592,1920.602,101.038,35.209,68.123,2.87,191.247,15.298
4.197,2.43,36.806,36.806,54.287,603835.592,1920.602,101.05,35.229,68.14,2.868,191.298,15.296
4.197,2.43,36.814,36.814,54.28,603835.592,1920.602,101.062,35.25,68.156,2.867,191.35,15.294
4.197,2.43,36.822,36.822,54.273,603835.592,1920.602,101.074,35.27,68.172,2.866,191.401,15.292
4.197,2.43,36.83,36.83,54.267,603835.592,1920.602,101.086,35.291,68.188,2.864,191.452,15.29
4.197,2.43,36.838,36.838,54.26,603835.592,1920.602,101.098,35.311,68.205,2.863,191.504,15.288
4.197,2.43,36.846,36.846,54.253,603835.592,1920.602,101.11,35.331,68.221,2.862,191.555,15.286
4.197,2.43,36.853,36.853,54.246,603835.592,1920.602,101.123,35.352,68.237,2.86,191.606,15.284
4.197,2.43,36.861,36.861,54.239,603835.592,1920.602,101.135,35.372,68.253,2.859,191.658,15.282
4.197,2.43,36.869,36.869,54.232,603835.592,1920.602,101.147,35.393,68.27,2.858,191.709,15.28
4.197,2.43,36.877,36.877,54.225,603835.592,1920.602,101.159,35.413,68.286,2.857,191.76,15.279
4.197,2.43,36.885,36.885,54.218,603835.592,1920.602,101.171,35.434,68.302,2.855,191.812,15.277
4.197,2.43,36.893,36.893,54.211,603835.592,1920.602,101.183,35.454,68.318,2.854,191.863,15.275
4.197,2.43,36.9,36.9,54.204,603835.592,1920.602,101.195,35.474,68.335,2.853,191.914,15.273
4.197,2.43,36.908,36.908,54.197,603835.592,1920.602,101.207,35.495,68.351,2.851,191.965,15.271
4.197,2.43,36.916,36.916,54.191,603835.592,1920.602,101.219,35.515,68.367,2.85,192.017,15.269
4.197,2.43,36.924,36.924,54.184,603835.592,1920.602,101.231,35.536,68.383,2.849,192.068,15.267
4.197,2.43,36.932,36.932,54.177,603835.592,1920.602,101.243,35.556,68.4,2.847,192.119,15.265
4.197,2.43,36.94,36.94,54.17,603835.592,1920.602,101.255,35.576,68.416,2.846,192.17,15.263
4.197,2.43,36.947,36.947,54.163,603835.592,1920.602,101.267,35.597,68.432,2.845,192.221,15.261
4.197,2.43,36.955,36.955,54.156,603835.592,1920.602,101.279,35.617,68.448,2.844,192.273,15.259
4.197,2.43,36.963,36.963,54.149,603835.592,1920.602,101.291,35.638,68.464,2.842,192.324,15.257
4.197,2.43,36.971,36.971,54.142,603835.592,1920.602,101.303,35.658,68.481,2.841,192.375,15.255
4.197,2.43,36.979,36.979,54.135,603835.592,1920.602,101.315,35.678,68.497,2.84,192.426,15.253
4.197,2.43,36.987,36.987,54.129,603835.592,1920.602,101.327,35.699,68.513,2.838,192.477,15.251
4.197,2.43,36.994,36.994,54.122,603835.592,1920.602,101.339,35.719,68.529,2.837,192.528,15.249
4.197,2.43,37.002,37.002,54.115,603835.592,1920.602,101.351,35.74,68.545,2.836,192.58,15.247
4.197,2.43,37.01,37.01,54.108,603835.592,1920.602,101.363,35.76,68.562,2.835,192.631,15.245
4.197,2.43,37.018,37.018,54.101,603835.592,1920.602,101.375,35.78,68.578,2.833,192.682,15.244
4.197,2.43,37.026,37.026,54.094,603835.592,1920.602,101.387,35.801,68.594,2.832,192.733,15.242
4.197,2.43,37.033,37.033,54.087,603835.592,1920.602,101.399,35.821,68.61,2.831,192.784,15.24
4.197,2.43,37.041,37.041,54.08,603835.592,1920.602,101.411,35.841,68.626,2.829,192.835,15.238
4.197,2.43,37.049,37.049,54.073,603835.592,1920.602,101.423,35.862,68.643,2.828,192.886,15.236
4.197,2.43,37.057,37.057,54.066,603835.592,1920.602,101.435,35.882,68.659,2.827,192.937,15.234
4.197,2.43,37.065,37.065,54.06,603835.592,1920.602,101.447,35.902,68.675,2.826,192.988,15.232
4.197,2.43,37.072,37.072,54.053,603835.592,1920.602,101.459,35.923,68.691,2.824,193.04,15.23
4.197,2.43,37.08,37.08,54.046,603835.592,1920.602,101.471,35.943,68.707,2.823,193.091,15.228
4.197,2.43,37.088,37.088,54.039,603835.592,1920.602,101.483,35.963,68.723,2.822,193.142,15.226
4.197,2.43,37.096,37.096,54.032,603835.592,1920.602,101.495,35.984,68.74,2.821,193.193,15.224
4.197,2.43,37.104,37.104,54.025,603835.592,1920.602,101.507,36.004,68.756,2.819,193.244,15.222
4.197,2.43,37.111,37.111,54.018,603835.592,1920.602,101.519,36.025,68.772,2.818,193.295,15.22
4.197,2.43,37.119,37.119,54.011,603835.592,1920.602,101.531,36.045,68.788,2.817,193.346,15.218
4.197,2.43,37.127,37.127,54.004,603835.592,1920.602,101.543,36.065,68.804,2.816,193.397,15.216
4.197,2.43,37.135,37.135,53.998,603835.592,1920.602,101.555,36.085,68.82,2.814,193.448,15.214
4.197,2.43,37.143,37.143,53.991,603835.592,1920.602,101.567,36.106,68.837,2.813,193.499,15.212
4.197,2.43,37.15,37.15,53.984,603835.592,1920.602,101.579,36.126,68.853,2.812,193.55,15.211
4.197,2.43,37.158,37.158,53.977,603835.592,1920.602,101.591,36.146,68.869,2.811,193.601,15.209
4.197,2.43,37.166,37.166,53.97,603835.592,1920.602,101.603,36.167,68.885,2.809,193.652,15.207
4.197,2.43,37.174,37.174,53.963,603835.592,1920.602,101.615,36.187,68.901,2.808,193.703,15.205
4.197,2.43,37.182,37.182,53.956,603835.592,1920.602,101.627,36.207,68.917,2.807,193.754,15.203
4.197,2.43,37.189,37.189,53.949,603835.592,1920.602,101.639,36.228,68.933,2.806,193.805,15.201
4.197,2.43,37.197,37.197,53.943,603835.592,1920.602,101.651,36.248,68.949,2.804,193.856,15.199
4.197,2.43,37.205,37.205,53.936,603835.592,1920.602,101.663,36.268,68.966,2.803,193.907,15.197
4.197,2.43,37.213,37.213,53.929,603835.592,1920.602,101.675,36.289,68.982,2.802,193.957,15.195
4.197,2.43,37.221,37.221,53.922,603835.592,1920.602,101.687,36.309,68.998,2.801,194.008,15.193
4.197,2.43,37.228,37.228,53.915,603835.592,1920.602,101.699,36.329,69.014,2.799,194.059,15.191
4.197,2.43,37.236,37.236,53.908,603835.592,1920.602,101.711,36.349,69.03,2.798,194.11,15.189
4.197,2.43,37.244,37.244,53.901,603835.592,1920.602,101.723,36.37,69.046,2.797,194.161,15.187
4.197,2.43,37.252,37.252,53.894,603835.592,1920.602,101.735,36.39,69.062,2.796,194.212,15.185
4.197,2.43,37.259,37.259,53.888,603835.592,1920.602,101.747,36.41,69.078,2.794,194.263,15.183
4.197,2.43,37.267,37.267,53.881,603835.592,1920.602,101.759,36.431,69.095,2.793,194.314,15.181
4.197,2.43,37.275,37.275,53.874,603835.592,1920.602,101.771,36.451,69.111,2.792,194.365,15.18
4.197,2.43,37.283,37.283,53.867,603835.592,1920.602,101.782,36.471,69.127,2.791,194.415,15.178
4.197,2.43,37.291,37.291,53.86,603835.592,1920.602,101.794,36.491,69.143,2.79,194.466,15.176
4.197,2.43,37.298,37.298,53.853,603835.592,1920.602,101.806,36.512,69.159,2.788,194.517,15.174
4.197,2.43,37.306,37.306,53.846,603835.592,1920.602,101.818,36.532,69.175,2.787,194.568,15.172
4.197,2.43,37.314,37.314,53.84,603835.592,1920.602,101.83,36.552,69.191,2.786,194.619,15.17
4.197,2.43,37.322,37.322,53.833,603835.592,1920.602,101.842,36.572,69.207,2.785,194.67,15.168
4.197,2.43,37.329,37.329,53.826,603835.592,1920.602,101.854,36.593,69.223,2.783,194.72,15.166
4.197,2.43,37.337,37.337,53.819,603835.592,1920.602,101.866,36.613,69.239,2.782,194.771,15.164
4.197,2.43,37.345,37.345,53.812,603835.592,1920.602,101.878,36.633,69.256,2.781,194.822,15.162
4.197,2.43,37.353,37.353,53.805,603835.592,1920.602,101.89,36.653,69.272,2.78,194.873,15.16
4.197,2.43,37.36,37.36,53.798,603835.592,1920.602,101.902,36.674,69.288,2.779,194.924,15.158
4.197,2.43,37.368,37.368,53.792,603835.592,1920.602,101.914,36.694,69.304,2.777,194.974,15.156
4.197,2.43,37.376,37.376,53.785,603835.592,1920.602,101.926,36.714,69.32,2.776,195.025,15.154
4.197,2.43,37.384,37.384,53.778,603835.592,1920.602,101.938,36.734,69.336,2.775,195.076,15.152
4.197,2.43,37.392,37.392,53.771,603835.592,1920.602,101.949,36.754,69.352,2.774,195.127,15.151
4.197,2.43,37.399,37.399,53.764,603835.592,1920.602,101.961,36.775,69.368,2.773,195.177,15.149
4.197,2.43,37.407,37.407,53.757,603835.592,1920.602,101.973,36.795,69.384,2.771,195.228,15.147
4.197,2.43,37.415,37.415,53.75,603835.592,1920.602,101.985,36.815,69.4,2.77,195.279,15.145
4.197,2.43,37.423,37.423,53.744,603835.592,1920.602,101.997,36.835,69.416,2.769,195.329,15.143
4.197,2.43,37.43,37.43,53.737,603835.592,1920.602,102.009,36.855,69.432,2.768,195.38,15.141
4.197,2.43,37.438,37.438,53.73,603835.592,1920.602,102.021,36.876,69.448,2.767,195.431,15.139
4.197,2.43,37.446,37.446,53.723,603835.592,1920.602,102.033,36.896,69.464,2.765,195.482,15.137
4.197,2.43,37.454,37.454,53.716,603835.592,1920.602,102.045,36.916,69.48,2.764,195.532,15.135
4.197,2.43,37.461,37.461,53.709,603835.592,1920.602,102.057,36.936,69.496,2.763,195.583,15.133
4.197,2.43,37.469,37.469,53.703,603835.592,1920.602,102.069,36.956,69.513,2.762,195.634,15.131
4.197,2.43,37.477,37.477,53.696,603835.592,1920.602,102.08,36.977,69.529,2.761,195.684,15.129
4.197,2.43,37.485,37.485,53.689,603835.592,1920.602,102.092,36.997,69.545,2.759,195.735,15.127
4.197,2.43,37.492,37.492,53.682,603835.592,1920.602,102.104,37.017,69.561,2.758,195.786,15.126
4.197,2.43,37.5,37.5,53.675,603835.592,1920.602,102.116,37.037,69.577,2.757,195.836,15.124
4.197,2.43,37.508,37.508,53.669,603835.592,1920.602,102.128,37.057,69.593,2.756,195.887,15.122
4.197,2.43,37.515,37.515,53.662,603835.592,1920.602,102.14,37.078,69.609,2.755,195.937,15.12
4.197,2.43,37.523,37.523,53.655,603835.592,1920.602,102.152,37.098,69.625,2.754,195.988,15.118
4.197,2.43,37.531,37.531,53.648,603835.592,1920.602,102.164,37.118,69.641,2.752,196.039,15.116
4.197,2.43,37.539,37.539,53.641,603835.592,1920.602,102.176,37.138,69.657,2.751,196.089,15.114
4.197,2.43,37.546,37.546,53.634,603835.592,1920.602,102.188,37.158,69.673,2.75,196.14,15.112
4.197,2.43,37.554,37.554,53.628,603835.592,1920.602,102.199,37.178,69.689,2.749,196.19,15.11
4.197,2.43,37.562,37.562,53.621,603835.592,1920.602,102.211,37.198,69.705,2.748,196.241,15.108
4.197,2.43,37.57,37.57,53.614,603835.592,1920.602,102.223,37.219,69.721,2.747,196.292,15.106
4.197,2.43,37.577,37.577,53.607,603835.592,1920.602,102.235,37.239,69.737,2.745,196.342,15.104
4.197,2.43,37.585,37.585,53.6,603835.592,1920.602,102.247,37.259,69.753,2.744,196.393,15.102
4.197,2.43,37.593,37.593,53.594,603835.592,1920.602,102.259,37.279,69.769,2.743,196.443,15.101
4.197,2.43,37.601,37.601,53.587,603835.592,1920.602,102.271,37.299,69.785,2.742,196.494,15.099
4.197,2.43,37.608,37.608,53.58,603835.592,1920.602,102.283,37.319,69.801,2.741,196.544,15.097
4.197,2.43,37.616,37.616,53.573,603835.592,1920.602,102.295,37.339,69.817,2.74,196.595,15.095
4.197,2.43,37.624,37.624,53.566,603835.592,1920.602,102.306,37.359,69.833,2.738,196.645,15.093
4.197,2.43,37.631,37.631,53.56,603835.592,1920.602,102.318,37.38,69.849,2.737,196.696,15.091
4.197,2.43,37.639,37.639,53.553,603835.592,1920.602,102.33,37.4,69.865,2.736,196.746,15.089
4.197,2.43,37.647,37.647,53.546,603835.592,1920.602,102.342,37.42,69.881,2.735,196.797,15.087
4.197,2.43,37.655,37.655,53.539,603835.592,1920.602,102.354,37.44,69.897,2.734,196.847,15.085
4.197,2.43,37.662,37.662,53.532,603835.592,1920.602,102.366,37.46,69.913,2.733,196.898,15.083
4.197,2.43,37.67,37.67,53.526,603835.592,1920.602,102.378,37.48,69.929,2.732,196.948,15.081
4.197,2.43,37.678,37.678,53.519,603835.592,1920.602,102.39,37.5,69.945,2.73,196.999,15.08
4.197,2.43,37.685,37.685,53.512,603835.592,1920.602,102.401,37.52,69.961,2.729,197.049,15.078
4.197,2.43,37.693,37.693,53.505,603835.592,1920.602,102.413,37.54,69.977,2.728,197.1,15.076
4.197,2.43,37.701,37.701,53.499,603835.592,1920.602,102.425,37.56,69.993,2.727,197.15,15.074
4.197,2.43,37.709,37.709,53.492,603835.592,1920.602,102.437,37.581,70.009,2.726,197.201,15.072
4.197,2.43,37.716,37.716,53.485,603835.592,1920.602,102.449,37.601,70.025,2.725,197.251,15.07
4.197,2.43,37.724,37.724,53.478,603835.592,1920.602,102.461,37.621,70.041,2.724,197.302,15.068
4.197,2.43,37.732,37.732,53.472,603835.592,1920.602,102.473,37.641,70.057,2.722,197.352,15.066
4.197,2.43,37.739,37.739,53.465,603835.592,1920.602,102.484,37.661,70.073,2.721,197.402,15.064
4.197,2.43,37.747,37.747,53.458,603835.592,1920.602,102.496,37.681,70.089,2.72,197.453,15.062
4.197,2.43,37.755,37.755,53.451,603835.592,1920.602,102.508,37.701,70.105,2.719,197.503,15.06
4.197,2.43,37.763,37.763,53.444,603835.592,1920.602,102.52,37.721,70.121,2.718,197.554,15.059
4.197,2.43,37.77,37.77,53.438,603835.592,1920.602,102.532,37.741,70.136,2.717,197.604,15.057
4.197,2.43,37.778,37.778,53.431,603835.592,1920.602,102.544,37.761,70.152,2.716,197.654,15.055
4.197,2.43,37.786,37.786,53.424,603835.592,1920.602,102.556,37.781,70.168,2.714,197.705,15.053
4.197,2.43,37.793,37.793,53.417,603835.592,1920.602,102.568,37.801,70.184,2.713,197.755,15.051
4.197,2.43,37.801,37.801,53.411,603835.592,1920.602,102.579,37.821,70.2,2.712,197.805,15.049
4.197,2.43,37.809,37.809,53.404,603835.592,1920.602,102.591,37.841,70.216,2.711,197.856,15.047
4.197,2.43,37.816,37.816,53.397,603835.592,1920.602,102.603,37.861,70.232,2.71,197.906,15.045
4.197,2.43,37.824,37.824,53.391,603835.592,1920.602,102.615,37.881,70.248,2.709,197.957,15.043
4.197,2.43,37.832,37.832,53.384,603835.592,1920.602,102.627,37.901,70.264,2.708,198.007,15.041
4.197,2.43,37.84,37.84,53.377,603835.592,1920.602,102.639,37.921,70.28,2.707,198.057,15.04
4.197,2.43,37.847,37.847,53.37,603835.592,1920.602,102.651,37.941,70.296,2.706,198.108,15.038
4.197,2.43,37.855,37.855,53.364,603835.592,1920.602,102.662,37.961,70.312,2.704,198.158,15.036
4.197,2.43,37.863,37.863,53.357,603835.592,1920.602,102.674,37.981,70.328,2.703,198.208,15.034
4.197,2.43,37.87,37.87,53.35,603835.592,1920.602,102.686,38.001,70.344,2.702,198.258,15.032
4.197,2.43,37.878,37.878,53.343,603835.592,1920.602,102.698,38.021,70.36,2.701,198.309,15.03
4.197,2.43,37.886,37.886,53.337,603835.592,1920.602,102.71,38.041,70.376,2.7,198.359,15.028
4.197,2.43,37.893,37.893,53.33,603835.592,1920.602,102.722,38.061,70.392,2.699,198.409,15.026
4.197,2.43,37.901,37.901,53.323,603835.592,1920.602,102.734,38.081,70.407,2.698,198.46,15.024
4.197,2.43,37.909,37.909,53.317,603835.592,1920.602,102.745,38.101,70.423,2.697,198.51,15.023
4.197,2.43,37.916,37.916,53.31,603835.592,1920.602,102.757,38.121,70.439,2.696,198.56,15.021
4.197,2.43,37.924,37.924,53.303,603835.592,1920.602,102.769,38.141,70.455,2.694,198.61,15.019
4.197,2.43,37.932,37.932,53.296,603835.592,1920.602,102.781,38.161,70.471,2.693,198.661,15.017
4.197,2.43,37.939,37.939,53.29,603835.592,1920.602,102.793,38.181,70.487,2.692,198.711,15.015
4.197,2.43,37.947,37.947,53.283,603835.592,1920.602,102.805,38.201,70.503,2.691,198.761,15.013
4.197,2.43,37.955,37.955,53.276,603835.592,1920.602,102.816,38.221,70.519,2.69,198.811,15.011
4.197,2.43,37.963,37.963,53.27,603835.592,1920.602,102.828,38.241,70.535,2.689,198.862,15.009
4.197,2.43,37.97,37.97,53.263,603835.592,1920.602,102.84,38.261,70.551,2.688,198.912,15.007
4.197,2.43,37.978,37.978,53.256,603835.592,1920.602,102.852,38.281,70.567,2.687,198.962,15.006
4.197,2.43,37.986,37.986,53.25,603835.592,1920.602,102.864,38.301,70.582,2.686,199.012,15.004
4.197,2.43,37.993,37.993,53.243,603835.592,1920.602,102.876,38.321,70.598,2.685,199.062,15.002
4.197,2.43,38.001,38.001,53.236,603835.592,1920.602,102.888,38.341,70.614,2.683,199.113,15.0
4.197,2.43,38.009,38.009,53.23,603835.592,1920.602,102.899,38.361,70.63,2.682,199.163,14.998
4.197,2.43,38.016,38.016,53.223,603835.592,1920.602,102.911,38.381,70.646,2.681,199.213,14.996
4.197,2.43,38.024,38.024,53.216,603835.592,1920.602,102.923,38.401,70.662,2.68,199.263,14.994
4.197,2.43,38.032,38.032,53.21,603835.592,1920.602,102.935,38.421,70.678,2.679,199.313,14.992
4.197,2.43,38.039,38.039,53.203,603835.592,1920.602,102.947,38.441,70.694,2.678,199.363,14.991
4.197,2.43,38.047,38.047,53.196,603835.592,1920.602,102.959,38.46,70.71,2.677,199.414,14.989
4.197,2.43,38.055,38.055,53.19,603835.592,1920.602,102.97,38.48,70.725,2.676,199.464,14.987
4.197,2.43,38.062,38.062,53.183,603835.592,1920.602,102.982,38.5,70.741,2.675,199.514,14.985
4.197,2.43,38.07,38.07,53.176,603835.592,1920.602,102.994,38.52,70.757,2.674,199.564,14.983
4.197,2.43,38.078,38.078,53.17,603835.592,1920.602,103.006,38.54,70.773,2.673,199.614,14.981
4.197,2.43,38.085,38.085,53.163,603835.592,1920.602,103.018,38.56,70.789,2.672,199.664,14.979
4.197,2.43,38.093,38.093,53.156,603835.592,1920.602,103.03,38.58,70.805,2.671,199.714,14.977
4.197,2.43,38.101,38.101,53.15,603835.592,1920.602,103.042,38.6,70.821,2.669,199.764,14.976
4.197,2.43,38.108,38.108,53.143,603835.592,1920.602,103.053,38.62,70.837,2.668,199.815,14.974
4.197,2.43,38.116,38.116,53.136,603835.592,1920.602,103.065,38.64,70.852,2.667,199.865,14.972
4.197,2.43,38.124,38.124,53.13,603835.592,1920.602,103.077,38.659,70.868,2.666,199.915,14.97
4.197,2.43,38.131,38.131,53.123,603835.592,1920.602,103.089,38.679,70.884,2.665,199.965,14.968
4.197,2.43,38.139,38.139,53.117,603835.592,1920.602,103.101,38.699,70.9,2.664,200.015,14.966
4.197,2.43,38.146,38.146,53.11,603835.592,1920.602,103.113,38.719,70.916,2.663,200.065,14.964
4.197,2.43,38.154,38.154,53.103,603835.592,1920.602,103.124,38.739,70.932,2.662,200.115,14.962
4.197,2.43,38.162,38.162,53.097,603835.592,1920.602,103.136,38.759,70.948,2.661,200.165,14.961
4.197,2.43,38.169,38.169,53.09,603835.592,1920.602,103.148,38.779,70.963,2.66,200.215,14.959
4.197,2.43,38.177,38.177,53.084,603835.592,1920.602,103.16,38.798,70.979,2.659,200.265,14.957
4.197,2.43,38.185,38.185,53.077,603835.592,1920.602,103.172,38.818,70.995,2.658,200.315,14.955
4.197,2.43,38.192,38.192,53.07,603835.592,1920.602,103.184,38.838,71.011,2.657,200.365,14.953
4.197,2.43,38.2,38.2,53.064,603835.592,1920.602,103.195,38.858,71.027,2.656,200.415,14.951
4.197,2.43,38.208,38.208,53.057,603835.592,1920.602,103.207,38.878,71.043,2.655,200.465,14.949
4.197,2.43,38.215,38.215,53.051,603835.592,1920.602,103.219,38.898,71.058,2.654,200.515,14.948
4.197,2.43,38.223,38.223,53.044,603835.592,1920.602,103.231,38.918,71.074,2.653,200.565,14.946
4.197,2.43,38.231,38.231,53.037,603835.592,1920.602,103.243,38.937,71.09,2.652,200.615,14.944
4.197,2.43,38.238,38.238,53.031,603835.592,1920.602,103.255,38.957,71.106,2.65,200.665,14.942
4.197,2.43,38.246,38.246,53.024,603835.592,1920.602,103.267,38.977,71.122,2.649,200.715,14.94
4.197,2.43,38.254,38.254,53.018,603835.592,1920.602,103.278,38.997,71.138,2.648,200.765,14.938
4.197,2.43,38.261,38.261,53.011,603835.592,1920.602,103.29,39.017,71.153,2.647,200.815,14.936
4.197,2.43,38.269,38.269,53.005,603835.592,1920.602,103.302,39.036,71.169,2.646,200.865,14.935
4.197,2.43,38.276,38.276,52.998,603835.592,1920.602,103.314,39.056,71.185,2.645,200.915,14.933
4.197,2.43,38.284,38.284,52.991,603835.592,1920.602,103.326,39.076,71.201,2.644,200.965,14.931
4.197,2.43,38.292,38.292,52.985,603835.592,1920.602,103.338,39.096,71.217,2.643,201.015,14.929
4.197,2.43,38.299,38.299,52.978,603835.592,1920.602,103.349,39.116,71.233,2.642,201.065,14.927
4.197,2.43,38.307,38.307,52.972,603835.592,1920.602,103.361,39.135,71.248,2.641,201.115,14.925
4.197,2.43,38.315,38.315,52.965,603835.592,1920.602,103.373,39.155,71.264,2.64,201.165,14.924
4.197,2.43,38.322,38.322,52.959,603835.592,1920.602,103.385,39.175,71.28,2.639,201.215,14.922
4.197,2.43,38.33,38.33,52.952,603835.592,1920.602,103.397,39.195,71.296,2.638,201.265,14.92
4.197,2.43,38.338,38.338,52.946,603835.592,1920.602,103.409,39.215,71.312,2.637,201.315,14.918
4.197,2.43,38.345,38.345,52.939,603835.592,1920.602,103.421,39.234,71.327,2.636,201.365,14.916
4.197,2.43,38.353,38.353,52.932,603835.592,1920.602,103.432,39.254,71.343,2.635,201.415,14.914
4.197,2.43,38.36,38.36,52.926,603835.592,1920.602,103.444,39.274,71.359,2.634,201.465,14.912
4.197,2.43,38.368,38.368,52.919,603835.592,1920.602,103.456,39.294,71.375,2.633,201.514,14.911
4.197,2.43,38.376,38.376,52.913,603835.592,1920.602,103.468,39.313,71.391,2.632,201.564,14.909
4.197,2.43,38.383,38.383,52.906,603835.592,1920.602,103.48,39.333,71.406,2.631,201.614,14.907
4.197,2.43,38.391,38.391,52.9,603835.592,1920.602,103.492,39.353,71.422,2.63,201.664,14.905
4.197,2.43,38.399,38.399,52.893,603835.592,1920.602,103.503,39.373,71.438,2.629,201.714,14.903
4.197,2.43,38.406,38.406,52.887,603835.592,1920.602,103.515,39.392,71.454,2.628,201.764,14.901
4.197,2.43,38.414,38.414,52.88,603835.592,1920.602,103.527,39.412,71.47,2.627,201.814,14.9
4.197,2.43,38.421,38.421,52.874,603835.592,1920.602,103.539,39.432,71.485,2.626,201.864,14.898
4.197,2.43,38.429,38.429,52.867,603835.592,1920.602,103.551,39.451,71.501,2.625,201.914,14.896
4.197,2.43,38.437,38.437,52.861,603835.592,1920.602,103.563,39.471,71.517,2.624,201.963,14.894
4.197,2.43,38.444,38.444,52.854,603835.592,1920.602,103.575,39.491,71.533,2.623,202.013,14.892
4.197,2.43,38.452,38.452,52.848,603835.592,1920.602,103.586,39.511,71.549,2.622,202.063,14.89
4.197,2.43,38.46,38.46,52.841,603835.592,1920.602,103.598,39.53,71.564,2.621,202.113,14.889
4.197,2.43,38.467,38.467,52.835,603835.592,1920.602,103.61,39.55,71.58,2.62,202.163,14.887
4.197,2.43,38.475,38.475,52.828,603835.592,1920.602,103.622,39.57,71.596,2.619,202.213,14.885
4.197,2.43,38.482,38.482,52.822,603835.592,1920.602,103.634,39.589,71.612,2.618,202.262,14.883
4.197,2.43,38.49,38.49,52.816,603835.592,1920.602,103.646,39.609,71.627,2.617,202.312,14.881
4.197,2.43,38.498,38.498,52.809,603835.592,1920.602,103.658,39.629,71.643,2.616,202.362,14.88
4.197,2.43,38.505,38.505,52.803,603835.592,1920.602,103.669,39.649,71.659,2.615,202.412,14.878
4.197,2.43,38.513,38.513,52.796,603835.592,1920.602,103.681,39.668,71.675,2.614,202.462,14.876
4.197,2.43,38.52,38.52,52.79,603835.592,1920.602,103.693,39.688,71.691,2.613,202.511,14.874
4.197,2.43,38.528,38.528,52.783,603835.592,1920.602,103.705,39.708,71.706,2.612,202.561,14.872
4.197,2.43,38.536,38.536,52.777,603835.592,1920.602,103.717,39.727,71.722,2.611,202.611,14.87
4.197,2.43,38.543,38.543,52.77,603835.592,1920.602,103.729,39.747,71.738,2.61,202.661,14.869
4.197,2.43,38.551,38.551,52.764,603835.592,1920.602,103.741,39.767,71.754,2.609,202.711,14.867
4.197,2.43,38.559,38.559,52.758,603835.592,1920.602,103.752,39.786,71.769,2.608,202.76,14.865
4.197,2.43,38.566,38.566,52.751,603835.592,1920.602,103.764,39.806,71.785,2.607,202.81,14.863
4.197,2.43,38.574,38.574,52.745,603835.592,1920.602,103.776,39.826,71.801,2.606,202.86,14.861
4.197,2.43,38.581,38.581,52.738,603835.592,1920.602,103.788,39.845,71.817,2.605,202.91,14.86
4.197,2.43,38.589,38.589,52.732,603835.592,1920.602,103.8,39.865,71.832,2.604,202.959,14.858
4.197,2.43,38.597,38.597,52.725,603835.592,1920.602,103.812,39.884,71.848,2.603,203.009,14.856
4.197,2.43,38.604,38.604,52.719,603835.592,1920.602,103.824,39.904,71.864,2.602,203.059,14.854
4.197,2.43,38.612,38.612,52.713,603835.592,1920.602,103.835,39.924,71.88,2.601,203.109,14.852
4.197,2.43,38.619,38.619,52.706,603835.592,1920.602,103.847,39.943,71.895,2.6,203.158,14.851
4.197,2.43,38.627,38.627,52.7,603835.592,1920.602,103.859,39.963,71.911,2.599,203.208,14.849
4.197,2.43,38.635,38.635,52.693,603835.592,1920.602,103.871,39.983,71.927,2.598,203.258,14.847
4.197,2.43,38.642,38.642,52.687,603835.592,1920.602,103.883,40.002,71.943,2.597,203.307,14.845
4.197,2.43,38.65,38.65,52.681,603835.592,1920.602,103.895,40.022,71.958,2.596,203.357,14.843
4.197,2.43,38.657,38.657,52.674,603835.592,1920.602,103.907,40.041,71.974,2.595,203.407,14.842
4.197,2.43,38.665,38.665,52.668,603835.592,1920.602,103.919,40.061,71.99,2.594,203.457,14.84
4.197,2.43,38.673,38.673,52.662,603835.592,1920.602,103.93,40.081,72.006,2.593,203.506,14.838
4.197,2.43,38.68,38.68,52.655,603835.592,1920.602,103.942,40.1,72.021,2.592,203.556,14.836
4.197,2.43,38.688,38.688,52.649,603835.592,1920.602,103.954,40.12,72.037,2.591,203.606,14.834
4.197,2.43,38.695,38.695,52.642,603835.592,1920.602,103.966,40.139,72.053,2.59,203.655,14.833
4.197,2.43,38.703,38.703,52.636,603835.592,1920.602,103.978,40.159,72.068,2.589,203.705,14.831
4.197,2.43,38.711,38.711,52.63,603835.592,1920.602,103.99,40.179,72.084,2.588,203.755,14.829
4.197,2.43,38.718,38.718,52.623,603835.592,1920.602,104.002,40.198,72.1,2.587,203.804,14.827
4.197,2.43,38.726,38.726,52.617,603835.592,1920.602,104.014,40.218,72.116,2.586,203.854,14.825
4.197,2.43,38.733,38.733,52.611,603835.592,1920.602,104.026,40.237,72.131,2.585,203.904,14.824
4.197,2.43,38.741,38.741,52.604,603835.592,1920.602,104.037,40.257,72.147,2.584,203.953,14.822
4.197,2.43,38.749,38.749,52.598,603835.592,1920.602,104.049,40.276,72.163,2.583,204.003,14.82
4.197,2.43,38.756,38.756,52.592,603835.592,1920.602,104.061,40.296,72.179,2.582,204.053,14.818
4.197,2.43,38.764,38.764,52.585,603835.592,1920.602,104.073,40.315,72.194,2.581,204.102,14.817
4.197,2.43,38.771,38.771,52.579,603835.592,1920.602,104.085,40.335,72.21,2.581,204.152,14.815
4.197,2.43,38.779,38.779,52.573,603835.592,1920.602,104.097,40.355,72.226,2.58,204.201,14.813
4.197,2.43,38.786,38.786,52.567,603835.592,1920.602,104.109,40.374,72.241,2.579,204.251,14.811
4.197,2.43,38.794,38.794,52.56,603835.592,1920.602,104.121,40.394,72.257,2.578,204.301,14.809
4.197,2.43,38.802,38.802,52.554,603835.592,1920.602,104.133,40.413,72.273,2.577,204.35,14.808
4.197,2.43,38.809,38.809,52.548,603835.592,1920.602,104.144,40.433,72.289,2.576,204.4,14.806
4.197,2.43,38.817,38.817,52.541,603835.592,1920.602,104.156,40.452,72.304,2.575,204.449,14.804
4.197,2.43,38.824,38.824,52.535,603835.592,1920.602,104.168,40.472,72.32,2.574,204.499,14.802
4.197,2.43,38.832,38.832,52.529,603835.592,1920.602,104.18,40.491,72.336,2.573,204.549,14.801
4.197,2.43,38.84,38.84,52.523,603835.592,1920.602,104.192,40.511,72.351,2.572,204.598,14.799
4.197,2.43,38.847,38.847,52.516,603835.592,1920.602,104.204,40.53,72.367,2.571,204.648,14.797
4.197,2.43,38.855,38.855,52.51,603835.592,1920.602,104.216,40.55,72.383,2.57,204.697,14.795
4.197,2.43,38.862,38.862,52.504,603835.592,1920.602,104.228,40.569,72.398,2.569,204.747,14.793
4.197,2.43,38.87,38.87,52.497,603835.592,1920.602,104.24,40.589,72.414,2.568,204.797,14.792
4.197,2.43,38.877,38.877,52.491,603835.592,1920.602,104.251,40.608,72.43,2.567,204.846,14.79
4.197,2.43,38.885,38.885,52.485,603835.592,1920.602,104.263,40.628,72.446,2.566,204.896,14.788
4.197,2.43,38.893,38.893,52.479,603835.592,1920.602,104.275,40.647,72.461,2.565,204.945,14.786
4.197,2.43,38.9,38.9,52.472,603835.592,1920.602,104.287,40.667,72.477,2.564,204.995,14.785
4.197,2.43,38.908,38.908,52.466,603835.592,1920.602,104.299,40.686,72.493,2.564,205.044,14.783
4.197,2.43,38.915,38.915,52.46,603835.592,1920.602,104.311,40.706,72.508,2.563,205.094,14.781
4.197,2.43,38.923,38.923,52.454,603835.592,1920.602,104.323,40.725,72.524,2.562,205.143,14.779
4.197,2.43,38.93,38.93,52.448,603835.592,1920.602,104.335,40.745,72.54,2.561,205.193,14.778
4.197,2.43,38.938,38.938,52.441,603835.592,1920.602,104.347,40.764,72.555,2.56,205.243,14.776
4.197,2.43,38.946,38.946,52.435,603835.592,1920.602,104.359,40.783,72.571,2.559,205.292,14.774
4.197,2.43,38.953,38.953,52.429,603835.592,1920.602,104.371,40.803,72.587,2.558,205.342,14.772
4.197,2.43,38.961,38.961,52.423,603835.592,1920.602,104.383,40.822,72.602,2.557,205.391,14.771
4.197,2.43,38.968,38.968,52.417,603835.592,1920.602,104.394,40.842,72.618,2.556,205.441,14.769
4.197,2.43,38.976,38.976,52.41,603835.592,1920.602,104.406,40.861,72.634,2.555,205.49,14.767
4.197,2.43,38.983,38.983,52.404,603835.592,1920.602,104.418,40.881,72.649,2.554,205.54,14.765
4.197,2.43,38.991,38.991,52.398,603835.592,1920.602,104.43,40.9,72.665,2.553,205.589,14.764
4.197,2.43,38.999,38.999,52.392,603835.592,1920.602,104.442,40.919,72.681,2.552,205.639,14.762
4.197,2.43,39.006,39.006,52.386,603835.592,1920.602,104.454,40.939,72.696,2.551,205.688,14.76
4.197,2.43,39.014,39.014,52.379,603835.592,1920.602,104.466,40.958,72.712,2.551,205.738,14.758
4.197,2.43,39.021,39.021,52.373,603835.592,1920.602,104.478,40.978,72.728,2.55,205.787,14.757
4.197,2.43,39.029,39.029,52.367,603835.592,1920.602,104.49,40.997,72.744,2.549,205.837,14.755
4.197,2.43,39.036,39.036,52.361,603835.592,1920.602,104.502,41.017,72.759,2.548,205.886,14.753
4.197,2.43,39.044,39.044,52.355,603835.592,1920.602,104.514,41.036,72.775,2.547,205.936,14.752
4.197,2.43,39.052,39.052,52.349,603835.592,1920.602,104.526,41.055,72.791,2.546,205.985,14.75
4.197,2.43,39.059,39.059,52.342,603835.592,1920.602,104.538,41.075,72.806,2.545,206.034,14.748
4.197,2.43,39.067,39.067,52.336,603835.592,1920.602,104.55,41.094,72.822,2.544,206.084,14.746
4.197,2.43,39.074,39.074,52.33,603835.592,1920.602,104.562,41.113,72.837,2.543,206.133,14.745
4.197,2.43,39.082,39.082,52.324,603835.592,1920.602,104.573,41.133,72.853,2.542,206.183,14.743
4.197,2.43,39.089,39.089,52.318,603835.592,1920.602,104.585,41.152,72.869,2.541,206.232,14.741
4.197,2.43,39.097,39.097,52.312,603835.592,1920.602,104.597,41.172,72.884,2.541,206.282,14.739
4.197,2.43,39.104,39.104,52.306,603835.592,1920.602,104.609,41.191,72.9,2.54,206.331,14.738
4.197,2.43,39.112,39.112,52.3,603835.592,1920.602,104.621,41.21,72.916,2.539,206.381,14.736
4.197,2.43,39.12,39.12,52.294,603835.592,1920.602,104.633,41.23,72.931,2.538,206.43,14.734
4.197,2.43,39.127,39.127,52.287,603835.592,1920.602,104.645,41.249,72.947,2.537,206.479,14.733
4.197,2.43,39.135,39.135,52.281,603835.592,1920.602,104.657,41.268,72.963,2.536,206.529,14.731
4.197,2.43,39.142,39.142,52.275,603835.592,1920.602,104.669,41.288,72.978,2.535,206.578,14.729
4.197,2.43,39.15,39.15,52.269,603835.592,1920.602,104.681,41.307,72.994,2.534,206.628,14.727
4.197,2.43,39.157,39.157,52.263,603835.592,1920.602,104.693,41.326,73.01,2.533,206.677,14.726
4.197,2.43,39.165,39.165,52.257,603835.592,1920.602,104.705,41.346,73.025,2.532,206.727,14.724
4.197,2.43,39.172,39.172,52.251,603835.592,1920.602,104.717,41.365,73.041,2.532,206.776,14.722
4.197,2.43,39.18,39.18,52.245,603835.592,1920.602,104.729,41.384,73.057,2.531,206.825,14.721
4.197,2.43,39.188,39.188,52.239,603835.592,1920.602,104.741,41.404,73.072,2.53,206.875,14.719
4.197,2.43,39.195,39.195,52.233,603835.592,1920.602,104.753,41.423,73.088,2.529,206.924,14.717
4.197,2.43,39.203,39.203,52.227,603835.592,1920.602,104.765,41.442,73.104,2.528,206.974,14.715
4.197,2.43,39.21,39.21,52.221,603835.592,1920.602,104.777,41.462,73.119,2.527,207.023,14.714
4.197,2.43,39.218,39.218,52.215,603835.592,1920.602,104.789,41.481,73.135,2.526,207.072,14.712
4.197,2.43,39.225,39.225,52.209,603835.592,1920.602,104.801,41.5,73.15,2.525,207.122,14.71
4.197,2.43,39.233,39.233,52.203,603835.592,1920.602,104.813,41.519,73.166,2.524,207.171,14.709
4.197,2.43,39.24,39.24,52.197,603835.592,1920.602,104.825,41.539,73.182,2.524,207.22,14.707
4.197,2.43,39.248,39.248,52.191,603835.592,1920.602,104.837,41.558,73.197,2.523,207.27,14.705
4.197,2.43,39.255,39.255,52.185,603835.592,1920.602,104.849,41.577,73.213,2.522,207.319,14.704
4.197,2.43,39.263,39.263,52.179,603835.592,1920.602,104.861,41.597,73.229,2.521,207.369,14.702
4.197,2.43,39.271,39.271,52.173,603835.592,1920.602,104.873,41.616,73.244,2.52,207.418,14.7
4.197,2.43,39.278,39.278,52.167,603835.592,1920.602,104.885,41.635,73.26,2.519,207.467,14.698
4.197,2.43,39.286,39.286,52.161,603835.592,1920.602,104.897,41.654,73.276,2.518,207.517,14.697
4.197,2.43,39.293,39.293,52.155,603835.592,1920.602,104.909,41.674,73.291,2.517,207.566,14.695
4.197,2.43,39.301,39.301,52.149,603835.592,1920.602,104.921,41.693,73.307,2.517,207.615,14.693
4.197,2.43,39.308,39.308,52.143,603835.592,1920.602,104.933,41.712,73.322,2.516,207.665,14.692
4.197,2.43,39.316,39.316,52.137,603835.592,1920.602,104.945,41.731,73.338,2.515,207.714,14.69
4.197,2.43,39.323,39.323,52.131,603835.592,1920.602,104.957,41.751,73.354,2.514,207.763,14.688
4.197,2.43,39.331,39.331,52.125,603835.592,1920.602,104.969,41.77,73.369,2.513,207.813,14.687
4.197,2.43,39.338,39.338,52.119,603835.592,1920.602,104.981,41.789,73.385,2.512,207.862,14.685
4.197,2.43,39.346,39.346,52.113,603835.592,1920.602,104.993,41.808,73.401,2.511,207.911,14.683
4.197,2.43,39.354,39.354,52.107,603835.592,1920.602,105.005,41.827,73.416,2.51,207.961,14.682
4.197,2.43,39.361,39.361,52.101,603835.592,1920.602,105.017,41.847,73.432,2.51,208.01,14.68
4.197,2.43,39.369,39.369,52.095,603835.592,1920.602,105.029,41.866,73.447,2.509,208.059,14.678
4.197,2.43,39.376,39.376,52.089,603835.592,1920.602,105.041,41.885,73.463,2.508,208.109,14.677
4.197,2.43,39.384,39.384,52.083,603835.592,1920.602,105.053,41.904,73.479,2.507,208.158,14.675
4.197,2.43,39.391,39.391,52.077,603835.592,1920.602,105.065,41.924,73.494,2.506,208.207,14.673
4.197,2.43,39.399,39.399,52.071,603835.592,1920.602,105.077,41.943,73.51,2.505,208.257,14.672
4.197,2.43,39.406,39.406,52.065,603835.592,1920.602,105.089,41.962,73.525,2.504,208.306,14.67
4.197,2.43,39.414,39.414,52.06,603835.592,1920.602,105.101,41.981,73.541,2.504,208.355,14.668
4.197,2.43,39.421,39.421,52.054,603835.592,1920.602,105.113,42.0,73.557,2.503,208.404,14.667
4.197,2.43,39.429,39.429,52.048,603835.592,1920.602,105.125,42.019,73.572,2.502,208.454,14.665
4.197,2.43,39.436,39.436,52.042,603835.592,1920.602,105.137,42.039,73.588,2.501,208.503,14.663
4.197,2.43,39.444,39.444,52.036,603835.592,1920.602,105.149,42.058,73.603,2.5,208.552,14.662
4.197,2.43,39.452,39.452,52.03,603835.592,1920.602,105.161,42.077,73.619,2.499,208.602,14.66
4.197,2.43,39.459,39.459,52.024,603835.592,1920.602,105.173,42.096,73.635,2.498,208.651,14.658
4.197,2.43,39.467,39.467,52.018,603835.592,1920.602,105.185,42.115,73.65,2.498,208.7,14.657
4.197,2.43,39.474,39.474,52.013,603835.592,1920.602,105.197,42.134,73.666,2.497,208.749,14.655
4.197,2.43,39.482,39.482,52.007,603835.592,1920.602,105.209,42.154,73.682,2.496,208.799,14.653
4.197,2.43,39.489,39.489,52.001,603835.592,1920.602,105.221,42.173,73.697,2.495,208.848,14.652
4.197,2.43,39.497,39.497,51.995,603835.592,1920.602,105.234,42.192,73.713,2.494,208.897,14.65
4.197,2.43,39.504,39.504,51.989,603835.592,1920.602,105.246,42.211,73.728,2.493,208.946,14.648
4.197,2.43,39.512,39.512,51.983,603835.592,1920.602,105.258,42.23,73.744,2.492,208.996,14.647
4.197,2.43,39.519,39.519,51.977,603835.592,1920.602,105.27,42.249,73.76,2.492,209.045,14.645
4.197,2.43,39.527,39.527,51.972,603835.592,1920.602,105.282,42.268,73.775,2.491,209.094,14.644
4.197,2.43,39.534,39.534,51.966,603835.592,1920.602,105.294,42.288,73.791,2.49,209.143,14.642
4.197,2.43,39.542,39.542,51.96,603835.592,1920.602,105.306,42.307,73.806,2.489,209.193,14.64
4.197,2.43,39.549,39.549,51.954,603835.592,1920.602,105.318,42.326,73.822,2.488,209.242,14.639
4.197,2.43,39.557,39.557,51.948,603835.592,1920.602,105.33,42.345,73.837,2.487,209.291,14.637
4.197,2.43,39.564,39.564,51.943,603835.592,1920.602,105.342,42.364,73.853,2.487,209.34,14.635
4.197,2.43,39.572,39.572,51.937,603835.592,1920.602,105.354,42.383,73.869,2.486,209.39,14.634
4.197,2.43,39.58,39.58,51.931,603835.592,1920.602,105.366,42.402,73.884,2.485,209.439,14.632
4.197,2.43,39.587,39.587,51.925,603835.592,1920.602,105.378,42.421,73.9,2.484,209.488,14.631
4.197,2.43,39.595,39.595,51.92,603835.592,1920.602,105.391,42.44,73.915,2.483,209.537,14.629
4.197,2.43,39.602,39.602,51.914,603835.592,1920.602,105.403,42.459,73.931,2.482,209.587,14.627
4.197,2.43,39.61,39.61,51.908,603835.592,1920.602,105.415,42.478,73.947,2.482,209.636,14.626
4.197,2.43,39.617,39.617,51.902,603835.592,1920.602,105.427,42.498,73.962,2.481,209.685,14.624
4.197,2.43,39.625,39.625,51.897,603835.592,1920.602,105.439,42.517,73.978,2.48,209.734,14.622
4.197,2.43,39.632,39.632,51.891,603835.592,1920.602,105.451,42.536,73.993,2.479,209.783,14.621
4.197,2.43,39.64,39.64,51.885,603835.592,1920.602,105.463,42.555,74.009,2.478,209.833,14.619
4.197,2.43,39.647,39.647,51.879,603835.592,1920.602,105.475,42.574,74.025,2.477,209.882,14.618
4.197,2.43,39.655,39.655,51.874,603835.592,1920.602,105.487,42.593,74.04,2.477,209.931,14.616
4.197,2.43,39.662,39.662,51.868,603835.592,1920.602,105.499,42.612,74.056,2.476,209.98,14.614
4.197,2.43,39.67,39.67,51.862,603835.592,1920.602,105.512,42.631,74.071,2.475,210.029,14.613
4.197,2.43,39.677,39.677,51.857,603835.592,1920.602,105.524,42.65,74.087,2.474,210.079,14.611
4.197,2.43,39.685,39.685,51.851,603835.592,1920.602,105.536,42.669,74.102,2.473,210.128,14.61
4.197,2.43,39.692,39.692,51.845,603835.592,1920.602,105.548,42.688,74.118,2.473,210.177,14.608
4.197,2.43,39.7,39.7,51.839,603835.592,1920.602,105.56,42.707,74.134,2.472,210.226,14.606
4.197,2.43,39.707,39.707,51.834,603835.592,1920.602,105.572,42.726,74.149,2.471,210.275,14.605
4.197,2.43,39.715,39.715,51.828,603835.592,1920.602,105.584,42.745,74.165,2.47,210.325,14.603
4.197,2.43,39.722,39.722,51.822,603835.592,1920.602,105.597,42.764,74.18,2.469,210.374,14.602
4.197,2.43,39.73,39.73,51.817,603835.592,1920.602,105.609,42.783,74.196,2.468,210.423,14.6
4.197,2.43,39.738,39.738,51.811,603835.592,1920.602,105.621,42.802,74.211,2.468,210.472,14.598
4.197,2.43,39.745,39.745,51.805,603835.592,1920.602,105.633,42.821,74.227,2.467,210.521,14.597
4.197,2.43,39.753,39.753,51.8,603835.592,1920.602,105.645,42.84,74.243,2.466,210.57,14.595
4.197,2.43,39.76,39.76,51.794,603835.592,1920.602,105.657,42.859,74.258,2.465,210.62,14.594
4.197,2.43,39.768,39.768,51.789,603835.592,1920.602,105.669,42.878,74.274,2.464,210.669,14.592
4.197,2.43,39.775,39.775,51.783,603835.592,1920.602,105.682,42.897,74.289,2.464,210.718,14.59
4.197,2.43,39.783,39.783,51.777,603835.592,1920.602,105.694,42.916,74.305,2.463,210.767,14.589
4.197,2.43,39.79,39.79,51.772,603835.592,1920.602,105.706,42.935,74.32,2.462,210.816,14.587
4.197,2.43,39.798,39.798,51.766,603835.592,1920.602,105.718,42.954,74.336,2.461,210.865,14.586
4.197,2.43,39.805,39.805,51.761,603835.592,1920.602,105.73,42.973,74.352,2.46,210.915,14.584
4.197,2.43,39.813,39.813,51.755,603835.592,1920.602,105.742,42.992,74.367,2.46,210.964,14.583
4.197,2.43,39.82,39.82,51.749,603835.592,1920.602,105.755,43.011,74.383,2.459,211.013,14.581
4.197,2.43,39.828,39.828,51.744,603835.592,1920.602,105.767,43.03,74.398,2.458,211.062,14.579
4.197,2.43,39.835,39.835,51.738,603835.592,1920.602,105.779,43.049,74.414,2.457,211.111,14.578
4.197,2.43,39.843,39.843,51.733,603835.592,1920.602,105.791,43.068,74.429,2.456,211.16,14.576
4.197,2.43,39.85,39.85,51.727,603835.592,1920.602,105.803,43.087,74.445,2.456,211.21,14.575
4.197,2.43,39.858,39.858,51.721,603835.592,1920.602,105.816,43.106,74.461,2.455,211.259,14.573
4.197,2.43,39.865,39.865,51.716,603835.592,1920.602,105.828,43.124,74.476,2.454,211.308,14.572
4.197,2.43,39.873,39.873,51.71,603835.592,1920.602,105.84,43.143,74.492,2.453,211.357,14.57
4.197,2.43,39.88,39.88,51.705,603835.592,1920.602,105.852,43.162,74.507,2.452,211.406,14.568
4.197,2.43,39.888,39.888,51.699,603835.592,1920.602,105.864,43.181,74.523,2.452,211.455,14.567
4.197,2.43,39.895,39.895,51.694,603835.592,1920.602,105.877,43.2,74.538,2.451,211.504,14.565
4.197,2.43,39.903,39.903,51.688,603835.592,1920.602,105.889,43.219,74.554,2.45,211.553,14.564
4.197,2.43,39.91,39.91,51.683,603835.592,1920.602,105.901,43.238,74.569,2.449,211.603,14.562
4.197,2.43,39.918,39.918,51.677,603835.592,1920.602,105.913,43.257,74.585,2.448,211.652,14.561
4.197,2.43,39.925,39.925,51.672,603835.592,1920.602,105.925,43.276,74.601,2.448,211.701,14.559
4.197,2.43,39.933,39.933,51.666,603835.592,1920.602,105.938,43.295,74.616,2.447,211.75,14.557
4.197,2.43,39.94,39.94,51.661,603835.592,1920.602,105.95,43.314,74.632,2.446,211.799,14.556
4.197,2.43,39.948,39.948,51.655,603835.592,1920.602,105.962,43.332,74.647,2.445,211.848,14.554
4.197,2.43,39.955,39.955,51.65,603835.592,1920.602,105.974,43.351,74.663,2.445,211.897,14.553
4.197,2.43,39.963,39.963,51.644,603835.592,1920.602,105.986,43.37,74.678,2.444,211.946,14.551
4.197,2.43,39.97,39.97,51.639,603835.592,1920.602,105.999,43.389,74.694,2.443,211.996,14.55
4.197,2.43,39.978,39.978,51.633,603835.592,1920.602,106.011,43.408,74.709,2.442,212.045,14.548
4.197,2.43,39.985,39.985,51.628,603835.592,1920.602,106.023,43.427,74.725,2.441,212.094,14.547
4.197,2.43,39.993,39.993,51.622,603835.592,1920.602,106.035,43.446,74.741,2.441,212.143,14.545
4.197,2.43,40.0,40.0,51.617,603835.592,1920.602,106.048,43.464,74.756,2.44,212.192,14.544
4.197,2.43,40.008,40.008,51.611,603835.592,1920.602,106.06,43.483,74.772,2.439,212.241,14.542
4.197,2.43,40.015,40.015,51.606,603835.592,1920.602,106.072,43.502,74.787,2.438,212.29,14.541
4.197,2.43,40.023,40.023,51.6,603835.592,1920.602,106.084,43.521,74.803,2.438,212.339,14.539
4.197,2.43,40.03,40.03,51.595,603835.592,1920.602,106.097,43.54,74.818,2.437,212.388,14.537
4.197,2.43,40.038,40.038,51.59,603835.592,1920.602,106.109,43.559,74.834,2.436,212.437,14.536
4.197,2.43,40.045,40.045,51.584,603835.592,1920.602,106.121,43.578,74.849,2.435,212.486,14.534
4.197,2.43,40.053,40.053,51.579,603835.592,1920.602,106.133,43.596,74.865,2.434,212.536,14.533
4.197,2.43,40.06,40.06,51.573,603835.592,1920.602,106.146,43.615,74.88,2.434,212.585,14.531
4.197,2.43,40.068,40.068,51.568,603835.592,1920.602,106.158,43.634,74.896,2.433,212.634,14.53
4.197,2.43,40.075,40.075,51.563,603835.592,1920.602,106.17,43.653,74.912,2.432,212.683,14.528
4.197,2.43,40.083,40.083,51.557,603835.592,1920.602,106.182,43.672,74.927,2.431,212.732,14.527
4.197,2.43,40.09,40.09,51.552,603835.592,1920.602,106.195,43.69,74.943,2.431,212.781,14.525
4.197,2.43,40.098,40.098,51.546,603835.592,1920.602,106.207,43.709,74.958,2.43,212.83,14.524
4.197,2.43,40.105,40.105,51.541,603835.592,1920.602,106.219,43.728,74.974,2.429,212.879,14.522
4.197,2.43,40.113,40.113,51.536,603835.592,1920.602,106.232,43.747,74.989,2.428,212.928,14.521
4.197,2.43,40.12,40.12,51.53,603835.592,1920.602,106.244,43.766,75.005,2.428,212.977,14.519
4.197,2.43,40.128,40.128,51.525,603835.592,1920.602,106.256,43.784,75.02,2.427,213.026,14.518
4.197,2.43,40.135,40.135,51.52,603835.592,1920.602,106.268,43.803,75.036,2.426,213.075,14.516
4.197,2.43,40.143,40.143,51.514,603835.592,1920.602,106.281,43.822,75.051,2.425,213.125,14.515
4.197,2.43,40.15,40.15,51.509,603835.592,1920.602,106.293,43.841,75.067,2.425,213.174,14.513
4.197,2.43,40.158,40.158,51.503,603835.592,1920.602,106.305,43.86,75.082,2.424,213.223,14.512
4.197,2.43,40.165,40.165,51.498,603835.592,1920.602,106.318,43.878,75.098,2.423,213.272,14.51
4.197,2.43,40.173,40.173,51.493,603835.592,1920.602,106.33,43.897,75.114,2.422,213.321,14.509
4.197,2.43,40.18,40.18,51.487,603835.592,1920.602,106.342,43.916,75.129,2.421,213.37,14.507
4.197,2.43,40.188,40.188,51.482,603835.592,1920.602,106.355,43.935,75.145,2.421,213.419,14.506
4.197,2.43,40.195,40.195,51.477,603835.592,1920.602,106.367,43.953,75.16,2.42,213.468,14.504
4.197,2.43,40.203,40.203,51.472,603835.592,1920.602,106.379,43.972,75.176,2.419,213.517,14.503
4.197,2.43,40.21,40.21,51.466,603835.592,1920.602,106.391,43.991,75.191,2.418,213.566,14.501
4.197,2.43,40.218,40.218,51.461,603835.592,1920.602,106.404,44.01,75.207,2.418,213.615,14.5
4.197,2.43,40.225,40.225,51.456,603835.592,1920.602,106.416,44.028,75.222,2.417,213.664,14.498
4.197,2.43,40.233,40.233,51.45,603835.592,1920.602,106.428,44.047,75.238,2.416,213.713,14.497
4.197,2.43,40.24,40.24,51.445,603835.592,1920.602,106.441,44.066,75.253,2.415,213.762,14.495
4.197,2.43,40.248,40.248,51.44,603835.592,1920.602,106.453,44.085,75.269,2.415,213.811,14.494
4.197,2.43,40.255,40.255,51.434,603835.592,1920.602,106.465,44.103,75.284,2.414,213.86,14.492
4.197,2.43,40.263,40.263,51.429,603835.592,1920.602,106.478,44.122,75.3,2.413,213.909,14.491
4.197,2.43,40.27,40.27,51.424,603835.592,1920.602,106.49,44.141,75.315,2.413,213.958,14.489
4.197,2.43,40.278,40.278,51.419,603835.592,1920.602,106.502,44.16,75.331,2.412,214.007,14.488
4.197,2.43,40.285,40.285,51.413,603835.592,1920.602,106.515,44.178,75.346,2.411,214.056,14.486
4.197,2.43,40.293,40.293,51.408,603835.592,1920.602,106.527,44.197,75.362,2.41,214.105,14.485
4.197,2.43,40.3,40.3,51.403,603835.592,1920.602,106.539,44.216,75.378,2.41,214.154,14.483
4.197,2.43,40.308,40.308,51.398,603835.592,1920.602,106.552,44.234,75.393,2.409,214.204,14.482
4.197,2.43,40.315,40.315,51.392,603835.592,1920.602,106.564,44.253,75.409,2.408,214.253,14.48
4.197,2.43,40.323,40.323,51.387,603835.592,1920.602,106.577,44.272,75.424,2.407,214.302,14.479
4.197,2.43,40.33,40.33,51.382,603835.592,1920.602,106.589,44.29,75.44,2.407,214.351,14.477
4.197,2.43,40.338,40.338,51.377,603835.592,1920.602,106.601,44.309,75.455,2.406,214.4,14.476
4.197,2.43,40.345,40.345,51.372,603835.592,1920.602,106.614,44.328,75.471,2.405,214.449,14.474
4.197,2.43,40.353,40.353,51.366,603835.592,1920.602,106.626,44.346,75.486,2.404,214.498,14.473
4.197,2.43,40.36,40.36,51.361,603835.592,1920.602,106.638,44.365,75.502,2.404,214.547,14.472
4.197,2.43,40.368,40.368,51.356,603835.592,1920.602,106.651,44.384,75.517,2.403,214.596,14.47
4.197,2.43,40.375,40.375,51.351,603835.592,1920.602,106.663,44.403,75.533,2.402,214.645,14.469
4.197,2.43,40.383,40.383,51.346,603835.592,1920.602,106.675,44.421,75.548,2.401,214.694,14.467
4.197,2.43,40.39,40.39,51.34,603835.592,1920.602,106.688,44.44,75.564,2.401,214.743,14.466
4.197,2.43,40.398,40.398,51.335,603835.592,1920.602,106.7,44.458,75.579,2.4,214.792,14.464
4.197,2.43,40.405,40.405,51.33,603835.592,1920.602,106.713,44.477,75.595,2.399,214.841,14.463
4.197,2.43,40.413,40.413,51.325,603835.592,1920.602,106.725,44.496,75.61,2.399,214.89,14.461
4.197,2.43,40.42,40.42,51.32,603835.592,1920.602,106.737,44.514,75.626,2.398,214.939,14.46
4.197,2.43,40.428,40.428,51.315,603835.592,1920.602,106.75,44.533,75.641,2.397,214.988,14.458
4.197,2.43,40.435,40.435,51.309,603835.592,1920.602,106.762,44.552,75.657,2.396,215.037,14.457
4.197,2.43,40.443,40.443,51.304,603835.592,1920.602,106.774,44.57,75.672,2.396,215.086,14.456
4.197,2.43,40.45,40.45,51.299,603835.592,1920.602,106.787,44.589,75.688,2.395,215.135,14.454
4.197,2.43,40.458,40.458,51.294,603835.592,1920.602,106.799,44.608,75.703,2.394,215.184,14.453
4.197,2.43,40.465,40.465,51.289,603835.592,1920.602,106.812,44.626,75.719,2.393,215.233,14.451
4.197,2.43,40.473,40.473,51.284,603835.592,1920.602,106.824,44.645,75.734,2.393,215.282,14.45
4.197,2.43,40.48,40.48,51.279,603835.592,1920.602,106.836,44.664,75.75,2.392,215.331,14.448
4.197,2.43,40.488,40.488,51.273,603835.592,1920.602,106.849,44.682,75.766,2.391,215.38,14.447
4.197,2.43,40.495,40.495,51.268,603835.592,1920.602,106.861,44.701,75.781,2.391,215.429,14.445
4.197,2.43,40.503,40.503,51.263,603835.592,1920.602,106.874,44.719,75.797,2.39,215.478,14.444
4.197,2.43,40.51,40.51,51.258,603835.592,1920.602,106.886,44.738,75.812,2.389,215.527,14.443
4.197,2.43,40.518,40.518,51.253,603835.592,1920.602,106.899,44.757,75.828,2.388,215.576,14.441
4.197,2.43,40.525,40.525,51.248,603835.592,1920.602,106.911,44.775,75.843,2.388,215.625,14.44
4.197,2.43,40.533,40.533,51.243,603835.592,1920.602,106.923,44.794,75.859,2.387,215.674,14.438
4.197,2.43,40.54,40.54,51.238,603835.592,1920.602,106.936,44.812,75.874,2.386,215.723,14.437
4.197,2.43,40.548,40.548,51.233,603835.592,1920.602,106.948,44.831,75.89,2.386,215.772,14.435
4.197,2.43,40.555,40.555,51.227,603835.592,1920.602,106.961,44.85,75.905,2.385,215.82,14.434
4.197,2.43,40.563,40.563,51.222,603835.592,1920.602,106.973,44.868,75.921,2.384,215.869,14.432
4.197,2.43,40.57,40.57,51.217,603835.592,1920.602,106.986,44.887,75.936,2.383,215.918,14.431
4.197,2.43,40.578,40.578,51.212,603835.592,1920.602,106.998,44.905,75.952,2.383,215.967,14.43
4.197,2.43,40.585,40.585,51.207,603835.592,1920.602,107.01,44.924,75.967,2.382,216.016,14.428
4.197,2.43,40.593,40.593,51.202,603835.592,1920.602,107.023,44.942,75.983,2.381,216.065,14.427
4.197,2.43,40.6,40.6,51.197,603835.592,1920.602,107.035,44.961,75.998,2.381,216.114,14.425
4.197,2.43,40.608,40.608,51.192,603835.592,1920.602,107.048,44.98,76.014,2.38,216.163,14.424
4.197,2.43,40.615,40.615,51.187,603835.592,1920.602,107.06,44.998,76.029,2.379,216.212,14.422
4.197,2.43,40.623,40.623,51.182,603835.592,1920.602,107.073,45.017,76.045,2.379,216.261,14.421
4.197,2.43,40.63,40.63,51.177,603835.592,1920.602,107.085,45.035,76.06,2.378,216.31,14.42
4.197,2.43,40.637,40.637,51.172,603835.592,1920.602,107.098,45.054,76.076,2.377,216.359,14.418
4.197,2.43,40.645,40.645,51.167,603835.592,1920.602,107.11,45.072,76.091,2.376,216.408,14.417
4.197,2.43,40.652,40.652,51.162,603835.592,1920.602,107.122,45.091,76.107,2.376,216.457,14.415
4.197,2.43,40.66,40.66,51.157,603835.592,1920.602,107.135,45.109,76.122,2.375,216.506,14.414
4.197,2.43,40.667,40.667,51.152,603835.592,1920.602,107.147,45.128,76.138,2.374,216.555,14.413
4.197,2.43,40.675,40.675,51.147,603835.592,1920.602,107.16,45.147,76.153,2.374,216.604,14.411
4.197,2.43,40.682,40.682,51.142,603835.592,1920.602,107.172,45.165,76.169,2.373,216.653,14.41
4.197,2.43,40.69,40.69,51.137,603835.592,1920.602,107.185,45.184,76.184,2.372,216.702,14.408
4.197,2.43,40.697,40.697,51.132,603835.592,1920.602,107.197,45.202,76.2,2.372,216.751,14.407
4.197,2.43,40.705,40.705,51.127,603835.592,1920.602,107.21,45.221,76.215,2.371,216.8,14.406
4.197,2.43,40.712,40.712,51.122,603835.592,1920.602,107.222,45.239,76.231,2.37,216.849,14.404
4.197,2.43,40.72,40.72,51.117,603835.592,1920.602,107.235,45.258,76.246,2.369,216.897,14.403
4.197,2.43,40.727,40.727,51.112,603835.592,1920.602,107.247,45.276,76.262,2.369,216.946,14.401
4.197,2.43,40.735,40.735,51.107,603835.592,1920.602,107.26,45.295,76.277,2.368,216.995,14.4
4.197,2.43,40.742,40.742,51.102,603835.592,1920.602,107.272,45.313,76.293,2.367,217.044,14.399
4.197,2.43,40.75,40.75,51.097,603835.592,1920.602,107.285,45.332,76.308,2.367,217.093,14.397
4.197,2.43,40.757,40.757,51.092,603835.592,1920.602,107.297,45.35,76.324,2.366,217.142,14.396
4.197,2.43,40.765,40.765,51.087,603835.592,1920.602,107.31,45.369,76.339,2.365,217.191,14.394
4.197,2.43,40.772,40.772,51.082,603835.592,1920.602,107.322,45.387,76.355,2.365,217.24,14.393
4.197,2.43,40.78,40.78,51.077,603835.592,1920.602,107.335,45.406,76.37,2.364,217.289,14.392
4.197,2.43,40.787,40.787,51.072,603835.592,1920.602,107.347,45.424,76.386,2.363,217.338,14.39
4.197,2.43,40.795,40.795,51.067,603835.592,1920.602,107.36,45.443,76.401,2.363,217.387,14.389
4.197,2.43,40.802,40.802,51.062,603835.592,1920.602,107.372,45.461,76.417,2.362,217.436,14.387
4.197,2.43,40.81,40.81,51.057,603835.592,1920.602,107.385,45.48,76.432,2.361,217.485,14.386
4.197,2.43,40.817,40.817,51.053,603835.592,1920.602,107.397,45.498,76.448,2.36,217.534,14.385
4.197,2.43,40.825,40.825,51.048,603835.592,1920.602,107.41,45.517,76.463,2.36,217.582,14.383
4.197,2.43,40.832,40.832,51.043,603835.592,1920.602,107.422,45.535,76.479,2.359,217.631,14.382
4.197,2.43,40.839,40.839,51.038,603835.592,1920.602,107.435,45.553,76.494,2.358,217.68,14.38
4.197,2.43,40.847,40.847,51.033,603835.592,1920.602,107.447,45.572,76.51,2.358,217.729,14.379
4.197,2.43,40.854,40.854,51.028,603835.592,1920.602,107.46,45.59,76.525,2.357,217.778,14.378
4.197,2.43,40.862,40.862,51.023,603835.592,1920.602,107.472,45.609,76.541,2.356,217.827,14.376
4.197,2.43,40.869,40.869,51.018,603835.592,1920.602,107.485,45.627,76.556,2.356,217.876,14.375
4.197,2.43,40.877,40.877,51.013,603835.592,1920.602,107.497,45.646,76.571,2.355,217.925,14.374
4.197,2.43,40.884,40.884,51.008,603835.592,1920.602,107.51,45.664,76.587,2.354,217.974,14.372
4.197,2.43,40.892,40.892,51.004,603835.592,1920.602,107.522,45.683,76.602,2.354,218.023,14.371
4.197,2.43,40.899,40.899,50.999,603835.592,1920.602,107.535,45.701,76.618,2.353,218.071,14.369
4.197,2.43,40.907,40.907,50.994,603835.592,1920.602,107.547,45.72,76.633,2.352,218.12,14.368
4.197,2.43,40.914,40.914,50.989,603835.592,1920.602,107.56,45.738,76.649,2.352,218.169,14.367
4.197,2.43,40.922,40.922,50.984,603835.592,1920.602,107.572,45.756,76.664,2.351,218.218,14.365
4.197,2.43,40.929,40.929,50.979,603835.592,1920.602,107.585,45.775,76.68,2.35,218.267,14.364
4.197,2.43,40.937,40.937,50.974,603835.592,1920.602,107.597,45.793,76.695,2.35,218.316,14.363
4.197,2.43,40.944,40.944,50.97,603835.592,1920.602,107.61,45.812,76.711,2.349,218.365,14.361
4.197,2.43,40.952,40.952,50.965,603835.592,1920.602,107.623,45.83,76.726,2.348,218.414,14.36
4.197,2.43,40.959,40.959,50.96,603835.592,1920.602,107.635,45.848,76.742,2.348,218.463,14.358
4.197,2.43,40.967,40.967,50.955,603835.592,1920.602,107.648,45.867,76.757,2.347,218.511,14.357
4.197,2.43,40.974,40.974,50.95,603835.592,1920.602,107.66,45.885,76.773,2.346,218.56,14.356
4.197,2.43,40.981,40.981,50.945,603835.592,1920.602,107.673,45.904,76.788,2.346,218.609,14.354
4.197,2.43,40.989,40.989,50.941,603835.592,1920.602,107.685,45.922,76.804,2.345,218.658,14.353
4.197,2.43,40.996,40.996,50.936,603835.592,1920.602,107.698,45.941,76.819,2.344,218.707,14.352
4.197,2.43,41.004,41.004,50.931,603835.592,1920.602,107.71,45.959,76.835,2.344,218.756,14.35
4.197,2.43,41.011,41.011,50.926,603835.592,1920.602,107.723,45.977,76.85,2.343,218.805,14.349
4.197,2.43,41.019,41.019,50.921,603835.592,1920.602,107.736,45.996,76.866,2.342,218.854,14.348
4.197,2.43,41.026,41.026,50.916,603835.592,1920.602,107.748,46.014,76.881,2.342,218.902,14.346
4.197,2.43,41.034,41.034,50.912,603835.592,1920.602,107.761,46.032,76.897,2.341,218.951,14.345
4.197,2.43,41.041,41.041,50.907,603835.592,1920.602,107.773,46.051,76.912,2.34,219.0,14.344
4.197,2.43,41.049,41.049,50.902,603835.592,1920.602,107.786,46.069,76.927,2.34,219.049,14.342
4.197,2.43,41.056,41.056,50.897,603835.592,1920.602,107.798,46.088,76.943,2.339,219.098,14.341
4.197,2.43,41.064,41.064,50.893,603835.592,1920.602,107.811,46.106,76.958,2.338,219.147,14.34
4.197,2.43,41.071,41.071,50.888,603835.592,1920.602,107.823,46.124,76.974,2.338,219.196,14.338
4.197,2.43,41.079,41.079,50.883,603835.592,1920.602,107.836,46.143,76.989,2.337,219.244,14.337
4.197,2.43,41.086,41.086,50.878,603835.592,1920.602,107.849,46.161,77.005,2.336,219.293,14.335
4.197,2.43,41.094,41.094,50.873,603835.592,1920.602,107.861,46.179,77.02,2.336,219.342,14.334
4.197,2.43,41.101,41.101,50.869,603835.592,1920.602,107.874,46.198,77.036,2.335,219.391,14.333
4.197,2.43,41.108,41.108,50.864,603835.592,1920.602,107.886,46.216,77.051,2.334,219.44,14.331
4.197,2.43,41.116,41.116,50.859,603835.592,1920.602,107.899,46.234,77.067,2.334,219.489,14.33
4.197,2.43,41.123,41.123,50.854,603835.592,1920.602,107.912,46.253,77.082,2.333,219.538,14.329
4.197,2.43,41.131,41.131,50.85,603835.592,1920.602,107.924,46.271,77.098,2.332,219.586,14.327
4.197,2.43,41.138,41.138,50.845,603835.592,1920.602,107.937,46.29,77.113,2.332,219.635,14.326
4.197,2.43,41.146,41.146,50.84,603835.592,1920.602,107.949,46.308,77.129,2.331,219.684,14.325
4.197,2.43,41.153,41.153,50.835,603835.592,1920.602,107.962,46.326,77.144,2.33,219.733,14.323
4.197,2.43,41.161,41.161,50.831,603835.592,1920.602,107.975,46.345,77.16,2.33,219.782,14.322
4.197,2.43,41.168,41.168,50.826,603835.592,1920.602,107.987,46.363,77.175,2.329,219.831,14.321
4.197,2.43,41.176,41.176,50.821,603835.592,1920.602,108.0,46.381,77.19,2.329,219.879,14.319
4.197,2.43,41.183,41.183,50.817,603835.592,1920.602,108.012,46.4,77.206,2.328,219.928,14.318
4.197,2.43,41.191,41.191,50.812,603835.592,1920.602,108.025,46.418,77.221,2.327,219.977,14.317
4.197,2.43,41.198,41.198,50.807,603835.592,1920.602,108.038,46.436,77.237,2.327,220.026,14.315
4.197,2.43,41.206,41.206,50.802,603835.592,1920.602,108.05,46.454,77.252,2.326,220.075,14.314
4.197,2.43,41.213,41.213,50.798,603835.592,1920.602,108.063,46.473,77.268,2.325,220.124,14.313
4.197,2.43,41.22,41.22,50.793,603835.592,1920.602,108.075,46.491,77.283,2.325,220.172,14.311
4.197,2.43,41.228,41.228,50.788,603835.592,1920.602,108.088,46.509,77.299,2.324,220.221,14.31
4.197,2.43,41.235,41.235,50.784,603835.592,1920.602,108.101,46.528,77.314,2.323,220.27,14.309
4.197,2.43,41.243,41.243,50.779,603835.592,1920.602,108.113,46.546,77.33,2.323,220.319,14.308
4.197,2.43,41.25,41.25,50.774,603835.592,1920.602,108.126,46.564,77.345,2.322,220.368,14.306
4.197,2.43,41.258,41.258,50.77,603835.592,1920.602,108.138,46.583,77.361,2.321,220.416,14.305
4.197,2.43,41.265,41.265,50.765,603835.592,1920.602,108.151,46.601,77.376,2.321,220.465,14.304
4.197,2.43,41.273,41.273,50.76,603835.592,1920.602,108.164,46.619,77.391,2.32,220.514,14.302
4.197,2.43,41.28,41.28,50.756,603835.592,1920.602,108.176,46.637,77.407,2.32,220.563,14.301
4.197,2.43,41.288,41.288,50.751,603835.592,1920.602,108.189,46.656,77.422,2.319,220.612,14.3
4.197,2.43,41.295,41.295,50.746,603835.592,1920.602,108.202,46.674,77.438,2.318,220.661,14.298
4.197,2.43,41.303,41.303,50.742,603835.592,1920.602,108.214,46.692,77.453,2.318,220.709,14.297
4.197,2.43,41.31,41.31,50.737,603835.592,1920.602,108.227,46.711,77.469,2.317,220.758,14.296
4.197,2.43,41.317,41.317,50.732,603835.592,1920.602,108.239,46.729,77.484,2.316,220.807,14.294
4.197,2.43,41.325,41.325,50.728,603835.592,1920.602,108.252,46.747,77.5,2.316,220.856,14.293
4.197,2.43,41.332,41.332,50.723,603835.592,1920.602,108.265,46.765,77.515,2.315,220.905,14.292
4.197,2.43,41.34,41.34,50.718,603835.592,1920.602,108.277,46.784,77.531,2.314,220.953,14.29
4.197,2.43,41.347,41.347,50.714,603835.592,1920.602,108.29,46.802,77.546,2.314,221.002,14.289
4.197,2.43,41.355,41.355,50.709,603835.592,1920.602,108.303,46.82,77.561,2.313,221.051,14.288
4.197,2.43,41.362,41.362,50.704,603835.592,1920.602,108.315,46.838,77.577,2.313,221.1,14.287
4.197,2.43,41.37,41.37,50.7,603835.592,1920.602,108.328,46.857,77.592,2.312,221.148,14.285
4.197,2.43,41.377,41.377,50.695,603835.592,1920.602,108.341,46.875,77.608,2.311,221.197,14.284
4.197,2.43,41.385,41.385,50.691,603835.592,1920.602,108.353,46.893,77.623,2.311,221.246,14.283
4.197,2.43,41.392,41.392,50.686,603835.592,1920.602,108.366,46.911,77.639,2.31,221.295,14.281
4.197,2.43,41.4,41.4,50.681,603835.592,1920.602,108.379,46.93,77.654,2.309,221.344,14.28
4.197,2.43,41.407,41.407,50.677,603835.592,1920.602,108.391,46.948,77.67,2.309,221.392,14.279
4.197,2.43,41.414,41.414,50.672,603835.592,1920.602,108.404,46.966,77.685,2.308,221.441,14.277
4.197,2.43,41.422,41.422,50.668,603835.592,1920.602,108.417,46.984,77.7,2.308,221.49,14.276
4.197,2.43,41.429,41.429,50.663,603835.592,1920.602,108.429,47.003,77.716,2.307,221.539,14.275
4.197,2.43,41.437,41.437,50.658,603835.592,1920.602,108.442,47.021,77.731,2.306,221.587,14.274
4.197,2.43,41.444,41.444,50.654,603835.592,1920.602,108.455,47.039,77.747,2.306,221.636,14.272
4.197,2.43,41.452,41.452,50.649,603835.592,1920.602,108.467,47.057,77.762,2.305,221.685,14.271
4.197,2.43,41.459,41.459,50.645,603835.592,1920.602,108.48,47.075,77.778,2.304,221.734,14.27
4.197,2.43,41.467,41.467,50.64,603835.592,1920.602,108.493,47.094,77.793,2.304,221.783,14.268
4.197,2.43,41.474,41.474,50.635,603835.592,1920.602,108.505,47.112,77.809,2.303,221.831,14.267
4.197,2.43,41.482,41.482,50.631,603835.592,1920.602,108.518,47.13,77.824,2.303,221.88,14.266
4.197,2.43,41.489,41.489,50.626,603835.592,1920.602,108.531,47.148,77.839,2.302,221.929,14.265
4.197,2.43,41.496,41.496,50.622,603835.592,1920.602,108.543,47.167,77.855,2.301,221.978,14.263
4.197,2.43,41.504,41.504,50.617,603835.592,1920.602,108.556,47.185,77.87,2.301,222.026,14.262
4.197,2.43,41.511,41.511,50.613,603835.592,1920.602,108.569,47.203,77.886,2.3,222.075,14.261
4.197,2.43,41.519,41.519,50.608,603835.592,1920.602,108.581,47.221,77.901,2.299,222.124,14.259
4.197,2.43,41.526,41.526,50.604,603835.592,1920.602,108.594,47.239,77.917,2.299,222.173,14.258
4.197,2.43,41.534,41.534,50.599,603835.592,1920.602,108.607,47.258,77.932,2.298,222.221,14.257
4.197,2.43,41.541,41.541,50.594,603835.592,1920.602,108.619,47.276,77.947,2.298,222.27,14.256
4.197,2.43,41.549,41.549,50.59,603835.592,1920.602,108.632,47.294,77.963,2.297,222.319,14.254
4.197,2.43,41.556,41.556,50.585,603835.592,1920.602,108.645,47.312,77.978,2.296,222.368,14.253
4.197,2.43,41.563,41.563,50.581,603835.592,1920.602,108.657,47.33,77.994,2.296,222.416,14.252
4.197,2.43,41.571,41.571,50.576,603835.592,1920.602,108.67,47.348,78.009,2.295,222.465,14.25
4.197,2.43,41.578,41.578,50.572,603835.592,1920.602,108.683,47.367,78.025,2.295,222.514,14.249
4.197,2.43,41.586,41.586,50.567,603835.592,1920.602,108.695,47.385,78.04,2.294,222.562,14.248
4.197,2.43,41.593,41.593,50.563,603835.592,1920.602,108.708,47.403,78.056,2.293,222.611,14.247
4.197,2.43,41.601,41.601,50.558,603835.592,1920.602,108.721,47.421,78.071,2.293,222.66,14.245
4.197,2.43,41.608,41.608,50.554,603835.592,1920.602,108.734,47.439,78.086,2.292,222.709,14.244
4.197,2.43,41.616,41.616,50.549,603835.592,1920.602,108.746,47.457,78.102,2.291,222.757,14.243
4.197,2.43,41.623,41.623,50.545,603835.592,1920.602,108.759,47.476,78.117,2.291,222.806,14.242
4.197,2.43,41.631,41.631,50.54,603835.592,1920.602,108.772,47.494,78.133,2.29,222.855,14.24
4.197,2.43,41.638,41.638,50.536,603835.592,1920.602,108.784,47.512,78.148,2.29,222.904,14.239
4.197,2.43,41.645,41.645,50.531,603835.592,1920.602,108.797,47.53,78.164,2.289,222.952,14.238
4.197,2.43,41.653,41.653,50.527,603835.592,1920.602,108.81,47.548,78.179,2.288,223.001,14.236
4.197,2.43,41.66,41.66,50.522,603835.592,1920.602,108.822,47.566,78.194,2.288,223.05,14.235
4.197,2.43,41.668,41.668,50.518,603835.592,1920.602,108.835,47.584,78.21,2.287,223.098,14.234
4.197,2.43,41.675,41.675,50.513,603835.592,1920.602,108.848,47.603,78.225,2.287,223.147,14.233
4.197,2.43,41.683,41.683,50.509,603835.592,1920.602,108.861,47.621,78.241,2.286,223.196,14.231
4.197,2.43,41.69,41.69,50.504,603835.592,1920.602,108.873,47.639,78.256,2.285,223.245,14.23
4.197,2.43,41.698,41.698,50.5,603835.592,1920.602,108.886,47.657,78.272,2.285,223.293,14.229
4.197,2.43,41.705,41.705,50.495,603835.592,1920.602,108.899,47.675,78.287,2.284,223.342,14.228
4.197,2.43,41.712,41.712,50.491,603835.592,1920.602,108.911,47.693,78.302,2.284,223.391,14.226
4.197,2.43,41.72,41.72,50.487,603835.592,1920.602,108.924,47.711,78.318,2.283,223.439,14.225
4.197,2.43,41.727,41.727,50.482,603835.592,1920.602,108.937,47.73,78.333,2.282,223.488,14.224
4.197,2.43,41.735,41.735,50.478,603835.592,1920.602,108.95,47.748,78.349,2.282,223.537,14.223
4.197,2.43,41.742,41.742,50.473,603835.592,1920.602,108.962,47.766,78.364,2.281,223.585,14.221
4.197,2.43,41.75,41.75,50.469,603835.592,1920.602,108.975,47.784,78.379,2.281,223.634,14.22
4.197,2.43,41.757,41.757,50.464,603835.592,1920.602,108.988,47.802,78.395,2.28,223.683,14.219
4.197,2.43,41.765,41.765,50.46,603835.592,1920.602,109.0,47.82,78.41,2.279,223.731,14.218
4.197,2.43,41.772,41.772,50.455,603835.592,1920.602,109.013,47.838,78.426,2.279,223.78,14.216
4.197,2.43,41.779,41.779,50.451,603835.592,1920.602,109.026,47.856,78.441,2.278,223.829,14.215
4.197,2.43,41.787,41.787,50.447,603835.592,1920.602,109.039,47.874,78.457,2.278,223.877,14.214
4.197,2.43,41.794,41.794,50.442,603835.592,1920.602,109.051,47.892,78.472,2.277,223.926,14.213
4.197,2.43,41.802,41.802,50.438,603835.592,1920.602,109.064,47.911,78.487,2.276,223.975,14.211
4.197,2.43,41.809,41.809,50.433,603835.592,1920.602,109.077,47.929,78.503,2.276,224.024,14.21
4.197,2.43,41.817,41.817,50.429,603835.592,1920.602,109.09,47.947,78.518,2.275,224.072,14.209
4.197,2.43,41.824,41.824,50.424,603835.592,1920.602,109.102,47.965,78.534,2.275,224.121,14.208
4.197,2.43,41.832,41.832,50.42,603835.592,1920.602,109.115,47.983,78.549,2.274,224.17,14.206
4.197,2.43,41.839,41.839,50.416,603835.592,1920.602,109.128,48.001,78.564,2.273,224.218,14.205
4.197,2.43,41.846,41.846,50.411,603835.592,1920.602,109.141,48.019,78.58,2.273,224.267,14.204
4.197,2.43,41.854,41.854,50.407,603835.592,1920.602,109.153,48.037,78.595,2.272,224.316,14.203
4.197,2.43,41.861,41.861,50.402,603835.592,1920.602,109.166,48.055,78.611,2.272,224.364,14.201
4.197,2.43,41.869,41.869,50.398,603835.592,1920.602,109.179,48.073,78.626,2.271,224.413,14.2
4.197,2.43,41.876,41.876,50.394,603835.592,1920.602,109.192,48.091,78.641,2.271,224.461,14.199
4.197,2.43,41.884,41.884,50.389,603835.592,1920.602,109.204,48.109,78.657,2.27,224.51,14.198
4.197,2.43,41.891,41.891,50.385,603835.592,1920.602,109.217,48.128,78.672,2.269,224.559,14.196
4.197,2.43,41.898,41.898,50.381,603835.592,1920.602,109.23,48.146,78.688,2.269,224.607,14.195
4.197,2.43,41.906,41.906,50.376,603835.592,1920.602,109.243,48.164,78.703,2.268,224.656,14.194
4.197,2.43,41.913,41.913,50.372,603835.592,1920.602,109.255,48.182,78.718,2.268,224.705,14.193
4.197,2.43,41.921,41.921,50.367,603835.592,1920.602,109.268,48.2,78.734,2.267,224.753,14.192
4.197,2.43,41.928,41.928,50.363,603835.592,1920.602,109.281,48.218,78.749,2.266,224.802,14.19
4.197,2.43,41.936,41.936,50.359,603835.592,1920.602,109.294,48.236,78.765,2.266,224.851,14.189
4.197,2.43,41.943,41.943,50.354,603835.592,1920.602,109.306,48.254,78.78,2.265,224.899,14.188
4.197,2.43,41.951,41.951,50.35,603835.592,1920.602,109.319,48.272,78.796,2.265,224.948,14.187
4.197,2.43,41.958,41.958,50.346,603835.592,1920.602,109.332,48.29,78.811,2.264,224.997,14.185
4.197,2.43,41.965,41.965,50.341,603835.592,1920.602,109.345,48.308,78.826,2.263,225.045,14.184
4.197,2.43,41.973,41.973,50.337,603835.592,1920.602,109.357,48.326,78.842,2.263,225.094,14.183
4.197,2.43,41.98,41.98,50.333,603835.592,1920.602,109.37,48.344,78.857,2.262,225.142,14.182
4.197,2.43,41.988,41.988,50.328,603835.592,1920.602,109.383,48.362,78.872,2.262,225.191,14.181
4.197,2.43,41.995,41.995,50.324,603835.592,1920.602,109.396,48.38,78.888,2.261,225.24,14.179
4.197,2.43,42.003,42.003,50.32,603835.592,1920.602,109.408,48.398,78.903,2.261,225.288,14.178
4.197,2.43,42.01,42.01,50.315,603835.592,1920.602,109.421,48.416,78.919,2.26,225.337,14.177
4.197,2.43,42.017,42.017,50.311,603835.592,1920.602,109.434,48.434,78.934,2.259,225.386,14.176
4.197,2.43,42.025,42.025,50.307,603835.592,1920.602,109.447,48.452,78.949,2.259,225.434,14.174
4.197,2.43,42.032,42.032,50.302,603835.592,1920.602,109.459,48.47,78.965,2.258,225.483,14.173
4.197,2.43,42.04,42.04,50.298,603835.592,1920.602,109.472,48.488,78.98,2.258,225.531,14.172
4.197,2.43,42.047,42.047,50.294,603835.592,1920.602,109.485,48.506,78.996,2.257,225.58,14.171
4.197,2.43,42.055,42.055,50.289,603835.592,1920.602,109.498,48.524,79.011,2.257,225.629,14.17
4.197,2.43,42.062,42.062,50.285,603835.592,1920.602,109.511,48.542,79.026,2.256,225.677,14.168
4.197,2.43,42.069,42.069,50.281,603835.592,1920.602,109.523,48.56,79.042,2.255,225.726,14.167
4.197,2.43,42.077,42.077,50.276,603835.592,1920.602,109.536,48.578,79.057,2.255,225.774,14.166
4.197,2.43,42.084,42.084,50.272,603835.592,1920.602,109.549,48.596,79.073,2.254,225.823,14.165
4.197,2.43,42.092,42.092,50.268,603835.592,1920.602,109.562,48.614,79.088,2.254,225.872,14.163
4.197,2.43,42.099,42.099,50.263,603835.592,1920.602,109.574,48.632,79.103,2.253,225.92,14.162
4.197,2.43,42.107,42.107,50.259,603835.592,1920.602,109.587,48.65,79.119,2.253,225.969,14.161
4.197,2.43,42.114,42.114,50.255,603835.592,1920.602,109.6,48.668,79.134,2.252,226.017,14.16
4.197,2.43,42.121,42.121,50.251,603835.592,1920.602,109.613,48.686,79.15,2.251,226.066,14.159
4.197,2.43,42.129,42.129,50.246,603835.592,1920.602,109.626,48.704,79.165,2.251,226.114,14.157
4.197,2.43,42.136,42.136,50.242,603835.592,1920.602,109.638,48.722,79.18,2.25,226.163,14.156
4.197,2.43,42.144,42.144,50.238,603835.592,1920.602,109.651,48.74,79.196,2.25,226.212,14.155
4.197,2.43,42.151,42.151,50.233,603835.592,1920.602,109.664,48.758,79.211,2.249,226.26,14.154
4.197,2.43,42.159,42.159,50.229,603835.592,1920.602,109.677,48.776,79.226,2.249,226.309,14.153
4.197,2.43,42.166,42.166,50.225,603835.592,1920.602,109.69,48.794,79.242,2.248,226.357,14.151
4.197,2.43,42.173,42.173,50.221,603835.592,1920.602,109.702,48.812,79.257,2.247,226.406,14.15
4.197,2.43,42.181,42.181,50.216,603835.592,1920.602,109.715,48.83,79.273,2.247,226.455,14.149
4.197,2.43,42.188,42.188,50.212,603835.592,1920.602,109.728,48.848,79.288,2.246,226.503,14.148
4.197,2.43,42.196,42.196,50.208,603835.592,1920.602,109.741,48.866,79.303,2.246,226.552,14.147
4.197,2.43,42.203,42.203,50.204,603835.592,1920.602,109.754,48.884,79.319,2.245,226.6,14.145
4.197,2.43,42.211,42.211,50.199,603835.592,1920.602,109.766,48.902,79.334,2.245,226.649,14.144
4.197,2.43,42.218,42.218,50.195,603835.592,1920.602,109.779,48.92,79.349,2.244,226.697,14.143
4.197,2.43,42.225,42.225,50.191,603835.592,1920.602,109.792,48.938,79.365,2.243,226.746,14.142
4.197,2.43,42.233,42.233,50.187,603835.592,1920.602,109.805,48.956,79.38,2.243,226.794,14.141
4.197,2.43,42.24,42.24,50.182,603835.592,1920.602,109.818,48.974,79.396,2.242,226.843,14.139
4.197,2.43,42.248,42.248,50.178,603835.592,1920.602,109.83,48.992,79.411,2.242,226.892,14.138
4.197,2.43,42.255,42.255,50.174,603835.592,1920.602,109.843,49.01,79.426,2.241,226.94,14.137
4.197,2.43,42.262,42.262,50.17,603835.592,1920.602,109.856,49.028,79.442,2.241,226.989,14.136
4.197,2.43,42.27,42.27,50.165,603835.592,1920.602,109.869,49.045,79.457,2.24,227.037,14.135
4.197,2.43,42.277,42.277,50.161,603835.592,1920.602,109.882,49.063,79.472,2.24,227.086,14.133
4.197,2.43,42.285,42.285,50.157,603835.592,1920.602,109.894,49.081,79.488,2.239,227.134,14.132
4.197,2.43,42.292,42.292,50.153,603835.592,1920.602,109.907,49.099,79.503,2.238,227.183,14.131
4.197,2.43,42.3,42.3,50.148,603835.592,1920.602,109.92,49.117,79.519,2.238,227.231,14.13
4.197,2.43,42.307,42.307,50.144,603835.592,1920.602,109.933,49.135,79.534,2.237,227.28,14.129
4.197,2.43,42.314,42.314,50.14,603835.592,1920.602,109.946,49.153,79.549,2.237,227.328,14.127
4.197,2.43,42.322,42.322,50.136,603835.592,1920.602,109.958,49.171,79.565,2.236,227.377,14.126
4.197,2.43,42.329,42.329,50.132,603835.592,1920.602,109.971,49.189,79.58,2.236,227.425,14.125
4.197,2.43,42.337,42.337,50.127,603835.592,1920.602,109.984,49.207,79.595,2.235,227.474,14.124
4.197,2.43,42.344,42.344,50.123,603835.592,1920.602,109.997,49.225,79.611,2.235,227.522,14.123
4.197,2.43,42.352,42.352,50.119,603835.592,1920.602,110.01,49.243,79.626,2.234,227.571,14.122
4.197,2.43,42.359,42.359,50.115,603835.592,1920.602,110.022,49.261,79.641,2.233,227.619,14.12
4.197,2.43,42.366,42.366,50.111,603835.592,1920.602,110.035,49.278,79.657,2.233,227.668,14.119
4.197,2.43,42.374,42.374,50.106,603835.592,1920.602,110.048,49.296,79.672,2.232,227.716,14.118
4.197,2.43,42.381,42.381,50.102,603835.592,1920.602,110.061,49.314,79.688,2.232,227.765,14.117
4.197,2.43,42.389,42.389,50.098,603835.592,1920.602,110.074,49.332,79.703,2.231,227.813,14.116
4.197,2.43,42.396,42.396,50.094,603835.592,1920.602,110.087,49.35,79.718,2.231,227.862,14.114
4.197,2.43,42.403,42.403,50.09,603835.592,1920.602,110.099,49.368,79.734,2.23,227.91,14.113
4.197,2.43,42.411,42.411,50.085,603835.592,1920.602,110.112,49.386,79.749,2.23,227.959,14.112
4.197,2.43,42.418,42.418,50.081,603835.592,1920.602,110.125,49.404,79.764,2.229,228.007,14.111
4.197,2.43,42.426,42.426,50.077,603835.592,1920.602,110.138,49.422,79.78,2.229,228.056,14.11
4.197,2.43,42.433,42.433,50.073,603835.592,1920.602,110.151,49.44,79.795,2.228,228.104,14.109
4.197,2.43,42.44,42.44,50.069,603835.592,1920.602,110.163,49.457,79.81,2.227,228.153,14.107
4.197,2.43,42.448,42.448,50.064,603835.592,1920.602,110.176,49.475,79.826,2.227,228.201,14.106
4.197,2.43,42.455,42.455,50.06,603835.592,1920.602,110.189,49.493,79.841,2.226,228.25,14.105
4.197,2.43,42.463,42.463,50.056,603835.592,1920.602,110.202,49.511,79.856,2.226,228.298,14.104
4.197,2.43,42.47,42.47,50.052,603835.592,1920.602,110.215,49.529,79.872,2.225,228.347,14.103
4.197,2.43,42.478,42.478,50.048,603835.592,1920.602,110.228,49.547,79.887,2.225,228.395,14.102
4.197,2.43,42.485,42.485,50.044,603835.592,1920.602,110.24,49.565,79.903,2.224,228.444,14.1
4.197,2.43,42.492,42.492,50.04,603835.592,1920.602,110.253,49.583,79.918,2.224,228.492,14.099
4.197,2.43,42.5,42.5,50.035,603835.592,1920.602,110.266,49.6,79.933,2.223,228.541,14.098
4.197,2.43,42.507,42.507,50.031,603835.592,1920.602,110.279,49.618,79.949,2.223,228.589,14.097
4.197,2.43,42.515,42.515,50.027,603835.592,1920.602,110.292,49.636,79.964,2.222,228.638,14.096
4.197,2.43,42.522,42.522,50.023,603835.592,1920.602,110.305,49.654,79.979,2.221,228.686,14.094
4.197,2.43,42.529,42.529,50.019,603835.592,1920.602,110.317,49.672,79.995,2.221,228.735,14.093
4.197,2.43,42.537,42.537,50.015,603835.592,1920.602,110.33,49.69,80.01,2.22,228.783,14.092
4.197,2.43,42.544,42.544,50.01,603835.592,1920.602,110.343,49.708,80.025,2.22,228.831,14.091
4.197,2.43,42.552,42.552,50.006,603835.592,1920.602,110.356,49.725,80.041,2.219,228.88,14.09
4.197,2.43,42.559,42.559,50.002,603835.592,1920.602,110.369,49.743,80.056,2.219,228.928,14.089
4.197,2.43,42.566,42.566,49.998,603835.592,1920.602,110.382,49.761,80.071,2.218,228.977,14.087
4.197,2.43,42.574,42.574,49.994,603835.592,1920.602,110.394,49.779,80.087,2.218,229.025,14.086
4.197,2.43,42.581,42.581,49.99,603835.592,1920.602,110.407,49.797,80.102,2.217,229.074,14.085
4.197,2.43,42.589,42.589,49.986,603835.592,1920.602,110.42,49.815,80.117,2.217,229.122,14.084
4.197,2.43,42.596,42.596,49.982,603835.592,1920.602,110.433,49.832,80.133,2.216,229.171,14.083
4.197,2.43,42.603,42.603,49.977,603835.592,1920.602,110.446,49.85,80.148,2.216,229.219,14.082
4.197,2.43,42.611,42.611,49.973,603835.592,1920.602,110.459,49.868,80.163,2.215,229.267,14.081
4.197,2.43,42.618,42.618,49.969,603835.592,1920.602,110.471,49.886,80.179,2.214,229.316,14.079
4.197,2.43,42.626,42.626,49.965,603835.592,1920.602,110.484,49.904,80.194,2.214,229.364,14.078
4.197,2.43,42.633,42.633,49.961,603835.592,1920.602,110.497,49.922,80.209,2.213,229.413,14.077
4.197,2.43,42.64,42.64,49.957,603835.592,1920.602,110.51,49.939,80.225,2.213,229.461,14.076
4.197,2.43,42.648,42.648,49.953,603835.592,1920.602,110.523,49.957,80.24,2.212,229.51,14.075
4.197,2.43,42.655,42.655,49.949,603835.592,1920.602,110.536,49.975,80.255,2.212,229.558,14.074
4.197,2.43,42.663,42.663,49.945,603835.592,1920.602,110.549,49.993,80.271,2.211,229.606,14.072
4.197,2.43,42.67,42.67,49.94,603835.592,1920.602,110.561,50.011,80.286,2.211,229.655,14.071
4.197,2.43,42.677,42.677,49.936,603835.592,1920.602,110.574,50.029,80.301,2.21,229.703,14.07
4.197,2.43,42.685,42.685,49.932,603835.592,1920.602,110.587,50.046,80.317,2.21,229.752,14.069
4.197,2.43,42.692,42.692,49.928,603835.592,1920.602,110.6,50.064,80.332,2.209,229.8,14.068
4.197,2.43,42.7,42.7,49.924,603835.592,1920.602,110.613,50.082,80.347,2.209,229.848,14.067
4.197,2.43,42.707,42.707,49.92,603835.592,1920.602,110.626,50.1,80.363,2.208,229.897,14.065
4.197,2.43,42.714,42.714,49.916,603835.592,1920.602,110.638,50.118,80.378,2.208,229.945,14.064
4.197,2.43,42.722,42.722,49.912,603835.592,1920.602,110.651,50.135,80.393,2.207,229.994,14.063
4.197,2.43,42.729,42.729,49.908,603835.592,1920.602,110.664,50.153,80.409,2.207,230.042,14.062
4.197,2.43,42.737,42.737,49.904,603835.592,1920.602,110.677,50.171,80.424,2.206,230.09,14.061
4.197,2.43,42.744,42.744,49.9,603835.592,1920.602,110.69,50.189,80.439,2.205,230.139,14.06
4.197,2.43,42.751,42.751,49.896,603835.592,1920.602,110.703,50.207,80.455,2.205,230.187,14.059
4.197,2.43,42.759,42.759,49.891,603835.592,1920.602,110.716,50.224,80.47,2.204,230.236,14.057
4.197,2.43,42.766,42.766,49.887,603835.592,1920.602,110.728,50.242,80.485,2.204,230.284,14.056
4.197,2.43,42.774,42.774,49.883,603835.592,1920.602,110.741,50.26,80.501,2.203,230.332,14.055
4.197,2.43,42.781,42.781,49.879,603835.592,1920.602,110.754,50.278,80.516,2.203,230.381,14.054
4.197,2.43,42.788,42.788,49.875,603835.592,1920.602,110.767,50.295,80.531,2.202,230.429,14.053
4.197,2.43,42.796,42.796,49.871,603835.592,1920.602,110.78,50.313,80.547,2.202,230.477,14.052
4.197,2.43,42.803,42.803,49.867,603835.592,1920.602,110.793,50.331,80.562,2.201,230.526,14.051
4.197,2.43,42.811,42.811,49.863,603835.592,1920.602,110.806,50.349,80.577,2.201,230.574,14.049
4.197,2.43,42.818,42.818,49.859,603835.592,1920.602,110.818,50.367,80.592,2.2,230.622,14.048
4.197,2.43,42.825,42.825,49.855,603835.592,1920.602,110.831,50.384,80.608,2.2,230.671,14.047
4.197,2.43,42.833,42.833,49.851,603835.592,1920.602,110.844,50.402,80.623,2.199,230.719,14.046
4.197,2.43,42.84,42.84,49.847,603835.592,1920.602,110.857,50.42,80.638,2.199,230.768,14.045
4.197,2.43,42.848,42.848,49.843,603835.592,1920.602,110.87,50.438,80.654,2.198,230.816,14.044
4.197,2.43,42.855,42.855,49.839,603835.592,1920.602,110.883,50.455,80.669,2.198,230.864,14.043
4.197,2.43,42.862,42.862,49.835,603835.592,1920.602,110.896,50.473,80.684,2.197,230.913,14.041
4.197,2.43,42.87,42.87,49.831,603835.592,1920.602,110.908,50.491,80.7,2.197,230.961,14.04
4.197,2.43,42.877,42.877,49.827,603835.592,1920.602,110.921,50.509,80.715,2.196,231.009,14.039
4.197,2.43,42.885,42.885,49.823,603835.592,1920.602,110.934,50.526,80.73,2.196,231.058,14.038
4.197,2.43,42.892,42.892,49.819,603835.592,1920.602,110.947,50.544,80.746,2.195,231.106,14.037
4.197,2.43,42.899,42.899,49.815,603835.592,1920.602,110.96,50.562,80.761,2.195,231.154,14.036
4.197,2.43,42.907,42.907,49.81,603835.592,1920.602,110.973,50.58,80.776,2.194,231.203,14.035
4.197,2.43,42.914,42.914,49.806,603835.592,1920.602,110.986,50.597,80.791,2.194,231.251,14.034
4.197,2.43,42.921,42.921,49.802,603835.592,1920.602,110.998,50.615,80.807,2.193,231.299,14.032
4.197,2.43,42.929,42.929,49.798,603835.592,1920.602,111.011,50.633,80.822,2.192,231.348,14.031
4.197,2.43,42.936,42.936,49.794,603835.592,1920.602,111.024,50.651,80.837,2.192,231.396,14.03
4.197,2.43,42.944,42.944,49.79,603835.592,1920.602,111.037,50.668,80.853,2.191,231.444,14.029
4.197,2.43,42.951,42.951,49.786,603835.592,1920.602,111.05,50.686,80.868,2.191,231.492,14.028
4.197,2.43,42.958,42.958,49.782,603835.592,1920.602,111.063,50.704,80.883,2.19,231.541,14.027
4.197,2.43,42.966,42.966,49.778,603835.592,1920.602,111.076,50.722,80.899,2.19,231.589,14.026
4.197,2.43,42.973,42.973,49.774,603835.592,1920.602,111.088,50.739,80.914,2.189,231.637,14.024
4.197,2.43,42.981,42.981,49.77,603835.592,1920.602,111.101,50.757,80.929,2.189,231.686,14.023
4.197,2.43,42.988,42.988,49.766,603835.592,1920.602,111.114,50.775,80.944,2.188,231.734,14.022
4.197,2.43,42.995,42.995,49.762,603835.592,1920.602,111.127,50.792,80.96,2.188,231.782,14.021
4.197,2.43,43.003,43.003,49.758,603835.592,1920.602,111.14,50.81,80.975,2.187,231.831,14.02
4.197,2.43,43.01,43.01,49.754,603835.592,1920.602,111.153,50.828,80.99,2.187,231.879,14.019
4.197,2.43,43.017,43.017,49.75,603835.592,1920.602,111.166,50.846,81.006,2.186,231.927,14.018
4.197,2.43,43.025,43.025,49.746,603835.592,1920.602,111.179,50.863,81.021,2.186,231.975,14.017
4.197,2.43,43.032,43.032,49.742,603835.592,1920.602,111.191,50.881,81.036,2.185,232.024,14.015
4.197,2.43,43.04,43.04,49.738,603835.592,1920.602,111.204,50.899,81.051,2.185,232.072,14.014
4.197,2.43,43.047,43.047,49.734,603835.592,1920.602,111.217,50.916,81.067,2.184,232.12,14.013
4.197,2.43,43.054,43.054,49.73,603835.592,1920.602,111.23,50.934,81.082,2.184,232.169,14.012
4.197,2.43,43.062,43.062,49.726,603835.592,1920.602,111.243,50.952,81.097,2.183,232.217,14.011
4.197,2.43,43.069,43.069,49.722,603835.592,1920.602,111.256,50.97,81.113,2.183,232.265,14.01
4.197,2.43,43.077,43.077,49.718,603835.592,1920.602,111.269,50.987,81.128,2.182,232.313,14.009
4.197,2.43,43.084,43.084,49.714,603835.592,1920.602,111.281,51.005,81.143,2.182,232.362,14.008
4.197,2.43,43.091,43.091,49.71,603835.592,1920.602,111.294,51.023,81.158,2.181,232.41,14.006
4.197,2.43,43.099,43.099,49.706,603835.592,1920.602,111.307,51.04,81.174,2.181,232.458,14.005
4.197,2.43,43.106,43.106,49.702,603835.592,1920.602,111.32,51.058,81.189,2.18,232.506,14.004
4.197,2.43,43.113,43.113,49.698,603835.592,1920.602,111.333,51.076,81.204,2.18,232.555,14.003
4.197,2.43,43.121,43.121,49.695,603835.592,1920.602,111.346,51.093,81.22,2.179,232.603,14.002
4.197,2.43,43.128,43.128,49.691,603835.592,1920.602,111.359,51.111,81.235,2.179,232.651,14.001
4.197,2.43,43.136,43.136,49.687,603835.592,1920.602,111.372,51.129,81.25,2.178,232.699,14.0
4.197,2.43,43.143,43.143,49.683,603835.592,1920.602,111.384,51.146,81.265,2.178,232.748,13.999
4.197,2.43,43.15,43.15,49.679,603835.592,1920.602,111.397,51.164,81.281,2.177,232.796,13.997
4.197,2.43,43.158,43.158,49.675,603835.592,1920.602,111.41,51.182,81.296,2.177,232.844,13.996
4.197,2.43,43.165,43.165,49.671,603835.592,1920.602,111.423,51.199,81.311,2.176,232.892,13.995
4.197,2.43,43.172,43.172,49.667,603835.592,1920.602,111.436,51.217,81.327,2.176,232.94,13.994
4.197,2.43,43.18,43.18,49.663,603835.592,1920.602,111.449,51.235,81.342,2.175,232.989,13.993
4.197,2.43,43.187,43.187,49.659,603835.592,1920.602,111.462,51.252,81.357,2.175,233.037,13.992
4.197,2.43,43.195,43.195,49.655,603835.592,1920.602,111.475,51.27,81.372,2.174,233.085,13.991
4.197,2.43,43.202,43.202,49.651,603835.592,1920.602,111.487,51.288,81.388,2.174,233.133,13.99
4.197,2.43,43.209,43.209,49.647,603835.592,1920.602,111.5,51.305,81.403,2.173,233.182,13.989
4.197,2.43,43.217,43.217,49.643,603835.592,1920.602,111.513,51.323,81.418,2.173,233.23,13.987
4.197,2.43,43.224,43.224,49.639,603835.592,1920.602,111.526,51.341,81.433,2.172,233.278,13.986
4.197,2.43,43.231,43.231,49.635,603835.592,1920.602,111.539,51.358,81.449,2.172,233.326,13.985
4.197,2.43,43.239,43.239,49.631,603835.592,1920.602,111.552,51.376,81.464,2.171,233.374,13.984
4.197,2.43,43.246,43.246,49.627,603835.592,1920.602,111.565,51.394,81.479,2.171,233.423,13.983
4.197,2.43,43.253,43.253,49.623,603835.592,1920.602,111.578,51.411,81.494,2.17,233.471,13.982
4.197,2.43,43.261,43.261,49.619,603835.592,1920.602,111.59,51.429,81.51,2.17,233.519,13.981
4.197,2.43,43.268,43.268,49.615,603835.592,1920.602,111.603,51.447,81.525,2.169,233.567,13.98
4.197,2.43,43.276,43.276,49.612,603835.592,1920.602,111.616,51.464,81.54,2.169,233.615,13.979
4.197,2.43,43.283,43.283,49.608,603835.592,1920.602,111.629,51.482,81.555,2.168,233.664,13.977
4.197,2.43,43.29,43.29,49.604,603835.592,1920.602,111.642,51.5,81.571,2.168,233.712,13.976
4.197,2.43,43.298,43.298,49.6,603835.592,1920.602,111.655,51.517,81.586,2.167,233.76,13.975
4.197,2.43,43.305,43.305,49.596,603835.592,1920.602,111.668,51.535,81.601,2.167,233.808,13.974
4.197,2.43,43.312,43.312,49.592,603835.592,1920.602,111.681,51.552,81.617,2.166,233.856,13.973
4.197,2.43,43.32,43.32,49.588,603835.592,1920.602,111.693,51.57,81.632,2.166,233.904,13.972
4.197,2.43,43.327,43.327,49.584,603835.592,1920.602,111.706,51.588,81.647,2.165,233.953,13.971
4.197,2.43,43.334,43.334,49.58,603835.592,1920.602,111.719,51.605,81.662,2.165,234.001,13.97
4.197,2.43,43.342,43.342,49.576,603835.592,1920.602,111.732,51.623,81.678,2.164,234.049,13.969
4.197,2.43,43.349,43.349,49.572,603835.592,1920.602,111.745,51.641,81.693,2.164,234.097,13.968
4.197,2.43,43.357,43.357,49.568,603835.592,1920.602,111.758,51.658,81.708,2.163,234.145,13.966
4.197,2.43,43.364,43.364,49.564,603835.592,1920.602,111.771,51.676,81.723,2.163,234.193,13.965
4.197,2.43,43.371,43.371,49.561,603835.592,1920.602,111.784,51.693,81.739,2.162,234.241,13.964
4.197,2.43,43.379,43.379,49.557,603835.592,1920.602,111.796,51.711,81.754,2.162,234.29,13.963
4.197,2.43,43.386,43.386,49.553,603835.592,1920.602,111.809,51.729,81.769,2.161,234.338,13.962
4.197,2.43,43.393,43.393,49.549,603835.592,1920.602,111.822,51.746,81.784,2.161,234.386,13.961
4.197,2.43,43.401,43.401,49.545,603835.592,1920.602,111.835,51.764,81.799,2.16,234.434,13.96
4.197,2.43,43.408,43.408,49.541,603835.592,1920.602,111.848,51.782,81.815,2.16,234.482,13.959
4.197,2.43,43.415,43.415,49.537,603835.592,1920.602,111.861,51.799,81.83,2.16,234.53,13.958
4.197,2.43,43.423,43.423,49.533,603835.592,1920.602,111.874,51.817,81.845,2.159,234.578,13.957
4.197,2.43,43.43,43.43,49.529,603835.592,1920.602,111.887,51.834,81.86,2.159,234.627,13.955
4.197,2.43,43.438,43.438,49.525,603835.592,1920.602,111.899,51.852,81.876,2.158,234.675,13.954
4.197,2.43,43.445,43.445,49.522,603835.592,1920.602,111.912,51.87,81.891,2.158,234.723,13.953
4.197,2.43,43.452,43.452,49.518,603835.592,1920.602,111.925,51.887,81.906,2.157,234.771,13.952
4.197,2.43,43.46,43.46,49.514,603835.592,1920.602,111.938,51.905,81.921,2.157,234.819,13.951
4.197,2.43,43.467,43.467,49.51,603835.592,1920.602,111.951,51.922,81.937,2.156,234.867,13.95
4.197,2.43,43.474,43.474,49.506,603835.592,1920.602,111.964,51.94,81.952,2.156,234.915,13.949
4.197,2.43,43.482,43.482,49.502,603835.592,1920.602,111.977,51.958,81.967,2.155,234.963,13.948
4.197,2.43,43.489,43.489,49.498,603835.592,1920.602,111.99,51.975,81.982,2.155,235.011,13.947
4.197,2.43,43.496,43.496,49.494,603835.592,1920.602,112.002,51.993,81.998,2.154,235.06,13.946
4.197,2.43,43.504,43.504,49.49,603835.592,1920.602,112.015,52.01,82.013,2.154,235.108,13.944
4.197,2.43,43.511,43.511,49.487,603835.592,1920.602,112.028,52.028,82.028,2.153,235.156,13.943
4.197,2.43,43.518,43.518,49.483,603835.592,1920.602,112.041,52.045,82.043,2.153,235.204,13.942
4.197,2.43,43.526,43.526,49.479,603835.592,1920.602,112.054,52.063,82.058,2.152,235.252,13.941
4.197,2.43,43.533,43.533,49.475,603835.592,1920.602,112.067,52.081,82.074,2.152,235.3,13.94
4.197,2.43,43.54,43.54,49.471,603835.592,1920.602,112.08,52.098,82.089,2.151,235.348,13.939
4.197,2.43,43.548,43.548,49.467,603835.592,1920.602,112.092,52.116,82.104,2.151,235.396,13.938
4.197,2.43,43.555,43.555,49.463,603835.592,1920.602,112.105,52.133,82.119,2.15,235.444,13.937
4.197,2.43,43.563,43.563,49.459,603835.592,1920.602,112.118,52.151,82.135,2.15,235.492,13.936
4.197,2.43,43.57,43.57,49.456,603835.592,1920.602,112.131,52.168,82.15,2.149,235.54,13.935
4.197,2.43,43.577,43.577,49.452,603835.592,1920.602,112.144,52.186,82.165,2.149,235.588,13.934
4.197,2.43,43.585,43.585,49.448,603835.592,1920.602,112.157,52.204,82.18,2.148,235.636,13.932
4.197,2.43,43.592,43.592,49.444,603835.592,1920.602,112.17,52.221,82.195,2.148,235.684,13.931
4.197,2.43,43.599,43.599,49.44,603835.592,1920.602,112.183,52.239,82.211,2.147,235.733,13.93
4.197,2.43,43.607,43.607,49.436,603835.592,1920.602,112.195,52.256,82.226,2.147,235.781,13.929
4.197,2.43,43.614,43.614,49.432,603835.592,1920.602,112.208,52.274,82.241,2.147,235.829,13.928
4.197,2.43,43.621,43.621,49.428,603835.592,1920.602,112.221,52.291,82.256,2.146,235.877,13.927
4.197,2.43,43.629,43.629,49.425,603835.592,1920.602,112.234,52.309,82.272,2.146,235.925,13.926
4.197,2.43,43.636,43.636,49.421,603835.592,1920.602,112.247,52.326,82.287,2.145,235.973,13.925
4.197,2.43,43.643,43.643,49.417,603835.592,1920.602,112.26,52.344,82.302,2.145,236.021,13.924
4.197,2.43,43.651,43.651,49.413,603835.592,1920.602,112.273,52.362,82.317,2.144,236.069,13.923
4.197,2.43,43.658,43.658,49.409,603835.592,1920.602,112.286,52.379,82.332,2.144,236.117,13.922
4.197,2.43,43.665,43.665,49.405,603835.592,1920.602,112.298,52.397,82.348,2.143,236.165,13.92
4.197,2.43,43.673,43.673,49.401,603835.592,1920.602,112.311,52.414,82.363,2.143,236.213,13.919
4.197,2.43,43.68,43.68,49.398,603835.592,1920.602,112.324,52.432,82.378,2.142,236.261,13.918
4.197,2.43,43.687,43.687,49.394,603835.592,1920.602,112.337,52.449,82.393,2.142,236.309,13.917
4.197,2.43,43.695,43.695,49.39,603835.592,1920.602,112.35,52.467,82.408,2.141,236.357,13.916
4.197,2.43,43.702,43.702,49.386,603835.592,1920.602,112.363,52.484,82.424,2.141,236.405,13.915
4.197,2.43,43.709,43.709,49.382,603835.592,1920.602,112.376,52.502,82.439,2.14,236.453,13.914
4.197,2.43,43.717,43.717,49.378,603835.592,1920.602,112.389,52.519,82.454,2.14,236.501,13.913
4.197,2.43,43.724,43.724,49.375,603835.592,1920.602,112.401,52.537,82.469,2.139,236.549,13.912
4.197,2.43,43.731,43.731,49.371,603835.592,1920.602,112.414,52.554,82.484,2.139,236.597,13.911
4.197,2.43,43.739,43.739,49.367,603835.592,1920.602,112.427,52.572,82.5,2.139,236.645,13.91
4.197,2.43,43.746,43.746,49.363,603835.592,1920.602,112.44,52.59,82.515,2.138,236.693,13.909
4.197,2.43,43.753,43.753,49.359,603835.592,1920.602,112.453,52.607,82.53,2.138,236.741,13.907
4.197,2.43,43.761,43.761,49.355,603835.592,1920.602,112.466,52.625,82.545,2.137,236.789,13.906
4.197,2.43,43.768,43.768,49.352,603835.592,1920.602,112.479,52.642,82.56,2.137,236.837,13.905
4.197,2.43,43.775,43.775,49.348,603835.592,1920.602,112.492,52.66,82.576,2.136,236.885,13.904
4.197,2.43,43.783,43.783,49.344,603835.592,1920.602,112.504,52.677,82.591,2.136,236.933,13.903
4.197,2.43,43.79,43.79,49.34,603835.592,1920.602,112.517,52.695,82.606,2.135,236.981,13.902
4.197,2.43,43.797,43.797,49.336,603835.592,1920.602,112.53,52.712,82.621,2.135,237.029,13.901
4.197,2.43,43.805,43.805,49.332,603835.592,1920.602,112.543,52.73,82.636,2.134,237.077,13.9
4.197,2.43,43.812,43.812,49.329,603835.592,1920.602,112.556,52.747,82.651,2.134,237.125,13.899
4.197,2.43,43.819,43.819,49.325,603835.592,1920.602,112.569,52.765,82.667,2.133,237.173,13.898
4.197,2.43,43.827,43.827,49.321,603835.592,1920.602,112.582,52.782,82.682,2.133,237.22,13.897
4.197,2.43,43.834,43.834,49.317,603835.592,1920.602,112.594,52.8,82.697,2.132,237.268,13.896
4.197,2.43,43.841,43.841,49.313,603835.592,1920.602,112.607,52.817,82.712,2.132,237.316,13.895
4.197,2.43,43.849,43.849,49.309,603835.592,1920.602,112.62,52.835,82.727,2.132,237.364,13.893
4.197,2.43,43.856,43.856,49.306,603835.592,1920.602,112.633,52.852,82.743,2.131,237.412,13.892
4.197,2.43,43.863,43.863,49.302,603835.592,1920.602,112.646,52.87,82.758,2.131,237.46,13.891
4.197,2.43,43.871,43.871,49.298,603835.592,1920.602,112.659,52.887,82.773,2.13,237.508,13.89
4.197,2.43,43.878,43.878,49.294,603835.592,1920.602,112.672,52.905,82.788,2.13,237.556,13.889
4.197,2.43,43.885,43.885,49.29,603835.592,1920.602,112.684,52.922,82.803,2.129,237.604,13.888
4.197,2.43,43.893,43.893,49.287,603835.592,1920.602,112.697,52.94,82.818,2.129,237.652,13.887
4.197,2.43,43.9,43.9,49.283,603835.592,1920.602,112.71,52.957,82.834,2.128,237.7,13.886
4.197,2.43,43.907,43.907,49.279,603835.592,1920.602,112.723,52.975,82.849,2.128,237.748,13.885
4.197,2.43,43.915,43.915,49.275,603835.592,1920.602,112.736,52.992,82.864,2.127,237.796,13.884
4.197,2.43,43.922,43.922,49.271,603835.592,1920.602,112.749,53.01,82.879,2.127,237.844,13.883
4.197,2.43,43.929,43.929,49.267,603835.592,1920.602,112.762,53.027,82.894,2.126,237.891,13.882
4.197,2.43,43.937,43.937,49.264,603835.592,1920.602,112.775,53.044,82.909,2.126,237.939,13.881
4.197,2.43,43.944,43.944,49.26,603835.592,1920.602,112.787,53.062,82.925,2.126,237.987,13.879
4.197,2.43,43.951,43.951,49.256,603835.592,1920.602,112.8,53.079,82.94,2.125,238.035,13.878
4.197,2.43,43.959,43.959,49.252,603835.592,1920.602,112.813,53.097,82.955,2.125,238.083,13.877
4.197,2.43,43.966,43.966,49.248,603835.592,1920.602,112.826,53.114,82.97,2.124,238.131,13.876
4.197,2.43,43.973,43.973,49.245,603835.592,1920.602,112.839,53.132,82.985,2.124,238.179,13.875
4.197,2.43,43.981,43.981,49.241,603835.592,1920.602,112.852,53.149,83.0,2.123,238.227,13.874
4.197,2.43,43.988,43.988,49.237,603835.592,1920.602,112.865,53.167,83.016,2.123,238.274,13.873
4.197,2.43,43.995,43.995,49.233,603835.592,1920.602,112.877,53.184,83.031,2.122,238.322,13.872
4.197,2.43,44.002,44.002,49.229,603835.592,1920.602,112.89,53.202,83.046,2.122,238.37,13.871
4.197,2.43,44.01,44.01,49.226,603835.592,1920.602,112.903,53.219,83.061,2.121,238.418,13.87
4.197,2.43,44.017,44.017,49.222,603835.592,1920.602,112.916,53.237,83.076,2.121,238.466,13.869
4.197,2.43,44.024,44.024,49.218,603835.592,1920.602,112.929,53.254,83.091,2.121,238.514,13.868
4.197,2.43,44.032,44.032,49.214,603835.592,1920.602,112.942,53.271,83.107,2.12,238.562,13.867
4.197,2.43,44.039,44.039,49.21,603835.592,1920.602,112.955,53.289,83.122,2.12,238.61,13.866
4.197,2.43,44.046,44.046,49.207,603835.592,1920.602,112.967,53.306,83.137,2.119,238.657,13.865
4.197,2.43,44.054,44.054,49.203,603835.592,1920.602,112.98,53.324,83.152,2.119,238.705,13.863
4.197,2.43,44.061,44.061,49.199,603835.592,1920.602,112.993,53.341,83.167,2.118,238.753,13.862
4.197,2.43,44.068,44.068,49.195,603835.592,1920.602,113.006,53.359,83.182,2.118,238.801,13.861
4.197,2.43,44.076,44.076,49.192,603835.592,1920.602,113.019,53.376,83.197,2.117,238.849,13.86
4.197,2.43,44.083,44.083,49.188,603835.592,1920.602,113.032,53.394,83.213,2.117,238.897,13.859
4.197,2.43,44.09,44.09,49.184,603835.592,1920.602,113.044,53.411,83.228,2.116,238.944,13.858
4.197,2.43,44.098,44.098,49.18,603835.592,1920.602,113.057,53.428,83.243,2.116,238.992,13.857
4.197,2.43,44.105,44.105,49.176,603835.592,1920.602,113.07,53.446,83.258,2.116,239.04,13.856
4.197,2.43,44.112,44.112,49.173,603835.592,1920.602,113.083,53.463,83.273,2.115,239.088,13.855
4.197,2.43,44.119,44.119,49.169,603835.592,1920.602,113.096,53.481,83.288,2.115,239.136,13.854
4.197,2.43,44.127,44.127,49.165,603835.592,1920.602,113.109,53.498,83.303,2.114,239.183,13.853
4.197,2.43,44.134,44.134,49.161,603835.592,1920.602,113.122,53.516,83.319,2.114,239.231,13.852
4.197,2.43,44.141,44.141,49.157,603835.592,1920.602,113.134,53.533,83.334,2.113,239.279,13.851
4.197,2.43,44.149,44.149,49.154,603835.592,1920.602,113.147,53.551,83.349,2.113,239.327,13.85
4.197,2.43,44.156,44.156,49.15,603835.592,1920.602,113.16,53.568,83.364,2.112,239.375,13.849
4.197,2.43,44.163,44.163,49.146,603835.592,1920.602,113.173,53.585,83.379,2.112,239.422,13.847
4.197,2.43,44.171,44.171,49.142,603835.592,1920.602,113.186,53.603,83.394,2.112,239.47,13.846
4.197,2.43,44.178,44.178,49.139,603835.592,1920.602,113.199,53.62,83.409,2.111,239.518,13.845
4.197,2.43,44.185,44.185,49.135,603835.592,1920.602,113.211,53.638,83.425,2.111,239.566,13.844
4.197,2.43,44.193,44.193,49.131,603835.592,1920.602,113.224,53.655,83.44,2.11,239.613,13.843
4.197,2.43,44.2,44.2,49.127,603835.592,1920.602,113.237,53.672,83.455,2.11,239.661,13.842
4.197,2.43,44.207,44.207,49.124,603835.592,1920.602,113.25,53.69,83.47,2.109,239.709,13.841
4.197,2.43,44.214,44.214,49.12,603835.592,1920.602,113.263,53.707,83.485,2.109,239.757,13.84
4.197,2.43,44.222,44.222,49.116,603835.592,1920.602,113.276,53.725,83.5,2.108,239.805,13.839
4.197,2.43,44.229,44.229,49.112,603835.592,1920.602,113.288,53.742,83.515,2.108,239.852,13.838
4.197,2.43,44.236,44.236,49.108,603835.592,1920.602,113.301,53.759,83.53,2.108,239.9,13.837
4.197,2.43,44.244,44.244,49.105,603835.592,1920.602,113.314,53.777,83.546,2.107,239.948,13.836
4.197,2.43,44.251,44.251,49.101,603835.592,1920.602,113.327,53.794,83.561,2.107,239.996,13.835
4.197,2.43,44.258,44.258,49.097,603835.592,1920.602,113.34,53.812,83.576,2.106,240.043,13.834
4.197,2.43,44.266,44.266,49.093,603835.592,1920.602,113.353,53.829,83.591,2.106,240.091,13.833
4.197,2.43,44.273,44.273,49.09,603835.592,1920.602,113.366,53.846,83.606,2.105,240.139,13.832
4.197,2.43,44.28,44.28,49.086,603835.592,1920.602,113.378,53.864,83.621,2.105,240.186,13.83
4.197,2.43,44.287,44.287,49.082,603835.592,1920.602,113.391,53.881,83.636,2.104,240.234,13.829
4.197,2.43,44.295,44.295,49.078,603835.592,1920.602,113.404,53.899,83.651,2.104,240.282,13.828
4.197,2.43,44.302,44.302,49.075,603835.592,1920.602,113.417,53.916,83.666,2.104,240.33,13.827
4.197,2.43,44.309,44.309,49.071,603835.592,1920.602,113.43,53.933,83.682,2.103,240.377,13.826
4.197,2.43,44.317,44.317,49.067,603835.592,1920.602,113.443,53.951,83.697,2.103,240.425,13.825
4.197,2.43,44.324,44.324,49.063,603835.592,1920.602,113.455,53.968,83.712,2.102,240.473,13.824
4.197,2.43,44.331,44.331,49.06,603835.592,1920.602,113.468,53.986,83.727,2.102,240.52,13.823
4.197,2.43,44.339,44.339,49.056,603835.592,1920.602,113.481,54.003,83.742,2.101,240.568,13.822
4.197,2.43,44.346,44.346,49.052,603835.592,1920.602,113.494,54.02,83.757,2.101,240.616,13.821
4.197,2.43,44.353,44.353,49.048,603835.592,1920.602,113.507,54.038,83.772,2.101,240.664,13.82
4.197,2.43,44.36,44.36,49.045,603835.592,1920.602,113.519,54.055,83.787,2.1,240.711,13.819
4.197,2.43,44.368,44.368,49.041,603835.592,1920.602,113.532,54.072,83.802,2.1,240.759,13.818
4.197,2.43,44.375,44.375,49.037,603835.592,1920.602,113.545,54.09,83.817,2.099,240.807,13.817
4.197,2.43,44.382,44.382,49.033,603835.592,1920.602,113.558,54.107,83.833,2.099,240.854,13.816
4.197,2.43,44.39,44.39,49.03,603835.592,1920.602,113.571,54.125,83.848,2.098,240.902,13.815
4.197,2.43,44.397,44.397,49.026,603835.592,1920.602,113.584,54.142,83.863,2.098,240.95,13.814
4.197,2.43,44.404,44.404,49.022,603835.592,1920.602,113.596,54.159,83.878,2.097,240.997,13.812
4.197,2.43,44.411,44.411,49.018,603835.592,1920.602,113.609,54.177,83.893,2.097,241.045,13.811
4.197,2.43,44.419,44.419,49.015,603835.592,1920.602,113.622,54.194,83.908,2.097,241.093,13.81
4.197,2.43,44.426,44.426,49.011,603835.592,1920.602,113.635,54.211,83.923,2.096,241.14,13.809
4.197,2.43,44.433,44.433,49.007,603835.592,1920.602,113.648,54.229,83.938,2.096,241.188,13.808
4.197,2.43,44.441,44.441,49.003,603835.592,1920.602,113.661,54.246,83.953,2.095,241.236,13.807
4.197,2.43,44.448,44.448,49.0,603835.592,1920.602,113.673,54.263,83.968,2.095,241.283,13.806
4.197,2.43,44.455,44.455,48.996,603835.592,1920.602,113.686,54.281,83.983,2.094,241.331,13.805
4.197,2.43,44.462,44.462,48.992,603835.592,1920.602,113.699,54.298,83.999,2.094,241.378,13.804
4.197,2.43,44.47,44.47,48.988,603835.592,1920.602,113.712,54.316,84.014,2.094,241.426,13.803
4.197,2.43,44.477,44.477,48.985,603835.592,1920.602,113.725,54.333,84.029,2.093,241.474,13.802
4.197,2.43,44.484,44.484,48.981,603835.592,1920.602,113.737,54.35,84.044,2.093,241.521,13.801
4.197,2.43,44.491,44.491,48.977,603835.592,1920.602,113.75,54.368,84.059,2.092,241.569,13.8
4.197,2.43,44.499,44.499,48.973,603835.592,1920.602,113.763,54.385,84.074,2.092,241.617,13.799
4.197,2.43,44.506,44.506,48.97,603835.592,1920.602,113.776,54.402,84.089,2.091,241.664,13.798
4.197,2.43,44.513,44.513,48.966,603835.592,1920.602,113.789,54.42,84.104,2.091,241.712,13.797
4.197,2.43,44.521,44.521,48.962,603835.592,1920.602,113.801,54.437,84.119,2.091,241.759,13.796
4.197,2.43,44.528,44.528,48.958,603835.592,1920.602,113.814,54.454,84.134,2.09,241.807,13.795
4.197,2.43,44.535,44.535,48.955,603835.592,1920.602,113.827,54.472,84.149,2.09,241.855,13.794
4.197,2.43,44.542,44.542,48.951,603835.592,1920.602,113.84,54.489,84.164,2.089,241.902,13.792
4.197,2.43,44.55,44.55,48.947,603835.592,1920.602,113.853,54.506,84.179,2.089,241.95,13.791
4.197,2.43,44.557,44.557,48.943,603835.592,1920.602,113.865,54.524,84.195,2.088,241.997,13.79
4.197,2.43,44.564,44.564,48.94,603835.592,1920.602,113.878,54.541,84.21,2.088,242.045,13.789
4.197,2.43,44.572,44.572,48.936,603835.592,1920.602,113.891,54.558,84.225,2.088,242.092,13.788
4.197,2.43,44.579,44.579,48.932,603835.592,1920.602,113.904,54.576,84.24,2.087,242.14,13.787
4.197,2.43,44.586,44.586,48.929,603835.592,1920.602,113.917,54.593,84.255,2.087,242.188,13.786
4.197,2.43,44.593,44.593,48.925,603835.592,1920.602,113.929,54.61,84.27,2.086,242.235,13.785
4.197,2.43,44.601,44.601,48.921,603835.592,1920.602,113.942,54.628,84.285,2.086,242.283,13.784
4.197,2.43,44.608,44.608,48.917,603835.592,1920.602,113.955,54.645,84.3,2.085,242.33,13.783
4.197,2.43,44.615,44.615,48.914,603835.592,1920.602,113.968,54.662,84.315,2.085,242.378,13.782
4.197,2.43,44.622,44.622,48.91,603835.592,1920.602,113.981,54.68,84.33,2.085,242.425,13.781
4.197,2.43,44.63,44.63,48.906,603835.592,1920.602,113.993,54.697,84.345,2.084,242.473,13.78
4.197,2.43,44.637,44.637,48.902,603835.592,1920.602,114.006,54.714,84.36,2.084,242.52,13.779
4.197,2.43,44.644,44.644,48.899,603835.592,1920.602,114.019,54.731,84.375,2.083,242.568,13.778
4.197,2.43,44.651,44.651,48.895,603835.592,1920.602,114.032,54.749,84.39,2.083,242.616,13.777
4.197,2.43,44.659,44.659,48.891,603835.592,1920.602,114.045,54.766,84.405,2.082,242.663,13.776
4.197,2.43,44.666,44.666,48.888,603835.592,1920.602,114.057,54.783,84.42,2.082,242.711,13.775
4.197,2.43,44.673,44.673,48.884,603835.592,1920.602,114.07,54.801,84.435,2.082,242.758,13.774
4.197,2.43,44.681,44.681,48.88,603835.592,1920.602,114.083,54.818,84.451,2.081,242.806,13.772
4.197,2.43,44.688,44.688,48.876,603835.592,1920.602,114.096,54.835,84.466,2.081,242.853,13.771
4.197,2.43,44.695,44.695,48.873,603835.592,1920.602,114.109,54.853,84.481,2.08,242.901,13.77
4.197,2.43,44.702,44.702,48.869,603835.592,1920.602,114.121,54.87,84.496,2.08,242.948,13.769
4.197,2.43,44.71,44.71,48.865,603835.592,1920.602,114.134,54.887,84.511,2.079,242.996,13.768
4.197,2.43,44.717,44.717,48.861,603835.592,1920.602,114.147,54.905,84.526,2.079,243.043,13.767
4.197,2.43,44.724,44.724,48.858,603835.592,1920.602,114.16,54.922,84.541,2.079,243.091,13.766
4.197,2.43,44.731,44.731,48.854,603835.592,1920.602,114.172,54.939,84.556,2.078,243.138,13.765
4.197,2.43,44.739,44.739,48.85,603835.592,1920.602,114.185,54.956,84.571,2.078,243.186,13.764
4.197,2.43,44.746,44.746,48.847,603835.592,1920.602,114.198,54.974,84.586,2.077,243.233,13.763
4.197,2.43,44.753,44.753,48.843,603835.592,1920.602,114.211,54.991,84.601,2.077,243.28,13.762
4.197,2.43,44.76,44.76,48.839,603835.592,1920.602,114.224,55.008,84.616,2.076,243.328,13.761
4.197,2.43,44.768,44.768,48.835,603835.592,1920.602,114.236,55.026,84.631,2.076,243.375,13.76
4.197,2.43,44.775,44.775,48.832,603835.592,1920.602,114.249,55.043,84.646,2.076,243.423,13.759
4.197,2.43,44.782,44.782,48.828,603835.592,1920.602,114.262,55.06,84.661,2.075,243.47,13.758
4.197,2.43,44.789,44.789,48.824,603835.592,1920.602,114.275,55.077,84.676,2.075,243.518,13.757
4.197,2.43,44.797,44.797,48.821,603835.592,1920.602,114.287,55.095,84.691,2.074,243.565,13.756
4.197,2.43,44.804,44.804,48.817,603835.592,1920.602,114.3,55.112,84.706,2.074,243.613,13.755
4.197,2.43,44.811,44.811,48.813,603835.592,1920.602,114.313,55.129,84.721,2.074,243.66,13.754
4.197,2.43,44.818,44.818,48.809,603835.592,1920.602,114.326,55.147,84.736,2.073,243.708,13.753
4.197,2.43,44.826,44.826,48.806,603835.592,1920.602,114.339,55.164,84.751,2.073,243.755,13.752
4.197,2.43,44.833,44.833,48.802,603835.592,1920.602,114.351,55.181,84.766,2.072,243.802,13.75
4.197,2.43,44.84,44.84,48.798,603835.592,1920.602,114.364,55.198,84.781,2.072,243.85,13.749
4.197,2.43,44.847,44.847,48.795,603835.592,1920.602,114.377,55.216,84.796,2.071,243.897,13.748
4.197,2.43,44.855,44.855,48.791,603835.592,1920.602,114.39,55.233,84.811,2.071,243.945,13.747
4.197,2.43,44.862,44.862,48.787,603835.592,1920.602,114.402,55.25,84.826,2.071,243.992,13.746
4.197,2.43,44.869,44.869,48.783,603835.592,1920.602,114.415,55.267,84.841,2.07,244.039,13.745
4.197,2.43,44.876,44.876,48.78,603835.592,1920.602,114.428,55.285,84.856,2.07,244.087,13.744
4.197,2.43,44.884,44.884,48.776,603835.592,1920.602,114.441,55.302,84.871,2.069,244.134,13.743
4.197,2.43,44.891,44.891,48.772,603835.592,1920.602,114.453,55.319,84.886,2.069,244.182,13.742
4.197,2.43,44.898,44.898,48.769,603835.592,1920.602,114.466,55.336,84.901,2.069,244.229,13.741
4.197,2.43,44.905,44.905,48.765,603835.592,1920.602,114.479,55.354,84.916,2.068,244.276,13.74
4.197,2.43,44.913,44.913,48.761,603835.592,1920.602,114.492,55.371,84.931,2.068,244.324,13.739
4.197,2.43,44.92,44.92,48.757,603835.592,1920.602,114.504,55.388,84.946,2.067,244.371,13.738
4.197,2.43,44.927,44.927,48.754,603835.592,1920.602,114.517,55.405,84.961,2.067,244.419,13.737
4.197,2.43,44.934,44.934,48.75,603835.592,1920.602,114.53,55.423,84.976,2.066,244.466,13.736
4.197,2.43,44.942,44.942,48.746,603835.592,1920.602,114.543,55.44,84.991,2.066,244.513,13.735
4.197,2.43,44.949,44.949,48.743,603835.592,1920.602,114.555,55.457,85.006,2.066,244.561,13.734
4.197,2.43,44.956,44.956,48.739,603835.592,1920.602,114.568,55.474,85.021,2.065,244.608,13.733
4.197,2.43,44.963,44.963,48.735,603835.592,1920.602,114.581,55.492,85.036,2.065,244.655,13.732
4.197,2.43,44.971,44.971,48.731,603835.592,1920.602,114.594,55.509,85.051,2.064,244.703,13.731
4.197,2.43,44.978,44.978,48.728,603835.592,1920.602,114.606,55.526,85.066,2.064,244.75,13.73
4.197,2.43,44.985,44.985,48.724,603835.592,1920.602,114.619,55.543,85.081,2.064,244.797,13.728
4.197,2.43,44.992,44.992,48.72,603835.592,1920.602,114.632,55.561,85.096,2.063,244.845,13.727
4.197,2.43,45.0,45.0,48.717,603835.592,1920.602,114.645,55.578,85.111,2.063,244.892,13.726
4.197,2.43,45.007,45.007,48.713,603835.592,1920.602,114.657,55.595,85.126,2.062,244.939,13.725
4.197,2.43,45.014,45.014,48.709,603835.592,1920.602,114.67,55.612,85.141,2.062,244.987,13.724
4.197,2.43,45.021,45.021,48.705,603835.592,1920.602,114.683,55.63,85.156,2.062,245.034,13.723
4.197,2.43,45.028,45.028,48.702,603835.592,1920.602,114.695,55.647,85.171,2.061,245.081,13.722
4.197,2.43,45.036,45.036,48.698,603835.592,1920.602,114.708,55.664,85.186,2.061,245.129,13.721
4.197,2.43,45.043,45.043,48.694,603835.592,1920.602,114.721,55.681,85.201,2.06,245.176,13.72
4.197,2.43,45.05,45.05,48.691,603835.592,1920.602,114.734,55.698,85.216,2.06,245.223,13.719
4.197,2.43,45.057,45.057,48.687,603835.592,1920.602,114.746,55.716,85.231,2.059,245.27,13.718
4.197,2.43,45.065,45.065,48.683,603835.592,1920.602,114.759,55.733,85.246,2.059,245.318,13.717
4.197,2.43,45.072,45.072,48.679,603835.592,1920.602,114.772,55.75,85.261,2.059,245.365,13.716
4.197,2.43,45.079,45.079,48.676,603835.592,1920.602,114.785,55.767,85.276,2.058,245.412,13.715
4.197,2.43,45.086,45.086,48.672,603835.592,1920.602,114.797,55.785,85.291,2.058,245.46,13.714
4.197,2.43,45.094,45.094,48.668,603835.592,1920.602,114.81,55.802,85.306,2.057,245.507,13.713
4.197,2.43,45.101,45.101,48.665,603835.592,1920.602,114.823,55.819,85.321,2.057,245.554,13.712
4.197,2.43,45.108,45.108,48.661,603835.592,1920.602,114.835,55.836,85.336,2.057,245.601,13.711
4.197,2.43,45.115,45.115,48.657,603835.592,1920.602,114.848,55.853,85.351,2.056,245.649,13.71
4.197,2.43,45.122,45.122,48.654,603835.592,1920.602,114.861,55.871,85.366,2.056,245.696,13.709
4.197,2.43,45.13,45.13,48.65,603835.592,1920.602,114.874,55.888,85.381,2.055,245.743,13.708
4.197,2.43,45.137,45.137,48.646,603835.592,1920.602,114.886,55.905,85.396,2.055,245.79,13.707
4.197,2.43,45.144,45.144,48.642,603835.592,1920.602,114.899,55.922,85.411,2.055,245.838,13.706
4.197,2.43,45.151,45.151,48.639,603835.592,1920.602,114.912,55.939,85.426,2.054,245.885,13.704
4.197,2.43,45.159,45.159,48.635,603835.592,1920.602,114.924,55.957,85.441,2.054,245.932,13.703
4.197,2.43,45.166,45.166,48.631,603835.592,1920.602,114.937,55.974,85.456,2.053,245.979,13.702
4.197,2.43,45.173,45.173,48.628,603835.592,1920.602,114.95,55.991,85.47,2.053,246.026,13.701
4.197,2.43,45.18,45.18,48.624,603835.592,1920.602,114.963,56.008,85.485,2.053,246.074,13.7
4.197,2.43,45.187,45.187,48.62,603835.592,1920.602,114.975,56.025,85.5,2.052,246.121,13.699
4.197,2.43,45.195,45.195,48.616,603835.592,1920.602,114.988,56.043,85.515,2.052,246.168,13.698
4.197,2.43,45.202,45.202,48.613,603835.592,1920.602,115.001,56.06,85.53,2.051,246.215,13.697
4.197,2.43,45.209,45.209,48.609,603835.592,1920.602,115.013,56.077,85.545,2.051,246.262,13.696
4.197,2.43,45.216,45.216,48.605,603835.592,1920.602,115.026,56.094,85.56,2.051,246.31,13.695
4.197,2.43,45.223,45.223,48.602,603835.592,1920.602,115.039,56.111,85.575,2.05,246.357,13.694
4.197,2.43,45.231,45.231,48.598,603835.592,1920.602,115.051,56.129,85.59,2.05,246.404,13.693
4.197,2.43,45.238,45.238,48.594,603835.592,1920.602,115.064,56.146,85.605,2.049,246.451,13.692
4.197,2.43,45.245,45.245,48.591,603835.592,1920.602,115.077,56.163,85.62,2.049,246.498,13.691
4.197,2.43,45.252,45.252,48.587,603835.592,1920.602,115.09,56.18,85.635,2.049,246.546,13.69
4.197,2.43,45.26,45.26,48.583,603835.592,1920.602,115.102,56.197,85.65,2.048,246.593,13.689
4.197,2.43,45.267,45.267,48.579,603835.592,1920.602,115.115,56.215,85.665,2.048,246.64,13.688
4.197,2.43,45.274,45.274,48.576,603835.592,1920.602,115.128,56.232,85.68,2.047,246.687,13.687
4.197,2.43,45.281,45.281,48.572,603835.592,1920.602,115.14,56.249,85.695,2.047,246.734,13.686
4.197,2.43,45.288,45.288,48.568,603835.592,1920.602,115.153,56.266,85.71,2.047,246.781,13.685
4.197,2.43,45.296,45.296,48.565,603835.592,1920.602,115.166,56.283,85.724,2.046,246.828,13.684
