mu_v_prim,mu_v_sec,centrifugal_prim,centrifugal_sec,min_clamp_prim,multiplier_limit_prim,multiplier_limit_sec,T_taut,T_slack,T_avg,effective_multiplier,transferred_clamp,transferred_torque
4.197,2.43,0.0,0.0,0.0,40853.473,9135.652,0.0,0.0,0.0,nan,0.0,0.0
4.197,2.43,0.0,0.0,0.0,40853.473,9135.652,0.0,0.0,0.0,nan,0.0,0.0
4.197,2.43,0.0,0.0,0.0,40853.473,9135.652,0.0,0.0,0.0,nan,0.0,0.0
4.197,2.43,0.0,0.0,0.0,40853.473,9135.652,0.0,0.0,0.0,nan,0.0,0.0
4.197,2.43,0.0,0.0,0.0,40853.473,9135.652,0.0,0.0,0.0,nan,0.0,0.0
4.197,2.43,0.0,0.0,0.0,40853.473,9135.652,0.0,0.0,0.0,nan,0.0,0.0
4.197,2.43,0.0,0.0,0.0,40853.473,9135.652,0.0,0.0,0.0,nan,0.0,0.0
4.197,2.43,0.0,0.0,0.0,40853.473,9135.652,0.0,0.0,0.0,nan,0.0,0.0
4.197,2.43,0.0,0.0,0.0,40853.473,9135.652,0.0,0.0,0.0,nan,0.0,0.0
4.197,2.43,0.0,0.0,147.491,40853.473,9135.652,106.255,-72.571,16.842,-1.464,124.037,62.887
4.197,2.43,0.005,0.005,147.349,40853.473,9135.652,106.157,-72.496,16.831,-1.464,123.917,62.827
4.197,2.43,0.01,0.01,147.214,40853.473,9135.652,106.065,-72.425,16.82,-1.464,123.803,62.769
4.197,2.43,0.017,0.017,147.085,40853.473,9135.652,105.98,-72.354,16.813,-1.465,123.695,62.714
4.197,2.43,0.026,0.026,146.963,40853.473,9135.652,105.901,-72.285,16.808,-1.465,123.592,62.662
4.197,2.43,0.037,0.037,146.846,40853.473,9135.652,105.828,-72.217,16.805,-1.465,123.494,62.612
4.197,2.43,0.05,0.05,146.735,40853.473,9135.652,105.76,-72.15,16.805,-1.466,123.401,62.565
4.197,2.43,0.064,0.064,146.63,40853.473,9135.652,105.699,-72.083,16.808,-1.466,123.312,62.52
4.197,2.43,0.081,0.081,146.529,40853.473,9135.652,105.643,-72.017,16.813,-1.467,123.228,62.477
4.197,2.43,0.099,0.099,146.434,40853.473,9135.652,105.593,-71.952,16.821,-1.468,123.148,62.437
4.197,2.43,0.119,0.119,146.343,40853.473,9135.652,105.548,-71.887,16.83,-1.468,123.071,62.398
4.197,2.43,0.141,0.141,146.256,40853.473,9135.652,105.507,-71.822,16.843,-1.469,122.998,62.361
4.197,2.43,0.165,0.165,146.174,40853.473,9135.652,105.472,-71.758,16.857,-1.47,122.929,62.326
4.197,2.43,0.191,0.191,146.095,40853.473,9135.652,105.441,-71.693,16.874,-1.471,122.863,62.292
4.197,2.43,0.218,0.218,146.021,40853.473,9135.652,105.415,-71.629,16.893,-1.472,122.8,62.26
4.197,2.43,0.248,0.248,145.95,40853.473,9135.652,105.393,-71.565,16.914,-1.473,122.741,62.23
4.197,2.43,0.279,0.279,145.882,40853.473,9135.652,105.375,-71.5,16.938,-1.474,122.684,62.201
4.197,2.43,0.312,0.312,145.818,40853.473,9135.652,105.362,-71.436,16.963,-1.475,122.63,62.174
4.197,2.43,0.347,0.347,145.756,40853.473,9135.652,105.353,-71.371,16.991,-1.476,122.578,62.148
4.197,2.43,0.383,0.383,145.698,40853.473,9135.652,105.347,-71.305,17.021,-1.477,122.529,62.123
4.197,2.43,0.422,0.422,145.642,40853.473,9135.652,105.346,-71.24,17.053,-1.479,122.482,62.099
4.197,2.43,0.462,0.462,145.59,40853.473,9135.652,105.348,-71.173,17.087,-1.48,122.438,62.077
4.197,2.43,0.504,0.504,145.539,40853.473,9135.652,105.353,-71.107,17.123,-1.482,122.395,62.055
4.197,2.43,0.548,0.548,145.491,40853.473,9135.652,105.363,-71.039,17.162,-1.483,122.355,62.035
4.197,2.43,0.594,0.594,145.446,40853.473,9135.652,105.375,-70.971,17.202,-1.485,122.317,62.015
4.197,2.43,0.641,0.641,145.402,40853.473,9135.652,105.391,-70.902,17.245,-1.486,122.28,61.997
4.197,2.43,0.69,0.69,145.361,40853.473,9135.652,105.411,-70.833,17.289,-1.488,122.245,61.979
4.197,2.43,0.741,0.741,145.321,40853.473,9135.652,105.433,-70.762,17.336,-1.49,122.212,61.962
4.197,2.43,0.794,0.794,145.284,40853.473,9135.652,105.459,-70.691,17.384,-1.492,122.181,61.946
4.197,2.43,0.848,0.848,145.248,40853.473,9135.652,105.488,-70.619,17.434,-1.494,122.15,61.931
4.197,2.43,0.905,0.905,145.214,40853.473,9135.652,105.52,-70.546,17.487,-1.496,122.122,61.916
4.197,2.43,0.963,0.963,145.182,40853.473,9135.652,105.554,-70.472,17.541,-1.498,122.095,61.903
4.197,2.43,1.023,1.023,145.151,40853.473,9135.652,105.592,-70.397,17.598,-1.5,122.069,61.889
4.197,2.43,1.084,1.084,145.121,40853.473,9135.652,105.633,-70.321,17.656,-1.502,122.044,61.877
4.197,2.43,1.148,1.148,145.093,40853.473,9135.652,105.676,-70.244,17.716,-1.504,122.02,61.865
4.197,2.43,1.213,1.213,145.067,40853.473,9135.652,105.722,-70.165,17.778,-1.507,121.998,61.854
4.197,2.43,1.28,1.28,145.041,40853.473,9135.652,105.77,-70.086,17.842,-1.509,121.977,61.843
4.197,2.43,1.349,1.349,145.017,40853.473,9135.652,105.822,-70.005,17.908,-1.512,121.956,61.833
4.197,2.43,1.419,1.419,144.994,40853.473,9135.652,105.876,-69.923,17.976,-1.514,121.937,61.823
4.197,2.43,1.491,1.491,144.972,40853.473,9135.652,105.932,-69.84,18.046,-1.517,121.919,61.813
4.197,2.43,1.565,1.565,144.952,40853.473,9135.652,105.991,-69.756,18.118,-1.519,121.901,61.805
4.197,2.43,1.641,1.641,144.932,40853.473,9135.652,106.053,-69.671,18.191,-1.522,121.884,61.796
4.197,2.43,1.719,1.719,144.913,40853.473,9135.652,106.117,-69.584,18.267,-1.525,121.869,61.788
4.197,2.43,1.798,1.798,144.895,40853.473,9135.652,106.183,-69.495,18.344,-1.528,121.853,61.78
4.197,2.43,1.879,1.879,144.878,40853.473,9135.652,106.252,-69.406,18.423,-1.531,121.839,61.773
4.197,2.43,1.962,1.962,144.861,40853.473,9135.652,106.323,-69.315,18.504,-1.534,121.825,61.766
4.197,2.43,2.047,2.047,144.846,40853.473,9135.652,106.396,-69.223,18.587,-1.537,121.812,61.759
4.197,2.43,2.133,2.133,144.831,40853.473,9135.652,106.472,-69.129,18.672,-1.54,121.8,61.753
4.197,2.43,2.221,2.221,144.817,40853.473,9135.652,106.55,-69.034,18.758,-1.543,121.788,61.747
4.197,2.43,2.311,2.311,144.803,40853.473,9135.652,106.631,-68.937,18.847,-1.547,121.777,61.741
4.197,2.43,2.403,2.403,144.791,40853.473,9135.652,106.713,-68.839,18.937,-1.55,121.766,61.736
4.197,2.43,2.497,2.497,144.778,40853.473,9135.652,106.798,-68.74,19.029,-1.554,121.756,61.731
4.197,2.43,2.592,2.592,144.767,40853.473,9135.652,106.885,-68.639,19.123,-1.557,121.746,61.726
4.197,2.43,2.689,2.689,144.756,40853.473,9135.652,106.974,-68.536,19.219,-1.561,121.736,61.721
4.197,2.43,2.788,2.788,144.745,40853.473,9135.652,107.065,-68.432,19.316,-1.565,121.728,61.717
4.197,2.43,2.888,2.888,144.735,40853.473,9135.652,107.158,-68.327,19.416,-1.568,121.719,61.712
4.197,2.43,2.991,2.991,151.769,40853.473,9135.652,111.523,-72.49,19.517,-1.538,121.711,64.711
4.197,2.43,3.021,3.021,151.931,40853.473,9135.652,112.212,-71.998,20.107,-1.559,125.837,64.78
4.197,2.43,3.051,3.051,151.987,40853.473,9135.652,112.514,-71.764,20.375,-1.568,127.583,64.804
4.197,2.43,3.082,3.082,152.036,40853.473,9135.652,112.812,-71.524,20.644,-1.577,129.339,64.825
4.197,2.43,3.113,3.113,152.077,40853.473,9135.652,113.108,-71.279,20.915,-1.587,131.105,64.843
4.197,2.43,3.144,3.144,152.111,40853.473,9135.652,113.401,-71.027,21.187,-1.597,132.881,64.857
4.197,2.43,3.175,3.175,152.138,40853.473,9135.652,113.691,-70.77,21.461,-1.606,134.667,64.868
4.197,2.43,3.206,3.206,152.156,40853.473,9135.652,113.977,-70.506,21.736,-1.617,136.462,64.877
4.197,2.43,3.238,3.238,152.168,40853.473,9135.652,114.261,-70.236,22.012,-1.627,138.267,64.881
4.197,2.43,3.269,3.269,152.172,40853.473,9135.652,114.541,-69.961,22.29,-1.637,140.08,64.883
4.197,2.43,3.301,3.301,152.168,40853.473,9135.652,114.818,-69.679,22.569,-1.648,141.903,64.882
4.197,2.43,3.333,3.333,152.158,40853.473,9135.652,115.092,-69.392,22.85,-1.659,143.734,64.877
4.197,2.43,3.365,3.365,152.14,40853.473,9135.652,115.363,-69.099,23.132,-1.67,145.574,64.869
4.197,2.43,3.398,3.398,152.114,40853.473,9135.652,115.631,-68.801,23.415,-1.681,147.423,64.859
4.197,2.43,3.43,3.43,152.082,40853.473,9135.652,115.896,-68.497,23.7,-1.692,149.279,64.845
4.197,2.43,3.462,3.462,152.043,40853.473,9135.652,116.158,-68.187,23.985,-1.704,151.144,64.828
4.197,2.43,3.495,3.495,151.997,40853.473,9135.652,116.417,-67.872,24.272,-1.715,153.016,64.808
4.197,2.43,3.528,3.528,151.943,40853.473,9135.652,116.673,-67.552,24.56,-1.727,154.896,64.786
4.197,2.43,3.561,3.561,151.883,40853.473,9135.652,116.926,-67.227,24.85,-1.739,156.783,64.76
4.197,2.43,3.594,3.594,151.817,40853.473,9135.652,117.176,-66.896,25.14,-1.752,158.678,64.732
4.197,2.43,3.627,3.627,151.744,40853.473,9135.652,117.422,-66.56,25.431,-1.764,160.579,64.701
4.197,2.43,3.66,3.66,151.664,40853.473,9135.652,117.667,-66.219,25.724,-1.777,162.487,64.667
4.197,2.43,3.694,3.694,151.578,40853.473,9135.652,117.908,-65.874,26.017,-1.79,164.402,64.63
4.197,2.43,3.727,3.727,151.485,40853.473,9135.652,118.146,-65.523,26.312,-1.803,166.324,64.59
4.197,2.43,3.761,3.761,151.386,40853.473,9135.652,118.382,-65.168,26.607,-1.817,168.251,64.548
4.197,2.43,3.795,3.795,151.282,40853.473,9135.652,118.614,-64.808,26.903,-1.83,170.185,64.504
4.197,2.43,3.829,3.829,151.171,40853.473,9135.652,118.844,-64.443,27.2,-1.844,172.124,64.456
4.197,2.43,3.863,3.863,151.053,40853.473,9135.652,119.071,-64.074,27.498,-1.858,174.069,64.406
4.197,2.43,3.897,3.897,150.93,40853.473,9135.652,119.295,-63.7,27.797,-1.873,176.019,64.353
4.197,2.43,3.931,3.931,150.799,40853.473,9135.652,119.516,-63.322,28.097,-1.887,177.975,64.298
4.197,2.43,3.965,3.965,150.662,40853.473,9135.652,119.733,-62.938,28.397,-1.902,179.935,64.239
4.197,2.43,3.999,3.999,150.518,40853.473,9135.652,119.947,-62.55,28.698,-1.918,181.9,64.178
4.197,2.43,4.034,4.034,150.367,40853.473,9135.652,120.157,-62.156,29.0,-1.933,183.87,64.114
4.197,2.43,4.068,4.068,150.209,40853.473,9135.652,120.364,-61.758,29.303,-1.949,185.844,64.046
4.197,2.43,4.103,4.103,150.044,40853.473,9135.652,120.566,-61.355,29.606,-1.965,187.822,63.976
4.197,2.43,4.137,4.137,149.871,40853.473,9135.652,120.765,-60.946,29.909,-1.981,189.803,63.902
4.197,2.43,4.172,4.172,149.69,40853.473,9135.652,120.96,-60.533,30.214,-1.998,191.788,63.825
4.197,2.43,4.207,4.207,149.502,40853.473,9135.652,121.151,-60.114,30.518,-2.015,193.776,63.745
4.197,2.43,4.241,4.241,149.307,40853.473,9135.652,121.337,-59.691,30.823,-2.033,195.767,63.662
4.197,2.43,4.276,4.276,149.103,40853.473,9135.652,121.519,-59.262,31.129,-2.051,197.76,63.575
4.197,2.43,4.311,4.311,148.892,40853.473,9135.652,121.697,-58.828,31.435,-2.069,199.756,63.485
4.197,2.43,4.346,4.346,148.673,40853.473,9135.652,121.87,-58.389,31.741,-2.087,201.754,63.391
4.197,2.43,4.381,4.381,148.445,40853.473,9135.652,122.039,-57.945,32.047,-2.106,203.753,63.294
4.197,2.43,4.416,4.416,148.21,40853.473,9135.652,122.203,-57.495,32.354,-2.125,205.754,63.194
4.197,2.43,4.451,4.451,147.966,40853.473,9135.652,122.362,-57.041,32.66,-2.145,207.756,63.09
4.197,2.43,4.486,4.486,147.715,40853.473,9135.652,122.516,-56.582,32.967,-2.165,209.758,62.983
4.197,2.43,4.52,4.52,147.456,40853.473,9135.652,122.666,-56.118,33.274,-2.186,211.761,62.872
4.197,2.43,4.555,4.555,147.191,40853.473,9135.652,122.813,-55.65,33.581,-2.207,213.764,62.759
4.197,2.43,4.59,4.59,146.92,40853.473,9135.652,122.955,-55.179,33.888,-2.228,215.767,62.644
4.197,2.43,4.625,4.625,146.644,40853.473,9135.652,123.095,-54.705,34.195,-2.25,217.769,62.526
4.197,2.43,4.66,4.66,146.364,40853.473,9135.652,123.232,-54.228,34.502,-2.272,219.771,62.407
4.197,2.43,4.695,4.695,146.08,40853.473,9135.652,123.366,-53.75,34.808,-2.295,221.772,62.286
4.197,2.43,4.73,4.73,145.793,40853.473,9135.652,123.499,-53.269,35.115,-2.318,223.772,62.163
4.197,2.43,4.765,4.765,145.504,40853.473,9135.652,123.63,-52.788,35.421,-2.342,225.77,62.04
4.197,2.43,4.8,4.8,145.213,40853.473,9135.652,123.759,-52.305,35.727,-2.366,227.767,61.916
4.197,2.43,4.835,4.835,144.921,40853.473,9135.652,123.888,-51.823,36.033,-2.391,229.763,61.792
4.197,2.43,4.869,4.869,144.629,40853.473,9135.652,124.016,-51.34,36.338,-2.416,231.756,61.667
4.197,2.43,4.904,4.904,144.336,40853.473,9135.652,124.144,-50.857,36.643,-2.441,233.748,61.542
4.197,2.43,4.939,4.939,144.044,40853.473,9135.652,124.272,-50.375,36.948,-2.467,235.738,61.418
4.197,2.43,4.974,4.974,143.754,40853.473,9135.652,124.4,-49.894,37.253,-2.493,237.726,61.294
4.197,2.43,5.008,5.008,143.464,40853.473,9135.652,124.53,-49.415,37.557,-2.52,239.712,61.17
4.197,2.43,5.043,5.043,143.177,40853.473,9135.652,124.66,-48.937,37.861,-2.547,241.695,61.048
4.197,2.43,5.078,5.078,142.893,40853.473,9135.652,124.791,-48.461,38.165,-2.575,243.677,60.927
4.197,2.43,5.112,5.112,142.612,40853.473,9135.652,124.924,-47.987,38.468,-2.603,245.656,60.807
4.197,2.43,5.147,5.147,142.334,40853.473,9135.652,125.058,-47.516,38.771,-2.632,247.633,60.689
4.197,2.43,5.181,5.181,142.061,40853.473,9135.652,125.195,-47.047,39.074,-2.661,249.608,60.572
4.197,2.43,5.215,5.215,141.79,40853.473,9135.652,125.333,-46.581,39.376,-2.691,251.581,60.457
4.197,2.43,5.25,5.25,141.522,40853.473,9135.652,125.473,-46.116,39.678,-2.721,253.552,60.342
4.197,2.43,5.284,5.284,141.255,40853.473,9135.652,125.613,-45.653,39.98,-2.751,255.521,60.229
4.197,2.43,5.319,5.319,140.99,40853.473,9135.652,125.753,-45.191,40.281,-2.783,257.488,60.115
4.197,2.43,5.353,5.353,140.724,40853.473,9135.652,125.893,-44.728,40.582,-2.815,259.452,60.002
4.197,2.43,5.387,5.387,140.457,40853.473,9135.652,126.032,-44.266,40.883,-2.847,261.414,59.888
4.197,2.43,5.421,5.421,140.19,40853.473,9135.652,126.17,-43.804,41.183,-2.88,263.374,59.774
4.197,2.43,5.455,5.455,139.92,40853.473,9135.652,126.307,-43.34,41.483,-2.914,265.332,59.659
4.197,2.43,5.49,5.49,139.647,40853.473,9135.652,126.441,-42.875,41.783,-2.949,267.286,59.543
4.197,2.43,5.524,5.524,139.371,40853.473,9135.652,126.572,-42.409,42.082,-2.985,269.238,59.425
4.197,2.43,5.558,5.558,139.091,40853.473,9135.652,126.701,-41.94,42.381,-3.021,271.187,59.306
4.197,2.43,5.592,5.592,138.806,40853.473,9135.652,126.827,-41.469,42.679,-3.058,273.133,59.184
4.197,2.43,5.626,5.626,138.516,40853.473,9135.652,126.949,-40.996,42.976,-3.097,275.075,59.06
4.197,2.43,5.659,5.659,138.22,40853.473,9135.652,127.066,-40.519,43.273,-3.136,277.014,58.934
4.197,2.43,5.693,5.693,137.918,40853.473,9135.652,127.18,-40.04,43.57,-3.176,278.949,58.806
4.197,2.43,5.727,5.727,137.609,40853.473,9135.652,127.288,-39.557,43.866,-3.218,280.879,58.674
4.197,2.43,5.76,5.76,137.293,40853.473,9135.652,127.392,-39.07,44.161,-3.261,282.805,58.539
4.197,2.43,5.794,5.794,136.969,40853.473,9135.652,127.49,-38.579,44.455,-3.305,284.725,58.401
4.197,2.43,5.827,5.827,136.637,40853.473,9135.652,127.582,-38.085,44.749,-3.35,286.641,58.26
4.197,2.43,5.861,5.861,136.297,40853.473,9135.652,127.668,-37.586,45.041,-3.397,288.551,58.114
4.197,2.43,5.894,5.894,135.948,40853.473,9135.652,127.748,-37.082,45.333,-3.445,290.455,57.965
4.197,2.43,5.927,5.927,135.589,40853.473,9135.652,127.822,-36.574,45.624,-3.495,292.352,57.813
4.197,2.43,5.96,5.96,135.222,40853.473,9135.652,127.889,-36.062,45.914,-3.546,294.243,57.656
4.197,2.43,5.993,5.993,134.847,40853.473,9135.652,127.95,-35.546,46.202,-3.6,296.126,57.496
4.197,2.43,6.026,6.026,134.465,40853.473,9135.652,128.006,-35.027,46.49,-3.654,298.001,57.333
4.197,2.43,6.058,6.058,134.079,40853.473,9135.652,128.058,-34.506,46.776,-3.711,299.869,57.168
4.197,2.43,6.091,6.091,133.687,40853.473,9135.652,128.106,-33.984,47.061,-3.77,301.729,57.002
4.197,2.43,6.123,6.123,133.293,40853.473,9135.652,128.15,-33.461,47.344,-3.83,303.58,56.833
4.197,2.43,6.155,6.155,132.895,40853.473,9135.652,128.191,-32.938,47.627,-3.892,305.422,56.664
4.197,2.43,6.187,6.187,132.496,40853.473,9135.652,128.231,-32.415,47.908,-3.956,307.255,56.494
4.197,2.43,6.219,6.219,132.097,40853.473,9135.652,128.268,-31.894,48.187,-4.022,309.08,56.323
4.197,2.43,6.251,6.251,131.697,40853.473,9135.652,128.304,-31.373,48.465,-4.09,310.895,56.153
4.197,2.43,6.282,6.282,131.298,40853.473,9135.652,128.339,-30.855,48.742,-4.159,312.701,55.983
4.197,2.43,6.314,6.314,130.901,40853.473,9135.652,128.373,-30.339,49.017,-4.231,314.497,55.814
4.197,2.43,6.345,6.345,130.506,40853.473,9135.652,128.408,-29.825,49.291,-4.305,316.284,55.645
4.197,2.43,6.376,6.376,130.114,40853.473,9135.652,128.442,-29.315,49.564,-4.381,318.062,55.478
4.197,2.43,6.407,6.407,129.726,40853.473,9135.652,128.478,-28.809,49.834,-4.46,319.83,55.313
4.197,2.43,6.437,6.437,129.342,40853.473,9135.652,128.514,-28.307,50.104,-4.54,321.588,55.149
4.197,2.43,6.468,6.468,128.962,40853.473,9135.652,128.552,-27.808,50.372,-4.623,323.338,54.987
4.197,2.43,6.498,6.498,128.604,40876.776,9132.636,128.545,-27.382,50.581,-4.694,324.643,54.834
4.197,2.43,6.529,6.529,128.269,40926.011,9126.273,128.486,-27.035,50.725,-4.752,325.455,54.692
4.197,2.43,6.559,6.559,127.952,40994.609,9117.427,128.389,-26.747,50.821,-4.8,325.903,54.556
4.197,2.43,6.589,6.589,127.646,41076.896,9106.846,128.265,-26.501,50.882,-4.84,326.09,54.426
4.197,2.43,6.619,6.619,127.351,41170.573,9094.842,128.121,-26.287,50.917,-4.874,326.078,54.3
4.197,2.43,6.646,6.646,127.1,41307.755,9077.341,127.955,-26.148,50.903,-4.893,325.711,54.18
4.197,2.43,6.674,6.674,126.844,41439.056,9060.675,127.788,-26.005,50.892,-4.914,325.355,54.062
4.197,2.43,6.695,6.695,126.662,41643.379,9034.906,127.601,-25.971,50.815,-4.913,324.532,53.95
4.197,2.43,6.72,6.72,126.439,41805.859,9014.557,127.432,-25.869,50.782,-4.926,324.02,53.835
4.197,2.43,6.745,6.745,126.226,41977.556,8993.188,127.262,-25.781,50.741,-4.936,323.456,53.721
4.197,2.43,6.767,6.767,126.034,42169.416,8969.473,127.09,-25.721,50.685,-4.941,322.786,53.61
4.197,2.43,6.791,6.791,125.824,42341.729,8948.318,126.928,-25.629,50.649,-4.953,322.264,53.497
4.197,2.43,6.817,6.817,125.601,42499.987,8929.009,126.769,-25.517,50.626,-4.968,321.831,53.384
4.197,2.43,6.839,6.839,125.414,42694.416,8905.441,126.602,-25.457,50.573,-4.973,321.178,53.274
4.197,2.43,6.862,6.862,125.22,42880.948,8882.989,126.441,-25.383,50.529,-4.981,320.602,53.164
4.197,2.43,6.889,6.889,124.985,43023.939,8865.882,126.293,-25.246,50.523,-5.003,320.294,53.051
4.197,2.43,6.911,6.911,124.805,43224.54,8842.034,126.128,-25.193,50.467,-5.006,319.627,52.944
4.197,2.43,6.933,6.933,124.625,43422.928,8818.619,125.969,-25.133,50.418,-5.012,319.005,52.837
4.197,2.43,6.961,6.961,124.381,43554.092,8803.232,125.828,-24.978,50.425,-5.038,318.793,52.725
4.197,2.43,6.983,6.983,124.209,43761.535,8779.044,125.665,-24.933,50.366,-5.04,318.106,52.62
4.197,2.43,7.004,7.004,124.037,43966.629,8755.308,125.508,-24.881,50.313,-5.044,317.468,52.515
4.197,2.43,7.033,7.033,123.791,44093.265,8740.738,125.372,-24.719,50.327,-5.072,317.299,52.405
4.197,2.43,7.054,7.054,123.626,44305.539,8716.465,125.212,-24.679,50.266,-5.074,316.602,52.302
4.197,2.43,7.076,7.076,123.457,44512.976,8692.921,125.057,-24.629,50.214,-5.078,315.967,52.199
4.197,2.43,7.104,7.104,123.216,44642.545,8678.303,124.923,-24.471,50.226,-5.105,315.788,52.09
4.197,2.43,7.125,7.125,123.053,44855.374,8654.436,124.765,-24.432,50.167,-5.107,315.102,51.989
4.197,2.43,7.147,7.147,122.885,45061.957,8631.439,124.612,-24.38,50.116,-5.111,314.48,51.888
4.197,2.43,7.174,7.174,122.657,45202.166,8615.926,124.477,-24.239,50.119,-5.135,314.24,51.781
4.197,2.43,7.196,7.196,122.488,45407.847,8593.307,124.322,-24.189,50.066,-5.14,313.603,51.681
4.197,2.43,7.219,7.219,122.318,45610.729,8571.152,124.171,-24.134,50.018,-5.145,313.002,51.581
4.197,2.43,7.24,7.24,122.154,45819.432,8548.524,124.021,-24.086,49.968,-5.149,312.384,51.481
4.197,2.43,7.268,7.268,121.919,45946.897,8534.784,123.892,-23.929,49.981,-5.177,312.219,51.376
4.197,2.43,7.29,7.29,121.761,46161.906,8511.743,123.737,-23.893,49.922,-5.179,311.537,51.278
4.197,2.43,7.311,7.311,121.597,46369.078,8489.701,123.588,-23.843,49.872,-5.183,310.927,51.18
4.197,2.43,7.338,7.338,121.378,46511.438,8474.645,123.457,-23.709,49.874,-5.207,310.679,51.077
4.197,2.43,7.361,7.361,121.211,46714.768,8453.267,123.307,-23.656,49.826,-5.212,310.077,50.98
4.197,2.43,7.383,7.383,121.045,46917.47,8432.1,123.161,-23.601,49.78,-5.218,309.499,50.882
4.197,2.43,7.407,7.407,120.855,47090.734,8414.121,123.025,-23.507,49.759,-5.234,309.092,50.784
4.197,2.43,7.432,7.432,120.666,47264.671,8396.177,122.887,-23.415,49.736,-5.248,308.675,50.685
4.197,2.43,7.454,7.454,120.504,47469.908,8375.138,122.743,-23.362,49.69,-5.254,308.093,50.59
4.197,2.43,7.476,7.476,120.341,47673.31,8354.429,122.602,-23.306,49.648,-5.261,307.54,50.494
4.197,2.43,7.503,7.503,120.125,47812.175,8340.37,122.478,-23.168,49.655,-5.286,307.332,50.395
4.197,2.43,7.524,7.524,119.973,48028.753,8318.572,122.332,-23.13,49.601,-5.289,306.695,50.302
4.197,2.43,7.546,7.546,119.813,48233.922,8298.064,122.192,-23.076,49.558,-5.295,306.143,50.208
4.197,2.43,7.568,7.568,119.65,48433.46,8278.252,122.057,-23.013,49.522,-5.304,305.635,50.114
4.197,2.43,7.595,7.595,119.44,48575.277,8264.248,121.936,-22.88,49.528,-5.329,305.424,50.017
4.197,2.43,7.616,7.616,119.29,48791.389,8243.033,121.793,-22.841,49.476,-5.332,304.809,49.926
4.197,2.43,7.637,7.637,119.141,49006.642,8222.048,121.655,-22.798,49.429,-5.336,304.222,49.834
4.197,2.43,7.665,7.665,118.924,49135.801,8209.527,121.539,-22.651,49.444,-5.366,304.079,49.738
4.197,2.43,7.686,7.686,118.778,49355.231,8188.372,121.397,-22.616,49.39,-5.368,303.45,49.648
4.197,2.43,7.708,7.708,118.625,49564.25,8168.359,121.261,-22.566,49.347,-5.374,302.898,49.557
4.197,2.43,7.733,7.733,118.438,49728.624,8152.714,121.138,-22.463,49.338,-5.393,302.58,49.465
4.197,2.43,7.756,7.756,118.269,49915.574,8135.019,121.008,-22.388,49.31,-5.405,302.137,49.374
4.197,2.43,7.778,7.778,118.119,50126.235,8115.205,120.874,-22.34,49.267,-5.411,301.583,49.285
4.197,2.43,7.799,7.799,117.969,50335.307,8095.67,120.743,-22.289,49.227,-5.417,301.057,49.196
4.197,2.43,7.823,7.823,117.792,50508.574,8079.578,120.622,-22.195,49.213,-5.435,300.718,49.106
4.197,2.43,7.847,7.847,117.618,50684.645,8063.313,120.5,-22.106,49.197,-5.451,300.357,49.016
4.197,2.43,7.869,7.869,117.47,50895.796,8043.926,120.37,-22.057,49.157,-5.457,299.827,48.929
4.197,2.43,7.889,7.889,117.327,51111.912,8024.214,120.242,-22.012,49.115,-5.463,299.293,48.842
4.197,2.43,7.917,7.917,117.121,51242.004,8012.412,120.136,-21.868,49.134,-5.494,299.181,48.752
4.197,2.43,7.937,7.937,116.985,51467.571,7992.059,120.004,-21.835,49.084,-5.496,298.588,48.667
4.197,2.43,7.959,7.959,116.84,51679.318,7973.081,119.879,-21.785,49.047,-5.503,298.085,48.581
4.197,2.43,7.979,7.979,116.701,51898.398,7953.575,119.754,-21.741,49.006,-5.508,297.562,48.496
4.197,2.43,8.007,8.007,116.498,52027.709,7942.123,119.652,-21.597,49.028,-5.54,297.466,48.407
4.197,2.43,8.027,8.027,116.364,52253.174,7922.261,119.523,-21.563,48.98,-5.543,296.89,48.324
4.197,2.43,8.048,8.048,116.222,52466.562,7903.588,119.399,-21.514,48.943,-5.55,296.39,48.24
4.197,2.43,8.068,8.068,116.085,52686.54,7884.463,119.276,-21.472,48.902,-5.555,295.87,48.156
4.197,2.43,8.095,8.095,115.892,52824.646,7872.52,119.174,-21.34,48.917,-5.584,295.731,48.07
4.197,2.43,8.116,8.116,115.754,53042.3,7853.799,119.048,-21.299,48.875,-5.589,295.197,47.987
4.197,2.43,8.137,8.137,115.613,53254.003,7835.705,118.926,-21.25,48.838,-5.597,294.703,47.905
4.197,2.43,8.159,8.159,115.466,53455.246,7818.61,118.807,-21.19,48.809,-5.607,294.263,47.822
4.197,2.43,8.185,8.185,115.286,53607.455,7805.748,118.701,-21.078,48.812,-5.632,294.043,47.739
4.197,2.43,8.205,8.205,115.154,53832.257,7786.856,118.574,-21.045,48.765,-5.634,293.477,47.658
4.197,2.43,8.225,8.225,115.017,54045.644,7769.039,118.453,-21.0,48.727,-5.641,292.981,47.577
4.197,2.43,8.245,8.245,114.884,54263.933,7750.927,118.333,-20.958,48.687,-5.646,292.474,47.496
4.197,2.43,8.273,8.273,114.692,54391.81,7740.37,118.237,-20.822,48.707,-5.678,292.373,47.413
4.197,2.43,8.292,8.292,114.565,54619.641,7721.658,118.111,-20.794,48.659,-5.68,291.801,47.334
4.197,2.43,8.313,8.313,114.43,54832.895,7704.255,117.993,-20.748,48.622,-5.687,291.315,47.255
4.197,2.43,8.333,8.333,114.299,55051.755,7686.504,117.875,-20.708,48.583,-5.692,290.816,47.176
4.197,2.43,8.359,8.359,114.122,55196.092,7674.859,117.777,-20.591,48.593,-5.72,290.65,47.095
4.197,2.43,8.38,8.38,113.983,55401.239,7658.39,117.661,-20.538,48.561,-5.729,290.198,47.017
4.197,2.43,8.4,8.4,113.851,55615.425,7641.298,117.545,-20.494,48.525,-5.735,289.717,46.939
4.197,2.43,8.421,8.421,113.718,55827.393,7624.485,117.431,-20.447,48.492,-5.743,289.259,46.861
4.197,2.43,8.442,8.442,113.577,56024.992,7608.902,117.323,-20.385,48.469,-5.755,288.871,46.783
4.197,2.43,8.468,8.468,113.406,56171.58,7597.398,117.227,-20.272,48.478,-5.783,288.7,46.705
4.197,2.43,8.487,8.487,113.282,56397.32,7579.774,117.109,-20.24,48.435,-5.786,288.177,46.629
4.197,2.43,8.507,8.507,113.152,56610.826,7563.208,116.998,-20.194,48.402,-5.794,287.724,46.553
4.197,2.43,8.526,8.526,113.029,56832.638,7546.101,116.886,-20.156,48.365,-5.799,287.249,46.477
4.197,2.43,8.553,8.553,112.852,56964.241,7536.002,116.8,-20.029,48.386,-5.832,287.16,46.401
4.197,2.43,8.573,8.573,112.726,57182.628,7519.323,116.687,-19.988,48.35,-5.838,286.686,46.326
4.197,2.43,8.593,8.593,112.599,57397.913,7502.979,116.578,-19.943,48.317,-5.845,286.241,46.251
4.197,2.43,8.613,8.613,112.473,57612.44,7486.789,116.471,-19.897,48.287,-5.854,285.81,46.177
4.197,2.43,8.634,8.634,112.336,57807.834,7472.125,116.37,-19.832,48.269,-5.868,285.466,46.103
4.197,2.43,8.659,8.659,112.175,57959.37,7460.807,116.281,-19.726,48.277,-5.895,285.298,46.029
4.197,2.43,8.678,8.678,112.056,58187.87,7443.828,116.169,-19.695,48.237,-5.899,284.8,45.956
4.197,2.43,8.697,8.697,111.933,58404.497,7427.828,116.063,-19.651,48.206,-5.906,284.366,45.883
4.197,2.43,8.716,8.716,111.815,58629.491,7411.309,115.956,-19.615,48.171,-5.912,283.906,45.811
4.197,2.43,8.742,8.742,111.649,58765.742,7401.354,115.873,-19.496,48.189,-5.944,283.808,45.738
4.197,2.43,8.761,8.761,111.525,58982.04,7385.626,115.766,-19.454,48.156,-5.951,283.364,45.666
4.197,2.43,8.781,8.781,111.404,59200.131,7369.859,115.66,-19.413,48.123,-5.958,282.92,45.595
4.197,2.43,8.8,8.8,111.283,59415.809,7354.356,115.555,-19.37,48.092,-5.966,282.493,45.524
4.197,2.43,8.82,8.82,111.16,59626.228,7339.317,115.454,-19.323,48.065,-5.975,282.092,45.453
4.197,2.43,8.845,8.845,110.997,59760.872,7329.737,115.372,-19.207,48.082,-6.007,281.988,45.382
4.197,2.43,8.863,8.863,110.885,59993.636,7313.257,115.26,-19.183,48.039,-6.009,281.474,45.312
4.197,2.43,8.882,8.882,110.766,60210.105,7298.021,115.156,-19.143,48.007,-6.016,281.039,45.242
4.197,2.43,8.902,8.902,110.647,60424.22,7283.035,115.054,-19.101,47.976,-6.023,280.621,45.173
4.197,2.43,8.92,8.92,110.534,60646.705,7267.552,114.951,-19.066,47.942,-6.029,280.177,45.104
4.197,2.43,8.945,8.945,110.38,60787.944,7257.77,114.871,-18.96,47.956,-6.059,280.051,45.035
4.197,2.43,8.965,8.965,110.255,60988.537,7243.938,114.771,-18.908,47.932,-6.07,279.676,44.967
4.197,2.43,8.984,8.984,110.139,61205.672,7229.046,114.668,-18.871,47.899,-6.077,279.241,44.899
4.197,2.43,9.002,9.002,110.023,61418.543,7214.527,114.568,-18.829,47.87,-6.085,278.832,44.831
4.197,2.43,9.02,9.02,109.912,61640.932,7199.444,114.467,-18.796,47.836,-6.09,278.394,44.763
4.197,2.43,9.046,9.046,109.754,61765.106,7191.059,114.394,-18.678,47.858,-6.125,278.332,44.697
4.197,2.43,9.065,9.065,109.641,61984.301,7176.323,114.291,-18.644,47.823,-6.13,277.889,44.63
4.197,2.43,9.083,9.083,109.527,62198.336,7162.013,114.191,-18.605,47.793,-6.138,277.474,44.563
4.197,2.43,9.102,9.102,109.415,62414.586,7147.634,114.092,-18.568,47.762,-6.145,277.059,44.497
4.197,2.43,9.12,9.12,109.301,62625.327,7133.697,113.997,-18.526,47.735,-6.153,276.672,44.432
4.197,2.43,9.139,9.139,109.187,62832.684,7120.055,113.903,-18.481,47.711,-6.163,276.303,44.366
4.197,2.43,9.164,9.164,109.035,62959.192,7111.768,113.832,-18.369,47.731,-6.197,276.232,44.302
4.197,2.43,9.181,9.181,108.931,63190.164,7096.704,113.728,-18.346,47.691,-6.199,275.757,44.237
4.197,2.43,9.2,9.2,108.82,63404.701,7082.79,113.632,-18.308,47.662,-6.207,275.356,44.173
4.197,2.43,9.218,9.218,108.71,63618.077,7069.024,113.537,-18.269,47.634,-6.215,274.968,44.109
4.197,2.43,9.236,9.236,108.597,63823.433,7055.845,113.446,-18.223,47.612,-6.225,274.616,44.045
4.197,2.43,9.261,9.261,108.451,63952.632,7047.587,113.377,-18.115,47.631,-6.259,274.54,43.983
4.197,2.43,9.278,9.278,108.349,64185.372,7032.779,113.276,-18.093,47.592,-6.261,274.073,43.919
4.197,2.43,9.296,9.296,108.241,64400.108,7019.19,113.182,-18.055,47.564,-6.269,273.685,43.856
4.197,2.43,9.313,9.313,108.135,64616.438,7005.574,113.09,-18.019,47.536,-6.276,273.3,43.794
4.197,2.43,9.331,9.331,108.029,64831.874,6992.084,112.999,-17.981,47.509,-6.284,272.924,43.731
4.197,2.43,9.35,9.35,107.913,65021.974,6980.24,112.916,-17.924,47.496,-6.3,272.643,43.67
4.197,2.43,9.374,9.374,107.777,65163.38,6971.465,112.847,-17.828,47.509,-6.33,272.527,43.61
4.197,2.43,9.39,9.39,107.678,65395.92,6957.1,112.748,-17.806,47.471,-6.332,272.076,43.548
4.197,2.43,9.407,9.407,107.573,65611.365,6943.863,112.657,-17.771,47.443,-6.34,271.694,43.487
4.197,2.43,9.425,9.425,107.47,65827.255,6930.667,112.567,-17.735,47.416,-6.347,271.316,43.426
4.197,2.43,9.442,9.442,107.368,66043.751,6917.502,112.477,-17.701,47.388,-6.354,270.94,43.365
4.197,2.43,9.461,9.461,107.254,66229.749,6906.247,112.397,-17.644,47.377,-6.37,270.671,43.306
4.197,2.43,9.484,9.484,107.123,66371.642,6897.693,112.328,-17.553,47.388,-6.399,270.546,43.248
4.197,2.43,9.5,9.5,107.026,66603.407,6883.785,112.231,-17.533,47.349,-6.401,270.095,43.188
4.197,2.43,9.517,9.517,106.924,66817.11,6871.027,112.141,-17.5,47.321,-6.408,269.715,43.129
4.197,2.43,9.534,9.534,106.824,67031.571,6858.29,112.052,-17.468,47.292,-6.415,269.335,43.07
4.197,2.43,9.55,9.55,106.724,67243.306,6845.777,111.964,-17.434,47.265,-6.422,268.969,43.011
4.197,2.43,9.568,9.568,106.62,67441.862,6834.099,111.882,-17.39,47.246,-6.434,268.651,42.953
4.197,2.43,9.592,9.592,106.487,67565.435,6826.859,111.82,-17.291,47.265,-6.467,268.582,42.898
4.197,2.43,9.607,9.607,106.393,67794.539,6813.49,111.725,-17.272,47.226,-6.468,268.14,42.84
4.197,2.43,9.624,9.624,106.294,68004.289,6801.314,111.638,-17.239,47.199,-6.476,267.774,42.783
4.197,2.43,9.641,9.641,106.197,68216.826,6789.035,111.551,-17.208,47.172,-6.483,267.405,42.726
4.197,2.43,9.657,9.657,106.098,68422.078,6777.235,111.468,-17.171,47.148,-6.492,267.067,42.669
4.197,2.43,9.673,9.673,106.005,68639.637,6764.788,111.383,-17.144,47.119,-6.497,266.693,42.613
4.197,2.43,9.697,9.697,105.876,68757.886,6758.05,111.327,-17.044,47.141,-6.532,266.651,42.559
4.197,2.43,9.714,9.714,105.777,68960.635,6746.537,111.243,-17.007,47.118,-6.541,266.313,42.504
4.197,2.43,9.73,9.73,105.682,69173.643,6734.5,111.158,-16.977,47.091,-6.548,265.948,42.448
4.197,2.43,9.746,9.746,105.588,69384.114,6722.663,111.075,-16.945,47.065,-6.555,265.6,42.393
4.197,2.43,9.762,9.762,105.493,69590.722,6711.099,110.995,-16.91,47.043,-6.564,265.272,42.338
4.197,2.43,9.778,9.778,105.401,69803.411,6699.251,110.915,-16.88,47.017,-6.571,264.929,42.284
4.197,2.43,9.796,9.796,105.297,69978.382,6689.546,110.846,-16.823,47.012,-6.589,264.712,42.23
4.197,2.43,9.818,9.818,105.178,70110.218,6682.26,110.788,-16.735,47.026,-6.62,264.628,42.179
4.197,2.43,9.833,9.833,105.091,70337.604,6669.742,110.701,-16.717,46.992,-6.622,264.224,42.125
4.197,2.43,9.849,9.849,104.998,70544.82,6658.391,110.621,-16.684,46.969,-6.63,263.894,42.071
4.197,2.43,9.864,9.864,104.907,70755.447,6646.907,110.542,-16.654,46.944,-6.638,263.557,42.018
4.197,2.43,9.88,9.88,104.815,70958.81,6635.869,110.465,-16.619,46.923,-6.647,263.247,41.965
4.197,2.43,9.895,9.895,104.729,71177.144,6624.075,110.385,-16.595,46.895,-6.652,262.891,41.912
4.197,2.43,9.916,9.916,104.614,71306.635,6617.107,110.331,-16.509,46.911,-6.683,262.817,41.863
4.197,2.43,9.934,9.934,104.514,71483.183,6607.639,110.261,-16.458,46.901,-6.7,262.579,41.812
4.197,2.43,9.949,9.949,104.428,71702.24,6595.942,110.178,-16.436,46.871,-6.703,262.203,41.76
4.197,2.43,9.964,9.964,104.339,71908.964,6584.956,110.099,-16.407,46.846,-6.711,261.871,41.708
4.197,2.43,9.979,9.979,104.251,72116.104,6573.997,110.022,-16.378,46.822,-6.717,261.54,41.657
4.197,2.43,9.995,9.995,104.163,72317.506,6563.39,109.947,-16.347,46.8,-6.726,261.229,41.606
4.197,2.43,10.009,10.009,104.079,72528.779,6552.312,109.869,-16.322,46.774,-6.731,260.889,41.555
4.197,2.43,10.031,10.031,103.964,72641.29,6546.434,109.821,-16.231,46.795,-6.766,260.855,41.509
4.197,2.43,10.048,10.048,103.873,72832.95,6536.453,109.746,-16.195,46.776,-6.777,260.56,41.459
4.197,2.43,10.062,10.062,103.789,73044.027,6525.509,109.667,-16.172,46.747,-6.781,260.206,41.409
4.197,2.43,10.077,10.077,103.704,73246.999,6515.032,109.591,-16.145,46.723,-6.788,259.883,41.36
4.197,2.43,10.092,10.092,103.619,73448.607,6504.671,109.517,-16.116,46.701,-6.796,259.569,41.311
4.197,2.43,10.107,10.107,103.535,73648.667,6494.434,109.445,-16.087,46.679,-6.803,259.264,41.262
4.197,2.43,10.122,10.122,103.45,73843.25,6484.519,109.375,-16.054,46.66,-6.813,258.979,41.214
4.197,2.43,10.135,10.135,103.371,74051.938,6473.931,109.301,-16.031,46.635,-6.818,258.654,41.165
4.197,2.43,10.156,10.156,103.266,74172.213,6467.85,109.254,-15.951,46.652,-6.849,258.599,41.121
4.197,2.43,10.174,10.174,103.171,74333.672,6459.712,109.193,-15.898,46.647,-6.868,258.406,41.075
4.197,2.43,10.187,10.187,103.093,74547.682,6448.967,109.116,-15.88,46.618,-6.871,258.054,41.026
4.197,2.43,10.202,10.202,103.01,74744.7,6439.119,109.045,-15.85,46.598,-6.88,257.761,40.979
4.197,2.43,10.216,10.216,102.93,74943.461,6429.225,108.976,-15.822,46.577,-6.888,257.467,40.932
4.197,2.43,10.231,10.231,102.849,75140.401,6419.462,108.908,-15.793,46.557,-6.896,257.184,40.886
4.197,2.43,10.245,10.245,102.769,75332.767,6409.965,108.842,-15.761,46.541,-6.906,256.918,40.84
4.197,2.43,10.259,10.259,102.691,75534.505,6400.046,108.774,-15.735,46.519,-6.913,256.627,40.794
4.197,2.43,10.275,10.275,102.606,75706.644,6391.616,108.715,-15.691,46.512,-6.929,256.425,40.749
4.197,2.43,10.296,10.296,102.502,75812.16,6386.463,108.675,-15.604,46.535,-6.964,256.414,40.707
4.197,2.43,10.309,10.309,102.425,76020.772,6376.309,108.602,-15.584,46.509,-6.969,256.088,40.661
4.197,2.43,10.323,10.323,102.347,76219.566,6366.674,108.534,-15.558,46.488,-6.976,255.796,40.616
4.197,2.43,10.337,10.337,102.27,76416.818,6357.153,108.467,-15.531,46.468,-6.984,255.512,40.571
4.197,2.43,10.35,10.35,102.193,76612.37,6347.752,108.401,-15.504,46.448,-6.992,255.236,40.527
4.197,2.43,10.364,10.364,102.117,76807.042,6338.431,108.336,-15.476,46.43,-7.0,254.964,40.482
4.197,2.43,10.378,10.378,102.04,76995.901,6329.424,108.273,-15.446,46.414,-7.01,254.711,40.439
4.197,2.43,10.391,10.391,101.968,77200.416,6319.709,108.206,-15.425,46.391,-7.015,254.414,40.394
4.197,2.43,10.408,10.408,101.88,77342.483,6312.985,108.158,-15.366,46.396,-7.039,254.296,40.353
4.197,2.43,10.427,10.427,101.785,77462.762,6307.307,108.114,-15.295,46.41,-7.069,254.231,40.313
4.197,2.43,10.44,10.44,101.714,77675.208,6297.312,108.042,-15.282,46.38,-7.07,253.891,40.269
4.197,2.43,10.453,10.453,101.639,77867.978,6288.28,107.977,-15.256,46.36,-7.078,253.614,40.226
4.197,2.43,10.466,10.466,101.566,78061.747,6279.237,107.912,-15.232,46.34,-7.085,253.335,40.183
4.197,2.43,10.479,10.479,101.492,78252.876,6270.352,107.848,-15.207,46.321,-7.092,253.066,40.141
4.197,2.43,10.493,10.493,101.42,78442.949,6261.55,107.786,-15.181,46.302,-7.1,252.801,40.099
4.197,2.43,10.506,10.506,101.347,78626.883,6253.064,107.726,-15.153,46.286,-7.109,252.555,40.058
4.197,2.43,10.518,10.518,101.278,78825.403,6243.94,107.662,-15.134,46.264,-7.114,252.269,40.016
4.197,2.43,10.534,10.534,101.198,78976.33,6237.028,107.612,-15.086,46.263,-7.133,252.118,39.976
4.197,2.43,10.554,10.554,101.105,79078.751,6232.349,107.575,-15.01,46.282,-7.167,252.094,39.939
4.197,2.43,10.566,10.566,101.036,79278.408,6223.256,107.508,-14.994,46.257,-7.17,251.787,39.898
4.197,2.43,10.579,10.579,100.966,79469.959,6214.566,107.444,-14.972,46.236,-7.176,251.508,39.857
4.197,2.43,10.592,10.592,100.896,79656.419,6206.138,107.383,-14.949,46.217,-7.184,251.247,39.817
4.197,2.43,10.604,10.604,100.827,79842.554,6197.756,107.323,-14.925,46.199,-7.191,250.989,39.777
4.197,2.43,10.617,10.617,100.758,80026.78,6189.491,107.264,-14.901,46.182,-7.199,250.738,39.737
4.197,2.43,10.63,10.63,100.689,80207.365,6181.418,107.206,-14.875,46.166,-7.207,250.499,39.698
4.197,2.43,10.643,10.643,100.621,80388.336,6173.356,107.149,-14.849,46.15,-7.216,250.26,39.658
4.197,2.43,10.655,10.655,100.556,80577.989,6164.938,107.09,-14.829,46.13,-7.222,250.0,39.619
4.197,2.43,10.673,10.673,100.472,80687.339,6160.099,107.054,-14.763,46.146,-7.252,249.958,39.584
4.197,2.43,10.689,10.689,100.39,80813.842,6154.514,107.012,-14.707,46.152,-7.276,249.858,39.548
4.197,2.43,10.701,10.701,100.327,81015.37,6145.644,106.946,-14.696,46.125,-7.277,249.549,39.508
4.197,2.43,10.713,10.713,100.26,81196.484,6137.703,106.888,-14.673,46.108,-7.285,249.302,39.47
4.197,2.43,10.725,10.725,100.194,81377.787,6129.781,106.831,-14.65,46.09,-7.292,249.056,39.432
4.197,2.43,10.738,10.738,100.129,81557.593,6121.952,106.775,-14.627,46.074,-7.3,248.818,39.394
4.197,2.43,10.75,10.75,100.064,81736.03,6114.21,106.72,-14.603,46.058,-7.308,248.585,39.357
4.197,2.43,10.762,10.762,99.999,81910.937,6106.646,106.666,-14.578,46.044,-7.317,248.363,39.32
4.197,2.43,10.774,10.774,99.935,82085.578,6099.12,106.613,-14.553,46.03,-7.326,248.144,39.283
4.197,2.43,10.785,10.785,99.874,82272.168,6091.107,106.558,-14.535,46.011,-7.331,247.894,39.246
4.197,2.43,10.802,10.802,99.797,82389.893,6086.065,106.522,-14.478,46.022,-7.357,247.829,39.213
4.197,2.43,10.819,10.819,99.717,82494.776,6081.584,106.488,-14.415,46.036,-7.387,247.788,39.18
4.197,2.43,10.83,10.83,99.656,82686.521,6073.413,106.427,-14.401,46.013,-7.39,247.509,39.143
4.197,2.43,10.842,10.842,99.594,82867.89,6065.713,106.371,-14.382,45.995,-7.396,247.264,39.106
4.197,2.43,10.854,10.854,99.531,83042.792,6058.312,106.318,-14.359,45.98,-7.404,247.038,39.071
4.197,2.43,10.865,10.865,99.469,83219.322,6050.867,106.265,-14.337,45.964,-7.412,246.811,39.035
4.197,2.43,10.877,10.877,99.408,83392.829,6043.574,106.214,-14.314,45.95,-7.42,246.594,39.0
4.197,2.43,10.889,10.889,99.347,83565.025,6036.36,106.163,-14.291,45.936,-7.429,246.383,38.965
4.197,2.43,10.9,10.9,99.287,83737.231,6029.169,106.113,-14.268,45.923,-7.437,246.173,38.93
4.197,2.43,10.912,10.912,99.226,83905.029,6022.184,106.065,-14.243,45.911,-7.447,245.976,38.895
4.197,2.43,10.924,10.924,99.166,84074.973,6015.132,106.016,-14.219,45.899,-7.456,245.775,38.861
4.197,2.43,10.934,10.934,99.11,84255.661,6007.66,105.965,-14.201,45.882,-7.462,245.548,38.827
4.197,2.43,10.95,10.95,99.039,84371.93,6002.864,105.932,-14.149,45.892,-7.487,245.487,38.795
4.197,2.43,10.967,10.967,98.963,84467.523,5998.93,105.903,-14.085,45.909,-7.519,245.471,38.765
4.197,2.43,10.977,10.977,98.905,84648.795,5991.488,105.849,-14.069,45.89,-7.524,245.226,38.73
4.197,2.43,10.988,10.988,98.847,84829.829,5984.08,105.796,-14.053,45.871,-7.529,244.986,38.696
4.197,2.43,10.999,10.999,98.789,84999.256,5977.171,105.746,-14.03,45.858,-7.537,244.779,38.663
4.197,2.43,11.01,11.01,98.731,85171.522,5970.167,105.697,-14.01,45.843,-7.544,244.566,38.629
4.197,2.43,11.021,11.021,98.674,85341.242,5963.29,105.648,-13.989,45.83,-7.552,244.361,38.596
4.197,2.43,11.032,11.032,98.617,85509.039,5956.511,105.601,-13.967,45.817,-7.561,244.163,38.564
4.197,2.43,11.043,11.043,98.56,85676.605,5949.762,105.554,-13.946,45.804,-7.569,243.965,38.531
4.197,2.43,11.054,11.054,98.504,85842.619,5943.097,105.508,-13.924,45.792,-7.577,243.772,38.499
4.197,2.43,11.065,11.065,98.448,86003.7,5936.649,105.463,-13.9,45.782,-7.587,243.592,38.467
4.197,2.43,11.075,11.075,98.394,86176.683,5929.746,105.416,-13.883,45.767,-7.593,243.381,38.435
4.197,2.43,11.086,11.086,98.339,86338.323,5923.315,105.372,-13.86,45.756,-7.603,243.201,38.403
4.197,2.43,11.102,11.102,98.268,86428.119,5919.751,105.347,-13.799,45.774,-7.635,243.197,38.375
4.197,2.43,11.117,11.117,98.201,86541.218,5915.27,105.314,-13.751,45.782,-7.659,243.124,38.346
4.197,2.43,11.127,11.127,98.149,86725.396,5907.992,105.26,-13.741,45.76,-7.66,242.869,38.314
4.197,2.43,11.137,11.137,98.095,86896.09,5901.27,105.211,-13.725,45.743,-7.666,242.651,38.282
4.197,2.43,11.147,11.147,98.041,87059.597,5894.849,105.165,-13.705,45.73,-7.673,242.453,38.251
4.197,2.43,11.158,11.158,97.987,87225.253,5888.364,105.118,-13.687,45.716,-7.68,242.25,38.22
4.197,2.43,11.168,11.168,97.934,87388.137,5882.006,105.073,-13.668,45.702,-7.687,242.054,38.19
4.197,2.43,11.178,11.178,97.881,87548.87,5875.751,105.028,-13.649,45.69,-7.695,241.865,38.159
4.197,2.43,11.189,11.189,97.829,87708.926,5869.54,104.984,-13.629,45.678,-7.703,241.677,38.129
4.197,2.43,11.199,11.199,97.777,87868.052,5863.383,104.941,-13.61,45.666,-7.711,241.492,38.099
4.197,2.43,11.209,11.209,97.725,88022.02,5857.442,104.899,-13.588,45.656,-7.72,241.32,38.07
4.197,2.43,11.22,11.22,97.674,88179.967,5851.364,104.857,-13.569,45.644,-7.728,241.139,38.04
4.197,2.43,11.229,11.229,97.625,88347.592,5844.933,104.812,-13.555,45.628,-7.732,240.934,38.011
4.197,2.43,11.242,11.242,97.568,88466.694,5840.375,104.78,-13.516,45.632,-7.752,240.848,37.983
4.197,2.43,11.258,11.258,97.501,88543.002,5837.46,104.759,-13.456,45.652,-7.785,240.86,37.958
4.197,2.43,11.269,11.269,97.445,88681.657,5832.173,104.72,-13.428,45.646,-7.799,240.711,37.93
4.197,2.43,11.278,11.278,97.397,88858.296,5825.457,104.669,-13.421,45.624,-7.799,240.469,37.9
4.197,2.43,11.288,11.288,97.347,89015.933,5819.482,104.626,-13.403,45.611,-7.806,240.278,37.871
4.197,2.43,11.298,11.298,97.297,89170.837,5813.626,104.583,-13.385,45.599,-7.813,240.095,37.843
4.197,2.43,11.308,11.308,97.248,89327.143,5807.733,104.541,-13.368,45.586,-7.82,239.911,37.815
4.197,2.43,11.317,11.317,97.199,89480.811,5801.956,104.5,-13.35,45.575,-7.828,239.734,37.786
4.197,2.43,11.327,11.327,97.151,89632.845,5796.255,104.459,-13.332,45.564,-7.835,239.562,37.759
4.197,2.43,11.337,11.337,97.102,89783.829,5790.609,104.42,-13.313,45.553,-7.843,239.394,37.731
4.197,2.43,11.347,11.347,97.055,89933.407,5785.03,104.381,-13.294,45.543,-7.852,239.23,37.704
4.197,2.43,11.356,11.356,97.007,90082.583,5779.481,104.342,-13.275,45.534,-7.86,239.068,37.677
4.197,2.43,11.366,11.366,96.96,90231.165,5773.969,104.304,-13.256,45.524,-7.869,238.907,37.65
4.197,2.43,11.376,11.376,96.912,90375.46,5768.629,104.267,-13.235,45.516,-7.878,238.758,37.623
4.197,2.43,11.385,11.385,96.865,90521.559,5763.236,104.23,-13.215,45.508,-7.887,238.605,37.596
4.197,2.43,11.394,11.394,96.822,90680.136,5757.398,104.19,-13.202,45.494,-7.892,238.423,37.569
4.197,2.43,11.404,11.404,96.773,90813.525,5752.499,104.157,-13.176,45.491,-7.905,238.302,37.543
4.197,2.43,11.419,11.419,96.714,90890.16,5749.69,104.139,-13.122,45.508,-7.936,238.311,37.521
4.197,2.43,11.432,11.432,96.656,90983.842,5746.262,104.115,-13.077,45.519,-7.962,238.272,37.497
4.197,2.43,11.441,11.441,96.611,91143.438,5740.433,104.071,-13.065,45.503,-7.966,238.074,37.47
4.197,2.43,11.449,11.449,96.567,91305.272,5734.539,104.028,-13.055,45.487,-7.969,237.874,37.443
4.197,2.43,11.459,11.459,96.521,91452.143,5729.205,103.99,-13.037,45.477,-7.976,237.712,37.417
4.197,2.43,11.468,11.468,96.476,91600.091,5723.845,103.952,-13.021,45.466,-7.984,237.548,37.391
4.197,2.43,11.477,11.477,96.431,91748.48,5718.482,103.915,-13.004,45.455,-7.991,237.385,37.365
4.197,2.43,11.486,11.486,96.387,91894.499,5713.219,103.878,-12.987,45.445,-7.998,237.228,37.34
4.197,2.43,11.495,11.495,96.343,92039.227,5708.015,103.842,-12.97,45.436,-8.006,237.074,37.314
4.197,2.43,11.504,11.504,96.299,92183.12,5702.855,103.806,-12.953,45.427,-8.014,236.923,37.289
4.197,2.43,11.512,11.512,96.256,92325.795,5697.75,103.771,-12.935,45.418,-8.023,236.776,37.264
4.197,2.43,11.521,11.521,96.212,92467.915,5692.677,103.736,-12.917,45.409,-8.031,236.629,37.24
4.197,2.43,11.53,11.53,96.17,92610.011,5687.618,103.702,-12.9,45.401,-8.039,236.483,37.215
4.197,2.43,11.539,11.539,96.127,92749.258,5682.672,103.668,-12.881,45.393,-8.048,236.344,37.191
4.197,2.43,11.548,11.548,96.084,92885.8,5677.833,103.635,-12.862,45.386,-8.057,236.21,37.167
4.197,2.43,11.556,11.556,96.042,93031.388,5672.687,103.6,-12.848,45.376,-8.064,236.056,37.142
4.197,2.43,11.564,11.564,96.002,93179.332,5667.47,103.564,-12.835,45.365,-8.069,235.896,37.118
4.197,2.43,11.575,11.575,95.955,93285.8,5663.723,103.54,-12.802,45.369,-8.088,235.831,37.095
4.197,2.43,11.589,11.589,95.9,93352.98,5661.363,103.525,-12.75,45.388,-8.12,235.85,37.075
4.197,2.43,11.601,11.601,95.85,93456.301,5657.738,103.498,-12.716,45.391,-8.139,235.779,37.053
4.197,2.43,11.609,11.609,95.81,93612.964,5652.253,103.457,-12.708,45.375,-8.141,235.583,37.028
4.197,2.43,11.616,11.616,95.77,93765.205,5646.937,103.418,-12.699,45.36,-8.144,235.4,37.004
4.197,2.43,11.625,11.625,95.728,93904.183,5642.097,103.383,-12.683,45.35,-8.151,235.249,36.98
4.197,2.43,11.633,11.633,95.687,94043.691,5637.249,103.348,-12.669,45.34,-8.158,235.097,36.957
4.197,2.43,11.641,11.641,95.647,94183.809,5632.391,103.314,-12.655,45.33,-8.164,234.944,36.933
4.197,2.43,11.65,11.65,95.607,94321.622,5627.624,103.28,-12.64,45.32,-8.171,234.797,36.91
4.197,2.43,11.658,11.658,95.567,94457.676,5622.929,103.247,-12.625,45.311,-8.178,234.654,36.888
4.197,2.43,11.666,11.666,95.528,94592.765,5618.278,103.214,-12.609,45.302,-8.185,234.514,36.865
4.197,2.43,11.674,11.674,95.489,94726.649,5613.679,103.182,-12.594,45.294,-8.193,234.376,36.842
4.197,2.43,11.682,11.682,95.449,94859.316,5609.131,103.15,-12.578,45.286,-8.201,234.24,36.82
4.197,2.43,11.691,11.691,95.411,94991.606,5604.607,103.119,-12.563,45.278,-8.208,234.106,36.798
4.197,2.43,11.699,11.699,95.372,95123.342,5600.111,103.087,-12.547,45.27,-8.216,233.973,36.776
4.197,2.43,11.707,11.707,95.334,95251.961,5595.731,103.057,-12.531,45.263,-8.224,233.846,36.754
4.197,2.43,11.715,11.715,95.295,95378.304,5591.438,103.028,-12.514,45.257,-8.233,233.725,36.733
4.197,2.43,11.723,11.723,95.258,95511.721,5586.914,102.996,-12.5,45.248,-8.24,233.587,36.711
4.197,2.43,11.73,11.73,95.223,95650.927,5582.204,102.964,-12.49,45.237,-8.244,233.437,36.689
4.197,2.43,11.739,11.739,95.183,95763.979,5578.387,102.938,-12.467,45.236,-8.257,233.346,36.668
4.197,2.43,11.752,11.752,95.135,95832.886,5576.064,102.924,-12.424,45.25,-8.284,233.348,36.65
4.197,2.43,11.764,11.764,95.087,95902.462,5573.721,102.907,-12.381,45.263,-8.312,233.342,36.631
4.197,2.43,11.773,11.773,95.047,96024.702,5569.612,102.876,-12.364,45.256,-8.321,233.215,36.61
4.197,2.43,11.779,11.779,95.012,96173.481,5564.621,102.839,-12.359,45.24,-8.321,233.029,36.588
4.197,2.43,11.787,11.787,94.975,96309.57,5560.067,102.805,-12.349,45.228,-8.325,232.875,36.567
4.197,2.43,11.794,11.794,94.938,96436.763,5555.819,102.774,-12.334,45.22,-8.332,232.742,36.546
4.197,2.43,11.802,11.802,94.902,96564.882,5551.55,102.744,-12.321,45.211,-8.339,232.608,36.525
4.197,2.43,11.81,11.81,94.866,96693.528,5547.272,102.713,-12.308,45.202,-8.345,232.473,36.504
4.197,2.43,11.817,11.817,94.83,96820.315,5543.064,102.683,-12.295,45.194,-8.352,232.344,36.484
4.197,2.43,11.825,11.825,94.795,96945.337,5538.924,102.654,-12.281,45.187,-8.359,232.218,36.463
4.197,2.43,11.832,11.832,94.76,97069.39,5534.824,102.626,-12.266,45.18,-8.366,232.096,36.443
4.197,2.43,11.84,11.84,94.725,97192.696,5530.757,102.597,-12.252,45.173,-8.374,231.975,36.423
4.197,2.43,11.847,11.847,94.69,97315.197,5526.724,102.57,-12.238,45.166,-8.382,231.856,36.403
4.197,2.43,11.855,11.855,94.655,97436.84,5522.728,102.542,-12.223,45.16,-8.389,231.74,36.384
4.197,2.43,11.862,11.862,94.621,97557.586,5518.769,102.515,-12.208,45.153,-8.397,231.626,36.364
4.197,2.43,11.87,11.87,94.586,97677.644,5514.84,102.488,-12.193,45.147,-8.405,231.513,36.345
4.197,2.43,11.877,11.877,94.552,97797.594,5510.922,102.462,-12.179,45.141,-8.413,231.401,36.325
4.197,2.43,11.885,11.885,94.519,97917.466,5507.015,102.435,-12.164,45.135,-8.421,231.289,36.306
4.197,2.43,11.892,11.892,94.485,98035.539,5503.173,102.409,-12.149,45.13,-8.429,231.181,36.287
4.197,2.43,11.9,11.9,94.451,98150.643,5499.435,102.384,-12.133,45.126,-8.438,231.079,36.268
4.197,2.43,11.907,11.907,94.418,98267.626,5495.644,102.359,-12.118,45.12,-8.447,230.973,36.249
4.197,2.43,11.914,11.914,94.386,98393.211,5491.581,102.331,-12.107,45.112,-8.452,230.849,36.23
4.197,2.43,11.92,11.92,94.355,98517.903,5487.555,102.304,-12.096,45.104,-8.457,230.728,36.211
4.197,2.43,11.929,11.929,94.319,98616.447,5484.379,102.284,-12.074,45.105,-8.472,230.663,36.193
4.197,2.43,11.94,11.94,94.277,98678.926,5482.368,102.272,-12.034,45.119,-8.498,230.671,36.177
4.197,2.43,11.951,11.951,94.234,98740.276,5480.396,102.26,-11.995,45.133,-8.525,230.675,36.161
4.197,2.43,11.96,11.96,94.197,98844.067,5477.063,102.235,-11.975,45.13,-8.538,230.585,36.143
4.197,2.43,11.966,11.966,94.166,98980.04,5472.705,102.202,-11.97,45.116,-8.539,230.426,36.123
4.197,2.43,11.972,11.972,94.135,99111.931,5468.486,102.171,-11.963,45.104,-8.541,230.278,36.104
4.197,2.43,11.979,11.979,94.102,99231.831,5464.659,102.144,-11.951,45.096,-8.547,230.157,36.086
4.197,2.43,11.986,11.986,94.07,99349.005,5460.927,102.118,-11.938,45.09,-8.554,230.043,36.067
4.197,2.43,11.992,11.992,94.038,99467.761,5457.15,102.091,-11.926,45.082,-8.56,229.926,36.049
4.197,2.43,11.999,11.999,94.007,99586.307,5453.388,102.065,-11.915,45.075,-8.566,229.81,36.031
4.197,2.43,12.006,12.006,93.976,99703.112,5449.687,102.039,-11.903,45.068,-8.573,229.699,36.013
4.197,2.43,12.013,12.013,93.945,99818.479,5446.039,102.014,-11.89,45.062,-8.58,229.59,35.995
4.197,2.43,12.019,12.019,93.914,99933.01,5442.424,101.989,-11.877,45.056,-8.587,229.484,35.978
4.197,2.43,12.026,12.026,93.883,100046.909,5438.836,101.965,-11.865,45.05,-8.594,229.378,35.96
4.197,2.43,12.033,12.033,93.853,100160.127,5435.275,101.94,-11.852,45.044,-8.601,229.275,35.943
4.197,2.43,12.039,12.039,93.822,100272.616,5431.744,101.916,-11.839,45.039,-8.608,229.173,35.925
4.197,2.43,12.046,12.046,93.792,100384.336,5428.242,101.893,-11.826,45.033,-8.616,229.072,35.908
4.197,2.43,12.053,12.053,93.762,100495.28,5424.772,101.869,-11.813,45.028,-8.623,228.973,35.891
4.197,2.43,12.059,12.059,93.732,100605.739,5421.322,101.846,-11.8,45.023,-8.631,228.874,35.874
4.197,2.43,12.066,12.066,93.703,100716.137,5417.88,101.823,-11.788,45.018,-8.638,228.775,35.857
4.197,2.43,12.072,12.072,93.673,100826.324,5414.451,101.8,-11.775,45.012,-8.645,228.677,35.84
4.197,2.43,12.079,12.079,93.644,100934.937,5411.076,101.777,-11.762,45.008,-8.653,228.582,35.824
4.197,2.43,12.085,12.085,93.615,101040.881,5407.79,101.755,-11.748,45.004,-8.661,228.492,35.807
4.197,2.43,12.092,12.092,93.585,101146.982,5404.505,101.733,-11.735,44.999,-8.67,228.4,35.791
4.197,2.43,12.098,12.098,93.557,101258.575,5401.055,101.71,-11.724,44.993,-8.676,228.298,35.774
4.197,2.43,12.104,12.104,93.53,101375.996,5397.432,101.685,-11.716,44.985,-8.679,228.183,35.757
4.197,2.43,12.11,12.11,93.502,101483.07,5394.134,101.664,-11.703,44.98,-8.687,228.09,35.741
4.197,2.43,12.118,12.118,93.469,101562.709,5391.684,101.649,-11.679,44.985,-8.703,228.053,35.726
4.197,2.43,12.129,12.129,93.432,101616.415,5390.034,101.639,-11.643,44.998,-8.729,228.065,35.712
4.197,2.43,12.139,12.139,93.395,101673.817,5388.272,101.627,-11.609,45.009,-8.754,228.063,35.698
4.197,2.43,12.146,12.146,93.362,101767.419,5385.401,101.606,-11.592,45.007,-8.765,227.983,35.683
4.197,2.43,12.152,12.152,93.335,101890.04,5381.648,101.577,-11.587,44.995,-8.766,227.843,35.666
4.197,2.43,12.157,12.157,93.308,102013.496,5377.875,101.549,-11.583,44.983,-8.767,227.704,35.649
4.197,2.43,12.163,12.163,93.281,102125.284,5374.466,101.524,-11.575,44.975,-8.771,227.59,35.633
4.197,2.43,12.169,12.169,93.252,102231.484,5371.232,101.501,-11.564,44.968,-8.777,227.488,35.617
4.197,2.43,12.175,12.175,93.225,102337.789,5368.001,101.478,-11.553,44.962,-8.783,227.386,35.601
4.197,2.43,12.181,12.181,93.197,102444.86,5364.751,101.454,-11.543,44.956,-8.789,227.283,35.585
4.197,2.43,12.187,12.187,93.17,102551.193,5361.53,101.432,-11.533,44.949,-8.795,227.182,35.57
4.197,2.43,12.193,12.193,93.144,102655.874,5358.363,101.41,-11.523,44.943,-8.801,227.084,35.554
4.197,2.43,12.199,12.199,93.117,102759.206,5355.243,101.388,-11.512,44.938,-8.807,226.989,35.539
4.197,2.43,12.205,12.205,93.09,102861.645,5352.154,101.367,-11.501,44.933,-8.814,226.896,35.524
4.197,2.43,12.211,12.211,93.064,102963.434,5349.089,101.345,-11.49,44.928,-8.82,226.805,35.509
4.197,2.43,12.217,12.217,93.037,103064.569,5346.049,101.325,-11.479,44.923,-8.827,226.715,35.494
4.197,2.43,12.223,12.223,93.011,103165.029,5343.034,101.304,-11.468,44.918,-8.834,226.626,35.479
4.197,2.43,12.229,12.229,92.985,103264.798,5340.045,101.284,-11.457,44.913,-8.84,226.538,35.464
4.197,2.43,12.235,12.235,92.959,103363.863,5337.08,101.263,-11.446,44.909,-8.847,226.452,35.449
4.197,2.43,12.241,12.241,92.934,103462.227,5334.142,101.244,-11.434,44.905,-8.854,226.367,35.435
4.197,2.43,12.246,12.246,92.908,103560.082,5331.223,101.224,-11.423,44.9,-8.861,226.283,35.42
4.197,2.43,12.252,12.252,92.883,103657.721,5328.314,101.204,-11.412,44.896,-8.868,226.199,35.406
4.197,2.43,12.258,12.258,92.857,103755.323,5325.411,101.185,-11.401,44.892,-8.875,226.114,35.391
4.197,2.43,12.264,12.264,92.832,103852.294,5322.531,101.165,-11.39,44.888,-8.882,226.032,35.377
4.197,2.43,12.27,12.27,92.807,103947.692,5319.702,101.146,-11.378,44.884,-8.889,225.952,35.363
4.197,2.43,12.275,12.275,92.782,104040.976,5316.94,101.128,-11.366,44.881,-8.897,225.876,35.349
4.197,2.43,12.281,12.281,92.757,104134.37,5314.178,101.11,-11.354,44.878,-8.905,225.799,35.335
4.197,2.43,12.287,12.287,92.733,104231.36,5311.314,101.09,-11.344,44.873,-8.911,225.715,35.321
4.197,2.43,12.292,12.292,92.709,104334.094,5308.285,101.07,-11.336,44.867,-8.916,225.619,35.306
4.197,2.43,12.297,12.297,92.686,104434.968,5305.316,101.05,-11.328,44.861,-8.92,225.528,35.292
4.197,2.43,12.303,12.303,92.661,104522.133,5302.754,101.033,-11.314,44.859,-8.93,225.464,35.279
4.197,2.43,12.311,12.311,92.632,104586.0,5300.878,101.022,-11.291,44.866,-8.947,225.445,35.266
4.197,2.43,12.32,12.32,92.601,104632.556,5299.512,101.015,-11.259,44.878,-8.972,225.457,35.255
4.197,2.43,12.329,12.329,92.568,104682.238,5298.056,101.005,-11.23,44.888,-8.994,225.458,35.243
4.197,2.43,12.336,12.336,92.539,104758.427,5295.824,100.989,-11.211,44.889,-9.008,225.403,35.23
4.197,2.43,12.341,12.341,92.515,104862.357,5292.785,100.965,-11.205,44.88,-9.01,225.292,35.216
4.197,2.43,12.346,12.346,92.493,104974.58,5289.507,100.94,-11.203,44.868,-9.01,225.166,35.201
4.197,2.43,12.351,12.351,92.47,105079.411,5286.451,100.917,-11.198,44.86,-9.012,225.057,35.187
4.197,2.43,12.356,12.356,92.446,105176.101,5283.636,100.897,-11.189,44.854,-9.017,224.966,35.173
4.197,2.43,12.361,12.361,92.422,105269.439,5280.923,100.878,-11.18,44.849,-9.023,224.881,35.16
4.197,2.43,12.367,12.367,92.398,105363.041,5278.206,100.859,-11.17,44.844,-9.029,224.797,35.147
4.197,2.43,12.372,12.372,92.375,105457.301,5275.474,100.839,-11.161,44.839,-9.035,224.712,35.133
4.197,2.43,12.377,12.377,92.352,105551.225,5272.755,100.821,-11.152,44.834,-9.04,224.627,35.12
4.197,2.43,12.382,12.382,92.329,105644.017,5270.073,100.802,-11.143,44.829,-9.046,224.546,35.107
4.197,2.43,12.388,12.388,92.306,105735.602,5267.429,100.784,-11.134,44.825,-9.052,224.466,35.094
4.197,2.43,12.393,12.393,92.284,105826.319,5264.814,100.766,-11.124,44.821,-9.059,224.389,35.081
4.197,2.43,12.398,12.398,92.261,105916.459,5262.219,100.749,-11.114,44.817,-9.065,224.313,35.068
4.197,2.43,12.403,12.403,92.239,106006.16,5259.64,100.731,-11.104,44.814,-9.072,224.238,35.055
4.197,2.43,12.409,12.409,92.216,106095.406,5257.078,100.714,-11.094,44.81,-9.078,224.164,35.043
4.197,2.43,12.414,12.414,92.194,106184.172,5254.533,100.697,-11.084,44.806,-9.085,224.091,35.03
4.197,2.43,12.419,12.419,92.172,106272.456,5252.005,100.68,-11.074,44.803,-9.091,224.019,35.017
4.197,2.43,12.424,12.424,92.15,106360.293,5249.493,100.663,-11.064,44.8,-9.098,223.948,35.005
4.197,2.43,12.429,12.429,92.128,106447.719,5246.996,100.647,-11.054,44.796,-9.105,223.877,34.993
4.197,2.43,12.434,12.434,92.106,106534.767,5244.513,100.63,-11.044,44.793,-9.111,223.807,34.98
4.197,2.43,12.439,12.439,92.085,106621.464,5242.043,100.614,-11.034,44.79,-9.118,223.737,34.968
4.197,2.43,12.445,12.445,92.063,106707.834,5239.586,100.598,-11.025,44.787,-9.125,223.668,34.956
4.197,2.43,12.45,12.45,92.042,106793.896,5237.141,100.582,-11.015,44.784,-9.132,223.6,34.943
4.197,2.43,12.455,12.455,92.02,106879.645,5234.707,100.566,-11.005,44.781,-9.138,223.532,34.931
4.197,2.43,12.46,12.46,91.999,106965.048,5232.287,100.55,-10.995,44.778,-9.145,223.465,34.919
4.197,2.43,12.465,12.465,91.978,107050.069,5229.88,100.534,-10.985,44.775,-9.152,223.398,34.907
4.197,2.43,12.47,12.47,91.957,107134.707,5227.487,100.519,-10.975,44.772,-9.159,223.331,34.895
4.197,2.43,12.475,12.475,91.936,107219.099,5225.104,100.503,-10.965,44.769,-9.166,223.265,34.883
4.197,2.43,12.48,12.48,91.915,107303.413,5222.727,100.487,-10.955,44.766,-9.172,223.199,34.872
4.197,2.43,12.485,12.485,91.894,107387.786,5220.35,100.472,-10.946,44.763,-9.179,223.133,34.86
4.197,2.43,12.489,12.489,91.874,107472.033,5217.98,100.456,-10.936,44.76,-9.186,223.067,34.848
4.197,2.43,12.494,12.494,91.853,107555.569,5215.633,100.441,-10.927,44.757,-9.192,223.001,34.836
4.197,2.43,12.499,12.499,91.832,107637.855,5213.324,100.426,-10.917,44.755,-9.199,222.939,34.825
4.197,2.43,12.504,12.504,91.812,107718.651,5211.059,100.412,-10.906,44.753,-9.207,222.878,34.813
4.197,2.43,12.509,12.509,91.791,107799.49,5208.796,100.397,-10.896,44.75,-9.214,222.818,34.802
4.197,2.43,12.514,12.514,91.771,107882.509,5206.475,100.382,-10.887,44.747,-9.221,222.752,34.79
4.197,2.43,12.518,12.518,91.751,107969.577,5204.043,100.365,-10.879,44.743,-9.225,222.679,34.779
4.197,2.43,12.523,12.523,91.733,108059.51,5201.535,100.349,-10.873,44.738,-9.229,222.601,34.767
4.197,2.43,12.527,12.527,91.714,108145.129,5199.15,100.333,-10.865,44.734,-9.234,222.532,34.755
4.197,2.43,12.532,12.532,91.693,108219.653,5197.076,100.32,-10.853,44.734,-9.243,222.483,34.744
4.197,2.43,12.539,12.539,91.67,108277.165,5195.478,100.311,-10.834,44.739,-9.259,222.466,34.734
4.197,2.43,12.546,12.546,91.644,108319.953,5194.289,100.305,-10.809,44.748,-9.28,222.474,34.725
4.197,2.43,12.554,12.554,91.617,108360.014,5193.177,100.299,-10.783,44.758,-9.302,222.484,34.715
4.197,2.43,12.561,12.561,91.591,108412.073,5191.733,100.289,-10.761,44.764,-9.32,222.468,34.705
4.197,2.43,12.566,12.566,91.569,108488.92,5189.603,100.273,-10.75,44.761,-9.328,222.402,34.694
4.197,2.43,12.57,12.57,91.549,108583.252,5186.992,100.253,-10.747,44.753,-9.329,222.304,34.682
4.197,2.43,12.574,12.574,91.531,108681.94,5184.265,100.232,-10.745,44.744,-9.328,222.199,34.67
4.197,2.43,12.578,12.578,91.512,108774.822,5181.701,100.213,-10.741,44.736,-9.33,222.106,34.658
4.197,2.43,12.582,12.582,91.493,108860.681,5179.334,100.196,-10.735,44.731,-9.334,222.028,34.647
4.197,2.43,12.587,12.587,91.473,108942.763,5177.074,100.18,-10.727,44.727,-9.339,221.958,34.636
4.197,2.43,12.591,12.591,91.454,109023.749,5174.847,100.165,-10.719,44.723,-9.345,221.89,34.625
4.197,2.43,12.596,12.596,91.434,109105.33,5172.606,100.149,-10.711,44.719,-9.35,221.821,34.614
4.197,2.43,12.6,12.6,91.415,109187.194,5170.36,100.134,-10.703,44.715,-9.355,221.752,34.603
4.197,2.43,12.605,12.605,91.397,109268.735,5168.125,100.118,-10.696,44.711,-9.36,221.684,34.592
4.197,2.43,12.609,12.609,91.378,109349.45,5165.916,100.103,-10.688,44.708,-9.366,221.617,34.581
4.197,2.43,12.613,12.613,91.359,109429.168,5163.737,100.089,-10.68,44.704,-9.371,221.553,34.571
4.197,2.43,12.618,12.618,91.341,109508.099,5161.581,100.074,-10.672,44.701,-9.377,221.49,34.56
4.197,2.43,12.622,12.622,91.322,109586.447,5159.444,100.06,-10.664,44.698,-9.383,221.428,34.55
4.197,2.43,12.626,12.626,91.304,109664.385,5157.321,100.046,-10.656,44.695,-9.389,221.367,34.539
4.197,2.43,12.631,12.631,91.286,109741.98,5155.209,100.032,-10.648,44.692,-9.395,221.307,34.529
4.197,2.43,12.635,12.635,91.267,109819.221,5153.109,100.018,-10.639,44.689,-9.401,221.247,34.518
4.197,2.43,12.639,12.639,91.249,109896.093,5151.021,100.005,-10.631,44.687,-9.407,221.187,34.508
4.197,2.43,12.644,12.644,91.231,109972.588,5148.946,99.991,-10.623,44.684,-9.413,221.129,34.498
4.197,2.43,12.648,12.648,91.213,110048.715,5146.884,99.977,-10.615,44.681,-9.419,221.071,34.487
4.197,2.43,12.652,12.652,91.195,110124.5,5144.832,99.964,-10.606,44.679,-9.425,221.013,34.477
4.197,2.43,12.657,12.657,91.177,110199.964,5142.792,99.951,-10.598,44.676,-9.431,220.956,34.467
4.197,2.43,12.661,12.661,91.16,110275.127,5140.762,99.937,-10.59,44.674,-9.437,220.899,34.457
4.197,2.43,12.665,12.665,91.142,110350.005,5138.742,99.924,-10.581,44.671,-9.443,220.843,34.447
4.197,2.43,12.669,12.669,91.124,110424.612,5136.731,99.911,-10.573,44.669,-9.45,220.787,34.437
4.197,2.43,12.674,12.674,91.107,110498.963,5134.729,99.898,-10.565,44.667,-9.456,220.731,34.427
4.197,2.43,12.678,12.678,91.09,110573.066,5132.737,99.885,-10.557,44.664,-9.462,220.676,34.417
4.197,2.43,12.682,12.682,91.072,110646.917,5130.753,99.873,-10.548,44.662,-9.468,220.621,34.407
4.197,2.43,12.686,12.686,91.055,110720.492,5128.778,99.86,-10.54,44.66,-9.474,220.566,34.397
4.197,2.43,12.691,12.691,91.038,110793.774,5126.814,99.847,-10.532,44.657,-9.48,220.512,34.388
4.197,2.43,12.695,12.695,91.02,110866.744,5124.859,99.834,-10.524,44.655,-9.486,220.458,34.378
4.197,2.43,12.699,12.699,91.003,110939.433,5122.915,99.822,-10.516,44.653,-9.493,220.405,34.368
4.197,2.43,12.703,12.703,90.986,111011.943,5120.977,99.809,-10.508,44.651,-9.499,220.351,34.359
4.197,2.43,12.707,12.707,90.969,111084.368,5119.043,99.797,-10.499,44.649,-9.505,220.298,34.349
4.197,2.43,12.711,12.711,90.953,111156.793,5117.112,99.784,-10.492,44.646,-9.511,220.244,34.339
4.197,2.43,12.715,12.715,90.936,111229.2,5115.183,99.772,-10.484,44.644,-9.517,220.19,34.33
4.197,2.43,12.719,12.719,90.919,111301.274,5113.264,99.76,-10.476,44.642,-9.523,220.137,34.32
4.197,2.43,12.723,12.723,90.902,111372.675,5111.366,99.747,-10.468,44.64,-9.529,220.085,34.311
4.197,2.43,12.728,12.728,90.886,111443.11,5109.495,99.735,-10.459,44.638,-9.535,220.035,34.301
4.197,2.43,12.732,12.732,90.869,111512.43,5107.656,99.724,-10.451,44.636,-9.542,219.986,34.292
4.197,2.43,12.736,12.736,90.852,111581.495,5105.825,99.712,-10.442,44.635,-9.549,219.937,34.283
4.197,2.43,12.74,12.74,90.835,111651.585,5103.969,99.7,-10.434,44.633,-9.555,219.886,34.273
4.197,2.43,12.744,12.744,90.819,111723.839,5102.057,99.687,-10.427,44.63,-9.561,219.831,34.264
4.197,2.43,12.748,12.748,90.804,111799.179,5100.066,99.674,-10.421,44.627,-9.565,219.771,34.255
4.197,2.43,12.751,12.751,90.789,111876.005,5098.038,99.661,-10.416,44.622,-9.568,219.708,34.245
4.197,2.43,12.755,12.755,90.773,111949.876,5096.089,99.648,-10.41,44.619,-9.572,219.651,34.236
4.197,2.43,12.759,12.759,90.757,112016.921,5094.323,99.637,-10.401,44.618,-9.579,219.606,34.227
4.197,2.43,12.764,12.764,90.739,112073.669,5092.829,99.629,-10.389,44.62,-9.59,219.58,34.218
4.197,2.43,12.769,12.769,90.719,112117.644,5091.672,99.623,-10.371,44.626,-9.606,219.575,34.21
4.197,2.43,12.776,12.776,90.698,112153.224,5090.737,99.618,-10.349,44.634,-9.626,219.583,34.202
4.197,2.43,12.782,12.782,90.676,112187.877,5089.826,99.613,-10.328,44.643,-9.645,219.59,34.195
4.197,2.43,12.788,12.788,90.655,112230.584,5088.705,99.605,-10.309,44.648,-9.662,219.58,34.186
4.197,2.43,12.793,12.793,90.635,112290.806,5087.124,99.594,-10.298,44.648,-9.671,219.536,34.177
4.197,2.43,12.797,12.797,90.618,112367.316,5085.118,99.578,-10.293,44.642,-9.674,219.462,34.168
4.197,2.43,12.8,12.8,90.603,112451.581,5082.912,99.561,-10.292,44.635,-9.674,219.375,34.158
4.197,2.43,12.803,12.803,90.588,112535.967,5080.704,99.544,-10.29,44.627,-9.674,219.29,34.148
4.197,2.43,12.807,12.807,90.573,112615.066,5078.638,99.529,-10.287,44.621,-9.675,219.215,34.139
4.197,2.43,12.81,12.81,90.557,112688.822,5076.713,99.515,-10.282,44.616,-9.679,219.151,34.13
4.197,2.43,12.814,12.814,90.541,112759.325,5074.874,99.502,-10.276,44.613,-9.683,219.094,34.121
4.197,2.43,12.818,12.818,90.526,112828.274,5073.078,99.49,-10.269,44.61,-9.689,219.039,34.112
4.197,2.43,12.822,12.822,90.51,112897.073,5071.288,99.477,-10.262,44.608,-9.694,218.985,34.103
4.197,2.43,12.825,12.825,90.494,112966.31,5069.488,99.465,-10.255,44.605,-9.699,218.93,34.094
4.197,2.43,12.829,12.829,90.479,113035.654,5067.687,99.453,-10.249,44.602,-9.704,218.875,34.085
4.197,2.43,12.833,12.833,90.464,113104.766,5065.894,99.441,-10.243,44.599,-9.708,218.821,34.077
4.197,2.43,12.836,12.836,90.449,113173.357,5064.116,99.429,-10.236,44.596,-9.713,218.768,34.068
4.197,2.43,12.84,12.84,90.433,113241.221,5062.358,99.417,-10.23,44.594,-9.719,218.716,34.059
4.197,2.43,12.844,12.844,90.418,113308.414,5060.62,99.406,-10.223,44.591,-9.724,218.665,34.051
4.197,2.43,12.848,12.848,90.403,113375.079,5058.896,99.394,-10.216,44.589,-9.729,218.616,34.042
4.197,2.43,12.851,12.851,90.388,113441.334,5057.185,99.383,-10.209,44.587,-9.735,218.567,34.034
4.197,2.43,12.855,12.855,90.373,113507.286,5055.484,99.372,-10.202,44.585,-9.74,218.519,34.025
4.197,2.43,12.859,12.859,90.359,113573.001,5053.789,99.361,-10.195,44.583,-9.746,218.471,34.017
4.197,2.43,12.862,12.862,90.344,113638.482,5052.103,99.35,-10.188,44.581,-9.752,218.423,34.008
4.197,2.43,12.866,12.866,90.329,113703.721,5050.424,99.339,-10.181,44.579,-9.757,218.376,34.0
4.197,2.43,12.87,12.87,90.314,113768.711,5048.754,99.328,-10.174,44.577,-9.763,218.329,33.992
4.197,2.43,12.873,12.873,90.3,113833.446,5047.091,99.317,-10.167,44.575,-9.769,218.283,33.983
4.197,2.43,12.877,12.877,90.285,113897.929,5045.436,99.307,-10.16,44.573,-9.774,218.237,33.975
4.197,2.43,12.881,12.881,90.27,113962.177,5043.789,99.296,-10.153,44.572,-9.78,218.191,33.967
4.197,2.43,12.884,12.884,90.256,114026.205,5042.149,99.286,-10.146,44.57,-9.786,218.146,33.959
4.197,2.43,12.888,12.888,90.241,114090.028,5040.515,99.275,-10.139,44.568,-9.792,218.1,33.95
4.197,2.43,12.892,12.892,90.227,114153.655,5038.888,99.265,-10.132,44.566,-9.797,218.055,33.942
4.197,2.43,12.895,12.895,90.213,114217.096,5037.267,99.254,-10.125,44.565,-9.803,218.011,33.934
4.197,2.43,12.899,12.899,90.198,114280.352,5035.653,99.244,-10.118,44.563,-9.809,217.966,33.926
4.197,2.43,12.902,12.902,90.184,114343.427,5034.044,99.234,-10.111,44.561,-9.815,217.922,33.918
4.197,2.43,12.906,12.906,90.17,114406.321,5032.441,99.223,-10.104,44.56,-9.821,217.878,33.91
4.197,2.43,12.91,12.91,90.156,114469.038,5030.845,99.213,-10.097,44.558,-9.826,217.834,33.902
4.197,2.43,12.913,12.913,90.142,114531.581,5029.254,99.203,-10.09,44.557,-9.832,217.79,33.894
4.197,2.43,12.917,12.917,90.127,114593.958,5027.668,99.193,-10.083,44.555,-9.838,217.747,33.886
4.197,2.43,12.92,12.92,90.113,114656.178,5026.088,99.183,-10.076,44.554,-9.844,217.703,33.878
4.197,2.43,12.924,12.924,90.099,114718.247,5024.514,99.173,-10.069,44.552,-9.85,217.66,33.87
4.197,2.43,12.927,12.927,90.085,114780.17,5022.944,99.163,-10.062,44.55,-9.855,217.617,33.862
4.197,2.43,12.931,12.931,90.071,114841.947,5021.379,99.153,-10.055,44.549,-9.861,217.574,33.854
4.197,2.43,12.934,12.934,90.058,114903.563,5019.82,99.143,-10.048,44.547,-9.867,217.532,33.846
4.197,2.43,12.938,12.938,90.044,114965.008,5018.266,99.133,-10.041,44.546,-9.873,217.489,33.838
4.197,2.43,12.941,12.941,90.03,115026.271,5016.718,99.123,-10.034,44.544,-9.878,217.447,33.831
4.197,2.43,12.945,12.945,90.016,115087.342,5015.176,99.113,-10.027,44.543,-9.884,217.405,33.823
4.197,2.43,12.949,12.949,90.002,115148.231,5013.641,99.103,-10.02,44.541,-9.89,217.363,33.815
4.197,2.43,12.952,12.952,89.989,115208.991,5012.109,99.094,-10.014,44.54,-9.896,217.321,33.807
4.197,2.43,12.956,12.956,89.975,115269.676,5010.581,99.084,-10.007,44.539,-9.902,217.279,33.8
4.197,2.43,12.959,12.959,89.961,115330.336,5009.055,99.074,-10.0,44.537,-9.908,217.238,33.792
4.197,2.43,12.962,12.962,89.948,115391.013,5007.53,99.065,-9.993,44.536,-9.913,217.196,33.784
4.197,2.43,12.966,12.966,89.934,115451.72,5006.005,99.055,-9.986,44.534,-9.919,217.154,33.777
4.197,2.43,12.969,12.969,89.921,115512.302,5004.485,99.045,-9.98,44.533,-9.925,217.112,33.769
4.197,2.43,12.973,12.973,89.907,115572.567,5002.973,99.036,-9.973,44.531,-9.93,217.071,33.761
4.197,2.43,12.976,12.976,89.894,115632.347,5001.476,99.026,-9.966,44.53,-9.936,217.03,33.754
4.197,2.43,12.98,12.98,89.88,115691.491,4999.995,99.017,-9.959,44.529,-9.942,216.991,33.746
4.197,2.43,12.983,12.983,89.867,115749.887,4998.534,99.008,-9.952,44.528,-9.948,216.952,33.739
4.197,2.43,12.987,12.987,89.853,115807.884,4997.084,98.998,-9.945,44.527,-9.955,216.914,33.731
4.197,2.43,12.99,12.99,89.84,115866.203,4995.628,98.989,-9.938,44.526,-9.961,216.876,33.724
4.197,2.43,12.994,12.994,89.826,115925.506,4994.148,98.98,-9.931,44.524,-9.967,216.835,33.716
4.197,2.43,12.997,12.997,89.813,115986.382,4992.63,98.97,-9.925,44.523,-9.972,216.792,33.709
4.197,2.43,13.0,13.0,89.801,116049.334,4991.062,98.96,-9.919,44.52,-9.976,216.745,33.701
4.197,2.43,13.003,13.003,89.788,116113.944,4989.453,98.949,-9.915,44.517,-9.98,216.696,33.694
4.197,2.43,13.006,13.006,89.776,116177.809,4987.865,98.939,-9.91,44.514,-9.983,216.648,33.686
4.197,2.43,13.009,13.009,89.763,116238.633,4986.353,98.93,-9.904,44.513,-9.988,216.606,33.678
4.197,2.43,13.013,13.013,89.75,116294.469,4984.967,98.921,-9.897,44.512,-9.995,216.572,33.671
4.197,2.43,13.017,13.017,89.736,116343.481,4983.751,98.914,-9.886,44.514,-10.005,216.55,33.664
4.197,2.43,13.022,13.022,89.72,116383.857,4982.75,98.909,-9.873,44.518,-10.018,216.543,33.658
4.197,2.43,13.027,13.027,89.704,116416.819,4981.933,98.905,-9.856,44.525,-10.035,216.546,33.651
4.197,2.43,13.032,13.032,89.686,116446.258,4981.203,98.902,-9.838,44.532,-10.053,216.554,33.645
4.197,2.43,13.038,13.038,89.668,116476.765,4980.448,98.897,-9.821,44.538,-10.07,216.557,33.639
4.197,2.43,13.043,13.043,89.65,116513.913,4979.528,98.891,-9.805,44.543,-10.085,216.547,33.632
4.197,2.43,13.048,13.048,89.634,116563.731,4978.296,98.882,-9.795,44.543,-10.095,216.514,33.625
4.197,2.43,13.051,13.051,89.619,116626.533,4976.743,98.87,-9.79,44.54,-10.099,216.457,33.617
4.197,2.43,13.054,13.054,89.606,116697.021,4975.002,98.856,-9.788,44.534,-10.1,216.389,33.609
4.197,2.43,13.057,13.057,89.594,116770.076,4973.2,98.842,-9.787,44.527,-10.099,216.317,33.601
4.197,2.43,13.059,13.059,89.582,116841.592,4971.437,98.829,-9.786,44.521,-10.099,216.249,33.593
4.197,2.43,13.062,13.062,89.569,116908.829,4969.781,98.816,-9.783,44.517,-10.101,216.19,33.586
4.197,2.43,13.065,13.065,89.557,116972.079,4968.225,98.806,-9.778,44.514,-10.105,216.138,33.578
4.197,2.43,13.068,13.068,89.544,117032.686,4966.735,98.795,-9.773,44.511,-10.109,216.092,33.571
4.197,2.43,13.072,13.072,89.531,117091.734,4965.285,98.786,-9.767,44.509,-10.115,216.049,33.564
4.197,2.43,13.075,13.075,89.518,117150.131,4963.851,98.776,-9.76,44.508,-10.12,216.007,33.556
4.197,2.43,13.078,13.078,89.505,117208.638,4962.416,98.766,-9.754,44.506,-10.125,215.965,33.549
4.197,2.43,13.082,13.082,89.492,117267.52,4960.973,98.757,-9.748,44.504,-10.13,215.922,33.542
4.197,2.43,13.085,13.085,89.479,117326.572,4959.527,98.747,-9.743,44.502,-10.135,215.88,33.535
4.197,2.43,13.088,13.088,89.467,117385.592,4958.083,98.738,-9.737,44.5,-10.141,215.838,33.527
4.197,2.43,13.091,13.091,89.454,117444.407,4956.646,98.728,-9.731,44.499,-10.146,215.796,33.52
4.197,2.43,13.094,13.094,89.442,117502.869,4955.217,98.719,-9.725,44.497,-10.151,215.755,33.513
4.197,2.43,13.098,13.098,89.429,117560.879,4953.801,98.71,-9.719,44.495,-10.156,215.715,33.506
4.197,2.43,13.101,13.101,89.417,117618.491,4952.396,98.701,-9.713,44.494,-10.162,215.675,33.499
4.197,2.43,13.104,13.104,89.404,117675.793,4951.0,98.692,-9.707,44.493,-10.167,215.637,33.492
4.197,2.43,13.107,13.107,89.392,117732.862,4949.61,98.683,-9.701,44.491,-10.173,215.599,33.485
4.197,2.43,13.111,13.111,89.38,117789.765,4948.225,98.674,-9.694,44.49,-10.179,215.561,33.478
4.197,2.43,13.114,13.114,89.367,117846.561,4946.844,98.666,-9.688,44.489,-10.184,215.523,33.471
4.197,2.43,13.117,13.117,89.355,117903.282,4945.466,98.657,-9.682,44.488,-10.19,215.486,33.464
4.197,2.43,13.12,13.12,89.342,117959.928,4944.091,98.648,-9.675,44.486,-10.196,215.448,33.457
4.197,2.43,13.124,13.124,89.33,118016.492,4942.718,98.64,-9.669,44.485,-10.202,215.411,33.45
4.197,2.43,13.127,13.127,89.318,118072.97,4941.349,98.631,-9.663,44.484,-10.207,215.374,33.443
4.197,2.43,13.13,13.13,89.306,118129.358,4939.983,98.623,-9.656,44.483,-10.213,215.338,33.436
4.197,2.43,13.133,13.133,89.293,118185.652,4938.621,98.614,-9.65,44.482,-10.219,215.301,33.429
4.197,2.43,13.136,13.136,89.281,118241.855,4937.261,98.606,-9.644,44.481,-10.225,215.265,33.422
4.197,2.43,13.14,13.14,89.269,118297.978,4935.905,98.597,-9.637,44.48,-10.231,215.228,33.416
4.197,2.43,13.143,13.143,89.257,118354.029,4934.551,98.589,-9.631,44.479,-10.237,215.192,33.409
4.197,2.43,13.146,13.146,89.245,118410.017,4933.2,98.58,-9.625,44.478,-10.242,215.156,33.402
4.197,2.43,13.149,13.149,89.232,118465.948,4931.851,98.572,-9.618,44.477,-10.248,215.121,33.395
4.197,2.43,13.152,13.152,89.22,118521.831,4930.505,98.564,-9.612,44.476,-10.254,215.085,33.388
4.197,2.43,13.156,13.156,89.208,118577.667,4929.16,98.555,-9.606,44.475,-10.26,215.049,33.381
4.197,2.43,13.159,13.159,89.196,118633.46,4927.818,98.547,-9.599,44.474,-10.266,215.014,33.375
4.197,2.43,13.162,13.162,89.184,118689.212,4926.477,98.539,-9.593,44.473,-10.272,214.978,33.368
4.197,2.43,13.165,13.165,89.172,118744.924,4925.139,98.53,-9.587,44.472,-10.278,214.943,33.361
4.197,2.43,13.168,13.168,89.16,118800.6,4923.802,98.522,-9.58,44.471,-10.284,214.908,33.354
4.197,2.43,13.172,13.172,89.148,118856.24,4922.467,98.514,-9.574,44.47,-10.29,214.873,33.347
4.197,2.43,13.175,13.175,89.136,118911.846,4921.134,98.506,-9.567,44.469,-10.296,214.837,33.341
4.197,2.43,13.178,13.178,89.124,118967.421,4919.803,98.498,-9.561,44.468,-10.302,214.802,33.334
4.197,2.43,13.181,13.181,89.112,119022.966,4918.473,98.489,-9.555,44.467,-10.308,214.767,33.327
4.197,2.43,13.184,13.184,89.1,119078.482,4917.145,98.481,-9.548,44.466,-10.314,214.733,33.32
4.197,2.43,13.188,13.188,89.088,119133.972,4915.819,98.473,-9.542,44.466,-10.32,214.698,33.314
4.197,2.43,13.191,13.191,89.076,119189.437,4914.494,98.465,-9.536,44.465,-10.326,214.663,33.307
4.197,2.43,13.194,13.194,89.064,119244.88,4913.171,98.457,-9.529,44.464,-10.332,214.628,33.3
4.197,2.43,13.197,13.197,89.052,119300.308,4911.849,98.449,-9.523,44.463,-10.338,214.594,33.293
4.197,2.43,13.2,13.2,89.04,119355.723,4910.528,98.441,-9.517,44.462,-10.344,214.559,33.287
4.197,2.43,13.203,13.203,89.028,119411.13,4909.209,98.432,-9.51,44.461,-10.35,214.525,33.28
4.197,2.43,13.207,13.207,89.016,119466.532,4907.891,98.424,-9.504,44.46,-10.356,214.49,33.273
4.197,2.43,13.21,13.21,89.004,119521.931,4906.573,98.416,-9.498,44.459,-10.362,214.456,33.267
4.197,2.43,13.213,13.213,88.993,119577.32,4905.257,98.408,-9.491,44.459,-10.368,214.422,33.26
4.197,2.43,13.216,13.216,88.981,119632.69,4903.942,98.4,-9.485,44.458,-10.374,214.387,33.253
4.197,2.43,13.219,13.219,88.969,119688.033,4902.629,98.392,-9.479,44.457,-10.38,214.353,33.247
4.197,2.43,13.222,13.222,88.957,119743.341,4901.318,98.384,-9.472,44.456,-10.387,214.319,33.24
4.197,2.43,13.226,13.226,88.945,119798.61,4900.008,98.376,-9.466,44.455,-10.393,214.285,33.233
4.197,2.43,13.229,13.229,88.933,119853.838,4898.701,98.368,-9.46,44.454,-10.399,214.251,33.227
4.197,2.43,13.232,13.232,88.922,119909.057,4897.394,98.36,-9.453,44.454,-10.405,214.217,33.22
4.197,2.43,13.235,13.235,88.91,119964.307,4896.088,98.352,-9.447,44.453,-10.411,214.183,33.213
4.197,2.43,13.238,13.238,88.898,120019.623,4894.782,98.344,-9.441,44.452,-10.417,214.149,33.207
4.197,2.43,13.241,13.241,88.886,120075.036,4893.473,98.336,-9.434,44.451,-10.423,214.115,33.2
4.197,2.43,13.244,13.244,88.874,120130.576,4892.163,98.328,-9.428,44.45,-10.429,214.081,33.194
4.197,2.43,13.247,13.247,88.863,120186.244,4890.851,98.32,-9.422,44.449,-10.435,214.047,33.187
4.197,2.43,13.251,13.251,88.851,120241.927,4889.539,98.312,-9.416,44.448,-10.441,214.012,33.18
4.197,2.43,13.254,13.254,88.839,120297.486,4888.232,98.304,-9.409,44.448,-10.447,213.978,33.174
4.197,2.43,13.257,13.257,88.828,120352.795,4886.931,98.297,-9.403,44.447,-10.454,213.945,33.167
4.197,2.43,13.26,13.26,88.816,120407.742,4885.639,98.289,-9.397,44.446,-10.46,213.912,33.16
4.197,2.43,13.263,13.263,88.804,120462.224,4884.36,98.281,-9.39,44.445,-10.466,213.879,33.154
4.197,2.43,13.266,13.266,88.792,120516.224,4883.092,98.273,-9.383,44.445,-10.473,213.848,33.147
4.197,2.43,13.27,13.27,88.78,120570.162,4881.827,98.266,-9.376,44.445,-10.48,213.817,33.141
4.197,2.43,13.273,13.273,88.768,120624.568,4880.552,98.258,-9.37,44.444,-10.487,213.784,33.134
4.197,2.43,13.276,13.276,88.757,120679.928,4879.256,98.25,-9.363,44.443,-10.493,213.751,33.128
4.197,2.43,13.279,13.279,88.745,120736.678,4877.928,98.242,-9.358,44.442,-10.499,213.715,33.121
4.197,2.43,13.282,13.282,88.734,120795.202,4876.559,98.233,-9.353,44.44,-10.503,213.676,33.114
4.197,2.43,13.285,13.285,88.723,120855.526,4875.149,98.225,-9.348,44.438,-10.507,213.634,33.108
4.197,2.43,13.288,13.288,88.712,120916.061,4873.736,98.216,-9.344,44.436,-10.511,213.593,33.101
4.197,2.43,13.29,13.29,88.701,120974.924,4872.363,98.207,-9.339,44.434,-10.516,213.555,33.094
4.197,2.43,13.293,13.293,88.69,121030.528,4871.066,98.2,-9.333,44.434,-10.522,213.522,33.088
4.197,2.43,13.297,13.297,88.678,121081.442,4869.88,98.193,-9.325,44.434,-10.53,213.497,33.081
4.197,2.43,13.301,13.301,88.665,121126.213,4868.838,98.188,-9.314,44.437,-10.541,213.482,33.075
4.197,2.43,13.305,13.305,88.651,121163.486,4867.97,98.184,-9.301,44.441,-10.556,213.479,33.069
4.197,2.43,13.31,13.31,88.635,121194.698,4867.245,98.181,-9.286,44.447,-10.573,213.484,33.064
4.197,2.43,13.315,13.315,88.619,121222.964,4866.587,98.178,-9.269,44.454,-10.592,213.493,33.058
4.197,2.43,13.32,13.32,88.603,121251.977,4865.913,98.175,-9.253,44.461,-10.61,213.498,33.052
4.197,2.43,13.325,13.325,88.587,121286.263,4865.116,98.17,-9.238,44.466,-10.627,213.494,33.046
4.197,2.43,13.33,13.33,88.572,121331.023,4864.077,98.162,-9.227,44.468,-10.639,213.471,33.04
4.197,2.43,13.333,13.333,88.558,121388.438,4862.745,98.152,-9.221,44.466,-10.645,213.426,33.033
4.197,2.43,13.336,13.336,88.546,121454.533,4861.212,98.14,-9.218,44.461,-10.647,213.368,33.026
4.197,2.43,13.339,13.339,88.535,121524.747,4859.586,98.128,-9.217,44.456,-10.647,213.304,33.019
4.197,2.43,13.341,13.341,88.524,121595.208,4857.955,98.116,-9.216,44.45,-10.647,213.241,33.011
4.197,2.43,13.344,13.344,88.513,121662.95,4856.389,98.104,-9.213,44.445,-10.648,213.183,33.004
4.197,2.43,13.346,13.346,88.501,121726.589,4854.918,98.094,-9.21,44.442,-10.651,213.134,32.997
4.197,2.43,13.349,13.349,88.49,121787.094,4853.521,98.085,-9.205,44.44,-10.655,213.09,32.991
4.197,2.43,13.352,13.352,88.478,121845.543,4852.173,98.076,-9.2,44.438,-10.661,213.05,32.984
4.197,2.43,13.355,13.355,88.466,121902.822,4850.853,98.067,-9.194,44.437,-10.667,213.013,32.977
4.197,2.43,13.359,13.359,88.454,121959.683,4849.543,98.059,-9.188,44.435,-10.673,212.976,32.971
4.197,2.43,13.362,13.362,88.442,122016.771,4848.229,98.05,-9.182,44.434,-10.679,212.939,32.964
4.197,2.43,13.365,13.365,88.43,122074.304,4846.906,98.042,-9.176,44.433,-10.684,212.902,32.958
4.197,2.43,13.368,13.368,88.419,122132.103,4845.578,98.033,-9.17,44.431,-10.69,212.864,32.951
4.197,2.43,13.371,13.371,88.407,122189.99,4844.248,98.025,-9.165,44.43,-10.696,212.827,32.944
4.197,2.43,13.374,13.374,88.395,122247.812,4842.921,98.017,-9.159,44.429,-10.702,212.79,32.938
4.197,2.43,13.377,13.377,88.384,122305.433,4841.6,98.008,-9.153,44.427,-10.707,212.753,32.931
4.197,2.43,13.38,13.38,88.372,122362.743,4840.287,98.0,-9.147,44.426,-10.713,212.718,32.924
4.197,2.43,13.383,13.383,88.361,122419.748,4838.982,97.992,-9.141,44.425,-10.72,212.683,32.918
4.197,2.43,13.387,13.387,88.349,122476.527,4837.683,97.984,-9.135,44.424,-10.726,212.648,32.911
4.197,2.43,13.39,13.39,88.337,122533.152,4836.388,97.976,-9.129,44.424,-10.732,212.614,32.905
4.197,2.43,13.393,13.393,88.326,122589.686,4835.096,97.968,-9.123,44.423,-10.739,212.58,32.898
4.197,2.43,13.396,13.396,88.314,122646.182,4833.807,97.96,-9.117,44.422,-10.745,212.546,32.892
4.197,2.43,13.399,13.399,88.303,122702.689,4832.517,97.953,-9.11,44.421,-10.752,212.512,32.885
4.197,2.43,13.402,13.402,88.291,122759.22,4831.229,97.945,-9.104,44.42,-10.758,212.479,32.879
4.197,2.43,13.405,13.405,88.279,122815.768,4829.941,97.937,-9.098,44.42,-10.765,212.445,32.872
4.197,2.43,13.409,13.409,88.268,122872.328,4828.653,97.929,-9.092,44.419,-10.771,212.412,32.866
4.197,2.43,13.412,13.412,88.256,122928.895,4827.366,97.922,-9.085,44.418,-10.778,212.378,32.859
4.197,2.43,13.415,13.415,88.245,122985.463,4826.08,97.914,-9.079,44.417,-10.785,212.345,32.853
4.197,2.43,13.418,13.418,88.233,123042.028,4824.796,97.906,-9.073,44.417,-10.791,212.312,32.846
4.197,2.43,13.421,13.421,88.221,123098.594,4823.512,97.898,-9.066,44.416,-10.798,212.279,32.839
4.197,2.43,13.424,13.424,88.21,123155.169,4822.229,97.891,-9.06,44.415,-10.805,212.246,32.833
4.197,2.43,13.428,13.428,88.198,123211.761,4820.946,97.883,-9.054,44.415,-10.811,212.213,32.826
4.197,2.43,13.431,13.431,88.187,123268.377,4819.664,97.875,-9.047,44.414,-10.818,212.18,32.82
4.197,2.43,13.434,13.434,88.175,123325.021,4818.382,97.868,-9.041,44.413,-10.825,212.147,32.813
4.197,2.43,13.437,13.437,88.163,123381.701,4817.1,97.86,-9.034,44.413,-10.832,212.114,32.807
4.197,2.43,13.44,13.44,88.152,123438.417,4815.818,97.852,-9.028,44.412,-10.839,212.081,32.8
4.197,2.43,13.444,13.444,88.14,123495.172,4814.536,97.845,-9.022,44.411,-10.846,212.048,32.794
4.197,2.43,13.447,13.447,88.129,123551.966,4813.255,97.837,-9.015,44.411,-10.853,212.016,32.787
4.197,2.43,13.45,13.45,88.117,123608.801,4811.973,97.829,-9.009,44.41,-10.859,211.983,32.781
4.197,2.43,13.453,13.453,88.105,123665.677,4810.692,97.822,-9.002,44.41,-10.866,211.95,32.774
4.197,2.43,13.456,13.456,88.094,123722.594,4809.41,97.814,-8.996,44.409,-10.873,211.917,32.768
4.197,2.43,13.46,13.46,88.082,123779.555,4808.128,97.806,-8.989,44.408,-10.88,211.885,32.761
4.197,2.43,13.463,13.463,88.07,123836.561,4806.847,97.799,-8.983,44.408,-10.887,211.852,32.755
4.197,2.43,13.466,13.466,88.059,123893.613,4805.565,97.791,-8.976,44.407,-10.894,211.819,32.748
4.197,2.43,13.469,13.469,88.047,123950.713,4804.283,97.783,-8.97,44.407,-10.901,211.786,32.741
4.197,2.43,13.473,13.473,88.035,124007.861,4803.001,97.776,-8.963,44.406,-10.908,211.754,32.735
4.197,2.43,13.476,13.476,88.024,124065.06,4801.718,97.768,-8.957,44.406,-10.915,211.721,32.728
4.197,2.43,13.479,13.479,88.012,124122.31,4800.436,97.76,-8.95,44.405,-10.923,211.688,32.722
4.197,2.43,13.482,13.482,88.0,124179.612,4799.153,97.753,-8.944,44.404,-10.93,211.655,32.715
4.197,2.43,13.486,13.486,87.989,124236.968,4797.87,97.745,-8.937,44.404,-10.937,211.623,32.709
4.197,2.43,13.489,13.489,87.977,124294.378,4796.587,97.737,-8.931,44.403,-10.944,211.59,32.702
4.197,2.43,13.492,13.492,87.965,124351.844,4795.303,97.73,-8.924,44.403,-10.951,211.557,32.696
4.197,2.43,13.495,13.495,87.954,124409.367,4794.019,97.722,-8.918,44.402,-10.958,211.525,32.689
4.197,2.43,13.499,13.499,87.942,124466.948,4792.735,97.715,-8.911,44.402,-10.965,211.492,32.682
4.197,2.43,13.502,13.502,87.93,124524.587,4791.45,97.707,-8.905,44.401,-10.973,211.459,32.676
4.197,2.43,13.505,13.505,87.918,124582.285,4790.165,97.699,-8.898,44.401,-10.98,211.426,32.669
4.197,2.43,13.508,13.508,87.907,124640.043,4788.879,97.692,-8.891,44.4,-10.987,211.394,32.663
4.197,2.43,13.512,13.512,87.895,124697.86,4787.594,97.684,-8.885,44.4,-10.995,211.361,32.656
4.197,2.43,13.515,13.515,87.883,124755.738,4786.307,97.676,-8.878,44.399,-11.002,211.328,32.649
4.197,2.43,13.518,13.518,87.871,124813.681,4785.021,97.669,-8.872,44.399,-11.009,211.295,32.643
4.197,2.43,13.522,13.522,87.86,124871.692,4783.733,97.661,-8.865,44.398,-11.017,211.263,32.636
4.197,2.43,13.525,13.525,87.848,124929.775,4782.445,97.653,-8.858,44.398,-11.024,211.23,32.63
4.197,2.43,13.528,13.528,87.836,124987.934,4781.157,97.646,-8.852,44.397,-11.031,211.197,32.623
4.197,2.43,13.532,13.532,87.824,125046.173,4779.867,97.638,-8.845,44.397,-11.039,211.164,32.616
4.197,2.43,13.535,13.535,87.812,125104.494,4778.577,97.63,-8.838,44.396,-11.046,211.132,32.61
4.197,2.43,13.538,13.538,87.801,125162.891,4777.286,97.623,-8.832,44.396,-11.054,211.099,32.603
4.197,2.43,13.541,13.541,87.789,125221.354,4775.994,97.615,-8.825,44.395,-11.061,211.066,32.597
4.197,2.43,13.545,13.545,87.777,125279.874,4774.702,97.607,-8.818,44.395,-11.069,211.033,32.59
4.197,2.43,13.548,13.548,87.765,125338.444,4773.41,97.6,-8.811,44.394,-11.076,211.0,32.583
4.197,2.43,13.552,13.552,87.753,125397.057,4772.118,97.592,-8.805,44.394,-11.084,210.968,32.577
4.197,2.43,13.555,13.555,87.741,125455.71,4770.826,97.585,-8.798,44.393,-11.092,210.935,32.57
4.197,2.43,13.558,13.558,87.729,125514.436,4769.533,97.577,-8.791,44.393,-11.099,210.902,32.563
4.197,2.43,13.562,13.562,87.717,125573.278,4768.239,97.569,-8.784,44.392,-11.107,210.87,32.557
4.197,2.43,13.565,13.565,87.706,125632.276,4766.942,97.562,-8.778,44.392,-11.115,210.837,32.55
4.197,2.43,13.568,13.568,87.694,125691.465,4765.642,97.554,-8.771,44.392,-11.123,210.804,32.543
4.197,2.43,13.572,13.572,87.682,125750.88,4764.338,97.546,-8.764,44.391,-11.13,210.771,32.537
4.197,2.43,13.575,13.575,87.67,125810.524,4763.03,97.538,-8.757,44.39,-11.138,210.737,32.53
4.197,2.43,13.578,13.578,87.658,125870.267,4761.721,97.531,-8.751,44.39,-11.145,210.704,32.523
4.197,2.43,13.582,13.582,87.646,125929.954,4760.414,97.523,-8.744,44.389,-11.153,210.67,32.517
4.197,2.43,13.585,13.585,87.634,125989.442,4759.112,97.515,-8.737,44.389,-11.161,210.638,32.51
4.197,2.43,13.589,13.589,87.622,126048.601,4757.819,97.508,-8.73,44.389,-11.169,210.606,32.503
4.197,2.43,13.592,13.592,87.61,126107.313,4756.536,97.5,-8.723,44.389,-11.177,210.574,32.496
4.197,2.43,13.596,13.596,87.598,126165.621,4755.263,97.493,-8.716,44.389,-11.186,210.544,32.49
4.197,2.43,13.599,13.599,87.585,126224.072,4753.988,97.485,-8.708,44.389,-11.195,210.513,32.483
4.197,2.43,13.603,13.603,87.573,126283.275,4752.697,97.478,-8.701,44.388,-11.203,210.481,32.476
4.197,2.43,13.606,13.606,87.561,126343.789,4751.379,97.47,-8.694,44.388,-11.211,210.447,32.47
4.197,2.43,13.609,13.609,87.549,126406.12,4750.022,97.462,-8.688,44.387,-11.218,210.41,32.463
4.197,2.43,13.612,13.612,87.538,126470.701,4748.618,97.453,-8.683,44.385,-11.224,210.37,32.456
4.197,2.43,13.616,13.616,87.527,126536.904,4747.179,97.444,-8.678,44.383,-11.229,210.328,32.449
4.197,2.43,13.619,13.619,87.515,126602.465,4745.755,97.436,-8.673,44.382,-11.235,210.288,32.442
4.197,2.43,13.622,13.622,87.504,126665.291,4744.392,97.428,-8.667,44.381,-11.242,210.252,32.435
4.197,2.43,13.625,13.625,87.491,126723.552,4743.129,97.421,-8.659,44.381,-11.251,210.224,32.429
4.197,2.43,13.629,13.629,87.478,126775.487,4742.004,97.415,-8.649,44.383,-11.264,210.206,32.422
4.197,2.43,13.634,13.634,87.464,126819.209,4741.057,97.411,-8.635,44.388,-11.28,210.2,32.416
4.197,2.43,13.639,13.639,87.448,126855.045,4740.281,97.408,-8.619,44.394,-11.301,210.205,32.41
4.197,2.43,13.645,13.645,87.432,126886.501,4739.601,97.406,-8.601,44.402,-11.324,210.216,32.404
4.197,2.43,13.651,13.651,87.415,126917.85,4738.923,97.403,-8.583,44.41,-11.348,210.225,32.398
4.197,2.43,13.656,13.656,87.398,126954.379,4738.133,97.399,-8.567,44.416,-11.369,210.224,32.392
4.197,2.43,13.661,13.661,87.382,127002.342,4737.097,97.392,-8.555,44.419,-11.385,210.205,32.385
4.197,2.43,13.665,13.665,87.367,127065.055,4735.743,97.382,-8.547,44.417,-11.393,210.161,32.378
4.197,2.43,13.668,13.668,87.355,127138.097,4734.168,97.37,-8.544,44.413,-11.397,210.102,32.371
4.197,2.43,13.671,13.671,87.343,127215.999,4732.489,97.357,-8.542,44.408,-11.398,210.037,32.363
4.197,2.43,13.674,13.674,87.331,127294.077,4730.808,97.345,-8.54,44.402,-11.399,209.973,32.356
4.197,2.43,13.677,13.677,87.319,127368.74,4729.202,97.333,-8.537,44.398,-11.401,209.915,32.348
4.197,2.43,13.68,13.68,87.307,127438.867,4727.695,97.323,-8.533,44.395,-11.406,209.866,32.341
4.197,2.43,13.684,13.684,87.294,127505.812,4726.257,97.314,-8.527,44.393,-11.413,209.823,32.334
4.197,2.43,13.687,13.687,87.282,127570.825,4724.862,97.305,-8.52,44.392,-11.42,209.783,32.327
4.197,2.43,13.691,13.691,87.269,127634.957,4723.487,97.296,-8.514,44.391,-11.428,209.745,32.32
4.197,2.43,13.694,13.694,87.256,127699.114,4722.113,97.288,-8.507,44.39,-11.436,209.707,32.313
4.197,2.43,13.698,13.698,87.244,127763.901,4720.726,97.279,-8.5,44.389,-11.444,209.669,32.306
4.197,2.43,13.701,13.701,87.231,127829.194,4719.33,97.27,-8.494,44.388,-11.452,209.63,32.299
4.197,2.43,13.705,13.705,87.219,127894.755,4717.929,97.262,-8.487,44.387,-11.46,209.591,32.292
4.197,2.43,13.708,13.708,87.206,127960.375,4716.528,97.253,-8.481,44.386,-11.468,209.552,32.284
4.197,2.43,13.712,13.712,87.194,128025.867,4715.131,97.244,-8.474,44.385,-11.476,209.514,32.277
4.197,2.43,13.716,13.716,87.181,128091.08,4713.741,97.236,-8.467,44.384,-11.484,209.477,32.27
4.197,2.43,13.719,13.719,87.169,128156.025,4712.357,97.228,-8.46,44.384,-11.492,209.441,32.263
4.197,2.43,13.723,13.723,87.156,128220.804,4710.979,97.22,-8.453,44.383,-11.501,209.405,32.256
4.197,2.43,13.726,13.726,87.144,128285.509,4709.602,97.211,-8.446,44.383,-11.509,209.369,32.249
4.197,2.43,13.73,13.73,87.131,128350.221,4708.227,97.203,-8.439,44.382,-11.518,209.334,32.242
4.197,2.43,13.734,13.734,87.118,128415.011,4706.852,97.195,-8.432,44.382,-11.527,209.299,32.235
4.197,2.43,13.737,13.737,87.106,128479.924,4705.475,97.187,-8.425,44.381,-11.536,209.264,32.228
4.197,2.43,13.741,13.741,87.093,128544.959,4704.096,97.179,-8.417,44.381,-11.545,209.229,32.221
4.197,2.43,13.744,13.744,87.08,128610.107,4702.716,97.171,-8.41,44.38,-11.554,209.194,32.214
4.197,2.43,13.748,13.748,87.068,128675.361,4701.335,97.163,-8.403,44.38,-11.563,209.159,32.207
4.197,2.43,13.752,13.752,87.055,128740.715,4699.953,97.155,-8.396,44.38,-11.572,209.124,32.2
4.197,2.43,13.756,13.756,87.042,128806.163,4698.57,97.147,-8.388,44.379,-11.581,209.089,32.192
4.197,2.43,13.759,13.759,87.03,128871.712,4697.186,97.139,-8.381,44.379,-11.591,209.055,32.185
4.197,2.43,13.763,13.763,87.017,128937.375,4695.801,97.131,-8.373,44.379,-11.6,209.02,32.178
4.197,2.43,13.767,13.767,87.004,129003.162,4694.414,97.123,-8.366,44.378,-11.609,208.986,32.171
4.197,2.43,13.77,13.77,86.991,129069.082,4693.025,97.115,-8.358,44.378,-11.619,208.951,32.164
4.197,2.43,13.774,13.774,86.978,129135.144,4691.635,97.107,-8.351,44.378,-11.628,208.916,32.157
4.197,2.43,13.778,13.778,86.966,129201.353,4690.243,97.099,-8.343,44.378,-11.638,208.882,32.15
4.197,2.43,13.781,13.781,86.953,129267.714,4688.848,97.09,-8.336,44.377,-11.647,208.847,32.142
4.197,2.43,13.785,13.785,86.94,129334.226,4687.452,97.082,-8.328,44.377,-11.657,208.813,32.135
4.197,2.43,13.789,13.789,86.927,129400.891,4686.053,97.074,-8.321,44.377,-11.666,208.778,32.128
4.197,2.43,13.793,13.793,86.914,129467.712,4684.653,97.066,-8.313,44.377,-11.676,208.743,32.121
4.197,2.43,13.796,13.796,86.901,129534.689,4683.25,97.058,-8.306,44.376,-11.686,208.709,32.114
4.197,2.43,13.8,13.8,86.888,129601.825,4681.845,97.05,-8.298,44.376,-11.695,208.674,32.106
4.197,2.43,13.804,13.804,86.875,129669.122,4680.438,97.042,-8.29,44.376,-11.705,208.639,32.099
4.197,2.43,13.808,13.808,86.862,129736.582,4679.029,97.034,-8.283,44.376,-11.715,208.604,32.092
4.197,2.43,13.812,13.812,86.849,129804.207,4677.617,97.026,-8.275,44.375,-11.725,208.57,32.084
4.197,2.43,13.815,13.815,86.836,129871.999,4676.203,97.018,-8.267,44.375,-11.735,208.535,32.077
4.197,2.43,13.819,13.819,86.823,129939.96,4674.787,97.01,-8.26,44.375,-11.745,208.5,32.07
4.197,2.43,13.823,13.823,86.81,130008.09,4673.368,97.002,-8.252,44.375,-11.755,208.465,32.063
4.197,2.43,13.827,13.827,86.797,130076.39,4671.947,96.993,-8.244,44.375,-11.765,208.43,32.055
4.197,2.43,13.831,13.831,86.784,130144.862,4670.523,96.985,-8.237,44.374,-11.775,208.395,32.048
4.197,2.43,13.835,13.835,86.771,130213.506,4669.098,96.977,-8.229,44.374,-11.785,208.36,32.041
4.197,2.43,13.838,13.838,86.758,130282.323,4667.669,96.969,-8.221,44.374,-11.795,208.324,32.033
4.197,2.43,13.842,13.842,86.745,130351.315,4666.239,96.961,-8.213,44.374,-11.805,208.289,32.026
4.197,2.43,13.846,13.846,86.731,130420.482,4664.806,96.953,-8.205,44.374,-11.816,208.254,32.018
4.197,2.43,13.85,13.85,86.718,130489.826,4663.37,96.944,-8.198,44.373,-11.826,208.219,32.011
4.197,2.43,13.854,13.854,86.705,130559.346,4661.932,96.936,-8.19,44.373,-11.836,208.183,32.004
4.197,2.43,13.858,13.858,86.692,130629.044,4660.492,96.928,-8.182,44.373,-11.846,208.148,31.996
4.197,2.43,13.862,13.862,86.678,130698.921,4659.049,96.92,-8.174,44.373,-11.857,208.112,31.989
4.197,2.43,13.866,13.866,86.665,130768.977,4657.603,96.911,-8.166,44.373,-11.867,208.077,31.981
4.197,2.43,13.869,13.869,86.652,130839.212,4656.155,96.903,-8.158,44.372,-11.878,208.041,31.974
4.197,2.43,13.873,13.873,86.638,130909.628,4654.705,96.895,-8.15,44.372,-11.888,208.006,31.966
4.197,2.43,13.877,13.877,86.625,130980.224,4653.252,96.887,-8.143,44.372,-11.899,207.97,31.959
4.197,2.43,13.881,13.881,86.612,131051.003,4651.797,96.878,-8.135,44.372,-11.909,207.934,31.951
4.197,2.43,13.885,13.885,86.598,131121.964,4650.339,96.87,-8.127,44.372,-11.92,207.898,31.944
4.197,2.43,13.889,13.889,86.585,131193.11,4648.878,96.862,-8.119,44.371,-11.931,207.862,31.936
4.197,2.43,13.893,13.893,86.571,131264.44,4647.415,96.853,-8.111,44.371,-11.941,207.827,31.929
4.197,2.43,13.897,13.897,86.558,131335.955,4645.95,96.845,-8.103,44.371,-11.952,207.791,31.921
4.197,2.43,13.901,13.901,86.544,131407.656,4644.482,96.837,-8.095,44.371,-11.963,207.755,31.914
4.197,2.43,13.905,13.905,86.531,131479.54,4643.011,96.828,-8.087,44.371,-11.974,207.718,31.906
4.197,2.43,13.909,13.909,86.517,131551.608,4641.538,96.82,-8.079,44.371,-11.985,207.682,31.899
4.197,2.43,13.913,13.913,86.504,131623.859,4640.063,96.811,-8.071,44.37,-11.996,207.646,31.891
4.197,2.43,13.917,13.917,86.49,131696.293,4638.585,96.803,-8.063,44.37,-12.006,207.61,31.883
4.197,2.43,13.921,13.921,86.477,131768.915,4637.104,96.795,-8.054,44.37,-12.018,207.573,31.876
4.197,2.43,13.925,13.925,86.463,131841.73,4635.621,96.786,-8.046,44.37,-12.029,207.537,31.868
4.197,2.43,13.929,13.929,86.449,131914.743,4634.135,96.778,-8.038,44.37,-12.04,207.501,31.861
4.197,2.43,13.933,13.933,86.436,131987.96,4632.647,96.769,-8.03,44.37,-12.051,207.464,31.853
4.197,2.43,13.937,13.937,86.422,132061.381,4631.155,96.761,-8.022,44.369,-12.062,207.427,31.845
4.197,2.43,13.941,13.941,86.408,132134.993,4629.661,96.752,-8.014,44.369,-12.073,207.391,31.838
4.197,2.43,13.945,13.945,86.395,132208.775,4628.165,96.744,-8.006,44.369,-12.084,207.354,31.83
4.197,2.43,13.949,13.949,86.381,132282.711,4626.667,96.735,-7.997,44.369,-12.096,207.317,31.822
4.197,2.43,13.953,13.953,86.367,132356.784,4625.167,96.727,-7.989,44.369,-12.107,207.28,31.814
4.197,2.43,13.957,13.957,86.353,132430.993,4623.666,96.718,-7.981,44.369,-12.119,207.244,31.807
4.197,2.43,13.962,13.962,86.339,132505.4,4622.163,96.71,-7.973,44.369,-12.13,207.207,31.799
4.197,2.43,13.966,13.966,86.325,132580.081,4620.655,96.701,-7.964,44.368,-12.142,207.17,31.791
4.197,2.43,13.97,13.97,86.312,132655.107,4619.141,96.693,-7.956,44.368,-12.153,207.133,31.783
4.197,2.43,13.974,13.974,86.298,132730.541,4617.621,96.684,-7.948,44.368,-12.165,207.095,31.776
4.197,2.43,13.978,13.978,86.284,132806.37,4616.094,96.675,-7.94,44.368,-12.176,207.057,31.768
4.197,2.43,13.982,13.982,86.27,132882.336,4614.566,96.667,-7.932,44.367,-12.187,207.019,31.76
4.197,2.43,13.986,13.986,86.256,132958.153,4613.042,96.658,-7.923,44.367,-12.199,206.982,31.752
4.197,2.43,13.99,13.99,86.242,133033.56,4611.528,96.65,-7.915,44.367,-12.211,206.945,31.744
4.197,2.43,13.995,13.995,86.228,133108.314,4610.028,96.641,-7.906,44.368,-12.224,206.91,31.737
4.197,2.43,13.999,13.999,86.213,133182.594,4608.539,96.633,-7.897,44.368,-12.237,206.875,31.729
4.197,2.43,14.003,14.003,86.199,133257.468,4607.04,96.625,-7.888,44.368,-12.249,206.84,31.721
4.197,2.43,14.008,14.008,86.185,133334.049,4605.507,96.616,-7.88,44.368,-12.261,206.802,31.713
4.197,2.43,14.012,14.012,86.171,133413.363,4603.922,96.607,-7.872,44.367,-12.272,206.76,31.705
4.197,2.43,14.015,14.015,86.158,133496.256,4602.266,96.597,-7.866,44.366,-12.281,206.714,31.697
4.197,2.43,14.019,14.019,86.144,133581.112,4600.573,96.587,-7.86,44.363,-12.289,206.665,31.689
4.197,2.43,14.023,14.023,86.131,133663.66,4598.928,96.577,-7.853,44.362,-12.298,206.62,31.681
4.197,2.43,14.027,14.027,86.117,133740.057,4597.406,96.569,-7.844,44.362,-12.311,206.585,31.673
4.197,2.43,14.032,14.032,86.102,133806.773,4596.079,96.562,-7.832,44.365,-12.329,206.564,31.665
4.197,2.43,14.038,14.038,86.084,133860.415,4595.012,96.558,-7.815,44.372,-12.355,206.562,31.658
4.197,2.43,14.045,14.045,86.065,133903.099,4594.164,96.556,-7.794,44.381,-12.388,206.575,31.651
4.197,2.43,14.052,14.052,86.046,133941.968,4593.392,96.554,-7.772,44.391,-12.423,206.592,31.644
4.197,2.43,14.059,14.059,86.026,133985.802,4592.522,96.551,-7.751,44.4,-12.456,206.6,31.637
4.197,2.43,14.065,14.065,86.007,134045.348,4591.34,96.544,-7.735,44.405,-12.481,206.583,31.63
4.197,2.43,14.07,14.07,85.991,134126.389,4589.734,96.533,-7.727,44.403,-12.493,206.533,31.621
4.197,2.43,14.074,14.074,85.976,134221.4,4587.852,96.519,-7.723,44.398,-12.498,206.464,31.612
4.197,2.43,14.077,14.077,85.962,134321.245,4585.877,96.505,-7.721,44.392,-12.5,206.389,31.604
4.197,2.43,14.08,14.08,85.949,134418.269,4583.96,96.491,-7.717,44.387,-12.503,206.319,31.595
4.197,2.43,14.084,14.084,85.934,134508.748,4582.174,96.48,-7.712,44.384,-12.51,206.261,31.586
4.197,2.43,14.089,14.089,85.92,134594.603,4580.482,96.469,-7.705,44.382,-12.52,206.21,31.578
4.197,2.43,14.093,14.093,85.905,134678.028,4578.839,96.458,-7.697,44.381,-12.532,206.164,31.57
4.197,2.43,14.097,14.097,85.89,134760.873,4577.208,96.448,-7.689,44.38,-12.543,206.119,31.561
4.197,2.43,14.102,14.102,85.875,134844.547,4575.564,96.438,-7.681,44.379,-12.555,206.073,31.553
4.197,2.43,14.106,14.106,85.86,134929.042,4573.904,96.428,-7.674,44.377,-12.566,206.027,31.545
4.197,2.43,14.11,14.11,85.846,135013.898,4572.239,96.418,-7.666,44.376,-12.577,205.98,31.536
4.197,2.43,14.114,14.114,85.831,135098.71,4570.577,96.408,-7.658,44.375,-12.589,205.934,31.528
4.197,2.43,14.119,14.119,85.816,135183.13,4568.924,96.398,-7.65,44.374,-12.601,205.889,31.52
4.197,2.43,14.123,14.123,85.801,135267.077,4567.282,96.388,-7.642,44.373,-12.613,205.845,31.511
4.197,2.43,14.127,14.127,85.787,135350.724,4565.647,96.379,-7.634,44.372,-12.625,205.802,31.503
4.197,2.43,14.132,14.132,85.772,135434.234,4564.017,96.369,-7.625,44.372,-12.638,205.76,31.495
4.197,2.43,14.136,14.136,85.757,135517.752,4562.388,96.36,-7.617,44.371,-12.651,205.718,31.486
4.197,2.43,14.141,14.141,85.742,135601.385,4560.759,96.35,-7.608,44.371,-12.664,205.676,31.478
4.197,2.43,14.145,14.145,85.727,135685.14,4559.128,96.341,-7.6,44.371,-12.677,205.634,31.47
4.197,2.43,14.15,14.15,85.713,135769.003,4557.497,96.332,-7.591,44.37,-12.69,205.592,31.461
4.197,2.43,14.154,14.154,85.698,135852.959,4555.866,96.322,-7.583,44.37,-12.703,205.551,31.453
4.197,2.43,14.159,14.159,85.683,135936.998,4554.235,96.313,-7.574,44.37,-12.717,205.51,31.445
4.197,2.43,14.163,14.163,85.668,136021.126,4552.604,96.304,-7.565,44.369,-12.73,205.468,31.436
4.197,2.43,14.168,14.168,85.653,136105.364,4550.972,96.294,-7.556,44.369,-12.744,205.427,31.428
4.197,2.43,14.172,14.172,85.638,136189.731,4549.339,96.285,-7.547,44.369,-12.757,205.386,31.419
4.197,2.43,14.177,14.177,85.623,136274.246,4547.706,96.276,-7.538,44.369,-12.771,205.346,31.411
4.197,2.43,14.181,14.181,85.608,136358.922,4546.07,96.266,-7.53,44.368,-12.785,205.305,31.403
4.197,2.43,14.186,14.186,85.593,136443.763,4544.433,96.257,-7.521,44.368,-12.799,205.264,31.394
4.197,2.43,14.19,14.19,85.578,136528.773,4542.794,96.248,-7.512,44.368,-12.813,205.223,31.386
4.197,2.43,14.195,14.195,85.563,136613.956,4541.154,96.239,-7.503,44.368,-12.827,205.182,31.377
4.197,2.43,14.2,14.2,85.548,136699.314,4539.512,96.229,-7.494,44.368,-12.842,205.141,31.369
4.197,2.43,14.204,14.204,85.533,136784.85,4537.868,96.22,-7.485,44.368,-12.856,205.1,31.36
4.197,2.43,14.209,14.209,85.518,136870.568,4536.222,96.211,-7.475,44.368,-12.87,205.059,31.352
4.197,2.43,14.213,14.213,85.502,136956.473,4534.574,96.202,-7.466,44.368,-12.885,205.019,31.343
4.197,2.43,14.218,14.218,85.487,137042.568,4532.924,96.192,-7.457,44.368,-12.899,204.978,31.335
4.197,2.43,14.223,14.223,85.472,137128.855,4531.273,96.183,-7.448,44.367,-12.914,204.937,31.326
4.197,2.43,14.227,14.227,85.457,137215.337,4529.619,96.174,-7.439,44.367,-12.928,204.896,31.318
4.197,2.43,14.232,14.232,85.442,137302.014,4527.963,96.164,-7.43,44.367,-12.943,204.854,31.309
4.197,2.43,14.237,14.237,85.426,137388.887,4526.305,96.155,-7.421,44.367,-12.958,204.813,31.301
4.197,2.43,14.241,14.241,85.411,137475.959,4524.644,96.146,-7.411,44.367,-12.973,204.772,31.292
4.197,2.43,14.246,14.246,85.396,137563.231,4522.982,96.136,-7.402,44.367,-12.988,204.731,31.284
4.197,2.43,14.251,14.251,85.38,137650.702,4521.318,96.127,-7.393,44.367,-13.003,204.69,31.275
4.197,2.43,14.255,14.255,85.365,137738.375,4519.651,96.118,-7.384,44.367,-13.018,204.648,31.266
4.197,2.43,14.26,14.26,85.35,137826.25,4517.982,96.108,-7.374,44.367,-13.033,204.607,31.258
4.197,2.43,14.265,14.265,85.334,137914.328,4516.311,96.099,-7.365,44.367,-13.048,204.565,31.249
4.197,2.43,14.27,14.27,85.319,138002.609,4514.638,96.09,-7.356,44.367,-13.063,204.524,31.241
4.197,2.43,14.274,14.274,85.303,138091.093,4512.963,96.08,-7.346,44.367,-13.079,204.482,31.232
4.197,2.43,14.279,14.279,85.288,138179.781,4511.285,96.071,-7.337,44.367,-13.094,204.441,31.223
4.197,2.43,14.284,14.284,85.272,138268.674,4509.606,96.061,-7.328,44.367,-13.11,204.399,31.215
4.197,2.43,14.289,14.289,85.257,138357.771,4507.924,96.052,-7.318,44.367,-13.125,204.357,31.206
4.197,2.43,14.294,14.294,85.241,138447.072,4506.24,96.042,-7.309,44.367,-13.141,204.315,31.197
4.197,2.43,14.298,14.298,85.226,138536.579,4504.554,96.033,-7.299,44.367,-13.156,204.273,31.189
4.197,2.43,14.303,14.303,85.21,138626.291,4502.866,96.023,-7.29,44.367,-13.172,204.231,31.18
4.197,2.43,14.308,14.308,85.194,138716.207,4501.175,96.014,-7.28,44.367,-13.188,204.189,31.171
4.197,2.43,14.313,14.313,85.179,138806.329,4499.483,96.005,-7.271,44.367,-13.204,204.147,31.162
4.197,2.43,14.318,14.318,85.163,138896.657,4497.788,95.995,-7.261,44.367,-13.22,204.105,31.154
4.197,2.43,14.323,14.323,85.147,138987.189,4496.092,95.985,-7.252,44.367,-13.236,204.063,31.145
4.197,2.43,14.328,14.328,85.132,139077.927,4494.393,95.976,-7.242,44.367,-13.252,204.02,31.136
4.197,2.43,14.332,14.332,85.116,139168.869,4492.692,95.966,-7.233,44.367,-13.268,203.978,31.127
4.197,2.43,14.337,14.337,85.1,139260.017,4490.989,95.957,-7.223,44.367,-13.284,203.936,31.118
4.197,2.43,14.342,14.342,85.084,139351.369,4489.284,95.947,-7.214,44.367,-13.301,203.893,31.11
4.197,2.43,14.347,14.347,85.069,139442.925,4487.577,95.938,-7.204,44.367,-13.317,203.851,31.101
4.197,2.43,14.352,14.352,85.053,139534.687,4485.868,95.928,-7.195,44.367,-13.333,203.808,31.092
4.197,2.43,14.357,14.357,85.037,139626.654,4484.157,95.919,-7.185,44.367,-13.35,203.765,31.083
4.197,2.43,14.362,14.362,85.021,139718.828,4482.444,95.909,-7.175,44.367,-13.367,203.722,31.074
4.197,2.43,14.367,14.367,85.005,139811.206,4480.728,95.899,-7.166,44.367,-13.383,203.68,31.065
4.197,2.43,14.372,14.372,84.989,139903.788,4479.011,95.89,-7.156,44.367,-13.4,203.637,31.056
4.197,2.43,14.377,14.377,84.973,139996.57,4477.292,95.88,-7.146,44.367,-13.417,203.594,31.047
4.197,2.43,14.382,14.382,84.957,140089.55,4475.571,95.87,-7.137,44.367,-13.434,203.551,31.039
4.197,2.43,14.387,14.387,84.941,140182.73,4473.848,95.861,-7.127,44.367,-13.451,203.508,31.03
4.197,2.43,14.392,14.392,84.925,140276.119,4472.123,95.851,-7.117,44.367,-13.468,203.465,31.021
4.197,2.43,14.397,14.397,84.909,140369.726,4470.396,95.841,-7.107,44.367,-13.485,203.421,31.012
4.197,2.43,14.402,14.402,84.893,140463.561,4468.667,95.832,-7.098,44.367,-13.502,203.378,31.003
4.197,2.43,14.407,14.407,84.877,140557.624,4466.935,95.822,-7.088,44.367,-13.519,203.335,30.994
4.197,2.43,14.412,14.412,84.861,140651.886,4465.201,95.812,-7.078,44.367,-13.537,203.291,30.985
4.197,2.43,14.417,14.417,84.845,140746.31,4463.466,95.803,-7.068,44.367,-13.554,203.248,30.976
4.197,2.43,14.422,14.422,84.829,140840.865,4461.731,95.793,-7.058,44.367,-13.572,203.205,30.967
4.197,2.43,14.427,14.427,84.813,140935.544,4459.995,95.783,-7.048,44.367,-13.59,203.161,30.958
4.197,2.43,14.433,14.433,84.796,141030.453,4458.257,95.774,-7.038,44.368,-13.607,203.118,30.949
4.197,2.43,14.438,14.438,84.78,141125.734,4456.514,95.764,-7.028,44.368,-13.625,203.074,30.94
4.197,2.43,14.443,14.443,84.764,141221.512,4454.763,95.754,-7.019,44.368,-13.643,203.03,30.931
4.197,2.43,14.448,14.448,84.748,141317.844,4453.005,95.744,-7.009,44.368,-13.66,202.986,30.922
4.197,2.43,14.453,14.453,84.732,141414.355,4451.245,95.734,-6.999,44.368,-13.678,202.941,30.912
4.197,2.43,14.458,14.458,84.715,141510.517,4449.493,95.724,-6.989,44.368,-13.696,202.897,30.903
4.197,2.43,14.463,14.463,84.699,141605.85,4447.758,95.715,-6.979,44.368,-13.715,202.855,30.894
4.197,2.43,14.469,14.469,84.682,141700.088,4446.045,95.705,-6.968,44.369,-13.735,202.814,30.885
4.197,2.43,14.474,14.474,84.666,141794.559,4444.33,95.696,-6.957,44.369,-13.755,202.773,30.876
4.197,2.43,14.479,14.479,84.649,141891.312,4442.575,95.686,-6.947,44.37,-13.774,202.729,30.867
4.197,2.43,14.484,14.484,84.633,141992.239,4440.746,95.676,-6.938,44.369,-13.79,202.68,30.858
4.197,2.43,14.489,14.489,84.618,142098.386,4438.825,95.664,-6.931,44.367,-13.802,202.624,30.848
4.197,2.43,14.493,14.493,84.602,142204.738,4436.902,95.653,-6.924,44.365,-13.815,202.568,30.839
4.197,2.43,14.499,14.499,84.586,142303.83,4435.113,95.643,-6.914,44.364,-13.833,202.523,30.83
4.197,2.43,14.505,14.505,84.568,142389.037,4433.576,95.636,-6.9,44.368,-13.861,202.498,30.821
4.197,2.43,14.512,14.512,84.548,142454.615,4432.394,95.632,-6.879,44.377,-13.902,202.499,30.813
4.197,2.43,14.521,14.521,84.526,142505.595,4431.476,95.631,-6.853,44.389,-13.954,202.518,30.805
4.197,2.43,14.529,14.529,84.503,142555.159,4430.584,95.629,-6.827,44.401,-14.008,202.537,30.797
4.197,2.43,14.537,14.537,84.481,142619.614,4429.424,95.624,-6.805,44.409,-14.052,202.534,30.789
4.197,2.43,14.544,14.544,84.461,142713.766,4427.732,95.613,-6.793,44.41,-14.076,202.488,30.779
4.197,2.43,14.548,14.548,84.445,142830.25,4425.64,95.598,-6.787,44.406,-14.085,202.412,30.769
4.197,2.43,14.553,14.553,84.429,142954.228,4423.418,95.582,-6.784,44.399,-14.089,202.327,30.759
4.197,2.43,14.557,14.557,84.413,143073.201,4421.287,95.567,-6.779,44.394,-14.097,202.251,30.749
4.197,2.43,14.562,14.562,84.396,143183.598,4419.313,95.555,-6.772,44.391,-14.11,202.188,30.739
4.197,2.43,14.567,14.567,84.379,143289.091,4417.429,95.543,-6.763,44.39,-14.127,202.133,30.73
4.197,2.43,14.573,14.573,84.362,143393.013,4415.575,95.531,-6.754,44.389,-14.145,202.08,30.72
4.197,2.43,14.578,14.578,84.345,143497.951,4413.705,95.52,-6.744,44.388,-14.163,202.027,30.711
4.197,2.43,14.583,14.583,84.328,143604.061,4411.816,95.509,-6.735,44.387,-14.181,201.973,30.701
4.197,2.43,14.588,14.588,84.311,143710.556,4409.923,95.497,-6.726,44.385,-14.198,201.918,30.692
4.197,2.43,14.594,14.594,84.294,143816.742,4408.037,95.486,-6.717,44.384,-14.215,201.865,30.682
4.197,2.43,14.599,14.599,84.277,143922.19,4406.166,95.475,-6.708,44.384,-14.234,201.814,30.673
4.197,2.43,14.604,14.604,84.26,144027.086,4404.308,95.464,-6.698,44.383,-14.253,201.764,30.663
4.197,2.43,14.61,14.61,84.243,144131.708,4402.456,95.453,-6.688,44.383,-14.272,201.714,30.654
4.197,2.43,14.615,14.615,84.226,144236.299,4400.608,95.443,-6.678,44.382,-14.292,201.665,30.644
4.197,2.43,14.621,14.621,84.209,144340.997,4398.759,95.432,-6.668,44.382,-14.311,201.617,30.635
4.197,2.43,14.626,14.626,84.192,144445.791,4396.911,95.421,-6.658,44.382,-14.331,201.568,30.625
4.197,2.43,14.631,14.631,84.175,144550.657,4395.064,95.411,-6.648,44.381,-14.352,201.52,30.615
4.197,2.43,14.637,14.637,84.158,144655.574,4393.218,95.401,-6.638,44.381,-14.372,201.472,30.606
4.197,2.43,14.642,14.642,84.141,144760.551,4391.372,95.39,-6.628,44.381,-14.393,201.425,30.596
4.197,2.43,14.648,14.648,84.124,144865.627,4389.528,95.38,-6.617,44.381,-14.414,201.378,30.587
4.197,2.43,14.653,14.653,84.107,144970.834,4387.683,95.37,-6.607,44.381,-14.435,201.331,30.577
4.197,2.43,14.659,14.659,84.09,145076.204,4385.837,95.359,-6.597,44.381,-14.456,201.284,30.568
4.197,2.43,14.664,14.664,84.073,145181.752,4383.991,95.349,-6.586,44.381,-14.477,201.237,30.558
4.197,2.43,14.67,14.67,84.056,145287.487,4382.143,95.339,-6.576,44.382,-14.499,201.191,30.549
4.197,2.43,14.675,14.675,84.039,145393.417,4380.294,95.329,-6.565,44.382,-14.521,201.144,30.539
4.197,2.43,14.681,14.681,84.022,145499.55,4378.444,95.318,-6.554,44.382,-14.542,201.098,30.53
4.197,2.43,14.686,14.686,84.005,145605.895,4376.592,95.308,-6.544,44.382,-14.564,201.051,30.52
4.197,2.43,14.692,14.692,83.987,145712.46,4374.738,95.298,-6.533,44.382,-14.587,201.005,30.51
4.197,2.43,14.697,14.697,83.97,145819.253,4372.883,95.288,-6.523,44.383,-14.609,200.959,30.501
4.197,2.43,14.703,14.703,83.953,145926.279,4371.025,95.277,-6.512,44.383,-14.631,200.912,30.491
4.197,2.43,14.709,14.709,83.936,146033.544,4369.166,95.267,-6.501,44.383,-14.654,200.866,30.481
4.197,2.43,14.714,14.714,83.919,146141.05,4367.304,95.257,-6.491,44.383,-14.676,200.819,30.472
4.197,2.43,14.72,14.72,83.901,146248.801,4365.441,95.247,-6.48,44.384,-14.699,200.773,30.462
4.197,2.43,14.725,14.725,83.884,146356.798,4363.575,95.237,-6.469,44.384,-14.722,200.727,30.453
4.197,2.43,14.731,14.731,83.867,146465.045,4361.708,95.226,-6.458,44.384,-14.745,200.68,30.443
4.197,2.43,14.737,14.737,83.849,146573.541,4359.838,95.216,-6.448,44.384,-14.768,200.633,30.433
4.197,2.43,14.742,14.742,83.832,146682.29,4357.966,95.206,-6.437,44.385,-14.791,200.587,30.423
4.197,2.43,14.748,14.748,83.815,146791.291,4356.092,95.196,-6.426,44.385,-14.814,200.54,30.414
4.197,2.43,14.754,14.754,83.797,146900.546,4354.216,95.185,-6.415,44.385,-14.838,200.494,30.404
4.197,2.43,14.759,14.759,83.78,147010.053,4352.337,95.175,-6.404,44.385,-14.861,200.447,30.394
4.197,2.43,14.765,14.765,83.762,147119.814,4350.457,95.165,-6.393,44.386,-14.885,200.4,30.385
4.197,2.43,14.771,14.771,83.745,147229.828,4348.574,95.155,-6.383,44.386,-14.908,200.353,30.375
4.197,2.43,14.776,14.776,83.728,147340.095,4346.689,95.144,-6.372,44.386,-14.932,200.306,30.365
4.197,2.43,14.782,14.782,83.71,147450.614,4344.802,95.134,-6.361,44.387,-14.956,200.259,30.355
4.197,2.43,14.788,14.788,83.693,147561.385,4342.914,95.124,-6.35,44.387,-14.98,200.212,30.345
4.197,2.43,14.793,14.793,83.675,147672.407,4341.023,95.113,-6.339,44.387,-15.004,200.165,30.336
4.197,2.43,14.799,14.799,83.658,147783.678,4339.13,95.103,-6.328,44.387,-15.029,200.118,30.326
4.197,2.43,14.805,14.805,83.64,147895.199,4337.235,95.093,-6.317,44.388,-15.053,200.071,30.316
4.197,2.43,14.811,14.811,83.622,148006.967,4335.338,95.082,-6.306,44.388,-15.077,200.023,30.306
4.197,2.43,14.816,14.816,83.605,148118.982,4333.439,95.072,-6.295,44.388,-15.102,199.976,30.296
4.197,2.43,14.822,14.822,83.587,148231.242,4331.539,95.062,-6.284,44.389,-15.127,199.928,30.287
4.197,2.43,14.828,14.828,83.57,148343.746,4329.636,95.051,-6.273,44.389,-15.151,199.881,30.277
4.197,2.43,14.834,14.834,83.552,148456.493,4327.732,95.041,-6.262,44.389,-15.176,199.833,30.267
4.197,2.43,14.839,14.839,83.534,148569.481,4325.826,95.03,-6.251,44.389,-15.201,199.786,30.257
4.197,2.43,14.845,14.845,83.517,148682.709,4323.918,95.02,-6.24,44.39,-15.226,199.738,30.247
4.197,2.43,14.851,14.851,83.499,148796.175,4322.008,95.01,-6.229,44.39,-15.252,199.69,30.237
4.197,2.43,14.857,14.857,83.481,148909.878,4320.097,94.999,-6.218,44.39,-15.277,199.642,30.227
4.197,2.43,14.863,14.863,83.464,149023.816,4318.184,94.989,-6.207,44.391,-15.302,199.594,30.217
4.197,2.43,14.869,14.869,83.446,149137.987,4316.27,94.978,-6.196,44.391,-15.328,199.546,30.208
4.197,2.43,14.874,14.874,83.428,149252.39,4314.354,94.968,-6.185,44.391,-15.354,199.498,30.198
4.197,2.43,14.88,14.88,83.41,149367.023,4312.436,94.957,-6.174,44.392,-15.38,199.45,30.188
4.197,2.43,14.886,14.886,83.393,149481.885,4310.517,94.947,-6.163,44.392,-15.405,199.402,30.178
4.197,2.43,14.892,14.892,83.375,149596.972,4308.596,94.936,-6.152,44.392,-15.431,199.353,30.168
4.197,2.43,14.898,14.898,83.357,149712.285,4306.675,94.926,-6.141,44.392,-15.458,199.305,30.158
4.197,2.43,14.904,14.904,83.339,149827.821,4304.751,94.915,-6.13,44.393,-15.484,199.257,30.148
4.197,2.43,14.91,14.91,83.321,149943.577,4302.827,94.905,-6.119,44.393,-15.51,199.208,30.138
4.197,2.43,14.916,14.916,83.304,150059.554,4300.901,94.894,-6.108,44.393,-15.537,199.16,30.128
4.197,2.43,14.921,14.921,83.286,150175.747,4298.973,94.884,-6.097,44.394,-15.563,199.111,30.118
4.197,2.43,14.927,14.927,83.268,150292.156,4297.045,94.873,-6.085,44.394,-15.59,199.062,30.108
4.197,2.43,14.933,14.933,83.25,150408.778,4295.115,94.863,-6.074,44.394,-15.617,199.014,30.098
4.197,2.43,14.939,14.939,83.232,150525.612,4293.185,94.852,-6.063,44.394,-15.644,198.965,30.088
4.197,2.43,14.945,14.945,83.214,150642.657,4291.253,94.842,-6.052,44.395,-15.671,198.916,30.078
4.197,2.43,14.951,14.951,83.196,150759.909,4289.32,94.831,-6.041,44.395,-15.698,198.867,30.068
4.197,2.43,14.957,14.957,83.178,150877.366,4287.386,94.82,-6.03,44.395,-15.726,198.818,30.058
4.197,2.43,14.963,14.963,83.16,150995.028,4285.451,94.81,-6.019,44.396,-15.753,198.769,30.048
4.197,2.43,14.969,14.969,83.142,151112.89,4283.516,94.799,-6.007,44.396,-15.781,198.72,30.038
4.197,2.43,14.975,14.975,83.124,151230.952,4281.579,94.789,-5.996,44.396,-15.808,198.671,30.028
4.197,2.43,14.981,14.981,83.106,151349.212,4279.641,94.778,-5.985,44.397,-15.836,198.621,30.018
4.197,2.43,14.987,14.987,83.088,151467.67,4277.703,94.767,-5.974,44.397,-15.864,198.572,30.008
4.197,2.43,14.993,14.993,83.07,151586.324,4275.764,94.757,-5.962,44.397,-15.892,198.523,29.998
4.197,2.43,14.999,14.999,83.052,151705.171,4273.824,94.746,-5.951,44.397,-15.92,198.473,29.987
4.197,2.43,15.005,15.005,83.034,151824.207,4271.883,94.736,-5.94,44.398,-15.949,198.424,29.977
4.197,2.43,15.011,15.011,83.016,151943.426,4269.942,94.725,-5.929,44.398,-15.977,198.374,29.967
4.197,2.43,15.017,15.017,82.998,152062.827,4268.0,94.714,-5.917,44.398,-16.006,198.325,29.957
4.197,2.43,15.023,15.023,82.98,152182.423,4266.058,94.704,-5.906,44.399,-16.035,198.275,29.947
4.197,2.43,15.029,15.029,82.962,152302.231,4264.114,94.693,-5.895,44.399,-16.064,198.226,29.937
4.197,2.43,15.036,15.036,82.944,152422.266,4262.17,94.682,-5.883,44.399,-16.093,198.176,29.927
4.197,2.43,15.042,15.042,82.926,152542.504,4260.224,94.672,-5.872,44.4,-16.122,198.126,29.917
4.197,2.43,15.048,15.048,82.908,152662.883,4258.278,94.661,-5.861,44.4,-16.151,198.077,29.907
4.197,2.43,15.054,15.054,82.89,152783.343,4256.334,94.65,-5.849,44.401,-16.181,198.027,29.897
4.197,2.43,15.06,15.06,82.871,152903.872,4254.391,94.64,-5.838,44.401,-16.211,197.978,29.886
4.197,2.43,15.066,15.066,82.853,153024.665,4252.446,94.629,-5.827,44.401,-16.241,197.928,29.876
4.197,2.43,15.072,15.072,82.835,153145.963,4250.495,94.619,-5.815,44.402,-16.271,197.878,29.866
4.197,2.43,15.078,15.078,82.817,153267.965,4248.536,94.608,-5.804,44.402,-16.3,197.827,29.856
4.197,2.43,15.085,15.085,82.799,153390.322,4246.573,94.597,-5.793,44.402,-16.33,197.777,29.846
4.197,2.43,15.091,15.091,82.781,153512.125,4244.622,94.586,-5.781,44.403,-16.36,197.727,29.836
4.197,2.43,15.097,15.097,82.762,153632.519,4242.696,94.576,-5.77,44.403,-16.392,197.679,29.825
4.197,2.43,15.103,15.103,82.744,153751.428,4240.795,94.566,-5.757,44.404,-16.426,197.633,29.815
4.197,2.43,15.11,15.11,82.725,153871.737,4238.875,94.556,-5.745,44.405,-16.459,197.586,29.805
4.197,2.43,15.116,15.116,82.707,153996.882,4236.88,94.545,-5.734,44.405,-16.488,197.532,29.795
4.197,2.43,15.121,15.121,82.69,154129.536,4234.768,94.532,-5.726,44.403,-16.51,197.47,29.785
4.197,2.43,15.127,15.127,82.673,154263.644,4232.636,94.52,-5.718,44.401,-16.531,197.406,29.774
4.197,2.43,15.133,15.133,82.655,154386.493,4230.685,94.509,-5.706,44.402,-16.563,197.357,29.764
4.197,2.43,15.141,15.141,82.634,154486.577,4229.098,94.503,-5.688,44.408,-16.616,197.337,29.754
4.197,2.43,15.15,15.15,82.611,154558.489,4227.959,94.501,-5.661,44.42,-16.695,197.352,29.746
4.197,2.43,15.161,15.161,82.585,154618.719,4227.005,94.501,-5.63,44.436,-16.786,197.379,29.737
4.197,2.43,15.171,15.171,82.56,154691.779,4225.849,94.498,-5.602,44.448,-16.868,197.387,29.728
4.197,2.43,15.179,15.179,82.538,154803.322,4224.085,94.488,-5.586,44.451,-16.915,197.346,29.718
4.197,2.43,15.184,15.184,82.52,154947.288,4221.812,94.472,-5.58,44.446,-16.931,197.263,29.707
4.197,2.43,15.189,15.189,82.503,155100.683,4219.394,94.455,-5.576,44.439,-16.939,197.17,29.696
4.197,2.43,15.195,15.195,82.485,155245.085,4217.121,94.439,-5.57,44.435,-16.956,197.091,29.685
4.197,2.43,15.201,15.201,82.466,155379.328,4215.011,94.426,-5.56,44.433,-16.982,197.025,29.674
4.197,2.43,15.207,15.207,82.447,155509.228,4212.972,94.414,-5.55,44.432,-17.012,196.965,29.664
4.197,2.43,15.213,15.213,82.428,155639.579,4210.928,94.402,-5.539,44.431,-17.042,196.906,29.653
4.197,2.43,15.219,15.219,82.41,155771.71,4208.86,94.389,-5.529,44.43,-17.071,196.844,29.643
4.197,2.43,15.226,15.226,82.391,155904.38,4206.785,94.377,-5.519,44.429,-17.099,196.783,29.632
4.197,2.43,15.232,15.232,82.373,156036.436,4204.724,94.365,-5.509,44.428,-17.129,196.723,29.622
4.197,2.43,15.238,15.238,82.354,156167.383,4202.682,94.353,-5.499,44.427,-17.16,196.666,29.611
4.197,2.43,15.244,15.244,82.336,156297.603,4200.654,94.341,-5.488,44.427,-17.191,196.609,29.601
4.197,2.43,15.25,15.25,82.317,156427.506,4198.633,94.33,-5.477,44.426,-17.224,196.554,29.591
4.197,2.43,15.257,15.257,82.299,156557.386,4196.616,94.318,-5.466,44.426,-17.256,196.499,29.58
4.197,2.43,15.263,15.263,82.28,156687.259,4194.602,94.307,-5.455,44.426,-17.289,196.444,29.57
4.197,2.43,15.269,15.269,82.262,156817.082,4192.591,94.295,-5.443,44.426,-17.323,196.39,29.559
4.197,2.43,15.276,15.276,82.243,156946.821,4190.583,94.284,-5.432,44.426,-17.357,196.337,29.549
4.197,2.43,15.282,15.282,82.225,157076.505,4188.58,94.273,-5.421,44.426,-17.391,196.283,29.539
4.197,2.43,15.288,15.288,82.206,157206.191,4186.579,94.262,-5.409,44.426,-17.426,196.231,29.528
4.197,2.43,15.295,15.295,82.188,157335.929,4184.579,94.251,-5.398,44.427,-17.461,196.178,29.518
4.197,2.43,15.301,15.301,82.169,157465.756,4182.581,94.24,-5.386,44.427,-17.496,196.126,29.508
4.197,2.43,15.308,15.308,82.151,157595.687,4180.584,94.229,-5.375,44.427,-17.532,196.074,29.497
4.197,2.43,15.314,15.314,82.132,157725.735,4178.588,94.219,-5.363,44.428,-17.568,196.023,29.487
4.197,2.43,15.32,15.32,82.114,157855.914,4176.592,94.208,-5.351,44.428,-17.605,195.971,29.476
4.197,2.43,15.327,15.327,82.095,157986.237,4174.597,94.197,-5.34,44.429,-17.641,195.92,29.466
4.197,2.43,15.333,15.333,82.076,158116.72,4172.602,94.186,-5.328,44.429,-17.678,195.868,29.456
4.197,2.43,15.34,15.34,82.058,158247.375,4170.606,94.175,-5.316,44.43,-17.715,195.817,29.445
4.197,2.43,15.346,15.346,82.039,158378.211,4168.611,94.165,-5.304,44.43,-17.752,195.766,29.435
4.197,2.43,15.353,15.353,82.021,158509.235,4166.615,94.154,-5.293,44.431,-17.79,195.715,29.425
4.197,2.43,15.359,15.359,82.002,158640.454,4164.619,94.143,-5.281,44.431,-17.828,195.664,29.414
4.197,2.43,15.366,15.366,81.983,158771.873,4162.623,94.133,-5.269,44.432,-17.866,195.613,29.404
4.197,2.43,15.372,15.372,81.965,158903.498,4160.626,94.122,-5.257,44.432,-17.904,195.562,29.393
4.197,2.43,15.378,15.378,81.946,159035.332,4158.629,94.111,-5.245,44.433,-17.943,195.511,29.383
4.197,2.43,15.385,15.385,81.928,159167.379,4156.631,94.1,-5.233,44.434,-17.981,195.46,29.373
4.197,2.43,15.391,15.391,81.909,159299.642,4154.632,94.09,-5.221,44.434,-18.02,195.409,29.362
4.197,2.43,15.398,15.398,81.89,159432.124,4152.632,94.079,-5.209,44.435,-18.059,195.358,29.352
4.197,2.43,15.404,15.404,81.872,159564.825,4150.632,94.068,-5.198,44.435,-18.099,195.307,29.341
4.197,2.43,15.411,15.411,81.853,159697.748,4148.632,94.058,-5.186,44.436,-18.138,195.256,29.331
4.197,2.43,15.418,15.418,81.834,159830.894,4146.63,94.047,-5.174,44.437,-18.178,195.205,29.32
4.197,2.43,15.424,15.424,81.816,159964.263,4144.628,94.036,-5.162,44.437,-18.218,195.154,29.31
4.197,2.43,15.431,15.431,81.797,160097.856,4142.625,94.026,-5.15,44.438,-18.258,195.103,29.3
4.197,2.43,15.437,15.437,81.778,160231.674,4140.621,94.015,-5.138,44.439,-18.299,195.052,29.289
4.197,2.43,15.444,15.444,81.76,160365.716,4138.617,94.004,-5.126,44.439,-18.339,195.001,29.279
4.197,2.43,15.45,15.45,81.741,160499.982,4136.612,93.994,-5.114,44.44,-18.38,194.95,29.268
4.197,2.43,15.457,15.457,81.722,160634.473,4134.606,93.983,-5.102,44.441,-18.421,194.899,29.258
4.197,2.43,15.463,15.463,81.704,160769.187,4132.599,93.972,-5.09,44.441,-18.463,194.848,29.247
4.197,2.43,15.47,15.47,81.685,160904.125,4130.592,93.962,-5.078,44.442,-18.504,194.797,29.237
4.197,2.43,15.477,15.477,81.666,161039.285,4128.584,93.951,-5.066,44.443,-18.546,194.746,29.227
4.197,2.43,15.483,15.483,81.648,161174.668,4126.576,93.94,-5.054,44.443,-18.588,194.695,29.216
4.197,2.43,15.49,15.49,81.629,161310.271,4124.567,93.93,-5.042,44.444,-18.63,194.644,29.206
4.197,2.43,15.496,15.496,81.61,161446.095,4122.557,93.919,-5.03,44.445,-18.672,194.592,29.195
4.197,2.43,15.503,15.503,81.591,161582.139,4120.547,93.908,-5.018,44.445,-18.715,194.541,29.185
4.197,2.43,15.509,15.509,81.573,161718.401,4118.536,93.898,-5.006,44.446,-18.758,194.49,29.174
4.197,2.43,15.516,15.516,81.554,161854.88,4116.525,93.887,-4.994,44.447,-18.801,194.439,29.164
4.197,2.43,15.523,15.523,81.535,161991.576,4114.513,93.876,-4.982,44.447,-18.844,194.387,29.153
4.197,2.43,15.529,15.529,81.516,162128.487,4112.501,93.865,-4.97,44.448,-18.888,194.336,29.143
4.197,2.43,15.536,15.536,81.498,162265.612,4110.488,93.855,-4.958,44.449,-18.931,194.284,29.132
4.197,2.43,15.543,15.543,81.479,162402.949,4108.475,93.844,-4.946,44.449,-18.975,194.233,29.122
4.197,2.43,15.549,15.549,81.46,162540.499,4106.462,93.833,-4.934,44.45,-19.02,194.182,29.111
4.197,2.43,15.556,15.556,81.441,162678.258,4104.448,93.823,-4.921,44.451,-19.064,194.13,29.101
4.197,2.43,15.563,15.563,81.423,162816.227,4102.433,93.812,-4.909,44.451,-19.109,194.079,29.09
4.197,2.43,15.569,15.569,81.404,162954.404,4100.419,93.801,-4.897,44.452,-19.153,194.027,29.08
4.197,2.43,15.576,15.576,81.385,163092.787,4098.404,93.791,-4.885,44.453,-19.199,193.976,29.069
4.197,2.43,15.582,15.582,81.366,163231.375,4096.388,93.78,-4.873,44.453,-19.244,193.924,29.059
4.197,2.43,15.589,15.589,81.348,163370.167,4094.373,93.769,-4.861,44.454,-19.29,193.872,29.048
4.197,2.43,15.596,15.596,81.329,163509.162,4092.357,93.759,-4.849,44.455,-19.335,193.821,29.038
4.197,2.43,15.603,15.603,81.31,163648.357,4090.341,93.748,-4.837,44.455,-19.381,193.769,29.027
4.197,2.43,15.609,15.609,81.291,163787.752,4088.325,93.737,-4.825,44.456,-19.428,193.717,29.017
4.197,2.43,15.616,15.616,81.273,163927.346,4086.309,93.727,-4.813,44.457,-19.474,193.666,29.006
4.197,2.43,15.623,15.623,81.254,164067.136,4084.293,93.716,-4.801,44.458,-19.521,193.614,28.996
4.197,2.43,15.629,15.629,81.235,164207.122,4082.276,93.705,-4.789,44.458,-19.568,193.562,28.985
4.197,2.43,15.636,15.636,81.216,164347.302,4080.259,93.695,-4.777,44.459,-19.616,193.51,28.975
4.197,2.43,15.643,15.643,81.197,164487.675,4078.243,93.684,-4.764,44.46,-19.663,193.459,28.964
4.197,2.43,15.649,15.649,81.179,164628.24,4076.226,93.673,-4.752,44.46,-19.711,193.407,28.954
4.197,2.43,15.656,15.656,81.16,164768.995,4074.209,93.663,-4.74,44.461,-19.759,193.355,28.943
4.197,2.43,15.663,15.663,81.141,164909.938,4072.193,93.652,-4.728,44.462,-19.808,193.303,28.933
4.197,2.43,15.67,15.67,81.122,165051.07,4070.176,93.641,-4.716,44.463,-19.856,193.251,28.922
4.197,2.43,15.676,15.676,81.103,165192.388,4068.16,93.631,-4.704,44.463,-19.905,193.199,28.912
4.197,2.43,15.683,15.683,81.085,165333.891,4066.143,93.62,-4.692,44.464,-19.954,193.147,28.901
4.197,2.43,15.69,15.69,81.066,165475.578,4064.127,93.609,-4.68,44.465,-20.004,193.095,28.891
4.197,2.43,15.697,15.697,81.047,165617.448,4062.111,93.598,-4.667,44.466,-20.053,193.043,28.88
4.197,2.43,15.703,15.703,81.028,165759.5,4060.094,93.588,-4.655,44.466,-20.103,192.991,28.87
4.197,2.43,15.71,15.71,81.009,165901.732,4058.079,93.577,-4.643,44.467,-20.154,192.939,28.859
4.197,2.43,15.717,15.717,80.991,166044.143,4056.063,93.567,-4.631,44.468,-20.204,192.887,28.849
4.197,2.43,15.724,15.724,80.972,166186.732,4054.047,93.556,-4.619,44.468,-20.255,192.835,28.838
4.197,2.43,15.73,15.73,80.953,166329.497,4052.032,93.545,-4.607,44.469,-20.306,192.783,28.828
4.197,2.43,15.737,15.737,80.934,166472.438,4050.017,93.535,-4.595,44.47,-20.358,192.731,28.817
4.197,2.43,15.744,15.744,80.915,166615.554,4048.002,93.524,-4.582,44.471,-20.409,192.679,28.807
4.197,2.43,15.751,15.751,80.897,166758.843,4045.988,93.513,-4.57,44.471,-20.461,192.627,28.796
4.197,2.43,15.758,15.758,80.878,166902.303,4043.974,93.503,-4.558,44.472,-20.513,192.575,28.786
4.197,2.43,15.765,15.765,80.859,167045.935,4041.96,93.492,-4.546,44.473,-20.566,192.523,28.775
4.197,2.43,15.771,15.771,80.84,167189.735,4039.947,93.481,-4.534,44.474,-20.619,192.471,28.765
4.197,2.43,15.778,15.778,80.821,167333.705,4037.933,93.471,-4.522,44.475,-20.672,192.419,28.754
4.197,2.43,15.785,15.785,80.803,167477.841,4035.921,93.46,-4.509,44.475,-20.726,192.367,28.744
4.197,2.43,15.792,15.792,80.784,167622.143,4033.909,93.449,-4.497,44.476,-20.779,192.315,28.733
4.197,2.43,15.799,15.799,80.765,167766.61,4031.897,93.439,-4.485,44.477,-20.833,192.262,28.723
4.197,2.43,15.805,15.805,80.746,167911.241,4029.886,93.428,-4.473,44.478,-20.888,192.21,28.712
4.197,2.43,15.812,15.812,80.727,168056.034,4027.875,93.418,-4.461,44.478,-20.942,192.158,28.702
4.197,2.43,15.819,15.819,80.708,168200.989,4025.864,93.407,-4.448,44.479,-20.997,192.106,28.691
4.197,2.43,15.826,15.826,80.69,168346.103,4023.855,93.396,-4.436,44.48,-21.053,192.054,28.681
4.197,2.43,15.833,15.833,80.671,168491.376,4021.845,93.386,-4.424,44.481,-21.108,192.002,28.67
4.197,2.43,15.84,15.84,80.652,168636.807,4019.837,93.375,-4.412,44.482,-21.164,191.949,28.66
4.197,2.43,15.847,15.847,80.633,168782.394,4017.828,93.365,-4.4,44.482,-21.221,191.897,28.649
4.197,2.43,15.854,15.854,80.614,168928.137,4015.821,93.354,-4.387,44.483,-21.277,191.845,28.639
4.197,2.43,15.86,15.86,80.596,169074.033,4013.814,93.343,-4.375,44.484,-21.334,191.793,28.628
4.197,2.43,15.867,15.867,80.577,169220.083,4011.808,93.333,-4.363,44.485,-21.392,191.74,28.618
4.197,2.43,15.874,15.874,80.558,169366.284,4009.802,93.322,-4.351,44.486,-21.449,191.688,28.607
4.197,2.43,15.881,15.881,80.539,169512.636,4007.797,93.312,-4.339,44.487,-21.507,191.636,28.597
4.197,2.43,15.888,15.888,80.521,169659.137,4005.793,93.301,-4.326,44.487,-21.566,191.584,28.586
4.197,2.43,15.895,15.895,80.502,169805.787,4003.789,93.291,-4.314,44.488,-21.624,191.531,28.576
4.197,2.43,15.902,15.902,80.483,169952.583,4001.786,93.28,-4.302,44.489,-21.683,191.479,28.565
4.197,2.43,15.909,15.909,80.464,170099.525,3999.784,93.27,-4.29,44.49,-21.743,191.427,28.555
4.197,2.43,15.916,15.916,80.445,170246.612,3997.783,93.259,-4.277,44.491,-21.802,191.375,28.544
4.197,2.43,15.923,15.923,80.427,170393.842,3995.782,93.248,-4.265,44.492,-21.862,191.322,28.534
4.197,2.43,15.93,15.93,80.408,170541.215,3993.782,93.238,-4.253,44.492,-21.923,191.27,28.523
4.197,2.43,15.936,15.936,80.389,170688.729,3991.783,93.227,-4.241,44.493,-21.984,191.218,28.513
4.197,2.43,15.943,15.943,80.37,170836.382,3989.785,93.217,-4.229,44.494,-22.045,191.166,28.502
4.197,2.43,15.95,15.95,80.352,170984.175,3987.788,93.206,-4.216,44.495,-22.106,191.113,28.492
4.197,2.43,15.957,15.957,80.333,171132.107,3985.792,93.196,-4.204,44.496,-22.168,191.061,28.482
4.197,2.43,15.964,15.964,80.314,171280.177,3983.796,93.185,-4.192,44.497,-22.231,191.009,28.471
4.197,2.43,15.971,15.971,80.295,171428.386,3981.801,93.175,-4.18,44.498,-22.293,190.956,28.461
4.197,2.43,15.978,15.978,80.276,171576.733,3979.808,93.164,-4.167,44.499,-22.356,190.904,28.45
4.197,2.43,15.985,15.985,80.258,171725.218,3977.815,93.154,-4.155,44.5,-22.42,190.852,28.44
4.197,2.43,15.992,15.992,80.239,171873.843,3975.822,93.144,-4.143,44.5,-22.484,190.8,28.429
4.197,2.43,15.999,15.999,80.22,172022.606,3973.831,93.133,-4.13,44.501,-22.548,190.748,28.419
4.197,2.43,16.006,16.006,80.201,172171.51,3971.841,93.123,-4.118,44.502,-22.613,190.696,28.408
4.197,2.43,16.013,16.013,80.183,172320.554,3969.851,93.112,-4.106,44.503,-22.678,190.643,28.398
4.197,2.43,16.02,16.02,80.164,172469.739,3967.862,93.102,-4.094,44.504,-22.744,190.591,28.387
4.197,2.43,16.027,16.027,80.145,172619.066,3965.875,93.091,-4.081,44.505,-22.81,190.539,28.377
4.197,2.43,16.034,16.034,80.126,172768.535,3963.887,93.081,-4.069,44.506,-22.876,190.487,28.367
4.197,2.43,16.041,16.041,80.108,172918.148,3961.901,93.071,-4.057,44.507,-22.943,190.435,28.356
4.197,2.43,16.048,16.048,80.089,173067.905,3959.916,93.06,-4.044,44.508,-23.01,190.383,28.346
4.197,2.43,16.055,16.055,80.07,173217.808,3957.931,93.05,-4.032,44.509,-23.078,190.331,28.335
4.197,2.43,16.062,16.062,80.052,173367.857,3955.947,93.039,-4.02,44.51,-23.146,190.279,28.325
4.197,2.43,16.069,16.069,80.033,173518.053,3953.964,93.029,-4.007,44.511,-23.215,190.227,28.314
4.197,2.43,16.076,16.076,80.014,173668.397,3951.982,93.019,-3.995,44.512,-23.284,190.175,28.304
4.197,2.43,16.083,16.083,79.995,173818.891,3950.0,93.008,-3.983,44.513,-23.353,190.123,28.294
4.197,2.43,16.09,16.09,79.977,173969.535,3948.019,92.998,-3.97,44.514,-23.424,190.071,28.283
4.197,2.43,16.098,16.098,79.958,174120.33,3946.039,92.988,-3.958,44.515,-23.494,190.019,28.273
4.197,2.43,16.105,16.105,79.939,174271.278,3944.059,92.977,-3.946,44.516,-23.565,189.968,28.262
4.197,2.43,16.112,16.112,79.921,174422.38,3942.08,92.967,-3.933,44.517,-23.636,189.916,28.252
4.197,2.43,16.119,16.119,79.902,174573.636,3940.102,92.957,-3.921,44.518,-23.708,189.864,28.242
4.197,2.43,16.126,16.126,79.883,174725.048,3938.125,92.947,-3.908,44.519,-23.781,189.812,28.231
4.197,2.43,16.133,16.133,79.865,174876.617,3936.148,92.936,-3.896,44.52,-23.854,189.761,28.221
4.197,2.43,16.14,16.14,79.846,175028.345,3934.172,92.926,-3.884,44.521,-23.927,189.709,28.21
4.197,2.43,16.147,16.147,79.827,175180.231,3932.196,92.916,-3.871,44.522,-24.001,189.657,28.2
4.197,2.43,16.154,16.154,79.809,175332.278,3930.222,92.905,-3.859,44.523,-24.075,189.605,28.19
4.197,2.43,16.161,16.161,79.79,175484.487,3928.247,92.895,-3.847,44.524,-24.15,189.554,28.179
4.197,2.43,16.168,16.168,79.771,175636.858,3926.274,92.885,-3.834,44.525,-24.226,189.502,28.169
4.197,2.43,16.175,16.175,79.753,175789.394,3924.301,92.875,-3.822,44.527,-24.301,189.451,28.158
4.197,2.43,16.182,16.182,79.734,175942.095,3922.328,92.865,-3.809,44.528,-24.378,189.399,28.148
4.197,2.43,16.189,16.189,79.715,176094.961,3920.356,92.854,-3.797,44.529,-24.455,189.347,28.138
4.197,2.43,16.197,16.197,79.697,176247.996,3918.385,92.844,-3.785,44.53,-24.532,189.296,28.127
4.197,2.43,16.204,16.204,79.678,176401.199,3916.414,92.834,-3.772,44.531,-24.61,189.244,28.117
4.197,2.43,16.211,16.211,79.659,176554.572,3914.443,92.824,-3.76,44.532,-24.689,189.193,28.106
4.197,2.43,16.218,16.218,79.641,176708.117,3912.473,92.814,-3.747,44.533,-24.768,189.142,28.096
4.197,2.43,16.225,16.225,79.622,176861.833,3910.504,92.804,-3.735,44.534,-24.848,189.09,28.086
4.197,2.43,16.232,16.232,79.604,177015.724,3908.535,92.793,-3.722,44.535,-24.928,189.039,28.075
4.197,2.43,16.239,16.239,79.585,177169.788,3906.567,92.783,-3.71,44.537,-25.009,188.987,28.065
4.197,2.43,16.246,16.246,79.566,177324.029,3904.599,92.773,-3.698,44.538,-25.09,188.936,28.055
4.197,2.43,16.253,16.253,79.548,177478.448,3902.631,92.763,-3.685,44.539,-25.172,188.885,28.044
4.197,2.43,16.261,16.261,79.529,177633.044,3900.664,92.753,-3.673,44.54,-25.254,188.833,28.034
4.197,2.43,16.268,16.268,79.511,177787.82,3898.697,92.743,-3.66,44.541,-25.337,188.782,28.024
4.197,2.43,16.275,16.275,79.492,177942.777,3896.731,92.733,-3.648,44.542,-25.421,188.731,28.013
4.197,2.43,16.282,16.282,79.473,178097.914,3894.765,92.723,-3.635,44.544,-25.505,188.68,28.003
4.197,2.43,16.289,16.289,79.455,178253.233,3892.8,92.713,-3.623,44.545,-25.59,188.628,27.993
4.197,2.43,16.296,16.296,79.436,178408.733,3890.835,92.702,-3.611,44.546,-25.675,188.577,27.982
4.197,2.43,16.303,16.303,79.418,178564.414,3888.87,92.692,-3.598,44.547,-25.761,188.526,27.972
4.197,2.43,16.31,16.31,79.399,178720.277,3886.906,92.682,-3.586,44.548,-25.848,188.475,27.962
4.197,2.43,16.318,16.318,79.381,178876.319,3884.942,92.672,-3.573,44.55,-25.935,188.424,27.951
4.197,2.43,16.325,16.325,79.362,179032.541,3882.979,92.662,-3.561,44.551,-26.023,188.372,27.941
4.197,2.43,16.332,16.332,79.344,179188.942,3881.016,92.652,-3.548,44.552,-26.111,188.321,27.931
4.197,2.43,16.339,16.339,79.325,179345.522,3879.054,92.642,-3.536,44.553,-26.2,188.27,27.92
4.197,2.43,16.346,16.346,79.306,179502.278,3877.092,92.632,-3.523,44.554,-26.29,188.219,27.91
4.197,2.43,16.353,16.353,79.288,179659.21,3875.131,92.622,-3.511,44.556,-26.38,188.168,27.9
4.197,2.43,16.36,16.36,79.269,179816.317,3873.17,92.612,-3.499,44.557,-26.471,188.117,27.889
4.197,2.43,16.368,16.368,79.251,179973.598,3871.209,92.602,-3.486,44.558,-26.563,188.065,27.879
4.197,2.43,16.375,16.375,79.232,180131.052,3869.25,92.592,-3.474,44.559,-26.655,188.014,27.869
4.197,2.43,16.382,16.382,79.214,180288.676,3867.29,92.582,-3.461,44.56,-26.747,187.963,27.858
4.197,2.43,16.389,16.389,79.195,180446.47,3865.332,92.572,-3.449,44.562,-26.841,187.912,27.848
4.197,2.43,16.396,16.396,79.177,180604.433,3863.374,92.562,-3.436,44.563,-26.935,187.861,27.838
4.197,2.43,16.403,16.403,79.158,180762.563,3861.417,92.552,-3.424,44.564,-27.03,187.81,27.827
4.197,2.43,16.411,16.411,79.14,180920.858,3859.46,92.542,-3.412,44.565,-27.125,187.758,27.817
4.197,2.43,16.418,16.418,79.122,181079.317,3857.504,92.532,-3.399,44.566,-27.221,187.707,27.807
4.197,2.43,16.425,16.425,79.103,181237.939,3855.549,92.522,-3.387,44.568,-27.318,187.656,27.797
4.197,2.43,16.432,16.432,79.085,181396.722,3853.594,92.512,-3.374,44.569,-27.416,187.605,27.786
4.197,2.43,16.439,16.439,79.066,181555.664,3851.64,92.502,-3.362,44.57,-27.514,187.554,27.776
4.197,2.43,16.446,16.446,79.048,181714.764,3849.687,92.492,-3.35,44.571,-27.613,187.503,27.766
4.197,2.43,16.454,16.454,79.029,181874.021,3847.735,92.482,-3.337,44.573,-27.712,187.452,27.755
4.197,2.43,16.461,16.461,79.011,182033.432,3845.783,92.472,-3.325,44.574,-27.813,187.4,27.745
4.197,2.43,16.468,16.468,78.992,182192.997,3843.833,92.462,-3.312,44.575,-27.914,187.349,27.735
4.197,2.43,16.475,16.475,78.974,182352.713,3841.883,92.453,-3.3,44.576,-28.016,187.298,27.725
4.197,2.43,16.482,16.482,78.956,182512.579,3839.934,92.443,-3.288,44.577,-28.118,187.247,27.714
4.197,2.43,16.489,16.489,78.937,182672.593,3837.986,92.433,-3.275,44.579,-28.221,187.196,27.704
4.197,2.43,16.497,16.497,78.919,182832.754,3836.039,92.423,-3.263,44.58,-28.325,187.145,27.694
4.197,2.43,16.504,16.504,78.901,182993.061,3834.093,92.413,-3.251,44.581,-28.43,187.094,27.684
4.197,2.43,16.511,16.511,78.882,183153.511,3832.147,92.403,-3.238,44.582,-28.536,187.043,27.673
4.197,2.43,16.518,16.518,78.864,183314.103,3830.203,92.393,-3.226,44.584,-28.642,186.992,27.663
4.197,2.43,16.525,16.525,78.845,183474.835,3828.26,92.383,-3.213,44.585,-28.75,186.94,27.653
4.197,2.43,16.533,16.533,78.827,183635.705,3826.317,92.373,-3.201,44.586,-28.858,186.889,27.643
4.197,2.43,16.54,16.54,78.809,183796.713,3824.376,92.364,-3.189,44.587,-28.966,186.838,27.632
4.197,2.43,16.547,16.547,78.79,183957.856,3822.436,92.354,-3.176,44.589,-29.076,186.787,27.622
4.197,2.43,16.554,16.554,78.772,184119.133,3820.497,92.344,-3.164,44.59,-29.187,186.736,27.612
4.197,2.43,16.561,16.561,78.754,184280.542,3818.559,92.334,-3.152,44.591,-29.298,186.685,27.602
4.197,2.43,16.569,16.569,78.735,184442.081,3816.622,92.324,-3.139,44.592,-29.41,186.634,27.592
4.197,2.43,16.576,16.576,78.717,184603.75,3814.686,92.314,-3.127,44.594,-29.523,186.583,27.581
4.197,2.43,16.583,16.583,78.699,184765.545,3812.752,92.305,-3.114,44.595,-29.637,186.532,27.571
4.197,2.43,16.59,16.59,78.681,184927.467,3810.818,92.295,-3.102,44.596,-29.752,186.481,27.561
4.197,2.43,16.597,16.597,78.662,185089.512,3808.886,92.285,-3.09,44.598,-29.868,186.43,27.551
4.197,2.43,16.605,16.605,78.644,185251.68,3806.955,92.275,-3.077,44.599,-29.984,186.379,27.541
4.197,2.43,16.612,16.612,78.626,185413.97,3805.025,92.265,-3.065,44.6,-30.102,186.328,27.53
4.197,2.43,16.619,16.619,78.608,185576.38,3803.096,92.256,-3.053,44.601,-30.22,186.277,27.52
4.197,2.43,16.626,16.626,78.589,185738.909,3801.169,92.246,-3.04,44.603,-30.34,186.226,27.51
4.197,2.43,16.633,16.633,78.571,185901.557,3799.243,92.236,-3.028,44.604,-30.46,186.175,27.5
4.197,2.43,16.641,16.641,78.553,186064.323,3797.318,92.226,-3.016,44.605,-30.581,186.124,27.49
4.197,2.43,16.648,16.648,78.535,186227.207,3795.395,92.217,-3.003,44.607,-30.704,186.073,27.48
4.197,2.43,16.655,16.655,78.517,186390.208,3793.472,92.207,-2.991,44.608,-30.827,186.023,27.47
4.197,2.43,16.662,16.662,78.498,186553.325,3791.551,92.197,-2.979,44.609,-30.952,185.972,27.459
4.197,2.43,16.67,16.67,78.48,186716.559,3789.632,92.187,-2.966,44.61,-31.077,185.921,27.449
4.197,2.43,16.677,16.677,78.462,186879.908,3787.713,92.178,-2.954,44.612,-31.204,185.87,27.439
4.197,2.43,16.684,16.684,78.444,187043.374,3785.796,92.168,-2.942,44.613,-31.331,185.819,27.429
4.197,2.43,16.691,16.691,78.426,187206.955,3783.88,92.158,-2.929,44.614,-31.46,185.769,27.419
4.197,2.43,16.698,16.698,78.408,187370.651,3781.966,92.149,-2.917,44.616,-31.589,185.718,27.409
4.197,2.43,16.706,16.706,78.389,187534.463,3780.052,92.139,-2.905,44.617,-31.72,185.667,27.399
4.197,2.43,16.713,16.713,78.371,187698.39,3778.14,92.129,-2.892,44.618,-31.852,185.617,27.389
4.197,2.43,16.72,16.72,78.353,187862.433,3776.23,92.12,-2.88,44.62,-31.985,185.566,27.378
4.197,2.43,16.727,16.727,78.335,188026.59,3774.32,92.11,-2.868,44.621,-32.119,185.516,27.368
4.197,2.43,16.735,16.735,78.317,188190.863,3772.412,92.1,-2.855,44.623,-32.255,185.465,27.358
4.197,2.43,16.742,16.742,78.299,188355.251,3770.505,92.091,-2.843,44.624,-32.391,185.414,27.348
4.197,2.43,16.749,16.749,78.281,188519.754,3768.6,92.081,-2.831,44.625,-32.529,185.364,27.338
4.197,2.43,16.756,16.756,78.263,188684.372,3766.696,92.072,-2.818,44.627,-32.668,185.313,27.328
4.197,2.43,16.764,16.764,78.245,188849.106,3764.793,92.062,-2.806,44.628,-32.808,185.263,27.318
4.197,2.43,16.771,16.771,78.227,189013.955,3762.891,92.053,-2.794,44.629,-32.949,185.213,27.308
4.197,2.43,16.778,16.778,78.209,189178.92,3760.991,92.043,-2.781,44.631,-33.092,185.162,27.298
4.197,2.43,16.785,16.785,78.191,189344.0,3759.092,92.033,-2.769,44.632,-33.235,185.112,27.288
4.197,2.43,16.793,16.793,78.172,189509.196,3757.194,92.024,-2.757,44.634,-33.38,185.062,27.278
4.197,2.43,16.8,16.8,78.154,189674.508,3755.298,92.014,-2.744,44.635,-33.527,185.011,27.268
4.197,2.43,16.807,16.807,78.136,189839.935,3753.402,92.005,-2.732,44.636,-33.675,184.961,27.258
4.197,2.43,16.815,16.815,78.118,190005.478,3751.508,91.995,-2.72,44.638,-33.824,184.911,27.248
4.197,2.43,16.822,16.822,78.101,190171.138,3749.616,91.986,-2.708,44.639,-33.974,184.861,27.238
4.197,2.43,16.829,16.829,78.083,190336.914,3747.724,91.976,-2.695,44.641,-34.126,184.811,27.228
4.197,2.43,16.836,16.836,78.065,190502.806,3745.834,91.967,-2.683,44.642,-34.279,184.76,27.218
4.197,2.43,16.844,16.844,78.047,190668.814,3743.946,91.958,-2.671,44.643,-34.433,184.71,27.208
4.197,2.43,16.851,16.851,78.029,190834.939,3742.058,91.948,-2.658,44.645,-34.589,184.66,27.198
4.197,2.43,16.858,16.858,78.011,191001.18,3740.172,91.939,-2.646,44.646,-34.747,184.61,27.188
4.197,2.43,16.865,16.865,77.993,191167.539,3738.287,91.929,-2.634,44.648,-34.906,184.56,27.178
4.197,2.43,16.873,16.873,77.975,191334.014,3736.403,91.92,-2.621,44.649,-35.066,184.51,27.168
4.197,2.43,16.88,16.88,77.957,191500.606,3734.52,91.91,-2.609,44.651,-35.228,184.46,27.158
4.197,2.43,16.887,16.887,77.939,191667.316,3732.639,91.901,-2.597,44.652,-35.391,184.41,27.148
4.197,2.43,16.894,16.894,77.921,191834.143,3730.759,91.892,-2.584,44.654,-35.556,184.361,27.138
4.197,2.43,16.902,16.902,77.903,192001.087,3728.881,91.882,-2.572,44.655,-35.723,184.311,27.128
4.197,2.43,16.909,16.909,77.886,192168.149,3727.003,91.873,-2.56,44.657,-35.891,184.261,27.118
4.197,2.43,16.916,16.916,77.868,192335.328,3725.127,91.864,-2.547,44.658,-36.06,184.211,27.108
4.197,2.43,16.924,16.924,77.85,192502.625,3723.252,91.854,-2.535,44.66,-36.232,184.161,27.098
4.197,2.43,16.931,16.931,77.832,192670.04,3721.378,91.845,-2.523,44.661,-36.405,184.112,27.088
4.197,2.43,16.938,16.938,77.814,192837.573,3719.506,91.836,-2.511,44.663,-36.579,184.062,27.078
4.197,2.43,16.945,16.945,77.796,193005.224,3717.635,91.826,-2.498,44.664,-36.756,184.012,27.068
4.197,2.43,16.953,16.953,77.779,193172.992,3715.765,91.817,-2.486,44.666,-36.934,183.963,27.059
4.197,2.43,16.96,16.96,77.761,193340.877,3713.896,91.808,-2.474,44.667,-37.113,183.913,27.049
4.197,2.43,16.967,16.967,77.743,193508.879,3712.029,91.799,-2.461,44.669,-37.295,183.863,27.039
4.197,2.43,16.975,16.975,77.725,193676.996,3710.163,91.789,-2.449,44.67,-37.478,183.814,27.029
4.197,2.43,16.982,16.982,77.707,193845.228,3708.298,91.78,-2.437,44.672,-37.663,183.764,27.019
4.197,2.43,16.989,16.989,77.69,194013.575,3706.434,91.771,-2.425,44.673,-37.85,183.715,27.009
4.197,2.43,16.996,16.996,77.672,194182.035,3704.572,91.762,-2.412,44.675,-38.039,183.665,26.999
4.197,2.43,17.004,17.004,77.654,194350.608,3702.711,91.752,-2.4,44.676,-38.23,183.616,26.989
4.197,2.43,17.011,17.011,77.637,194519.292,3700.852,91.743,-2.388,44.678,-38.422,183.566,26.98
4.197,2.43,17.018,17.018,77.619,194688.088,3698.993,91.734,-2.376,44.679,-38.617,183.517,26.97
4.197,2.43,17.026,17.026,77.601,194856.993,3697.136,91.725,-2.363,44.681,-38.813,183.467,26.96
4.197,2.43,17.033,17.033,77.583,195026.007,3695.281,91.716,-2.351,44.682,-39.012,183.418,26.95
4.197,2.43,17.04,17.04,77.566,195195.128,3693.426,91.706,-2.339,44.684,-39.212,183.369,26.94
4.197,2.43,17.047,17.047,77.548,195364.357,3691.574,91.697,-2.326,44.685,-39.415,183.319,26.93
4.197,2.43,17.055,17.055,77.53,195533.691,3689.722,91.688,-2.314,44.687,-39.619,183.27,26.921
4.197,2.43,17.062,17.062,77.513,195703.129,3687.872,91.679,-2.302,44.688,-39.826,183.221,26.911
4.197,2.43,17.069,17.069,77.495,195872.671,3686.023,91.67,-2.29,44.69,-40.035,183.172,26.901
4.197,2.43,17.077,17.077,77.478,196042.316,3684.176,91.661,-2.278,44.692,-40.246,183.122,26.891
4.197,2.43,17.084,17.084,77.46,196212.061,3682.33,91.652,-2.265,44.693,-40.459,183.073,26.881
4.197,2.43,17.091,17.091,77.442,196381.907,3680.486,91.642,-2.253,44.695,-40.675,183.024,26.871
4.197,2.43,17.099,17.099,77.425,196551.851,3678.643,91.633,-2.241,44.696,-40.893,182.975,26.862
4.197,2.43,17.106,17.106,77.407,196721.894,3676.801,91.624,-2.229,44.698,-41.113,182.925,26.852
4.197,2.43,17.113,17.113,77.39,196892.033,3674.961,91.615,-2.216,44.699,-41.336,182.876,26.842
4.197,2.43,17.12,17.12,77.372,197062.267,3673.122,91.606,-2.204,44.701,-41.56,182.827,26.832
4.197,2.43,17.128,17.128,77.355,197232.596,3671.285,91.597,-2.192,44.703,-41.788,182.778,26.823
4.197,2.43,17.135,17.135,77.337,197403.018,3669.45,91.588,-2.18,44.704,-42.018,182.729,26.813
4.197,2.43,17.142,17.142,77.319,197573.532,3667.616,91.579,-2.168,44.706,-42.25,182.68,26.803
4.197,2.43,17.15,17.15,77.302,197744.138,3665.783,91.57,-2.155,44.707,-42.485,182.631,26.793
4.197,2.43,17.157,17.157,77.284,197914.833,3663.952,91.561,-2.143,44.709,-42.723,182.582,26.784
4.197,2.43,17.164,17.164,77.267,198085.616,3662.122,91.552,-2.131,44.71,-42.963,182.533,26.774
4.197,2.43,17.172,17.172,77.25,198256.488,3660.294,91.543,-2.119,44.712,-43.206,182.484,26.764
4.197,2.43,17.179,17.179,77.232,198427.445,3658.468,91.534,-2.107,44.714,-43.452,182.435,26.755
4.197,2.43,17.186,17.186,77.215,198598.488,3656.643,91.525,-2.094,44.715,-43.7,182.386,26.745
4.197,2.43,17.194,17.194,77.197,198769.616,3654.82,91.516,-2.082,44.717,-43.951,182.337,26.735
4.197,2.43,17.201,17.201,77.18,198940.826,3652.998,91.507,-2.07,44.719,-44.206,182.289,26.725
4.197,2.43,17.208,17.208,77.162,199112.118,3651.178,91.498,-2.058,44.72,-44.463,182.24,26.716
4.197,2.43,17.215,17.215,77.145,199283.491,3649.36,91.489,-2.046,44.722,-44.723,182.191,26.706
4.197,2.43,17.223,17.223,77.128,199454.944,3647.543,91.48,-2.034,44.723,-44.986,182.142,26.696
4.197,2.43,17.23,17.23,77.11,199626.475,3645.728,91.471,-2.021,44.725,-45.252,182.093,26.687
4.197,2.43,17.237,17.237,77.093,199798.084,3643.914,91.462,-2.009,44.727,-45.522,182.045,26.677
4.197,2.43,17.245,17.245,77.075,199969.77,3642.103,91.454,-1.997,44.728,-45.794,181.996,26.667
4.197,2.43,17.252,17.252,77.058,200141.531,3640.292,91.445,-1.985,44.73,-46.07,181.947,26.658
4.197,2.43,17.259,17.259,77.041,200313.366,3638.484,91.436,-1.973,44.732,-46.349,181.899,26.648
4.197,2.43,17.267,17.267,77.023,200485.274,3636.677,91.427,-1.961,44.733,-46.632,181.85,26.639
4.197,2.43,17.274,17.274,77.006,200657.255,3634.872,91.418,-1.948,44.735,-46.918,181.802,26.629
4.197,2.43,17.281,17.281,76.989,200829.307,3633.068,91.409,-1.936,44.736,-47.208,181.753,26.619
4.197,2.43,17.289,17.289,76.972,201001.431,3631.267,91.4,-1.924,44.738,-47.501,181.705,26.61
4.197,2.43,17.296,17.296,76.954,201173.625,3629.466,91.392,-1.912,44.74,-47.798,181.656,26.6
4.197,2.43,17.303,17.303,76.937,201345.891,3627.668,91.383,-1.9,44.741,-48.099,181.608,26.591
4.197,2.43,17.311,17.311,76.92,201518.227,3625.871,91.374,-1.888,44.743,-48.403,181.559,26.581
4.197,2.43,17.318,17.318,76.902,201690.636,3624.076,91.365,-1.876,44.745,-48.711,181.511,26.571
4.197,2.43,17.325,17.325,76.885,201863.115,3622.283,91.357,-1.864,44.747,-49.024,181.463,26.562
4.197,2.43,17.333,17.333,76.868,202035.667,3620.491,91.348,-1.851,44.748,-49.34,181.414,26.552
4.197,2.43,17.34,17.34,76.851,202208.292,3618.701,91.339,-1.839,44.75,-49.661,181.366,26.543
4.197,2.43,17.347,17.347,76.834,202380.991,3616.913,91.33,-1.827,44.752,-49.986,181.318,26.533
4.197,2.43,17.355,17.355,76.816,202553.764,3615.126,91.322,-1.815,44.753,-50.315,181.27,26.524
4.197,2.43,17.362,17.362,76.799,202726.612,3613.341,91.313,-1.803,44.755,-50.648,181.222,26.514
4.197,2.43,17.369,17.369,76.782,202899.536,3611.557,91.304,-1.791,44.757,-50.987,181.174,26.505
4.197,2.43,17.377,17.377,76.765,203072.536,3609.776,91.296,-1.779,44.758,-51.329,181.126,26.495
4.197,2.43,17.384,17.384,76.748,203245.615,3607.995,91.287,-1.767,44.76,-51.677,181.078,26.486
4.197,2.43,17.391,17.391,76.731,203418.772,3606.217,91.278,-1.754,44.762,-52.029,181.03,26.476
4.197,2.43,17.399,17.399,76.714,203592.009,3604.439,91.27,-1.742,44.764,-52.386,180.982,26.467
4.197,2.43,17.406,17.406,76.697,203765.328,3602.664,91.261,-1.73,44.765,-52.748,180.934,26.457
4.197,2.43,17.413,17.413,76.679,203938.728,3600.89,91.252,-1.718,44.767,-53.115,180.887,26.448
4.197,2.43,17.421,17.421,76.662,204112.211,3599.117,91.244,-1.706,44.769,-53.487,180.839,26.438
4.197,2.43,17.428,17.428,76.645,204285.778,3597.346,91.235,-1.694,44.771,-53.864,180.791,26.429
4.197,2.43,17.435,17.435,76.628,204459.43,3595.577,91.227,-1.682,44.773,-54.247,180.744,26.419
4.197,2.43,17.443,17.443,76.611,204633.169,3593.809,91.218,-1.67,44.774,-54.636,180.696,26.41
4.197,2.43,17.45,17.45,76.594,204806.995,3592.042,91.21,-1.657,44.776,-55.03,180.649,26.4
4.197,2.43,17.457,17.457,76.577,204980.91,3590.277,91.201,-1.645,44.778,-55.43,180.601,26.391
4.197,2.43,17.465,17.465,76.56,205154.915,3588.514,91.193,-1.633,44.78,-55.836,180.554,26.381
4.197,2.43,17.472,17.472,76.543,205329.011,3586.752,91.184,-1.621,44.782,-56.248,180.506,26.372
4.197,2.43,17.479,17.479,76.526,205503.199,3584.991,91.176,-1.609,44.783,-56.666,180.459,26.363
4.197,2.43,17.487,17.487,76.509,205677.48,3583.231,91.167,-1.597,44.785,-57.09,180.412,26.353
4.197,2.43,17.494,17.494,76.492,205851.856,3581.474,91.159,-1.585,44.787,-57.52,180.364,26.344
4.197,2.43,17.501,17.501,76.475,206026.328,3579.717,91.15,-1.573,44.789,-57.958,180.317,26.334
4.197,2.43,17.509,17.509,76.458,206200.896,3577.962,91.142,-1.561,44.791,-58.402,180.27,26.325
4.197,2.43,17.516,17.516,76.442,206375.562,3576.208,91.133,-1.549,44.792,-58.853,180.223,26.316
4.197,2.43,17.523,17.523,76.425,206550.328,3574.456,91.125,-1.536,44.794,-59.311,180.176,26.306
4.197,2.43,17.531,17.531,76.408,206725.194,3572.705,91.117,-1.524,44.796,-59.776,180.129,26.297
4.197,2.43,17.538,17.538,76.391,206900.161,3570.955,91.108,-1.512,44.798,-60.248,180.082,26.287
4.197,2.43,17.545,17.545,76.374,207075.232,3569.206,91.1,-1.5,44.8,-60.728,180.035,26.278
4.197,2.43,17.553,17.553,76.357,207250.406,3567.459,91.092,-1.488,44.802,-61.216,179.988,26.269
4.197,2.43,17.56,17.56,76.34,207425.685,3565.713,91.083,-1.476,44.804,-61.712,179.941,26.259
4.197,2.43,17.567,17.567,76.323,207601.071,3563.969,91.075,-1.464,44.806,-62.215,179.894,26.25
4.197,2.43,17.575,17.575,76.307,207776.564,3562.225,91.067,-1.452,44.807,-62.727,179.848,26.241
4.197,2.43,17.582,17.582,76.29,207952.165,3560.483,91.058,-1.44,44.809,-63.248,179.801,26.231
4.197,2.43,17.589,17.589,76.273,208127.877,3558.742,91.05,-1.428,44.811,-63.777,179.754,26.222
4.197,2.43,17.597,17.597,76.256,208303.699,3557.003,91.042,-1.416,44.813,-64.315,179.708,26.213
4.197,2.43,17.604,17.604,76.239,208479.633,3555.264,91.033,-1.403,44.815,-64.863,179.661,26.203
4.197,2.43,17.611,17.611,76.223,208655.681,3553.527,91.025,-1.391,44.817,-65.42,179.615,26.194
4.197,2.43,17.619,17.619,76.206,208831.843,3551.791,91.017,-1.379,44.819,-65.986,179.568,26.185
4.197,2.43,17.626,17.626,76.189,209008.12,3550.056,91.009,-1.367,44.821,-66.562,179.522,26.176
4.197,2.43,17.633,17.633,76.172,209184.513,3548.322,91.001,-1.355,44.823,-67.148,179.475,26.166
4.197,2.43,17.641,17.641,76.156,209361.022,3546.59,90.992,-1.343,44.825,-67.745,179.429,26.157
4.197,2.43,17.648,17.648,76.139,209537.646,3544.858,90.984,-1.331,44.826,-68.352,179.383,26.148
4.197,2.43,17.655,17.655,76.122,209714.387,3543.128,90.976,-1.319,44.828,-68.97,179.336,26.138
4.197,2.43,17.663,17.663,76.106,209891.245,3541.399,90.968,-1.307,44.83,-69.6,179.29,26.129
4.197,2.43,17.67,17.67,76.089,210068.217,3539.671,90.96,-1.295,44.832,-70.24,179.244,26.12
4.197,2.43,17.677,17.677,76.072,210245.306,3537.945,90.951,-1.283,44.834,-70.893,179.197,26.111
4.197,2.43,17.685,17.685,76.056,210422.509,3536.219,90.943,-1.271,44.836,-71.557,179.151,26.101
4.197,2.43,17.692,17.692,76.039,210599.826,3534.495,90.935,-1.259,44.838,-72.234,179.105,26.092
4.197,2.43,17.699,17.699,76.022,210777.257,3532.772,90.927,-1.247,44.84,-72.924,179.059,26.083
4.197,2.43,17.706,17.706,76.006,210954.801,3531.05,90.919,-1.235,44.842,-73.626,179.013,26.074
4.197,2.43,17.714,17.714,75.989,211132.457,3529.329,90.911,-1.223,44.844,-74.342,178.967,26.065
4.197,2.43,17.721,17.721,75.973,211310.224,3527.609,90.903,-1.211,44.846,-75.072,178.921,26.055
4.197,2.43,17.728,17.728,75.956,211488.102,3525.891,90.894,-1.199,44.848,-75.817,178.875,26.046
4.197,2.43,17.736,17.736,75.939,211666.09,3524.174,90.886,-1.187,44.85,-76.576,178.829,26.037
4.197,2.43,17.743,17.743,75.923,211844.186,3522.458,90.878,-1.175,44.852,-77.35,178.783,26.028
4.197,2.43,17.75,17.75,75.906,212022.389,3520.743,90.87,-1.163,44.854,-78.14,178.737,26.019
4.197,2.43,17.758,17.758,75.89,212200.7,3519.03,90.862,-1.151,44.856,-78.945,178.691,26.009
4.197,2.43,17.765,17.765,75.873,212379.115,3517.318,90.854,-1.139,44.858,-79.768,178.645,26.0
4.197,2.43,17.772,17.772,75.857,212557.636,3515.607,90.846,-1.127,44.86,-80.607,178.599,25.991
4.197,2.43,17.78,17.78,75.84,212736.26,3513.898,90.838,-1.115,44.861,-81.464,178.553,25.982
4.197,2.43,17.787,17.787,75.824,212914.986,3512.189,90.83,-1.103,44.863,-82.339,178.507,25.973
4.197,2.43,17.794,17.794,75.807,213093.814,3510.482,90.822,-1.091,44.865,-83.233,178.461,25.964
4.197,2.43,17.801,17.801,75.791,213272.742,3508.777,90.814,-1.079,44.867,-84.146,178.416,25.955
4.197,2.43,17.809,17.809,75.775,213451.769,3507.072,90.806,-1.067,44.869,-85.079,178.37,25.945
4.197,2.43,17.816,17.816,75.758,213630.894,3505.369,90.798,-1.055,44.871,-86.033,178.324,25.936
4.197,2.43,17.823,17.823,75.742,213810.116,3503.668,90.79,-1.043,44.873,-87.008,178.278,25.927
4.197,2.43,17.831,17.831,75.725,213989.433,3501.967,90.782,-1.032,44.875,-88.005,178.233,25.918
4.197,2.43,17.838,17.838,75.709,214168.846,3500.268,90.774,-1.02,44.877,-89.025,178.187,25.909
4.197,2.43,17.845,17.845,75.693,214348.352,3498.57,90.766,-1.008,44.879,-90.069,178.141,25.9
4.197,2.43,17.853,17.853,75.676,214527.95,3496.874,90.758,-0.996,44.881,-91.137,178.096,25.891
4.197,2.43,17.86,17.86,75.66,214707.639,3495.179,90.75,-0.984,44.883,-92.23,178.05,25.882
4.197,2.43,17.867,17.867,75.643,214887.419,3493.486,90.742,-0.972,44.885,-93.35,178.005,25.873
4.197,2.43,17.874,17.874,75.627,215067.289,3491.794,90.734,-0.96,44.887,-94.496,177.959,25.864
4.197,2.43,17.882,17.882,75.611,215247.248,3490.103,90.726,-0.948,44.889,-95.671,177.914,25.854
4.197,2.43,17.889,17.889,75.594,215427.292,3488.414,90.719,-0.936,44.891,-96.875,177.868,25.845
4.197,2.43,17.896,17.896,75.578,215607.42,3486.726,90.711,-0.925,44.893,-98.11,177.823,25.836
4.197,2.43,17.904,17.904,75.562,215787.628,3485.039,90.703,-0.913,44.895,-99.376,177.777,25.827
4.197,2.43,17.911,17.911,75.546,215967.92,3483.354,90.695,-0.901,44.897,-100.674,177.732,25.818
4.197,2.43,17.918,17.918,75.529,216148.305,3481.671,90.687,-0.889,44.899,-102.007,177.687,25.809
4.197,2.43,17.925,17.925,75.513,216328.785,3479.989,90.679,-0.877,44.901,-103.374,177.641,25.8
4.197,2.43,17.933,17.933,75.497,216509.349,3478.308,90.671,-0.865,44.903,-104.779,177.596,25.791
4.197,2.43,17.94,17.94,75.481,216689.967,3476.629,90.664,-0.854,44.905,-106.222,177.551,25.782
4.197,2.43,17.947,17.947,75.465,216870.609,3474.952,90.656,-0.842,44.907,-107.706,177.505,25.773
4.197,2.43,17.954,17.954,75.448,217051.292,3473.276,90.648,-0.83,44.909,-109.234,177.46,25.764
4.197,2.43,17.962,17.962,75.432,217232.117,3471.602,90.64,-0.818,44.911,-110.802,177.415,25.755
4.197,2.43,17.969,17.969,75.416,217413.187,3469.927,90.632,-0.806,44.913,-112.411,177.37,25.746
4.197,2.43,17.976,17.976,75.4,217594.527,3468.253,90.624,-0.795,44.915,-114.061,177.324,25.737
4.197,2.43,17.984,17.984,75.384,217775.812,3466.581,90.617,-0.783,44.917,-115.763,177.279,25.728
4.197,2.43,17.991,17.991,75.368,217956.642,3464.915,90.609,-0.771,44.919,-117.534,177.234,25.719
4.197,2.43,17.998,17.998,75.351,218136.74,3463.258,90.601,-0.759,44.921,-119.389,177.19,25.71
4.197,2.43,18.006,18.006,75.335,218316.938,3461.603,90.594,-0.747,44.923,-121.302,177.146,25.702
4.197,2.43,18.013,18.013,75.319,218498.755,3459.934,90.586,-0.735,44.925,-123.22,177.101,25.693
4.197,2.43,18.02,18.02,75.303,218683.533,3458.241,90.578,-0.724,44.927,-125.089,177.053,25.684
4.197,2.43,18.027,18.027,75.288,218869.748,3456.537,90.569,-0.713,44.928,-126.958,177.004,25.675
4.197,2.43,18.034,18.034,75.272,219051.921,3454.872,90.562,-0.702,44.93,-129.047,176.959,25.666
4.197,2.43,18.042,18.042,75.255,219224.802,3453.295,90.555,-0.688,44.934,-131.601,176.922,25.657
4.197,2.43,18.05,18.05,75.238,219388.456,3451.803,90.55,-0.672,44.939,-134.674,176.892,25.648
4.197,2.43,18.058,18.058,75.221,219561.061,3450.231,90.544,-0.659,44.943,-137.499,176.855,25.64
4.197,2.43,18.064,18.064,75.206,219764.063,3448.385,90.533,-0.651,44.941,-139.009,176.791,25.63
4.197,2.43,18.068,18.068,75.195,220011.83,3446.136,90.516,-0.654,44.931,-138.417,176.691,25.62
4.197,2.43,18.07,18.07,75.185,220280.263,3443.704,90.497,-0.661,44.918,-136.83,176.574,25.61
4.197,2.43,18.072,18.072,75.175,220534.825,3441.402,90.48,-0.666,44.907,-135.834,176.472,25.6
4.197,2.43,18.077,18.077,75.163,220752.984,3439.432,90.469,-0.663,44.903,-136.425,176.401,25.591
4.197,2.43,18.084,18.084,75.149,220930.737,3437.829,90.463,-0.651,44.906,-138.862,176.366,25.582
4.197,2.43,18.092,18.092,75.133,221084.918,3436.441,90.46,-0.635,44.913,-142.551,176.35,25.574
4.197,2.43,18.101,18.101,75.116,221231.537,3435.122,90.459,-0.616,44.921,-146.871,176.341,25.566
4.197,2.43,18.109,18.109,75.099,221385.75,3433.736,90.456,-0.599,44.929,-151.083,176.323,25.557
4.197,2.43,18.117,18.117,75.083,221552.829,3432.236,90.451,-0.584,44.933,-154.833,176.295,25.549
4.197,2.43,18.124,18.124,75.068,221727.723,3430.669,90.445,-0.571,44.937,-158.321,176.26,25.54
4.197,2.43,18.131,18.131,75.052,221905.044,3429.081,90.439,-0.559,44.94,-161.833,176.222,25.531
4.197,2.43,18.139,18.139,75.037,222080.657,3427.511,90.433,-0.546,44.943,-165.63,176.186,25.523
4.197,2.43,18.146,18.146,75.021,222254.848,3425.955,90.427,-0.533,44.947,-169.725,176.151,25.514
4.197,2.43,18.154,18.154,75.005,222429.034,3424.401,90.421,-0.52,44.951,-174.046,176.116,25.506
4.197,2.43,18.161,18.161,74.989,222604.507,3422.838,90.415,-0.506,44.954,-178.513,176.079,25.497
4.197,2.43,18.169,18.169,74.973,222781.662,3421.261,90.408,-0.494,44.957,-183.098,176.041,25.488
4.197,2.43,18.176,18.176,74.958,222960.01,3419.676,90.402,-0.481,44.96,-187.841,176.003,25.48
4.197,2.43,18.183,18.183,74.942,223139.063,3418.087,90.395,-0.469,44.963,-192.787,175.963,25.471
4.197,2.43,18.191,18.191,74.926,223318.466,3416.497,90.388,-0.457,44.966,-197.984,175.923,25.462
4.197,2.43,18.198,18.198,74.91,223498.216,3414.906,90.381,-0.444,44.969,-203.448,175.883,25.454
4.197,2.43,18.205,18.205,74.895,223678.382,3413.313,90.375,-0.432,44.971,-209.194,175.843,25.445
4.197,2.43,18.213,18.213,74.879,223859.02,3411.718,90.368,-0.42,44.974,-215.238,175.802,25.436
4.197,2.43,18.22,18.22,74.863,224040.111,3410.12,90.361,-0.408,44.976,-221.602,175.76,25.428
4.197,2.43,18.227,18.227,74.848,224221.585,3408.522,90.354,-0.396,44.979,-228.322,175.719,25.419
4.197,2.43,18.234,18.234,74.832,224403.381,3406.923,90.347,-0.384,44.981,-235.434,175.677,25.41
4.197,2.43,18.242,18.242,74.816,224585.454,3405.323,90.34,-0.372,44.984,-242.98,175.635,25.402
4.197,2.43,18.249,18.249,74.801,224767.788,3403.723,90.333,-0.36,44.986,-251.002,175.593,25.393
4.197,2.43,18.256,18.256,74.785,224950.369,3402.123,90.326,-0.348,44.989,-259.548,175.551,25.384
4.197,2.43,18.264,18.264,74.769,225133.183,3400.523,90.318,-0.336,44.991,-268.673,175.509,25.376
4.197,2.43,18.271,18.271,74.754,225316.215,3398.924,90.311,-0.324,44.993,-278.44,175.466,25.367
4.197,2.43,18.278,18.278,74.738,225499.446,3397.324,90.304,-0.313,44.996,-288.923,175.424,25.359
4.197,2.43,18.285,18.285,74.722,225682.86,3395.725,90.297,-0.301,44.998,-300.205,175.381,25.35
4.197,2.43,18.293,18.293,74.707,225866.446,3394.127,90.29,-0.289,45.0,-312.383,175.339,25.341
4.197,2.43,18.3,18.3,74.691,226050.193,3392.529,90.283,-0.277,45.003,-325.573,175.296,25.333
4.197,2.43,18.307,18.307,74.676,226234.092,3390.932,90.276,-0.266,45.005,-339.905,175.253,25.324
4.197,2.43,18.314,18.314,74.66,226418.137,3389.335,90.268,-0.254,45.007,-355.538,175.21,25.315
4.197,2.43,18.322,18.322,74.645,226602.319,3387.74,90.261,-0.242,45.009,-372.658,175.168,25.307
4.197,2.43,18.329,18.329,74.629,226786.631,3386.145,90.254,-0.231,45.012,-391.491,175.125,25.298
4.197,2.43,18.336,18.336,74.614,226971.068,3384.552,90.247,-0.219,45.014,-412.307,175.082,25.29
4.197,2.43,18.343,18.343,74.598,227155.624,3382.959,90.24,-0.207,45.016,-435.441,175.039,25.281
4.197,2.43,18.35,18.35,74.583,227340.293,3381.368,90.233,-0.196,45.018,-461.302,174.996,25.272
4.197,2.43,18.358,18.358,74.567,227525.072,3379.777,90.225,-0.184,45.021,-490.404,174.953,25.264
4.197,2.43,18.365,18.365,74.552,227709.957,3378.188,90.218,-0.172,45.023,-523.401,174.91,25.255
4.197,2.43,18.372,18.372,74.536,227894.943,3376.6,90.211,-0.161,45.025,-561.131,174.868,25.247
4.197,2.43,18.379,18.379,74.521,228080.027,3375.013,90.204,-0.149,45.027,-604.692,174.825,25.238
4.197,2.43,18.387,18.387,74.505,228265.206,3373.428,90.197,-0.138,45.03,-655.553,174.782,25.23
4.197,2.43,18.394,18.394,74.49,228450.477,3371.843,90.19,-0.126,45.032,-715.717,174.739,25.221
4.197,2.43,18.401,18.401,74.474,228635.837,3370.26,90.183,-0.114,45.034,-787.995,174.696,25.212
4.197,2.43,18.408,18.408,74.459,228821.283,3368.678,90.176,-0.103,45.036,-876.459,174.654,25.204
4.197,2.43,18.415,18.415,74.444,229006.813,3367.098,90.168,-0.091,45.039,-987.234,174.611,25.195
4.197,2.43,18.423,18.423,74.428,229192.424,3365.518,90.161,-0.08,45.041,-1129.982,174.568,25.187
4.197,2.43,18.43,18.43,74.413,229378.115,3363.94,90.154,-0.068,45.043,-1320.881,174.525,25.178
4.197,2.43,18.437,18.437,74.398,229563.884,3362.364,90.147,-0.057,45.045,-1589.245,174.483,25.17
4.197,2.43,18.444,18.444,74.382,229749.728,3360.789,90.14,-0.045,45.047,-1994.233,174.44,25.161
4.197,2.43,18.451,18.451,74.367,229935.647,3359.215,90.133,-0.034,45.05,-2675.817,174.397,25.153
4.197,2.43,18.459,18.459,74.352,230121.637,3357.643,90.126,-0.022,45.052,-4064.328,174.355,25.144
4.197,2.43,18.466,18.466,74.336,230307.697,3356.072,90.119,-0.011,45.054,-8444.434,174.312,25.136
4.197,2.43,18.473,18.473,74.321,230493.827,3354.502,90.112,0.001,45.056,109296.169,174.269,25.127
4.197,2.43,18.48,18.48,74.306,230680.024,3352.934,90.105,0.012,45.059,7316.898,174.227,25.119
4.197,2.43,18.487,18.487,74.291,230866.286,3351.367,90.098,0.024,45.061,3785.852,174.184,25.11
4.197,2.43,18.495,18.495,74.275,231052.613,3349.802,90.091,0.035,45.063,2553.858,174.142,25.102
4.197,2.43,18.502,18.502,74.26,231239.003,3348.238,90.084,0.047,45.065,1927.004,174.099,25.094
4.197,2.43,18.509,18.509,74.245,231425.455,3346.676,90.077,0.058,45.068,1547.341,174.057,25.085
4.197,2.43,18.516,18.516,74.23,231611.967,3345.115,90.07,0.07,45.07,1292.735,174.014,25.077
4.197,2.43,18.523,18.523,74.214,231798.538,3343.556,90.063,0.081,45.072,1110.134,173.972,25.068
4.197,2.43,18.531,18.531,74.199,231985.167,3341.998,90.056,0.093,45.074,972.775,173.929,25.06
4.197,2.43,18.538,18.538,74.184,232171.853,3340.442,90.049,0.104,45.076,865.698,173.887,25.051
4.197,2.43,18.545,18.545,74.169,232358.595,3338.887,90.042,0.115,45.079,779.882,173.845,25.043
4.197,2.43,18.552,18.552,74.154,232545.391,3337.334,90.035,0.127,45.081,709.567,173.802,25.035
4.197,2.43,18.559,18.559,74.139,232732.24,3335.782,90.028,0.138,45.083,650.901,173.76,25.026
4.197,2.43,18.566,18.566,74.123,232919.141,3334.232,90.021,0.15,45.085,601.21,173.718,25.018
4.197,2.43,18.574,18.574,74.108,233106.093,3332.683,90.014,0.161,45.088,558.58,173.676,25.009
4.197,2.43,18.581,18.581,74.093,233293.094,3331.136,90.007,0.173,45.09,521.606,173.633,25.001
4.197,2.43,18.588,18.588,74.078,233480.145,3329.59,90.001,0.184,45.092,489.233,173.591,24.993
4.197,2.43,18.595,18.595,74.063,233667.244,3328.046,89.994,0.195,45.095,460.652,173.549,24.984
4.197,2.43,18.602,18.602,74.048,233854.391,3326.504,89.987,0.207,45.097,435.235,173.507,24.976
4.197,2.43,18.61,18.61,74.033,234041.583,3324.963,89.98,0.218,45.099,412.482,173.465,24.968
4.197,2.43,18.617,18.617,74.018,234228.819,3323.424,89.973,0.23,45.101,391.995,173.423,24.959
4.197,2.43,18.624,18.624,74.003,234416.095,3321.886,89.966,0.241,45.104,373.452,173.381,24.951
4.197,2.43,18.631,18.631,73.988,234603.41,3320.35,89.959,0.252,45.106,356.587,173.339,24.943
4.197,2.43,18.638,18.638,73.973,234790.771,3318.816,89.953,0.264,45.108,341.185,173.297,24.934
4.197,2.43,18.645,18.645,73.958,234978.183,3317.283,89.946,0.275,45.11,327.065,173.255,24.926
4.197,2.43,18.653,18.653,73.943,235165.65,3315.751,89.939,0.286,45.113,314.074,173.213,24.918
4.197,2.43,18.66,18.66,73.928,235353.155,3314.221,89.932,0.298,45.115,302.08,173.171,24.909
4.197,2.43,18.667,18.667,73.913,235540.668,3312.693,89.925,0.309,45.117,290.965,173.129,24.901
4.197,2.43,18.674,18.674,73.898,235728.164,3311.167,89.919,0.32,45.12,280.631,173.088,24.893
4.197,2.43,18.681,18.681,73.883,235915.662,3309.643,89.912,0.332,45.122,271.003,173.046,24.885
4.197,2.43,18.688,18.688,73.868,236103.261,3308.12,89.905,0.343,45.124,262.025,173.004,24.876
4.197,2.43,18.696,18.696,73.853,236291.059,3306.598,89.898,0.354,45.126,253.649,172.962,24.868
4.197,2.43,18.703,18.703,73.839,236479.099,3305.075,89.892,0.366,45.129,245.822,172.921,24.86
4.197,2.43,18.71,18.71,73.824,236667.104,3303.554,89.885,0.377,45.131,238.457,172.879,24.852
4.197,2.43,18.717,18.717,73.809,236854.694,3302.039,89.878,0.388,45.133,231.466,172.837,24.843
4.197,2.43,18.724,18.724,73.794,237041.538,3300.532,89.872,0.4,45.136,224.784,172.797,24.835
4.197,2.43,18.732,18.732,73.779,237228.071,3299.029,89.865,0.411,45.138,218.438,172.756,24.827
4.197,2.43,18.739,18.739,73.764,237415.701,3297.519,89.859,0.423,45.141,212.548,172.715,24.819
4.197,2.43,18.746,18.746,73.749,237605.78,3295.991,89.852,0.434,45.143,207.203,172.672,24.811
4.197,2.43,18.753,18.753,73.735,237798.623,3294.443,89.844,0.444,45.144,202.379,172.627,24.802
4.197,2.43,18.76,18.76,73.72,237990.0,3292.909,89.837,0.455,45.146,197.649,172.583,24.794
4.197,2.43,18.767,18.767,73.705,238174.734,3291.43,89.831,0.466,45.149,192.576,172.544,24.786
4.197,2.43,18.775,18.775,73.69,238348.512,3290.04,89.826,0.481,45.154,186.876,172.514,24.778
4.197,2.43,18.783,18.783,73.674,238518.698,3288.68,89.822,0.496,45.159,181.211,172.487,24.77
4.197,2.43,18.79,18.79,73.659,238705.39,3287.191,89.816,0.507,45.161,177.019,172.446,24.762
4.197,2.43,18.796,18.796,73.646,238928.086,3285.416,89.804,0.512,45.158,175.492,172.378,24.753
4.197,2.43,18.799,18.799,73.636,239193.172,3283.307,89.788,0.507,45.148,176.994,172.277,24.744
4.197,2.43,18.8,18.8,73.628,239469.824,3281.11,89.77,0.5,45.135,179.465,172.17,24.734
4.197,2.43,18.803,18.803,73.618,239728.02,3279.064,89.756,0.497,45.126,180.754,172.078,24.725
4.197,2.43,18.808,18.808,73.607,239948.645,3277.318,89.746,0.5,45.123,179.381,172.017,24.717
4.197,2.43,18.815,18.815,73.594,240130.408,3275.881,89.741,0.512,45.127,175.325,171.986,24.709
4.197,2.43,18.823,18.823,73.579,240289.464,3274.625,89.739,0.528,45.134,169.937,171.973,24.701
4.197,2.43,18.831,18.831,73.564,240440.622,3273.433,89.739,0.546,45.142,164.344,171.965,24.694
4.197,2.43,18.84,18.84,73.548,240598.152,3272.192,89.737,0.563,45.15,159.424,171.951,24.686
4.197,2.43,18.847,18.847,73.533,240768.79,3270.849,89.733,0.577,45.155,155.46,171.927,24.679
4.197,2.43,18.855,18.855,73.519,240948.188,3269.438,89.728,0.59,45.159,152.121,171.896,24.671
4.197,2.43,18.862,18.862,73.505,241131.239,3268.001,89.723,0.602,45.162,149.091,171.861,24.663
4.197,2.43,18.869,18.869,73.49,241313.391,3266.572,89.718,0.614,45.166,146.127,171.828,24.655
4.197,2.43,18.876,18.876,73.476,241493.704,3265.16,89.713,0.627,45.17,143.184,171.796,24.647
4.197,2.43,18.884,18.884,73.461,241673.501,3263.753,89.708,0.639,45.174,140.323,171.764,24.639
4.197,2.43,18.891,18.891,73.447,241854.051,3262.342,89.703,0.652,45.177,137.595,171.731,24.631
4.197,2.43,18.898,18.898,73.432,242036.276,3260.919,89.698,0.664,45.181,135.03,171.697,24.623
4.197,2.43,18.906,18.906,73.418,242219.947,3259.487,89.692,0.676,45.184,132.607,171.662,24.615
4.197,2.43,18.913,18.913,73.403,242404.58,3258.05,89.687,0.688,45.188,130.299,171.626,24.607
4.197,2.43,18.92,18.92,73.389,242589.736,3256.609,89.681,0.7,45.191,128.084,171.59,24.599
4.197,2.43,18.927,18.927,73.374,242775.197,3255.169,89.675,0.712,45.194,125.948,171.553,24.591
4.197,2.43,18.935,18.935,73.36,242961.011,3253.727,89.67,0.724,45.197,123.89,171.516,24.584
4.197,2.43,18.942,18.942,73.346,243147.239,3252.284,89.664,0.736,45.2,121.907,171.479,24.576
4.197,2.43,18.949,18.949,73.331,243333.93,3250.839,89.658,0.747,45.203,119.997,171.442,24.568
4.197,2.43,18.956,18.956,73.317,243521.048,3249.392,89.652,0.759,45.205,118.156,171.404,24.56
4.197,2.43,18.963,18.963,73.302,243708.529,3247.944,89.646,0.77,45.208,116.377,171.366,24.552
4.197,2.43,18.971,18.971,73.288,243896.316,3246.496,89.64,0.782,45.211,114.658,171.328,24.544
4.197,2.43,18.978,18.978,73.273,244084.367,3245.047,89.634,0.793,45.214,112.993,171.29,24.536
4.197,2.43,18.985,18.985,73.259,244272.668,3243.599,89.628,0.805,45.216,111.379,171.251,24.528
4.197,2.43,18.992,18.992,73.245,244461.206,3242.15,89.622,0.816,45.219,109.815,171.213,24.52
4.197,2.43,18.999,18.999,73.23,244649.97,3240.701,89.616,0.827,45.222,108.298,171.174,24.512
4.197,2.43,19.006,19.006,73.216,244838.946,3239.253,89.61,0.839,45.224,106.825,171.135,24.504
4.197,2.43,19.013,19.013,73.202,245028.117,3237.804,89.604,0.85,45.227,105.394,171.096,24.496
4.197,2.43,19.02,19.02,73.187,245217.469,3236.356,89.598,0.861,45.23,104.004,171.058,24.488
4.197,2.43,19.028,19.028,73.173,245406.99,3234.909,89.592,0.873,45.232,102.651,171.019,24.48
4.197,2.43,19.035,19.035,73.159,245596.672,3233.462,89.586,0.884,45.235,101.336,170.98,24.473
4.197,2.43,19.042,19.042,73.144,245786.506,3232.016,89.58,0.895,45.237,100.055,170.941,24.465
4.197,2.43,19.049,19.049,73.13,245976.486,3230.57,89.574,0.907,45.24,98.807,170.902,24.457
4.197,2.43,19.056,19.056,73.116,246166.605,3229.125,89.567,0.918,45.243,97.592,170.863,24.449
4.197,2.43,19.063,19.063,73.101,246356.856,3227.681,89.561,0.929,45.245,96.407,170.824,24.441
4.197,2.43,19.07,19.07,73.087,246547.234,3226.237,89.555,0.94,45.248,95.252,170.785,24.433
4.197,2.43,19.077,19.077,73.073,246737.733,3224.795,89.549,0.951,45.25,94.125,170.745,24.425
4.197,2.43,19.084,19.084,73.059,246928.35,3223.353,89.543,0.963,45.253,93.026,170.706,24.417
4.197,2.43,19.092,19.092,73.045,247119.079,3221.912,89.537,0.974,45.255,91.952,170.667,24.409
4.197,2.43,19.099,19.099,73.03,247309.918,3220.472,89.531,0.985,45.258,90.904,170.628,24.402
4.197,2.43,19.106,19.106,73.016,247500.862,3219.034,89.525,0.996,45.26,89.881,170.589,24.394
4.197,2.43,19.113,19.113,73.002,247691.908,3217.596,89.519,1.007,45.263,88.881,170.55,24.386
4.197,2.43,19.12,19.12,72.988,247883.053,3216.159,89.513,1.018,45.266,87.903,170.511,24.378
4.197,2.43,19.127,19.127,72.974,248074.294,3214.723,89.507,1.029,45.268,86.948,170.472,24.37
4.197,2.43,19.134,19.134,72.959,248265.629,3213.288,89.501,1.041,45.271,86.013,170.433,24.362
4.197,2.43,19.141,19.141,72.945,248457.057,3211.854,89.495,1.052,45.273,85.099,170.394,24.355
4.197,2.43,19.148,19.148,72.931,248648.574,3210.421,89.489,1.063,45.276,84.205,170.355,24.347
4.197,2.43,19.155,19.155,72.917,248840.18,3208.99,89.483,1.074,45.278,83.33,170.316,24.339
4.197,2.43,19.162,19.162,72.903,249031.868,3207.559,89.476,1.085,45.281,82.473,170.277,24.331
4.197,2.43,19.169,19.169,72.889,249223.637,3206.13,89.47,1.096,45.283,81.634,170.238,24.323
4.197,2.43,19.176,19.176,72.875,249415.483,3204.702,89.464,1.107,45.286,80.813,170.199,24.316
4.197,2.43,19.183,19.183,72.861,249607.411,3203.275,89.458,1.118,45.288,80.008,170.16,24.308
4.197,2.43,19.19,19.19,72.847,249799.426,3201.849,89.452,1.129,45.291,79.22,170.121,24.3
4.197,2.43,19.198,19.198,72.833,249991.534,3200.424,89.446,1.14,45.293,78.447,170.082,24.292
4.197,2.43,19.205,19.205,72.818,250183.723,3199.0,89.44,1.151,45.296,77.69,170.044,24.284
4.197,2.43,19.212,19.212,72.804,250375.967,3197.577,89.434,1.162,45.298,76.948,170.005,24.277
4.197,2.43,19.219,19.219,72.79,250568.24,3196.156,89.429,1.173,45.301,76.219,169.966,24.269
4.197,2.43,19.226,19.226,72.776,250760.528,3194.737,89.423,1.184,45.303,75.504,169.927,24.261
4.197,2.43,19.233,19.233,72.762,250952.902,3193.319,89.417,1.195,45.306,74.802,169.889,24.253
4.197,2.43,19.24,19.24,72.748,251145.457,3191.901,89.411,1.206,45.309,74.116,169.85,24.246
4.197,2.43,19.247,19.247,72.734,251338.282,3190.483,89.405,1.217,45.311,73.444,169.811,24.238
4.197,2.43,19.254,19.254,72.721,251531.306,3189.065,89.399,1.228,45.313,72.786,169.772,24.23
4.197,2.43,19.261,19.261,72.707,251724.175,3187.65,89.393,1.239,45.316,72.138,169.733,24.223
4.197,2.43,19.268,19.268,72.693,251916.538,3186.24,89.387,1.25,45.319,71.495,169.695,24.215
4.197,2.43,19.275,19.275,72.679,252108.166,3184.837,89.381,1.261,45.321,70.855,169.657,24.207
4.197,2.43,19.282,19.282,72.665,252299.877,3183.436,89.375,1.273,45.324,70.226,169.619,24.199
4.197,2.43,19.289,19.289,72.651,252493.05,3182.025,89.369,1.284,45.327,69.624,169.581,24.192
4.197,2.43,19.296,19.296,72.637,252688.944,3180.597,89.363,1.294,45.329,69.059,169.54,24.184
4.197,2.43,19.303,19.303,72.623,252887.198,3179.153,89.357,1.304,45.33,68.527,169.498,24.176
4.197,2.43,19.31,19.31,72.61,253083.2,3177.727,89.35,1.314,45.332,67.982,169.457,24.169
4.197,2.43,19.317,19.317,72.596,253272.063,3176.354,89.345,1.326,45.336,67.376,169.422,24.161
4.197,2.43,19.325,19.325,72.581,253449.889,3175.064,89.341,1.34,45.341,66.674,169.395,24.153
4.197,2.43,19.333,19.333,72.566,253625.003,3173.794,89.338,1.354,45.346,65.957,169.37,24.146
4.197,2.43,19.34,19.34,72.552,253816.919,3172.404,89.332,1.366,45.349,65.406,169.332,24.138
4.197,2.43,19.345,19.345,72.54,254044.347,3170.759,89.322,1.37,45.346,65.186,169.268,24.13
4.197,2.43,19.348,19.348,72.531,254314.634,3168.808,89.306,1.366,45.336,65.366,169.175,24.122
4.197,2.43,19.35,19.35,72.523,254598.95,3166.758,89.29,1.359,45.324,65.69,169.072,24.113
4.197,2.43,19.352,19.352,72.514,254867.468,3164.826,89.275,1.355,45.315,65.888,168.983,24.104
4.197,2.43,19.356,19.356,72.504,255100.878,3163.149,89.265,1.357,45.311,65.773,168.92,24.096
4.197,2.43,19.362,19.362,72.492,255293.865,3161.764,89.261,1.367,45.314,65.294,168.886,24.088
4.197,2.43,19.37,19.37,72.478,255460.984,3160.566,89.259,1.382,45.32,64.589,168.871,24.081
4.197,2.43,19.379,19.379,72.464,255616.728,3159.451,89.259,1.399,45.329,63.794,168.865,24.074
4.197,2.43,19.387,19.387,72.449,255774.805,3158.32,89.258,1.416,45.337,63.03,168.855,24.067
4.197,2.43,19.395,19.395,72.435,255945.654,3157.099,89.255,1.431,45.343,62.383,168.836,24.06
4.197,2.43,19.402,19.402,72.422,256127.102,3155.804,89.252,1.443,45.348,61.831,168.809,24.053
4.197,2.43,19.409,19.409,72.408,256314.174,3154.47,89.247,1.455,45.351,61.332,168.778,24.045
4.197,2.43,19.416,19.416,72.395,256502.114,3153.131,89.243,1.467,45.355,60.845,168.746,24.038
4.197,2.43,19.423,19.423,72.382,256688.049,3151.809,89.238,1.479,45.358,60.349,168.716,24.03
4.197,2.43,19.43,19.43,72.368,256872.824,3150.496,89.234,1.491,45.362,59.851,168.686,24.023
4.197,2.43,19.438,19.438,72.354,257057.699,3149.183,89.23,1.503,45.366,59.359,168.656,24.016
4.197,2.43,19.445,19.445,72.341,257243.834,3147.864,89.225,1.515,45.37,58.883,168.625,24.008
4.197,2.43,19.452,19.452,72.327,257431.654,3146.534,89.22,1.527,45.374,58.425,168.593,24.001
4.197,2.43,19.459,19.459,72.313,257620.723,3145.196,89.216,1.539,45.377,57.982,168.56,23.993
4.197,2.43,19.466,19.466,72.3,257810.585,3143.855,89.211,1.55,45.38,57.55,168.526,23.986
4.197,2.43,19.473,19.473,72.286,258000.846,3142.512,89.206,1.562,45.384,57.126,168.492,23.978
4.197,2.43,19.48,19.48,72.273,258191.399,3141.169,89.201,1.573,45.387,56.709,168.458,23.971
4.197,2.43,19.487,19.487,72.259,258382.302,3139.825,89.195,1.584,45.39,56.3,168.423,23.964
4.197,2.43,19.494,19.494,72.246,258573.612,3138.48,89.19,1.596,45.393,55.899,168.388,23.956
4.197,2.43,19.501,19.501,72.232,258765.364,3137.133,89.185,1.607,45.396,55.506,168.353,23.949
4.197,2.43,19.508,19.508,72.219,258957.511,3135.785,89.18,1.618,45.399,55.12,168.318,23.941
4.197,2.43,19.515,19.515,72.205,259149.99,3134.436,89.175,1.629,45.402,54.741,168.282,23.934
4.197,2.43,19.522,19.522,72.192,259342.746,3133.087,89.169,1.64,45.405,54.368,168.246,23.926
4.197,2.43,19.529,19.529,72.178,259535.74,3131.737,89.164,1.651,45.408,54.002,168.21,23.919
4.197,2.43,19.536,19.536,72.165,259728.955,3130.388,89.159,1.662,45.41,53.641,168.174,23.912
4.197,2.43,19.543,19.543,72.151,259922.379,3129.039,89.153,1.673,45.413,53.286,168.138,23.904
4.197,2.43,19.55,19.55,72.138,260116.001,3127.69,89.148,1.684,45.416,52.936,168.102,23.897
4.197,2.43,19.557,19.557,72.124,260309.806,3126.342,89.143,1.695,45.419,52.592,168.065,23.889
4.197,2.43,19.564,19.564,72.111,260503.777,3124.993,89.137,1.706,45.422,52.253,168.029,23.882
4.197,2.43,19.571,19.571,72.097,260697.899,3123.646,89.132,1.717,45.424,51.918,167.992,23.874
4.197,2.43,19.578,19.578,72.084,260892.161,3122.299,89.126,1.728,45.427,51.589,167.956,23.867
4.197,2.43,19.585,19.585,72.071,261086.551,3120.953,89.121,1.738,45.43,51.264,167.919,23.86
4.197,2.43,19.592,19.592,72.057,261281.063,3119.607,89.116,1.749,45.432,50.943,167.883,23.852
4.197,2.43,19.599,19.599,72.044,261475.689,3118.262,89.11,1.76,45.435,50.627,167.846,23.845
4.197,2.43,19.606,19.606,72.031,261670.422,3116.918,89.105,1.771,45.438,50.315,167.809,23.837
4.197,2.43,19.613,19.613,72.017,261865.254,3115.575,89.099,1.782,45.441,50.007,167.773,23.83
4.197,2.43,19.62,19.62,72.004,262060.178,3114.233,89.094,1.793,45.443,49.703,167.736,23.823
4.197,2.43,19.627,19.627,71.99,262255.187,3112.892,89.089,1.803,45.446,49.403,167.699,23.815
4.197,2.43,19.634,19.634,71.977,262450.28,3111.552,89.083,1.814,45.449,49.107,167.663,23.808
4.197,2.43,19.641,19.641,71.964,262645.462,3110.213,89.078,1.825,45.451,48.815,167.626,23.801
4.197,2.43,19.648,19.648,71.95,262840.734,3108.875,89.072,1.836,45.454,48.526,167.589,23.793
4.197,2.43,19.655,19.655,71.937,263036.095,3107.537,89.067,1.846,45.457,48.241,167.553,23.786
4.197,2.43,19.662,19.662,71.924,263231.521,3106.201,89.062,1.857,45.459,47.96,167.516,23.779
4.197,2.43,19.669,19.669,71.911,263426.985,3104.866,89.056,1.868,45.462,47.682,167.479,23.771
4.197,2.43,19.676,19.676,71.897,263622.464,3103.533,89.051,1.878,45.465,47.407,167.443,23.764
4.197,2.43,19.683,19.683,71.884,263817.974,3102.201,89.045,1.889,45.467,47.135,167.406,23.757
4.197,2.43,19.689,19.689,71.871,264013.606,3100.87,89.04,1.9,45.47,46.866,167.37,23.749
4.197,2.43,19.696,19.696,71.858,264209.448,3099.539,89.035,1.911,45.473,46.602,167.333,23.742
4.197,2.43,19.703,19.703,71.844,264405.564,3098.207,89.029,1.921,45.475,46.341,167.296,23.735
4.197,2.43,19.71,19.71,71.831,264601.773,3096.877,89.024,1.932,45.478,46.083,167.26,23.727
4.197,2.43,19.717,19.717,71.818,264797.723,3095.55,89.019,1.942,45.481,45.828,167.223,23.72
4.197,2.43,19.724,19.724,71.805,264993.087,3094.228,89.013,1.953,45.483,45.572,167.187,23.713
4.197,2.43,19.731,19.731,71.792,265187.777,3092.912,89.008,1.964,45.486,45.316,167.152,23.706
4.197,2.43,19.738,19.738,71.778,265382.809,3091.596,89.003,1.975,45.489,45.064,167.116,23.698
4.197,2.43,19.745,19.745,71.765,265579.481,3090.27,88.998,1.986,45.492,44.822,167.079,23.691
4.197,2.43,19.752,19.752,71.752,265778.958,3088.927,88.992,1.996,45.494,44.593,167.041,23.684
4.197,2.43,19.758,19.758,71.739,265980.489,3087.571,88.986,2.005,45.496,44.375,167.001,23.676
4.197,2.43,19.765,19.765,71.726,266179.497,3086.235,88.981,2.015,45.498,44.15,166.963,23.669
4.197,2.43,19.772,19.772,71.713,266371.378,3084.947,88.976,2.027,45.501,43.899,166.93,23.662
4.197,2.43,19.78,19.78,71.699,266552.382,3083.734,88.972,2.04,45.506,43.607,166.904,23.655
4.197,2.43,19.788,19.788,71.685,266730.012,3082.545,88.969,2.055,45.512,43.304,166.881,23.648
4.197,2.43,19.795,19.795,71.672,266922.781,3081.255,88.965,2.066,45.515,43.062,166.847,23.641
4.197,2.43,19.8,19.8,71.66,267148.616,3079.747,88.956,2.071,45.513,42.947,166.79,23.633
4.197,2.43,19.803,19.803,71.651,267417.725,3077.952,88.942,2.068,45.505,43.0,166.705,23.625
4.197,2.43,19.805,19.805,71.643,267706.303,3076.03,88.926,2.062,45.494,43.132,166.607,23.616
4.197,2.43,19.807,19.807,71.635,267984.139,3074.183,88.911,2.057,45.484,43.232,166.517,23.608
4.197,2.43,19.811,19.811,71.627,268231.275,3072.543,88.901,2.057,45.479,43.221,166.45,23.6
4.197,2.43,19.816,19.816,71.616,268437.743,3071.174,88.895,2.065,45.48,43.058,166.412,23.593
4.197,2.43,19.823,19.823,71.603,268614.045,3070.007,88.893,2.078,45.486,42.783,166.394,23.586
4.197,2.43,19.832,19.832,71.59,268774.596,3068.945,88.893,2.094,45.494,42.451,166.387,23.58
4.197,2.43,19.84,19.84,71.576,268932.343,3067.902,88.893,2.111,45.502,42.111,166.381,23.573
4.197,2.43,19.848,19.848,71.562,269099.737,3066.797,88.892,2.126,45.509,41.807,166.368,23.566
4.197,2.43,19.855,19.855,71.549,269279.657,3065.61,88.89,2.139,45.515,41.549,166.346,23.559
4.197,2.43,19.862,19.862,71.536,269467.521,3064.373,88.886,2.151,45.519,41.321,166.318,23.552
4.197,2.43,19.869,19.869,71.524,269658.663,3063.115,88.882,2.162,45.522,41.105,166.288,23.545
4.197,2.43,19.876,19.876,71.511,269848.909,3061.864,88.878,2.174,45.526,40.888,166.259,23.538
4.197,2.43,19.883,19.883,71.498,270037.311,3060.627,88.874,2.185,45.53,40.666,166.23,23.531
4.197,2.43,19.89,19.89,71.485,270225.076,3059.395,88.87,2.197,45.534,40.444,166.202,23.524
4.197,2.43,19.897,19.897,71.472,270413.37,3058.161,88.867,2.209,45.538,40.224,166.174,23.517
4.197,2.43,19.904,19.904,71.46,270603.195,3056.919,88.863,2.221,45.542,40.012,166.145,23.51
4.197,2.43,19.911,19.911,71.447,270794.599,3055.668,88.858,2.232,45.545,39.806,166.114,23.503
4.197,2.43,19.918,19.918,71.434,270987.122,3054.411,88.854,2.243,45.549,39.605,166.082,23.496
4.197,2.43,19.925,19.925,71.421,271180.336,3053.15,88.85,2.255,45.552,39.408,166.051,23.489
4.197,2.43,19.932,19.932,71.408,271373.895,3051.889,88.845,2.266,45.555,39.214,166.018,23.482
4.197,2.43,19.939,19.939,71.395,271567.748,3050.627,88.841,2.277,45.559,39.022,165.986,23.475
4.197,2.43,19.946,19.946,71.383,271761.95,3049.365,88.836,2.288,45.562,38.832,165.953,23.468
4.197,2.43,19.953,19.953,71.37,271956.555,3048.101,88.831,2.299,45.565,38.646,165.92,23.461
4.197,2.43,19.96,19.96,71.357,272151.59,3046.836,88.827,2.309,45.568,38.462,165.887,23.454
4.197,2.43,19.967,19.967,71.344,272347.005,3045.57,88.822,2.32,45.571,38.28,165.854,23.447
4.197,2.43,19.974,19.974,71.331,272542.74,3044.303,88.817,2.331,45.574,38.101,165.82,23.44
4.197,2.43,19.981,19.981,71.319,272738.74,3043.036,88.813,2.342,45.577,37.925,165.786,23.433
4.197,2.43,19.988,19.988,71.306,272934.966,3041.769,88.808,2.353,45.58,37.75,165.752,23.426
4.197,2.43,19.994,19.994,71.293,273131.4,3040.502,88.803,2.363,45.583,37.578,165.718,23.419
4.197,2.43,20.001,20.001,71.28,273328.029,3039.236,88.798,2.374,45.586,37.407,165.684,23.412
4.197,2.43,20.008,20.008,71.268,273524.843,3037.969,88.793,2.384,45.589,37.239,165.65,23.405
4.197,2.43,20.015,20.015,71.255,273721.826,3036.703,88.789,2.395,45.592,37.072,165.615,23.398
4.197,2.43,20.022,20.022,71.242,273918.96,3035.437,88.784,2.406,45.595,36.907,165.581,23.391
4.197,2.43,20.029,20.029,71.23,274116.228,3034.172,88.779,2.416,45.598,36.744,165.546,23.384
4.197,2.43,20.036,20.036,71.217,274313.614,3032.908,88.774,2.427,45.6,36.582,165.512,23.377
4.197,2.43,20.042,20.042,71.204,274511.112,3031.644,88.769,2.437,45.603,36.423,165.477,23.37
4.197,2.43,20.049,20.049,71.192,274708.719,3030.381,88.764,2.448,45.606,36.264,165.443,23.363
4.197,2.43,20.056,20.056,71.179,274906.432,3029.119,88.759,2.458,45.609,36.108,165.408,23.356
4.197,2.43,20.063,20.063,71.166,275104.245,3027.858,88.755,2.469,45.612,35.953,165.373,23.349
4.197,2.43,20.07,20.07,71.154,275302.134,3026.597,88.75,2.479,45.614,35.799,165.339,23.342
4.197,2.43,20.077,20.077,71.141,275500.069,3025.338,88.745,2.49,45.617,35.647,165.304,23.335
4.197,2.43,20.083,20.083,71.128,275698.021,3024.08,88.74,2.5,45.62,35.496,165.269,23.328
4.197,2.43,20.09,20.09,71.116,275895.988,3022.823,88.735,2.51,45.623,35.346,165.235,23.321
4.197,2.43,20.097,20.097,71.103,276094.043,3021.567,88.73,2.521,45.626,35.198,165.2,23.314
4.197,2.43,20.104,20.104,71.09,276292.27,3020.312,88.725,2.531,45.628,35.052,165.165,23.307
4.197,2.43,20.111,20.111,71.078,276490.743,3019.056,88.721,2.542,45.631,34.907,165.13,23.3
4.197,2.43,20.117,20.117,71.065,276689.394,3017.801,88.716,2.552,45.634,34.764,165.095,23.293
4.197,2.43,20.124,20.124,71.053,276887.9,3016.548,88.711,2.562,45.637,34.621,165.061,23.286
4.197,2.43,20.131,20.131,71.04,277085.939,3015.3,88.706,2.573,45.639,34.479,165.026,23.28
4.197,2.43,20.138,20.138,71.028,277283.243,3014.057,88.701,2.583,45.642,34.336,164.992,23.273
4.197,2.43,20.145,20.145,71.015,277480.268,3012.818,88.697,2.594,45.645,34.194,164.958,23.266
4.197,2.43,20.152,20.152,71.003,277678.247,3011.574,88.692,2.604,45.648,34.055,164.924,23.259
4.197,2.43,20.158,20.158,70.99,277878.345,3010.318,88.687,2.614,45.651,33.922,164.888,23.252
4.197,2.43,20.165,20.165,70.978,278081.377,3009.045,88.681,2.624,45.653,33.796,164.851,23.245
4.197,2.43,20.171,20.171,70.966,278284.808,3007.771,88.676,2.633,45.655,33.673,164.813,23.238
4.197,2.43,20.178,20.178,70.953,278484.039,3006.525,88.671,2.644,45.657,33.542,164.778,23.231
4.197,2.43,20.185,20.185,70.94,278674.889,3005.332,88.667,2.655,45.661,33.393,164.749,23.224
4.197,2.43,20.193,20.193,70.927,278855.235,3004.207,88.665,2.669,45.667,33.221,164.726,23.218
4.197,2.43,20.201,20.201,70.914,279036.817,3003.074,88.662,2.682,45.672,33.054,164.703,23.211
4.197,2.43,20.208,20.208,70.901,279237.387,3001.825,88.657,2.692,45.675,32.928,164.667,23.204
4.197,2.43,20.213,20.213,70.89,279473.381,3000.357,88.648,2.696,45.672,32.879,164.607,23.197
4.197,2.43,20.215,20.215,70.882,279750.332,2998.637,88.634,2.692,45.663,32.919,164.522,23.189
4.197,2.43,20.217,20.217,70.875,280041.396,2996.832,88.619,2.686,45.652,32.993,164.429,23.181
4.197,2.43,20.219,20.219,70.868,280319.344,2995.111,88.605,2.681,45.643,33.044,164.345,23.173
4.197,2.43,20.222,20.222,70.859,280566.43,2993.583,88.596,2.682,45.639,33.032,164.283,23.166
4.197,2.43,20.228,20.228,70.849,280773.969,2992.302,88.591,2.69,45.64,32.938,164.247,23.159
4.197,2.43,20.235,20.235,70.837,280952.157,2991.203,88.589,2.702,45.646,32.781,164.23,23.152
4.197,2.43,20.243,20.243,70.824,281114.507,2990.202,88.589,2.718,45.654,32.592,164.223,23.146
4.197,2.43,20.251,20.251,70.811,281273.099,2989.226,88.59,2.735,45.662,32.395,164.218,23.14
4.197,2.43,20.259,20.259,70.798,281439.876,2988.2,88.589,2.75,45.67,32.216,164.207,23.134
4.197,2.43,20.267,20.267,70.785,281619.392,2987.097,88.587,2.763,45.675,32.062,164.188,23.127
4.197,2.43,20.274,20.274,70.773,281807.599,2985.942,88.584,2.775,45.679,31.926,164.162,23.12
4.197,2.43,20.28,20.28,70.761,282000.051,2984.761,88.581,2.786,45.683,31.8,164.134,23.114
4.197,2.43,20.287,20.287,70.749,282192.572,2983.582,88.577,2.797,45.687,31.674,164.106,23.107
4.197,2.43,20.294,20.294,70.737,282383.122,2982.416,88.574,2.808,45.691,31.544,164.079,23.101
4.197,2.43,20.301,20.301,70.725,282572.652,2981.258,88.57,2.819,45.695,31.414,164.052,23.094
4.197,2.43,20.308,20.308,70.713,282762.285,2980.1,88.567,2.831,45.699,31.284,164.026,23.087
4.197,2.43,20.315,20.315,70.7,282953.068,2978.936,88.564,2.843,45.703,31.157,163.998,23.081
4.197,2.43,20.322,20.322,70.688,283145.51,2977.764,88.56,2.854,45.707,31.034,163.969,23.074
4.197,2.43,20.329,20.329,70.676,283339.249,2976.584,88.556,2.865,45.71,30.913,163.94,23.067
4.197,2.43,20.336,20.336,70.664,283533.864,2975.401,88.552,2.876,45.714,30.795,163.91,23.061
4.197,2.43,20.343,20.343,70.651,283728.969,2974.216,88.548,2.886,45.717,30.679,163.879,23.054
4.197,2.43,20.35,20.35,70.639,283924.346,2973.031,88.544,2.897,45.721,30.563,163.849,23.047
4.197,2.43,20.356,20.356,70.627,284120.023,2971.845,88.54,2.908,45.724,30.449,163.818,23.041
4.197,2.43,20.363,20.363,70.615,284316.052,2970.659,88.536,2.918,45.727,30.336,163.787,23.034
4.197,2.43,20.37,20.37,70.603,284512.483,2969.471,88.532,2.929,45.73,30.225,163.756,23.027
4.197,2.43,20.377,20.377,70.591,284709.32,2968.282,88.528,2.94,45.734,30.115,163.724,23.021
4.197,2.43,20.384,20.384,70.578,284906.51,2967.092,88.523,2.95,45.737,30.006,163.693,23.014
4.197,2.43,20.39,20.39,70.566,285104.0,2965.902,88.519,2.961,45.74,29.898,163.661,23.007
4.197,2.43,20.397,20.397,70.554,285301.74,2964.711,88.515,2.971,45.743,29.791,163.629,23.001
4.197,2.43,20.404,20.404,70.542,285499.697,2963.521,88.511,2.982,45.746,29.686,163.597,22.994
4.197,2.43,20.411,20.411,70.53,285697.858,2962.331,88.506,2.992,45.749,29.581,163.564,22.987
4.197,2.43,20.418,20.418,70.518,285896.21,2961.14,88.502,3.002,45.752,29.477,163.532,22.981
4.197,2.43,20.424,20.424,70.506,286094.742,2959.95,88.498,3.013,45.755,29.374,163.5,22.974
4.197,2.43,20.431,20.431,70.494,286293.445,2958.761,88.494,3.023,45.758,29.273,163.467,22.968
4.197,2.43,20.438,20.438,70.482,286492.311,2957.571,88.489,3.033,45.761,29.172,163.435,22.961
4.197,2.43,20.445,20.445,70.469,286691.333,2956.382,88.485,3.044,45.764,29.071,163.402,22.954
4.197,2.43,20.451,20.451,70.457,286890.504,2955.193,88.481,3.054,45.767,28.972,163.37,22.948
4.197,2.43,20.458,20.458,70.445,287089.805,2954.005,88.476,3.064,45.77,28.874,163.337,22.941
4.197,2.43,20.465,20.465,70.433,287289.207,2952.818,88.472,3.075,45.773,28.776,163.304,22.934
4.197,2.43,20.472,20.472,70.421,287488.681,2951.631,88.467,3.085,45.776,28.679,163.272,22.928
4.197,2.43,20.478,20.478,70.409,287688.207,2950.446,88.463,3.095,45.779,28.582,163.239,22.921
4.197,2.43,20.485,20.485,70.397,287887.823,2949.261,88.459,3.105,45.782,28.487,163.207,22.915
4.197,2.43,20.492,20.492,70.385,288087.61,2948.077,88.454,3.115,45.785,28.392,163.174,22.908
4.197,2.43,20.498,20.498,70.373,288287.642,2946.892,88.45,3.126,45.788,28.298,163.141,22.901
4.197,2.43,20.505,20.505,70.361,288487.968,2945.707,88.446,3.136,45.791,28.205,163.108,22.895
4.197,2.43,20.512,20.512,70.349,288688.404,2944.522,88.441,3.146,45.794,28.113,163.076,22.888
4.197,2.43,20.519,20.519,70.337,288888.63,2943.341,88.437,3.156,45.797,28.021,163.043,22.882
4.197,2.43,20.525,20.525,70.325,289088.353,2942.163,88.433,3.166,45.8,27.929,163.011,22.875
4.197,2.43,20.532,20.532,70.313,289287.4,2940.991,88.429,3.177,45.803,27.836,162.979,22.868
4.197,2.43,20.539,20.539,70.301,289486.509,2939.819,88.424,3.187,45.806,27.744,162.947,22.862
4.197,2.43,20.546,20.546,70.289,289686.863,2938.642,88.42,3.197,45.809,27.654,162.914,22.855
4.197,2.43,20.552,20.552,70.278,289889.543,2937.452,88.416,3.207,45.811,27.568,162.881,22.849
4.197,2.43,20.559,20.559,70.266,290095.085,2936.246,88.411,3.216,45.814,27.487,162.845,22.842
4.197,2.43,20.565,20.565,70.254,290300.481,2935.043,88.406,3.226,45.816,27.406,162.81,22.835
4.197,2.43,20.572,20.572,70.242,290501.382,2933.868,88.402,3.236,45.819,27.32,162.777,22.829
4.197,2.43,20.579,20.579,70.23,290693.858,2932.743,88.398,3.247,45.823,27.222,162.75,22.822
4.197,2.43,20.587,20.587,70.217,290876.126,2931.678,88.396,3.261,45.828,27.11,162.729,22.816
4.197,2.43,20.594,20.594,70.204,291059.819,2930.607,88.394,3.274,45.834,27.0,162.707,22.81
4.197,2.43,20.601,20.601,70.193,291261.876,2929.43,88.389,3.284,45.837,26.916,162.674,22.803
4.197,2.43,20.606,20.606,70.182,291498.021,2928.055,88.381,3.288,45.835,26.879,162.619,22.796
4.197,2.43,20.609,20.609,70.174,291775.285,2926.444,88.368,3.285,45.827,26.9,162.539,22.789
4.197,2.43,20.61,20.61,70.167,292069.599,2924.736,88.354,3.279,45.816,26.947,162.45,22.781
4.197,2.43,20.612,20.612,70.161,292353.873,2923.089,88.34,3.274,45.807,26.984,162.368,22.774
4.197,2.43,20.615,20.615,70.153,292610.201,2921.606,88.331,3.273,45.802,26.984,162.304,22.766
4.197,2.43,20.62,20.62,70.143,292828.166,2920.346,88.325,3.279,45.802,26.933,162.265,22.76
4.197,2.43,20.627,20.627,70.132,293014.147,2919.273,88.323,3.291,45.807,26.838,162.246,22.754
4.197,2.43,20.634,20.634,70.12,293181.504,2918.308,88.324,3.306,45.815,26.718,162.239,22.748
4.197,2.43,20.643,20.643,70.108,293341.858,2917.384,88.325,3.322,45.823,26.589,162.235,22.742
4.197,2.43,20.651,20.651,70.095,293506.71,2916.435,88.325,3.337,45.831,26.465,162.228,22.736
4.197,2.43,20.658,20.658,70.083,293684.274,2915.414,88.324,3.351,45.837,26.358,162.213,22.73
4.197,2.43,20.665,20.665,70.071,293872.164,2914.334,88.321,3.363,45.842,26.264,162.191,22.723
4.197,2.43,20.672,20.672,70.06,294066.059,2913.221,88.318,3.374,45.846,26.179,162.165,22.717
4.197,2.43,20.678,20.678,70.049,294261.804,2912.099,88.315,3.384,45.85,26.096,162.138,22.711
4.197,2.43,20.685,20.685,70.037,294456.034,2910.987,88.312,3.395,45.854,26.011,162.112,22.704
4.197,2.43,20.692,20.692,70.025,294648.724,2909.884,88.309,3.406,45.858,25.925,162.087,22.698
4.197,2.43,20.699,20.699,70.014,294840.991,2908.785,88.306,3.418,45.862,25.838,162.062,22.692
4.197,2.43,20.706,20.706,70.002,295033.877,2907.684,88.303,3.429,45.866,25.753,162.037,22.685
4.197,2.43,20.713,20.713,69.99,295228.284,2906.575,88.3,3.44,45.87,25.669,162.01,22.679
4.197,2.43,20.719,20.719,69.979,295424.258,2905.459,88.297,3.451,45.874,25.588,161.983,22.673
4.197,2.43,20.726,20.726,69.967,295621.375,2904.337,88.293,3.461,45.877,25.508,161.955,22.666
4.197,2.43,20.733,20.733,69.955,295819.24,2903.212,88.29,3.472,45.881,25.43,161.926,22.66
4.197,2.43,20.74,20.74,69.944,296017.503,2902.085,88.286,3.482,45.884,25.352,161.897,22.654
4.197,2.43,20.746,20.746,69.932,296216.045,2900.959,88.283,3.493,45.888,25.275,161.868,22.647
4.197,2.43,20.753,20.753,69.921,296414.91,2899.832,88.279,3.503,45.891,25.199,161.839,22.641
4.197,2.43,20.76,20.76,69.909,296614.146,2898.704,88.275,3.514,45.894,25.123,161.809,22.635
4.197,2.43,20.766,20.766,69.897,296813.792,2897.575,88.271,3.524,45.898,25.049,161.779,22.628
4.197,2.43,20.773,20.773,69.886,297013.84,2896.444,88.268,3.534,45.901,24.975,161.749,22.622
4.197,2.43,20.78,20.78,69.874,297214.238,2895.313,88.264,3.545,45.904,24.902,161.719,22.616
4.197,2.43,20.786,20.786,69.863,297414.937,2894.182,88.26,3.555,45.907,24.829,161.689,22.609
4.197,2.43,20.793,20.793,69.851,297615.896,2893.05,88.256,3.565,45.911,24.757,161.658,22.603
4.197,2.43,20.8,20.8,69.839,297817.074,2891.918,88.252,3.575,45.914,24.686,161.628,22.597
4.197,2.43,20.806,20.806,69.828,298018.437,2890.787,88.248,3.585,45.917,24.615,161.597,22.59
4.197,2.43,20.813,20.813,69.816,298219.953,2889.656,88.245,3.595,45.92,24.545,161.566,22.584
4.197,2.43,20.82,20.82,69.805,298421.594,2888.525,88.241,3.605,45.923,24.476,161.536,22.577
4.197,2.43,20.826,20.826,69.793,298623.378,2887.394,88.237,3.615,45.926,24.406,161.505,22.571
4.197,2.43,20.833,20.833,69.782,298825.372,2886.264,88.233,3.625,45.929,24.338,161.474,22.565
4.197,2.43,20.839,20.839,69.77,299027.639,2885.134,88.229,3.635,45.932,24.27,161.443,22.559
4.197,2.43,20.846,20.846,69.759,299230.23,2884.002,88.225,3.645,45.935,24.202,161.412,22.552
4.197,2.43,20.853,20.853,69.747,299433.029,2882.871,88.221,3.655,45.938,24.136,161.38,22.546
4.197,2.43,20.859,20.859,69.736,299635.726,2881.742,88.217,3.665,45.941,24.069,161.349,22.54
4.197,2.43,20.866,20.866,69.724,299838.026,2880.616,88.213,3.675,45.944,24.003,161.318,22.533
4.197,2.43,20.872,20.872,69.713,300039.675,2879.494,88.209,3.685,45.947,23.936,161.288,22.527
4.197,2.43,20.879,20.879,69.701,300241.026,2878.376,88.205,3.695,45.95,23.869,161.257,22.521
4.197,2.43,20.886,20.886,69.69,300443.193,2877.254,88.201,3.705,45.953,23.803,161.227,22.514
4.197,2.43,20.892,20.892,69.678,300647.252,2876.124,88.197,3.715,45.956,23.74,161.195,22.508
4.197,2.43,20.899,20.899,69.667,300854.137,2874.978,88.193,3.724,45.959,23.68,161.161,22.502
4.197,2.43,20.905,20.905,69.656,301062.64,2873.825,88.188,3.733,45.961,23.622,161.127,22.495
4.197,2.43,20.911,20.911,69.645,301268.619,2872.687,88.184,3.743,45.963,23.561,161.094,22.489
4.197,2.43,20.918,20.918,69.633,301468.119,2871.586,88.181,3.753,45.967,23.495,161.065,22.483
4.197,2.43,20.925,20.925,69.621,301657.593,2870.542,88.178,3.765,45.972,23.418,161.042,22.477
4.197,2.43,20.933,20.933,69.609,301840.504,2869.534,88.176,3.779,45.978,23.335,161.023,22.471
4.197,2.43,20.94,20.94,69.597,302032.253,2868.479,88.174,3.791,45.982,23.261,160.999,22.465
4.197,2.43,20.946,20.946,69.586,302248.798,2867.289,88.168,3.798,45.983,23.212,160.96,22.458
4.197,2.43,20.95,20.95,69.577,302504.056,2865.888,88.159,3.8,45.979,23.202,160.897,22.451
4.197,2.43,20.952,20.952,69.57,302794.125,2864.298,88.145,3.795,45.97,23.228,160.814,22.444
4.197,2.43,20.954,20.954,69.563,303090.487,2862.676,88.131,3.789,45.96,23.262,160.729,22.437
4.197,2.43,20.956,20.956,69.557,303370.268,2861.147,88.119,3.785,45.952,23.282,160.654,22.43
4.197,2.43,20.959,20.959,69.549,303618.739,2859.791,88.111,3.786,45.949,23.272,160.6,22.423
4.197,2.43,20.965,20.965,69.539,303829.139,2858.644,88.107,3.794,45.95,23.225,160.568,22.417
4.197,2.43,20.972,20.972,69.529,304011.482,2857.651,88.106,3.806,45.956,23.151,160.553,22.411
4.197,2.43,20.979,20.979,69.517,304178.041,2856.745,88.107,3.821,45.964,23.062,160.547,22.405
4.197,2.43,20.987,20.987,69.505,304339.764,2855.866,88.108,3.836,45.972,22.967,160.544,22.399
4.197,2.43,20.995,20.995,69.493,304507.648,2854.954,88.109,3.851,45.98,22.878,160.537,22.394
4.197,2.43,21.002,21.002,69.482,304688.298,2853.973,88.108,3.864,45.986,22.801,160.521,22.388
4.197,2.43,21.009,21.009,69.47,304878.721,2852.941,88.105,3.876,45.991,22.733,160.5,22.382
4.197,2.43,21.016,21.016,69.459,305074.765,2851.879,88.103,3.886,45.994,22.67,160.475,22.376
4.197,2.43,21.022,21.022,69.448,305272.452,2850.81,88.1,3.897,45.998,22.61,160.449,22.369
4.197,2.43,21.029,21.029,69.437,305468.593,2849.75,88.097,3.907,46.002,22.547,160.424,22.363
4.197,2.43,21.036,21.036,69.426,305663.202,2848.699,88.094,3.918,46.006,22.484,160.4,22.357
4.197,2.43,21.043,21.043,69.415,305857.353,2847.652,88.092,3.929,46.01,22.42,160.376,22.351
4.197,2.43,21.049,21.049,69.404,306052.048,2846.603,88.089,3.94,46.015,22.357,160.352,22.345
4.197,2.43,21.056,21.056,69.393,306248.177,2845.547,88.086,3.951,46.019,22.295,160.327,22.339
4.197,2.43,21.063,21.063,69.381,306445.878,2844.484,88.083,3.961,46.022,22.235,160.301,22.333
4.197,2.43,21.069,21.069,69.37,306644.746,2843.415,88.08,3.972,46.026,22.176,160.274,22.327
4.197,2.43,21.076,21.076,69.359,306844.394,2842.344,88.077,3.982,46.03,22.118,160.246,22.321
4.197,2.43,21.083,21.083,69.348,307044.468,2841.271,88.074,3.992,46.033,22.061,160.219,22.315
4.197,2.43,21.089,21.089,69.337,307244.797,2840.199,88.07,4.003,46.036,22.004,160.191,22.309
4.197,2.43,21.096,21.096,69.326,307445.419,2839.125,88.067,4.013,46.04,21.947,160.163,22.303
4.197,2.43,21.102,21.102,69.315,307646.388,2838.051,88.064,4.023,46.043,21.891,160.134,22.297
4.197,2.43,21.109,21.109,69.303,307847.75,2836.976,88.06,4.033,46.047,21.835,160.106,22.291
4.197,2.43,21.116,21.116,69.292,308049.514,2835.9,88.057,4.043,46.05,21.78,160.077,22.285
4.197,2.43,21.122,21.122,69.281,308251.611,2834.823,88.053,4.053,46.053,21.726,160.048,22.278
4.197,2.43,21.129,21.129,69.27,308453.969,2833.746,88.05,4.063,46.056,21.672,160.019,22.272
4.197,2.43,21.135,21.135,69.259,308656.521,2832.669,88.046,4.073,46.06,21.618,159.99,22.266
4.197,2.43,21.142,21.142,69.248,308859.233,2831.593,88.043,4.083,46.063,21.565,159.961,22.26
4.197,2.43,21.148,21.148,69.237,309062.156,2830.516,88.039,4.093,46.066,21.512,159.932,22.254
4.197,2.43,21.155,21.155,69.226,309265.354,2829.439,88.036,4.102,46.069,21.459,159.902,22.248
4.197,2.43,21.161,21.161,69.215,309468.887,2828.361,88.032,4.112,46.072,21.407,159.873,22.242
4.197,2.43,21.168,21.168,69.204,309672.762,2827.283,88.029,4.122,46.075,21.356,159.843,22.236
4.197,2.43,21.174,21.174,69.193,309876.739,2826.205,88.025,4.132,46.078,21.304,159.813,22.23
4.197,2.43,21.181,21.181,69.182,310080.518,2825.129,88.021,4.142,46.081,21.253,159.784,22.224
4.197,2.43,21.187,21.187,69.171,310283.825,2824.057,88.018,4.151,46.085,21.202,159.754,22.218
4.197,2.43,21.194,21.194,69.16,310486.51,2822.99,88.014,4.161,46.088,21.15,159.725,22.212
4.197,2.43,21.201,21.201,69.148,310689.281,2821.923,88.011,4.171,46.091,21.099,159.696,22.206
4.197,2.43,21.207,21.207,69.137,310893.22,2820.851,88.007,4.181,46.094,21.049,159.667,22.2
4.197,2.43,21.214,21.214,69.127,311099.317,2819.769,88.003,4.19,46.097,21.001,159.636,22.194
4.197,2.43,21.22,21.22,69.116,311308.275,2818.672,87.999,4.199,46.099,20.955,159.603,22.188
4.197,2.43,21.226,21.226,69.105,311517.938,2817.574,87.995,4.208,46.102,20.91,159.571,22.181
4.197,2.43,21.232,21.232,69.094,311724.262,2816.494,87.991,4.218,46.104,20.863,159.54,22.175
4.197,2.43,21.239,21.239,69.083,311923.566,2815.452,87.988,4.228,46.108,20.81,159.513,22.169
4.197,2.43,21.246,21.246,69.071,312112.706,2814.464,87.986,4.24,46.113,20.75,159.492,22.164
4.197,2.43,21.254,21.254,69.06,312297.065,2813.501,87.985,4.253,46.119,20.686,159.474,22.158
4.197,2.43,21.261,21.261,69.048,312491.872,2812.486,87.982,4.265,46.124,20.63,159.45,22.152
4.197,2.43,21.267,21.267,69.038,312712.236,2811.338,87.977,4.272,46.124,20.594,159.411,22.146
4.197,2.43,21.271,21.271,69.029,312971.095,2809.991,87.968,4.273,46.12,20.587,159.349,22.139
4.197,2.43,21.273,21.273,69.022,313263.308,2808.473,87.955,4.268,46.111,20.607,159.27,22.132
4.197,2.43,21.274,21.274,69.016,313561.274,2806.927,87.941,4.262,46.102,20.633,159.187,22.125
4.197,2.43,21.276,21.276,69.01,313843.235,2805.467,87.93,4.258,46.094,20.648,159.115,22.118
4.197,2.43,21.279,21.279,69.002,314095.171,2804.164,87.922,4.259,46.091,20.642,159.061,22.112
4.197,2.43,21.285,21.285,68.993,314309.874,2803.054,87.918,4.266,46.092,20.608,159.029,22.106
4.197,2.43,21.291,21.291,68.983,314495.825,2802.095,87.917,4.278,46.097,20.553,159.014,22.1
4.197,2.43,21.299,21.299,68.972,314664.924,2801.223,87.918,4.292,46.105,20.485,159.008,22.094
4.197,2.43,21.306,21.306,68.961,314827.603,2800.384,87.919,4.307,46.113,20.412,159.005,22.089
4.197,2.43,21.314,21.314,68.949,314994.257,2799.526,87.92,4.322,46.121,20.341,159.0,22.084
4.197,2.43,21.322,21.322,68.938,315173.136,2798.606,87.92,4.335,46.127,20.279,158.987,22.078
4.197,2.43,21.328,21.328,68.927,315362.684,2797.632,87.918,4.347,46.132,20.225,158.968,22.072
4.197,2.43,21.335,21.335,68.916,315558.902,2796.625,87.916,4.357,46.137,20.176,158.945,22.066
4.197,2.43,21.341,21.341,68.906,315757.919,2795.604,87.913,4.368,46.14,20.129,158.921,22.061
4.197,2.43,21.348,21.348,68.895,315956.214,2794.588,87.91,4.378,46.144,20.081,158.896,22.055
4.197,2.43,21.355,21.355,68.885,316152.7,2793.582,87.908,4.388,46.148,20.032,158.873,22.049
4.197,2.43,21.361,21.361,68.874,316348.358,2792.581,87.906,4.399,46.152,19.982,158.85,22.043
4.197,2.43,21.368,21.368,68.863,316544.171,2791.581,87.903,4.41,46.157,19.933,158.827,22.037
4.197,2.43,21.375,21.375,68.852,316741.057,2790.576,87.901,4.421,46.161,19.884,158.804,22.032
4.197,2.43,21.381,21.381,68.842,316939.572,2789.564,87.898,4.431,46.165,19.837,158.779,22.026
4.197,2.43,21.388,21.388,68.831,317139.437,2788.546,87.896,4.441,46.168,19.791,158.753,22.02
4.197,2.43,21.394,21.394,68.82,317340.261,2787.524,87.893,4.451,46.172,19.745,158.727,22.014
4.197,2.43,21.401,21.401,68.809,317541.688,2786.5,87.89,4.461,46.176,19.7,158.701,22.008
4.197,2.43,21.407,21.407,68.799,317743.423,2785.475,87.887,4.471,46.179,19.656,158.674,22.002
4.197,2.43,21.414,21.414,68.788,317945.417,2784.45,87.884,4.481,46.183,19.611,158.648,21.997
4.197,2.43,21.42,21.42,68.777,318147.721,2783.425,87.881,4.491,46.186,19.567,158.621,21.991
4.197,2.43,21.427,21.427,68.767,318350.382,2782.399,87.878,4.501,46.189,19.523,158.593,21.985
4.197,2.43,21.433,21.433,68.756,318553.443,2781.372,87.875,4.511,46.193,19.48,158.566,21.979
4.197,2.43,21.44,21.44,68.745,318756.882,2780.344,87.871,4.521,46.196,19.437,158.539,21.973
4.197,2.43,21.446,21.446,68.735,318960.627,2779.315,87.868,4.531,46.199,19.395,158.511,21.967
4.197,2.43,21.453,21.453,68.724,319164.611,2778.286,87.865,4.54,46.203,19.352,158.483,21.962
4.197,2.43,21.459,21.459,68.713,319368.773,2777.258,87.862,4.55,46.206,19.31,158.455,21.956
4.197,2.43,21.466,21.466,68.703,319573.095,2776.229,87.859,4.56,46.209,19.269,158.427,21.95
4.197,2.43,21.472,21.472,68.692,319777.637,2775.201,87.855,4.569,46.212,19.227,158.399,21.944
4.197,2.43,21.479,21.479,68.681,319982.458,2774.172,87.852,4.579,46.216,19.186,158.371,21.938
4.197,2.43,21.485,21.485,68.671,320187.614,2773.143,87.849,4.589,46.219,19.145,158.342,21.932
4.197,2.43,21.491,21.491,68.66,320393.096,2772.113,87.845,4.598,46.222,19.105,158.314,21.927
4.197,2.43,21.498,21.498,68.65,320598.655,2771.084,87.842,4.608,46.225,19.065,158.285,21.921
4.197,2.43,21.504,21.504,68.639,320804.005,2770.056,87.839,4.617,46.228,19.024,158.257,21.915
4.197,2.43,21.511,21.511,68.628,321008.888,2769.032,87.836,4.627,46.231,18.984,158.229,21.909
4.197,2.43,21.517,21.517,68.618,321213.157,2768.013,87.832,4.637,46.235,18.943,158.201,21.903
4.197,2.43,21.524,21.524,68.607,321417.486,2766.994,87.829,4.646,46.238,18.903,158.173,21.898
4.197,2.43,21.53,21.53,68.596,321622.911,2765.97,87.826,4.656,46.241,18.863,158.145,21.892
4.197,2.43,21.536,21.536,68.586,321830.382,2764.937,87.823,4.665,46.244,18.825,158.116,21.886
4.197,2.43,21.543,21.543,68.576,322040.662,2763.892,87.819,4.674,46.246,18.789,158.085,21.88
4.197,2.43,21.549,21.549,68.565,322252.113,2762.842,87.815,4.683,46.249,18.754,158.053,21.874
4.197,2.43,21.555,21.555,68.555,322460.875,2761.806,87.811,4.692,46.251,18.717,158.023,21.868
4.197,2.43,21.561,21.561,68.544,322663.376,2760.802,87.809,4.702,46.255,18.676,157.997,21.863
4.197,2.43,21.569,21.569,68.533,322856.368,2759.846,87.807,4.713,46.26,18.63,157.976,21.857
4.197,2.43,21.576,21.576,68.522,323042.012,2758.928,87.805,4.726,46.266,18.58,157.959,21.852
4.197,2.43,21.583,21.583,68.51,323234.005,2757.979,87.804,4.738,46.271,18.533,157.938,21.846
4.197,2.43,21.589,21.589,68.5,323447.042,2756.927,87.8,4.746,46.273,18.499,157.905,21.84
4.197,2.43,21.594,21.594,68.491,323694.424,2755.706,87.792,4.749,46.271,18.485,157.854,21.834
4.197,2.43,21.596,21.596,68.484,323980.134,2754.299,87.78,4.746,46.263,18.495,157.781,21.827
4.197,2.43,21.597,21.597,68.478,324280.937,2752.819,87.767,4.74,46.254,18.515,157.701,21.82
4.197,2.43,21.599,21.599,68.473,324572.971,2751.385,87.755,4.735,46.245,18.532,157.626,21.814
4.197,2.43,21.602,21.602,68.466,324840.394,2750.073,87.746,4.734,46.24,18.534,157.567,21.807
4.197,2.43,21.606,21.606,68.458,325073.166,2748.933,87.741,4.738,46.239,18.517,157.526,21.801
4.197,2.43,21.612,21.612,68.449,325272.342,2747.958,87.739,4.748,46.243,18.481,157.505,21.796
4.197,2.43,21.619,21.619,68.438,325449.678,2747.091,87.739,4.76,46.25,18.431,157.496,21.79
4.197,2.43,21.626,21.626,68.428,325615.547,2746.28,87.74,4.775,46.258,18.375,157.493,21.785
4.197,2.43,21.634,21.634,68.416,325779.722,2745.479,87.742,4.79,46.266,18.317,157.491,21.78
4.197,2.43,21.642,21.642,68.405,325952.105,2744.638,87.743,4.804,46.273,18.264,157.483,21.775
4.197,2.43,21.649,21.649,68.395,326136.917,2743.737,87.742,4.816,46.279,18.217,157.469,21.769
4.197,2.43,21.656,21.656,68.384,326330.807,2742.793,87.74,4.827,46.284,18.176,157.449,21.764
4.197,2.43,21.662,21.662,68.374,326529.956,2741.824,87.738,4.837,46.288,18.138,157.426,21.758
4.197,2.43,21.668,21.668,68.364,326730.715,2740.849,87.736,4.847,46.292,18.1,157.403,21.753
4.197,2.43,21.675,21.675,68.354,326930.068,2739.881,87.734,4.857,46.295,18.062,157.38,21.747
4.197,2.43,21.681,21.681,68.344,327127.871,2738.922,87.732,4.868,46.3,18.023,157.358,21.741
4.197,2.43,21.688,21.688,68.333,327325.114,2737.966,87.73,4.878,46.304,17.984,157.336,21.736
4.197,2.43,21.694,21.694,68.323,327522.72,2737.009,87.727,4.889,46.308,17.945,157.314,21.73
4.197,2.43,21.701,21.701,68.313,327721.549,2736.047,87.725,4.899,46.312,17.906,157.291,21.725
4.197,2.43,21.707,21.707,68.302,327921.988,2735.079,87.723,4.909,46.316,17.869,157.267,21.719
4.197,2.43,21.714,21.714,68.292,328123.708,2734.105,87.72,4.919,46.32,17.832,157.243,21.714
4.197,2.43,21.72,21.72,68.282,328326.344,2733.128,87.718,4.929,46.323,17.796,157.218,21.708
4.197,2.43,21.727,21.727,68.271,328529.56,2732.149,87.715,4.939,46.327,17.76,157.192,21.702
4.197,2.43,21.733,21.733,68.261,328733.084,2731.169,87.712,4.949,46.331,17.724,157.167,21.697
4.197,2.43,21.74,21.74,68.251,328936.865,2730.189,87.71,4.958,46.334,17.689,157.141,21.691
4.197,2.43,21.746,21.746,68.241,329140.927,2729.209,87.707,4.968,46.337,17.654,157.115,21.685
4.197,2.43,21.752,21.752,68.23,329345.295,2728.228,87.704,4.978,46.341,17.619,157.089,21.68
4.197,2.43,21.759,21.759,68.22,329549.99,2727.247,87.701,4.987,46.344,17.585,157.063,21.674
4.197,2.43,21.765,21.765,68.21,329755.033,2726.265,87.698,4.997,46.348,17.55,157.037,21.669
4.197,2.43,21.771,21.771,68.2,329960.443,2725.282,87.696,5.007,46.351,17.516,157.01,21.663
4.197,2.43,21.778,21.778,68.189,330166.239,2724.298,87.693,5.016,46.354,17.482,156.984,21.657
4.197,2.43,21.784,21.784,68.179,330372.438,2723.314,87.69,5.025,46.358,17.449,156.957,21.652
4.197,2.43,21.79,21.79,68.169,330578.984,2722.328,87.687,5.035,46.361,17.416,156.93,21.646
4.197,2.43,21.797,21.797,68.159,330785.624,2721.343,87.684,5.044,46.364,17.383,156.902,21.641
4.197,2.43,21.803,21.803,68.148,330992.088,2720.36,87.681,5.054,46.367,17.35,156.875,21.635
4.197,2.43,21.809,21.809,68.138,331198.131,2719.38,87.678,5.063,46.37,17.317,156.849,21.629
4.197,2.43,21.816,21.816,68.128,331403.613,2718.404,87.675,5.073,46.374,17.283,156.822,21.624
4.197,2.43,21.822,21.822,68.118,331609.17,2717.428,87.672,5.082,46.377,17.25,156.796,21.618
4.197,2.43,21.829,21.829,68.107,331815.79,2716.448,87.669,5.092,46.38,17.218,156.769,21.613
4.197,2.43,21.835,21.835,68.097,332024.377,2715.46,87.666,5.101,46.383,17.186,156.741,21.607
4.197,2.43,21.841,21.841,68.087,332235.712,2714.459,87.663,5.11,46.386,17.157,156.711,21.602
4.197,2.43,21.847,21.847,68.077,332448.617,2713.453,87.659,5.118,46.388,17.128,156.681,21.596
4.197,2.43,21.853,21.853,68.067,332659.428,2712.457,87.656,5.127,46.391,17.098,156.652,21.59
4.197,2.43,21.859,21.859,68.057,332864.676,2711.488,87.653,5.136,46.395,17.065,156.626,21.585
4.197,2.43,21.866,21.866,68.047,333061.19,2710.562,87.651,5.147,46.399,17.029,156.604,21.579
4.197,2.43,21.874,21.874,68.036,333248.78,2709.678,87.65,5.16,46.405,16.987,156.588,21.574
4.197,2.43,21.881,21.881,68.025,333439.052,2708.783,87.649,5.172,46.41,16.948,156.57,21.569
4.197,2.43,21.887,21.887,68.014,333646.268,2707.808,87.646,5.181,46.413,16.916,156.542,21.563
4.197,2.43,21.892,21.892,68.005,333883.676,2706.693,87.64,5.186,46.413,16.899,156.499,21.557
4.197,2.43,21.895,21.895,67.998,334160.147,2705.396,87.63,5.185,46.407,16.902,156.434,21.551
4.197,2.43,21.897,21.897,67.992,334460.546,2703.989,87.617,5.179,46.398,16.917,156.357,21.544
4.197,2.43,21.898,21.898,67.987,334759.562,2702.59,87.605,5.174,46.389,16.932,156.282,21.538
4.197,2.43,21.9,21.9,67.981,335039.451,2701.283,87.595,5.171,46.383,16.939,156.218,21.532
4.197,2.43,21.904,21.904,67.974,335288.878,2700.119,87.588,5.173,46.38,16.932,156.171,21.526
4.197,2.43,21.909,21.909,67.965,335502.736,2699.122,87.585,5.18,46.382,16.909,156.143,21.52
4.197,2.43,21.915,21.915,67.956,335689.933,2698.25,87.584,5.191,46.388,16.873,156.13,21.515
4.197,2.43,21.922,21.922,67.946,335861.156,2697.454,87.586,5.205,46.395,16.829,156.125,21.51
4.197,2.43,21.93,21.93,67.935,336025.824,2696.688,87.588,5.219,46.403,16.781,156.124,21.505
4.197,2.43,21.938,21.938,67.924,336193.313,2695.91,87.589,5.234,46.411,16.735,156.12,21.5
4.197,2.43,21.945,21.945,67.914,336372.094,2695.081,87.589,5.247,46.418,16.694,156.11,21.495
4.197,2.43,21.952,21.952,67.904,336562.069,2694.2,87.588,5.258,46.423,16.657,156.094,21.489
4.197,2.43,21.958,21.958,67.894,336759.545,2693.285,87.587,5.269,46.428,16.625,156.074,21.484
4.197,2.43,21.964,21.964,67.884,336960.894,2692.353,87.585,5.278,46.431,16.594,156.052,21.479
4.197,2.43,21.971,21.971,67.874,337162.694,2691.419,87.583,5.288,46.435,16.563,156.029,21.473
4.197,2.43,21.977,21.977,67.864,337362.712,2690.495,87.581,5.298,46.439,16.531,156.007,21.468
4.197,2.43,21.983,21.983,67.855,337561.48,2689.578,87.579,5.308,46.443,16.499,155.986,21.462
4.197,2.43,21.99,21.99,67.845,337759.938,2688.663,87.577,5.318,46.448,16.467,155.965,21.457
4.197,2.43,21.996,21.996,67.835,337958.958,2687.746,87.575,5.329,46.452,16.435,155.943,21.452
4.197,2.43,22.003,22.003,67.825,338159.333,2686.823,87.573,5.339,46.456,16.403,155.921,21.446
4.197,2.43,22.009,22.009,67.815,338361.251,2685.895,87.571,5.349,46.46,16.373,155.898,21.441
4.197,2.43,22.016,22.016,67.805,338564.335,2684.962,87.569,5.358,46.463,16.342,155.874,21.436
4.197,2.43,22.022,22.022,67.795,338768.215,2684.026,87.566,5.368,46.467,16.313,155.85,21.43
4.197,2.43,22.028,22.028,67.785,338972.554,2683.089,87.564,5.378,46.471,16.283,155.825,21.425
4.197,2.43,22.035,22.035,67.775,339177.1,2682.152,87.561,5.387,46.474,16.254,155.801,21.419
4.197,2.43,22.041,22.041,67.765,339381.887,2681.215,87.559,5.397,46.478,16.225,155.776,21.414
4.197,2.43,22.047,22.047,67.755,339587.021,2680.277,87.556,5.406,46.481,16.196,155.751,21.409
4.197,2.43,22.054,22.054,67.745,339792.6,2679.338,87.554,5.416,46.485,16.167,155.726,21.403
4.197,2.43,22.06,22.06,67.735,339998.709,2678.397,87.551,5.425,46.488,16.139,155.7,21.398
4.197,2.43,22.066,22.066,67.725,340205.244,2677.455,87.548,5.434,46.491,16.111,155.675,21.392
4.197,2.43,22.072,22.072,67.716,340411.907,2676.514,87.546,5.443,46.495,16.083,155.649,21.387
4.197,2.43,22.079,22.079,67.706,340618.413,2675.574,87.543,5.453,46.498,16.055,155.623,21.382
4.197,2.43,22.085,22.085,67.696,340824.504,2674.637,87.54,5.462,46.501,16.027,155.598,21.376
4.197,2.43,22.091,22.091,67.686,341030.119,2673.704,87.538,5.472,46.505,15.998,155.573,21.371
4.197,2.43,22.098,22.098,67.676,341236.015,2672.769,87.535,5.481,46.508,15.97,155.547,21.366
4.197,2.43,22.104,22.104,67.666,341443.118,2671.83,87.533,5.49,46.511,15.943,155.521,21.36
4.197,2.43,22.11,22.11,67.656,341652.272,2670.883,87.53,5.499,46.515,15.917,155.494,21.355
4.197,2.43,22.116,22.116,67.647,341864.164,2669.924,87.527,5.508,46.517,15.891,155.466,21.349
4.197,2.43,22.122,22.122,67.637,342077.344,2668.961,87.523,5.516,46.52,15.867,155.436,21.344
4.197,2.43,22.128,22.128,67.628,342288.282,2668.008,87.52,5.525,46.522,15.841,155.409,21.339
4.197,2.43,22.134,22.134,67.618,342493.704,2667.082,87.518,5.534,46.526,15.814,155.384,21.333
4.197,2.43,22.141,22.141,67.607,342690.62,2666.194,87.516,5.545,46.531,15.783,155.363,21.328
4.197,2.43,22.148,22.148,67.597,342878.677,2665.347,87.515,5.557,46.536,15.748,155.347,21.323
4.197,2.43,22.156,22.156,67.586,343068.715,2664.492,87.514,5.569,46.542,15.714,155.33,21.318
4.197,2.43,22.162,22.162,67.576,343274.3,2663.568,87.512,5.579,46.545,15.687,155.305,21.312
4.197,2.43,22.167,22.167,67.567,343508.114,2662.518,87.506,5.584,46.545,15.671,155.265,21.307
4.197,2.43,22.17,22.17,67.56,343779.699,2661.3,87.497,5.584,46.54,15.671,155.205,21.301
4.197,2.43,22.172,22.172,67.554,344078.234,2659.963,87.485,5.579,46.532,15.682,155.132,21.294
4.197,2.43,22.173,22.173,67.549,344378.998,2658.617,87.473,5.573,46.523,15.695,155.058,21.288
4.197,2.43,22.175,22.175,67.543,344663.905,2657.345,87.463,5.57,46.517,15.702,154.993,21.282
4.197,2.43,22.178,22.178,67.537,344921.345,2656.196,87.456,5.571,46.513,15.7,154.944,21.276
4.197,2.43,22.183,22.183,67.529,345144.424,2655.202,87.452,5.576,46.514,15.683,154.913,21.271
4.197,2.43,22.189,22.189,67.52,345338.353,2654.338,87.451,5.586,46.519,15.656,154.897,21.266
4.197,2.43,22.196,22.196,67.511,345513.766,2653.558,87.452,5.599,46.526,15.62,154.89,21.261
4.197,2.43,22.203,22.203,67.5,345679.747,2652.82,87.454,5.613,46.534,15.581,154.889,21.256
4.197,2.43,22.211,22.211,67.49,345845.049,2652.086,87.456,5.628,46.542,15.541,154.887,21.251
4.197,2.43,22.218,22.218,67.48,346018.616,2651.315,87.457,5.641,46.549,15.504,154.88,21.246
4.197,2.43,22.225,22.225,67.47,346204.291,2650.492,87.457,5.653,46.555,15.471,154.867,21.241
4.197,2.43,22.232,22.232,67.46,346399.001,2649.629,87.456,5.663,46.56,15.442,154.85,21.236
4.197,2.43,22.238,22.238,67.451,346599.227,2648.743,87.454,5.673,46.564,15.415,154.829,21.231
4.197,2.43,22.244,22.244,67.441,346801.597,2647.848,87.452,5.683,46.567,15.389,154.807,21.226
4.197,2.43,22.25,22.25,67.432,347003.084,2646.957,87.45,5.692,46.571,15.363,154.785,21.22
4.197,2.43,22.257,22.257,67.422,347202.863,2646.075,87.449,5.702,46.575,15.336,154.765,21.215
4.197,2.43,22.263,22.263,67.413,347401.815,2645.198,87.447,5.712,46.58,15.309,154.744,21.21
4.197,2.43,22.27,22.27,67.403,347600.808,2644.321,87.446,5.722,46.584,15.281,154.724,21.205
4.197,2.43,22.276,22.276,67.393,347800.65,2643.441,87.444,5.732,46.588,15.254,154.703,21.2
4.197,2.43,22.282,22.282,67.384,348001.996,2642.555,87.442,5.742,46.592,15.228,154.681,21.195
4.197,2.43,22.289,22.289,67.374,348204.756,2641.664,87.44,5.752,46.596,15.202,154.659,21.189
4.197,2.43,22.295,22.295,67.364,348408.558,2640.769,87.438,5.761,46.6,15.176,154.636,21.184
4.197,2.43,22.301,22.301,67.355,348613.056,2639.872,87.436,5.771,46.603,15.151,154.612,21.179
4.197,2.43,22.307,22.307,67.345,348817.937,2638.974,87.433,5.78,46.607,15.126,154.589,21.174
4.197,2.43,22.314,22.314,67.336,349023.009,2638.076,87.431,5.79,46.61,15.101,154.565,21.169
4.197,2.43,22.32,22.32,67.326,349228.341,2637.178,87.429,5.799,46.614,15.077,154.541,21.163
4.197,2.43,22.326,22.326,67.317,349434.035,2636.279,87.427,5.808,46.617,15.052,154.517,21.158
4.197,2.43,22.332,22.332,67.307,349640.182,2635.379,87.424,5.818,46.621,15.028,154.493,21.153
4.197,2.43,22.339,22.339,67.297,349846.86,2634.477,87.422,5.827,46.624,15.004,154.468,21.148
4.197,2.43,22.345,22.345,67.288,350053.946,2633.574,87.42,5.836,46.628,14.98,154.444,21.143
4.197,2.43,22.351,22.351,67.278,350261.155,2632.672,87.417,5.845,46.631,14.956,154.419,21.137
4.197,2.43,22.357,22.357,67.269,350468.217,2631.771,87.415,5.854,46.634,14.932,154.394,21.132
4.197,2.43,22.363,22.363,67.259,350674.888,2630.873,87.412,5.863,46.638,14.908,154.37,21.127
4.197,2.43,22.37,22.37,67.25,350881.098,2629.978,87.41,5.873,46.641,14.884,154.346,21.122
4.197,2.43,22.376,22.376,67.24,351087.549,2629.082,87.408,5.882,46.645,14.86,154.321,21.117
4.197,2.43,22.382,22.382,67.231,351295.13,2628.182,87.405,5.891,46.648,14.837,154.296,21.112
4.197,2.43,22.388,22.388,67.221,351504.651,2627.275,87.403,5.9,46.651,14.814,154.271,21.106
4.197,2.43,22.394,22.394,67.212,351716.825,2626.357,87.4,5.908,46.654,14.792,154.243,21.101
4.197,2.43,22.4,22.4,67.203,351930.733,2625.433,87.397,5.917,46.657,14.771,154.215,21.096
4.197,2.43,22.406,22.406,67.193,352143.072,2624.516,87.394,5.925,46.659,14.75,154.188,21.091
4.197,2.43,22.412,22.412,67.184,352350.666,2623.621,87.392,5.934,46.663,14.727,154.164,21.085
4.197,2.43,22.419,22.419,67.174,352550.622,2622.759,87.39,5.944,46.667,14.701,154.143,21.08
4.197,2.43,22.426,22.426,67.164,352741.132,2621.939,87.389,5.956,46.673,14.672,154.127,21.075
4.197,2.43,22.433,22.433,67.154,352929.934,2621.126,87.389,5.968,46.678,14.643,154.112,21.07
4.197,2.43,22.44,22.44,67.144,353130.071,2620.266,87.387,5.978,46.683,14.617,154.091,21.065
4.197,2.43,22.445,22.445,67.135,353354.026,2619.304,87.383,5.985,46.684,14.6,154.058,21.06
4.197,2.43,22.449,22.449,67.127,353612.603,2618.195,87.376,5.987,46.681,14.594,154.007,21.054
4.197,2.43,22.451,22.451,67.121,353904.988,2616.942,87.365,5.984,46.674,14.601,153.94,21.048
4.197,2.43,22.452,22.452,67.116,354208.388,2615.644,87.353,5.978,46.666,14.612,153.867,21.042
4.197,2.43,22.454,22.454,67.111,354502.622,2614.387,87.342,5.974,46.658,14.621,153.8,21.036
4.197,2.43,22.456,22.456,67.105,354774.334,2613.227,87.334,5.973,46.653,14.623,153.746,21.031
4.197,2.43,22.46,22.46,67.098,355014.945,2612.201,87.329,5.976,46.652,14.614,153.707,21.025
4.197,2.43,22.465,22.465,67.09,355222.765,2611.316,87.327,5.983,46.655,14.595,153.685,21.02
4.197,2.43,22.472,22.472,67.081,355407.426,2610.531,87.327,5.995,46.661,14.568,153.675,21.015
4.197,2.43,22.479,22.479,67.071,355578.212,2609.805,87.329,6.008,46.668,14.536,153.672,21.011
4.197,2.43,22.487,22.487,67.061,355743.505,2609.102,87.331,6.022,46.677,14.501,153.672,21.006
4.197,2.43,22.494,22.494,67.051,355911.75,2608.388,87.333,6.036,46.685,14.468,153.669,21.001
4.197,2.43,22.501,22.501,67.041,356090.829,2607.628,87.334,6.049,46.691,14.438,153.661,20.996
4.197,2.43,22.508,22.508,67.032,356281.083,2606.822,87.333,6.06,46.697,14.411,153.647,20.992
4.197,2.43,22.514,22.514,67.023,356479.126,2605.983,87.332,6.07,46.701,14.387,153.629,20.987
4.197,2.43,22.52,22.52,67.014,356681.597,2605.127,87.331,6.08,46.705,14.365,153.608,20.982
4.197,2.43,22.526,22.526,67.005,356885.313,2604.266,87.329,6.089,46.709,14.342,153.587,20.977
4.197,2.43,22.533,22.533,66.995,357087.659,2603.411,87.327,6.098,46.713,14.32,153.567,20.972
4.197,2.43,22.539,22.539,66.986,357288.54,2602.563,87.326,6.108,46.717,14.296,153.547,20.967
4.197,2.43,22.545,22.545,66.977,357488.82,2601.719,87.325,6.118,46.721,14.273,153.528,20.962
4.197,2.43,22.551,22.551,66.967,357689.302,2600.874,87.323,6.128,46.726,14.25,153.508,20.957
4.197,2.43,22.558,22.558,66.958,357890.74,2600.027,87.322,6.138,46.73,14.227,153.488,20.952
4.197,2.43,22.564,22.564,66.949,358093.684,2599.173,87.32,6.148,46.734,14.204,153.467,20.947
4.197,2.43,22.57,22.57,66.939,358298.007,2598.315,87.318,6.157,46.738,14.182,153.446,20.942
4.197,2.43,22.576,22.576,66.93,358503.423,2597.453,87.316,6.166,46.741,14.16,153.423,20.937
4.197,2.43,22.583,22.583,66.921,358709.671,2596.588,87.314,6.176,46.745,14.139,153.401,20.932
4.197,2.43,22.589,22.589,66.912,358916.51,2595.721,87.312,6.185,46.748,14.117,153.378,20.926
4.197,2.43,22.595,22.595,66.902,359123.721,2594.854,87.31,6.194,46.752,14.096,153.355,20.921
4.197,2.43,22.601,22.601,66.893,359331.102,2593.987,87.308,6.203,46.756,14.075,153.332,20.916
4.197,2.43,22.607,22.607,66.884,359538.471,2593.12,87.306,6.212,46.759,14.054,153.309,20.911
4.197,2.43,22.613,22.613,66.875,359745.659,2592.255,87.304,6.221,46.763,14.033,153.286,20.906
4.197,2.43,22.619,22.619,66.865,359952.533,2591.393,87.302,6.23,46.766,14.012,153.263,20.901
4.197,2.43,22.626,22.626,66.856,360159.457,2590.53,87.3,6.24,46.77,13.991,153.24,20.896
4.197,2.43,22.632,22.632,66.847,360367.254,2589.665,87.298,6.249,46.773,13.97,153.217,20.891
4.197,2.43,22.638,22.638,66.838,360576.703,2588.794,87.296,6.258,46.777,13.95,153.193,20.886
4.197,2.43,22.644,22.644,66.829,360788.513,2587.914,87.293,6.266,46.78,13.931,153.168,20.881
4.197,2.43,22.65,22.65,66.82,361002.977,2587.024,87.29,6.274,46.782,13.912,153.141,20.876
4.197,2.43,22.656,22.656,66.811,361217.767,2586.133,87.288,6.283,46.785,13.894,153.114,20.871
4.197,2.43,22.661,22.661,66.802,361429.632,2585.255,87.285,6.291,46.788,13.874,153.089,20.866
4.197,2.43,22.668,22.668,66.792,361635.641,2584.402,87.283,6.301,46.792,13.853,153.067,20.861
4.197,2.43,22.674,22.674,66.783,361833.083,2583.585,87.282,6.311,46.797,13.83,153.049,20.856
4.197,2.43,22.681,22.681,66.773,362022.659,2582.802,87.282,6.323,46.802,13.804,153.035,20.851
4.197,2.43,22.688,22.688,66.763,362215.3,2582.006,87.281,6.334,46.808,13.779,153.02,20.847
4.197,2.43,22.695,22.695,66.753,362423.546,2581.147,87.279,6.344,46.811,13.758,152.996,20.842
4.197,2.43,22.7,22.7,66.745,362659.102,2580.176,87.274,6.349,46.812,13.746,152.959,20.836
4.197,2.43,22.703,22.703,66.738,362931.06,2579.057,87.266,6.349,46.808,13.745,152.904,20.831
4.197,2.43,22.704,22.704,66.733,363230.942,2577.823,87.255,6.345,46.8,13.752,152.836,20.825
4.197,2.43,22.706,22.706,66.728,363535.388,2576.573,87.244,6.339,46.792,13.762,152.766,20.819
4.197,2.43,22.707,22.707,66.723,363826.725,2575.378,87.234,6.336,46.785,13.769,152.704,20.813
4.197,2.43,22.71,22.71,66.717,364093.492,2574.285,87.226,6.335,46.781,13.768,152.654,20.808
4.197,2.43,22.714,22.714,66.71,364328.314,2573.325,87.222,6.339,46.781,13.759,152.62,20.803
4.197,2.43,22.719,22.719,66.702,364532.188,2572.491,87.221,6.348,46.784,13.741,152.602,20.798
4.197,2.43,22.726,22.726,66.693,364715.012,2571.744,87.222,6.359,46.79,13.716,152.594,20.793
4.197,2.43,22.733,22.733,66.684,364885.504,2571.048,87.224,6.372,46.798,13.688,152.592,20.788
4.197,2.43,22.74,22.74,66.674,365051.718,2570.371,87.226,6.387,46.806,13.658,152.591,20.784
4.197,2.43,22.748,22.748,66.664,365221.851,2569.677,87.228,6.4,46.814,13.629,152.589,20.779
4.197,2.43,22.755,22.755,66.655,365403.209,2568.939,87.229,6.413,46.821,13.603,152.58,20.775
4.197,2.43,22.761,22.761,66.646,365595.421,2568.156,87.228,6.423,46.826,13.58,152.566,20.77
4.197,2.43,22.768,22.768,66.637,365795.169,2567.344,87.227,6.433,46.83,13.559,152.549,20.765
4.197,2.43,22.774,22.774,66.628,365999.184,2566.516,87.226,6.442,46.834,13.539,152.529,20.76
4.197,2.43,22.78,22.78,66.619,366204.376,2565.683,87.224,6.452,46.838,13.52,152.509,20.755
4.197,2.43,22.786,22.786,66.61,366408.202,2564.856,87.223,6.461,46.842,13.5,152.489,20.751
4.197,2.43,22.792,22.792,66.601,366610.561,2564.036,87.222,6.471,46.846,13.48,152.47,20.746
4.197,2.43,22.798,22.798,66.592,366812.293,2563.22,87.22,6.48,46.85,13.459,152.451,20.741
4.197,2.43,22.804,22.804,66.583,367014.181,2562.403,87.219,6.49,46.855,13.439,152.432,20.736
4.197,2.43,22.811,22.811,66.574,367216.956,2561.584,87.218,6.5,46.859,13.419,152.413,20.731
4.197,2.43,22.817,22.817,66.565,367421.194,2560.759,87.216,6.509,46.863,13.399,152.392,20.726
4.197,2.43,22.823,22.823,66.556,367626.817,2559.93,87.215,6.518,46.866,13.38,152.371,20.722
4.197,2.43,22.829,22.829,66.547,367833.544,2559.097,87.213,6.527,46.87,13.361,152.35,20.717
4.197,2.43,22.835,22.835,66.538,368041.116,2558.261,87.211,6.537,46.874,13.342,152.328,20.712
4.197,2.43,22.841,22.841,66.529,368249.294,2557.423,87.209,6.546,46.877,13.323,152.306,20.707
4.197,2.43,22.847,22.847,66.52,368457.862,2556.585,87.207,6.554,46.881,13.305,152.284,20.702
4.197,2.43,22.853,22.853,66.511,368666.62,2555.746,87.205,6.563,46.884,13.287,152.261,20.697
4.197,2.43,22.859,22.859,66.502,368875.388,2554.909,87.203,6.572,46.888,13.268,152.239,20.692
4.197,2.43,22.865,22.865,66.493,369084.0,2554.072,87.201,6.581,46.891,13.25,152.216,20.687
4.197,2.43,22.871,22.871,66.484,369292.304,2553.238,87.2,6.59,46.895,13.231,152.194,20.683
4.197,2.43,22.877,22.877,66.475,369500.455,2552.405,87.198,6.599,46.899,13.213,152.172,20.678
4.197,2.43,22.883,22.883,66.466,369709.211,2551.571,87.196,6.608,46.902,13.195,152.15,20.673
4.197,2.43,22.89,22.89,66.457,369919.341,2550.731,87.194,6.617,46.905,13.177,152.126,20.668
4.197,2.43,22.895,22.895,66.448,370131.553,2549.884,87.192,6.626,46.909,13.16,152.102,20.663
4.197,2.43,22.901,22.901,66.44,370346.432,2549.028,87.189,6.634,46.911,13.143,152.077,20.658
4.197,2.43,22.907,22.907,66.431,370562.772,2548.166,87.186,6.642,46.914,13.127,152.051,20.653
4.197,2.43,22.913,22.913,66.422,370777.424,2547.311,87.184,6.65,46.917,13.111,152.026,20.648
4.197,2.43,22.919,22.919,66.413,370987.445,2546.476,87.182,6.659,46.92,13.093,152.003,20.644
4.197,2.43,22.925,22.925,66.404,371190.153,2545.671,87.181,6.668,46.925,13.074,151.984,20.639
4.197,2.43,22.932,22.932,66.395,371383.615,2544.903,87.18,6.68,46.93,13.052,151.969,20.634
4.197,2.43,22.939,22.939,66.385,371574.238,2544.147,87.18,6.691,46.936,13.029,151.955,20.629
4.197,2.43,22.946,22.946,66.376,371774.205,2543.354,87.179,6.702,46.94,13.008,151.937,20.625
4.197,2.43,22.951,22.951,66.367,371995.311,2542.479,87.176,6.709,46.943,12.994,151.908,20.62
4.197,2.43,22.955,22.955,66.359,372248.033,2541.479,87.17,6.712,46.941,12.987,151.865,20.615
4.197,2.43,22.958,22.958,66.353,372536.344,2540.34,87.16,6.71,46.935,12.99,151.804,20.609
4.197,2.43,22.959,22.959,66.348,372841.917,2539.134,87.149,6.705,46.927,12.998,151.736,20.603
4.197,2.43,22.96,22.96,66.344,373143.839,2537.945,87.139,6.7,46.919,13.006,151.67,20.598
4.197,2.43,22.962,22.962,66.339,373427.773,2536.827,87.13,6.697,46.914,13.01,151.613,20.592
4.197,2.43,22.965,22.965,66.333,373684.583,2535.817,87.124,6.698,46.911,13.007,151.57,20.587
4.197,2.43,22.969,22.969,66.326,373908.878,2534.937,87.121,6.704,46.912,12.996,151.543,20.582
4.197,2.43,22.975,22.975,66.318,374105.786,2534.164,87.12,6.713,46.917,12.978,151.529,20.577
4.197,2.43,22.982,22.982,66.309,374284.777,2533.462,87.122,6.725,46.923,12.955,151.523,20.573
4.197,2.43,22.989,22.989,66.3,374453.892,2532.799,87.124,6.738,46.931,12.929,151.522,20.568
4.197,2.43,22.996,22.996,66.29,374620.809,2532.146,87.126,6.752,46.939,12.903,151.522,20.564
4.197,2.43,23.004,23.004,66.281,374793.471,2531.47,87.128,6.766,46.947,12.878,151.519,20.56
4.197,2.43,23.01,23.01,66.272,374977.859,2530.749,87.129,6.777,46.953,12.856,151.51,20.555
4.197,2.43,23.017,23.017,66.263,375172.369,2529.99,87.129,6.788,46.958,12.836,151.496,20.551
4.197,2.43,23.023,23.023,66.254,375373.786,2529.203,87.128,6.797,46.962,12.818,151.478,20.546
4.197,2.43,23.029,23.029,66.246,375578.976,2528.403,87.126,6.806,46.966,12.801,151.459,20.541
4.197,2.43,23.035,23.035,66.237,375784.983,2527.601,87.125,6.815,46.97,12.784,151.439,20.536
4.197,2.43,23.041,23.041,66.228,375989.501,2526.804,87.124,6.824,46.974,12.766,151.42,20.532
4.197,2.43,23.047,23.047,66.22,376192.634,2526.014,87.122,6.834,46.978,12.749,151.401,20.527
4.197,2.43,23.053,23.053,66.211,376395.189,2525.227,87.121,6.843,46.982,12.731,151.383,20.522
4.197,2.43,23.059,23.059,66.202,376597.917,2524.44,87.12,6.853,46.987,12.713,151.365,20.518
4.197,2.43,23.065,23.065,66.193,376801.519,2523.65,87.119,6.862,46.991,12.695,151.346,20.513
4.197,2.43,23.071,23.071,66.185,377006.553,2522.855,87.118,6.872,46.995,12.678,151.326,20.508
4.197,2.43,23.078,23.078,66.176,377212.952,2522.056,87.116,6.881,46.999,12.661,151.306,20.504
4.197,2.43,23.084,23.084,66.167,377420.442,2521.253,87.115,6.89,47.002,12.644,151.286,20.499
4.197,2.43,23.09,23.09,66.159,377628.772,2520.447,87.113,6.899,47.006,12.628,151.264,20.494
4.197,2.43,23.096,23.096,66.15,377837.709,2519.64,87.111,6.907,47.009,12.611,151.243,20.489
4.197,2.43,23.101,23.101,66.141,378047.044,2518.832,87.11,6.916,47.013,12.595,151.221,20.485
4.197,2.43,23.107,23.107,66.133,378256.583,2518.024,87.108,6.925,47.016,12.579,151.2,20.48
4.197,2.43,23.113,23.113,66.124,378466.151,2517.217,87.106,6.934,47.02,12.563,151.178,20.475
4.197,2.43,23.119,23.119,66.115,378675.586,2516.41,87.104,6.943,47.023,12.546,151.156,20.471
4.197,2.43,23.125,23.125,66.107,378884.74,2515.606,87.103,6.951,47.027,12.53,151.135,20.466
4.197,2.43,23.131,23.131,66.098,379093.633,2514.803,87.101,6.96,47.031,12.514,151.113,20.461
4.197,2.43,23.137,23.137,66.089,379302.914,2514.0,87.099,6.969,47.034,12.498,151.091,20.457
4.197,2.43,23.143,23.143,66.08,379513.338,2513.192,87.097,6.978,47.038,12.482,151.069,20.452
4.197,2.43,23.149,23.149,66.072,379725.6,2512.379,87.095,6.986,47.041,12.467,151.046,20.447
4.197,2.43,23.155,23.155,66.063,379940.33,2511.556,87.093,6.994,47.044,12.452,151.022,20.442
4.197,2.43,23.161,23.161,66.055,380157.259,2510.727,87.091,7.002,47.046,12.438,150.997,20.438
4.197,2.43,23.166,23.166,66.046,380373.639,2509.899,87.088,7.01,47.049,12.423,150.972,20.433
4.197,2.43,23.172,23.172,66.038,380586.535,2509.086,87.086,7.018,47.052,12.408,150.949,20.428
4.197,2.43,23.178,23.178,66.029,380793.297,2508.297,87.085,7.028,47.056,12.392,150.929,20.423
4.197,2.43,23.185,23.185,66.02,380991.473,2507.542,87.084,7.038,47.061,12.373,150.913,20.419
4.197,2.43,23.192,23.192,66.011,381182.57,2506.814,87.084,7.049,47.067,12.353,150.9,20.414
4.197,2.43,23.199,23.199,66.001,381377.23,2506.073,87.084,7.06,47.072,12.334,150.885,20.41
4.197,2.43,23.205,23.205,65.992,381587.054,2505.275,87.082,7.069,47.076,12.318,150.863,20.405
4.197,2.43,23.21,23.21,65.985,381822.858,2504.379,87.078,7.075,47.076,12.308,150.829,20.4
4.197,2.43,23.213,23.213,65.978,382093.33,2503.352,87.071,7.075,47.073,12.306,150.779,20.395
4.197,2.43,23.214,23.214,65.973,382392.875,2502.216,87.061,7.071,47.066,12.312,150.715,20.39
4.197,2.43,23.216,23.216,65.968,382699.67,2501.055,87.05,7.066,47.058,12.319,150.649,20.384
4.197,2.43,23.217,23.217,65.963,382996.346,2499.933,87.04,7.062,47.051,12.325,150.588,20.379
4.197,2.43,23.219,23.219,65.958,383271.492,2498.893,87.032,7.061,47.047,12.326,150.538,20.373
4.197,2.43,23.223,23.223,65.952,383517.795,2497.964,87.028,7.063,47.045,12.321,150.501,20.368
4.197,2.43,23.227,23.227,65.945,383732.545,2497.154,87.026,7.07,47.048,12.309,150.48,20.364
4.197,2.43,23.233,23.233,65.937,383923.599,2496.435,87.026,7.08,47.053,12.291,150.469,20.359
4.197,2.43,23.24,23.24,65.928,384099.501,2495.773,87.028,7.092,47.06,12.271,150.466,20.355
4.197,2.43,23.247,23.247,65.919,384267.723,2495.14,87.03,7.106,47.068,12.248,150.466,20.351
4.197,2.43,23.255,23.255,65.91,384435.612,2494.509,87.033,7.119,47.076,12.225,150.465,20.347
4.197,2.43,23.262,23.262,65.901,384610.815,2493.851,87.035,7.132,47.083,12.203,150.461,20.342
4.197,2.43,23.268,23.268,65.892,384797.801,2493.149,87.035,7.144,47.089,12.184,150.452,20.338
4.197,2.43,23.275,23.275,65.884,384994.262,2492.412,87.035,7.154,47.094,12.167,150.438,20.333
4.197,2.43,23.281,23.281,65.875,385197.08,2491.652,87.034,7.163,47.098,12.151,150.42,20.329
4.197,2.43,23.286,23.286,65.867,385403.237,2490.881,87.033,7.172,47.102,12.136,150.402,20.324
4.197,2.43,23.292,23.292,65.859,385609.898,2490.107,87.032,7.18,47.106,12.121,150.382,20.32
4.197,2.43,23.298,23.298,65.851,385814.967,2489.341,87.03,7.19,47.11,12.105,150.364,20.315
4.197,2.43,23.304,23.304,65.842,386018.729,2488.58,87.029,7.199,47.114,12.089,150.346,20.311
4.197,2.43,23.31,23.31,65.834,386222.021,2487.821,87.029,7.208,47.118,12.074,150.329,20.306
4.197,2.43,23.316,23.316,65.825,386425.624,2487.062,87.028,7.217,47.123,12.058,150.311,20.302
4.197,2.43,23.323,23.323,65.817,386630.266,2486.3,87.027,7.227,47.127,12.042,150.293,20.297
4.197,2.43,23.329,23.329,65.808,386836.518,2485.532,87.025,7.236,47.131,12.027,150.274,20.293
4.197,2.43,23.334,23.334,65.8,387044.151,2484.76,87.024,7.245,47.134,12.012,150.254,20.288
4.197,2.43,23.34,23.34,65.791,387252.646,2483.985,87.023,7.253,47.138,11.997,150.234,20.283
4.197,2.43,23.346,23.346,65.783,387461.523,2483.21,87.021,7.262,47.142,11.983,150.213,20.279
4.197,2.43,23.352,23.352,65.774,387670.342,2482.435,87.02,7.271,47.145,11.968,150.193,20.274
4.197,2.43,23.358,23.358,65.766,387878.788,2481.663,87.018,7.28,47.149,11.953,150.173,20.27
4.197,2.43,23.364,23.364,65.758,388087.329,2480.89,87.017,7.289,47.153,11.939,150.153,20.265
4.197,2.43,23.37,23.37,65.749,388296.768,2480.116,87.015,7.297,47.156,11.924,150.132,20.261
4.197,2.43,23.376,23.376,65.741,388507.85,2479.335,87.014,7.306,47.16,11.91,150.111,20.256
4.197,2.43,23.382,23.382,65.732,388721.255,2478.547,87.012,7.314,47.163,11.896,150.088,20.252
4.197,2.43,23.387,23.387,65.724,388937.349,2477.749,87.01,7.322,47.166,11.883,150.065,20.247
4.197,2.43,23.393,23.393,65.716,389154.192,2476.95,87.008,7.33,47.169,11.87,150.041,20.242
4.197,2.43,23.399,23.399,65.708,389368.845,2476.159,87.006,7.338,47.172,11.857,150.018,20.238
4.197,2.43,23.405,23.405,65.699,389578.649,2475.387,87.004,7.347,47.175,11.843,149.997,20.233
4.197,2.43,23.411,23.411,65.691,389781.166,2474.642,87.003,7.356,47.18,11.827,149.98,20.229
4.197,2.43,23.418,23.418,65.682,389974.89,2473.93,87.003,7.367,47.185,11.81,149.967,20.224
4.197,2.43,23.424,23.424,65.672,390166.591,2473.226,87.003,7.378,47.191,11.791,149.954,20.22
4.197,2.43,23.431,23.431,65.664,390367.538,2472.489,87.003,7.389,47.196,11.775,149.937,20.216
4.197,2.43,23.436,23.436,65.655,390588.587,2471.679,87.0,7.396,47.198,11.763,149.911,20.211
4.197,2.43,23.441,23.441,65.648,390839.419,2470.76,86.995,7.399,47.197,11.757,149.872,20.206
4.197,2.43,23.443,23.443,65.642,391125.009,2469.715,86.986,7.398,47.192,11.759,149.816,20.201
4.197,2.43,23.444,23.444,65.638,391430.341,2468.6,86.976,7.393,47.185,11.764,149.753,20.195
4.197,2.43,23.445,23.445,65.633,391735.15,2467.487,86.966,7.388,47.177,11.771,149.69,20.19
4.197,2.43,23.447,23.447,65.629,392025.167,2466.43,86.957,7.385,47.171,11.774,149.634,20.185
4.197,2.43,23.45,23.45,65.623,392291.242,2465.461,86.951,7.385,47.168,11.774,149.59,20.18
4.197,2.43,23.453,23.453,65.617,392527.406,2464.602,86.947,7.389,47.168,11.767,149.559,20.175
4.197,2.43,23.459,23.459,65.61,392734.292,2463.85,86.946,7.397,47.171,11.755,149.542,20.171
4.197,2.43,23.465,23.465,65.602,392920.625,2463.174,86.947,7.407,47.177,11.738,149.534,20.166
4.197,2.43,23.472,23.472,65.593,393094.165,2462.544,86.949,7.42,47.184,11.718,149.533,20.162
4.197,2.43,23.479,23.479,65.585,393261.955,2461.935,86.952,7.433,47.192,11.698,149.533,20.158
4.197,2.43,23.486,23.486,65.576,393431.077,2461.323,86.954,7.447,47.2,11.677,149.533,20.154
4.197,2.43,23.493,23.493,65.567,393608.837,2460.679,86.956,7.459,47.207,11.658,149.528,20.15
4.197,2.43,23.499,23.499,65.558,393798.161,2459.994,86.956,7.47,47.213,11.641,149.518,20.146
4.197,2.43,23.506,23.506,65.55,393996.373,2459.277,86.956,7.48,47.218,11.626,149.504,20.141
4.197,2.43,23.511,23.511,65.542,394200.458,2458.54,86.955,7.489,47.222,11.612,149.487,20.137
4.197,2.43,23.517,23.517,65.534,394407.515,2457.792,86.954,7.497,47.226,11.598,149.468,20.132
4.197,2.43,23.523,23.523,65.526,394614.824,2457.045,86.953,7.506,47.23,11.585,149.45,20.128
4.197,2.43,23.529,23.529,65.518,394820.507,2456.303,86.952,7.515,47.234,11.571,149.432,20.124
4.197,2.43,23.535,23.535,65.51,395024.959,2455.567,86.951,7.524,47.238,11.557,149.415,20.119
4.197,2.43,23.541,23.541,65.501,395228.989,2454.833,86.951,7.533,47.242,11.542,149.398,20.115
4.197,2.43,23.547,23.547,65.493,395433.347,2454.098,86.95,7.542,47.246,11.528,149.381,20.11
4.197,2.43,23.553,23.553,65.485,395638.734,2453.361,86.949,7.551,47.25,11.514,149.363,20.106
4.197,2.43,23.559,23.559,65.477,395845.708,2452.618,86.948,7.56,47.254,11.501,149.345,20.102
4.197,2.43,23.565,23.565,65.468,396054.064,2451.87,86.947,7.569,47.258,11.487,149.325,20.097
4.197,2.43,23.57,23.57,65.46,396263.298,2451.121,86.945,7.578,47.261,11.474,149.306,20.093
4.197,2.43,23.576,23.576,65.452,396472.94,2450.37,86.944,7.586,47.265,11.461,149.286,20.088
4.197,2.43,23.582,23.582,65.444,396682.563,2449.62,86.943,7.595,47.269,11.448,149.266,20.084
4.197,2.43,23.588,23.588,65.436,396891.825,2448.872,86.941,7.604,47.272,11.434,149.247,20.079
4.197,2.43,23.594,23.594,65.427,397101.073,2448.125,86.94,7.612,47.276,11.421,149.227,20.075
4.197,2.43,23.6,23.6,65.419,397311.086,2447.376,86.939,7.621,47.28,11.408,149.207,20.071
4.197,2.43,23.606,23.606,65.411,397522.589,2446.622,86.937,7.629,47.283,11.395,149.187,20.066
4.197,2.43,23.611,23.611,65.403,397736.248,2445.86,86.936,7.637,47.287,11.383,149.165,20.062
4.197,2.43,23.617,23.617,65.395,397952.585,2445.09,86.934,7.645,47.289,11.371,149.142,20.057
4.197,2.43,23.622,23.622,65.387,398170.298,2444.316,86.932,7.653,47.292,11.359,149.119,20.053
4.197,2.43,23.628,23.628,65.379,398386.539,2443.548,86.93,7.661,47.295,11.348,149.096,20.048
4.197,2.43,23.634,23.634,65.371,398598.681,2442.795,86.928,7.669,47.299,11.335,149.076,20.044
4.197,2.43,23.64,23.64,65.362,398804.331,2442.065,86.927,7.678,47.303,11.321,149.058,20.04
4.197,2.43,23.646,23.646,65.354,399001.362,2441.367,86.927,7.689,47.308,11.306,149.044,20.035
4.197,2.43,23.653,23.653,65.345,399193.16,2440.688,86.928,7.7,47.314,11.29,149.032,20.031
4.197,2.43,23.66,23.66,65.336,399390.262,2439.99,86.927,7.71,47.319,11.274,149.018,20.027
4.197,2.43,23.666,23.666,65.328,399603.34,2439.237,86.926,7.719,47.322,11.262,148.997,20.022
4.197,2.43,23.67,23.67,65.32,399842.262,2438.393,86.922,7.724,47.323,11.254,148.964,20.018
4.197,2.43,23.673,23.673,65.314,400114.792,2437.431,86.915,7.724,47.319,11.252,148.916,20.013
4.197,2.43,23.675,23.675,65.309,400415.202,2436.372,86.905,7.721,47.313,11.256,148.856,20.008
4.197,2.43,23.676,23.676,65.305,400722.969,2435.288,86.895,7.716,47.305,11.262,148.793,20.002
4.197,2.43,23.677,23.677,65.301,401021.76,2434.237,86.886,7.712,47.299,11.267,148.735,19.997
4.197,2.43,23.679,23.679,65.296,401300.772,2433.257,86.878,7.71,47.294,11.268,148.686,19.992
4.197,2.43,23.682,23.682,65.29,401553.123,2432.371,86.873,7.712,47.293,11.265,148.65,19.988
4.197,2.43,23.687,23.687,65.284,401775.009,2431.594,86.871,7.717,47.294,11.256,148.627,19.983
4.197,2.43,23.692,23.692,65.276,401971.981,2430.903,86.871,7.726,47.299,11.243,148.615,19.979
4.197,2.43,23.699,23.699,65.269,402152.316,2430.272,86.873,7.738,47.305,11.227,148.61,19.975
4.197,2.43,23.706,23.706,65.26,402323.035,2429.675,86.875,7.75,47.313,11.209,148.61,19.971
4.197,2.43,23.713,23.713,65.251,402490.831,2429.088,86.878,7.764,47.321,11.19,148.611,19.967
4.197,2.43,23.72,23.72,65.243,402662.613,2428.488,86.881,7.777,47.329,11.172,148.609,19.963
4.197,2.43,23.727,23.727,65.234,402844.886,2427.852,86.882,7.788,47.335,11.156,148.603,19.959
4.197,2.43,23.733,23.733,65.226,403037.925,2427.179,86.882,7.799,47.34,11.141,148.592,19.955
4.197,2.43,23.739,23.739,65.218,403238.824,2426.478,86.882,7.808,47.345,11.127,148.577,19.95
4.197,2.43,23.745,23.745,65.21,403444.685,2425.761,86.881,7.817,47.349,11.115,148.561,19.946
4.197,2.43,23.75,23.75,65.202,403652.744,2425.037,86.88,7.825,47.353,11.103,148.543,19.942
4.197,2.43,23.756,23.756,65.195,403860.44,2424.315,86.879,7.834,47.357,11.09,148.525,19.937
4.197,2.43,23.762,23.762,65.187,404066.463,2423.599,86.879,7.843,47.361,11.078,148.508,19.933
4.197,2.43,23.768,23.768,65.179,404271.447,2422.888,86.878,7.851,47.365,11.065,148.491,19.929
4.197,2.43,23.774,23.774,65.171,404476.16,2422.177,86.877,7.861,47.369,11.052,148.475,19.925
4.197,2.43,23.78,23.78,65.163,404681.316,2421.466,86.876,7.87,47.373,11.04,148.458,19.92
4.197,2.43,23.786,23.786,65.155,404887.584,2420.752,86.876,7.878,47.377,11.027,148.44,19.916
4.197,2.43,23.792,23.792,65.147,405095.44,2420.033,86.875,7.887,47.381,11.015,148.422,19.912
4.197,2.43,23.797,23.797,65.139,405304.599,2419.309,86.874,7.896,47.385,11.003,148.404,19.907
4.197,2.43,23.803,23.803,65.131,405514.573,2418.584,86.872,7.904,47.388,10.991,148.385,19.903
4.197,2.43,23.809,23.809,65.123,405724.914,2417.858,86.871,7.913,47.392,10.979,148.366,19.899
4.197,2.43,23.815,23.815,65.115,405935.21,2417.132,86.87,7.921,47.396,10.967,148.346,19.895
4.197,2.43,23.82,23.82,65.107,406145.141,2416.409,86.869,7.93,47.399,10.955,148.327,19.89
4.197,2.43,23.826,23.826,65.099,406355.061,2415.686,86.868,7.938,47.403,10.943,148.308,19.886
4.197,2.43,23.832,23.832,65.091,406565.723,2414.961,86.867,7.947,47.407,10.931,148.289,19.882
4.197,2.43,23.838,23.838,65.083,406777.826,2414.232,86.865,7.955,47.41,10.919,148.269,19.877
4.197,2.43,23.843,23.843,65.075,406992.012,2413.496,86.864,7.963,47.413,10.908,148.248,19.873
4.197,2.43,23.849,23.849,65.067,407208.815,2412.752,86.862,7.971,47.416,10.898,148.226,19.869
4.197,2.43,23.854,23.854,65.059,407427.182,2412.003,86.86,7.978,47.419,10.887,148.203,19.864
4.197,2.43,23.86,23.86,65.052,407644.382,2411.259,86.858,7.986,47.422,10.876,148.181,19.86
4.197,2.43,23.866,23.866,65.044,407857.859,2410.528,86.857,7.994,47.425,10.865,148.161,19.856
4.197,2.43,23.872,23.872,65.036,408065.289,2409.818,86.856,8.003,47.429,10.853,148.143,19.851
4.197,2.43,23.878,23.878,65.027,408264.515,2409.137,86.856,8.013,47.434,10.84,148.129,19.847
4.197,2.43,23.885,23.885,65.019,408457.141,2408.479,86.856,8.024,47.44,10.825,148.118,19.843
4.197,2.43,23.891,23.891,65.01,408652.798,2407.812,86.856,8.034,47.445,10.811,148.105,19.839
4.197,2.43,23.897,23.897,65.002,408861.858,2407.099,86.855,8.043,47.449,10.798,148.086,19.835
4.197,2.43,23.902,23.902,64.994,409094.065,2406.307,86.852,8.049,47.451,10.79,148.057,19.83
4.197,2.43,23.906,23.906,64.988,409357.644,2405.41,86.846,8.051,47.449,10.787,148.015,19.826
4.197,2.43,23.908,23.908,64.983,409652.64,2404.407,86.837,8.048,47.443,10.79,147.959,19.821
4.197,2.43,23.909,23.909,64.979,409960.651,2403.361,86.828,8.044,47.436,10.795,147.898,19.816
4.197,2.43,23.91,23.91,64.975,410264.187,2402.331,86.818,8.039,47.429,10.799,147.839,19.811
4.197,2.43,23.911,23.911,64.97,410551.311,2401.358,86.81,8.037,47.423,10.802,147.788,19.806
4.197,2.43,23.914,23.914,64.965,410814.432,2400.467,86.804,8.037,47.421,10.8,147.748,19.801
4.197,2.43,23.918,23.918,64.959,411048.563,2399.676,86.801,8.041,47.421,10.795,147.721,19.797
4.197,2.43,23.923,23.923,64.952,411255.037,2398.978,86.801,8.049,47.425,10.784,147.705,19.792
4.197,2.43,23.929,23.929,64.945,411442.013,2398.346,86.802,8.059,47.431,10.771,147.699,19.788
4.197,2.43,23.936,23.936,64.937,411616.603,2397.757,86.804,8.071,47.438,10.755,147.697,19.785
4.197,2.43,23.943,23.943,64.929,411785.261,2397.189,86.807,8.084,47.445,10.738,147.698,19.781
4.197,2.43,23.95,23.95,64.92,411954.456,2396.619,86.81,8.097,47.453,10.721,147.698,19.777
4.197,2.43,23.957,23.957,64.912,412130.977,2396.024,86.812,8.109,47.46,10.705,147.695,19.773
4.197,2.43,23.963,23.963,64.904,412318.93,2395.392,86.813,8.12,47.466,10.691,147.687,19.769
4.197,2.43,23.969,23.969,64.896,412516.272,2394.728,86.813,8.13,47.471,10.679,147.674,19.765
4.197,2.43,23.975,23.975,64.888,412720.165,2394.043,86.813,8.139,47.476,10.667,147.659,19.761
4.197,2.43,23.981,23.981,64.881,412927.85,2393.346,86.812,8.147,47.479,10.656,147.642,19.756
4.197,2.43,23.986,23.986,64.873,413136.723,2392.645,86.811,8.155,47.483,10.645,147.625,19.752
4.197,2.43,23.992,23.992,64.865,413344.504,2391.948,86.81,8.164,47.487,10.634,147.608,19.748
4.197,2.43,23.998,23.998,64.858,413550.759,2391.257,86.81,8.173,47.491,10.622,147.591,19.744
4.197,2.43,24.003,24.003,64.85,413756.245,2390.57,86.809,8.181,47.495,10.611,147.575,19.74
4.197,2.43,24.009,24.009,64.842,413961.687,2389.883,86.808,8.19,47.499,10.599,147.559,19.736
4.197,2.43,24.015,24.015,64.834,414167.761,2389.194,86.808,8.199,47.503,10.587,147.543,19.732
4.197,2.43,24.021,24.021,64.826,414375.096,2388.502,86.807,8.208,47.507,10.576,147.526,19.727
4.197,2.43,24.027,24.027,64.819,414584.0,2387.805,86.806,8.216,47.511,10.565,147.508,19.723
4.197,2.43,24.032,24.032,64.811,414794.078,2387.104,86.805,8.225,47.515,10.554,147.49,19.719
4.197,2.43,24.038,24.038,64.803,415004.866,2386.402,86.804,8.233,47.519,10.543,147.471,19.715
4.197,2.43,24.044,24.044,64.795,415215.939,2385.7,86.803,8.241,47.522,10.533,147.453,19.711
4.197,2.43,24.05,24.05,64.788,415426.907,2384.998,86.802,8.25,47.526,10.522,147.434,19.707
4.197,2.43,24.055,24.055,64.78,415637.505,2384.298,86.801,8.258,47.53,10.511,147.416,19.702
4.197,2.43,24.061,24.061,64.772,415848.185,2383.599,86.8,8.267,47.533,10.5,147.397,19.698
4.197,2.43,24.067,24.067,64.764,416059.67,2382.897,86.799,8.275,47.537,10.489,147.379,19.694
4.197,2.43,24.072,24.072,64.757,416272.629,2382.191,86.798,8.283,47.54,10.479,147.359,19.69
4.197,2.43,24.078,24.078,64.749,416487.674,2381.479,86.796,8.291,47.544,10.469,147.339,19.686
4.197,2.43,24.083,24.083,64.741,416705.3,2380.759,86.795,8.298,47.547,10.459,147.317,19.681
4.197,2.43,24.089,24.089,64.734,416924.401,2380.034,86.793,8.306,47.549,10.45,147.295,19.677
4.197,2.43,24.094,24.094,64.726,417142.326,2379.314,86.791,8.313,47.552,10.44,147.274,19.673
4.197,2.43,24.1,24.1,64.719,417356.616,2378.607,86.79,8.321,47.556,10.43,147.254,19.669
4.197,2.43,24.106,24.106,64.711,417565.036,2377.919,86.789,8.33,47.56,10.419,147.237,19.665
4.197,2.43,24.112,24.112,64.703,417765.498,2377.258,86.789,8.34,47.564,10.407,147.223,19.661
4.197,2.43,24.119,24.119,64.694,417959.01,2376.621,86.79,8.35,47.57,10.393,147.212,19.657
4.197,2.43,24.125,24.125,64.686,418154.598,2375.977,86.79,8.361,47.575,10.38,147.2,19.653
4.197,2.43,24.131,24.131,64.678,418362.301,2375.294,86.789,8.37,47.58,10.369,147.183,19.649
4.197,2.43,24.136,24.136,64.671,418591.615,2374.541,86.787,8.376,47.581,10.361,147.156,19.644
4.197,2.43,24.14,24.14,64.664,418850.705,2373.69,86.781,8.379,47.58,10.358,147.117,19.64
4.197,2.43,24.142,24.142,64.659,419142.077,2372.734,86.773,8.377,47.575,10.359,147.064,19.635
4.197,2.43,24.143,24.143,64.655,419449.814,2371.726,86.764,8.372,47.568,10.363,147.005,19.63
4.197,2.43,24.144,24.144,64.651,419756.007,2370.724,86.754,8.368,47.561,10.368,146.947,19.625
4.197,2.43,24.146,24.146,64.647,420048.148,2369.769,86.746,8.365,47.555,10.37,146.896,19.62
4.197,2.43,24.148,24.148,64.642,420318.229,2368.887,86.74,8.364,47.552,10.37,146.854,19.616
4.197,2.43,24.151,24.151,64.637,420561.035,2368.095,86.736,8.367,47.552,10.366,146.824,19.611
4.197,2.43,24.156,24.156,64.63,420775.232,2367.397,86.735,8.374,47.555,10.358,146.806,19.607
4.197,2.43,24.162,24.162,64.623,420967.944,2366.77,86.736,8.383,47.56,10.346,146.797,19.603
4.197,2.43,24.168,24.168,64.616,421146.378,2366.189,86.738,8.395,47.566,10.333,146.795,19.599
4.197,2.43,24.175,24.175,64.608,421316.827,2365.635,86.741,8.407,47.574,10.318,146.795,19.596
4.197,2.43,24.182,24.182,64.599,421485.42,2365.087,86.744,8.42,47.582,10.302,146.796,19.592
4.197,2.43,24.189,24.189,64.591,421658.54,2364.524,86.746,8.432,47.589,10.287,146.795,19.588
4.197,2.43,24.195,24.195,64.583,421842.105,2363.929,86.748,8.444,47.596,10.274,146.789,19.584
4.197,2.43,24.202,24.202,64.575,422036.151,2363.299,86.748,8.454,47.601,10.262,146.779,19.58
4.197,2.43,24.207,24.207,64.568,422237.991,2362.645,86.748,8.463,47.606,10.251,146.766,19.576
4.197,2.43,24.213,24.213,64.56,422444.95,2361.975,86.748,8.471,47.609,10.24,146.75,19.572
4.197,2.43,24.219,24.219,64.553,422654.472,2361.296,86.747,8.479,47.613,10.23,146.733,19.568
4.197,2.43,24.224,24.224,64.546,422864.173,2360.618,86.746,8.488,47.617,10.22,146.716,19.564
4.197,2.43,24.23,24.23,64.538,423072.442,2359.945,86.746,8.496,47.621,10.21,146.7,19.56
4.197,2.43,24.235,24.235,64.531,423279.517,2359.277,86.745,8.504,47.625,10.2,146.684,19.556
4.197,2.43,24.241,24.241,64.523,423485.926,2358.611,86.745,8.513,47.629,10.189,146.668,19.552
4.197,2.43,24.247,24.247,64.516,423692.157,2357.946,86.744,8.522,47.633,10.179,146.652,19.548
4.197,2.43,24.253,24.253,64.508,423898.663,2357.281,86.744,8.531,47.637,10.168,146.637,19.544
4.197,2.43,24.259,24.259,64.5,424105.87,2356.614,86.743,8.539,47.641,10.158,146.621,19.54
4.197,2.43,24.264,24.264,64.493,424314.174,2355.944,86.743,8.548,47.645,10.148,146.604,19.536
4.197,2.43,24.27,24.27,64.485,424523.949,2355.27,86.742,8.556,47.649,10.138,146.587,19.532
4.197,2.43,24.276,24.276,64.478,424735.542,2354.59,86.741,8.565,47.653,10.128,146.569,19.528
4.197,2.43,24.281,24.281,64.47,424949.273,2353.904,86.74,8.573,47.656,10.118,146.55,19.524
4.197,2.43,24.287,24.287,64.463,425165.435,2353.211,86.738,8.58,47.659,10.109,146.53,19.52
4.197,2.43,24.292,24.292,64.455,425383.702,2352.512,86.737,8.588,47.662,10.1,146.509,19.516
4.197,2.43,24.297,24.297,64.448,425601.863,2351.814,86.735,8.595,47.665,10.092,146.489,19.512
4.197,2.43,24.303,24.303,64.441,425817.531,2351.124,86.734,8.603,47.668,10.082,146.469,19.507
4.197,2.43,24.308,24.308,64.433,426028.546,2350.45,86.733,8.611,47.672,10.073,146.452,19.503
4.197,2.43,24.314,24.314,64.425,426232.908,2349.797,86.733,8.62,47.677,10.062,146.437,19.499
4.197,2.43,24.321,24.321,64.417,426429.139,2349.171,86.734,8.63,47.682,10.05,146.425,19.496
4.197,2.43,24.327,24.327,64.409,426622.207,2348.555,86.734,8.641,47.688,10.038,146.415,19.492
4.197,2.43,24.334,24.334,64.401,426821.775,2347.919,86.734,8.651,47.693,10.026,146.402,19.488
4.197,2.43,24.339,24.339,64.393,427037.29,2347.233,86.733,8.659,47.696,10.017,146.382,19.484
4.197,2.43,24.344,24.344,64.387,427277.443,2346.469,86.73,8.664,47.697,10.011,146.352,19.479
4.197,2.43,24.347,24.347,64.381,427549.143,2345.605,86.724,8.664,47.694,10.009,146.309,19.475
4.197,2.43,24.349,24.349,64.376,427848.651,2344.655,86.715,8.661,47.688,10.012,146.255,19.47
4.197,2.43,24.35,24.35,64.372,428157.494,2343.675,86.706,8.657,47.681,10.016,146.197,19.465
4.197,2.43,24.351,24.351,64.368,428460.191,2342.716,86.697,8.653,47.675,10.019,146.142,19.461
4.197,2.43,24.352,24.352,64.364,428746.292,2341.811,86.689,8.651,47.67,10.021,146.094,19.456
4.197,2.43,24.355,24.355,64.359,429009.171,2340.98,86.684,8.651,47.668,10.02,146.057,19.452
4.197,2.43,24.359,24.359,64.354,429244.419,2340.237,86.681,8.655,47.668,10.015,146.031,19.447
4.197,2.43,24.363,24.363,64.348,429452.871,2339.579,86.681,8.662,47.672,10.007,146.016,19.443
4.197,2.43,24.369,24.369,64.341,429642.033,2338.983,86.682,8.672,47.677,9.996,146.009,19.44
4.197,2.43,24.376,24.376,64.333,429818.551,2338.426,86.684,8.683,47.684,9.983,146.008,19.436
4.197,2.43,24.382,24.382,64.325,429988.379,2337.891,86.687,8.696,47.692,9.969,146.009,19.432
4.197,2.43,24.389,24.389,64.317,430157.427,2337.359,86.69,8.709,47.699,9.955,146.01,19.429
4.197,2.43,24.396,24.396,64.309,430331.887,2336.811,86.693,8.721,47.707,9.941,146.009,19.425
4.197,2.43,24.403,24.403,64.301,430517.118,2336.228,86.694,8.732,47.713,9.929,146.003,19.421
4.197,2.43,24.409,24.409,64.294,430712.463,2335.615,86.695,8.741,47.718,9.918,145.992,19.417
4.197,2.43,24.414,24.414,64.287,430915.25,2334.978,86.695,8.75,47.723,9.908,145.979,19.414
4.197,2.43,24.42,24.42,64.279,431122.839,2334.327,86.694,8.759,47.726,9.898,145.964,19.41
4.197,2.43,24.425,24.425,64.272,431332.716,2333.669,86.694,8.767,47.73,9.889,145.947,19.406
4.197,2.43,24.431,24.431,64.265,431542.539,2333.012,86.693,8.775,47.734,9.88,145.931,19.402
4.197,2.43,24.437,24.437,64.258,431750.783,2332.361,86.693,8.783,47.738,9.87,145.915,19.398
4.197,2.43,24.442,24.442,64.25,431957.864,2331.713,86.692,8.792,47.742,9.861,145.9,19.394
4.197,2.43,24.448,24.448,64.243,432164.492,2331.068,86.692,8.8,47.746,9.851,145.884,19.39
4.197,2.43,24.454,24.454,64.236,432371.322,2330.422,86.691,8.809,47.75,9.842,145.869,19.386
4.197,2.43,24.459,24.459,64.228,432578.967,2329.774,86.691,8.817,47.754,9.832,145.853,19.382
4.197,2.43,24.465,24.465,64.221,432787.988,2329.122,86.69,8.826,47.758,9.823,145.837,19.378
4.197,2.43,24.471,24.471,64.213,432998.468,2328.467,86.69,8.834,47.762,9.813,145.82,19.374
4.197,2.43,24.476,24.476,64.206,433209.973,2327.808,86.689,8.842,47.765,9.804,145.803,19.37
4.197,2.43,24.482,24.482,64.199,433422.075,2327.149,86.688,8.85,47.769,9.795,145.785,19.366
4.197,2.43,24.487,24.487,64.191,433634.381,2326.489,86.687,8.858,47.773,9.786,145.768,19.362
4.197,2.43,24.493,24.493,64.184,433846.531,2325.83,86.686,8.866,47.776,9.777,145.75,19.358
4.197,2.43,24.498,24.498,64.177,434058.303,2325.173,86.686,8.874,47.78,9.768,145.733,19.354
4.197,2.43,24.504,24.504,64.169,434270.159,2324.516,86.685,8.882,47.784,9.759,145.715,19.35
4.197,2.43,24.51,24.51,64.162,434482.774,2323.857,86.684,8.89,47.787,9.75,145.697,19.347
4.197,2.43,24.515,24.515,64.155,434696.768,2323.195,86.683,8.898,47.791,9.742,145.679,19.343
4.197,2.43,24.521,24.521,64.147,434912.708,2322.527,86.682,8.906,47.794,9.733,145.66,19.339
4.197,2.43,24.526,24.526,64.14,435131.092,2321.852,86.68,8.913,47.797,9.725,145.64,19.335
4.197,2.43,24.531,24.531,64.133,435351.214,2321.172,86.679,8.92,47.8,9.717,145.619,19.331
4.197,2.43,24.536,24.536,64.126,435570.648,2320.495,86.677,8.927,47.802,9.709,145.598,19.327
4.197,2.43,24.542,24.542,64.119,435787.063,2319.827,86.676,8.935,47.806,9.701,145.579,19.323
4.197,2.43,24.547,24.547,64.112,435998.351,2319.176,86.676,8.943,47.809,9.692,145.562,19.319
4.197,2.43,24.553,24.553,64.104,436202.559,2318.548,86.675,8.952,47.814,9.682,145.547,19.315
4.197,2.43,24.56,24.56,64.096,436398.735,2317.944,86.676,8.962,47.819,9.671,145.536,19.311
4.197,2.43,24.566,24.566,64.088,436593.168,2317.346,86.677,8.973,47.825,9.66,145.526,19.307
4.197,2.43,24.572,24.572,64.08,436795.296,2316.725,86.677,8.982,47.83,9.65,145.512,19.304
4.197,2.43,24.578,24.578,64.073,437014.2,2316.053,86.675,8.99,47.833,9.642,145.492,19.3
4.197,2.43,24.582,24.582,64.066,437258.114,2315.305,86.672,8.994,47.833,9.637,145.461,19.295
4.197,2.43,24.585,24.585,64.061,437533.316,2314.462,86.666,8.994,47.83,9.636,145.418,19.291
4.197,2.43,24.587,24.587,64.057,437834.586,2313.539,86.657,8.991,47.824,9.638,145.364,19.286
4.197,2.43,24.588,24.588,64.053,438143.791,2312.594,86.648,8.987,47.817,9.642,145.307,19.282
4.197,2.43,24.589,24.589,64.049,438446.293,2311.67,86.639,8.983,47.811,9.645,145.254,19.277
4.197,2.43,24.59,24.59,64.045,438732.272,2310.797,86.632,8.981,47.806,9.647,145.208,19.273
4.197,2.43,24.593,24.593,64.04,438995.527,2309.995,86.627,8.981,47.804,9.645,145.171,19.268
4.197,2.43,24.596,24.596,64.035,439231.929,2309.275,86.624,8.985,47.805,9.641,145.145,19.264
4.197,2.43,24.601,24.601,64.029,439441.856,2308.636,86.624,8.992,47.808,9.634,145.13,19.26
4.197,2.43,24.607,24.607,64.022,439632.414,2308.056,86.625,9.001,47.813,9.624,145.123,19.257
4.197,2.43,24.613,24.613,64.015,439810.03,2307.517,86.627,9.012,47.82,9.612,145.121,19.253
4.197,2.43,24.62,24.62,64.007,439980.4,2306.999,86.63,9.024,47.827,9.6,145.122,19.25
4.197,2.43,24.627,24.627,63.999,440149.113,2306.487,86.633,9.037,47.835,9.587,145.124,19.246
4.197,2.43,24.633,24.633,63.992,440322.001,2305.963,86.636,9.049,47.842,9.574,145.123,19.243
4.197,2.43,24.64,24.64,63.984,440504.728,2305.409,86.638,9.06,47.849,9.563,145.118,19.239
4.197,2.43,24.646,24.646,63.977,440697.914,2304.823,86.639,9.07,47.854,9.553,145.109,19.235
4.197,2.43,24.652,24.652,63.969,440899.072,2304.215,86.639,9.079,47.859,9.543,145.097,19.231
4.197,2.43,24.657,24.657,63.962,441105.687,2303.589,86.638,9.087,47.863,9.535,145.082,19.228
4.197,2.43,24.663,24.663,63.955,441315.347,2302.956,86.638,9.095,47.866,9.526,145.066,19.224
4.197,2.43,24.668,24.668,63.948,441525.794,2302.32,86.637,9.103,47.87,9.518,145.05,19.22
4.197,2.43,24.674,24.674,63.941,441735.128,2301.688,86.637,9.111,47.874,9.509,145.034,19.216
4.197,2.43,24.679,24.679,63.934,441943.098,2301.061,86.636,9.119,47.878,9.501,145.019,19.212
4.197,2.43,24.685,24.685,63.927,442150.209,2300.437,86.636,9.127,47.882,9.492,145.004,19.209
4.197,2.43,24.69,24.69,63.92,442356.929,2299.814,86.636,9.136,47.886,9.483,144.989,19.205
4.197,2.43,24.696,24.696,63.913,442563.691,2299.192,86.636,9.144,47.89,9.474,144.974,19.201
4.197,2.43,24.702,24.702,63.906,442770.899,2298.569,86.635,9.153,47.894,9.466,144.959,19.197
4.197,2.43,24.707,24.707,63.898,442978.931,2297.944,86.635,9.161,47.898,9.457,144.944,19.193
4.197,2.43,24.713,24.713,63.891,443188.142,2297.316,86.634,9.169,47.902,9.448,144.928,19.19
4.197,2.43,24.718,24.718,63.884,443398.863,2296.683,86.634,9.177,47.906,9.44,144.911,19.186
4.197,2.43,24.724,24.724,63.877,443611.4,2296.046,86.633,9.185,47.909,9.432,144.894,19.182
4.197,2.43,24.729,24.729,63.87,443826.036,2295.403,86.632,9.193,47.912,9.424,144.876,19.178
4.197,2.43,24.735,24.735,63.863,444043.016,2294.754,86.631,9.2,47.916,9.416,144.857,19.174
4.197,2.43,24.74,24.74,63.856,444261.696,2294.099,86.63,9.207,47.918,9.409,144.837,19.17
4.197,2.43,24.745,24.745,63.849,444479.877,2293.447,86.629,9.214,47.921,9.402,144.817,19.166
4.197,2.43,24.75,24.75,63.842,444695.403,2292.804,86.628,9.222,47.925,9.394,144.799,19.163
4.197,2.43,24.756,24.756,63.835,444906.321,2292.174,86.627,9.23,47.928,9.386,144.782,19.159
4.197,2.43,24.762,24.762,63.828,445110.82,2291.564,86.627,9.239,47.933,9.377,144.768,19.155
4.197,2.43,24.768,24.768,63.82,445307.492,2290.978,86.627,9.249,47.938,9.367,144.757,19.151
4.197,2.43,24.775,24.775,63.812,445500.611,2290.403,86.628,9.259,47.944,9.356,144.748,19.148
4.197,2.43,24.781,24.781,63.804,445699.047,2289.813,86.629,9.269,47.949,9.346,144.736,19.144
4.197,2.43,24.786,24.786,63.797,445911.516,2289.181,86.628,9.277,47.952,9.338,144.719,19.14
4.197,2.43,24.791,24.791,63.791,446146.118,2288.484,86.625,9.282,47.954,9.332,144.692,19.136
4.197,2.43,24.794,24.794,63.785,446409.566,2287.702,86.62,9.284,47.952,9.33,144.655,19.132
4.197,2.43,24.796,24.796,63.78,446702.495,2286.833,86.613,9.282,47.947,9.331,144.605,19.128
4.197,2.43,24.798,24.798,63.776,447009.451,2285.923,86.604,9.278,47.941,9.334,144.551,19.123
4.197,2.43,24.799,24.799,63.773,447314.683,2285.02,86.595,9.274,47.935,9.338,144.497,19.119
4.197,2.43,24.8,24.8,63.769,447607.18,2284.155,86.588,9.271,47.929,9.34,144.45,19.114
4.197,2.43,24.802,24.802,63.765,447879.873,2283.35,86.582,9.27,47.926,9.34,144.41,19.11
4.197,2.43,24.805,24.805,63.76,448128.24,2282.617,86.578,9.273,47.925,9.337,144.38,19.106
4.197,2.43,24.809,24.809,63.754,448349.684,2281.964,86.577,9.278,47.927,9.332,144.361,19.102
4.197,2.43,24.814,24.814,63.748,448548.668,2281.378,86.578,9.286,47.932,9.323,144.351,19.098
4.197,2.43,24.82,24.82,63.741,448731.982,2280.838,86.579,9.296,47.938,9.314,144.347,19.095
4.197,2.43,24.827,24.827,63.734,448905.327,2280.328,86.582,9.308,47.945,9.302,144.347,19.091
4.197,2.43,24.833,24.833,63.726,449074.03,2279.832,86.585,9.32,47.952,9.291,144.348,19.088
4.197,2.43,24.84,24.84,63.719,449243.504,2279.334,86.588,9.332,47.96,9.279,144.349,19.084
4.197,2.43,24.847,24.847,63.711,449419.476,2278.817,86.591,9.344,47.967,9.267,144.348,19.081
4.197,2.43,24.853,24.853,63.704,449606.318,2278.269,86.592,9.354,47.973,9.257,144.342,19.077
4.197,2.43,24.859,24.859,63.697,449802.71,2277.693,86.593,9.363,47.978,9.248,144.332,19.074
4.197,2.43,24.865,24.865,63.69,450006.032,2277.097,86.593,9.372,47.982,9.24,144.319,19.07
4.197,2.43,24.87,24.87,63.683,450213.72,2276.488,86.593,9.38,47.986,9.232,144.304,19.066
4.197,2.43,24.875,24.875,63.676,450423.339,2275.875,86.592,9.388,47.99,9.224,144.289,19.063
4.197,2.43,24.881,24.881,63.669,450632.622,2275.263,86.592,9.396,47.994,9.216,144.274,19.059
4.197,2.43,24.886,24.886,63.662,450839.992,2274.657,86.592,9.404,47.998,9.208,144.259,19.055
4.197,2.43,24.892,24.892,63.655,451046.11,2274.055,86.592,9.412,48.002,9.2,144.245,19.052
4.197,2.43,24.898,24.898,63.648,451252.143,2273.454,86.592,9.421,48.006,9.192,144.231,19.048
4.197,2.43,24.903,24.903,63.641,451459.174,2272.85,86.591,9.429,48.01,9.184,144.217,19.044
4.197,2.43,24.909,24.909,63.635,451668.221,2272.241,86.591,9.437,48.014,9.176,144.201,19.04
4.197,2.43,24.914,24.914,63.628,451880.231,2271.623,86.591,9.445,48.018,9.168,144.185,19.037
4.197,2.43,24.919,24.919,63.621,452095.366,2270.997,86.59,9.452,48.021,9.161,144.167,19.033
4.197,2.43,24.925,24.925,63.614,452311.522,2270.369,86.589,9.459,48.024,9.154,144.149,19.029
4.197,2.43,24.93,24.93,63.607,452526.338,2269.745,86.588,9.467,48.027,9.146,144.132,19.025
4.197,2.43,24.935,24.935,63.6,452737.667,2269.131,86.587,9.475,48.031,9.139,144.116,19.022
4.197,2.43,24.941,24.941,63.593,452943.534,2268.534,86.587,9.483,48.035,9.13,144.102,19.018
4.197,2.43,24.947,24.947,63.586,453142.082,2267.958,86.588,9.493,48.04,9.121,144.09,19.014
4.197,2.43,24.953,24.953,63.578,453334.733,2267.4,86.589,9.503,48.046,9.112,144.082,19.011
4.197,2.43,24.96,24.96,63.571,453529.401,2266.837,86.59,9.513,48.052,9.102,144.072,19.007
4.197,2.43,24.966,24.966,63.563,453734.565,2266.243,86.59,9.522,48.056,9.094,144.058,19.004
4.197,2.43,24.971,24.971,63.557,453958.311,2265.596,86.588,9.529,48.059,9.087,144.037,19.0
4.197,2.43,24.975,24.975,63.551,454207.769,2264.875,86.585,9.532,48.058,9.083,144.005,18.996
4.197,2.43,24.977,24.977,63.546,454487.608,2264.068,86.578,9.532,48.055,9.083,143.962,18.992
4.197,2.43,24.979,24.979,63.542,454789.352,2263.198,86.57,9.529,48.049,9.085,143.911,18.987
4.197,2.43,24.98,24.98,63.538,455096.205,2262.314,86.562,9.525,48.043,9.088,143.858,18.983
4.197,2.43,24.981,24.981,63.534,455395.417,2261.453,86.554,9.521,48.037,9.091,143.809,18.978
4.197,2.43,24.982,24.982,63.53,455678.48,2260.64,86.547,9.519,48.033,9.092,143.766,18.974
4.197,2.43,24.985,24.985,63.526,455940.008,2259.889,86.543,9.52,48.031,9.09,143.731,18.97
4.197,2.43,24.988,24.988,63.521,456176.372,2259.211,86.54,9.524,48.032,9.087,143.707,18.966
4.197,2.43,24.993,24.993,63.515,456387.374,2258.606,86.54,9.53,48.035,9.081,143.693,18.963
4.197,2.43,24.998,24.998,63.509,456579.34,2258.056,86.541,9.539,48.04,9.072,143.686,18.959
4.197,2.43,25.005,25.005,63.502,456758.248,2257.544,86.543,9.55,48.046,9.062,143.684,18.956
4.197,2.43,25.011,25.011,63.495,456929.331,2257.054,86.546,9.561,48.054,9.052,143.685,18.952
4.197,2.43,25.018,25.018,63.487,457097.661,2256.573,86.549,9.574,48.061,9.04,143.687,18.949
4.197,2.43,25.024,25.024,63.48,457268.508,2256.085,86.552,9.586,48.069,9.029,143.688,18.946
4.197,2.43,25.031,25.031,63.473,457447.416,2255.574,86.555,9.597,48.076,9.019,143.685,18.942
4.197,2.43,25.037,25.037,63.466,457637.099,2255.032,86.556,9.607,48.081,9.01,143.679,18.939
4.197,2.43,25.043,25.043,63.459,457835.588,2254.466,86.557,9.616,48.086,9.002,143.668,18.935
4.197,2.43,25.048,25.048,63.452,458040.5,2253.882,86.557,9.624,48.09,8.994,143.655,18.932
4.197,2.43,25.054,25.054,63.445,458249.512,2253.287,86.557,9.632,48.094,8.986,143.641,18.928
4.197,2.43,25.059,25.059,63.439,458460.428,2252.687,86.556,9.64,48.098,8.979,143.626,18.924
4.197,2.43,25.064,25.064,63.432,458671.213,2252.087,86.556,9.647,48.102,8.972,143.611,18.921
4.197,2.43,25.07,25.07,63.425,458880.62,2251.492,86.556,9.655,48.105,8.965,143.596,18.917
4.197,2.43,25.075,25.075,63.418,459088.939,2250.9,86.555,9.663,48.109,8.957,143.582,18.913
4.197,2.43,25.081,25.081,63.412,459296.635,2250.311,86.555,9.672,48.113,8.95,143.568,18.91
4.197,2.43,25.086,25.086,63.405,459504.133,2249.722,86.555,9.68,48.117,8.942,143.554,18.906
4.197,2.43,25.092,25.092,63.398,459711.831,2249.134,86.555,9.688,48.122,8.934,143.54,18.903
4.197,2.43,25.097,25.097,63.391,459920.098,2248.544,86.555,9.696,48.126,8.927,143.525,18.899
4.197,2.43,25.103,25.103,63.384,460129.283,2247.952,86.555,9.704,48.13,8.919,143.511,18.895
4.197,2.43,25.108,25.108,63.377,460339.71,2247.357,86.554,9.712,48.133,8.912,143.496,18.892
4.197,2.43,25.114,25.114,63.37,460551.683,2246.758,86.554,9.72,48.137,8.905,143.48,18.888
4.197,2.43,25.119,25.119,63.364,460765.482,2246.154,86.553,9.728,48.141,8.898,143.464,18.884
4.197,2.43,25.124,25.124,63.357,460981.366,2245.545,86.553,9.735,48.144,8.891,143.446,18.881
4.197,2.43,25.129,25.129,63.35,461199.555,2244.93,86.552,9.742,48.147,8.884,143.428,18.877
4.197,2.43,25.135,25.135,63.344,461419.378,2244.31,86.551,9.749,48.15,8.878,143.409,18.873
4.197,2.43,25.14,25.14,63.337,461638.744,2243.693,86.55,9.756,48.153,8.871,143.391,18.87
4.197,2.43,25.145,25.145,63.33,461855.623,2243.083,86.549,9.763,48.156,8.865,143.373,18.866
4.197,2.43,25.15,25.15,63.324,462068.177,2242.485,86.548,9.771,48.16,8.858,143.358,18.862
4.197,2.43,25.156,25.156,63.317,462274.703,2241.905,86.548,9.78,48.164,8.85,143.344,18.859
4.197,2.43,25.162,25.162,63.309,462473.69,2241.346,86.549,9.789,48.169,8.841,143.333,18.855
4.197,2.43,25.168,25.168,63.302,462667.996,2240.801,86.55,9.799,48.175,8.832,143.325,18.852
4.197,2.43,25.174,25.174,63.295,462865.827,2240.247,86.551,9.809,48.18,8.824,143.314,18.848
4.197,2.43,25.18,25.18,63.288,463075.476,2239.659,86.551,9.817,48.184,8.816,143.299,18.845
4.197,2.43,25.185,25.185,63.281,463304.763,2239.017,86.549,9.823,48.186,8.811,143.277,18.841
4.197,2.43,25.189,25.189,63.275,463560.424,2238.302,86.545,9.826,48.185,8.808,143.244,18.837
4.197,2.43,25.191,25.191,63.271,463846.155,2237.504,86.538,9.825,48.182,8.808,143.201,18.833
4.197,2.43,25.192,25.192,63.267,464151.529,2236.651,86.53,9.822,48.176,8.81,143.15,18.829
4.197,2.43,25.193,25.193,63.263,464460.215,2235.79,86.522,9.818,48.17,8.813,143.097,18.824
4.197,2.43,25.194,25.194,63.26,464760.166,2234.955,86.514,9.814,48.164,8.815,143.049,18.82
4.197,2.43,25.196,25.196,63.256,465043.426,2234.166,86.508,9.813,48.16,8.816,143.007,18.816
4.197,2.43,25.198,25.198,63.252,465304.986,2233.439,86.503,9.813,48.158,8.815,142.974,18.812
4.197,2.43,25.202,25.202,63.247,465541.462,2232.782,86.501,9.817,48.159,8.811,142.951,18.808
4.197,2.43,25.206,25.206,63.241,465752.939,2232.195,86.5,9.823,48.162,8.806,142.937,18.805
4.197,2.43,25.212,25.212,63.235,465945.692,2231.66,86.502,9.832,48.167,8.798,142.931,18.801
4.197,2.43,25.218,25.218,63.228,466125.542,2231.162,86.504,9.842,48.173,8.789,142.929,18.798
4.197,2.43,25.224,25.224,63.221,466297.588,2230.685,86.507,9.854,48.18,8.779,142.93,18.795
4.197,2.43,25.231,25.231,63.214,466466.764,2230.216,86.51,9.866,48.188,8.769,142.932,18.791
4.197,2.43,25.237,25.237,63.207,466638.182,2229.742,86.513,9.878,48.196,8.758,142.933,18.788
4.197,2.43,25.244,25.244,63.2,466817.251,2229.247,86.516,9.889,48.202,8.749,142.931,18.785
4.197,2.43,25.25,25.25,63.193,467007.045,2228.722,86.517,9.899,48.208,8.74,142.924,18.781
4.197,2.43,25.255,25.255,63.186,467205.792,2228.173,86.518,9.908,48.213,8.732,142.915,18.778
4.197,2.43,25.261,25.261,63.179,467411.155,2227.606,86.518,9.916,48.217,8.725,142.902,18.774
4.197,2.43,25.266,25.266,63.173,467620.852,2227.028,86.518,9.924,48.221,8.718,142.888,18.771
4.197,2.43,25.271,25.271,63.166,467832.716,2226.444,86.518,9.931,48.225,8.712,142.874,18.767
4.197,2.43,25.277,25.277,63.16,468044.737,2225.86,86.517,9.939,48.228,8.705,142.859,18.764
4.197,2.43,25.282,25.282,63.153,468255.451,2225.28,86.517,9.946,48.232,8.698,142.844,18.76
4.197,2.43,25.287,25.287,63.147,468464.988,2224.703,86.517,9.954,48.236,8.691,142.83,18.757
4.197,2.43,25.293,25.293,63.14,468673.807,2224.129,86.517,9.962,48.24,8.684,142.817,18.753
4.197,2.43,25.298,25.298,63.134,468882.332,2223.556,86.517,9.97,48.244,8.677,142.803,18.75
4.197,2.43,25.304,25.304,63.127,469090.956,2222.984,86.517,9.979,48.248,8.67,142.789,18.746
4.197,2.43,25.309,25.309,63.12,469300.046,2222.41,86.517,9.987,48.252,8.663,142.775,18.742
4.197,2.43,25.314,25.314,63.113,469509.944,2221.835,86.517,9.995,48.256,8.656,142.761,18.739
4.197,2.43,25.32,25.32,63.107,469720.972,2221.257,86.517,10.002,48.26,8.65,142.747,18.735
4.197,2.43,25.325,25.325,63.1,469933.43,2220.675,86.516,10.01,48.263,8.643,142.731,18.732
4.197,2.43,25.331,25.331,63.094,470147.596,2220.089,86.516,10.018,48.267,8.636,142.716,18.728
4.197,2.43,25.336,25.336,63.087,470363.728,2219.499,86.515,10.025,48.27,8.63,142.699,18.725
4.197,2.43,25.341,25.341,63.08,470582.056,2218.902,86.514,10.032,48.273,8.624,142.682,18.721
4.197,2.43,25.346,25.346,63.074,470802.45,2218.301,86.513,10.039,48.276,8.618,142.663,18.718
4.197,2.43,25.351,25.351,63.068,471023.171,2217.699,86.512,10.046,48.279,8.612,142.645,18.714
4.197,2.43,25.356,25.356,63.061,471242.166,2217.102,86.512,10.053,48.282,8.606,142.628,18.71
4.197,2.43,25.361,25.361,63.055,471457.585,2216.515,86.511,10.06,48.286,8.599,142.611,18.707
4.197,2.43,25.367,25.367,63.048,471667.734,2215.943,86.511,10.068,48.29,8.593,142.597,18.703
4.197,2.43,25.373,25.373,63.041,471871.012,2215.391,86.511,10.077,48.294,8.585,142.585,18.7
4.197,2.43,25.379,25.379,63.034,472067.325,2214.857,86.512,10.087,48.3,8.577,142.576,18.696
4.197,2.43,25.385,25.385,63.027,472263.2,2214.325,86.513,10.097,48.305,8.569,142.567,18.693
4.197,2.43,25.391,25.391,63.019,472466.821,2213.772,86.514,10.106,48.31,8.561,142.555,18.69
4.197,2.43,25.396,25.396,63.013,472686.056,2213.178,86.513,10.113,48.313,8.555,142.538,18.686
4.197,2.43,25.4,25.4,63.007,472928.059,2212.522,86.51,10.117,48.314,8.551,142.511,18.682
4.197,2.43,25.403,25.403,63.002,473198.513,2211.79,86.505,10.118,48.312,8.549,142.474,18.678
4.197,2.43,25.405,25.405,62.998,473496.066,2210.985,86.498,10.116,48.307,8.55,142.427,18.674
4.197,2.43,25.406,25.406,62.994,473805.373,2210.149,86.49,10.112,48.301,8.553,142.376,18.67
4.197,2.43,25.407,25.407,62.991,474112.231,2209.32,86.482,10.108,48.295,8.556,142.326,18.666
4.197,2.43,25.408,25.408,62.987,474406.75,2208.526,86.475,10.105,48.29,8.557,142.282,18.662
4.197,2.43,25.41,25.41,62.983,474682.594,2207.783,86.469,10.105,48.287,8.557,142.244,18.658
4.197,2.43,25.413,25.413,62.979,474935.75,2207.101,86.465,10.106,48.286,8.556,142.215,18.654
4.197,2.43,25.416,25.416,62.974,475163.536,2206.489,86.464,10.111,48.287,8.552,142.196,18.65
4.197,2.43,25.421,25.421,62.968,475368.5,2205.938,86.464,10.118,48.291,8.546,142.185,18.647
4.197,2.43,25.427,25.427,62.962,475557.001,2205.431,86.466,10.127,48.297,8.538,142.18,18.644
4.197,2.43,25.433,25.433,62.956,475734.388,2204.955,86.469,10.138,48.303,8.529,142.179,18.64
4.197,2.43,25.439,25.439,62.949,475905.504,2204.496,86.472,10.149,48.31,8.52,142.181,18.637
4.197,2.43,25.446,25.446,62.942,476075.15,2204.041,86.475,10.161,48.318,8.511,142.183,18.634
4.197,2.43,25.452,25.452,62.935,476248.357,2203.577,86.478,10.172,48.325,8.501,142.184,18.631
4.197,2.43,25.459,25.459,62.928,476430.342,2203.09,86.48,10.183,48.332,8.492,142.181,18.628
4.197,2.43,25.464,25.464,62.921,476622.923,2202.574,86.481,10.193,48.337,8.485,142.174,18.624
4.197,2.43,25.47,25.47,62.914,476823.892,2202.036,86.482,10.201,48.342,8.478,142.164,18.621
4.197,2.43,25.475,25.475,62.908,477030.821,2201.483,86.482,10.209,48.346,8.471,142.151,18.618
4.197,2.43,25.481,25.481,62.902,477241.359,2200.921,86.482,10.217,48.35,8.465,142.137,18.614
4.197,2.43,25.486,25.486,62.895,477453.292,2200.355,86.482,10.224,48.353,8.458,142.123,18.611
4.197,2.43,25.491,25.491,62.889,477664.568,2199.791,86.482,10.232,48.357,8.452,142.109,18.607
4.197,2.43,25.496,25.496,62.882,477873.948,2199.233,86.482,10.24,48.361,8.446,142.096,18.604
4.197,2.43,25.502,25.502,62.876,478082.207,2198.679,86.482,10.248,48.365,8.439,142.083,18.6
4.197,2.43,25.507,25.507,62.869,478290.414,2198.124,86.482,10.256,48.369,8.433,142.07,18.597
4.197,2.43,25.512,25.512,62.863,478499.563,2197.568,86.482,10.264,48.373,8.426,142.056,18.593
4.197,2.43,25.518,25.518,62.857,478710.585,2197.007,86.482,10.271,48.377,8.42,142.042,18.59
4.197,2.43,25.523,25.523,62.85,478924.348,2196.439,86.482,10.279,48.38,8.414,142.027,18.587
4.197,2.43,25.528,25.528,62.844,479141.264,2195.863,86.481,10.286,48.384,8.408,142.011,18.583
4.197,2.43,25.533,25.533,62.837,479359.646,2195.284,86.48,10.293,48.387,8.402,141.994,18.58
4.197,2.43,25.538,25.538,62.831,479577.275,2194.707,86.48,10.3,48.39,8.396,141.978,18.576
4.197,2.43,25.543,25.543,62.825,479792.14,2194.138,86.479,10.307,48.393,8.39,141.962,18.573
4.197,2.43,25.549,25.549,62.818,480002.398,2193.581,86.479,10.315,48.397,8.384,141.948,18.569
4.197,2.43,25.554,25.554,62.812,480206.322,2193.042,86.48,10.324,48.402,8.377,141.937,18.566
4.197,2.43,25.56,25.56,62.805,480402.992,2192.522,86.481,10.333,48.407,8.369,141.928,18.562
4.197,2.43,25.566,25.566,62.797,480597.555,2192.008,86.482,10.343,48.413,8.361,141.92,18.559
4.197,2.43,25.572,25.572,62.791,480797.888,2191.479,86.483,10.352,48.418,8.354,141.91,18.556
4.197,2.43,25.578,25.578,62.784,481011.641,2190.915,86.483,10.36,48.421,8.348,141.894,18.552
4.197,2.43,25.582,25.582,62.778,481245.927,2190.297,86.481,10.365,48.423,8.343,141.872,18.549
4.197,2.43,25.586,25.586,62.773,481506.688,2189.61,86.477,10.368,48.422,8.341,141.839,18.545
4.197,2.43,25.588,25.588,62.768,481796.102,2188.849,86.47,10.366,48.418,8.341,141.796,18.541
4.197,2.43,25.589,25.589,62.765,482102.285,2188.044,86.462,10.363,48.413,8.343,141.747,18.537
4.197,2.43,25.59,25.59,62.761,482410.258,2187.235,86.454,10.359,48.407,8.346,141.698,18.533
4.197,2.43,25.591,25.591,62.758,482709.152,2186.45,86.447,10.356,48.401,8.348,141.652,18.529
4.197,2.43,25.592,25.592,62.754,482991.819,2185.709,86.441,10.354,48.398,8.348,141.613,18.525
4.197,2.43,25.595,25.595,62.75,483253.766,2185.023,86.437,10.355,48.396,8.347,141.581,18.521
4.197,2.43,25.598,25.598,62.746,483491.964,2184.4,86.435,10.358,48.396,8.345,141.558,18.518
4.197,2.43,25.602,25.602,62.74,483705.848,2183.84,86.434,10.364,48.399,8.34,141.545,18.514
4.197,2.43,25.608,25.608,62.735,483900.955,2183.331,86.435,10.372,48.404,8.333,141.538,18.511
4.197,2.43,25.613,25.613,62.728,484082.851,2182.856,86.438,10.382,48.41,8.326,141.536,18.508
4.197,2.43,25.619,25.619,62.722,484256.327,2182.403,86.441,10.393,48.417,8.317,141.537,18.505
4.197,2.43,25.626,25.626,62.715,484425.951,2181.96,86.444,10.405,48.424,8.308,141.539,18.502
4.197,2.43,25.632,25.632,62.708,484596.403,2181.516,86.447,10.416,48.432,8.299,141.54,18.498
4.197,2.43,25.639,25.639,62.701,484772.657,2181.056,86.45,10.427,48.439,8.291,141.54,18.495
4.197,2.43,25.645,25.645,62.695,484959.127,2180.571,86.452,10.437,48.445,8.283,141.536,18.492
4.197,2.43,25.651,25.651,62.688,485155.329,2180.06,86.453,10.446,48.45,8.276,141.528,18.489
4.197,2.43,25.656,25.656,62.682,485358.9,2179.531,86.454,10.455,48.454,8.269,141.517,18.485
4.197,2.43,25.661,25.661,62.675,485567.501,2178.988,86.454,10.462,48.458,8.263,141.504,18.482
4.197,2.43,25.666,25.666,62.669,485778.89,2178.439,86.454,10.47,48.462,8.257,141.49,18.479
4.197,2.43,25.671,25.671,62.663,485990.976,2177.889,86.453,10.477,48.465,8.252,141.476,18.475
4.197,2.43,25.677,25.677,62.657,486201.852,2177.342,86.453,10.485,48.469,8.246,141.463,18.472
4.197,2.43,25.682,25.682,62.651,486410.946,2176.8,86.454,10.493,48.473,8.24,141.45,18.469
4.197,2.43,25.687,25.687,62.644,486619.245,2176.26,86.454,10.5,48.477,8.233,141.437,18.465
4.197,2.43,25.693,25.693,62.638,486827.762,2175.72,86.454,10.508,48.481,8.227,141.425,18.462
4.197,2.43,25.698,25.698,62.631,487037.442,2175.178,86.454,10.516,48.485,8.221,141.411,18.459
4.197,2.43,25.703,25.703,62.625,487249.168,2174.631,86.454,10.524,48.489,8.215,141.398,18.455
4.197,2.43,25.708,25.708,62.619,487463.763,2174.076,86.454,10.531,48.492,8.21,141.383,18.452
4.197,2.43,25.713,25.713,62.613,487681.307,2173.515,86.453,10.538,48.495,8.204,141.366,18.448
4.197,2.43,25.718,25.718,62.607,487899.881,2172.951,86.452,10.545,48.499,8.199,141.35,18.445
4.197,2.43,25.723,25.723,62.6,488117.376,2172.39,86.452,10.552,48.502,8.193,141.334,18.442
4.197,2.43,25.728,25.728,62.594,488331.876,2171.837,86.452,10.559,48.505,8.188,141.319,18.438
4.197,2.43,25.734,25.734,62.588,488541.627,2171.297,86.452,10.567,48.509,8.182,141.306,18.435
4.197,2.43,25.739,25.739,62.581,488744.972,2170.774,86.452,10.575,48.514,8.175,141.295,18.432
4.197,2.43,25.745,25.745,62.574,488941.33,2170.269,86.453,10.585,48.519,8.168,141.287,18.428
4.197,2.43,25.752,25.752,62.567,489136.243,2169.769,86.455,10.594,48.525,8.16,141.279,18.425
4.197,2.43,25.757,25.757,62.561,489337.333,2169.252,86.456,10.604,48.53,8.153,141.268,18.422
4.197,2.43,25.763,25.763,62.554,489551.975,2168.701,86.455,10.611,48.533,8.148,141.253,18.418
4.197,2.43,25.767,25.767,62.548,489787.004,2168.099,86.453,10.616,48.535,8.143,141.231,18.415
4.197,2.43,25.771,25.771,62.543,490048.095,2167.43,86.449,10.619,48.534,8.141,141.199,18.411
4.197,2.43,25.773,25.773,62.539,490337.315,2166.689,86.443,10.617,48.53,8.142,141.157,18.407
4.197,2.43,25.774,25.774,62.535,490643.169,2165.907,86.435,10.614,48.525,8.144,141.109,18.403
4.197,2.43,25.774,25.774,62.532,490951.067,2165.121,86.428,10.61,48.519,8.146,141.061,18.399
4.197,2.43,25.776,25.776,62.529,491250.383,2164.357,86.42,10.607,48.514,8.148,141.016,18.395
4.197,2.43,25.777,25.777,62.525,491534.103,2163.633,86.415,10.605,48.51,8.148,140.977,18.392
4.197,2.43,25.779,25.779,62.521,491797.824,2162.961,86.41,10.606,48.508,8.148,140.945,18.388
4.197,2.43,25.782,25.782,62.517,492038.626,2162.348,86.408,10.609,48.508,8.145,140.922,18.384
4.197,2.43,25.787,25.787,62.512,492255.367,2161.797,86.407,10.614,48.511,8.141,140.908,18.381
4.197,2.43,25.792,25.792,62.506,492452.877,2161.295,86.408,10.622,48.515,8.135,140.9,18.378
4.197,2.43,25.797,25.797,62.5,492636.661,2160.828,86.411,10.632,48.521,8.128,140.898,18.375
4.197,2.43,25.803,25.803,62.494,492811.38,2160.384,86.413,10.642,48.528,8.12,140.898,18.372
4.197,2.43,25.81,25.81,62.487,492981.402,2159.953,86.417,10.654,48.535,8.112,140.901,18.369
4.197,2.43,25.816,25.816,62.481,493151.155,2159.522,86.42,10.665,48.543,8.103,140.903,18.366
4.197,2.43,25.822,25.822,62.474,493325.326,2159.081,86.423,10.676,48.55,8.095,140.903,18.363
4.197,2.43,25.829,25.829,62.467,493508.631,2158.616,86.425,10.686,48.556,8.087,140.9,18.359
4.197,2.43,25.834,25.834,62.461,493702.032,2158.127,86.427,10.696,48.561,8.081,140.893,18.356
4.197,2.43,25.84,25.84,62.455,493903.462,2157.617,86.427,10.704,48.566,8.074,140.884,18.353
4.197,2.43,25.845,25.845,62.448,494110.769,2157.093,86.428,10.712,48.57,8.068,140.872,18.35
4.197,2.43,25.85,25.85,62.442,494321.873,2156.559,86.428,10.719,48.573,8.063,140.859,18.347
4.197,2.43,25.855,25.855,62.436,494534.813,2156.022,86.428,10.726,48.577,8.058,140.845,18.343
4.197,2.43,25.86,25.86,62.43,494747.772,2155.484,86.428,10.734,48.581,8.052,140.831,18.34
4.197,2.43,25.865,25.865,62.424,494959.445,2154.95,86.428,10.741,48.584,8.047,140.817,18.337
4.197,2.43,25.87,25.87,62.418,495169.97,2154.42,86.428,10.748,48.588,8.041,140.804,18.333
4.197,2.43,25.876,25.876,62.412,495379.771,2153.891,86.428,10.756,48.592,8.035,140.792,18.33
4.197,2.43,25.881,25.881,62.406,495589.239,2153.364,86.428,10.764,48.596,8.03,140.779,18.327
4.197,2.43,25.886,25.886,62.4,495798.735,2152.837,86.428,10.771,48.6,8.024,140.766,18.323
4.197,2.43,25.891,25.891,62.393,496008.595,2152.31,86.428,10.779,48.604,8.018,140.753,18.32
4.197,2.43,25.897,25.897,62.387,496219.134,2151.781,86.428,10.787,48.608,8.012,140.74,18.317
4.197,2.43,25.902,25.902,62.381,496430.644,2151.25,86.428,10.794,48.611,8.007,140.727,18.314
4.197,2.43,25.907,25.907,62.375,496643.401,2150.716,86.428,10.802,48.615,8.001,140.713,18.31
4.197,2.43,25.912,25.912,62.368,496857.659,2150.179,86.428,10.809,48.619,7.996,140.698,18.307
4.197,2.43,25.917,25.917,62.362,497073.655,2149.638,86.428,10.816,48.622,7.991,140.683,18.304
4.197,2.43,25.922,25.922,62.356,497291.601,2149.093,86.427,10.823,48.625,7.985,140.668,18.3
4.197,2.43,25.927,25.927,62.35,497511.679,2148.542,86.427,10.83,48.628,7.98,140.651,18.297
4.197,2.43,25.932,25.932,62.344,497733.25,2147.988,86.426,10.836,48.631,7.976,140.634,18.294
4.197,2.43,25.937,25.937,62.338,497954.452,2147.436,86.425,10.843,48.634,7.971,140.617,18.29
4.197,2.43,25.942,25.942,62.332,498173.496,2146.889,86.425,10.85,48.637,7.966,140.601,18.287
4.197,2.43,25.947,25.947,62.326,498388.762,2146.352,86.424,10.857,48.641,7.96,140.586,18.284
4.197,2.43,25.952,25.952,62.32,498598.765,2145.828,86.425,10.864,48.645,7.955,140.573,18.281
4.197,2.43,25.958,25.958,62.313,498802.088,2145.322,86.425,10.873,48.649,7.949,140.563,18.277
4.197,2.43,25.964,25.964,62.307,498998.942,2144.832,86.426,10.882,48.654,7.942,140.555,18.274
4.197,2.43,25.97,25.97,62.3,499195.522,2144.343,86.428,10.892,48.66,7.935,140.546,18.271
4.197,2.43,25.976,25.976,62.293,499399.229,2143.836,86.428,10.901,48.664,7.929,140.536,18.268
4.197,2.43,25.981,25.981,62.287,499617.18,2143.295,86.428,10.908,48.668,7.924,140.52,18.265
4.197,2.43,25.985,25.985,62.281,499855.885,2142.702,86.426,10.912,48.669,7.92,140.496,18.261
4.197,2.43,25.988,25.988,62.276,500120.629,2142.045,86.422,10.914,48.668,7.918,140.464,18.258
4.197,2.43,25.99,25.99,62.272,500412.691,2141.321,86.415,10.913,48.664,7.919,140.422,18.254
4.197,2.43,25.991,25.991,62.269,500720.007,2140.56,86.408,10.909,48.659,7.921,140.375,18.25
4.197,2.43,25.992,25.992,62.266,501028.542,2139.796,86.4,10.905,48.653,7.923,140.328,18.246
4.197,2.43,25.993,25.993,62.263,501328.159,2139.056,86.393,10.902,48.648,7.924,140.284,18.242
4.197,2.43,25.994,25.994,62.259,501612.206,2138.354,86.387,10.901,48.644,7.925,140.246,18.238
4.197,2.43,25.997,25.997,62.256,501876.531,2137.702,86.383,10.901,48.642,7.924,140.215,18.235
4.197,2.43,26.0,26.0,62.251,502118.402,2137.106,86.381,10.904,48.642,7.922,140.192,18.231
4.197,2.43,26.004,26.004,62.246,502336.565,2136.568,86.38,10.909,48.645,7.918,140.177,18.228
4.197,2.43,26.009,26.009,62.241,502535.443,2136.079,86.381,10.917,48.649,7.913,140.17,18.225
4.197,2.43,26.014,26.014,62.235,502720.455,2135.623,86.383,10.926,48.655,7.906,140.167,18.222
4.197,2.43,26.02,26.02,62.229,502896.16,2135.191,86.386,10.936,48.661,7.899,140.167,18.219
4.197,2.43,26.026,26.026,62.223,503066.79,2134.772,86.389,10.947,48.668,7.891,140.169,18.216
4.197,2.43,26.033,26.033,62.216,503236.604,2134.355,86.393,10.959,48.676,7.884,140.171,18.213
4.197,2.43,26.039,26.039,62.209,503410.094,2133.929,86.396,10.97,48.683,7.876,140.172,18.21
4.197,2.43,26.045,26.045,62.203,503591.966,2133.483,86.398,10.98,48.689,7.869,140.17,18.207
4.197,2.43,26.051,26.051,62.197,503784.158,2133.011,86.4,10.989,48.695,7.862,140.164,18.204
4.197,2.43,26.056,26.056,62.191,503984.716,2132.52,86.401,10.998,48.699,7.856,140.155,18.201
4.197,2.43,26.061,26.061,62.185,504191.402,2132.014,86.401,11.005,48.703,7.851,140.144,18.198
4.197,2.43,26.066,26.066,62.179,504402.043,2131.498,86.401,11.013,48.707,7.846,140.131,18.194
4.197,2.43,26.071,26.071,62.173,504614.586,2130.978,86.401,11.02,48.711,7.841,140.118,18.191
4.197,2.43,26.076,26.076,62.167,504827.125,2130.458,86.401,11.027,48.714,7.836,140.105,18.188
4.197,2.43,26.082,26.082,62.161,505038.054,2129.943,86.402,11.034,48.718,7.83,140.092,18.185
4.197,2.43,26.087,26.087,62.155,505247.458,2129.432,86.402,11.042,48.722,7.825,140.08,18.182
4.197,2.43,26.092,26.092,62.149,505456.332,2128.922,86.402,11.049,48.726,7.82,140.068,18.178
4.197,2.43,26.097,26.097,62.143,505665.608,2128.412,86.402,11.057,48.73,7.814,140.056,18.175
4.197,2.43,26.102,26.102,62.137,505876.157,2127.899,86.403,11.065,48.734,7.809,140.043,18.172
4.197,2.43,26.107,26.107,62.131,506088.794,2127.381,86.403,11.072,48.737,7.804,140.03,18.169
4.197,2.43,26.112,26.112,62.125,506304.269,2126.857,86.402,11.079,48.741,7.799,140.015,18.166
4.197,2.43,26.117,26.117,62.119,506522.516,2126.326,86.402,11.086,48.744,7.794,140.0,18.162
4.197,2.43,26.122,26.122,62.113,506741.661,2125.794,86.402,11.092,48.747,7.789,139.984,18.159
4.197,2.43,26.127,26.127,62.107,506959.74,2125.264,86.401,11.099,48.75,7.785,139.969,18.156
4.197,2.43,26.132,26.132,62.101,507174.968,2124.742,86.401,11.106,48.753,7.78,139.955,18.153
4.197,2.43,26.137,26.137,62.095,507385.714,2124.231,86.401,11.113,48.757,7.774,139.942,18.15
4.197,2.43,26.143,26.143,62.089,507590.441,2123.735,86.402,11.122,48.762,7.769,139.931,18.146
4.197,2.43,26.149,26.149,62.082,507788.2,2123.256,86.403,11.131,48.767,7.763,139.923,18.143
4.197,2.43,26.155,26.155,62.076,507983.313,2122.784,86.404,11.14,48.772,7.756,139.916,18.14
4.197,2.43,26.16,26.16,62.069,508182.913,2122.301,86.406,11.149,48.777,7.75,139.907,18.137
4.197,2.43,26.166,26.166,62.063,508393.948,2121.791,86.406,11.157,48.781,7.745,139.894,18.134
4.197,2.43,26.17,26.17,62.057,508622.95,2121.237,86.405,11.163,48.784,7.74,139.875,18.131
4.197,2.43,26.174,26.174,62.052,508875.547,2120.628,86.401,11.166,48.784,7.738,139.847,18.127
4.197,2.43,26.176,26.176,62.048,509155.517,2119.952,86.396,11.166,48.781,7.737,139.81,18.124
4.197,2.43,26.178,26.178,62.044,509456.907,2119.226,86.389,11.163,48.776,7.739,139.766,18.12
4.197,2.43,26.179,26.179,62.041,509765.276,2118.484,86.382,11.16,48.771,7.741,139.72,18.116
4.197,2.43,26.179,26.179,62.038,510069.143,2117.753,86.375,11.156,48.765,7.742,139.675,18.112
4.197,2.43,26.181,26.181,62.035,510360.641,2117.052,86.368,11.154,48.761,7.743,139.635,18.109
4.197,2.43,26.182,26.182,62.031,510634.768,2116.394,86.363,11.153,48.758,7.743,139.601,18.105
4.197,2.43,26.185,26.185,62.028,510888.382,2115.786,86.36,11.155,48.757,7.742,139.575,18.102
4.197,2.43,26.188,26.188,62.023,511119.257,2115.232,86.359,11.158,48.759,7.739,139.556,18.098
4.197,2.43,26.193,26.193,62.018,511328.24,2114.732,86.359,11.165,48.762,7.735,139.545,18.095
4.197,2.43,26.198,26.198,62.013,511520.715,2114.271,86.361,11.173,48.767,7.729,139.54,18.092
4.197,2.43,26.203,26.203,62.007,511701.463,2113.838,86.363,11.182,48.773,7.723,139.539,18.089
4.197,2.43,26.209,26.209,62.001,511874.67,2113.424,86.366,11.193,48.78,7.716,139.54,18.086
4.197,2.43,26.216,26.216,61.994,512044.359,2113.019,86.37,11.204,48.787,7.709,139.543,18.083
4.197,2.43,26.222,26.222,61.988,512214.669,2112.612,86.373,11.215,48.794,7.701,139.545,18.081
4.197,2.43,26.228,26.228,61.982,512390.0,2112.193,86.376,11.226,48.801,7.694,139.545,18.078
4.197,2.43,26.234,26.234,61.975,512574.688,2111.752,86.378,11.236,48.807,7.688,139.542,18.075
4.197,2.43,26.24,26.24,61.969,512769.233,2111.288,86.38,11.245,48.812,7.682,139.535,18.072
4.197,2.43,26.245,26.245,61.963,512971.508,2110.806,86.38,11.253,48.817,7.676,139.526,18.069
4.197,2.43,26.25,26.25,61.957,513179.348,2110.311,86.381,11.26,48.821,7.671,139.515,18.066
4.197,2.43,26.255,26.255,61.952,513390.661,2109.808,86.381,11.267,48.824,7.666,139.502,18.062
4.197,2.43,26.26,26.26,61.946,513603.485,2109.302,86.381,11.274,48.828,7.662,139.489,18.059
4.197,2.43,26.265,26.265,61.94,513815.999,2108.797,86.381,11.282,48.831,7.657,139.476,18.056
4.197,2.43,26.27,26.27,61.934,514026.791,2108.296,86.381,11.289,48.835,7.652,139.464,18.053
4.197,2.43,26.275,26.275,61.928,514236.216,2107.799,86.382,11.296,48.839,7.647,139.452,18.05
4.197,2.43,26.28,26.28,61.922,514445.237,2107.303,86.382,11.304,48.843,7.642,139.441,18.047
4.197,2.43,26.285,26.285,61.917,514654.748,2106.806,86.382,11.311,48.847,7.637,139.429,18.044
4.197,2.43,26.291,26.291,61.911,514865.585,2106.306,86.383,11.319,48.851,7.632,139.416,18.041
4.197,2.43,26.296,26.296,61.905,515078.526,2105.802,86.383,11.326,48.854,7.627,139.403,18.037
4.197,2.43,26.301,26.301,61.899,515294.29,2105.292,86.383,11.333,48.858,7.622,139.389,18.034
4.197,2.43,26.305,26.305,61.893,515512.731,2104.775,86.382,11.339,48.861,7.618,139.374,18.031
4.197,2.43,26.31,26.31,61.887,515732.005,2104.257,86.382,11.346,48.864,7.613,139.359,18.028
4.197,2.43,26.315,26.315,61.882,515950.216,2103.741,86.381,11.352,48.867,7.609,139.344,18.025
4.197,2.43,26.32,26.32,61.876,516165.645,2103.233,86.381,11.359,48.87,7.604,139.33,18.022
4.197,2.43,26.325,26.325,61.87,516376.72,2102.735,86.382,11.367,48.874,7.599,139.317,18.019
4.197,2.43,26.331,26.331,61.864,516581.962,2102.251,86.382,11.375,48.879,7.594,139.307,18.015
4.197,2.43,26.336,26.336,61.858,516780.321,2101.784,86.383,11.384,48.884,7.588,139.299,18.012
4.197,2.43,26.342,26.342,61.851,516975.556,2101.324,86.385,11.393,48.889,7.582,139.291,18.009
4.197,2.43,26.348,26.348,61.845,517174.541,2100.856,86.386,11.402,48.894,7.576,139.283,18.006
4.197,2.43,26.353,26.353,61.839,517384.005,2100.364,86.386,11.41,48.898,7.571,139.271,18.003
4.197,2.43,26.358,26.358,61.833,517610.309,2099.832,86.386,11.416,48.901,7.567,139.253,18.0
4.197,2.43,26.362,26.362,61.828,517859.015,2099.248,86.383,11.419,48.901,7.565,139.227,17.997
4.197,2.43,26.364,26.364,61.823,518134.192,2098.602,86.378,11.42,48.899,7.564,139.193,17.993
4.197,2.43,26.366,26.366,61.82,518432.467,2097.903,86.372,11.418,48.895,7.565,139.151,17.99
4.197,2.43,26.367,26.367,61.817,518740.084,2097.182,86.364,11.414,48.889,7.566,139.106,17.986
4.197,2.43,26.368,26.368,61.814,519045.254,2096.468,86.357,11.411,48.884,7.568,139.061,17.982
4.197,2.43,26.369,26.369,61.811,519339.729,2095.78,86.351,11.408,48.879,7.569,139.021,17.979
4.197,2.43,26.37,26.37,61.807,519618.197,2095.13,86.346,11.407,48.876,7.569,138.986,17.975
4.197,2.43,26.373,26.373,61.804,519877.352,2094.525,86.342,11.408,48.875,7.569,138.959,17.972
4.197,2.43,26.376,26.376,61.8,520114.96,2093.971,86.34,11.411,48.876,7.566,138.938,17.968
4.197,2.43,26.38,26.38,61.795,520330.312,2093.469,86.34,11.416,48.878,7.563,138.925,17.965
4.197,2.43,26.384,26.384,61.79,520527.839,2093.009,86.341,11.424,48.883,7.558,138.919,17.962
4.197,2.43,26.39,26.39,61.784,520712.375,2092.579,86.343,11.433,48.888,7.552,138.916,17.959
4.197,2.43,26.396,26.396,61.778,520888.001,2092.171,86.346,11.443,48.895,7.546,138.917,17.957
4.197,2.43,26.402,26.402,61.772,521058.501,2091.774,86.35,11.454,48.902,7.539,138.919,17.954
4.197,2.43,26.408,26.408,61.766,521227.678,2091.381,86.353,11.465,48.909,7.532,138.922,17.951
4.197,2.43,26.414,26.414,61.759,521399.534,2090.982,86.356,11.476,48.916,7.525,138.923,17.948
4.197,2.43,26.42,26.42,61.753,521578.34,2090.567,86.359,11.486,48.923,7.519,138.922,17.945
4.197,2.43,26.426,26.426,61.747,521766.86,2090.129,86.361,11.495,48.928,7.513,138.918,17.942
4.197,2.43,26.432,26.432,61.741,521964.037,2089.672,86.362,11.504,48.933,7.507,138.911,17.94
4.197,2.43,26.437,26.437,61.735,522168.253,2089.199,86.363,11.512,48.937,7.502,138.901,17.937
4.197,2.43,26.442,26.442,61.73,522377.905,2088.713,86.364,11.519,48.941,7.498,138.889,17.933
4.197,2.43,26.447,26.447,61.724,522591.45,2088.219,86.364,11.526,48.945,7.493,138.876,17.93
4.197,2.43,26.451,26.451,61.719,522807.434,2087.719,86.363,11.532,48.948,7.489,138.863,17.927
4.197,2.43,26.456,26.456,61.713,523024.515,2087.218,86.363,11.539,48.951,7.485,138.848,17.924
4.197,2.43,26.461,26.461,61.708,523241.468,2086.716,86.363,11.545,48.954,7.48,138.834,17.921
4.197,2.43,26.466,26.466,61.702,523457.176,2086.219,86.363,11.552,48.957,7.476,138.821,17.918
4.197,2.43,26.471,26.471,61.696,523670.62,2085.726,86.363,11.559,48.961,7.472,138.808,17.915
4.197,2.43,26.476,26.476,61.691,523880.86,2085.241,86.363,11.566,48.965,7.467,138.796,17.912
4.197,2.43,26.481,26.481,61.685,524087.006,2084.766,86.364,11.574,48.969,7.462,138.785,17.909
4.197,2.43,26.486,26.486,61.679,524288.193,2084.303,86.365,11.582,48.974,7.457,138.777,17.906
4.197,2.43,26.492,26.492,61.673,524483.688,2083.853,86.367,11.591,48.979,7.451,138.77,17.903
4.197,2.43,26.498,26.498,61.666,524676.2,2083.41,86.368,11.601,48.984,7.445,138.764,17.9
4.197,2.43,26.504,26.504,61.66,524871.913,2082.961,86.37,11.61,48.99,7.439,138.757,17.897
4.197,2.43,26.509,26.509,61.654,525077.043,2082.489,86.37,11.618,48.994,7.434,138.746,17.894
4.197,2.43,26.514,26.514,61.648,525297.544,2081.983,86.37,11.625,48.997,7.43,138.731,17.891
4.197,2.43,26.518,26.518,61.643,525538.746,2081.43,86.368,11.629,48.998,7.427,138.708,17.888
4.197,2.43,26.521,26.521,61.638,525804.8,2080.82,86.364,11.63,48.997,7.426,138.678,17.884
4.197,2.43,26.523,26.523,61.635,526095.725,2080.154,86.358,11.629,48.994,7.426,138.638,17.881
4.197,2.43,26.524,26.524,61.631,526399.903,2079.457,86.351,11.626,48.989,7.428,138.595,17.877
4.197,2.43,26.525,26.525,61.629,526704.997,2078.76,86.344,11.622,48.983,7.429,138.552,17.874
4.197,2.43,26.526,26.526,61.626,527002.065,2078.081,86.338,11.62,48.979,7.43,138.511,17.87
4.197,2.43,26.527,26.527,61.622,527285.187,2077.435,86.333,11.618,48.975,7.431,138.475,17.867
4.197,2.43,26.529,26.529,61.619,527550.651,2076.83,86.329,11.618,48.973,7.43,138.446,17.863
4.197,2.43,26.532,26.532,61.615,527796.069,2076.27,86.326,11.62,48.973,7.429,138.423,17.86
4.197,2.43,26.535,26.535,61.611,528019.733,2075.761,86.325,11.625,48.975,7.426,138.408,17.857
4.197,2.43,26.54,26.54,61.606,528223.686,2075.297,86.326,11.632,48.979,7.422,138.399,17.854
4.197,2.43,26.545,26.545,61.601,528412.957,2074.867,86.328,11.64,48.984,7.417,138.395,17.851
4.197,2.43,26.55,26.55,61.595,528591.783,2074.46,86.331,11.649,48.99,7.411,138.395,17.848
4.197,2.43,26.556,26.556,61.589,528763.943,2074.069,86.334,11.66,48.997,7.405,138.397,17.846
4.197,2.43,26.563,26.563,61.583,528933.117,2073.685,86.337,11.67,49.004,7.398,138.399,17.843
4.197,2.43,26.569,26.569,61.577,529103.119,2073.299,86.341,11.681,49.011,7.391,138.402,17.84
4.197,2.43,26.575,26.575,61.571,529278.016,2072.902,86.344,11.692,49.018,7.385,138.402,17.837
4.197,2.43,26.581,26.581,61.565,529461.906,2072.485,86.346,11.702,49.024,7.379,138.4,17.834
4.197,2.43,26.586,26.586,61.559,529655.547,2072.047,86.348,11.71,49.029,7.374,138.394,17.832
4.197,2.43,26.591,26.591,61.553,529856.958,2071.59,86.349,11.718,49.033,7.369,138.385,17.829
4.197,2.43,26.597,26.597,61.547,530064.086,2071.122,86.349,11.726,49.037,7.364,138.375,17.826
4.197,2.43,26.601,26.601,61.542,530274.941,2070.645,86.349,11.733,49.041,7.36,138.363,17.823
4.197,2.43,26.606,26.606,61.536,530487.651,2070.164,86.35,11.739,49.045,7.355,138.35,17.82
4.197,2.43,26.611,26.611,61.531,530700.475,2069.683,86.35,11.746,49.048,7.351,138.338,17.817
4.197,2.43,26.616,26.616,61.525,530911.884,2069.206,86.35,11.753,49.052,7.347,138.326,17.814
4.197,2.43,26.621,26.621,61.52,531121.707,2068.733,86.35,11.761,49.056,7.342,138.314,17.811
4.197,2.43,26.626,26.626,61.514,531330.841,2068.261,86.351,11.768,49.059,7.338,138.303,17.808
4.197,2.43,26.631,26.631,61.508,531540.146,2067.789,86.351,11.775,49.063,7.333,138.292,17.805
4.197,2.43,26.636,26.636,61.503,531750.423,2067.316,86.352,11.782,49.067,7.329,138.28,17.802
4.197,2.43,26.641,26.641,61.497,531962.568,2066.838,86.352,11.79,49.071,7.324,138.268,17.799
4.197,2.43,26.646,26.646,61.491,532178.036,2066.354,86.352,11.796,49.074,7.32,138.255,17.796
4.197,2.43,26.651,26.651,61.486,532397.265,2065.861,86.352,11.803,49.077,7.316,138.24,17.793
4.197,2.43,26.655,26.655,61.48,532619.082,2065.363,86.351,11.809,49.08,7.312,138.224,17.79
4.197,2.43,26.66,26.66,61.475,532841.493,2064.864,86.351,11.815,49.083,7.309,138.208,17.787
4.197,2.43,26.665,26.665,61.469,533062.641,2064.368,86.35,11.821,49.086,7.305,138.193,17.784
4.197,2.43,26.669,26.669,61.464,533280.804,2063.879,86.35,11.828,49.089,7.301,138.178,17.781
4.197,2.43,26.675,26.675,61.458,533494.364,2063.4,86.35,11.835,49.092,7.296,138.165,17.778
4.197,2.43,26.68,26.68,61.452,533701.76,2062.936,86.351,11.843,49.097,7.292,138.154,17.775
4.197,2.43,26.685,26.685,61.446,533903.124,2062.485,86.352,11.851,49.101,7.286,138.145,17.772
4.197,2.43,26.691,26.691,61.44,534104.302,2062.035,86.353,11.86,49.106,7.281,138.136,17.769
4.197,2.43,26.696,26.696,61.434,534312.246,2061.571,86.353,11.867,49.11,7.276,138.124,17.766
4.197,2.43,26.701,26.701,61.428,534533.736,2061.076,86.353,11.874,49.113,7.272,138.108,17.763
4.197,2.43,26.705,26.705,61.423,534775.109,2060.537,86.351,11.878,49.115,7.27,138.086,17.76
4.197,2.43,26.708,26.708,61.418,535041.729,2059.943,86.347,11.88,49.113,7.268,138.055,17.757
4.197,2.43,26.71,26.71,61.415,535336.527,2059.286,86.341,11.878,49.11,7.269,138.015,17.753
4.197,2.43,26.711,26.711,61.411,535650.843,2058.586,86.333,11.874,49.104,7.271,137.968,17.749
4.197,2.43,26.711,26.711,61.409,535970.459,2057.875,86.325,11.87,49.097,7.273,137.92,17.746
4.197,2.43,26.712,26.712,61.406,536284.448,2057.177,86.317,11.865,49.091,7.275,137.874,17.742
4.197,2.43,26.713,26.713,61.403,536585.248,2056.509,86.311,11.862,49.086,7.276,137.832,17.739
4.197,2.43,26.714,26.714,61.4,536867.943,2055.882,86.305,11.861,49.083,7.277,137.797,17.735
4.197,2.43,26.716,26.716,61.397,537129.317,2055.303,86.302,11.861,49.081,7.276,137.769,17.732
4.197,2.43,26.719,26.719,61.392,537367.046,2054.776,86.3,11.864,49.082,7.274,137.748,17.729
4.197,2.43,26.723,26.723,61.388,537582.598,2054.299,86.299,11.869,49.084,7.271,137.735,17.726
4.197,2.43,26.728,26.728,61.383,537781.509,2053.859,86.301,11.877,49.089,7.266,137.727,17.723
4.197,2.43,26.733,26.733,61.377,537968.562,2053.446,86.302,11.885,49.094,7.261,137.724,17.72
4.197,2.43,26.739,26.739,61.372,538147.999,2053.049,86.305,11.895,49.1,7.256,137.722,17.718
4.197,2.43,26.745,26.745,61.366,538323.916,2052.661,86.308,11.905,49.106,7.25,137.722,17.715
4.197,2.43,26.751,26.751,61.36,538500.525,2052.271,86.311,11.915,49.113,7.244,137.721,17.712
4.197,2.43,26.757,26.757,61.354,538682.284,2051.87,86.313,11.924,49.119,7.238,137.718,17.71
4.197,2.43,26.762,26.762,61.348,538873.538,2051.448,86.315,11.933,49.124,7.233,137.713,17.707
4.197,2.43,26.767,26.767,61.342,539074.711,2051.005,86.315,11.941,49.128,7.229,137.704,17.704
4.197,2.43,26.772,26.772,61.337,539283.692,2050.545,86.316,11.948,49.132,7.224,137.692,17.701
4.197,2.43,26.777,26.777,61.331,539498.336,2050.072,86.316,11.954,49.135,7.221,137.678,17.698
4.197,2.43,26.782,26.782,61.326,539716.569,2049.592,86.315,11.96,49.138,7.217,137.663,17.695
4.197,2.43,26.786,26.786,61.321,539936.431,2049.109,86.315,11.966,49.141,7.213,137.648,17.692
4.197,2.43,26.791,26.791,61.315,540156.096,2048.626,86.314,11.972,49.143,7.21,137.633,17.689
4.197,2.43,26.795,26.795,61.31,540374.063,2048.148,86.314,11.978,49.146,7.206,137.618,17.686
4.197,2.43,26.8,26.8,61.304,540590.511,2047.673,86.314,11.985,49.149,7.202,137.604,17.683
4.197,2.43,26.805,26.805,61.299,540806.396,2047.199,86.314,11.991,49.152,7.198,137.59,17.681
4.197,2.43,26.81,26.81,61.294,541022.616,2046.726,86.313,11.998,49.156,7.194,137.575,17.678
4.197,2.43,26.814,26.814,61.288,541240.01,2046.25,86.313,12.004,49.159,7.19,137.561,17.675
4.197,2.43,26.819,26.819,61.283,541459.364,2045.769,86.313,12.01,49.161,7.187,137.545,17.672
4.197,2.43,26.823,26.823,61.277,541681.412,2045.284,86.312,12.016,49.164,7.183,137.529,17.669
4.197,2.43,26.828,26.828,61.272,541906.375,2044.792,86.311,12.021,49.166,7.18,137.512,17.666
4.197,2.43,26.832,26.832,61.267,542132.639,2044.298,86.31,12.027,49.169,7.176,137.494,17.663
4.197,2.43,26.837,26.837,61.261,542358.275,2043.805,86.309,12.032,49.171,7.173,137.477,17.66
4.197,2.43,26.841,26.841,61.256,542581.528,2043.318,86.308,12.038,49.173,7.17,137.46,17.657
4.197,2.43,26.846,26.846,61.251,542800.793,2042.84,86.308,12.044,49.176,7.166,137.445,17.654
4.197,2.43,26.851,26.851,61.245,543014.57,2042.375,86.308,12.051,49.179,7.162,137.431,17.651
4.197,2.43,26.856,26.856,61.239,543221.458,2041.924,86.308,12.058,49.183,7.158,137.419,17.648
4.197,2.43,26.861,26.861,61.233,543423.051,2041.486,86.309,12.067,49.188,7.153,137.41,17.645
4.197,2.43,26.867,26.867,61.227,543625.815,2041.045,86.31,12.075,49.192,7.148,137.4,17.643
4.197,2.43,26.872,26.872,61.222,543836.491,2040.587,86.31,12.082,49.196,7.144,137.387,17.64
4.197,2.43,26.877,26.877,61.216,544061.561,2040.098,86.31,12.088,49.199,7.14,137.369,17.637
4.197,2.43,26.88,26.88,61.211,544306.945,2039.565,86.307,12.091,49.199,7.138,137.345,17.634
4.197,2.43,26.883,26.883,61.207,544577.467,2038.979,86.303,12.092,49.197,7.137,137.313,17.631
4.197,2.43,26.885,26.885,61.203,544874.849,2038.334,86.296,12.09,49.193,7.138,137.272,17.627
4.197,2.43,26.885,26.885,61.201,545188.881,2037.654,86.289,12.086,49.187,7.14,137.226,17.624
4.197,2.43,26.885,26.885,61.198,545506.259,2036.968,86.281,12.081,49.181,7.142,137.179,17.62
4.197,2.43,26.886,26.886,61.195,545817.014,2036.296,86.273,12.077,49.175,7.144,137.134,17.617
4.197,2.43,26.887,26.887,61.193,546114.34,2035.654,86.267,12.074,49.17,7.145,137.094,17.613
4.197,2.43,26.888,26.888,61.19,546393.856,2035.051,86.262,12.072,49.167,7.146,137.06,17.61
4.197,2.43,26.89,26.89,61.186,546652.729,2034.493,86.258,12.073,49.165,7.145,137.032,17.607
4.197,2.43,26.893,26.893,61.182,546888.907,2033.984,86.256,12.076,49.166,7.143,137.012,17.604
4.197,2.43,26.897,26.897,61.178,547103.615,2033.522,86.256,12.081,49.168,7.14,136.999,17.601
4.197,2.43,26.902,26.902,61.173,547302.009,2033.095,86.257,12.087,49.172,7.136,136.991,17.598
4.197,2.43,26.907,26.907,61.168,547488.567,2032.694,86.259,12.096,49.177,7.131,136.987,17.596
4.197,2.43,26.912,26.912,61.162,547667.21,2032.31,86.261,12.105,49.183,7.126,136.986,17.593
4.197,2.43,26.918,26.918,61.157,547841.676,2031.935,86.264,12.114,49.189,7.121,136.985,17.59
4.197,2.43,26.924,26.924,61.151,548015.769,2031.561,86.267,12.124,49.196,7.115,136.985,17.588
4.197,2.43,26.93,26.93,61.145,548193.503,2031.18,86.269,12.134,49.202,7.11,136.983,17.585
4.197,2.43,26.935,26.935,61.139,548379.063,2030.782,86.271,12.143,49.207,7.105,136.979,17.582
4.197,2.43,26.94,26.94,61.134,548574.23,2030.363,86.273,12.151,49.212,7.1,136.972,17.58
4.197,2.43,26.945,26.945,61.128,548777.666,2029.928,86.273,12.158,49.216,7.096,136.962,17.577
4.197,2.43,26.95,26.95,61.123,548987.812,2029.478,86.273,12.165,49.219,7.092,136.949,17.574
4.197,2.43,26.955,26.955,61.118,549203.131,2029.017,86.273,12.171,49.222,7.089,136.935,17.571
4.197,2.43,26.959,26.959,61.112,549422.142,2028.548,86.273,12.176,49.225,7.085,136.92,17.568
4.197,2.43,26.963,26.963,61.107,549643.452,2028.075,86.272,12.182,49.227,7.082,136.904,17.566
4.197,2.43,26.968,26.968,61.102,549865.772,2027.601,86.271,12.187,49.229,7.079,136.888,17.563
4.197,2.43,26.972,26.972,61.097,550087.915,2027.126,86.271,12.193,49.232,7.076,136.872,17.56
4.197,2.43,26.976,26.976,61.092,550308.799,2026.655,86.27,12.198,49.234,7.072,136.856,17.557
4.197,2.43,26.981,26.981,61.087,550527.431,2026.189,86.269,12.204,49.237,7.069,136.841,17.554
4.197,2.43,26.985,26.985,61.082,550742.891,2025.73,86.269,12.21,49.24,7.065,136.827,17.551
4.197,2.43,26.99,26.99,61.076,550954.309,2025.28,86.269,12.217,49.243,7.062,136.814,17.548
4.197,2.43,26.995,26.995,61.071,551160.838,2024.841,86.27,12.224,49.247,7.057,136.803,17.546
4.197,2.43,27.0,27.0,61.065,551361.679,2024.413,86.271,12.232,49.251,7.053,136.793,17.543
4.197,2.43,27.006,27.006,61.059,551558.727,2023.995,86.272,12.24,49.256,7.048,136.785,17.54
4.197,2.43,27.011,27.011,61.054,551757.823,2023.572,86.273,12.248,49.26,7.044,136.776,17.537
4.197,2.43,27.016,27.016,61.048,551965.011,2023.132,86.273,12.255,49.264,7.04,136.764,17.535
4.197,2.43,27.021,27.021,61.043,552186.139,2022.663,86.273,12.261,49.267,7.036,136.748,17.532
4.197,2.43,27.025,27.025,61.038,552426.571,2022.153,86.271,12.265,49.268,7.034,136.726,17.529
4.197,2.43,27.027,27.027,61.033,552690.723,2021.593,86.267,12.266,49.267,7.033,136.696,17.526
4.197,2.43,27.029,27.029,61.03,552980.821,2020.979,86.261,12.265,49.263,7.033,136.658,17.522
4.197,2.43,27.03,27.03,61.027,553288.92,2020.327,86.254,12.261,49.258,7.035,136.614,17.519
4.197,2.43,27.03,27.03,61.024,553602.195,2019.665,86.246,12.257,49.252,7.037,136.569,17.516
4.197,2.43,27.031,27.031,61.022,553910.744,2019.014,86.239,12.253,49.246,7.038,136.525,17.512
4.197,2.43,27.031,27.031,61.019,554207.67,2018.387,86.233,12.249,49.241,7.04,136.486,17.509
4.197,2.43,27.033,27.033,61.016,554488.475,2017.795,86.227,12.248,49.238,7.04,136.451,17.506
4.197,2.43,27.035,27.035,61.013,554750.273,2017.244,86.224,12.248,49.236,7.04,136.423,17.503
4.197,2.43,27.037,27.037,61.01,554991.016,2016.737,86.221,12.25,49.236,7.039,136.402,17.5
4.197,2.43,27.041,27.041,61.005,555210.095,2016.276,86.221,12.254,49.237,7.036,136.387,17.497
4.197,2.43,27.045,27.045,61.001,555411.732,2015.852,86.221,12.261,49.241,7.032,136.378,17.494
4.197,2.43,27.05,27.05,60.996,555600.5,2015.456,86.223,12.268,49.246,7.028,136.373,17.491
4.197,2.43,27.055,27.055,60.991,555780.284,2015.078,86.225,12.277,49.251,7.023,136.371,17.489
4.197,2.43,27.061,27.061,60.985,555954.69,2014.712,86.228,12.286,49.257,7.018,136.371,17.486
4.197,2.43,27.067,27.067,60.979,556127.319,2014.35,86.231,12.296,49.263,7.013,136.371,17.484
4.197,2.43,27.072,27.072,60.974,556301.934,2013.984,86.233,12.305,49.269,7.008,136.37,17.481
4.197,2.43,27.078,27.078,60.968,556482.543,2013.605,86.236,12.315,49.275,7.003,136.368,17.479
4.197,2.43,27.083,27.083,60.963,556672.71,2013.207,86.237,12.323,49.28,6.998,136.362,17.476
4.197,2.43,27.088,27.088,60.957,556872.048,2012.79,86.238,12.33,49.284,6.994,136.353,17.473
4.197,2.43,27.093,27.093,60.952,557078.602,2012.358,86.239,12.337,49.288,6.99,136.342,17.471
4.197,2.43,27.098,27.098,60.947,557290.428,2011.915,86.239,12.343,49.291,6.987,136.329,17.468
4.197,2.43,27.102,27.102,60.942,557505.65,2011.465,86.238,12.349,49.294,6.983,136.315,17.465
4.197,2.43,27.106,27.106,60.937,557722.496,2011.012,86.238,12.355,49.296,6.98,136.301,17.462
4.197,2.43,27.111,27.111,60.932,557939.319,2010.559,86.238,12.361,49.299,6.977,136.286,17.46
4.197,2.43,27.115,27.115,60.927,558154.677,2010.11,86.238,12.367,49.302,6.973,136.272,17.457
4.197,2.43,27.12,27.12,60.922,558368.482,2009.664,86.237,12.373,49.305,6.97,136.259,17.454
4.197,2.43,27.124,27.124,60.916,558581.592,2009.22,86.237,12.379,49.308,6.966,136.246,17.451
4.197,2.43,27.129,27.129,60.911,558794.829,2008.776,86.237,12.385,49.311,6.963,136.232,17.448
4.197,2.43,27.134,27.134,60.906,559008.962,2008.331,86.237,12.391,49.314,6.96,136.219,17.446
4.197,2.43,27.138,27.138,60.901,559224.712,2007.882,86.237,12.397,49.317,6.956,136.205,17.443
4.197,2.43,27.143,27.143,60.896,559442.75,2007.429,86.237,12.403,49.32,6.953,136.19,17.44
4.197,2.43,27.147,27.147,60.891,559663.637,2006.97,86.236,12.409,49.322,6.95,136.174,17.437
4.197,2.43,27.151,27.151,60.886,559886.661,2006.507,86.235,12.414,49.324,6.947,136.158,17.435
4.197,2.43,27.155,27.155,60.881,560110.042,2006.044,86.234,12.419,49.327,6.944,136.141,17.432
4.197,2.43,27.16,27.16,60.876,560332.116,2005.583,86.234,12.424,49.329,6.941,136.125,17.429
4.197,2.43,27.164,27.164,60.871,560551.367,2005.129,86.233,12.43,49.332,6.937,136.11,17.426
4.197,2.43,27.169,27.169,60.865,560766.398,2004.684,86.233,12.436,49.335,6.934,136.096,17.423
4.197,2.43,27.173,27.173,60.86,560975.895,2004.25,86.233,12.443,49.338,6.93,136.084,17.421
4.197,2.43,27.179,27.179,60.855,561178.768,2003.831,86.234,12.45,49.342,6.926,136.074,17.418
4.197,2.43,27.184,27.184,60.849,561377.742,2003.419,86.235,12.458,49.347,6.922,136.065,17.415
4.197,2.43,27.189,27.189,60.843,561578.931,2003.004,86.236,12.466,49.351,6.918,136.055,17.413
4.197,2.43,27.194,27.194,60.838,561788.404,2002.571,86.236,12.473,49.355,6.914,136.043,17.41
4.197,2.43,27.199,27.199,60.833,562011.975,2002.11,86.235,12.478,49.357,6.911,136.026,17.407
4.197,2.43,27.202,27.202,60.828,562254.917,2001.609,86.233,12.482,49.358,6.909,136.003,17.404
4.197,2.43,27.205,27.205,60.824,562521.492,2001.06,86.229,12.483,49.356,6.908,135.973,17.401
4.197,2.43,27.206,27.206,60.82,562813.449,2000.459,86.223,12.481,49.352,6.908,135.935,17.398
4.197,2.43,27.207,27.207,60.818,563122.052,1999.824,86.216,12.477,49.347,6.91,135.892,17.395
4.197,2.43,27.207,27.207,60.815,563434.929,1999.181,86.209,12.473,49.341,6.912,135.847,17.391
4.197,2.43,27.208,27.208,60.813,563742.66,1998.549,86.202,12.469,49.335,6.913,135.805,17.388
4.197,2.43,27.208,27.208,60.81,564038.723,1997.941,86.195,12.466,49.331,6.915,135.766,17.385
4.197,2.43,27.21,27.21,60.807,564318.894,1997.367,86.19,12.464,49.327,6.915,135.732,17.382
4.197,2.43,27.212,27.212,60.804,564580.485,1996.831,86.186,12.464,49.325,6.915,135.704,17.379
4.197,2.43,27.214,27.214,60.801,564821.617,1996.337,86.184,12.466,49.325,6.914,135.683,17.376
4.197,2.43,27.218,27.218,60.797,565041.565,1995.887,86.183,12.47,49.327,6.911,135.668,17.373
4.197,2.43,27.222,27.222,60.792,565244.143,1995.473,86.184,12.476,49.33,6.908,135.659,17.37
4.197,2.43,27.226,27.226,60.787,565433.753,1995.085,86.185,12.483,49.334,6.904,135.654,17.368
4.197,2.43,27.231,27.231,60.782,565614.092,1994.717,86.188,12.492,49.34,6.9,135.652,17.365
4.197,2.43,27.237,27.237,60.777,565788.543,1994.361,86.19,12.501,49.345,6.895,135.651,17.363
4.197,2.43,27.243,27.243,60.772,565960.44,1994.01,86.193,12.51,49.352,6.89,135.651,17.36
4.197,2.43,27.248,27.248,60.766,566133.242,1993.658,86.196,12.52,49.358,6.885,135.651,17.358
4.197,2.43,27.254,27.254,60.761,566310.631,1993.296,86.198,12.529,49.364,6.88,135.649,17.355
4.197,2.43,27.259,27.259,60.755,566496.296,1992.918,86.2,12.537,49.369,6.875,135.645,17.353
4.197,2.43,27.264,27.264,60.75,566691.089,1992.521,86.202,12.545,49.373,6.871,135.638,17.35
4.197,2.43,27.269,27.269,60.745,566893.634,1992.109,86.202,12.552,49.377,6.868,135.628,17.348
4.197,2.43,27.274,27.274,60.74,567102.482,1991.684,86.203,12.558,49.381,6.864,135.616,17.345
4.197,2.43,27.278,27.278,60.735,567316.21,1991.249,86.202,12.564,49.383,6.861,135.603,17.342
4.197,2.43,27.282,27.282,60.73,567533.449,1990.808,86.202,12.57,49.386,6.858,135.589,17.339
4.197,2.43,27.287,27.287,60.725,567752.917,1990.362,86.202,12.575,49.388,6.855,135.574,17.337
4.197,2.43,27.291,27.291,60.72,567973.42,1989.915,86.201,12.58,49.391,6.852,135.558,17.334
4.197,2.43,27.295,27.295,60.715,568193.867,1989.468,86.2,12.586,49.393,6.849,135.543,17.331
4.197,2.43,27.299,27.299,60.71,568413.263,1989.023,86.2,12.591,49.395,6.846,135.528,17.329
4.197,2.43,27.304,27.304,60.706,568630.696,1988.583,86.2,12.597,49.398,6.843,135.514,17.326
4.197,2.43,27.308,27.308,60.701,568845.323,1988.148,86.199,12.603,49.401,6.84,135.5,17.323
4.197,2.43,27.313,27.313,60.696,569056.351,1987.721,86.199,12.609,49.404,6.836,135.488,17.32
4.197,2.43,27.317,27.317,60.69,569263.015,1987.303,86.2,12.615,49.408,6.833,135.476,17.318
4.197,2.43,27.322,27.322,60.685,569464.554,1986.896,86.201,12.623,49.412,6.829,135.467,17.315
4.197,2.43,27.328,27.328,60.679,569661.136,1986.499,86.202,12.631,49.416,6.825,135.459,17.313
4.197,2.43,27.333,27.333,60.674,569857.218,1986.103,86.203,12.639,49.421,6.821,135.451,17.31
4.197,2.43,27.338,27.338,60.668,570058.376,1985.697,86.204,12.646,49.425,6.817,135.442,17.307
4.197,2.43,27.343,27.343,60.663,570270.058,1985.27,86.204,12.653,49.428,6.813,135.429,17.305
4.197,2.43,27.347,27.347,60.658,570497.426,1984.812,86.203,12.658,49.43,6.81,135.411,17.302
4.197,2.43,27.35,27.35,60.654,570745.015,1984.314,86.201,12.661,49.431,6.809,135.387,17.299
4.197,2.43,27.353,27.353,60.65,571016.28,1983.768,86.196,12.661,49.429,6.808,135.356,17.296
4.197,2.43,27.354,27.354,60.647,571310.956,1983.175,86.19,12.659,49.424,6.809,135.318,17.293
4.197,2.43,27.355,27.355,60.644,571618.547,1982.557,86.183,12.655,49.419,6.81,135.275,17.29
4.197,2.43,27.355,27.355,60.642,571927.95,1981.936,86.176,12.651,49.413,6.812,135.233,17.286
4.197,2.43,27.355,27.355,60.639,572230.911,1981.328,86.17,12.647,49.408,6.813,135.192,17.283
4.197,2.43,27.356,27.356,60.637,572521.784,1980.746,86.164,12.644,49.404,6.814,135.156,17.28
4.197,2.43,27.358,27.358,60.634,572796.93,1980.195,86.159,12.643,49.401,6.815,135.124,17.277
4.197,2.43,27.359,27.359,60.631,573054.013,1979.68,86.155,12.643,49.399,6.814,135.098,17.274
4.197,2.43,27.362,27.362,60.627,573291.356,1979.205,86.154,12.645,49.399,6.813,135.078,17.271
4.197,2.43,27.366,27.366,60.623,573508.455,1978.772,86.153,12.65,49.401,6.811,135.065,17.269
4.197,2.43,27.37,27.37,60.619,573709.077,1978.371,86.154,12.656,49.405,6.808,135.056,17.266
4.197,2.43,27.374,27.374,60.614,573897.339,1977.995,86.155,12.663,49.409,6.804,135.052,17.264
4.197,2.43,27.379,27.379,60.609,574076.718,1977.637,86.158,12.671,49.414,6.799,135.049,17.261
4.197,2.43,27.385,27.385,60.604,574250.404,1977.291,86.16,12.68,49.42,6.795,135.049,17.259
4.197,2.43,27.39,27.39,60.599,574421.547,1976.95,86.163,12.69,49.426,6.79,135.049,17.256
4.197,2.43,27.396,27.396,60.594,574593.422,1976.607,86.166,12.699,49.432,6.785,135.05,17.254
4.197,2.43,27.402,27.402,60.588,574769.512,1976.257,86.169,12.708,49.438,6.781,135.048,17.251
4.197,2.43,27.407,27.407,60.583,574953.423,1975.89,86.171,12.717,49.444,6.776,135.044,17.249
4.197,2.43,27.412,27.412,60.578,575146.43,1975.506,86.172,12.724,49.448,6.772,135.038,17.246
4.197,2.43,27.417,27.417,60.572,575347.273,1975.107,86.173,12.731,49.452,6.769,135.029,17.244
4.197,2.43,27.421,27.421,60.568,575554.551,1974.695,86.173,12.738,49.455,6.765,135.018,17.241
4.197,2.43,27.426,27.426,60.563,575766.878,1974.274,86.173,12.744,49.458,6.762,135.005,17.239
4.197,2.43,27.43,27.43,60.558,575982.923,1973.845,86.173,12.749,49.461,6.759,134.991,17.236
4.197,2.43,27.434,27.434,60.553,576201.428,1973.411,86.173,12.754,49.463,6.756,134.977,17.233
4.197,2.43,27.438,27.438,60.548,576421.224,1972.975,86.172,12.76,49.466,6.753,134.962,17.231
4.197,2.43,27.442,27.442,60.544,576641.235,1972.54,86.171,12.765,49.468,6.751,134.947,17.228
4.197,2.43,27.447,27.447,60.539,576860.477,1972.105,86.171,12.77,49.471,6.748,134.932,17.225
4.197,2.43,27.451,27.451,60.534,577078.05,1971.675,86.171,12.776,49.473,6.745,134.918,17.223
4.197,2.43,27.455,27.455,60.529,577293.124,1971.249,86.17,12.781,49.476,6.742,134.904,17.22
4.197,2.43,27.46,27.46,60.524,577504.922,1970.831,86.17,12.787,49.479,6.739,134.892,17.217
4.197,2.43,27.464,27.464,60.519,577712.703,1970.42,86.171,12.794,49.482,6.735,134.881,17.215
4.197,2.43,27.469,27.469,60.514,577915.736,1970.019,86.172,12.801,49.486,6.732,134.871,17.212
4.197,2.43,27.474,27.474,60.509,578113.477,1969.629,86.173,12.808,49.491,6.728,134.862,17.21
4.197,2.43,27.48,27.48,60.503,578308.655,1969.244,86.174,12.816,49.495,6.724,134.855,17.207
4.197,2.43,27.485,27.485,60.498,578506.624,1968.854,86.175,12.824,49.5,6.72,134.847,17.204
4.197,2.43,27.49,27.49,60.493,578712.706,1968.448,86.176,12.831,49.503,6.716,134.836,17.202
4.197,2.43,27.494,27.494,60.488,578932.033,1968.016,86.175,12.837,49.506,6.713,134.821,17.199
4.197,2.43,27.498,27.498,60.483,579169.291,1967.549,86.174,12.84,49.507,6.711,134.8,17.196
4.197,2.43,27.501,27.501,60.479,579428.336,1967.04,86.17,12.842,49.506,6.71,134.773,17.194
4.197,2.43,27.502,27.502,60.476,579711.471,1966.484,86.165,12.841,49.503,6.71,134.739,17.191
4.197,2.43,27.503,27.503,60.473,580013.224,1965.891,86.159,12.838,49.498,6.711,134.699,17.187
4.197,2.43,27.504,27.504,60.47,580321.918,1965.286,86.152,12.834,49.493,6.713,134.657,17.184
4.197,2.43,27.504,27.504,60.468,580628.121,1964.685,86.145,12.83,49.487,6.714,134.617,17.181
4.197,2.43,27.505,27.505,60.466,580925.108,1964.104,86.139,12.827,49.483,6.716,134.579,17.178
4.197,2.43,27.506,27.506,60.463,581208.423,1963.549,86.133,12.825,49.479,6.716,134.545,17.175
4.197,2.43,27.507,27.507,60.46,581475.234,1963.028,86.129,12.824,49.477,6.716,134.516,17.172
4.197,2.43,27.509,27.509,60.457,581723.682,1962.542,86.127,12.825,49.476,6.716,134.493,17.169
4.197,2.43,27.512,27.512,60.454,581952.329,1962.095,86.125,12.828,49.477,6.714,134.476,17.167
4.197,2.43,27.516,27.516,60.449,582162.09,1961.686,86.125,12.833,49.479,6.711,134.465,17.164
4.197,2.43,27.52,27.52,60.445,582357.224,1961.305,86.126,12.839,49.483,6.708,134.459,17.161
4.197,2.43,27.525,27.525,60.44,582541.49,1960.946,86.128,12.847,49.488,6.704,134.455,17.159
4.197,2.43,27.53,27.53,60.435,582718.164,1960.602,86.131,12.855,49.493,6.7,134.454,17.157
4.197,2.43,27.536,27.536,60.43,582890.341,1960.267,86.133,12.864,49.499,6.696,134.454,17.154
4.197,2.43,27.541,27.541,60.425,583061.14,1959.934,86.136,12.874,49.505,6.691,134.454,17.152
4.197,2.43,27.547,27.547,60.42,583233.839,1959.598,86.139,12.883,49.511,6.686,134.454,17.15
4.197,2.43,27.552,27.552,60.414,583411.936,1959.252,86.142,12.892,49.517,6.682,134.452,17.147
4.197,2.43,27.557,27.557,60.409,583598.832,1958.888,86.143,12.9,49.522,6.678,134.448,17.145
4.197,2.43,27.562,27.562,60.404,583794.804,1958.507,86.145,12.907,49.526,6.674,134.44,17.142
4.197,2.43,27.567,27.567,60.399,583998.109,1958.113,86.145,12.914,49.529,6.671,134.43,17.14
4.197,2.43,27.571,27.571,60.395,584206.976,1957.707,86.146,12.92,49.533,6.668,134.419,17.137
4.197,2.43,27.576,27.576,60.39,584419.684,1957.295,86.146,12.926,49.536,6.665,134.407,17.135
4.197,2.43,27.58,27.58,60.385,584634.599,1956.878,86.145,12.931,49.538,6.662,134.393,17.132
4.197,2.43,27.584,27.584,60.38,584850.197,1956.46,86.145,12.937,49.541,6.659,134.38,17.129
4.197,2.43,27.588,27.588,60.376,585065.068,1956.044,86.145,12.942,49.544,6.656,134.367,17.127
4.197,2.43,27.593,27.593,60.371,585278.275,1955.631,86.145,12.948,49.546,6.653,134.354,17.124
4.197,2.43,27.597,27.597,60.366,585490.312,1955.221,86.145,12.954,49.549,6.65,134.342,17.122
4.197,2.43,27.602,27.602,60.361,585701.953,1954.812,86.145,12.96,49.553,6.647,134.329,17.119
4.197,2.43,27.606,27.606,60.356,585913.917,1954.403,86.145,12.966,49.556,6.644,134.317,17.116
4.197,2.43,27.61,27.61,60.352,586126.876,1953.991,86.145,12.972,49.558,6.641,134.304,17.114
4.197,2.43,27.615,27.615,60.347,586341.459,1953.577,86.145,12.977,49.561,6.638,134.291,17.111
4.197,2.43,27.619,27.619,60.342,586558.253,1953.159,86.145,12.983,49.564,6.635,134.277,17.109
4.197,2.43,27.623,27.623,60.337,586777.735,1952.736,86.145,12.988,49.566,6.633,134.263,17.106
4.197,2.43,27.627,27.627,60.333,586999.211,1952.309,86.144,12.993,49.569,6.63,134.247,17.103
4.197,2.43,27.631,27.631,60.328,587221.083,1951.882,86.143,12.998,49.571,6.627,134.232,17.101
4.197,2.43,27.636,27.636,60.323,587441.861,1951.457,86.143,13.003,49.573,6.625,134.217,17.098
4.197,2.43,27.64,27.64,60.319,587660.192,1951.038,86.142,13.009,49.576,6.622,134.203,17.096
4.197,2.43,27.644,27.644,60.314,587874.831,1950.625,86.142,13.015,49.579,6.619,134.19,17.093
4.197,2.43,27.649,27.649,60.309,588084.613,1950.222,86.143,13.021,49.582,6.616,134.178,17.09
4.197,2.43,27.654,27.654,60.304,588288.417,1949.831,86.143,13.028,49.586,6.612,134.168,17.088
4.197,2.43,27.659,27.659,60.298,588486.925,1949.45,86.144,13.035,49.59,6.609,134.16,17.086
4.197,2.43,27.664,27.664,60.293,588685.12,1949.07,86.146,13.043,49.594,6.605,134.151,17.083
4.197,2.43,27.669,27.669,60.288,588888.479,1948.68,86.146,13.05,49.598,6.601,134.142,17.081
4.197,2.43,27.673,27.673,60.283,589102.305,1948.271,86.146,13.056,49.601,6.598,134.129,17.078
4.197,2.43,27.677,27.677,60.278,589331.569,1947.832,86.145,13.061,49.603,6.596,134.111,17.075
4.197,2.43,27.681,27.681,60.274,589580.596,1947.355,86.143,13.063,49.603,6.594,134.087,17.073
4.197,2.43,27.683,27.683,60.27,589852.627,1946.835,86.139,13.064,49.601,6.594,134.057,17.07
4.197,2.43,27.684,27.684,60.267,590147.251,1946.272,86.133,13.061,49.597,6.594,134.02,17.067
4.197,2.43,27.685,27.685,60.265,590454.326,1945.686,86.126,13.058,49.592,6.596,133.979,17.064
4.197,2.43,27.685,27.685,60.262,590763.252,1945.097,86.119,13.054,49.586,6.597,133.938,17.06
4.197,2.43,27.685,27.685,60.26,591066.136,1944.52,86.113,13.05,49.581,6.599,133.899,17.057
4.197,2.43,27.686,27.686,60.258,591357.571,1943.965,86.107,13.047,49.577,6.6,133.864,17.054
4.197,2.43,27.687,27.687,60.255,591634.082,1943.439,86.102,13.045,49.574,6.6,133.833,17.051
4.197,2.43,27.689,27.689,60.252,591893.481,1942.945,86.099,13.045,49.572,6.6,133.807,17.049
4.197,2.43,27.691,27.691,60.249,592134.268,1942.488,86.097,13.047,49.572,6.599,133.786,17.046
4.197,2.43,27.694,27.694,60.245,592355.467,1942.068,86.096,13.051,49.573,6.597,133.772,17.043
4.197,2.43,27.698,27.698,60.241,592559.622,1941.68,86.096,13.056,49.576,6.594,133.763,17.041
4.197,2.43,27.703,27.703,60.237,592750.789,1941.318,86.098,13.063,49.58,6.591,133.757,17.038
4.197,2.43,27.708,27.708,60.232,592932.343,1940.974,86.1,13.071,49.585,6.587,133.755,17.036
4.197,2.43,27.713,27.713,60.228,593107.289,1940.642,86.102,13.079,49.591,6.583,133.754,17.034
4.197,2.43,27.718,27.718,60.222,593278.518,1940.318,86.105,13.088,49.597,6.579,133.754,17.032
4.197,2.43,27.724,27.724,60.217,593448.978,1939.995,86.108,13.097,49.603,6.575,133.755,17.029
4.197,2.43,27.729,27.729,60.212,593621.783,1939.668,86.111,13.106,49.609,6.57,133.755,17.027
4.197,2.43,27.734,27.734,60.207,593800.26,1939.33,86.113,13.115,49.614,6.566,133.753,17.025
4.197,2.43,27.74,27.74,60.202,593987.355,1938.977,86.115,13.123,49.619,6.562,133.748,17.022
4.197,2.43,27.744,27.744,60.197,594182.9,1938.607,86.116,13.13,49.623,6.559,133.741,17.02
4.197,2.43,27.749,27.749,60.192,594385.578,1938.224,86.117,13.137,49.627,6.555,133.731,17.017
4.197,2.43,27.753,27.753,60.187,594594.062,1937.831,86.117,13.143,49.63,6.552,133.72,17.015
4.197,2.43,27.758,27.758,60.183,594807.055,1937.429,86.117,13.148,49.633,6.55,133.708,17.012
4.197,2.43,27.762,27.762,60.178,595023.316,1937.021,86.117,13.154,49.635,6.547,133.695,17.01
4.197,2.43,27.766,27.766,60.174,595241.681,1936.61,86.117,13.159,49.638,6.544,133.681,17.007
4.197,2.43,27.77,27.77,60.169,595461.074,1936.196,86.116,13.164,49.64,6.542,133.666,17.005
4.197,2.43,27.774,27.774,60.165,595680.507,1935.783,86.116,13.169,49.642,6.539,133.652,17.002
4.197,2.43,27.778,27.778,60.16,595899.08,1935.372,86.116,13.174,49.645,6.537,133.638,16.999
4.197,2.43,27.782,27.782,60.156,596115.973,1934.964,86.115,13.179,49.647,6.534,133.624,16.997
4.197,2.43,27.786,27.786,60.151,596330.427,1934.561,86.115,13.185,49.65,6.531,133.612,16.994
4.197,2.43,27.791,27.791,60.146,596541.737,1934.165,86.115,13.191,49.653,6.528,133.6,16.992
4.197,2.43,27.795,27.795,60.141,596749.225,1933.775,86.116,13.197,49.656,6.525,133.589,16.989
4.197,2.43,27.8,27.8,60.137,596952.226,1933.394,86.117,13.204,49.66,6.522,133.58,16.987
4.197,2.43,27.805,27.805,60.131,597150.147,1933.023,86.118,13.211,49.664,6.519,133.572,16.985
4.197,2.43,27.81,27.81,60.126,597344.95,1932.658,86.119,13.219,49.669,6.515,133.564,16.982
4.197,2.43,27.815,27.815,60.121,597541.528,1932.29,86.12,13.226,49.673,6.511,133.557,16.98
4.197,2.43,27.82,27.82,60.116,597744.838,1931.909,86.121,13.233,49.677,6.508,133.547,16.977
4.197,2.43,27.824,27.824,60.111,597959.682,1931.507,86.121,13.239,49.68,6.505,133.534,16.975
4.197,2.43,27.828,27.828,60.107,598190.518,1931.076,86.12,13.243,49.682,6.503,133.516,16.972
4.197,2.43,27.831,27.831,60.103,598441.141,1930.608,86.117,13.246,49.682,6.502,133.493,16.969
4.197,2.43,27.833,27.833,60.099,598714.272,1930.097,86.113,13.246,49.679,6.501,133.463,16.967
4.197,2.43,27.835,27.835,60.096,599008.513,1929.548,86.108,13.244,49.676,6.502,133.426,16.964
4.197,2.43,27.835,27.835,60.094,599313.678,1928.979,86.101,13.24,49.67,6.503,133.387,16.961
4.197,2.43,27.836,27.836,60.091,599619.924,1928.409,86.094,13.236,49.665,6.505,133.347,16.958
4.197,2.43,27.836,27.836,60.089,599919.955,1927.85,86.088,13.233,49.66,6.506,133.31,16.955
4.197,2.43,27.837,27.837,60.087,600208.779,1927.313,86.083,13.23,49.656,6.507,133.275,16.952
4.197,2.43,27.838,27.838,60.084,600483.18,1926.803,86.078,13.229,49.653,6.507,133.245,16.949
4.197,2.43,27.84,27.84,60.081,600741.135,1926.324,86.075,13.229,49.652,6.507,133.22,16.946
4.197,2.43,27.842,27.842,60.078,600981.252,1925.878,86.073,13.23,49.652,6.506,133.201,16.943
4.197,2.43,27.845,27.845,60.075,601202.52,1925.468,86.072,13.234,49.653,6.504,133.187,16.941
4.197,2.43,27.849,27.849,60.071,601406.978,1925.089,86.072,13.239,49.656,6.501,133.177,16.939
4.197,2.43,27.853,27.853,60.067,601598.521,1924.734,86.074,13.245,49.66,6.498,133.172,16.936
4.197,2.43,27.858,27.858,60.062,601780.405,1924.397,86.076,13.253,49.664,6.495,133.169,16.934
4.197,2.43,27.863,27.863,60.057,601955.508,1924.073,86.078,13.261,49.67,6.491,133.168,16.932
4.197,2.43,27.868,27.868,60.052,602126.574,1923.756,86.081,13.27,49.676,6.487,133.169,16.929
4.197,2.43,27.874,27.874,60.047,602296.388,1923.442,86.084,13.279,49.682,6.483,133.169,16.927
4.197,2.43,27.879,27.879,60.042,602467.88,1923.125,86.087,13.288,49.688,6.478,133.17,16.925
4.197,2.43,27.884,27.884,60.037,602644.185,1922.799,86.09,13.297,49.693,6.474,133.168,16.923
4.197,2.43,27.89,27.89,60.032,602828.443,1922.459,86.092,13.305,49.698,6.471,133.164,16.92
4.197,2.43,27.894,27.894,60.027,603021.334,1922.103,86.093,13.312,49.703,6.467,133.158,16.918
4.197,2.43,27.899,27.899,60.023,603221.628,1921.733,86.094,13.319,49.706,6.464,133.15,16.915
4.197,2.43,27.904,27.904,60.018,603428.034,1921.353,86.094,13.325,49.71,6.461,133.139,16.913
4.197,2.43,27.908,27.908,60.013,603639.281,1920.963,86.095,13.331,49.713,6.458,133.128,16.911
4.197,2.43,27.912,27.912,60.009,603854.146,1920.568,86.094,13.336,49.715,6.456,133.115,16.908
4.197,2.43,27.92,27.92,60.004,603854.146,1920.568,86.108,13.356,49.732,6.447,133.168,16.907
4.197,2.43,27.928,27.928,60.0,603854.146,1920.568,86.122,13.376,49.749,6.439,133.222,16.905
4.197,2.43,27.936,27.936,59.995,603854.146,1920.568,86.137,13.395,49.766,6.43,133.275,16.904
4.197,2.43,27.945,27.945,59.99,603854.146,1920.568,86.151,13.415,49.783,6.422,133.328,16.903
4.197,2.43,27.953,27.953,59.985,603854.146,1920.568,86.165,13.435,49.8,6.413,133.382,16.901
4.197,2.43,27.961,27.961,59.981,603854.146,1920.568,86.179,13.455,49.817,6.405,133.435,16.9
4.197,2.43,27.969,27.969,59.976,603854.146,1920.568,86.193,13.475,49.834,6.397,133.489,16.899
4.197,2.43,27.977,27.977,59.971,603854.146,1920.568,86.207,13.494,49.851,6.388,133.543,16.897
4.197,2.43,27.985,27.985,59.967,603854.146,1920.568,86.221,13.514,49.868,6.38,133.596,16.896
4.197,2.43,27.994,27.994,59.962,603854.146,1920.568,86.235,13.534,49.885,6.372,133.65,16.895
4.197,2.43,28.002,28.002,59.957,603854.146,1920.568,86.249,13.554,49.902,6.363,133.704,16.893
4.197,2.43,28.01,28.01,59.952,603854.146,1920.568,86.264,13.574,49.919,6.355,133.758,16.892
4.197,2.43,28.018,28.018,59.948,603854.146,1920.568,86.278,13.594,49.936,6.347,133.812,16.891
4.197,2.43,28.027,28.027,59.943,603854.146,1920.568,86.292,13.614,49.953,6.338,133.866,16.889
4.197,2.43,28.035,28.035,59.938,603854.146,1920.568,86.306,13.634,49.97,6.33,133.92,16.888
4.197,2.43,28.043,28.043,59.933,603854.146,1920.568,86.321,13.654,49.987,6.322,133.974,16.887
4.197,2.43,28.051,28.051,59.928,603854.146,1920.568,86.335,13.674,50.004,6.314,134.028,16.885
4.197,2.43,28.06,28.06,59.924,603854.146,1920.568,86.349,13.694,50.022,6.306,134.082,16.884
4.197,2.43,28.068,28.068,59.919,603854.146,1920.568,86.363,13.714,50.039,6.297,134.136,16.883
4.197,2.43,28.076,28.076,59.914,603854.146,1920.568,86.378,13.734,50.056,6.289,134.191,16.881
4.197,2.43,28.085,28.085,59.909,603854.146,1920.568,86.392,13.754,50.073,6.281,134.245,16.88
4.197,2.43,28.093,28.093,59.904,603854.146,1920.568,86.406,13.775,50.09,6.273,134.299,16.879
4.197,2.43,28.101,28.101,59.9,603854.146,1920.568,86.42,13.795,50.108,6.265,134.354,16.877
4.197,2.43,28.11,28.11,59.895,603854.146,1920.568,86.435,13.815,50.125,6.257,134.408,16.876
4.197,2.43,28.118,28.118,59.89,603854.146,1920.568,86.449,13.835,50.142,6.249,134.463,16.875
4.197,2.43,28.126,28.126,59.885,603854.146,1920.568,86.463,13.855,50.159,6.24,134.517,16.873
4.197,2.43,28.135,28.135,59.88,603854.146,1920.568,86.478,13.875,50.177,6.232,134.572,16.872
4.197,2.43,28.143,28.143,59.875,603854.146,1920.568,86.492,13.896,50.194,6.224,134.626,16.87
4.197,2.43,28.151,28.151,59.871,603854.146,1920.568,86.506,13.916,50.211,6.216,134.681,16.869
4.197,2.43,28.16,28.16,59.866,603854.146,1920.568,86.521,13.936,50.229,6.208,134.736,16.868
4.197,2.43,28.168,28.168,59.861,603854.146,1920.568,86.535,13.956,50.246,6.2,134.79,16.866
4.197,2.43,28.176,28.176,59.856,603854.146,1920.568,86.55,13.977,50.263,6.192,134.845,16.865
4.197,2.43,28.185,28.185,59.851,603854.146,1920.568,86.564,13.997,50.281,6.184,134.9,16.864
4.197,2.43,28.193,28.193,59.846,603854.146,1920.568,86.578,14.017,50.298,6.177,134.955,16.862
4.197,2.43,28.202,28.202,59.841,603854.146,1920.568,86.593,14.038,50.315,6.169,135.01,16.861
4.197,2.43,28.21,28.21,59.837,603854.146,1920.568,86.607,14.058,50.333,6.161,135.064,16.859
4.197,2.43,28.218,28.218,59.832,603854.146,1920.568,86.622,14.078,50.35,6.153,135.119,16.858
4.197,2.43,28.227,28.227,59.827,603854.146,1920.568,86.636,14.099,50.367,6.145,135.174,16.857
4.197,2.43,28.235,28.235,59.822,603854.146,1920.568,86.651,14.119,50.385,6.137,135.229,16.855
4.197,2.43,28.244,28.244,59.817,603854.146,1920.568,86.665,14.139,50.402,6.129,135.284,16.854
4.197,2.43,28.252,28.252,59.812,603854.146,1920.568,86.68,14.16,50.42,6.121,135.339,16.853
4.197,2.43,28.26,28.26,59.807,603854.146,1920.568,86.694,14.18,50.437,6.114,135.394,16.851
4.197,2.43,28.269,28.269,59.802,603854.146,1920.568,86.708,14.201,50.455,6.106,135.45,16.85
4.197,2.43,28.277,28.277,59.797,603854.146,1920.568,86.723,14.221,50.472,6.098,135.505,16.848
4.197,2.43,28.286,28.286,59.793,603854.146,1920.568,86.737,14.242,50.49,6.09,135.56,16.847
4.197,2.43,28.294,28.294,59.788,603854.146,1920.568,86.752,14.262,50.507,6.083,135.615,16.846
4.197,2.43,28.303,28.303,59.783,603854.146,1920.568,86.766,14.283,50.525,6.075,135.67,16.844
4.197,2.43,28.311,28.311,59.778,603854.146,1920.568,86.781,14.303,50.542,6.067,135.726,16.843
4.197,2.43,28.319,28.319,59.773,603854.146,1920.568,86.795,14.324,50.56,6.06,135.781,16.842
4.197,2.43,28.328,28.328,59.768,603854.146,1920.568,86.81,14.344,50.577,6.052,135.836,16.84
4.197,2.43,28.336,28.336,59.763,603854.146,1920.568,86.825,14.365,50.595,6.044,135.892,16.839
4.197,2.43,28.345,28.345,59.758,603854.146,1920.568,86.839,14.385,50.612,6.037,135.947,16.837
4.197,2.43,28.353,28.353,59.753,603854.146,1920.568,86.854,14.406,50.63,6.029,136.002,16.836
4.197,2.43,28.362,28.362,59.748,603854.146,1920.568,86.868,14.426,50.647,6.022,136.058,16.835
4.197,2.43,28.37,28.37,59.743,603854.146,1920.568,86.883,14.447,50.665,6.014,136.113,16.833
4.197,2.43,28.379,28.379,59.738,603854.146,1920.568,86.897,14.467,50.682,6.006,136.169,16.832
4.197,2.43,28.387,28.387,59.733,603854.146,1920.568,86.912,14.488,50.7,5.999,136.224,16.83
4.197,2.43,28.396,28.396,59.728,603854.146,1920.568,86.926,14.508,50.717,5.991,136.28,16.829
4.197,2.43,28.404,28.404,59.723,603854.146,1920.568,86.941,14.529,50.735,5.984,136.335,16.828
4.197,2.43,28.413,28.413,59.718,603854.146,1920.568,86.956,14.55,50.753,5.976,136.391,16.826
4.197,2.43,28.421,28.421,59.713,603854.146,1920.568,86.97,14.57,50.77,5.969,136.446,16.825
4.197,2.43,28.43,28.43,59.708,603854.146,1920.568,86.985,14.591,50.788,5.962,136.502,16.823
4.197,2.43,28.438,28.438,59.704,603854.146,1920.568,86.999,14.612,50.805,5.954,136.558,16.822
4.197,2.43,28.447,28.447,59.699,603854.146,1920.568,87.014,14.632,50.823,5.947,136.613,16.821
4.197,2.43,28.455,28.455,59.694,603854.146,1920.568,87.029,14.653,50.841,5.939,136.669,16.819
4.197,2.43,28.464,28.464,59.689,603854.146,1920.568,87.043,14.673,50.858,5.932,136.725,16.818
4.197,2.43,28.472,28.472,59.684,603854.146,1920.568,87.058,14.694,50.876,5.925,136.78,16.816
4.197,2.43,28.481,28.481,59.679,603854.146,1920.568,87.073,14.715,50.894,5.917,136.836,16.815
4.197,2.43,28.489,28.489,59.674,603854.146,1920.568,87.087,14.735,50.911,5.91,136.892,16.814
4.197,2.43,28.498,28.498,59.669,603854.146,1920.568,87.102,14.756,50.929,5.903,136.948,16.812
4.197,2.43,28.506,28.506,59.664,603854.146,1920.568,87.116,14.777,50.947,5.895,137.003,16.811
4.197,2.43,28.515,28.515,59.659,603854.146,1920.568,87.131,14.798,50.964,5.888,137.059,16.809
4.197,2.43,28.523,28.523,59.654,603854.146,1920.568,87.146,14.818,50.982,5.881,137.115,16.808
4.197,2.43,28.532,28.532,59.649,603854.146,1920.568,87.16,14.839,51.0,5.874,137.171,16.807
4.197,2.43,28.54,28.54,59.644,603854.146,1920.568,87.175,14.86,51.017,5.867,137.227,16.805
4.197,2.43,28.549,28.549,59.639,603854.146,1920.568,87.19,14.88,51.035,5.859,137.283,16.804
4.197,2.43,28.558,28.558,59.634,603854.146,1920.568,87.204,14.901,51.053,5.852,137.338,16.802
4.197,2.43,28.566,28.566,59.629,603854.146,1920.568,87.219,14.922,51.07,5.845,137.394,16.801
4.197,2.43,28.575,28.575,59.624,603854.146,1920.568,87.234,14.943,51.088,5.838,137.45,16.8
4.197,2.43,28.583,28.583,59.619,603854.146,1920.568,87.248,14.963,51.106,5.831,137.506,16.798
4.197,2.43,28.592,28.592,59.614,603854.146,1920.568,87.263,14.984,51.124,5.824,137.562,16.797
4.197,2.43,28.6,28.6,59.609,603854.146,1920.568,87.278,15.005,51.141,5.817,137.618,16.795
4.197,2.43,28.609,28.609,59.604,603854.146,1920.568,87.292,15.026,51.159,5.81,137.674,16.794
4.197,2.43,28.617,28.617,59.599,603854.146,1920.568,87.307,15.046,51.177,5.803,137.73,16.792
4.197,2.43,28.626,28.626,59.594,603854.146,1920.568,87.322,15.067,51.195,5.795,137.786,16.791
4.197,2.43,28.635,28.635,59.589,603854.146,1920.568,87.337,15.088,51.212,5.788,137.842,16.79
4.197,2.43,28.643,28.643,59.584,603854.146,1920.568,87.351,15.109,51.23,5.781,137.898,16.788
4.197,2.43,28.652,28.652,59.579,603854.146,1920.568,87.366,15.13,51.248,5.775,137.954,16.787
4.197,2.43,28.66,28.66,59.574,603854.146,1920.568,87.381,15.15,51.266,5.768,138.01,16.785
4.197,2.43,28.669,28.669,59.568,603854.146,1920.568,87.395,15.171,51.283,5.761,138.066,16.784
4.197,2.43,28.677,28.677,59.563,603854.146,1920.568,87.41,15.192,51.301,5.754,138.123,16.783
4.197,2.43,28.686,28.686,59.558,603854.146,1920.568,87.425,15.213,51.319,5.747,138.179,16.781
4.197,2.43,28.695,28.695,59.553,603854.146,1920.568,87.44,15.234,51.337,5.74,138.235,16.78
4.197,2.43,28.703,28.703,59.548,603854.146,1920.568,87.454,15.254,51.354,5.733,138.291,16.778
4.197,2.43,28.712,28.712,59.543,603854.146,1920.568,87.469,15.275,51.372,5.726,138.347,16.777
4.197,2.43,28.72,28.72,59.538,603854.146,1920.568,87.484,15.296,51.39,5.719,138.403,16.775
4.197,2.43,28.729,28.729,59.533,603854.146,1920.568,87.498,15.317,51.408,5.713,138.459,16.774
4.197,2.43,28.738,28.738,59.528,603854.146,1920.568,87.513,15.338,51.426,5.706,138.516,16.773
4.197,2.43,28.746,28.746,59.523,603854.146,1920.568,87.528,15.359,51.443,5.699,138.572,16.771
4.197,2.43,28.755,28.755,59.518,603854.146,1920.568,87.543,15.38,51.461,5.692,138.628,16.77
4.197,2.43,28.763,28.763,59.513,603854.146,1920.568,87.557,15.4,51.479,5.685,138.684,16.768
4.197,2.43,28.772,28.772,59.508,603854.146,1920.568,87.572,15.421,51.497,5.679,138.74,16.767
4.197,2.43,28.78,28.78,59.503,603854.146,1920.568,87.587,15.442,51.515,5.672,138.797,16.766
4.197,2.43,28.789,28.789,59.498,603854.146,1920.568,87.602,15.463,51.532,5.665,138.853,16.764
4.197,2.43,28.798,28.798,59.493,603854.146,1920.568,87.616,15.484,51.55,5.659,138.909,16.763
4.197,2.43,28.806,28.806,59.488,603854.146,1920.568,87.631,15.505,51.568,5.652,138.965,16.761
4.197,2.43,28.815,28.815,59.483,603854.146,1920.568,87.646,15.526,51.586,5.645,139.022,16.76
4.197,2.43,28.824,28.824,59.478,603854.146,1920.568,87.661,15.546,51.604,5.639,139.078,16.758
4.197,2.43,28.832,28.832,59.473,603854.146,1920.568,87.675,15.567,51.621,5.632,139.134,16.757
4.197,2.43,28.841,28.841,59.468,603854.146,1920.568,87.69,15.588,51.639,5.625,139.191,16.756
4.197,2.43,28.849,28.849,59.463,603854.146,1920.568,87.705,15.609,51.657,5.619,139.247,16.754
4.197,2.43,28.858,28.858,59.458,603854.146,1920.568,87.72,15.63,51.675,5.612,139.303,16.753
4.197,2.43,28.867,28.867,59.453,603854.146,1920.568,87.735,15.651,51.693,5.606,139.36,16.751
4.197,2.43,28.875,28.875,59.448,603854.146,1920.568,87.749,15.672,51.711,5.599,139.416,16.75
4.197,2.43,28.884,28.884,59.442,603854.146,1920.568,87.764,15.693,51.728,5.593,139.472,16.748
4.197,2.43,28.892,28.892,59.437,603854.146,1920.568,87.779,15.714,51.746,5.586,139.529,16.747
4.197,2.43,28.901,28.901,59.432,603854.146,1920.568,87.794,15.735,51.764,5.58,139.585,16.746
4.197,2.43,28.91,28.91,59.427,603854.146,1920.568,87.809,15.756,51.782,5.573,139.641,16.744
4.197,2.43,28.918,28.918,59.422,603854.146,1920.568,87.823,15.776,51.8,5.567,139.698,16.743
4.197,2.43,28.927,28.927,59.417,603854.146,1920.568,87.838,15.797,51.818,5.56,139.754,16.741
4.197,2.43,28.935,28.935,59.412,603854.146,1920.568,87.853,15.818,51.836,5.554,139.81,16.74
4.197,2.43,28.944,28.944,59.407,603854.146,1920.568,87.868,15.839,51.853,5.547,139.867,16.738
4.197,2.43,28.953,28.953,59.402,603854.146,1920.568,87.882,15.86,51.871,5.541,139.923,16.737
4.197,2.43,28.961,28.961,59.397,603854.146,1920.568,87.897,15.881,51.889,5.535,139.98,16.736
4.197,2.43,28.97,28.97,59.392,603854.146,1920.568,87.912,15.902,51.907,5.528,140.036,16.734
4.197,2.43,28.979,28.979,59.387,603854.146,1920.568,87.927,15.923,51.925,5.522,140.093,16.733
4.197,2.43,28.987,28.987,59.382,603854.146,1920.568,87.942,15.944,51.943,5.516,140.149,16.731
4.197,2.43,28.996,28.996,59.377,603854.146,1920.568,87.956,15.965,51.961,5.509,140.205,16.73
4.197,2.43,29.004,29.004,59.372,603854.146,1920.568,87.971,15.986,51.979,5.503,140.262,16.729
4.197,2.43,29.013,29.013,59.367,603854.146,1920.568,87.986,16.007,51.996,5.497,140.318,16.727
4.197,2.43,29.022,29.022,59.362,603854.146,1920.568,88.001,16.028,52.014,5.491,140.375,16.726
4.197,2.43,29.03,29.03,59.356,603854.146,1920.568,88.016,16.049,52.032,5.484,140.431,16.724
4.197,2.43,29.039,29.039,59.351,603854.146,1920.568,88.031,16.07,52.05,5.478,140.488,16.723
4.197,2.43,29.048,29.048,59.346,603854.146,1920.568,88.045,16.09,52.068,5.472,140.544,16.721
4.197,2.43,29.056,29.056,59.341,603854.146,1920.568,88.06,16.111,52.086,5.466,140.601,16.72
4.197,2.43,29.065,29.065,59.336,603854.146,1920.568,88.075,16.132,52.104,5.46,140.657,16.719
4.197,2.43,29.074,29.074,59.331,603854.146,1920.568,88.09,16.153,52.122,5.453,140.714,16.717
4.197,2.43,29.082,29.082,59.326,603854.146,1920.568,88.105,16.174,52.139,5.447,140.77,16.716
4.197,2.43,29.091,29.091,59.321,603854.146,1920.568,88.119,16.195,52.157,5.441,140.827,16.714
4.197,2.43,29.099,29.099,59.316,603854.146,1920.568,88.134,16.216,52.175,5.435,140.883,16.713
4.197,2.43,29.108,29.108,59.311,603854.146,1920.568,88.149,16.237,52.193,5.429,140.94,16.711
4.197,2.43,29.117,29.117,59.306,603854.146,1920.568,88.164,16.258,52.211,5.423,140.996,16.71
4.197,2.43,29.125,29.125,59.301,603854.146,1920.568,88.179,16.279,52.229,5.417,141.053,16.709
4.197,2.43,29.134,29.134,59.296,603854.146,1920.568,88.194,16.3,52.247,5.411,141.109,16.707
4.197,2.43,29.143,29.143,59.291,603854.146,1920.568,88.208,16.321,52.265,5.405,141.166,16.706
4.197,2.43,29.151,29.151,59.286,603854.146,1920.568,88.223,16.342,52.283,5.399,141.222,16.704
4.197,2.43,29.16,29.16,59.281,603854.146,1920.568,88.238,16.363,52.301,5.393,141.279,16.703
4.197,2.43,29.169,29.169,59.276,603854.146,1920.568,88.253,16.384,52.318,5.387,141.335,16.701
4.197,2.43,29.177,29.177,59.27,603854.146,1920.568,88.268,16.405,52.336,5.381,141.392,16.7
4.197,2.43,29.186,29.186,59.265,603854.146,1920.568,88.283,16.426,52.354,5.375,141.449,16.699
4.197,2.43,29.195,29.195,59.26,603854.146,1920.568,88.298,16.447,52.372,5.369,141.505,16.697
4.197,2.43,29.203,29.203,59.255,603854.146,1920.568,88.312,16.468,52.39,5.363,141.562,16.696
4.197,2.43,29.212,29.212,59.25,603854.146,1920.568,88.327,16.489,52.408,5.357,141.618,16.694
4.197,2.43,29.221,29.221,59.245,603854.146,1920.568,88.342,16.51,52.426,5.351,141.675,16.693
4.197,2.43,29.229,29.229,59.24,603854.146,1920.568,88.357,16.531,52.444,5.345,141.731,16.691
4.197,2.43,29.238,29.238,59.235,603854.146,1920.568,88.372,16.552,52.462,5.339,141.788,16.69
4.197,2.43,29.246,29.246,59.23,603854.146,1920.568,88.387,16.573,52.48,5.333,141.845,16.689
4.197,2.43,29.255,29.255,59.225,603854.146,1920.568,88.401,16.594,52.498,5.327,141.901,16.687
4.197,2.43,29.264,29.264,59.22,603854.146,1920.568,88.416,16.615,52.516,5.322,141.958,16.686
4.197,2.43,29.272,29.272,59.215,603854.146,1920.568,88.431,16.636,52.533,5.316,142.014,16.684
4.197,2.43,29.281,29.281,59.21,603854.146,1920.568,88.446,16.657,52.551,5.31,142.071,16.683
4.197,2.43,29.29,29.29,59.205,603854.146,1920.568,88.461,16.678,52.569,5.304,142.127,16.681
4.197,2.43,29.298,29.298,59.2,603854.146,1920.568,88.476,16.699,52.587,5.298,142.184,16.68
4.197,2.43,29.307,29.307,59.195,603854.146,1920.568,88.491,16.72,52.605,5.293,142.241,16.679
4.197,2.43,29.316,29.316,59.19,603854.146,1920.568,88.505,16.741,52.623,5.287,142.297,16.677
4.197,2.43,29.324,29.324,59.185,603854.146,1920.568,88.52,16.762,52.641,5.281,142.354,16.676
4.197,2.43,29.333,29.333,59.18,603854.146,1920.568,88.535,16.783,52.659,5.275,142.411,16.674
4.197,2.43,29.342,29.342,59.174,603854.146,1920.568,88.55,16.804,52.677,5.27,142.467,16.673
4.197,2.43,29.35,29.35,59.169,603854.146,1920.568,88.565,16.825,52.695,5.264,142.524,16.672
4.197,2.43,29.359,29.359,59.164,603854.146,1920.568,88.58,16.846,52.713,5.258,142.58,16.67
4.197,2.43,29.368,29.368,59.159,603854.146,1920.568,88.595,16.867,52.731,5.253,142.637,16.669
4.197,2.43,29.376,29.376,59.154,603854.146,1920.568,88.61,16.888,52.749,5.247,142.694,16.667
4.197,2.43,29.385,29.385,59.149,603854.146,1920.568,88.624,16.909,52.767,5.241,142.75,16.666
4.197,2.43,29.394,29.394,59.144,603854.146,1920.568,88.639,16.93,52.784,5.236,142.807,16.664
4.197,2.43,29.402,29.402,59.139,603854.146,1920.568,88.654,16.951,52.802,5.23,142.864,16.663
4.197,2.43,29.411,29.411,59.134,603854.146,1920.568,88.669,16.972,52.82,5.225,142.92,16.662
4.197,2.43,29.42,29.42,59.129,603854.146,1920.568,88.684,16.993,52.838,5.219,142.977,16.66
4.197,2.43,29.428,29.428,59.124,603854.146,1920.568,88.699,17.014,52.856,5.213,143.033,16.659
4.197,2.43,29.437,29.437,59.119,603854.146,1920.568,88.714,17.035,52.874,5.208,143.09,16.657
4.197,2.43,29.446,29.446,59.114,603854.146,1920.568,88.729,17.056,52.892,5.202,143.147,16.656
4.197,2.43,29.454,29.454,59.109,603854.146,1920.568,88.744,17.077,52.91,5.197,143.203,16.654
4.197,2.43,29.463,29.463,59.104,603854.146,1920.568,88.758,17.098,52.928,5.191,143.26,16.653
4.197,2.43,29.472,29.472,59.099,603854.146,1920.568,88.773,17.119,52.946,5.186,143.317,16.652
4.197,2.43,29.48,29.48,59.094,603854.146,1920.568,88.788,17.14,52.964,5.18,143.373,16.65
4.197,2.43,29.489,29.489,59.089,603854.146,1920.568,88.803,17.161,52.982,5.175,143.43,16.649
4.197,2.43,29.498,29.498,59.084,603854.146,1920.568,88.818,17.182,53.0,5.169,143.487,16.647
4.197,2.43,29.506,29.506,59.079,603854.146,1920.568,88.833,17.203,53.018,5.164,143.543,16.646
4.197,2.43,29.515,29.515,59.074,603854.146,1920.568,88.848,17.224,53.036,5.159,143.6,16.645
4.197,2.43,29.523,29.523,59.069,603854.146,1920.568,88.863,17.245,53.054,5.153,143.657,16.643
4.197,2.43,29.532,29.532,59.064,603854.146,1920.568,88.878,17.265,53.072,5.148,143.713,16.642
4.197,2.43,29.541,29.541,59.059,603854.146,1920.568,88.892,17.286,53.089,5.142,143.77,16.64
4.197,2.43,29.549,29.549,59.054,603854.146,1920.568,88.907,17.307,53.107,5.137,143.827,16.639
4.197,2.43,29.558,29.558,59.049,603854.146,1920.568,88.922,17.328,53.125,5.132,143.883,16.637
4.197,2.43,29.567,29.567,59.043,603854.146,1920.568,88.937,17.349,53.143,5.126,143.94,16.636
4.197,2.43,29.575,29.575,59.038,603854.146,1920.568,88.952,17.37,53.161,5.121,143.997,16.635
4.197,2.43,29.584,29.584,59.033,603854.146,1920.568,88.967,17.391,53.179,5.116,144.053,16.633
4.197,2.43,29.593,29.593,59.028,603854.146,1920.568,88.982,17.412,53.197,5.11,144.11,16.632
4.197,2.43,29.601,29.601,59.023,603854.146,1920.568,88.997,17.433,53.215,5.105,144.167,16.63
4.197,2.43,29.61,29.61,59.018,603854.146,1920.568,89.012,17.454,53.233,5.1,144.223,16.629
4.197,2.43,29.619,29.619,59.013,603854.146,1920.568,89.027,17.475,53.251,5.094,144.28,16.628
4.197,2.43,29.627,29.627,59.008,603854.146,1920.568,89.041,17.496,53.269,5.089,144.337,16.626
4.197,2.43,29.636,29.636,59.003,603854.146,1920.568,89.056,17.517,53.287,5.084,144.394,16.625
4.197,2.43,29.645,29.645,58.998,603854.146,1920.568,89.071,17.538,53.305,5.079,144.45,16.623
4.197,2.43,29.653,29.653,58.993,603854.146,1920.568,89.086,17.559,53.323,5.073,144.507,16.622
4.197,2.43,29.662,29.662,58.988,603854.146,1920.568,89.101,17.58,53.341,5.068,144.564,16.62
4.197,2.43,29.671,29.671,58.983,603854.146,1920.568,89.116,17.601,53.359,5.063,144.62,16.619
4.197,2.43,29.679,29.679,58.978,603854.146,1920.568,89.131,17.622,53.377,5.058,144.677,16.618
4.197,2.43,29.688,29.688,58.973,603854.146,1920.568,89.146,17.643,53.395,5.053,144.734,16.616
4.197,2.43,29.697,29.697,58.968,603854.146,1920.568,89.161,17.664,53.413,5.048,144.79,16.615
4.197,2.43,29.705,29.705,58.963,603854.146,1920.568,89.176,17.685,53.431,5.042,144.847,16.613
4.197,2.43,29.714,29.714,58.958,603854.146,1920.568,89.191,17.706,53.448,5.037,144.904,16.612
4.197,2.43,29.723,29.723,58.953,603854.146,1920.568,89.206,17.727,53.466,5.032,144.96,16.611
4.197,2.43,29.731,29.731,58.948,603854.146,1920.568,89.221,17.748,53.484,5.027,145.017,16.609
4.197,2.43,29.74,29.74,58.943,603854.146,1920.568,89.235,17.769,53.502,5.022,145.074,16.608
4.197,2.43,29.749,29.749,58.938,603854.146,1920.568,89.25,17.79,53.52,5.017,145.131,16.606
4.197,2.43,29.757,29.757,58.933,603854.146,1920.568,89.265,17.811,53.538,5.012,145.187,16.605
4.197,2.43,29.766,29.766,58.928,603854.146,1920.568,89.28,17.832,53.556,5.007,145.244,16.604
4.197,2.43,29.775,29.775,58.923,603854.146,1920.568,89.295,17.853,53.574,5.002,145.301,16.602
4.197,2.43,29.784,29.784,58.918,603854.146,1920.568,89.31,17.874,53.592,4.997,145.357,16.601
4.197,2.43,29.792,29.792,58.913,603854.146,1920.568,89.325,17.895,53.61,4.992,145.414,16.599
4.197,2.43,29.801,29.801,58.908,603854.146,1920.568,89.34,17.916,53.628,4.987,145.471,16.598
4.197,2.43,29.81,29.81,58.903,603854.146,1920.568,89.355,17.937,53.646,4.982,145.528,16.597
4.197,2.43,29.818,29.818,58.898,603854.146,1920.568,89.37,17.958,53.664,4.977,145.584,16.595
4.197,2.43,29.827,29.827,58.893,603854.146,1920.568,89.385,17.979,53.682,4.972,145.641,16.594
4.197,2.43,29.836,29.836,58.888,603854.146,1920.568,89.4,18.0,53.7,4.967,145.698,16.592
4.197,2.43,29.844,29.844,58.883,603854.146,1920.568,89.415,18.021,53.718,4.962,145.754,16.591
4.197,2.43,29.853,29.853,58.878,603854.146,1920.568,89.43,18.042,53.736,4.957,145.811,16.59
4.197,2.43,29.862,29.862,58.874,603854.146,1920.568,89.445,18.063,53.754,4.952,145.868,16.588
4.197,2.43,29.87,29.87,58.869,603854.146,1920.568,89.46,18.084,53.772,4.947,145.925,16.587
4.197,2.43,29.879,29.879,58.864,603854.146,1920.568,89.474,18.105,53.79,4.942,145.981,16.585
4.197,2.43,29.888,29.888,58.859,603854.146,1920.568,89.489,18.126,53.808,4.937,146.038,16.584
4.197,2.43,29.896,29.896,58.854,603854.146,1920.568,89.504,18.147,53.826,4.932,146.095,16.583
4.197,2.43,29.905,29.905,58.849,603854.146,1920.568,89.519,18.168,53.844,4.927,146.151,16.581
4.197,2.43,29.914,29.914,58.844,603854.146,1920.568,89.534,18.189,53.862,4.922,146.208,16.58
4.197,2.43,29.922,29.922,58.839,603854.146,1920.568,89.549,18.21,53.88,4.918,146.265,16.578
4.197,2.43,29.931,29.931,58.834,603854.146,1920.568,89.564,18.231,53.897,4.913,146.322,16.577
4.197,2.43,29.94,29.94,58.829,603854.146,1920.568,89.579,18.252,53.915,4.908,146.378,16.576
4.197,2.43,29.948,29.948,58.824,603854.146,1920.568,89.594,18.273,53.933,4.903,146.435,16.574
4.197,2.43,29.957,29.957,58.819,603854.146,1920.568,89.609,18.294,53.951,4.898,146.492,16.573
4.197,2.43,29.966,29.966,58.814,603854.146,1920.568,89.624,18.315,53.969,4.894,146.548,16.571
4.197,2.43,29.974,29.974,58.809,603854.146,1920.568,89.639,18.336,53.987,4.889,146.605,16.57
4.197,2.43,29.983,29.983,58.804,603854.146,1920.568,89.654,18.357,54.005,4.884,146.662,16.569
4.197,2.43,29.992,29.992,58.799,603854.146,1920.568,89.669,18.378,54.023,4.879,146.719,16.567
4.197,2.43,30.0,30.0,58.794,603854.146,1920.568,89.684,18.398,54.041,4.875,146.775,16.566
4.197,2.43,30.009,30.009,58.789,603854.146,1920.568,89.699,18.419,54.059,4.87,146.832,16.564
4.197,2.43,30.018,30.018,58.784,603854.146,1920.568,89.714,18.44,54.077,4.865,146.889,16.563
4.197,2.43,30.026,30.026,58.779,603854.146,1920.568,89.729,18.461,54.095,4.86,146.946,16.562
4.197,2.43,30.035,30.035,58.774,603854.146,1920.568,89.744,18.482,54.113,4.856,147.002,16.56
4.197,2.43,30.044,30.044,58.77,603854.146,1920.568,89.759,18.503,54.131,4.851,147.059,16.559
4.197,2.43,30.052,30.052,58.765,603854.146,1920.568,89.774,18.524,54.149,4.846,147.116,16.557
4.197,2.43,30.061,30.061,58.76,603854.146,1920.568,89.789,18.545,54.167,4.842,147.172,16.556
4.197,2.43,30.07,30.07,58.755,603854.146,1920.568,89.804,18.566,54.185,4.837,147.229,16.555
4.197,2.43,30.078,30.078,58.75,603854.146,1920.568,89.819,18.587,54.203,4.832,147.286,16.553
4.197,2.43,30.087,30.087,58.745,603854.146,1920.568,89.834,18.608,54.221,4.828,147.343,16.552
4.197,2.43,30.096,30.096,58.74,603854.146,1920.568,89.849,18.629,54.239,4.823,147.399,16.551
4.197,2.43,30.104,30.104,58.735,603854.146,1920.568,89.864,18.65,54.257,4.818,147.456,16.549
4.197,2.43,30.113,30.113,58.73,603854.146,1920.568,89.879,18.671,54.275,4.814,147.513,16.548
4.197,2.43,30.122,30.122,58.725,603854.146,1920.568,89.894,18.692,54.293,4.809,147.57,16.546
4.197,2.43,30.13,30.13,58.72,603854.146,1920.568,89.909,18.713,54.311,4.805,147.626,16.545
4.197,2.43,30.139,30.139,58.715,603854.146,1920.568,89.924,18.734,54.329,4.8,147.683,16.544
4.197,2.43,30.148,30.148,58.711,603854.146,1920.568,89.939,18.755,54.347,4.796,147.74,16.542
4.197,2.43,30.156,30.156,58.706,603854.146,1920.568,89.954,18.776,54.365,4.791,147.797,16.541
4.197,2.43,30.165,30.165,58.701,603854.146,1920.568,89.969,18.797,54.383,4.786,147.853,16.539
4.197,2.43,30.174,30.174,58.696,603854.146,1920.568,89.984,18.817,54.4,4.782,147.91,16.538
4.197,2.43,30.182,30.182,58.691,603854.146,1920.568,89.999,18.838,54.418,4.777,147.967,16.537
4.197,2.43,30.191,30.191,58.686,603854.146,1920.568,90.014,18.859,54.436,4.773,148.024,16.535
4.197,2.43,30.2,30.2,58.681,603854.146,1920.568,90.029,18.88,54.454,4.768,148.08,16.534
4.197,2.43,30.208,30.208,58.676,603854.146,1920.568,90.044,18.901,54.472,4.764,148.137,16.533
4.197,2.43,30.217,30.217,58.671,603854.146,1920.568,90.059,18.922,54.49,4.759,148.194,16.531
4.197,2.43,30.226,30.226,58.666,603854.146,1920.568,90.074,18.943,54.508,4.755,148.25,16.53
4.197,2.43,30.234,30.234,58.662,603854.146,1920.568,90.089,18.964,54.526,4.751,148.307,16.528
4.197,2.43,30.243,30.243,58.657,603854.146,1920.568,90.104,18.985,54.544,4.746,148.364,16.527
4.197,2.43,30.252,30.252,58.652,603854.146,1920.568,90.119,19.006,54.562,4.742,148.421,16.526
4.197,2.43,30.261,30.261,58.647,603854.146,1920.568,90.134,19.027,54.58,4.737,148.477,16.524
4.197,2.43,30.269,30.269,58.642,603854.146,1920.568,90.149,19.048,54.598,4.733,148.534,16.523
4.197,2.43,30.278,30.278,58.637,603854.146,1920.568,90.164,19.069,54.616,4.728,148.591,16.522
4.197,2.43,30.287,30.287,58.632,603854.146,1920.568,90.179,19.089,54.634,4.724,148.648,16.52
4.197,2.43,30.295,30.295,58.628,603854.146,1920.568,90.194,19.11,54.652,4.72,148.704,16.519
4.197,2.43,30.304,30.304,58.623,603854.146,1920.568,90.209,19.131,54.67,4.715,148.761,16.517
4.197,2.43,30.313,30.313,58.618,603854.146,1920.568,90.224,19.152,54.688,4.711,148.818,16.516
4.197,2.43,30.321,30.321,58.613,603854.146,1920.568,90.239,19.173,54.706,4.707,148.875,16.515
4.197,2.43,30.33,30.33,58.608,603854.146,1920.568,90.254,19.194,54.724,4.702,148.931,16.513
4.197,2.43,30.339,30.339,58.603,603854.146,1920.568,90.269,19.215,54.742,4.698,148.988,16.512
4.197,2.43,30.347,30.347,58.598,603854.146,1920.568,90.284,19.236,54.76,4.694,149.045,16.511
4.197,2.43,30.356,30.356,58.594,603854.146,1920.568,90.299,19.257,54.778,4.689,149.102,16.509
4.197,2.43,30.365,30.365,58.589,603854.146,1920.568,90.314,19.278,54.796,4.685,149.158,16.508
4.197,2.43,30.373,30.373,58.584,603854.146,1920.568,90.329,19.299,54.814,4.681,149.215,16.507
4.197,2.43,30.382,30.382,58.579,603854.146,1920.568,90.344,19.32,54.832,4.676,149.272,16.505
4.197,2.43,30.391,30.391,58.574,603854.146,1920.568,90.359,19.34,54.85,4.672,149.329,16.504
4.197,2.43,30.399,30.399,58.569,603854.146,1920.568,90.374,19.361,54.868,4.668,149.385,16.502
4.197,2.43,30.408,30.408,58.565,603854.146,1920.568,90.389,19.382,54.886,4.664,149.442,16.501
4.197,2.43,30.417,30.417,58.56,603854.146,1920.568,90.404,19.403,54.904,4.659,149.499,16.5
4.197,2.43,30.425,30.425,58.555,603854.146,1920.568,90.419,19.424,54.922,4.655,149.556,16.498
4.197,2.43,30.434,30.434,58.55,603854.146,1920.568,90.434,19.445,54.94,4.651,149.612,16.497
4.197,2.43,30.443,30.443,58.545,603854.146,1920.568,90.449,19.466,54.958,4.647,149.669,16.496
4.197,2.43,30.451,30.451,58.54,603854.146,1920.568,90.464,19.487,54.976,4.642,149.726,16.494
4.197,2.43,30.46,30.46,58.536,603854.146,1920.568,90.479,19.508,54.994,4.638,149.783,16.493
4.197,2.43,30.469,30.469,58.531,603854.146,1920.568,90.495,19.528,55.011,4.634,149.839,16.492
4.197,2.43,30.477,30.477,58.526,603854.146,1920.568,90.51,19.549,55.029,4.63,149.896,16.49
4.197,2.43,30.486,30.486,58.521,603854.146,1920.568,90.525,19.57,55.047,4.626,149.953,16.489
4.197,2.43,30.495,30.495,58.516,603854.146,1920.568,90.54,19.591,55.065,4.621,150.01,16.488
4.197,2.43,30.503,30.503,58.512,603854.146,1920.568,90.555,19.612,55.083,4.617,150.066,16.486
4.197,2.43,30.512,30.512,58.507,603854.146,1920.568,90.57,19.633,55.101,4.613,150.123,16.485
4.197,2.43,30.521,30.521,58.502,603854.146,1920.568,90.585,19.654,55.119,4.609,150.18,16.483
4.197,2.43,30.529,30.529,58.497,603854.146,1920.568,90.6,19.675,55.137,4.605,150.237,16.482
4.197,2.43,30.538,30.538,58.492,603854.146,1920.568,90.615,19.696,55.155,4.601,150.294,16.481
4.197,2.43,30.547,30.547,58.488,603854.146,1920.568,90.63,19.716,55.173,4.597,150.35,16.479
4.197,2.43,30.555,30.555,58.483,603854.146,1920.568,90.645,19.737,55.191,4.593,150.407,16.478
4.197,2.43,30.564,30.564,58.478,603854.146,1920.568,90.66,19.758,55.209,4.588,150.464,16.477
4.197,2.43,30.573,30.573,58.473,603854.146,1920.568,90.675,19.779,55.227,4.584,150.521,16.475
4.197,2.43,30.582,30.582,58.469,603854.146,1920.568,90.69,19.8,55.245,4.58,150.577,16.474
4.197,2.43,30.59,30.59,58.464,603854.146,1920.568,90.705,19.821,55.263,4.576,150.634,16.473
4.197,2.43,30.599,30.599,58.459,603854.146,1920.568,90.721,19.842,55.281,4.572,150.691,16.471
4.197,2.43,30.608,30.608,58.454,603854.146,1920.568,90.736,19.863,55.299,4.568,150.748,16.47
4.197,2.43,30.616,30.616,58.449,603854.146,1920.568,90.751,19.883,55.317,4.564,150.804,16.469
4.197,2.43,30.625,30.625,58.445,603854.146,1920.568,90.766,19.904,55.335,4.56,150.861,16.467
4.197,2.43,30.634,30.634,58.44,603854.146,1920.568,90.781,19.925,55.353,4.556,150.918,16.466
4.197,2.43,30.642,30.642,58.435,603854.146,1920.568,90.796,19.946,55.371,4.552,150.975,16.465
4.197,2.43,30.651,30.651,58.43,603854.146,1920.568,90.811,19.967,55.389,4.548,151.031,16.463
4.197,2.43,30.66,30.66,58.426,603854.146,1920.568,90.826,19.988,55.407,4.544,151.088,16.462
4.197,2.43,30.668,30.668,58.421,603854.146,1920.568,90.841,20.009,55.425,4.54,151.145,16.461
4.197,2.43,30.677,30.677,58.416,603854.146,1920.568,90.856,20.029,55.443,4.536,151.202,16.459
4.197,2.43,30.686,30.686,58.411,603854.146,1920.568,90.871,20.05,55.461,4.532,151.258,16.458
4.197,2.43,30.694,30.694,58.407,603854.146,1920.568,90.887,20.071,55.479,4.528,151.315,16.457
4.197,2.43,30.703,30.703,58.402,603854.146,1920.568,90.902,20.092,55.497,4.524,151.372,16.455
4.197,2.43,30.712,30.712,58.397,603854.146,1920.568,90.917,20.113,55.515,4.52,151.429,16.454
4.197,2.43,30.72,30.72,58.392,603854.146,1920.568,90.932,20.134,55.533,4.516,151.486,16.453
4.197,2.43,30.729,30.729,58.388,603854.146,1920.568,90.947,20.155,55.551,4.512,151.542,16.451
4.197,2.43,30.738,30.738,58.383,603854.146,1920.568,90.962,20.175,55.569,4.509,151.599,16.45
4.197,2.43,30.746,30.746,58.378,603854.146,1920.568,90.977,20.196,55.587,4.505,151.656,16.449
4.197,2.43,30.755,30.755,58.373,603854.146,1920.568,90.992,20.217,55.605,4.501,151.713,16.447
4.197,2.43,30.764,30.764,58.369,603854.146,1920.568,91.007,20.238,55.623,4.497,151.769,16.446
4.197,2.43,30.772,30.772,58.364,603854.146,1920.568,91.022,20.259,55.641,4.493,151.826,16.445
4.197,2.43,30.781,30.781,58.359,603854.146,1920.568,91.038,20.28,55.659,4.489,151.883,16.443
4.197,2.43,30.79,30.79,58.354,603854.146,1920.568,91.053,20.3,55.677,4.485,151.94,16.442
4.197,2.43,30.798,30.798,58.35,603854.146,1920.568,91.068,20.321,55.695,4.481,151.996,16.441
4.197,2.43,30.807,30.807,58.345,603854.146,1920.568,91.083,20.342,55.713,4.478,152.053,16.439
4.197,2.43,30.816,30.816,58.34,603854.146,1920.568,91.098,20.363,55.731,4.474,152.11,16.438
4.197,2.43,30.825,30.825,58.336,603854.146,1920.568,91.113,20.384,55.748,4.47,152.167,16.437
4.197,2.43,30.833,30.833,58.331,603854.146,1920.568,91.128,20.405,55.766,4.466,152.224,16.435
4.197,2.43,30.842,30.842,58.326,603854.146,1920.568,91.143,20.426,55.784,4.462,152.28,16.434
4.197,2.43,30.851,30.851,58.321,603854.146,1920.568,91.158,20.446,55.802,4.458,152.337,16.433
4.197,2.43,30.859,30.859,58.317,603854.146,1920.568,91.174,20.467,55.82,4.455,152.394,16.431
4.197,2.43,30.868,30.868,58.312,603854.146,1920.568,91.189,20.488,55.838,4.451,152.451,16.43
4.197,2.43,30.877,30.877,58.307,603854.146,1920.568,91.204,20.509,55.856,4.447,152.507,16.429
4.197,2.43,30.885,30.885,58.302,603854.146,1920.568,91.219,20.53,55.874,4.443,152.564,16.427
4.197,2.43,30.894,30.894,58.298,603854.146,1920.568,91.234,20.551,55.892,4.439,152.621,16.426
4.197,2.43,30.903,30.903,58.293,603854.146,1920.568,91.249,20.571,55.91,4.436,152.678,16.425
4.197,2.43,30.911,30.911,58.288,603854.146,1920.568,91.264,20.592,55.928,4.432,152.735,16.423
4.197,2.43,30.92,30.92,58.284,603854.146,1920.568,91.279,20.613,55.946,4.428,152.791,16.422
4.197,2.43,30.929,30.929,58.279,603854.146,1920.568,91.295,20.634,55.964,4.424,152.848,16.421
4.197,2.43,30.937,30.937,58.274,603854.146,1920.568,91.31,20.655,55.982,4.421,152.905,16.419
4.197,2.43,30.946,30.946,58.269,603854.146,1920.568,91.325,20.676,56.0,4.417,152.962,16.418
4.197,2.43,30.955,30.955,58.265,603854.146,1920.568,91.34,20.696,56.018,4.413,153.018,16.417
4.197,2.43,30.963,30.963,58.26,603854.146,1920.568,91.355,20.717,56.036,4.41,153.075,16.415
4.197,2.43,30.972,30.972,58.255,603854.146,1920.568,91.37,20.738,56.054,4.406,153.132,16.414
4.197,2.43,30.981,30.981,58.251,603854.146,1920.568,91.385,20.759,56.072,4.402,153.189,16.413
4.197,2.43,30.989,30.989,58.246,603854.146,1920.568,91.4,20.78,56.09,4.399,153.245,16.411
4.197,2.43,30.998,30.998,58.241,603854.146,1920.568,91.416,20.801,56.108,4.395,153.302,16.41
4.197,2.43,31.007,31.007,58.237,603854.146,1920.568,91.431,20.821,56.126,4.391,153.359,16.409
4.197,2.43,31.015,31.015,58.232,603854.146,1920.568,91.446,20.842,56.144,4.388,153.416,16.407
4.197,2.43,31.024,31.024,58.227,603854.146,1920.568,91.461,20.863,56.162,4.384,153.473,16.406
4.197,2.43,31.033,31.033,58.222,603854.146,1920.568,91.476,20.884,56.18,4.38,153.529,16.405
4.197,2.43,31.042,31.042,58.218,603854.146,1920.568,91.491,20.905,56.198,4.377,153.586,16.403
4.197,2.43,31.05,31.05,58.213,603854.146,1920.568,91.506,20.926,56.216,4.373,153.643,16.402
4.197,2.43,31.059,31.059,58.208,603854.146,1920.568,91.521,20.946,56.234,4.369,153.7,16.401
4.197,2.43,31.068,31.068,58.204,603854.146,1920.568,91.537,20.967,56.252,4.366,153.756,16.399
4.197,2.43,31.076,31.076,58.199,603854.146,1920.568,91.552,20.988,56.27,4.362,153.813,16.398
4.197,2.43,31.085,31.085,58.194,603854.146,1920.568,91.567,21.009,56.288,4.358,153.87,16.397
4.197,2.43,31.094,31.094,58.19,603854.146,1920.568,91.582,21.03,56.306,4.355,153.927,16.395
4.197,2.43,31.102,31.102,58.185,603854.146,1920.568,91.597,21.051,56.324,4.351,153.984,16.394
4.197,2.43,31.111,31.111,58.18,603854.146,1920.568,91.612,21.071,56.342,4.348,154.04,16.393
4.197,2.43,31.12,31.12,58.175,603854.146,1920.568,91.627,21.092,56.36,4.344,154.097,16.391
4.197,2.43,31.128,31.128,58.171,603854.146,1920.568,91.643,21.113,56.378,4.341,154.154,16.39
4.197,2.43,31.137,31.137,58.166,603854.146,1920.568,91.658,21.134,56.396,4.337,154.211,16.389
4.197,2.43,31.146,31.146,58.161,603854.146,1920.568,91.673,21.155,56.414,4.333,154.267,16.387
4.197,2.43,31.154,31.154,58.157,603854.146,1920.568,91.688,21.175,56.432,4.33,154.324,16.386
4.197,2.43,31.163,31.163,58.152,603854.146,1920.568,91.703,21.196,56.45,4.326,154.381,16.385
4.197,2.43,31.172,31.172,58.147,603854.146,1920.568,91.718,21.217,56.468,4.323,154.438,16.384
4.197,2.43,31.18,31.18,58.143,603854.146,1920.568,91.733,21.238,56.486,4.319,154.494,16.382
4.197,2.43,31.189,31.189,58.138,603854.146,1920.568,91.748,21.259,56.504,4.316,154.551,16.381
4.197,2.43,31.198,31.198,58.133,603854.146,1920.568,91.764,21.28,56.522,4.312,154.608,16.38
4.197,2.43,31.206,31.206,58.129,603854.146,1920.568,91.779,21.3,56.54,4.309,154.665,16.378
4.197,2.43,31.215,31.215,58.124,603854.146,1920.568,91.794,21.321,56.558,4.305,154.722,16.377
4.197,2.43,31.224,31.224,58.119,603854.146,1920.568,91.809,21.342,56.576,4.302,154.778,16.376
4.197,2.43,31.232,31.232,58.115,603854.146,1920.568,91.824,21.363,56.593,4.298,154.835,16.374
4.197,2.43,31.241,31.241,58.11,603854.146,1920.568,91.839,21.384,56.611,4.295,154.892,16.373
4.197,2.43,31.25,31.25,58.105,603854.146,1920.568,91.854,21.404,56.629,4.291,154.949,16.372
4.197,2.43,31.258,31.258,58.101,603854.146,1920.568,91.87,21.425,56.647,4.288,155.005,16.37
4.197,2.43,31.267,31.267,58.096,603854.146,1920.568,91.885,21.446,56.665,4.284,155.062,16.369
4.197,2.43,31.276,31.276,58.091,603854.146,1920.568,91.9,21.467,56.683,4.281,155.119,16.368
4.197,2.43,31.285,31.285,58.086,603854.146,1920.568,91.915,21.488,56.701,4.278,155.176,16.366
4.197,2.43,31.293,31.293,58.082,603854.146,1920.568,91.93,21.509,56.719,4.274,155.232,16.365
4.197,2.43,31.302,31.302,58.077,603854.146,1920.568,91.945,21.529,56.737,4.271,155.289,16.364
4.197,2.43,31.311,31.311,58.072,603854.146,1920.568,91.96,21.55,56.755,4.267,155.346,16.362
4.197,2.43,31.319,31.319,58.068,603854.146,1920.568,91.976,21.571,56.773,4.264,155.403,16.361
4.197,2.43,31.328,31.328,58.063,603854.146,1920.568,91.991,21.592,56.791,4.26,155.46,16.36
4.197,2.43,31.337,31.337,58.058,603854.146,1920.568,92.006,21.613,56.809,4.257,155.516,16.358
4.197,2.43,31.345,31.345,58.054,603854.146,1920.568,92.021,21.633,56.827,4.254,155.573,16.357
4.197,2.43,31.354,31.354,58.049,603854.146,1920.568,92.036,21.654,56.845,4.25,155.63,16.356
4.197,2.43,31.363,31.363,58.044,603854.146,1920.568,92.051,21.675,56.863,4.247,155.687,16.355
4.197,2.43,31.371,31.371,58.04,603854.146,1920.568,92.066,21.696,56.881,4.244,155.743,16.353
4.197,2.43,31.38,31.38,58.035,603854.146,1920.568,92.081,21.717,56.899,4.24,155.8,16.352
4.197,2.43,31.389,31.389,58.03,603854.146,1920.568,92.097,21.737,56.917,4.237,155.857,16.351
4.197,2.43,31.397,31.397,58.026,603854.146,1920.568,92.112,21.758,56.935,4.233,155.914,16.349
4.197,2.43,31.406,31.406,58.021,603854.146,1920.568,92.127,21.779,56.953,4.23,155.97,16.348
4.197,2.43,31.415,31.415,58.016,603854.146,1920.568,92.142,21.8,56.971,4.227,156.027,16.347
4.197,2.43,31.423,31.423,58.012,603854.146,1920.568,92.157,21.821,56.989,4.223,156.084,16.345
4.197,2.43,31.432,31.432,58.007,603854.146,1920.568,92.172,21.842,57.007,4.22,156.141,16.344
4.197,2.43,31.441,31.441,58.002,603854.146,1920.568,92.187,21.862,57.025,4.217,156.197,16.343
4.197,2.43,31.449,31.449,57.997,603854.146,1920.568,92.203,21.883,57.043,4.213,156.254,16.341
4.197,2.43,31.458,31.458,57.993,603854.146,1920.568,92.218,21.904,57.061,4.21,156.311,16.34
4.197,2.43,31.467,31.467,57.988,603854.146,1920.568,92.233,21.925,57.079,4.207,156.368,16.339
4.197,2.43,31.475,31.475,57.983,603854.146,1920.568,92.248,21.946,57.097,4.203,156.424,16.337
4.197,2.43,31.484,31.484,57.979,603854.146,1920.568,92.263,21.966,57.115,4.2,156.481,16.336
4.197,2.43,31.493,31.493,57.974,603854.146,1920.568,92.278,21.987,57.133,4.197,156.538,16.335
4.197,2.43,31.501,31.501,57.969,603854.146,1920.568,92.293,22.008,57.151,4.194,156.595,16.333
4.197,2.43,31.51,31.51,57.965,603854.146,1920.568,92.308,22.029,57.169,4.19,156.651,16.332
4.197,2.43,31.519,31.519,57.96,603854.146,1920.568,92.324,22.05,57.187,4.187,156.708,16.331
4.197,2.43,31.527,31.527,57.955,603854.146,1920.568,92.339,22.07,57.205,4.184,156.765,16.329
4.197,2.43,31.536,31.536,57.951,603854.146,1920.568,92.354,22.091,57.223,4.181,156.822,16.328
4.197,2.43,31.545,31.545,57.946,603854.146,1920.568,92.369,22.112,57.241,4.177,156.878,16.327
4.197,2.43,31.554,31.554,57.941,603854.146,1920.568,92.384,22.133,57.259,4.174,156.935,16.325
4.197,2.43,31.562,31.562,57.937,603854.146,1920.568,92.399,22.154,57.276,4.171,156.992,16.324
4.197,2.43,31.571,31.571,57.932,603854.146,1920.568,92.414,22.175,57.294,4.168,157.049,16.323
4.197,2.43,31.58,31.58,57.927,603854.146,1920.568,92.43,22.195,57.312,4.164,157.105,16.322
4.197,2.43,31.588,31.588,57.922,603854.146,1920.568,92.445,22.216,57.33,4.161,157.162,16.32
4.197,2.43,31.597,31.597,57.918,603854.146,1920.568,92.46,22.237,57.348,4.158,157.219,16.319
4.197,2.43,31.606,31.606,57.913,603854.146,1920.568,92.475,22.258,57.366,4.155,157.276,16.318
4.197,2.43,31.614,31.614,57.908,603854.146,1920.568,92.49,22.279,57.384,4.152,157.332,16.316
4.197,2.43,31.623,31.623,57.904,603854.146,1920.568,92.505,22.299,57.402,4.148,157.389,16.315
4.197,2.43,31.632,31.632,57.899,603854.146,1920.568,92.52,22.32,57.42,4.145,157.446,16.314
4.197,2.43,31.64,31.64,57.894,603854.146,1920.568,92.535,22.341,57.438,4.142,157.503,16.312
4.197,2.43,31.649,31.649,57.89,603854.146,1920.568,92.55,22.362,57.456,4.139,157.559,16.311
4.197,2.43,31.658,31.658,57.885,603854.146,1920.568,92.566,22.383,57.474,4.136,157.616,16.31
4.197,2.43,31.666,31.666,57.88,603854.146,1920.568,92.581,22.403,57.492,4.132,157.673,16.308
4.197,2.43,31.675,31.675,57.876,603854.146,1920.568,92.596,22.424,57.51,4.129,157.729,16.307
4.197,2.43,31.684,31.684,57.871,603854.146,1920.568,92.611,22.445,57.528,4.126,157.786,16.306
4.197,2.43,31.692,31.692,57.866,603854.146,1920.568,92.626,22.466,57.546,4.123,157.843,16.304
4.197,2.43,31.701,31.701,57.861,603854.146,1920.568,92.641,22.487,57.564,4.12,157.9,16.303
4.197,2.43,31.71,31.71,57.857,603854.146,1920.568,92.656,22.507,57.582,4.117,157.956,16.302
4.197,2.43,31.718,31.718,57.852,603854.146,1920.568,92.671,22.528,57.6,4.114,158.013,16.3
4.197,2.43,31.727,31.727,57.847,603854.146,1920.568,92.687,22.549,57.618,4.11,158.07,16.299
4.197,2.43,31.736,31.736,57.843,603854.146,1920.568,92.702,22.57,57.636,4.107,158.126,16.298
4.197,2.43,31.744,31.744,57.838,603854.146,1920.568,92.717,22.591,57.654,4.104,158.183,16.296
4.197,2.43,31.753,31.753,57.833,603854.146,1920.568,92.732,22.612,57.672,4.101,158.24,16.295
4.197,2.43,31.762,31.762,57.829,603854.146,1920.568,92.747,22.632,57.69,4.098,158.297,16.294
4.197,2.43,31.77,31.77,57.824,603854.146,1920.568,92.762,22.653,57.708,4.095,158.353,16.292
4.197,2.43,31.779,31.779,57.819,603854.146,1920.568,92.777,22.674,57.726,4.092,158.41,16.291
4.197,2.43,31.788,31.788,57.814,603854.146,1920.568,92.792,22.695,57.744,4.089,158.467,16.29
4.197,2.43,31.796,31.796,57.81,603854.146,1920.568,92.807,22.716,57.761,4.086,158.523,16.288
4.197,2.43,31.805,31.805,57.805,603854.146,1920.568,92.822,22.736,57.779,4.083,158.58,16.287
4.197,2.43,31.814,31.814,57.8,603854.146,1920.568,92.838,22.757,57.797,4.079,158.637,16.286
4.197,2.43,31.822,31.822,57.796,603854.146,1920.568,92.853,22.778,57.815,4.076,158.694,16.284
4.197,2.43,31.831,31.831,57.791,603854.146,1920.568,92.868,22.799,57.833,4.073,158.75,16.283
4.197,2.43,31.84,31.84,57.786,603854.146,1920.568,92.883,22.82,57.851,4.07,158.807,16.282
4.197,2.43,31.848,31.848,57.781,603854.146,1920.568,92.898,22.84,57.869,4.067,158.864,16.28
4.197,2.43,31.857,31.857,57.777,603854.146,1920.568,92.913,22.861,57.887,4.064,158.92,16.279
4.197,2.43,31.866,31.866,57.772,603854.146,1920.568,92.928,22.882,57.905,4.061,158.977,16.278
4.197,2.43,31.874,31.874,57.767,603854.146,1920.568,92.943,22.903,57.923,4.058,159.034,16.276
4.197,2.43,31.883,31.883,57.763,603854.146,1920.568,92.958,22.924,57.941,4.055,159.09,16.275
4.197,2.43,31.892,31.892,57.758,603854.146,1920.568,92.973,22.945,57.959,4.052,159.147,16.274
4.197,2.43,31.9,31.9,57.753,603854.146,1920.568,92.988,22.965,57.977,4.049,159.204,16.272
4.197,2.43,31.909,31.909,57.748,603854.146,1920.568,93.004,22.986,57.995,4.046,159.26,16.271
4.197,2.43,31.918,31.918,57.744,603854.146,1920.568,93.019,23.007,58.013,4.043,159.317,16.27
4.197,2.43,31.926,31.926,57.739,603854.146,1920.568,93.034,23.028,58.031,4.04,159.374,16.268
4.197,2.43,31.935,31.935,57.734,603854.146,1920.568,93.049,23.049,58.049,4.037,159.43,16.267
4.197,2.43,31.944,31.944,57.729,603854.146,1920.568,93.064,23.069,58.067,4.034,159.487,16.266
4.197,2.43,31.952,31.952,57.725,603854.146,1920.568,93.079,23.09,58.085,4.031,159.544,16.264
4.197,2.43,31.961,31.961,57.72,603854.146,1920.568,93.094,23.111,58.103,4.028,159.6,16.263
4.197,2.43,31.97,31.97,57.715,603854.146,1920.568,93.109,23.132,58.12,4.025,159.657,16.262
4.197,2.43,31.978,31.978,57.71,603854.146,1920.568,93.124,23.153,58.138,4.022,159.714,16.26
4.197,2.43,31.987,31.987,57.706,603854.146,1920.568,93.139,23.174,58.156,4.019,159.77,16.259
4.197,2.43,31.996,31.996,57.701,603854.146,1920.568,93.154,23.194,58.174,4.016,159.827,16.258
4.197,2.43,32.004,32.004,57.696,603854.146,1920.568,93.169,23.215,58.192,4.013,159.884,16.256
4.197,2.43,32.013,32.013,57.691,603854.146,1920.568,93.184,23.236,58.21,4.01,159.94,16.255
4.197,2.43,32.022,32.022,57.687,603854.146,1920.568,93.199,23.257,58.228,4.007,159.997,16.254
4.197,2.43,32.03,32.03,57.682,603854.146,1920.568,93.215,23.278,58.246,4.004,160.054,16.252
4.197,2.43,32.039,32.039,57.677,603854.146,1920.568,93.23,23.298,58.264,4.002,160.11,16.251
4.197,2.43,32.048,32.048,57.672,603854.146,1920.568,93.245,23.319,58.282,3.999,160.167,16.25
4.197,2.43,32.056,32.056,57.668,603854.146,1920.568,93.26,23.34,58.3,3.996,160.224,16.248
4.197,2.43,32.065,32.065,57.663,603854.146,1920.568,93.275,23.361,58.318,3.993,160.28,16.247
4.197,2.43,32.074,32.074,57.658,603854.146,1920.568,93.29,23.382,58.336,3.99,160.337,16.246
4.197,2.43,32.082,32.082,57.653,603854.146,1920.568,93.305,23.403,58.354,3.987,160.394,16.244
4.197,2.43,32.091,32.091,57.649,603854.146,1920.568,93.32,23.423,58.372,3.984,160.45,16.243
4.197,2.43,32.1,32.1,57.644,603854.146,1920.568,93.335,23.444,58.39,3.981,160.507,16.242
4.197,2.43,32.108,32.108,57.639,603854.146,1920.568,93.35,23.465,58.408,3.978,160.564,16.24
4.197,2.43,32.117,32.117,57.634,603854.146,1920.568,93.365,23.486,58.425,3.975,160.62,16.239
4.197,2.43,32.126,32.126,57.63,603854.146,1920.568,93.38,23.507,58.443,3.972,160.677,16.238
4.197,2.43,32.134,32.134,57.625,603854.146,1920.568,93.395,23.528,58.461,3.97,160.733,16.236
4.197,2.43,32.143,32.143,57.62,603854.146,1920.568,93.41,23.548,58.479,3.967,160.79,16.235
4.197,2.43,32.152,32.152,57.615,603854.146,1920.568,93.425,23.569,58.497,3.964,160.847,16.234
4.197,2.43,32.16,32.16,57.611,603854.146,1920.568,93.44,23.59,58.515,3.961,160.903,16.232
4.197,2.43,32.169,32.169,57.606,603854.146,1920.568,93.455,23.611,58.533,3.958,160.96,16.231
4.197,2.43,32.177,32.177,57.601,603854.146,1920.568,93.47,23.632,58.551,3.955,161.017,16.23
4.197,2.43,32.186,32.186,57.596,603854.146,1920.568,93.485,23.652,58.569,3.952,161.073,16.228
4.197,2.43,32.195,32.195,57.591,603854.146,1920.568,93.5,23.673,58.587,3.95,161.13,16.227
4.197,2.43,32.203,32.203,57.587,603854.146,1920.568,93.515,23.694,58.605,3.947,161.186,16.226
4.197,2.43,32.212,32.212,57.582,603854.146,1920.568,93.53,23.715,58.623,3.944,161.243,16.224
4.197,2.43,32.221,32.221,57.577,603854.146,1920.568,93.545,23.736,58.641,3.941,161.3,16.223
4.197,2.43,32.229,32.229,57.572,603854.146,1920.568,93.56,23.757,58.659,3.938,161.356,16.221
4.197,2.43,32.238,32.238,57.567,603854.146,1920.568,93.575,23.777,58.676,3.935,161.413,16.22
4.197,2.43,32.247,32.247,57.563,603854.146,1920.568,93.59,23.798,58.694,3.933,161.469,16.219
4.197,2.43,32.255,32.255,57.558,603854.146,1920.568,93.605,23.819,58.712,3.93,161.526,16.217
4.197,2.43,32.264,32.264,57.553,603854.146,1920.568,93.62,23.84,58.73,3.927,161.583,16.216
4.197,2.43,32.273,32.273,57.548,603854.146,1920.568,93.635,23.861,58.748,3.924,161.639,16.215
4.197,2.43,32.281,32.281,57.543,603854.146,1920.568,93.65,23.882,58.766,3.921,161.696,16.213
4.197,2.43,32.29,32.29,57.539,603854.146,1920.568,93.665,23.902,58.784,3.919,161.752,16.212
4.197,2.43,32.299,32.299,57.534,603854.146,1920.568,93.68,23.923,58.802,3.916,161.809,16.211
4.197,2.43,32.307,32.307,57.529,603854.146,1920.568,93.695,23.944,58.82,3.913,161.865,16.209
4.197,2.43,32.316,32.316,57.524,603854.146,1920.568,93.71,23.965,58.838,3.91,161.922,16.208
4.197,2.43,32.325,32.325,57.519,603854.146,1920.568,93.725,23.986,58.856,3.908,161.979,16.207
4.197,2.43,32.333,32.333,57.515,603854.146,1920.568,93.74,24.007,58.874,3.905,162.035,16.205
4.197,2.43,32.342,32.342,57.51,603854.146,1920.568,93.755,24.027,58.891,3.902,162.092,16.204
4.197,2.43,32.35,32.35,57.505,603854.146,1920.568,93.77,24.048,58.909,3.899,162.148,16.203
4.197,2.43,32.359,32.359,57.5,603854.146,1920.568,93.785,24.069,58.927,3.897,162.205,16.201
4.197,2.43,32.368,32.368,57.495,603854.146,1920.568,93.8,24.09,58.945,3.894,162.261,16.2
4.197,2.43,32.376,32.376,57.49,603854.146,1920.568,93.815,24.111,58.963,3.891,162.318,16.198
4.197,2.43,32.385,32.385,57.486,603854.146,1920.568,93.83,24.132,58.981,3.888,162.374,16.197
4.197,2.43,32.394,32.394,57.481,603854.146,1920.568,93.845,24.152,58.999,3.886,162.431,16.196
4.197,2.43,32.402,32.402,57.476,603854.146,1920.568,93.86,24.173,59.017,3.883,162.488,16.194
4.197,2.43,32.411,32.411,57.471,603854.146,1920.568,93.875,24.194,59.035,3.88,162.544,16.193
4.197,2.43,32.42,32.42,57.466,603854.146,1920.568,93.89,24.215,59.053,3.877,162.601,16.192
4.197,2.43,32.428,32.428,57.461,603854.146,1920.568,93.905,24.236,59.071,3.875,162.657,16.19
4.197,2.43,32.437,32.437,57.456,603854.146,1920.568,93.92,24.257,59.088,3.872,162.714,16.189
4.197,2.43,32.446,32.446,57.452,603854.146,1920.568,93.935,24.278,59.106,3.869,162.77,16.188
4.197,2.43,32.454,32.454,57.447,603854.146,1920.568,93.95,24.298,59.124,3.867,162.827,16.186
4.197,2.43,32.463,32.463,57.442,603854.146,1920.568,93.965,24.319,59.142,3.864,162.883,16.185
4.197,2.43,32.471,32.471,57.437,603854.146,1920.568,93.98,24.34,59.16,3.861,162.94,16.183
4.197,2.43,32.48,32.48,57.432,603854.146,1920.568,93.995,24.361,59.178,3.858,162.996,16.182
4.197,2.43,32.489,32.489,57.427,603854.146,1920.568,94.01,24.382,59.196,3.856,163.053,16.181
4.197,2.43,32.497,32.497,57.422,603854.146,1920.568,94.025,24.403,59.214,3.853,163.109,16.179
4.197,2.43,32.506,32.506,57.418,603854.146,1920.568,94.04,24.423,59.232,3.85,163.166,16.178
4.197,2.43,32.515,32.515,57.413,603854.146,1920.568,94.055,24.444,59.249,3.848,163.222,16.177
4.197,2.43,32.523,32.523,57.408,603854.146,1920.568,94.07,24.465,59.267,3.845,163.279,16.175
4.197,2.43,32.532,32.532,57.403,603854.146,1920.568,94.085,24.486,59.285,3.842,163.335,16.174
4.197,2.43,32.541,32.541,57.398,603854.146,1920.568,94.099,24.507,59.303,3.84,163.392,16.172
4.197,2.43,32.549,32.549,57.393,603854.146,1920.568,94.114,24.528,59.321,3.837,163.448,16.171
4.197,2.43,32.558,32.558,57.388,603854.146,1920.568,94.129,24.549,59.339,3.834,163.505,16.17
4.197,2.43,32.566,32.566,57.383,603854.146,1920.568,94.144,24.569,59.357,3.832,163.561,16.168
4.197,2.43,32.575,32.575,57.378,603854.146,1920.568,94.159,24.59,59.375,3.829,163.618,16.167
4.197,2.43,32.584,32.584,57.374,603854.146,1920.568,94.174,24.611,59.393,3.826,163.674,16.166
4.197,2.43,32.592,32.592,57.369,603854.146,1920.568,94.189,24.632,59.41,3.824,163.731,16.164
4.197,2.43,32.601,32.601,57.364,603854.146,1920.568,94.204,24.653,59.428,3.821,163.787,16.163
4.197,2.43,32.61,32.61,57.359,603854.146,1920.568,94.219,24.674,59.446,3.819,163.843,16.161
4.197,2.43,32.618,32.618,57.354,603854.146,1920.568,94.234,24.694,59.464,3.816,163.9,16.16
4.197,2.43,32.627,32.627,57.349,603854.146,1920.568,94.249,24.715,59.482,3.813,163.956,16.159
4.197,2.43,32.636,32.636,57.344,603854.146,1920.568,94.263,24.736,59.5,3.811,164.013,16.157
4.197,2.43,32.644,32.644,57.339,603854.146,1920.568,94.278,24.757,59.518,3.808,164.069,16.156
4.197,2.43,32.653,32.653,57.334,603854.146,1920.568,94.293,24.778,59.536,3.806,164.126,16.154
4.197,2.43,32.661,32.661,57.329,603854.146,1920.568,94.308,24.799,59.553,3.803,164.182,16.153
4.197,2.43,32.67,32.67,57.324,603854.146,1920.568,94.323,24.82,59.571,3.8,164.239,16.152
4.197,2.43,32.679,32.679,57.319,603854.146,1920.568,94.338,24.84,59.589,3.798,164.295,16.15
4.197,2.43,32.687,32.687,57.315,603854.146,1920.568,94.353,24.861,59.607,3.795,164.351,16.149
4.197,2.43,32.696,32.696,57.31,603854.146,1920.568,94.368,24.882,59.625,3.793,164.408,16.147
4.197,2.43,32.705,32.705,57.305,603854.146,1920.568,94.382,24.903,59.643,3.79,164.464,16.146
4.197,2.43,32.713,32.713,57.3,603854.146,1920.568,94.397,24.924,59.661,3.787,164.521,16.145
4.197,2.43,32.722,32.722,57.295,603854.146,1920.568,94.412,24.945,59.678,3.785,164.577,16.143
4.197,2.43,32.73,32.73,57.29,603854.146,1920.568,94.427,24.966,59.696,3.782,164.633,16.142
4.197,2.43,32.739,32.739,57.285,603854.146,1920.568,94.442,24.987,59.714,3.78,164.69,16.141
4.197,2.43,32.748,32.748,57.28,603854.146,1920.568,94.457,25.007,59.732,3.777,164.746,16.139
4.197,2.43,32.756,32.756,57.275,603854.146,1920.568,94.472,25.028,59.75,3.775,164.803,16.138
4.197,2.43,32.765,32.765,57.27,603854.146,1920.568,94.486,25.049,59.768,3.772,164.859,16.136
4.197,2.43,32.774,32.774,57.265,603854.146,1920.568,94.501,25.07,59.786,3.769,164.915,16.135
4.197,2.43,32.782,32.782,57.26,603854.146,1920.568,94.516,25.091,59.803,3.767,164.972,16.134
4.197,2.43,32.791,32.791,57.255,603854.146,1920.568,94.531,25.112,59.821,3.764,165.028,16.132
4.197,2.43,32.799,32.799,57.25,603854.146,1920.568,94.546,25.133,59.839,3.762,165.084,16.131
4.197,2.43,32.808,32.808,57.245,603854.146,1920.568,94.561,25.153,59.857,3.759,165.141,16.129
4.197,2.43,32.817,32.817,57.24,603854.146,1920.568,94.575,25.174,59.875,3.757,165.197,16.128
4.197,2.43,32.825,32.825,57.235,603854.146,1920.568,94.59,25.195,59.893,3.754,165.254,16.126
4.197,2.43,32.834,32.834,57.23,603854.146,1920.568,94.605,25.216,59.911,3.752,165.31,16.125
4.197,2.43,32.842,32.842,57.225,603854.146,1920.568,94.62,25.237,59.928,3.749,165.366,16.124
4.197,2.43,32.851,32.851,57.22,603854.146,1920.568,94.635,25.258,59.946,3.747,165.423,16.122
4.197,2.43,32.86,32.86,57.215,603854.146,1920.568,94.65,25.279,59.964,3.744,165.479,16.121
4.197,2.43,32.868,32.868,57.21,603854.146,1920.568,94.664,25.3,59.982,3.742,165.535,16.119
4.197,2.43,32.877,32.877,57.205,603854.146,1920.568,94.679,25.32,60.0,3.739,165.592,16.118
4.197,2.43,32.886,32.886,57.2,603854.146,1920.568,94.694,25.341,60.018,3.737,165.648,16.117
4.197,2.43,32.894,32.894,57.195,603854.146,1920.568,94.709,25.362,60.035,3.734,165.704,16.115
4.197,2.43,32.903,32.903,57.19,603854.146,1920.568,94.723,25.383,60.053,3.732,165.761,16.114
4.197,2.43,32.911,32.911,57.185,603854.146,1920.568,94.738,25.404,60.071,3.729,165.817,16.112
4.197,2.43,32.92,32.92,57.18,603854.146,1920.568,94.753,25.425,60.089,3.727,165.873,16.111
4.197,2.43,32.929,32.929,57.175,603854.146,1920.568,94.768,25.446,60.107,3.724,165.929,16.11
4.197,2.43,32.937,32.937,57.17,603854.146,1920.568,94.783,25.467,60.125,3.722,165.986,16.108
4.197,2.43,32.946,32.946,57.165,603854.146,1920.568,94.797,25.488,60.142,3.719,166.042,16.107
4.197,2.43,32.954,32.954,57.16,603854.146,1920.568,94.812,25.508,60.16,3.717,166.098,16.105
4.197,2.43,32.963,32.963,57.155,603854.146,1920.568,94.827,25.529,60.178,3.714,166.155,16.104
4.197,2.43,32.972,32.972,57.15,603854.146,1920.568,94.842,25.55,60.196,3.712,166.211,16.102
4.197,2.43,32.98,32.98,57.145,603854.146,1920.568,94.856,25.571,60.214,3.71,166.267,16.101
4.197,2.43,32.989,32.989,57.14,603854.146,1920.568,94.871,25.592,60.232,3.707,166.323,16.1
4.197,2.43,32.997,32.997,57.134,603854.146,1920.568,94.886,25.613,60.249,3.705,166.38,16.098
4.197,2.43,33.006,33.006,57.129,603854.146,1920.568,94.901,25.634,60.267,3.702,166.436,16.097
4.197,2.43,33.015,33.015,57.124,603854.146,1920.568,94.915,25.655,60.285,3.7,166.492,16.095
4.197,2.43,33.023,33.023,57.119,603854.146,1920.568,94.93,25.675,60.303,3.697,166.548,16.094
4.197,2.43,33.032,33.032,57.114,603854.146,1920.568,94.945,25.696,60.321,3.695,166.605,16.092
4.197,2.43,33.04,33.04,57.109,603854.146,1920.568,94.96,25.717,60.338,3.692,166.661,16.091
4.197,2.43,33.049,33.049,57.104,603854.146,1920.568,94.974,25.738,60.356,3.69,166.717,16.09
4.197,2.43,33.058,33.058,57.099,603854.146,1920.568,94.989,25.759,60.374,3.688,166.773,16.088
4.197,2.43,33.066,33.066,57.094,603854.146,1920.568,95.004,25.78,60.392,3.685,166.83,16.087
4.197,2.43,33.075,33.075,57.089,603854.146,1920.568,95.018,25.801,60.41,3.683,166.886,16.085
4.197,2.43,33.083,33.083,57.084,603854.146,1920.568,95.033,25.822,60.427,3.68,166.942,16.084
4.197,2.43,33.092,33.092,57.079,603854.146,1920.568,95.048,25.843,60.445,3.678,166.998,16.082
4.197,2.43,33.101,33.101,57.073,603854.146,1920.568,95.063,25.864,60.463,3.676,167.055,16.081
4.197,2.43,33.109,33.109,57.068,603854.146,1920.568,95.077,25.884,60.481,3.673,167.111,16.08
4.197,2.43,33.118,33.118,57.063,603854.146,1920.568,95.092,25.905,60.499,3.671,167.167,16.078
4.197,2.43,33.126,33.126,57.058,603854.146,1920.568,95.107,25.926,60.516,3.668,167.223,16.077
4.197,2.43,33.135,33.135,57.053,603854.146,1920.568,95.121,25.947,60.534,3.666,167.279,16.075
4.197,2.43,33.144,33.144,57.048,603854.146,1920.568,95.136,25.968,60.552,3.664,167.335,16.074
4.197,2.43,33.152,33.152,57.043,603854.146,1920.568,95.151,25.989,60.57,3.661,167.392,16.072
4.197,2.43,33.161,33.161,57.038,603854.146,1920.568,95.165,26.01,60.588,3.659,167.448,16.071
4.197,2.43,33.169,33.169,57.032,603854.146,1920.568,95.18,26.031,60.605,3.656,167.504,16.069
4.197,2.43,33.178,33.178,57.027,603854.146,1920.568,95.195,26.052,60.623,3.654,167.56,16.068
4.197,2.43,33.186,33.186,57.022,603854.146,1920.568,95.209,26.073,60.641,3.652,167.616,16.066
4.197,2.43,33.195,33.195,57.017,603854.146,1920.568,95.224,26.093,60.659,3.649,167.672,16.065
4.197,2.43,33.204,33.204,57.012,603854.146,1920.568,95.239,26.114,60.677,3.647,167.729,16.064
4.197,2.43,33.212,33.212,57.007,603854.146,1920.568,95.253,26.135,60.694,3.645,167.785,16.062
4.197,2.43,33.221,33.221,57.001,603854.146,1920.568,95.268,26.156,60.712,3.642,167.841,16.061
4.197,2.43,33.229,33.229,56.996,603854.146,1920.568,95.283,26.177,60.73,3.64,167.897,16.059
4.197,2.43,33.238,33.238,56.991,603854.146,1920.568,95.297,26.198,60.748,3.638,167.953,16.058
4.197,2.43,33.247,33.247,56.986,603854.146,1920.568,95.312,26.219,60.765,3.635,168.009,16.056
4.197,2.43,33.255,33.255,56.981,603854.146,1920.568,95.326,26.24,60.783,3.633,168.065,16.055
4.197,2.43,33.264,33.264,56.975,603854.146,1920.568,95.341,26.261,60.801,3.631,168.121,16.053
4.197,2.43,33.272,33.272,56.97,603854.146,1920.568,95.356,26.282,60.819,3.628,168.178,16.052
4.197,2.43,33.281,33.281,56.965,603854.146,1920.568,95.37,26.303,60.836,3.626,168.234,16.05
4.197,2.43,33.289,33.289,56.96,603854.146,1920.568,95.385,26.324,60.854,3.624,168.29,16.049
4.197,2.43,33.298,33.298,56.955,603854.146,1920.568,95.399,26.344,60.872,3.621,168.346,16.047
4.197,2.43,33.307,33.307,56.949,603854.146,1920.568,95.414,26.365,60.89,3.619,168.402,16.046
4.197,2.43,33.315,33.315,56.944,603854.146,1920.568,95.429,26.386,60.907,3.617,168.458,16.045
4.197,2.43,33.324,33.324,56.939,603854.146,1920.568,95.443,26.407,60.925,3.614,168.514,16.043
4.197,2.43,33.332,33.332,56.934,603854.146,1920.568,95.458,26.428,60.943,3.612,168.57,16.042
4.197,2.43,33.341,33.341,56.929,603854.146,1920.568,95.472,26.449,60.961,3.61,168.626,16.04
4.197,2.43,33.349,33.349,56.923,603854.146,1920.568,95.487,26.47,60.978,3.607,168.682,16.039
4.197,2.43,33.358,33.358,56.918,603854.146,1920.568,95.502,26.491,60.996,3.605,168.738,16.037
4.197,2.43,33.367,33.367,56.913,603854.146,1920.568,95.516,26.512,61.014,3.603,168.794,16.036
4.197,2.43,33.375,33.375,56.908,603854.146,1920.568,95.531,26.533,61.032,3.6,168.85,16.034
4.197,2.43,33.384,33.384,56.902,603854.146,1920.568,95.545,26.554,61.049,3.598,168.906,16.033
4.197,2.43,33.392,33.392,56.897,603854.146,1920.568,95.56,26.575,61.067,3.596,168.962,16.031
4.197,2.43,33.401,33.401,56.892,603854.146,1920.568,95.574,26.596,61.085,3.594,169.018,16.03
4.197,2.43,33.409,33.409,56.887,603854.146,1920.568,95.589,26.616,61.103,3.591,169.074,16.028
4.197,2.43,33.418,33.418,56.881,603854.146,1920.568,95.603,26.637,61.12,3.589,169.13,16.027
4.197,2.43,33.426,33.426,56.876,603854.146,1920.568,95.618,26.658,61.138,3.587,169.186,16.025
4.197,2.43,33.435,33.435,56.871,603854.146,1920.568,95.632,26.679,61.156,3.585,169.242,16.024
4.197,2.43,33.444,33.444,56.865,603854.146,1920.568,95.647,26.7,61.174,3.582,169.298,16.022
4.197,2.43,33.452,33.452,56.86,603854.146,1920.568,95.662,26.721,61.191,3.58,169.354,16.021
4.197,2.43,33.461,33.461,56.855,603854.146,1920.568,95.676,26.742,61.209,3.578,169.41,16.019
4.197,2.43,33.469,33.469,56.85,603854.146,1920.568,95.691,26.763,61.227,3.575,169.466,16.018
4.197,2.43,33.478,33.478,56.844,603854.146,1920.568,95.705,26.784,61.244,3.573,169.522,16.016
4.197,2.43,33.486,33.486,56.839,603854.146,1920.568,95.72,26.805,61.262,3.571,169.578,16.015
4.197,2.43,33.495,33.495,56.834,603854.146,1920.568,95.734,26.826,61.28,3.569,169.634,16.013
4.197,2.43,33.503,33.503,56.828,603854.146,1920.568,95.749,26.847,61.298,3.566,169.69,16.012
4.197,2.43,33.512,33.512,56.823,603854.146,1920.568,95.763,26.868,61.315,3.564,169.746,16.01
4.197,2.43,33.521,33.521,56.818,603854.146,1920.568,95.777,26.889,61.333,3.562,169.802,16.009
4.197,2.43,33.529,33.529,56.812,603854.146,1920.568,95.792,26.91,61.351,3.56,169.858,16.007
4.197,2.43,33.538,33.538,56.807,603854.146,1920.568,95.806,26.93,61.368,3.558,169.914,16.006
4.197,2.43,33.546,33.546,56.802,603854.146,1920.568,95.821,26.951,61.386,3.555,169.97,16.004
4.197,2.43,33.555,33.555,56.796,603854.146,1920.568,95.835,26.972,61.404,3.553,170.025,16.003
4.197,2.43,33.563,33.563,56.791,603854.146,1920.568,95.85,26.993,61.422,3.551,170.081,16.001
4.197,2.43,33.572,33.572,56.786,603854.146,1920.568,95.864,27.014,61.439,3.549,170.137,16.0
4.197,2.43,33.58,33.58,56.78,603854.146,1920.568,95.879,27.035,61.457,3.546,170.193,15.998
4.197,2.43,33.589,33.589,56.775,603854.146,1920.568,95.893,27.056,61.475,3.544,170.249,15.997
4.197,2.43,33.597,33.597,56.769,603854.146,1920.568,95.908,27.077,61.492,3.542,170.305,15.995
4.197,2.43,33.606,33.606,56.764,603854.146,1920.568,95.922,27.098,61.51,3.54,170.361,15.994
4.197,2.43,33.615,33.615,56.759,603854.146,1920.568,95.936,27.119,61.528,3.538,170.417,15.992
4.197,2.43,33.623,33.623,56.753,603854.146,1920.568,95.951,27.14,61.545,3.535,170.472,15.991
4.197,2.43,33.632,33.632,56.748,603854.146,1920.568,95.965,27.161,61.563,3.533,170.528,15.989
4.197,2.43,33.64,33.64,56.742,603854.146,1920.568,95.98,27.182,61.581,3.531,170.584,15.988
4.197,2.43,33.649,33.649,56.737,603854.146,1920.568,95.994,27.203,61.598,3.529,170.64,15.986
4.197,2.43,33.657,33.657,56.732,603854.146,1920.568,96.008,27.224,61.616,3.527,170.696,15.985
4.197,2.43,33.666,33.666,56.726,603854.146,1920.568,96.023,27.245,61.634,3.524,170.752,15.983
4.197,2.43,33.674,33.674,56.721,603854.146,1920.568,96.037,27.266,61.651,3.522,170.807,15.982
4.197,2.43,33.683,33.683,56.715,603854.146,1920.568,96.052,27.287,61.669,3.52,170.863,15.98
4.197,2.43,33.691,33.691,56.71,603854.146,1920.568,96.066,27.308,61.687,3.518,170.919,15.979
4.197,2.43,33.7,33.7,56.705,603854.146,1920.568,96.08,27.329,61.704,3.516,170.975,15.977
4.197,2.43,33.708,33.708,56.699,603854.146,1920.568,96.095,27.35,61.722,3.514,171.031,15.975
4.197,2.43,33.717,33.717,56.694,603854.146,1920.568,96.109,27.371,61.74,3.511,171.086,15.974
4.197,2.43,33.725,33.725,56.688,603854.146,1920.568,96.123,27.391,61.757,3.509,171.142,15.972
4.197,2.43,33.734,33.734,56.683,603854.146,1920.568,96.138,27.412,61.775,3.507,171.198,15.971
4.197,2.43,33.743,33.743,56.677,603854.146,1920.568,96.152,27.433,61.793,3.505,171.254,15.969
4.197,2.43,33.751,33.751,56.672,603854.146,1920.568,96.166,27.454,61.81,3.503,171.309,15.968
4.197,2.43,33.76,33.76,56.666,603854.146,1920.568,96.181,27.475,61.828,3.501,171.365,15.966
4.197,2.43,33.768,33.768,56.661,603854.146,1920.568,96.195,27.496,61.846,3.498,171.421,15.965
4.197,2.43,33.777,33.777,56.655,603854.146,1920.568,96.209,27.517,61.863,3.496,171.477,15.963
4.197,2.43,33.785,33.785,56.65,603854.146,1920.568,96.224,27.538,61.881,3.494,171.532,15.962
4.197,2.43,33.794,33.794,56.644,603854.146,1920.568,96.238,27.559,61.899,3.492,171.588,15.96
4.197,2.43,33.802,33.802,56.639,603854.146,1920.568,96.252,27.58,61.916,3.49,171.644,15.959
4.197,2.43,33.811,33.811,56.633,603854.146,1920.568,96.267,27.601,61.934,3.488,171.699,15.957
4.197,2.43,33.819,33.819,56.628,603854.146,1920.568,96.281,27.622,61.952,3.486,171.755,15.955
4.197,2.43,33.828,33.828,56.622,603854.146,1920.568,96.295,27.643,61.969,3.484,171.811,15.954
4.197,2.43,33.836,33.836,56.617,603854.146,1920.568,96.31,27.664,61.987,3.481,171.866,15.952
4.197,2.43,33.845,33.845,56.611,603854.146,1920.568,96.324,27.685,62.004,3.479,171.922,15.951
4.197,2.43,33.853,33.853,56.606,603854.146,1920.568,96.338,27.706,62.022,3.477,171.978,15.949
4.197,2.43,33.862,33.862,56.6,603854.146,1920.568,96.352,27.727,62.04,3.475,172.033,15.948
4.197,2.43,33.87,33.87,56.595,603854.146,1920.568,96.367,27.748,62.057,3.473,172.089,15.946
4.197,2.43,33.879,33.879,56.589,603854.146,1920.568,96.381,27.769,62.075,3.471,172.145,15.945
4.197,2.43,33.887,33.887,56.584,603854.146,1920.568,96.395,27.79,62.093,3.469,172.2,15.943
4.197,2.43,33.896,33.896,56.578,603854.146,1920.568,96.409,27.811,62.11,3.467,172.256,15.941
4.197,2.43,33.904,33.904,56.573,603854.146,1920.568,96.424,27.832,62.128,3.464,172.312,15.94
4.197,2.43,33.913,33.913,56.567,603854.146,1920.568,96.438,27.853,62.145,3.462,172.367,15.938
4.197,2.43,33.921,33.921,56.561,603854.146,1920.568,96.452,27.874,62.163,3.46,172.423,15.937
4.197,2.43,33.93,33.93,56.556,603854.146,1920.568,96.466,27.895,62.181,3.458,172.478,15.935
4.197,2.43,33.938,33.938,56.55,603854.146,1920.568,96.481,27.916,62.198,3.456,172.534,15.934
4.197,2.43,33.947,33.947,56.545,603854.146,1920.568,96.495,27.937,62.216,3.454,172.589,15.932
4.197,2.43,33.955,33.955,56.539,603854.146,1920.568,96.509,27.958,62.233,3.452,172.645,15.93
4.197,2.43,33.964,33.964,56.533,603854.146,1920.568,96.523,27.979,62.251,3.45,172.701,15.929
4.197,2.43,33.972,33.972,56.528,603854.146,1920.568,96.537,28.0,62.269,3.448,172.756,15.927
4.197,2.43,33.981,33.981,56.522,603854.146,1920.568,96.552,28.021,62.286,3.446,172.812,15.926
4.197,2.43,33.989,33.989,56.517,603854.146,1920.568,96.566,28.042,62.304,3.444,172.867,15.924
4.197,2.43,33.998,33.998,56.511,603854.146,1920.568,96.58,28.063,62.321,3.442,172.923,15.922
4.197,2.43,34.006,34.006,56.505,603854.146,1920.568,96.594,28.084,62.339,3.439,172.978,15.921
4.197,2.43,34.015,34.015,56.5,603854.146,1920.568,96.608,28.105,62.357,3.437,173.034,15.919
4.197,2.43,34.023,34.023,56.494,603854.146,1920.568,96.622,28.126,62.374,3.435,173.089,15.918
4.197,2.43,34.032,34.032,56.488,603854.146,1920.568,96.637,28.147,62.392,3.433,173.145,15.916
4.197,2.43,34.04,34.04,56.483,603854.146,1920.568,96.651,28.168,62.409,3.431,173.2,15.915
4.197,2.43,34.049,34.049,56.477,603854.146,1920.568,96.665,28.189,62.427,3.429,173.256,15.913
4.197,2.43,34.057,34.057,56.471,603854.146,1920.568,96.679,28.21,62.444,3.427,173.311,15.911
4.197,2.43,34.066,34.066,56.466,603854.146,1920.568,96.693,28.231,62.462,3.425,173.367,15.91
4.197,2.43,34.074,34.074,56.46,603854.146,1920.568,96.707,28.252,62.48,3.423,173.422,15.908
4.197,2.43,34.083,34.083,56.454,603854.146,1920.568,96.721,28.273,62.497,3.421,173.478,15.907
4.197,2.43,34.091,34.091,56.449,603854.146,1920.568,96.735,28.294,62.515,3.419,173.533,15.905
4.197,2.43,34.099,34.099,56.443,603854.146,1920.568,96.75,28.315,62.532,3.417,173.589,15.903
4.197,2.43,34.108,34.108,56.437,603854.146,1920.568,96.764,28.336,62.55,3.415,173.644,15.902
4.197,2.43,34.116,34.116,56.432,603854.146,1920.568,96.778,28.357,62.567,3.413,173.699,15.9
4.197,2.43,34.125,34.125,56.426,603854.146,1920.568,96.792,28.378,62.585,3.411,173.755,15.899
4.197,2.43,34.133,34.133,56.42,603854.146,1920.568,96.806,28.399,62.602,3.409,173.81,15.897
4.197,2.43,34.142,34.142,56.414,603854.146,1920.568,96.82,28.42,62.62,3.407,173.866,15.895
4.197,2.43,34.15,34.15,56.409,603854.146,1920.568,96.834,28.441,62.637,3.405,173.921,15.894
4.197,2.43,34.159,34.159,56.403,603854.146,1920.568,96.848,28.462,62.655,3.403,173.976,15.892
4.197,2.43,34.167,34.167,56.397,603854.146,1920.568,96.862,28.483,62.673,3.401,174.032,15.89
4.197,2.43,34.176,34.176,56.392,603854.146,1920.568,96.876,28.504,62.69,3.399,174.087,15.889
4.197,2.43,34.184,34.184,56.386,603854.146,1920.568,96.89,28.525,62.708,3.397,174.142,15.887
4.197,2.43,34.193,34.193,56.38,603854.146,1920.568,96.904,28.546,62.725,3.395,174.198,15.886
4.197,2.43,34.201,34.201,56.374,603854.146,1920.568,96.918,28.567,62.743,3.393,174.253,15.884
4.197,2.43,34.21,34.21,56.369,603854.146,1920.568,96.932,28.588,62.76,3.391,174.309,15.882
4.197,2.43,34.218,34.218,56.363,603854.146,1920.568,96.946,28.609,62.778,3.389,174.364,15.881
4.197,2.43,34.226,34.226,56.357,603854.146,1920.568,96.96,28.63,62.795,3.387,174.419,15.879
4.197,2.43,34.235,34.235,56.351,603854.146,1920.568,96.974,28.651,62.813,3.385,174.474,15.877
4.197,2.43,34.243,34.243,56.345,603854.146,1920.568,96.988,28.672,62.83,3.383,174.53,15.876
4.197,2.43,34.252,34.252,56.34,603854.146,1920.568,97.002,28.693,62.848,3.381,174.585,15.874
4.197,2.43,34.26,34.26,56.334,603854.146,1920.568,97.016,28.714,62.865,3.379,174.64,15.873
4.197,2.43,34.269,34.269,56.328,603854.146,1920.568,97.03,28.735,62.883,3.377,174.696,15.871
4.197,2.43,34.277,34.277,56.322,603854.146,1920.568,97.044,28.756,62.9,3.375,174.751,15.869
4.197,2.43,34.286,34.286,56.316,603854.146,1920.568,97.058,28.777,62.918,3.373,174.806,15.868
4.197,2.43,34.294,34.294,56.311,603854.146,1920.568,97.072,28.798,62.935,3.371,174.861,15.866
4.197,2.43,34.303,34.303,56.305,603854.146,1920.568,97.086,28.819,62.953,3.369,174.917,15.864
4.197,2.43,34.311,34.311,56.299,603854.146,1920.568,97.1,28.84,62.97,3.367,174.972,15.863
4.197,2.43,34.319,34.319,56.293,603854.146,1920.568,97.114,28.861,62.988,3.365,175.027,15.861
4.197,2.43,34.328,34.328,56.287,603854.146,1920.568,97.128,28.882,63.005,3.363,175.082,15.859
4.197,2.43,34.336,34.336,56.281,603854.146,1920.568,97.142,28.903,63.023,3.361,175.137,15.858
4.197,2.43,34.345,34.345,56.275,603854.146,1920.568,97.156,28.924,63.04,3.359,175.193,15.856
4.197,2.43,34.353,34.353,56.27,603854.146,1920.568,97.17,28.945,63.058,3.357,175.248,15.854
4.197,2.43,34.362,34.362,56.264,603854.146,1920.568,97.184,28.967,63.075,3.355,175.303,15.853
4.197,2.43,34.37,34.37,56.258,603854.146,1920.568,97.198,28.988,63.093,3.353,175.358,15.851
4.197,2.43,34.378,34.378,56.252,603854.146,1920.568,97.212,29.009,63.11,3.351,175.413,15.849
4.197,2.43,34.387,34.387,56.246,603854.146,1920.568,97.225,29.03,63.128,3.349,175.468,15.848
4.197,2.43,34.395,34.395,56.24,603854.146,1920.568,97.239,29.051,63.145,3.347,175.524,15.846
4.197,2.43,34.404,34.404,56.234,603854.146,1920.568,97.253,29.072,63.162,3.345,175.579,15.844
4.197,2.43,34.412,34.412,56.228,603854.146,1920.568,97.267,29.093,63.18,3.343,175.634,15.843
4.197,2.43,34.421,34.421,56.222,603854.146,1920.568,97.281,29.114,63.197,3.341,175.689,15.841
4.197,2.43,34.429,34.429,56.216,603854.146,1920.568,97.295,29.135,63.215,3.339,175.744,15.839
4.197,2.43,34.437,34.437,56.21,603854.146,1920.568,97.309,29.156,63.232,3.338,175.799,15.838
4.197,2.43,34.446,34.446,56.205,603854.146,1920.568,97.322,29.177,63.25,3.336,175.854,15.836
4.197,2.43,34.454,34.454,56.199,603854.146,1920.568,97.336,29.198,63.267,3.334,175.909,15.834
4.197,2.43,34.463,34.463,56.193,603854.146,1920.568,97.35,29.219,63.285,3.332,175.964,15.833
4.197,2.43,34.471,34.471,56.187,603854.146,1920.568,97.364,29.24,63.302,3.33,176.02,15.831
4.197,2.43,34.48,34.48,56.181,603854.146,1920.568,97.378,29.261,63.319,3.328,176.075,15.829
4.197,2.43,34.488,34.488,56.175,603854.146,1920.568,97.392,29.282,63.337,3.326,176.13,15.828
4.197,2.43,34.496,34.496,56.169,603854.146,1920.568,97.405,29.303,63.354,3.324,176.185,15.826
4.197,2.43,34.505,34.505,56.163,603854.146,1920.568,97.419,29.324,63.372,3.322,176.24,15.824
4.197,2.43,34.513,34.513,56.157,603854.146,1920.568,97.433,29.345,63.389,3.32,176.295,15.823
4.197,2.43,34.522,34.522,56.151,603854.146,1920.568,97.447,29.366,63.407,3.318,176.35,15.821
4.197,2.43,34.53,34.53,56.145,603854.146,1920.568,97.461,29.387,63.424,3.316,176.405,15.819
4.197,2.43,34.538,34.538,56.139,603854.146,1920.568,97.474,29.408,63.441,3.314,176.46,15.818
4.197,2.43,34.547,34.547,56.133,603854.146,1920.568,97.488,29.43,63.459,3.313,176.515,15.816
4.197,2.43,34.555,34.555,56.127,603854.146,1920.568,97.502,29.451,63.476,3.311,176.57,15.814
4.197,2.43,34.564,34.564,56.121,603854.146,1920.568,97.516,29.472,63.494,3.309,176.625,15.813
4.197,2.43,34.572,34.572,56.115,603854.146,1920.568,97.529,29.493,63.511,3.307,176.68,15.811
4.197,2.43,34.58,34.58,56.109,603854.146,1920.568,97.543,29.514,63.528,3.305,176.734,15.809
4.197,2.43,34.589,34.589,56.103,603854.146,1920.568,97.557,29.535,63.546,3.303,176.789,15.807
4.197,2.43,34.597,34.597,56.097,603854.146,1920.568,97.571,29.556,63.563,3.301,176.844,15.806
4.197,2.43,34.606,34.606,56.091,603854.146,1920.568,97.584,29.577,63.581,3.299,176.899,15.804
4.197,2.43,34.614,34.614,56.084,603854.146,1920.568,97.598,29.598,63.598,3.297,176.954,15.802
4.197,2.43,34.622,34.622,56.078,603854.146,1920.568,97.612,29.619,63.615,3.296,177.009,15.801
4.197,2.43,34.631,34.631,56.072,603854.146,1920.568,97.625,29.64,63.633,3.294,177.064,15.799
4.197,2.43,34.639,34.639,56.066,603854.146,1920.568,97.639,29.661,63.65,3.292,177.119,15.797
4.197,2.43,34.648,34.648,56.06,603854.146,1920.568,97.653,29.682,63.668,3.29,177.174,15.795
4.197,2.43,34.656,34.656,56.054,603854.146,1920.568,97.666,29.703,63.685,3.288,177.228,15.794
4.197,2.43,34.664,34.664,56.048,603854.146,1920.568,97.68,29.724,63.702,3.286,177.283,15.792
4.197,2.43,34.673,34.673,56.042,603854.146,1920.568,97.694,29.745,63.72,3.284,177.338,15.79
4.197,2.43,34.681,34.681,56.036,603854.146,1920.568,97.707,29.767,63.737,3.282,177.393,15.789
4.197,2.43,34.689,34.689,56.03,603854.146,1920.568,97.721,29.788,63.754,3.281,177.448,15.787
4.197,2.43,34.698,34.698,56.023,603854.146,1920.568,97.735,29.809,63.772,3.279,177.503,15.785
4.197,2.43,34.706,34.706,56.017,603854.146,1920.568,97.748,29.83,63.789,3.277,177.557,15.783
4.197,2.43,34.715,34.715,56.011,603854.146,1920.568,97.762,29.851,63.806,3.275,177.612,15.782
4.197,2.43,34.723,34.723,56.005,603854.146,1920.568,97.776,29.872,63.824,3.273,177.667,15.78
4.197,2.43,34.731,34.731,55.999,603854.146,1920.568,97.789,29.893,63.841,3.271,177.722,15.778
4.197,2.43,34.74,34.74,55.993,603854.146,1920.568,97.803,29.914,63.858,3.269,177.776,15.776
4.197,2.43,34.748,34.748,55.987,603854.146,1920.568,97.816,29.935,63.876,3.268,177.831,15.775
4.197,2.43,34.756,34.756,55.98,603854.146,1920.568,97.83,29.956,63.893,3.266,177.886,15.773
4.197,2.43,34.765,34.765,55.974,603854.146,1920.568,97.844,29.977,63.91,3.264,177.941,15.771
4.197,2.43,34.773,34.773,55.968,603854.146,1920.568,97.857,29.998,63.928,3.262,177.995,15.769
4.197,2.43,34.782,34.782,55.962,603854.146,1920.568,97.871,30.019,63.945,3.26,178.05,15.768
4.197,2.43,34.79,34.79,55.956,603854.146,1920.568,97.884,30.041,63.962,3.258,178.105,15.766
4.197,2.43,34.798,34.798,55.949,603854.146,1920.568,97.898,30.062,63.98,3.257,178.159,15.764
4.197,2.43,34.807,34.807,55.943,603854.146,1920.568,97.911,30.083,63.997,3.255,178.214,15.762
4.197,2.43,34.815,34.815,55.937,603854.146,1920.568,97.925,30.104,64.014,3.253,178.269,15.761
4.197,2.43,34.823,34.823,55.931,603854.146,1920.568,97.938,30.125,64.032,3.251,178.323,15.759
4.197,2.43,34.832,34.832,55.924,603854.146,1920.568,97.952,30.146,64.049,3.249,178.378,15.757
4.197,2.43,34.84,34.84,55.918,603854.146,1920.568,97.965,30.167,64.066,3.247,178.433,15.755
4.197,2.43,34.848,34.848,55.912,603854.146,1920.568,97.979,30.188,64.084,3.246,178.487,15.754
4.197,2.43,34.857,34.857,55.906,603854.146,1920.568,97.992,30.209,64.101,3.244,178.542,15.752
4.197,2.43,34.865,34.865,55.899,603854.146,1920.568,98.006,30.23,64.118,3.242,178.597,15.75
4.197,2.43,34.873,34.873,55.893,603854.146,1920.568,98.019,30.251,64.135,3.24,178.651,15.748
4.197,2.43,34.882,34.882,55.887,603854.146,1920.568,98.033,30.272,64.153,3.238,178.706,15.747
4.197,2.43,34.89,34.89,55.881,603854.146,1920.568,98.046,30.294,64.17,3.237,178.76,15.745
4.197,2.43,34.898,34.898,55.874,603854.146,1920.568,98.06,30.315,64.187,3.235,178.815,15.743
4.197,2.43,34.907,34.907,55.868,603854.146,1920.568,98.073,30.336,64.205,3.233,178.869,15.741
4.197,2.43,34.915,34.915,55.862,603854.146,1920.568,98.087,30.357,64.222,3.231,178.924,15.74
4.197,2.43,34.924,34.924,55.855,603854.146,1920.568,98.1,30.378,64.239,3.229,178.979,15.738
4.197,2.43,34.932,34.932,55.849,603854.146,1920.568,98.114,30.399,64.256,3.228,179.033,15.736
4.197,2.43,34.94,34.94,55.843,603854.146,1920.568,98.127,30.42,64.274,3.226,179.088,15.734
4.197,2.43,34.949,34.949,55.836,603854.146,1920.568,98.141,30.441,64.291,3.224,179.142,15.732
4.197,2.43,34.957,34.957,55.83,603854.146,1920.568,98.154,30.462,64.308,3.222,179.197,15.731
4.197,2.43,34.965,34.965,55.824,603854.146,1920.568,98.167,30.483,64.325,3.22,179.251,15.729
4.197,2.43,34.973,34.973,55.817,603854.146,1920.568,98.181,30.505,64.343,3.219,179.306,15.727
4.197,2.43,34.982,34.982,55.811,603854.146,1920.568,98.194,30.526,64.36,3.217,179.36,15.725
4.197,2.43,34.99,34.99,55.805,603854.146,1920.568,98.207,30.547,64.377,3.215,179.414,15.723
4.197,2.43,34.998,34.998,55.798,603854.146,1920.568,98.221,30.568,64.394,3.213,179.469,15.722
4.197,2.43,35.007,35.007,55.792,603854.146,1920.568,98.234,30.589,64.412,3.211,179.523,15.72
4.197,2.43,35.015,35.015,55.786,603854.146,1920.568,98.248,30.61,64.429,3.21,179.578,15.718
4.197,2.43,35.023,35.023,55.779,603854.146,1920.568,98.261,30.631,64.446,3.208,179.632,15.716
4.197,2.43,35.032,35.032,55.773,603854.146,1920.568,98.274,30.652,64.463,3.206,179.687,15.714
4.197,2.43,35.04,35.04,55.766,603854.146,1920.568,98.288,30.673,64.48,3.204,179.741,15.713
4.197,2.43,35.048,35.048,55.76,603854.146,1920.568,98.301,30.694,64.498,3.203,179.795,15.711
4.197,2.43,35.057,35.057,55.754,603854.146,1920.568,98.314,30.716,64.515,3.201,179.85,15.709
4.197,2.43,35.065,35.065,55.747,603854.146,1920.568,98.328,30.737,64.532,3.199,179.904,15.707
4.197,2.43,35.073,35.073,55.741,603854.146,1920.568,98.341,30.758,64.549,3.197,179.958,15.705
4.197,2.43,35.082,35.082,55.734,603854.146,1920.568,98.354,30.779,64.567,3.196,180.013,15.704
4.197,2.43,35.09,35.09,55.728,603854.146,1920.568,98.368,30.8,64.584,3.194,180.067,15.702
4.197,2.43,35.098,35.098,55.721,603854.146,1920.568,98.381,30.821,64.601,3.192,180.121,15.7
4.197,2.43,35.107,35.107,55.715,603854.146,1920.568,98.394,30.842,64.618,3.19,180.176,15.698
4.197,2.43,35.115,35.115,55.709,603854.146,1920.568,98.407,30.863,64.635,3.188,180.23,15.696
4.197,2.43,35.123,35.123,55.702,603854.146,1920.568,98.421,30.884,64.653,3.187,180.284,15.695
4.197,2.43,35.131,35.131,55.696,603854.146,1920.568,98.434,30.905,64.67,3.185,180.338,15.693
4.197,2.43,35.14,35.14,55.689,603854.146,1920.568,98.447,30.927,64.687,3.183,180.393,15.691
4.197,2.43,35.148,35.148,55.683,603854.146,1920.568,98.46,30.948,64.704,3.182,180.447,15.689
4.197,2.43,35.156,35.156,55.676,603854.146,1920.568,98.474,30.969,64.721,3.18,180.501,15.687
4.197,2.43,35.165,35.165,55.67,603854.146,1920.568,98.487,30.99,64.738,3.178,180.555,15.685
4.197,2.43,35.173,35.173,55.663,603854.146,1920.568,98.5,31.011,64.756,3.176,180.61,15.684
4.197,2.43,35.181,35.181,55.657,603854.146,1920.568,98.513,31.032,64.773,3.175,180.664,15.682
4.197,2.43,35.189,35.189,55.65,603854.146,1920.568,98.527,31.053,64.79,3.173,180.718,15.68
4.197,2.43,35.198,35.198,55.644,603854.146,1920.568,98.54,31.074,64.807,3.171,180.772,15.678
4.197,2.43,35.206,35.206,55.637,603854.146,1920.568,98.553,31.095,64.824,3.169,180.826,15.676
4.197,2.43,35.214,35.214,55.631,603854.146,1920.568,98.566,31.116,64.841,3.168,180.88,15.674
4.197,2.43,35.223,35.223,55.624,603854.146,1920.568,98.579,31.138,64.859,3.166,180.935,15.673
4.197,2.43,35.231,35.231,55.618,603854.146,1920.568,98.593,31.159,64.876,3.164,180.989,15.671
4.197,2.43,35.239,35.239,55.611,603854.146,1920.568,98.606,31.18,64.893,3.162,181.043,15.669
4.197,2.43,35.247,35.247,55.605,603854.146,1920.568,98.619,31.201,64.91,3.161,181.097,15.667
4.197,2.43,35.256,35.256,55.598,603854.146,1920.568,98.632,31.222,64.927,3.159,181.151,15.665
4.197,2.43,35.264,35.264,55.591,603854.146,1920.568,98.645,31.243,64.944,3.157,181.205,15.663
4.197,2.43,35.272,35.272,55.585,603854.146,1920.568,98.658,31.264,64.961,3.156,181.259,15.662
4.197,2.43,35.28,35.28,55.578,603854.146,1920.568,98.672,31.285,64.978,3.154,181.313,15.66
4.197,2.43,35.289,35.289,55.572,603854.146,1920.568,98.685,31.306,64.996,3.152,181.367,15.658
4.197,2.43,35.297,35.297,55.565,603854.146,1920.568,98.698,31.328,65.013,3.151,181.421,15.656
4.197,2.43,35.305,35.305,55.559,603854.146,1920.568,98.711,31.349,65.03,3.149,181.475,15.654
4.197,2.43,35.314,35.314,55.552,603854.146,1920.568,98.724,31.37,65.047,3.147,181.53,15.652
4.197,2.43,35.322,35.322,55.545,603854.146,1920.568,98.737,31.391,65.064,3.145,181.584,15.65
4.197,2.43,35.33,35.33,55.539,603854.146,1920.568,98.75,31.412,65.081,3.144,181.638,15.649
4.197,2.43,35.338,35.338,55.532,603854.146,1920.568,98.763,31.433,65.098,3.142,181.692,15.647
4.197,2.43,35.347,35.347,55.526,603854.146,1920.568,98.777,31.454,65.115,3.14,181.746,15.645
4.197,2.43,35.355,35.355,55.519,603854.146,1920.568,98.79,31.475,65.132,3.139,181.799,15.643
4.197,2.43,35.363,35.363,55.512,603854.146,1920.568,98.803,31.496,65.149,3.137,181.853,15.641
4.197,2.43,35.371,35.371,55.506,603854.146,1920.568,98.816,31.517,65.167,3.135,181.907,15.639
4.197,2.43,35.38,35.38,55.499,603854.146,1920.568,98.829,31.538,65.184,3.134,181.961,15.637
4.197,2.43,35.388,35.388,55.493,603854.146,1920.568,98.842,31.56,65.201,3.132,182.015,15.636
4.197,2.43,35.396,35.396,55.486,603854.146,1920.568,98.855,31.581,65.218,3.13,182.069,15.634
4.197,2.43,35.404,35.404,55.479,603854.146,1920.568,98.868,31.602,65.235,3.129,182.123,15.632
4.197,2.43,35.412,35.412,55.473,603854.146,1920.568,98.881,31.623,65.252,3.127,182.177,15.63
4.197,2.43,35.421,35.421,55.466,603854.146,1920.568,98.894,31.644,65.269,3.125,182.231,15.628
4.197,2.43,35.429,35.429,55.459,603854.146,1920.568,98.907,31.665,65.286,3.124,182.285,15.626
4.197,2.43,35.437,35.437,55.453,603854.146,1920.568,98.92,31.686,65.303,3.122,182.339,15.624
4.197,2.43,35.445,35.445,55.446,603854.146,1920.568,98.933,31.707,65.32,3.12,182.392,15.622
4.197,2.43,35.454,35.454,55.439,603854.146,1920.568,98.946,31.728,65.337,3.119,182.446,15.621
4.197,2.43,35.462,35.462,55.433,603854.146,1920.568,98.959,31.749,65.354,3.117,182.5,15.619
4.197,2.43,35.47,35.47,55.426,603854.146,1920.568,98.972,31.77,65.371,3.115,182.554,15.617
4.197,2.43,35.478,35.478,55.419,603854.146,1920.568,98.985,31.792,65.388,3.114,182.608,15.615
4.197,2.43,35.487,35.487,55.413,603854.146,1920.568,98.998,31.813,65.405,3.112,182.662,15.613
4.197,2.43,35.495,35.495,55.406,603854.146,1920.568,99.011,31.834,65.422,3.11,182.715,15.611
4.197,2.43,35.503,35.503,55.399,603854.146,1920.568,99.024,31.855,65.439,3.109,182.769,15.609
4.197,2.43,35.511,35.511,55.393,603854.146,1920.568,99.037,31.876,65.456,3.107,182.823,15.607
4.197,2.43,35.519,35.519,55.386,603854.146,1920.568,99.05,31.897,65.473,3.105,182.877,15.605
4.197,2.43,35.528,35.528,55.379,603854.146,1920.568,99.063,31.918,65.491,3.104,182.93,15.604
4.197,2.43,35.536,35.536,55.373,603854.146,1920.568,99.076,31.939,65.508,3.102,182.984,15.602
4.197,2.43,35.544,35.544,55.366,603854.146,1920.568,99.089,31.96,65.525,3.1,183.038,15.6
4.197,2.43,35.552,35.552,55.359,603854.146,1920.568,99.102,31.981,65.542,3.099,183.092,15.598
4.197,2.43,35.561,35.561,55.352,603854.146,1920.568,99.115,32.002,65.559,3.097,183.145,15.596
4.197,2.43,35.569,35.569,55.346,603854.146,1920.568,99.128,32.023,65.576,3.095,183.199,15.594
4.197,2.43,35.577,35.577,55.339,603854.146,1920.568,99.141,32.045,65.593,3.094,183.253,15.592
4.197,2.43,35.585,35.585,55.332,603854.146,1920.568,99.154,32.066,65.61,3.092,183.306,15.59
4.197,2.43,35.593,35.593,55.326,603854.146,1920.568,99.166,32.087,65.627,3.091,183.36,15.588
4.197,2.43,35.602,35.602,55.319,603854.146,1920.568,99.179,32.108,65.644,3.089,183.414,15.587
4.197,2.43,35.61,35.61,55.312,603854.146,1920.568,99.192,32.129,65.661,3.087,183.467,15.585
4.197,2.43,35.618,35.618,55.305,603854.146,1920.568,99.205,32.15,65.677,3.086,183.521,15.583
4.197,2.43,35.626,35.626,55.299,603854.146,1920.568,99.218,32.171,65.694,3.084,183.574,15.581
4.197,2.43,35.634,35.634,55.292,603854.146,1920.568,99.231,32.192,65.711,3.082,183.628,15.579
4.197,2.43,35.643,35.643,55.285,603854.146,1920.568,99.244,32.213,65.728,3.081,183.682,15.577
4.197,2.43,35.651,35.651,55.278,603854.146,1920.568,99.257,32.234,65.745,3.079,183.735,15.575
4.197,2.43,35.659,35.659,55.272,603854.146,1920.568,99.269,32.255,65.762,3.078,183.789,15.573
4.197,2.43,35.667,35.667,55.265,603854.146,1920.568,99.282,32.276,65.779,3.076,183.842,15.571
4.197,2.43,35.675,35.675,55.258,603854.146,1920.568,99.295,32.297,65.796,3.074,183.896,15.569
4.197,2.43,35.683,35.683,55.251,603854.146,1920.568,99.308,32.318,65.813,3.073,183.949,15.568
4.197,2.43,35.692,35.692,55.244,603854.146,1920.568,99.321,32.339,65.83,3.071,184.003,15.566
4.197,2.43,35.7,35.7,55.238,603854.146,1920.568,99.334,32.36,65.847,3.07,184.056,15.564
4.197,2.43,35.708,35.708,55.231,603854.146,1920.568,99.347,32.382,65.864,3.068,184.11,15.562
4.197,2.43,35.716,35.716,55.224,603854.146,1920.568,99.359,32.403,65.881,3.066,184.163,15.56
4.197,2.43,35.724,35.724,55.217,603854.146,1920.568,99.372,32.424,65.898,3.065,184.217,15.558
4.197,2.43,35.733,35.733,55.21,603854.146,1920.568,99.385,32.445,65.915,3.063,184.27,15.556
4.197,2.43,35.741,35.741,55.204,603854.146,1920.568,99.398,32.466,65.932,3.062,184.324,15.554
4.197,2.43,35.749,35.749,55.197,603854.146,1920.568,99.411,32.487,65.949,3.06,184.377,15.552
4.197,2.43,35.757,35.757,55.19,603854.146,1920.568,99.423,32.508,65.966,3.058,184.431,15.55
4.197,2.43,35.765,35.765,55.183,603854.146,1920.568,99.436,32.529,65.983,3.057,184.484,15.548
4.197,2.43,35.773,35.773,55.176,603854.146,1920.568,99.449,32.55,65.999,3.055,184.538,15.546
4.197,2.43,35.782,35.782,55.17,603854.146,1920.568,99.462,32.571,66.016,3.054,184.591,15.545
4.197,2.43,35.79,35.79,55.163,603854.146,1920.568,99.475,32.592,66.033,3.052,184.644,15.543
4.197,2.43,35.798,35.798,55.156,603854.146,1920.568,99.487,32.613,66.05,3.051,184.698,15.541
4.197,2.43,35.806,35.806,55.149,603854.146,1920.568,99.5,32.634,66.067,3.049,184.751,15.539
4.197,2.43,35.814,35.814,55.142,603854.146,1920.568,99.513,32.655,66.084,3.047,184.804,15.537
4.197,2.43,35.822,35.822,55.136,603854.146,1920.568,99.526,32.676,66.101,3.046,184.858,15.535
4.197,2.43,35.83,35.83,55.129,603854.146,1920.568,99.538,32.697,66.118,3.044,184.911,15.533
4.197,2.43,35.839,35.839,55.122,603854.146,1920.568,99.551,32.718,66.135,3.043,184.964,15.531
4.197,2.43,35.847,35.847,55.115,603854.146,1920.568,99.564,32.739,66.152,3.041,185.018,15.529
4.197,2.43,35.855,35.855,55.108,603854.146,1920.568,99.577,32.76,66.168,3.04,185.071,15.527
4.197,2.43,35.863,35.863,55.101,603854.146,1920.568,99.589,32.781,66.185,3.038,185.124,15.525
4.197,2.43,35.871,35.871,55.095,603854.146,1920.568,99.602,32.802,66.202,3.036,185.178,15.523
4.197,2.43,35.879,35.879,55.088,603854.146,1920.568,99.615,32.823,66.219,3.035,185.231,15.521
4.197,2.43,35.888,35.888,55.081,603854.146,1920.568,99.627,32.844,66.236,3.033,185.284,15.52
4.197,2.43,35.896,35.896,55.074,603854.146,1920.568,99.64,32.865,66.253,3.032,185.338,15.518
4.197,2.43,35.904,35.904,55.067,603854.146,1920.568,99.653,32.886,66.27,3.03,185.391,15.516
4.197,2.43,35.912,35.912,55.06,603854.146,1920.568,99.666,32.907,66.287,3.029,185.444,15.514
4.197,2.43,35.92,35.92,55.053,603854.146,1920.568,99.678,32.928,66.303,3.027,185.497,15.512
4.197,2.43,35.928,35.928,55.047,603854.146,1920.568,99.691,32.949,66.32,3.026,185.55,15.51
4.197,2.43,35.936,35.936,55.04,603854.146,1920.568,99.704,32.97,66.337,3.024,185.604,15.508
4.197,2.43,35.944,35.944,55.033,603854.146,1920.568,99.716,32.992,66.354,3.022,185.657,15.506
4.197,2.43,35.953,35.953,55.026,603854.146,1920.568,99.729,33.013,66.371,3.021,185.71,15.504
4.197,2.43,35.961,35.961,55.019,603854.146,1920.568,99.742,33.034,66.388,3.019,185.763,15.502
4.197,2.43,35.969,35.969,55.012,603854.146,1920.568,99.754,33.055,66.404,3.018,185.816,15.5
4.197,2.43,35.977,35.977,55.005,603854.146,1920.568,99.767,33.076,66.421,3.016,185.87,15.498
4.197,2.43,35.985,35.985,54.998,603854.146,1920.568,99.78,33.097,66.438,3.015,185.923,15.496
4.197,2.43,35.993,35.993,54.991,603854.146,1920.568,99.792,33.118,66.455,3.013,185.976,15.494
4.197,2.43,36.001,36.001,54.985,603854.146,1920.568,99.805,33.139,66.472,3.012,186.029,15.492
4.197,2.43,36.009,36.009,54.978,603854.146,1920.568,99.818,33.16,66.489,3.01,186.082,15.49
4.197,2.43,36.018,36.018,54.971,603854.146,1920.568,99.83,33.181,66.505,3.009,186.135,15.489
4.197,2.43,36.026,36.026,54.964,603854.146,1920.568,99.843,33.202,66.522,3.007,186.188,15.487
4.197,2.43,36.034,36.034,54.957,603854.146,1920.568,99.855,33.223,66.539,3.006,186.241,15.485
4.197,2.43,36.042,36.042,54.95,603854.146,1920.568,99.868,33.243,66.556,3.004,186.294,15.483
4.197,2.43,36.05,36.05,54.943,603854.146,1920.568,99.881,33.264,66.573,3.003,186.347,15.481
4.197,2.43,36.058,36.058,54.936,603854.146,1920.568,99.893,33.285,66.589,3.001,186.4,15.479
4.197,2.43,36.066,36.066,54.929,603854.146,1920.568,99.906,33.306,66.606,3.0,186.454,15.477
4.197,2.43,36.074,36.074,54.922,603854.146,1920.568,99.919,33.327,66.623,2.998,186.507,15.475
4.197,2.43,36.082,36.082,54.916,603854.146,1920.568,99.931,33.348,66.64,2.997,186.56,15.473
4.197,2.43,36.091,36.091,54.909,603854.146,1920.568,99.944,33.369,66.657,2.995,186.613,15.471
4.197,2.43,36.099,36.099,54.902,603854.146,1920.568,99.956,33.39,66.673,2.994,186.666,15.469
4.197,2.43,36.107,36.107,54.895,603854.146,1920.568,99.969,33.411,66.69,2.992,186.719,15.467
4.197,2.43,36.115,36.115,54.888,603854.146,1920.568,99.982,33.432,66.707,2.991,186.772,15.465
4.197,2.43,36.123,36.123,54.881,603854.146,1920.568,99.994,33.453,66.724,2.989,186.824,15.463
4.197,2.43,36.131,36.131,54.874,603854.146,1920.568,100.007,33.474,66.74,2.988,186.877,15.461
4.197,2.43,36.139,36.139,54.867,603854.146,1920.568,100.019,33.495,66.757,2.986,186.93,15.459
4.197,2.43,36.147,36.147,54.86,603854.146,1920.568,100.032,33.516,66.774,2.985,186.983,15.457
4.197,2.43,36.155,36.155,54.853,603854.146,1920.568,100.044,33.537,66.791,2.983,187.036,15.455
4.197,2.43,36.163,36.163,54.846,603854.146,1920.568,100.057,33.558,66.808,2.982,187.089,15.453
4.197,2.43,36.172,36.172,54.839,603854.146,1920.568,100.069,33.579,66.824,2.98,187.142,15.451
4.197,2.43,36.18,36.18,54.832,603854.146,1920.568,100.082,33.6,66.841,2.979,187.195,15.45
4.197,2.43,36.188,36.188,54.826,603854.146,1920.568,100.095,33.621,66.858,2.977,187.248,15.448
4.197,2.43,36.196,36.196,54.819,603854.146,1920.568,100.107,33.642,66.874,2.976,187.301,15.446
4.197,2.43,36.204,36.204,54.812,603854.146,1920.568,100.12,33.663,66.891,2.974,187.354,15.444
4.197,2.43,36.212,36.212,54.805,603854.146,1920.568,100.132,33.684,66.908,2.973,187.406,15.442
4.197,2.43,36.22,36.22,54.798,603854.146,1920.568,100.145,33.705,66.925,2.971,187.459,15.44
4.197,2.43,36.228,36.228,54.791,603854.146,1920.568,100.157,33.726,66.941,2.97,187.512,15.438
4.197,2.43,36.236,36.236,54.784,603854.146,1920.568,100.17,33.747,66.958,2.968,187.565,15.436
4.197,2.43,36.244,36.244,54.777,603854.146,1920.568,100.182,33.768,66.975,2.967,187.618,15.434
4.197,2.43,36.252,36.252,54.77,603854.146,1920.568,100.195,33.789,66.992,2.965,187.671,15.432
4.197,2.43,36.26,36.26,54.763,603854.146,1920.568,100.207,33.809,67.008,2.964,187.723,15.43
4.197,2.43,36.268,36.268,54.756,603854.146,1920.568,100.22,33.83,67.025,2.962,187.776,15.428
4.197,2.43,36.277,36.277,54.749,603854.146,1920.568,100.232,33.851,67.042,2.961,187.829,15.426
4.197,2.43,36.285,36.285,54.742,603854.146,1920.568,100.245,33.872,67.058,2.959,187.882,15.424
4.197,2.43,36.293,36.293,54.735,603854.146,1920.568,100.257,33.893,67.075,2.958,187.934,15.422
4.197,2.43,36.301,36.301,54.728,603854.146,1920.568,100.27,33.914,67.092,2.957,187.987,15.42
4.197,2.43,36.309,36.309,54.721,603854.146,1920.568,100.282,33.935,67.109,2.955,188.04,15.418
4.197,2.43,36.317,36.317,54.714,603854.146,1920.568,100.295,33.956,67.125,2.954,188.093,15.416
4.197,2.43,36.325,36.325,54.707,603854.146,1920.568,100.307,33.977,67.142,2.952,188.145,15.414
4.197,2.43,36.333,36.333,54.7,603854.146,1920.568,100.32,33.998,67.159,2.951,188.198,15.412
4.197,2.43,36.341,36.341,54.693,603854.146,1920.568,100.332,34.019,67.175,2.949,188.251,15.41
4.197,2.43,36.349,36.349,54.686,603854.146,1920.568,100.344,34.04,67.192,2.948,188.303,15.408
4.197,2.43,36.357,36.357,54.679,603854.146,1920.568,100.357,34.06,67.209,2.946,188.356,15.406
4.197,2.43,36.365,36.365,54.672,603854.146,1920.568,100.369,34.081,67.225,2.945,188.409,15.404
4.197,2.43,36.373,36.373,54.666,603854.146,1920.568,100.382,34.102,67.242,2.944,188.461,15.402
4.197,2.43,36.381,36.381,54.659,603854.146,1920.568,100.394,34.123,67.259,2.942,188.514,15.401
4.197,2.43,36.389,36.389,54.652,603854.146,1920.568,100.407,34.144,67.275,2.941,188.567,15.399
4.197,2.43,36.397,36.397,54.645,603854.146,1920.568,100.419,34.165,67.292,2.939,188.619,15.397
4.197,2.43,36.405,36.405,54.638,603854.146,1920.568,100.432,34.186,67.309,2.938,188.672,15.395
4.197,2.43,36.413,36.413,54.631,603854.146,1920.568,100.444,34.207,67.325,2.936,188.725,15.393
4.197,2.43,36.422,36.422,54.624,603854.146,1920.568,100.456,34.228,67.342,2.935,188.777,15.391
4.197,2.43,36.43,36.43,54.617,603854.146,1920.568,100.469,34.249,67.359,2.934,188.83,15.389
4.197,2.43,36.438,36.438,54.61,603854.146,1920.568,100.481,34.269,67.375,2.932,188.882,15.387
4.197,2.43,36.446,36.446,54.603,603854.146,1920.568,100.494,34.29,67.392,2.931,188.935,15.385
4.197,2.43,36.454,36.454,54.596,603854.146,1920.568,100.506,34.311,67.409,2.929,188.987,15.383
4.197,2.43,36.462,36.462,54.589,603854.146,1920.568,100.519,34.332,67.425,2.928,189.04,15.381
4.197,2.43,36.47,36.47,54.582,603854.146,1920.568,100.531,34.353,67.442,2.926,189.093,15.379
4.197,2.43,36.478,36.478,54.575,603854.146,1920.568,100.543,34.374,67.459,2.925,189.145,15.377
4.197,2.43,36.486,36.486,54.568,603854.146,1920.568,100.556,34.395,67.475,2.924,189.198,15.375
4.197,2.43,36.494,36.494,54.561,603854.146,1920.568,100.568,34.416,67.492,2.922,189.25,15.373
4.197,2.43,36.502,36.502,54.554,603854.146,1920.568,100.58,34.436,67.508,2.921,189.303,15.371
4.197,2.43,36.51,36.51,54.547,603854.146,1920.568,100.593,34.457,67.525,2.919,189.355,15.369
4.197,2.43,36.518,36.518,54.54,603854.146,1920.568,100.605,34.478,67.542,2.918,189.408,15.367
4.197,2.43,36.526,36.526,54.533,603854.146,1920.568,100.618,34.499,67.558,2.917,189.46,15.365
4.197,2.43,36.534,36.534,54.526,603854.146,1920.568,100.63,34.52,67.575,2.915,189.513,15.363
4.197,2.43,36.542,36.542,54.519,603854.146,1920.568,100.642,34.541,67.592,2.914,189.565,15.361
4.197,2.43,36.55,36.55,54.512,603854.146,1920.568,100.655,34.562,67.608,2.912,189.617,15.359
4.197,2.43,36.558,36.558,54.505,603854.146,1920.568,100.667,34.582,67.625,2.911,189.67,15.357
4.197,2.43,36.566,36.566,54.498,603854.146,1920.568,100.679,34.603,67.641,2.91,189.722,15.355
4.197,2.43,36.574,36.574,54.491,603854.146,1920.568,100.692,34.624,67.658,2.908,189.775,15.353
4.197,2.43,36.582,36.582,54.484,603854.146,1920.568,100.704,34.645,67.675,2.907,189.827,15.351
4.197,2.43,36.59,36.59,54.477,603854.146,1920.568,100.717,34.666,67.691,2.905,189.88,15.349
4.197,2.43,36.598,36.598,54.47,603854.146,1920.568,100.729,34.687,67.708,2.904,189.932,15.347
4.197,2.43,36.606,36.606,54.463,603854.146,1920.568,100.741,34.707,67.724,2.903,189.984,15.345
4.197,2.43,36.614,36.614,54.456,603854.146,1920.568,100.754,34.728,67.741,2.901,190.037,15.343
4.197,2.43,36.622,36.622,54.449,603854.146,1920.568,100.766,34.749,67.757,2.9,190.089,15.341
4.197,2.43,36.63,36.63,54.442,603854.146,1920.568,100.778,34.77,67.774,2.898,190.141,15.339
4.197,2.43,36.638,36.638,54.435,603854.146,1920.568,100.791,34.791,67.791,2.897,190.194,15.337
4.197,2.43,36.646,36.646,54.428,603854.146,1920.568,100.803,34.812,67.807,2.896,190.246,15.336
4.197,2.43,36.654,36.654,54.421,603854.146,1920.568,100.815,34.832,67.824,2.894,190.298,15.334
4.197,2.43,36.662,36.662,54.414,603854.146,1920.568,100.828,34.853,67.84,2.893,190.351,15.332
4.197,2.43,36.67,36.67,54.407,603854.146,1920.568,100.84,34.874,67.857,2.892,190.403,15.33
4.197,2.43,36.678,36.678,54.4,603854.146,1920.568,100.852,34.895,67.873,2.89,190.455,15.328
4.197,2.43,36.686,36.686,54.393,603854.146,1920.568,100.864,34.916,67.89,2.889,190.508,15.326
4.197,2.43,36.694,36.694,54.386,603854.146,1920.568,100.877,34.936,67.907,2.887,190.56,15.324
4.197,2.43,36.702,36.702,54.379,603854.146,1920.568,100.889,34.957,67.923,2.886,190.612,15.322
4.197,2.43,36.71,36.71,54.372,603854.146,1920.568,100.901,34.978,67.94,2.885,190.664,15.32
4.197,2.43,36.718,36.718,54.365,603854.146,1920.568,100.914,34.999,67.956,2.883,190.717,15.318
4.197,2.43,36.726,36.726,54.358,603854.146,1920.568,100.926,35.02,67.973,2.882,190.769,15.316
4.197,2.43,36.734,36.734,54.351,603854.146,1920.568,100.938,35.04,67.989,2.881,190.821,15.314
4.197,2.43,36.742,36.742,54.344,603854.146,1920.568,100.951,35.061,68.006,2.879,190.873,15.312
4.197,2.43,36.75,36.75,54.337,603854.146,1920.568,100.963,35.082,68.022,2.878,190.926,15.31
4.197,2.43,36.758,36.758,54.33,603854.146,1920.568,100.975,35.103,68.039,2.877,190.978,15.308
4.197,2.43,36.766,36.766,54.323,603854.146,1920.568,100.987,35.123,68.055,2.875,191.03,15.306
4.197,2.43,36.774,36.774,54.316,603854.146,1920.568,101.0,35.144,68.072,2.874,191.082,15.304
4.197,2.43,36.782,36.782,54.309,603854.146,1920.568,101.012,35.165,68.088,2.873,191.134,15.302
4.197,2.43,36.79,36.79,54.302,603854.146,1920.568,101.024,35.186,68.105,2.871,191.186,15.3
4.197,2.43,36.798,36.798,54.295,603854.146,1920.568,101.036,35.207,68.122,2.87,191.239,15.298
4.197,2.43,36.806,36.806,54.288,603854.146,1920.568,101.049,35.227,68.138,2.868,191.291,15.296
4.197,2.43,36.814,36.814,54.281,603854.146,1920.568,101.061,35.248,68.155,2.867,191.343,15.294
4.197,2.43,36.822,36.822,54.274,603854.146,1920.568,101.073,35.269,68.171,2.866,191.395,15.292
4.197,2.43,36.83,36.83,54.267,603854.146,1920.568,101.086,35.29,68.188,2.864,191.447,15.29
4.197,2.43,36.838,36.838,54.26,603854.146,1920.568,101.098,35.31,68.204,2.863,191.499,15.288
4.197,2.43,36.846,36.846,54.253,603854.146,1920.568,101.11,35.331,68.221,2.862,191.551,15.286
4.197,2.43,36.854,36.854,54.246,603854.146,1920.568,101.122,35.352,68.237,2.86,191.603,15.284
4.197,2.43,36.862,36.862,54.239,603854.146,1920.568,101.135,35.373,68.254,2.859,191.656,15.282
4.197,2.43,36.87,36.87,54.232,603854.146,1920.568,101.147,35.393,68.27,2.858,191.708,15.28
4.197,2.43,36.877,36.877,54.225,603854.146,1920.568,101.159,35.414,68.287,2.856,191.76,15.278
4.197,2.43,36.885,36.885,54.218,603854.146,1920.568,101.171,35.435,68.303,2.855,191.812,15.276
4.197,2.43,36.893,36.893,54.211,603854.146,1920.568,101.184,35.456,68.32,2.854,191.864,15.274
4.197,2.43,36.901,36.901,54.204,603854.146,1920.568,101.196,35.476,68.336,2.852,191.916,15.272
4.197,2.43,36.909,36.909,54.197,603854.146,1920.568,101.208,35.497,68.352,2.851,191.968,15.27
4.197,2.43,36.917,36.917,54.19,603854.146,1920.568,101.22,35.518,68.369,2.85,192.02,15.268
4.197,2.43,36.925,36.925,54.183,603854.146,1920.568,101.232,35.538,68.385,2.849,192.072,15.266
4.197,2.43,36.933,36.933,54.176,603854.146,1920.568,101.245,35.559,68.402,2.847,192.124,15.264
4.197,2.43,36.941,36.941,54.169,603854.146,1920.568,101.257,35.58,68.418,2.846,192.176,15.262
4.197,2.43,36.949,36.949,54.162,603854.146,1920.568,101.269,35.601,68.435,2.845,192.228,15.261
4.197,2.43,36.957,36.957,54.155,603854.146,1920.568,101.281,35.621,68.451,2.843,192.28,15.259
4.197,2.43,36.965,36.965,54.148,603854.146,1920.568,101.294,35.642,68.468,2.842,192.332,15.257
4.197,2.43,36.973,36.973,54.141,603854.146,1920.568,101.306,35.663,68.484,2.841,192.384,15.255
4.197,2.43,36.981,36.981,54.134,603854.146,1920.568,101.318,35.683,68.501,2.839,192.436,15.253
4.197,2.43,36.989,36.989,54.127,603854.146,1920.568,101.33,35.704,68.517,2.838,192.488,15.251
4.197,2.43,36.997,36.997,54.12,603854.146,1920.568,101.342,35.725,68.534,2.837,192.54,15.249
4.197,2.43,37.005,37.005,54.113,603854.146,1920.568,101.355,35.745,68.55,2.835,192.592,15.247
4.197,2.43,37.013,37.013,54.106,603854.146,1920.568,101.367,35.766,68.566,2.834,192.644,15.245
4.197,2.43,37.021,37.021,54.099,603854.146,1920.568,101.379,35.787,68.583,2.833,192.695,15.243
4.197,2.43,37.028,37.028,54.092,603854.146,1920.568,101.391,35.807,68.599,2.832,192.747,15.241
4.197,2.43,37.036,37.036,54.085,603854.146,1920.568,101.403,35.828,68.616,2.83,192.799,15.239
4.197,2.43,37.044,37.044,54.078,603854.146,1920.568,101.416,35.849,68.632,2.829,192.851,15.237
4.197,2.43,37.052,37.052,54.071,603854.146,1920.568,101.428,35.869,68.649,2.828,192.903,15.235
4.197,2.43,37.06,37.06,54.064,603854.146,1920.568,101.44,35.89,68.665,2.826,192.955,15.233
4.197,2.43,37.068,37.068,54.057,603854.146,1920.568,101.452,35.911,68.681,2.825,193.007,15.231
4.197,2.43,37.076,37.076,54.05,603854.146,1920.568,101.464,35.931,68.698,2.824,193.059,15.229
4.197,2.43,37.084,37.084,54.043,603854.146,1920.568,101.476,35.952,68.714,2.823,193.11,15.227
4.197,2.43,37.092,37.092,54.036,603854.146,1920.568,101.489,35.973,68.731,2.821,193.162,15.225
4.197,2.43,37.1,37.1,54.029,603854.146,1920.568,101.501,35.993,68.747,2.82,193.214,15.223
4.197,2.43,37.108,37.108,54.022,603854.146,1920.568,101.513,36.014,68.764,2.819,193.266,15.221
4.197,2.43,37.116,37.116,54.015,603854.146,1920.568,101.525,36.035,68.78,2.817,193.318,15.219
4.197,2.43,37.124,37.124,54.008,603854.146,1920.568,101.537,36.055,68.796,2.816,193.37,15.217
4.197,2.43,37.132,37.132,54.001,603854.146,1920.568,101.549,36.076,68.813,2.815,193.421,15.215
4.197,2.43,37.139,37.139,53.994,603854.146,1920.568,101.562,36.097,68.829,2.814,193.473,15.213
4.197,2.43,37.147,37.147,53.987,603854.146,1920.568,101.574,36.117,68.846,2.812,193.525,15.211
4.197,2.43,37.155,37.155,53.98,603854.146,1920.568,101.586,36.138,68.862,2.811,193.577,15.209
4.197,2.43,37.163,37.163,53.973,603854.146,1920.568,101.598,36.159,68.878,2.81,193.628,15.207
4.197,2.43,37.171,37.171,53.966,603854.146,1920.568,101.61,36.179,68.895,2.809,193.68,15.205
4.197,2.43,37.179,37.179,53.959,603854.146,1920.568,101.622,36.2,68.911,2.807,193.732,15.203
4.197,2.43,37.187,37.187,53.952,603854.146,1920.568,101.635,36.22,68.927,2.806,193.784,15.201
4.197,2.43,37.195,37.195,53.945,603854.146,1920.568,101.647,36.241,68.944,2.805,193.835,15.199
4.197,2.43,37.203,37.203,53.938,603854.146,1920.568,101.659,36.262,68.96,2.803,193.887,15.197
4.197,2.43,37.211,37.211,53.931,603854.146,1920.568,101.671,36.282,68.977,2.802,193.939,15.195
4.197,2.43,37.219,37.219,53.924,603854.146,1920.568,101.683,36.303,68.993,2.801,193.991,15.194
4.197,2.43,37.226,37.226,53.917,603854.146,1920.568,101.695,36.323,69.009,2.8,194.042,15.192
4.197,2.43,37.234,37.234,53.91,603854.146,1920.568,101.707,36.344,69.026,2.798,194.094,15.19
4.197,2.43,37.242,37.242,53.903,603854.146,1920.568,101.72,36.365,69.042,2.797,194.146,15.188
4.197,2.43,37.25,37.25,53.896,603854.146,1920.568,101.732,36.385,69.058,2.796,194.197,15.186
4.197,2.43,37.258,37.258,53.889,603854.146,1920.568,101.744,36.406,69.075,2.795,194.249,15.184
4.197,2.43,37.266,37.266,53.882,603854.146,1920.568,101.756,36.426,69.091,2.793,194.301,15.182
4.197,2.43,37.274,37.274,53.875,603854.146,1920.568,101.768,36.447,69.108,2.792,194.352,15.18
4.197,2.43,37.282,37.282,53.868,603854.146,1920.568,101.78,36.468,69.124,2.791,194.404,15.178
4.197,2.43,37.29,37.29,53.861,603854.146,1920.568,101.792,36.488,69.14,2.79,194.456,15.176
4.197,2.43,37.298,37.298,53.854,603854.146,1920.568,101.804,36.509,69.157,2.788,194.507,15.174
4.197,2.43,37.305,37.305,53.847,603854.146,1920.568,101.817,36.529,69.173,2.787,194.559,15.172
4.197,2.43,37.313,37.313,53.84,603854.146,1920.568,101.829,36.55,69.189,2.786,194.61,15.17
4.197,2.43,37.321,37.321,53.833,603854.146,1920.568,101.841,36.57,69.206,2.785,194.662,15.168
4.197,2.43,37.329,37.329,53.826,603854.146,1920.568,101.853,36.591,69.222,2.784,194.714,15.166
4.197,2.43,37.337,37.337,53.819,603854.146,1920.568,101.865,36.612,69.238,2.782,194.765,15.164
4.197,2.43,37.345,37.345,53.812,603854.146,1920.568,101.877,36.632,69.255,2.781,194.817,15.162
4.197,2.43,37.353,37.353,53.805,603854.146,1920.568,101.889,36.653,69.271,2.78,194.868,15.16
4.197,2.43,37.361,37.361,53.798,603854.146,1920.568,101.901,36.673,69.287,2.779,194.92,15.158
4.197,2.43,37.368,37.368,53.791,603854.146,1920.568,101.913,36.694,69.304,2.777,194.971,15.156
4.197,2.43,37.376,37.376,53.784,603854.146,1920.568,101.926,36.714,69.32,2.776,195.023,15.154
4.197,2.43,37.384,37.384,53.778,603854.146,1920.568,101.938,36.735,69.336,2.775,195.074,15.152
4.197,2.43,37.392,37.392,53.771,603854.146,1920.568,101.95,36.755,69.353,2.774,195.126,15.15
4.197,2.43,37.4,37.4,53.764,603854.146,1920.568,101.962,36.776,69.369,2.773,195.178,15.148
4.197,2.43,37.408,37.408,53.757,603854.146,1920.568,101.974,36.796,69.385,2.771,195.229,15.146
4.197,2.43,37.416,37.416,53.75,603854.146,1920.568,101.986,36.817,69.402,2.77,195.281,15.144
4.197,2.43,37.424,37.424,53.743,603854.146,1920.568,101.998,36.837,69.418,2.769,195.332,15.143
4.197,2.43,37.432,37.432,53.736,603854.146,1920.568,102.01,36.858,69.434,2.768,195.384,15.141
4.197,2.43,37.439,37.439,53.729,603854.146,1920.568,102.022,36.878,69.45,2.766,195.435,15.139
4.197,2.43,37.447,37.447,53.722,603854.146,1920.568,102.034,36.899,69.467,2.765,195.487,15.137
4.197,2.43,37.455,37.455,53.715,603854.146,1920.568,102.047,36.919,69.483,2.764,195.538,15.135
4.197,2.43,37.463,37.463,53.708,603854.146,1920.568,102.059,36.94,69.499,2.763,195.589,15.133
4.197,2.43,37.471,37.471,53.701,603854.146,1920.568,102.071,36.96,69.516,2.762,195.641,15.131
4.197,2.43,37.479,37.479,53.694,603854.146,1920.568,102.083,36.981,69.532,2.76,195.692,15.129
4.197,2.43,37.487,37.487,53.687,603854.146,1920.568,102.095,37.001,69.548,2.759,195.744,15.127
4.197,2.43,37.494,37.494,53.68,603854.146,1920.568,102.107,37.022,69.564,2.758,195.795,15.125
4.197,2.43,37.502,37.502,53.673,603854.146,1920.568,102.119,37.042,69.581,2.757,195.847,15.123
4.197,2.43,37.51,37.51,53.666,603854.146,1920.568,102.131,37.063,69.597,2.756,195.898,15.121
4.197,2.43,37.518,37.518,53.66,603854.146,1920.568,102.143,37.083,69.613,2.754,195.949,15.119
4.197,2.43,37.526,37.526,53.653,603854.146,1920.568,102.155,37.104,69.63,2.753,196.001,15.117
4.197,2.43,37.534,37.534,53.646,603854.146,1920.568,102.167,37.124,69.646,2.752,196.052,15.115
4.197,2.43,37.542,37.542,53.639,603854.146,1920.568,102.179,37.145,69.662,2.751,196.104,15.113
4.197,2.43,37.549,37.549,53.632,603854.146,1920.568,102.192,37.165,69.678,2.75,196.155,15.111
4.197,2.43,37.557,37.557,53.625,603854.146,1920.568,102.204,37.186,69.695,2.748,196.206,15.109
4.197,2.43,37.565,37.565,53.618,603854.146,1920.568,102.216,37.206,69.711,2.747,196.258,15.107
4.197,2.43,37.573,37.573,53.611,603854.146,1920.568,102.228,37.227,69.727,2.746,196.309,15.105
4.197,2.43,37.581,37.581,53.604,603854.146,1920.568,102.24,37.247,69.743,2.745,196.36,15.103
4.197,2.43,37.589,37.589,53.597,603854.146,1920.568,102.252,37.268,69.76,2.744,196.412,15.102
4.197,2.43,37.597,37.597,53.59,603854.146,1920.568,102.264,37.288,69.776,2.743,196.463,15.1
4.197,2.43,37.604,37.604,53.583,603854.146,1920.568,102.276,37.308,69.792,2.741,196.514,15.098
4.197,2.43,37.612,37.612,53.577,603854.146,1920.568,102.288,37.329,69.808,2.74,196.566,15.096
4.197,2.43,37.62,37.62,53.57,603854.146,1920.568,102.3,37.349,69.825,2.739,196.617,15.094
4.197,2.43,37.628,37.628,53.563,603854.146,1920.568,102.312,37.37,69.841,2.738,196.668,15.092
4.197,2.43,37.636,37.636,53.556,603854.146,1920.568,102.324,37.39,69.857,2.737,196.72,15.09
4.197,2.43,37.644,37.644,53.549,603854.146,1920.568,102.336,37.411,69.873,2.735,196.771,15.088
4.197,2.43,37.651,37.651,53.542,603854.146,1920.568,102.348,37.431,69.89,2.734,196.822,15.086
4.197,2.43,37.659,37.659,53.535,603854.146,1920.568,102.361,37.451,69.906,2.733,196.874,15.084
4.197,2.43,37.667,37.667,53.528,603854.146,1920.568,102.373,37.472,69.922,2.732,196.925,15.082
4.197,2.43,37.675,37.675,53.521,603854.146,1920.568,102.385,37.492,69.938,2.731,196.976,15.08
4.197,2.43,37.683,37.683,53.515,603854.146,1920.568,102.397,37.513,69.955,2.73,197.027,15.078
4.197,2.43,37.691,37.691,53.508,603854.146,1920.568,102.409,37.533,69.971,2.728,197.079,15.076
4.197,2.43,37.698,37.698,53.501,603854.146,1920.568,102.421,37.553,69.987,2.727,197.13,15.074
4.197,2.43,37.706,37.706,53.494,603854.146,1920.568,102.433,37.574,70.003,2.726,197.181,15.072
4.197,2.43,37.714,37.714,53.487,603854.146,1920.568,102.445,37.594,70.02,2.725,197.232,15.07
4.197,2.43,37.722,37.722,53.48,603854.146,1920.568,102.457,37.615,70.036,2.724,197.283,15.069
4.197,2.43,37.73,37.73,53.473,603854.146,1920.568,102.469,37.635,70.052,2.723,197.335,15.067
4.197,2.43,37.738,37.738,53.466,603854.146,1920.568,102.481,37.655,70.068,2.722,197.386,15.065
4.197,2.43,37.745,37.745,53.46,603854.146,1920.568,102.493,37.676,70.084,2.72,197.437,15.063
4.197,2.43,37.753,37.753,53.453,603854.146,1920.568,102.505,37.696,70.101,2.719,197.488,15.061
4.197,2.43,37.761,37.761,53.446,603854.146,1920.568,102.517,37.716,70.117,2.718,197.539,15.059
4.197,2.43,37.769,37.769,53.439,603854.146,1920.568,102.529,37.737,70.133,2.717,197.591,15.057
4.197,2.43,37.777,37.777,53.432,603854.146,1920.568,102.541,37.757,70.149,2.716,197.642,15.055
4.197,2.43,37.785,37.785,53.425,603854.146,1920.568,102.553,37.778,70.165,2.715,197.693,15.053
4.197,2.43,37.792,37.792,53.418,603854.146,1920.568,102.565,37.798,70.182,2.714,197.744,15.051
4.197,2.43,37.8,37.8,53.412,603854.146,1920.568,102.577,37.818,70.198,2.712,197.795,15.049
4.197,2.43,37.808,37.808,53.405,603854.146,1920.568,102.589,37.839,70.214,2.711,197.846,15.047
4.197,2.43,37.816,37.816,53.398,603854.146,1920.568,102.602,37.859,70.23,2.71,197.898,15.045
4.197,2.43,37.824,37.824,53.391,603854.146,1920.568,102.614,37.879,70.246,2.709,197.949,15.043
4.197,2.43,37.831,37.831,53.384,603854.146,1920.568,102.626,37.9,70.263,2.708,198.0,15.041
4.197,2.43,37.839,37.839,53.377,603854.146,1920.568,102.638,37.92,70.279,2.707,198.051,15.04
4.197,2.43,37.847,37.847,53.371,603854.146,1920.568,102.65,37.94,70.295,2.706,198.102,15.038
4.197,2.43,37.855,37.855,53.364,603854.146,1920.568,102.662,37.961,70.311,2.704,198.153,15.036
4.197,2.43,37.863,37.863,53.357,603854.146,1920.568,102.674,37.981,70.327,2.703,198.204,15.034
4.197,2.43,37.871,37.871,53.35,603854.146,1920.568,102.686,38.001,70.344,2.702,198.255,15.032
4.197,2.43,37.878,37.878,53.343,603854.146,1920.568,102.698,38.022,70.36,2.701,198.306,15.03
4.197,2.43,37.886,37.886,53.336,603854.146,1920.568,102.71,38.042,70.376,2.7,198.357,15.028
4.197,2.43,37.894,37.894,53.33,603854.146,1920.568,102.722,38.062,70.392,2.699,198.409,15.026
4.197,2.43,37.902,37.902,53.323,603854.146,1920.568,102.734,38.082,70.408,2.698,198.46,15.024
4.197,2.43,37.91,37.91,53.316,603854.146,1920.568,102.746,38.103,70.424,2.697,198.511,15.022
4.197,2.43,37.917,37.917,53.309,603854.146,1920.568,102.758,38.123,70.441,2.695,198.562,15.02
4.197,2.43,37.925,37.925,53.302,603854.146,1920.568,102.77,38.143,70.457,2.694,198.613,15.018
4.197,2.43,37.933,37.933,53.296,603854.146,1920.568,102.782,38.164,70.473,2.693,198.664,15.016
4.197,2.43,37.941,37.941,53.289,603854.146,1920.568,102.794,38.184,70.489,2.692,198.715,15.015
4.197,2.43,37.949,37.949,53.282,603854.146,1920.568,102.806,38.204,70.505,2.691,198.766,15.013
4.197,2.43,37.956,37.956,53.275,603854.146,1920.568,102.818,38.224,70.521,2.69,198.817,15.011
4.197,2.43,37.964,37.964,53.268,603854.146,1920.568,102.83,38.245,70.537,2.689,198.868,15.009
4.197,2.43,37.972,37.972,53.262,603854.146,1920.568,102.842,38.265,70.554,2.688,198.919,15.007
4.197,2.43,37.98,37.98,53.255,603854.146,1920.568,102.854,38.285,70.57,2.687,198.97,15.005
4.197,2.43,37.988,37.988,53.248,603854.146,1920.568,102.866,38.306,70.586,2.685,199.021,15.003
4.197,2.43,37.995,37.995,53.241,603854.146,1920.568,102.878,38.326,70.602,2.684,199.072,15.001
4.197,2.43,38.003,38.003,53.234,603854.146,1920.568,102.89,38.346,70.618,2.683,199.123,14.999
4.197,2.43,38.011,38.011,53.228,603854.146,1920.568,102.902,38.366,70.634,2.682,199.174,14.997
4.197,2.43,38.019,38.019,53.221,603854.146,1920.568,102.914,38.387,70.65,2.681,199.225,14.995
4.197,2.43,38.027,38.027,53.214,603854.146,1920.568,102.927,38.407,70.667,2.68,199.276,14.994
4.197,2.43,38.034,38.034,53.207,603854.146,1920.568,102.939,38.427,70.683,2.679,199.327,14.992
4.197,2.43,38.042,38.042,53.201,603854.146,1920.568,102.951,38.447,70.699,2.678,199.378,14.99
4.197,2.43,38.05,38.05,53.194,603854.146,1920.568,102.963,38.467,70.715,2.677,199.428,14.988
4.197,2.43,38.058,38.058,53.187,603854.146,1920.568,102.975,38.488,70.731,2.676,199.479,14.986
4.197,2.43,38.065,38.065,53.18,603854.146,1920.568,102.987,38.508,70.747,2.674,199.53,14.984
4.197,2.43,38.073,38.073,53.174,603854.146,1920.568,102.999,38.528,70.763,2.673,199.581,14.982
4.197,2.43,38.081,38.081,53.167,603854.146,1920.568,103.011,38.548,70.78,2.672,199.632,14.98
4.197,2.43,38.089,38.089,53.16,603854.146,1920.568,103.023,38.569,70.796,2.671,199.683,14.978
4.197,2.43,38.097,38.097,53.153,603854.146,1920.568,103.035,38.589,70.812,2.67,199.734,14.976
4.197,2.43,38.104,38.104,53.147,603854.146,1920.568,103.047,38.609,70.828,2.669,199.785,14.975
4.197,2.43,38.112,38.112,53.14,603854.146,1920.568,103.059,38.629,70.844,2.668,199.836,14.973
4.197,2.43,38.12,38.12,53.133,603854.146,1920.568,103.071,38.649,70.86,2.667,199.887,14.971
4.197,2.43,38.128,38.128,53.126,603854.146,1920.568,103.083,38.67,70.876,2.666,199.937,14.969
4.197,2.43,38.135,38.135,53.12,603854.146,1920.568,103.095,38.69,70.892,2.665,199.988,14.967
4.197,2.43,38.143,38.143,53.113,603854.146,1920.568,103.107,38.71,70.908,2.664,200.039,14.965
4.197,2.43,38.151,38.151,53.106,603854.146,1920.568,103.119,38.73,70.925,2.663,200.09,14.963
4.197,2.43,38.159,38.159,53.099,603854.146,1920.568,103.131,38.75,70.941,2.661,200.141,14.961
4.197,2.43,38.167,38.167,53.093,603854.146,1920.568,103.143,38.77,70.957,2.66,200.192,14.959
4.197,2.43,38.174,38.174,53.086,603854.146,1920.568,103.155,38.791,70.973,2.659,200.243,14.957
4.197,2.43,38.182,38.182,53.079,603854.146,1920.568,103.167,38.811,70.989,2.658,200.293,14.956
4.197,2.43,38.19,38.19,53.073,603854.146,1920.568,103.179,38.831,71.005,2.657,200.344,14.954
4.197,2.43,38.198,38.198,53.066,603854.146,1920.568,103.191,38.851,71.021,2.656,200.395,14.952
4.197,2.43,38.205,38.205,53.059,603854.146,1920.568,103.203,38.871,71.037,2.655,200.446,14.95
4.197,2.43,38.213,38.213,53.052,603854.146,1920.568,103.215,38.891,71.053,2.654,200.497,14.948
4.197,2.43,38.221,38.221,53.046,603854.146,1920.568,103.227,38.912,71.069,2.653,200.547,14.946
4.197,2.43,38.229,38.229,53.039,603854.146,1920.568,103.239,38.932,71.085,2.652,200.598,14.944
4.197,2.43,38.237,38.237,53.032,603854.146,1920.568,103.251,38.952,71.102,2.651,200.649,14.942
4.197,2.43,38.244,38.244,53.026,603854.146,1920.568,103.263,38.972,71.118,2.65,200.7,14.94
4.197,2.43,38.252,38.252,53.019,603854.146,1920.568,103.275,38.992,71.134,2.649,200.751,14.939
4.197,2.43,38.26,38.26,53.012,603854.146,1920.568,103.287,39.012,71.15,2.648,200.801,14.937
4.197,2.43,38.268,38.268,53.006,603854.146,1920.568,103.299,39.032,71.166,2.647,200.852,14.935
4.197,2.43,38.275,38.275,52.999,603854.146,1920.568,103.311,39.052,71.182,2.645,200.903,14.933
4.197,2.43,38.283,38.283,52.992,603854.146,1920.568,103.323,39.073,71.198,2.644,200.954,14.931
4.197,2.43,38.291,38.291,52.986,603854.146,1920.568,103.336,39.093,71.214,2.643,201.004,14.929
4.197,2.43,38.299,38.299,52.979,603854.146,1920.568,103.348,39.113,71.23,2.642,201.055,14.927
4.197,2.43,38.306,38.306,52.972,603854.146,1920.568,103.36,39.133,71.246,2.641,201.106,14.925
4.197,2.43,38.314,38.314,52.966,603854.146,1920.568,103.372,39.153,71.262,2.64,201.157,14.924
4.197,2.43,38.322,38.322,52.959,603854.146,1920.568,103.384,39.173,71.278,2.639,201.207,14.922
4.197,2.43,38.33,38.33,52.952,603854.146,1920.568,103.396,39.193,71.294,2.638,201.258,14.92
4.197,2.43,38.337,38.337,52.946,603854.146,1920.568,103.408,39.213,71.31,2.637,201.309,14.918
4.197,2.43,38.345,38.345,52.939,603854.146,1920.568,103.42,39.233,71.327,2.636,201.359,14.916
4.197,2.43,38.353,38.353,52.933,603854.146,1920.568,103.432,39.253,71.343,2.635,201.41,14.914
4.197,2.43,38.361,38.361,52.926,603854.146,1920.568,103.444,39.273,71.359,2.634,201.461,14.912
4.197,2.43,38.368,38.368,52.919,603854.146,1920.568,103.456,39.294,71.375,2.633,201.512,14.91
4.197,2.43,38.376,38.376,52.913,603854.146,1920.568,103.468,39.314,71.391,2.632,201.562,14.909
4.197,2.43,38.384,38.384,52.906,603854.146,1920.568,103.48,39.334,71.407,2.631,201.613,14.907
4.197,2.43,38.392,38.392,52.899,603854.146,1920.568,103.492,39.354,71.423,2.63,201.664,14.905
4.197,2.43,38.399,38.399,52.893,603854.146,1920.568,103.504,39.374,71.439,2.629,201.714,14.903
4.197,2.43,38.407,38.407,52.886,603854.146,1920.568,103.516,39.394,71.455,2.628,201.765,14.901
4.197,2.43,38.415,38.415,52.88,603854.146,1920.568,103.528,39.414,71.471,2.627,201.816,14.899
4.197,2.43,38.423,38.423,52.873,603854.146,1920.568,103.54,39.434,71.487,2.626,201.866,14.897
4.197,2.43,38.43,38.43,52.866,603854.146,1920.568,103.552,39.454,71.503,2.625,201.917,14.896
4.197,2.43,38.438,38.438,52.86,603854.146,1920.568,103.564,39.474,71.519,2.624,201.968,14.894
4.197,2.43,38.446,38.446,52.853,603854.146,1920.568,103.576,39.494,71.535,2.623,202.018,14.892
4.197,2.43,38.454,38.454,52.847,603854.146,1920.568,103.588,39.514,71.551,2.622,202.069,14.89
4.197,2.43,38.461,38.461,52.84,603854.146,1920.568,103.6,39.534,71.567,2.621,202.119,14.888
4.197,2.43,38.469,38.469,52.833,603854.146,1920.568,103.612,39.554,71.583,2.62,202.17,14.886
4.197,2.43,38.477,38.477,52.827,603854.146,1920.568,103.624,39.574,71.599,2.618,202.221,14.884
4.197,2.43,38.485,38.485,52.82,603854.146,1920.568,103.636,39.594,71.615,2.617,202.271,14.883
4.197,2.43,38.492,38.492,52.814,603854.146,1920.568,103.648,39.614,71.631,2.616,202.322,14.881
4.197,2.43,38.5,38.5,52.807,603854.146,1920.568,103.661,39.634,71.647,2.615,202.372,14.879
4.197,2.43,38.508,38.508,52.801,603854.146,1920.568,103.673,39.654,71.663,2.614,202.423,14.877
4.197,2.43,38.515,38.515,52.794,603854.146,1920.568,103.685,39.674,71.679,2.613,202.474,14.875
4.197,2.43,38.523,38.523,52.788,603854.146,1920.568,103.697,39.694,71.695,2.612,202.524,14.873
4.197,2.43,38.531,38.531,52.781,603854.146,1920.568,103.709,39.714,71.711,2.611,202.575,14.872
4.197,2.43,38.539,38.539,52.774,603854.146,1920.568,103.721,39.734,71.727,2.61,202.625,14.87
4.197,2.43,38.546,38.546,52.768,603854.146,1920.568,103.733,39.754,71.743,2.609,202.676,14.868
4.197,2.43,38.554,38.554,52.761,603854.146,1920.568,103.745,39.774,71.759,2.608,202.727,14.866
4.197,2.43,38.562,38.562,52.755,603854.146,1920.568,103.757,39.794,71.775,2.607,202.777,14.864
4.197,2.43,38.57,38.57,52.748,603854.146,1920.568,103.769,39.814,71.791,2.606,202.828,14.862
4.197,2.43,38.577,38.577,52.742,603854.146,1920.568,103.781,39.834,71.807,2.605,202.878,14.86
4.197,2.43,38.585,38.585,52.735,603854.146,1920.568,103.793,39.854,71.823,2.604,202.929,14.859
4.197,2.43,38.593,38.593,52.729,603854.146,1920.568,103.805,39.874,71.839,2.603,202.979,14.857
4.197,2.43,38.6,38.6,52.722,603854.146,1920.568,103.817,39.894,71.855,2.602,203.03,14.855
4.197,2.43,38.608,38.608,52.716,603854.146,1920.568,103.829,39.914,71.871,2.601,203.08,14.853
4.197,2.43,38.616,38.616,52.709,603854.146,1920.568,103.841,39.934,71.887,2.6,203.131,14.851
4.197,2.43,38.624,38.624,52.703,603854.146,1920.568,103.853,39.954,71.903,2.599,203.181,14.849
4.197,2.43,38.631,38.631,52.696,603854.146,1920.568,103.865,39.974,71.919,2.598,203.232,14.848
4.197,2.43,38.639,38.639,52.69,603854.146,1920.568,103.877,39.993,71.935,2.597,203.282,14.846
4.197,2.43,38.647,38.647,52.683,603854.146,1920.568,103.89,40.013,71.951,2.596,203.333,14.844
4.197,2.43,38.655,38.655,52.677,603854.146,1920.568,103.902,40.033,71.967,2.595,203.383,14.842
4.197,2.43,38.662,38.662,52.67,603854.146,1920.568,103.914,40.053,71.983,2.594,203.434,14.84
4.197,2.43,38.67,38.67,52.664,603854.146,1920.568,103.926,40.073,71.999,2.593,203.484,14.839
4.197,2.43,38.678,38.678,52.657,603854.146,1920.568,103.938,40.093,72.015,2.592,203.535,14.837
4.197,2.43,38.685,38.685,52.651,603854.146,1920.568,103.95,40.113,72.031,2.591,203.585,14.835
4.197,2.43,38.693,38.693,52.644,603854.146,1920.568,103.962,40.133,72.047,2.59,203.636,14.833
4.197,2.43,38.701,38.701,52.638,603854.146,1920.568,103.974,40.153,72.063,2.589,203.686,14.831
4.197,2.43,38.709,38.709,52.632,603854.146,1920.568,103.986,40.173,72.079,2.588,203.737,14.829
4.197,2.43,38.716,38.716,52.625,603854.146,1920.568,103.998,40.192,72.095,2.588,203.787,14.828
4.197,2.43,38.724,38.724,52.619,603854.146,1920.568,104.01,40.212,72.111,2.587,203.838,14.826
4.197,2.43,38.732,38.732,52.612,603854.146,1920.568,104.022,40.232,72.127,2.586,203.888,14.824
4.197,2.43,38.739,38.739,52.606,603854.146,1920.568,104.034,40.252,72.143,2.585,203.938,14.822
4.197,2.43,38.747,38.747,52.599,603854.146,1920.568,104.046,40.272,72.159,2.584,203.989,14.82
4.197,2.43,38.755,38.755,52.593,603854.146,1920.568,104.058,40.292,72.175,2.583,204.039,14.819
4.197,2.43,38.763,38.763,52.587,603854.146,1920.568,104.071,40.312,72.191,2.582,204.09,14.817
4.197,2.43,38.77,38.77,52.58,603854.146,1920.568,104.083,40.332,72.207,2.581,204.14,14.815
4.197,2.43,38.778,38.778,52.574,603854.146,1920.568,104.095,40.351,72.223,2.58,204.191,14.813
4.197,2.43,38.786,38.786,52.567,603854.146,1920.568,104.107,40.371,72.239,2.579,204.241,14.811
4.197,2.43,38.793,38.793,52.561,603854.146,1920.568,104.119,40.391,72.255,2.578,204.291,14.809
4.197,2.43,38.801,38.801,52.554,603854.146,1920.568,104.131,40.411,72.271,2.577,204.342,14.808
4.197,2.43,38.809,38.809,52.548,603854.146,1920.568,104.143,40.431,72.287,2.576,204.392,14.806
4.197,2.43,38.816,38.816,52.542,603854.146,1920.568,104.155,40.451,72.303,2.575,204.443,14.804
4.197,2.43,38.824,38.824,52.535,603854.146,1920.568,104.167,40.47,72.319,2.574,204.493,14.802
4.197,2.43,38.832,38.832,52.529,603854.146,1920.568,104.179,40.49,72.335,2.573,204.543,14.8
4.197,2.43,38.84,38.84,52.523,603854.146,1920.568,104.191,40.51,72.351,2.572,204.594,14.799
4.197,2.43,38.847,38.847,52.516,603854.146,1920.568,104.203,40.53,72.367,2.571,204.644,14.797
4.197,2.43,38.855,38.855,52.51,603854.146,1920.568,104.216,40.55,72.383,2.57,204.694,14.795
4.197,2.43,38.863,38.863,52.503,603854.146,1920.568,104.228,40.57,72.399,2.569,204.745,14.793
4.197,2.43,38.87,38.87,52.497,603854.146,1920.568,104.24,40.589,72.415,2.568,204.795,14.792
4.197,2.43,38.878,38.878,52.491,603854.146,1920.568,104.252,40.609,72.43,2.567,204.846,14.79
4.197,2.43,38.886,38.886,52.484,603854.146,1920.568,104.264,40.629,72.446,2.566,204.896,14.788
4.197,2.43,38.893,38.893,52.478,603854.146,1920.568,104.276,40.649,72.462,2.565,204.946,14.786
4.197,2.43,38.901,38.901,52.472,603854.146,1920.568,104.288,40.668,72.478,2.564,204.997,14.784
4.197,2.43,38.909,38.909,52.465,603854.146,1920.568,104.3,40.688,72.494,2.563,205.047,14.783
4.197,2.43,38.917,38.917,52.459,603854.146,1920.568,104.312,40.708,72.51,2.562,205.097,14.781
4.197,2.43,38.924,38.924,52.453,603854.146,1920.568,104.324,40.728,72.526,2.562,205.148,14.779
4.197,2.43,38.932,38.932,52.446,603854.146,1920.568,104.337,40.748,72.542,2.561,205.198,14.777
4.197,2.43,38.94,38.94,52.44,603854.146,1920.568,104.349,40.767,72.558,2.56,205.248,14.775
4.197,2.43,38.947,38.947,52.434,603854.146,1920.568,104.361,40.787,72.574,2.559,205.299,14.774
4.197,2.43,38.955,38.955,52.427,603854.146,1920.568,104.373,40.807,72.59,2.558,205.349,14.772
4.197,2.43,38.963,38.963,52.421,603854.146,1920.568,104.385,40.827,72.606,2.557,205.399,14.77
4.197,2.43,38.97,38.97,52.415,603854.146,1920.568,104.397,40.846,72.622,2.556,205.45,14.768
4.197,2.43,38.978,38.978,52.409,603854.146,1920.568,104.409,40.866,72.638,2.555,205.5,14.767
4.197,2.43,38.986,38.986,52.402,603854.146,1920.568,104.421,40.886,72.654,2.554,205.55,14.765
4.197,2.43,38.993,38.993,52.396,603854.146,1920.568,104.433,40.906,72.67,2.553,205.6,14.763
4.197,2.43,39.001,39.001,52.39,603854.146,1920.568,104.446,40.925,72.685,2.552,205.651,14.761
4.197,2.43,39.009,39.009,52.383,603854.146,1920.568,104.458,40.945,72.701,2.551,205.701,14.76
4.197,2.43,39.017,39.017,52.377,603854.146,1920.568,104.47,40.965,72.717,2.55,205.751,14.758
4.197,2.43,39.024,39.024,52.371,603854.146,1920.568,104.482,40.984,72.733,2.549,205.802,14.756
4.197,2.43,39.032,39.032,52.365,603854.146,1920.568,104.494,41.004,72.749,2.548,205.852,14.754
4.197,2.43,39.04,39.04,52.358,603854.146,1920.568,104.506,41.024,72.765,2.547,205.902,14.752
4.197,2.43,39.047,39.047,52.352,603854.146,1920.568,104.518,41.044,72.781,2.547,205.952,14.751
4.197,2.43,39.055,39.055,52.346,603854.146,1920.568,104.53,41.063,72.797,2.546,206.003,14.749
4.197,2.43,39.063,39.063,52.34,603854.146,1920.568,104.543,41.083,72.813,2.545,206.053,14.747
4.197,2.43,39.07,39.07,52.333,603854.146,1920.568,104.555,41.103,72.829,2.544,206.103,14.745
4.197,2.43,39.078,39.078,52.327,603854.146,1920.568,104.567,41.122,72.845,2.543,206.153,14.744
4.197,2.43,39.086,39.086,52.321,603854.146,1920.568,104.579,41.142,72.861,2.542,206.204,14.742
4.197,2.43,39.093,39.093,52.315,603854.146,1920.568,104.591,41.162,72.876,2.541,206.254,14.74
4.197,2.43,39.101,39.101,52.309,603854.146,1920.568,104.603,41.181,72.892,2.54,206.304,14.738
4.197,2.43,39.109,39.109,52.302,603854.146,1920.568,104.615,41.201,72.908,2.539,206.354,14.737
4.197,2.43,39.116,39.116,52.296,603854.146,1920.568,104.628,41.221,72.924,2.538,206.405,14.735
4.197,2.43,39.124,39.124,52.29,603854.146,1920.568,104.64,41.24,72.94,2.537,206.455,14.733
4.197,2.43,39.132,39.132,52.284,603854.146,1920.568,104.652,41.26,72.956,2.536,206.505,14.731
4.197,2.43,39.139,39.139,52.278,603854.146,1920.568,104.664,41.28,72.972,2.535,206.555,14.73
4.197,2.43,39.147,39.147,52.271,603854.146,1920.568,104.676,41.299,72.988,2.535,206.605,14.728
4.197,2.43,39.155,39.155,52.265,603854.146,1920.568,104.688,41.319,73.004,2.534,206.656,14.726
4.197,2.43,39.162,39.162,52.259,603854.146,1920.568,104.7,41.339,73.02,2.533,206.706,14.724
4.197,2.43,39.17,39.17,52.253,603854.146,1920.568,104.713,41.358,73.035,2.532,206.756,14.723
4.197,2.43,39.178,39.178,52.247,603854.146,1920.568,104.725,41.378,73.051,2.531,206.806,14.721
4.197,2.43,39.185,39.185,52.241,603854.146,1920.568,104.737,41.398,73.067,2.53,206.856,14.719
4.197,2.43,39.193,39.193,52.234,603854.146,1920.568,104.749,41.417,73.083,2.529,206.907,14.718
4.197,2.43,39.201,39.201,52.228,603854.146,1920.568,104.761,41.437,73.099,2.528,206.957,14.716
4.197,2.43,39.208,39.208,52.222,603854.146,1920.568,104.773,41.456,73.115,2.527,207.007,14.714
4.197,2.43,39.216,39.216,52.216,603854.146,1920.568,104.786,41.476,73.131,2.526,207.057,14.712
4.197,2.43,39.224,39.224,52.21,603854.146,1920.568,104.798,41.496,73.147,2.526,207.107,14.711
4.197,2.43,39.232,39.232,52.204,603854.146,1920.568,104.81,41.515,73.163,2.525,207.157,14.709
4.197,2.43,39.239,39.239,52.198,603854.146,1920.568,104.822,41.535,73.178,2.524,207.208,14.707
4.197,2.43,39.247,39.247,52.192,603854.146,1920.568,104.834,41.554,73.194,2.523,207.258,14.705
4.197,2.43,39.255,39.255,52.185,603854.146,1920.568,104.847,41.574,73.21,2.522,207.308,14.704
4.197,2.43,39.262,39.262,52.179,603854.146,1920.568,104.859,41.594,73.226,2.521,207.358,14.702
4.197,2.43,39.27,39.27,52.173,603854.146,1920.568,104.871,41.613,73.242,2.52,207.408,14.7
4.197,2.43,39.278,39.278,52.167,603854.146,1920.568,104.883,41.633,73.258,2.519,207.458,14.699
4.197,2.43,39.285,39.285,52.161,603854.146,1920.568,104.895,41.652,73.274,2.518,207.509,14.697
4.197,2.43,39.293,39.293,52.155,603854.146,1920.568,104.907,41.672,73.29,2.517,207.559,14.695
4.197,2.43,39.301,39.301,52.149,603854.146,1920.568,104.92,41.691,73.306,2.517,207.609,14.693
4.197,2.43,39.308,39.308,52.143,603854.146,1920.568,104.932,41.711,73.321,2.516,207.659,14.692
4.197,2.43,39.316,39.316,52.137,603854.146,1920.568,104.944,41.731,73.337,2.515,207.709,14.69
4.197,2.43,39.324,39.324,52.131,603854.146,1920.568,104.956,41.75,73.353,2.514,207.759,14.688
4.197,2.43,39.331,39.331,52.125,603854.146,1920.568,104.968,41.77,73.369,2.513,207.809,14.687
4.197,2.43,39.339,39.339,52.119,603854.146,1920.568,104.981,41.789,73.385,2.512,207.859,14.685
4.197,2.43,39.346,39.346,52.113,603854.146,1920.568,104.993,41.809,73.401,2.511,207.91,14.683
4.197,2.43,39.354,39.354,52.106,603854.146,1920.568,105.005,41.828,73.417,2.51,207.96,14.681
4.197,2.43,39.362,39.362,52.1,603854.146,1920.568,105.017,41.848,73.433,2.51,208.01,14.68
4.197,2.43,39.369,39.369,52.094,603854.146,1920.568,105.029,41.867,73.448,2.509,208.06,14.678
4.197,2.43,39.377,39.377,52.088,603854.146,1920.568,105.042,41.887,73.464,2.508,208.11,14.676
4.197,2.43,39.385,39.385,52.082,603854.146,1920.568,105.054,41.906,73.48,2.507,208.16,14.675
4.197,2.43,39.392,39.392,52.076,603854.146,1920.568,105.066,41.926,73.496,2.506,208.21,14.673
4.197,2.43,39.4,39.4,52.07,603854.146,1920.568,105.078,41.945,73.512,2.505,208.26,14.671
4.197,2.43,39.408,39.408,52.064,603854.146,1920.568,105.091,41.965,73.528,2.504,208.31,14.67
4.197,2.43,39.415,39.415,52.058,603854.146,1920.568,105.103,41.984,73.544,2.503,208.361,14.668
4.197,2.43,39.423,39.423,52.052,603854.146,1920.568,105.115,42.004,73.559,2.503,208.411,14.666
4.197,2.43,39.431,39.431,52.046,603854.146,1920.568,105.127,42.023,73.575,2.502,208.461,14.665
4.197,2.43,39.438,39.438,52.04,603854.146,1920.568,105.14,42.043,73.591,2.501,208.511,14.663
4.197,2.43,39.446,39.446,52.034,603854.146,1920.568,105.152,42.062,73.607,2.5,208.561,14.661
4.197,2.43,39.454,39.454,52.028,603854.146,1920.568,105.164,42.082,73.623,2.499,208.611,14.659
4.197,2.43,39.461,39.461,52.023,603854.146,1920.568,105.176,42.101,73.639,2.498,208.661,14.658
4.197,2.43,39.469,39.469,52.017,603854.146,1920.568,105.188,42.121,73.655,2.497,208.711,14.656
4.197,2.43,39.477,39.477,52.011,603854.146,1920.568,105.201,42.14,73.67,2.496,208.761,14.654
4.197,2.43,39.484,39.484,52.005,603854.146,1920.568,105.213,42.16,73.686,2.496,208.811,14.653
4.197,2.43,39.492,39.492,51.999,603854.146,1920.568,105.225,42.179,73.702,2.495,208.861,14.651
4.197,2.43,39.5,39.5,51.993,603854.146,1920.568,105.238,42.199,73.718,2.494,208.911,14.649
4.197,2.43,39.507,39.507,51.987,603854.146,1920.568,105.25,42.218,73.734,2.493,208.961,14.648
4.197,2.43,39.515,39.515,51.981,603854.146,1920.568,105.262,42.237,73.75,2.492,209.011,14.646
4.197,2.43,39.523,39.523,51.975,603854.146,1920.568,105.274,42.257,73.766,2.491,209.061,14.644
4.197,2.43,39.53,39.53,51.969,603854.146,1920.568,105.287,42.276,73.781,2.49,209.112,14.643
4.197,2.43,39.538,39.538,51.963,603854.146,1920.568,105.299,42.296,73.797,2.49,209.162,14.641
4.197,2.43,39.546,39.546,51.957,603854.146,1920.568,105.311,42.315,73.813,2.489,209.212,14.639
4.197,2.43,39.553,39.553,51.951,603854.146,1920.568,105.323,42.335,73.829,2.488,209.262,14.638
4.197,2.43,39.561,39.561,51.946,603854.146,1920.568,105.336,42.354,73.845,2.487,209.312,14.636
4.197,2.43,39.568,39.568,51.94,603854.146,1920.568,105.348,42.373,73.861,2.486,209.362,14.634
4.197,2.43,39.576,39.576,51.934,603854.146,1920.568,105.36,42.393,73.876,2.485,209.412,14.633
4.197,2.43,39.584,39.584,51.928,603854.146,1920.568,105.372,42.412,73.892,2.484,209.462,14.631
4.197,2.43,39.591,39.591,51.922,603854.146,1920.568,105.385,42.432,73.908,2.484,209.512,14.63
4.197,2.43,39.599,39.599,51.916,603854.146,1920.568,105.397,42.451,73.924,2.483,209.562,14.628
4.197,2.43,39.607,39.607,51.91,603854.146,1920.568,105.409,42.47,73.94,2.482,209.612,14.626
4.197,2.43,39.614,39.614,51.905,603854.146,1920.568,105.422,42.49,73.956,2.481,209.662,14.625
4.197,2.43,39.622,39.622,51.899,603854.146,1920.568,105.434,42.509,73.972,2.48,209.712,14.623
4.197,2.43,39.63,39.63,51.893,603854.146,1920.568,105.446,42.528,73.987,2.479,209.762,14.621
4.197,2.43,39.637,39.637,51.887,603854.146,1920.568,105.459,42.548,74.003,2.479,209.812,14.62
4.197,2.43,39.645,39.645,51.881,603854.146,1920.568,105.471,42.567,74.019,2.478,209.862,14.618
4.197,2.43,39.653,39.653,51.875,603854.146,1920.568,105.483,42.587,74.035,2.477,209.912,14.616
4.197,2.43,39.66,39.66,51.87,603854.146,1920.568,105.495,42.606,74.051,2.476,209.962,14.615
4.197,2.43,39.668,39.668,51.864,603854.146,1920.568,105.508,42.625,74.067,2.475,210.012,14.613
4.197,2.43,39.676,39.676,51.858,603854.146,1920.568,105.52,42.645,74.082,2.474,210.062,14.611
4.197,2.43,39.683,39.683,51.852,603854.146,1920.568,105.532,42.664,74.098,2.474,210.112,14.61
4.197,2.43,39.691,39.691,51.846,603854.146,1920.568,105.545,42.683,74.114,2.473,210.162,14.608
4.197,2.43,39.698,39.698,51.841,603854.146,1920.568,105.557,42.703,74.13,2.472,210.212,14.607
4.197,2.43,39.706,39.706,51.835,603854.146,1920.568,105.569,42.722,74.146,2.471,210.262,14.605
4.197,2.43,39.714,39.714,51.829,603854.146,1920.568,105.582,42.741,74.161,2.47,210.312,14.603
4.197,2.43,39.721,39.721,51.823,603854.146,1920.568,105.594,42.761,74.177,2.469,210.362,14.602
4.197,2.43,39.729,39.729,51.818,603854.146,1920.568,105.606,42.78,74.193,2.469,210.412,14.6
4.197,2.43,39.737,39.737,51.812,603854.146,1920.568,105.619,42.799,74.209,2.468,210.462,14.598
4.197,2.43,39.744,39.744,51.806,603854.146,1920.568,105.631,42.818,74.225,2.467,210.512,14.597
4.197,2.43,39.752,39.752,51.8,603854.146,1920.568,105.643,42.838,74.241,2.466,210.562,14.595
4.197,2.43,39.76,39.76,51.795,603854.146,1920.568,105.656,42.857,74.256,2.465,210.612,14.594
4.197,2.43,39.767,39.767,51.789,603854.146,1920.568,105.668,42.876,74.272,2.464,210.662,14.592
4.197,2.43,39.775,39.775,51.783,603854.146,1920.568,105.681,42.896,74.288,2.464,210.712,14.59
4.197,2.43,39.782,39.782,51.777,603854.146,1920.568,105.693,42.915,74.304,2.463,210.762,14.589
4.197,2.43,39.79,39.79,51.772,603854.146,1920.568,105.705,42.934,74.32,2.462,210.811,14.587
4.197,2.43,39.798,39.798,51.766,603854.146,1920.568,105.718,42.954,74.336,2.461,210.861,14.586
4.197,2.43,39.805,39.805,51.76,603854.146,1920.568,105.73,42.973,74.351,2.46,210.911,14.584
4.197,2.43,39.813,39.813,51.755,603854.146,1920.568,105.742,42.992,74.367,2.46,210.961,14.582
4.197,2.43,39.821,39.821,51.749,603854.146,1920.568,105.755,43.011,74.383,2.459,211.011,14.581
4.197,2.43,39.828,39.828,51.743,603854.146,1920.568,105.767,43.031,74.399,2.458,211.061,14.579
4.197,2.43,39.836,39.836,51.738,603854.146,1920.568,105.779,43.05,74.415,2.457,211.111,14.578
4.197,2.43,39.844,39.844,51.732,603854.146,1920.568,105.792,43.069,74.43,2.456,211.161,14.576
4.197,2.43,39.851,39.851,51.726,603854.146,1920.568,105.804,43.088,74.446,2.456,211.211,14.574
4.197,2.43,39.859,39.859,51.721,603854.146,1920.568,105.817,43.108,74.462,2.455,211.261,14.573
4.197,2.43,39.866,39.866,51.715,603854.146,1920.568,105.829,43.127,74.478,2.454,211.311,14.571
4.197,2.43,39.874,39.874,51.709,603854.146,1920.568,105.841,43.146,74.494,2.453,211.361,14.57
4.197,2.43,39.882,39.882,51.704,603854.146,1920.568,105.854,43.165,74.51,2.452,211.411,14.568
4.197,2.43,39.889,39.889,51.698,603854.146,1920.568,105.866,43.184,74.525,2.451,211.461,14.566
4.197,2.43,39.897,39.897,51.693,603854.146,1920.568,105.879,43.204,74.541,2.451,211.511,14.565
4.197,2.43,39.905,39.905,51.687,603854.146,1920.568,105.891,43.223,74.557,2.45,211.561,14.563
4.197,2.43,39.912,39.912,51.681,603854.146,1920.568,105.903,43.242,74.573,2.449,211.61,14.562
4.197,2.43,39.92,39.92,51.676,603854.146,1920.568,105.916,43.261,74.589,2.448,211.66,14.56
4.197,2.43,39.928,39.928,51.67,603854.146,1920.568,105.928,43.281,74.604,2.447,211.71,14.559
4.197,2.43,39.935,39.935,51.664,603854.146,1920.568,105.941,43.3,74.62,2.447,211.76,14.557
4.197,2.43,39.943,39.943,51.659,603854.146,1920.568,105.953,43.319,74.636,2.446,211.81,14.555
4.197,2.43,39.95,39.95,51.653,603854.146,1920.568,105.965,43.338,74.652,2.445,211.86,14.554
4.197,2.43,39.958,39.958,51.648,603854.146,1920.568,105.978,43.357,74.668,2.444,211.91,14.552
4.197,2.43,39.966,39.966,51.642,603854.146,1920.568,105.99,43.376,74.683,2.443,211.96,14.551
4.197,2.43,39.973,39.973,51.637,603854.146,1920.568,106.003,43.396,74.699,2.443,212.01,14.549
4.197,2.43,39.981,39.981,51.631,603854.146,1920.568,106.015,43.415,74.715,2.442,212.06,14.548
4.197,2.43,39.989,39.989,51.625,603854.146,1920.568,106.028,43.434,74.731,2.441,212.11,14.546
4.197,2.43,39.996,39.996,51.62,603854.146,1920.568,106.04,43.453,74.747,2.44,212.16,14.544
4.197,2.43,40.004,40.004,51.614,603854.146,1920.568,106.053,43.472,74.762,2.44,212.209,14.543
4.197,2.43,40.011,40.011,51.609,603854.146,1920.568,106.065,43.491,74.778,2.439,212.259,14.541
4.197,2.43,40.019,40.019,51.603,603854.146,1920.568,106.077,43.511,74.794,2.438,212.309,14.54
4.197,2.43,40.027,40.027,51.598,603854.146,1920.568,106.09,43.53,74.81,2.437,212.359,14.538
4.197,2.43,40.034,40.034,51.592,603854.146,1920.568,106.102,43.549,74.826,2.436,212.409,14.537
4.197,2.43,40.042,40.042,51.587,603854.146,1920.568,106.115,43.568,74.841,2.436,212.459,14.535
4.197,2.43,40.05,40.05,51.581,603854.146,1920.568,106.127,43.587,74.857,2.435,212.509,14.533
4.197,2.43,40.057,40.057,51.576,603854.146,1920.568,106.14,43.606,74.873,2.434,212.559,14.532
4.197,2.43,40.065,40.065,51.57,603854.146,1920.568,106.152,43.625,74.889,2.433,212.609,14.53
4.197,2.43,40.072,40.072,51.565,603854.146,1920.568,106.165,43.645,74.905,2.432,212.658,14.529
4.197,2.43,40.08,40.08,51.559,603854.146,1920.568,106.177,43.664,74.92,2.432,212.708,14.527
4.197,2.43,40.088,40.088,51.554,603854.146,1920.568,106.19,43.683,74.936,2.431,212.758,14.526
4.197,2.43,40.095,40.095,51.548,603854.146,1920.568,106.202,43.702,74.952,2.43,212.808,14.524
4.197,2.43,40.103,40.103,51.543,603854.146,1920.568,106.215,43.721,74.968,2.429,212.858,14.523
4.197,2.43,40.111,40.111,51.537,603854.146,1920.568,106.227,43.74,74.984,2.429,212.908,14.521
4.197,2.43,40.118,40.118,51.532,603854.146,1920.568,106.239,43.759,74.999,2.428,212.958,14.52
4.197,2.43,40.126,40.126,51.526,603854.146,1920.568,106.252,43.778,75.015,2.427,213.008,14.518
4.197,2.43,40.133,40.133,51.521,603854.146,1920.568,106.264,43.797,75.031,2.426,213.057,14.517
4.197,2.43,40.141,40.141,51.516,603854.146,1920.568,106.277,43.817,75.047,2.425,213.107,14.515
4.197,2.43,40.149,40.149,51.51,603854.146,1920.568,106.289,43.836,75.063,2.425,213.157,14.513
4.197,2.43,40.156,40.156,51.505,603854.146,1920.568,106.302,43.855,75.078,2.424,213.207,14.512
4.197,2.43,40.164,40.164,51.499,603854.146,1920.568,106.314,43.874,75.094,2.423,213.257,14.51
4.197,2.43,40.172,40.172,51.494,603854.146,1920.568,106.327,43.893,75.11,2.422,213.307,14.509
4.197,2.43,40.179,40.179,51.488,603854.146,1920.568,106.339,43.912,75.126,2.422,213.357,14.507
4.197,2.43,40.187,40.187,51.483,603854.146,1920.568,106.352,43.931,75.142,2.421,213.407,14.506
4.197,2.43,40.194,40.194,51.478,603854.146,1920.568,106.364,43.95,75.157,2.42,213.456,14.504
4.197,2.43,40.202,40.202,51.472,603854.146,1920.568,106.377,43.969,75.173,2.419,213.506,14.503
4.197,2.43,40.21,40.21,51.467,603854.146,1920.568,106.39,43.988,75.189,2.419,213.556,14.501
4.197,2.43,40.217,40.217,51.461,603854.146,1920.568,106.402,44.007,75.205,2.418,213.606,14.5
4.197,2.43,40.225,40.225,51.456,603854.146,1920.568,106.415,44.026,75.22,2.417,213.656,14.498
4.197,2.43,40.233,40.233,51.451,603854.146,1920.568,106.427,44.045,75.236,2.416,213.706,14.497
4.197,2.43,40.24,40.24,51.445,603854.146,1920.568,106.44,44.064,75.252,2.416,213.755,14.495
4.197,2.43,40.248,40.248,51.44,603854.146,1920.568,106.452,44.083,75.268,2.415,213.805,14.494
4.197,2.43,40.255,40.255,51.435,603854.146,1920.568,106.465,44.103,75.284,2.414,213.855,14.492
4.197,2.43,40.263,40.263,51.429,603854.146,1920.568,106.477,44.122,75.299,2.413,213.905,14.491
4.197,2.43,40.271,40.271,51.424,603854.146,1920.568,106.49,44.141,75.315,2.413,213.955,14.489
4.197,2.43,40.278,40.278,51.418,603854.146,1920.568,106.502,44.16,75.331,2.412,214.005,14.488
4.197,2.43,40.286,40.286,51.413,603854.146,1920.568,106.515,44.179,75.347,2.411,214.054,14.486
4.197,2.43,40.294,40.294,51.408,603854.146,1920.568,106.527,44.198,75.362,2.41,214.104,14.485
4.197,2.43,40.301,40.301,51.402,603854.146,1920.568,106.54,44.217,75.378,2.409,214.154,14.483
4.197,2.43,40.309,40.309,51.397,603854.146,1920.568,106.552,44.236,75.394,2.409,214.204,14.482
4.197,2.43,40.316,40.316,51.392,603854.146,1920.568,106.565,44.255,75.41,2.408,214.254,14.48
4.197,2.43,40.324,40.324,51.387,603854.146,1920.568,106.578,44.274,75.426,2.407,214.304,14.479
4.197,2.43,40.332,40.332,51.381,603854.146,1920.568,106.59,44.293,75.441,2.406,214.353,14.477
4.197,2.43,40.339,40.339,51.376,603854.146,1920.568,106.603,44.312,75.457,2.406,214.403,14.476
4.197,2.43,40.347,40.347,51.371,603854.146,1920.568,106.615,44.331,75.473,2.405,214.453,14.474
4.197,2.43,40.354,40.354,51.365,603854.146,1920.568,106.628,44.35,75.489,2.404,214.503,14.473
4.197,2.43,40.362,40.362,51.36,603854.146,1920.568,106.64,44.369,75.505,2.404,214.553,14.471
4.197,2.43,40.37,40.37,51.355,603854.146,1920.568,106.653,44.388,75.52,2.403,214.603,14.47
4.197,2.43,40.377,40.377,51.349,603854.146,1920.568,106.666,44.407,75.536,2.402,214.652,14.468
4.197,2.43,40.385,40.385,51.344,603854.146,1920.568,106.678,44.426,75.552,2.401,214.702,14.467
4.197,2.43,40.393,40.393,51.339,603854.146,1920.568,106.691,44.445,75.568,2.401,214.752,14.465
4.197,2.43,40.4,40.4,51.334,603854.146,1920.568,106.703,44.463,75.583,2.4,214.802,14.464
4.197,2.43,40.408,40.408,51.328,603854.146,1920.568,106.716,44.482,75.599,2.399,214.852,14.462
4.197,2.43,40.415,40.415,51.323,603854.146,1920.568,106.728,44.501,75.615,2.398,214.901,14.461
4.197,2.43,40.423,40.423,51.318,603854.146,1920.568,106.741,44.52,75.631,2.398,214.951,14.459
4.197,2.43,40.431,40.431,51.313,603854.146,1920.568,106.754,44.539,75.646,2.397,215.001,14.458
4.197,2.43,40.438,40.438,51.307,603854.146,1920.568,106.766,44.558,75.662,2.396,215.051,14.456
4.197,2.43,40.446,40.446,51.302,603854.146,1920.568,106.779,44.577,75.678,2.395,215.101,14.455
4.197,2.43,40.453,40.453,51.297,603854.146,1920.568,106.791,44.596,75.694,2.395,215.15,14.453
4.197,2.43,40.461,40.461,51.292,603854.146,1920.568,106.804,44.615,75.71,2.394,215.2,14.452
4.197,2.43,40.469,40.469,51.286,603854.146,1920.568,106.817,44.634,75.725,2.393,215.25,14.45
4.197,2.43,40.476,40.476,51.281,603854.146,1920.568,106.829,44.653,75.741,2.392,215.3,14.449
4.197,2.43,40.484,40.484,51.276,603854.146,1920.568,106.842,44.672,75.757,2.392,215.35,14.447
4.197,2.43,40.492,40.492,51.271,603854.146,1920.568,106.854,44.691,75.773,2.391,215.399,14.446
4.197,2.43,40.499,40.499,51.266,603854.146,1920.568,106.867,44.71,75.788,2.39,215.449,14.445
4.197,2.43,40.507,40.507,51.26,603854.146,1920.568,106.88,44.729,75.804,2.39,215.499,14.443
4.197,2.43,40.514,40.514,51.255,603854.146,1920.568,106.892,44.748,75.82,2.389,215.549,14.442
4.197,2.43,40.522,40.522,51.25,603854.146,1920.568,106.905,44.766,75.836,2.388,215.599,14.44
4.197,2.43,40.53,40.53,51.245,603854.146,1920.568,106.918,44.785,75.851,2.387,215.648,14.439
4.197,2.43,40.537,40.537,51.24,603854.146,1920.568,106.93,44.804,75.867,2.387,215.698,14.437
4.197,2.43,40.545,40.545,51.235,603854.146,1920.568,106.943,44.823,75.883,2.386,215.748,14.436
4.197,2.43,40.552,40.552,51.229,603854.146,1920.568,106.955,44.842,75.899,2.385,215.798,14.434
4.197,2.43,40.56,40.56,51.224,603854.146,1920.568,106.968,44.861,75.915,2.384,215.847,14.433
4.197,2.43,40.568,40.568,51.219,603854.146,1920.568,106.981,44.88,75.93,2.384,215.897,14.431
4.197,2.43,40.575,40.575,51.214,603854.146,1920.568,106.993,44.899,75.946,2.383,215.947,14.43
4.197,2.43,40.583,40.583,51.209,603854.146,1920.568,107.006,44.918,75.962,2.382,215.997,14.429
4.197,2.43,40.59,40.59,51.204,603854.146,1920.568,107.019,44.936,75.978,2.382,216.047,14.427
4.197,2.43,40.598,40.598,51.198,603854.146,1920.568,107.031,44.955,75.993,2.381,216.096,14.426
4.197,2.43,40.606,40.606,51.193,603854.146,1920.568,107.044,44.974,76.009,2.38,216.146,14.424
4.197,2.43,40.613,40.613,51.188,603854.146,1920.568,107.057,44.993,76.025,2.379,216.196,14.423
4.197,2.43,40.621,40.621,51.183,603854.146,1920.568,107.069,45.012,76.041,2.379,216.246,14.421
4.197,2.43,40.629,40.629,51.178,603854.146,1920.568,107.082,45.031,76.056,2.378,216.295,14.42
4.197,2.43,40.636,40.636,51.173,603854.146,1920.568,107.095,45.05,76.072,2.377,216.345,14.418
4.197,2.43,40.644,40.644,51.168,603854.146,1920.568,107.107,45.069,76.088,2.377,216.395,14.417
4.197,2.43,40.651,40.651,51.163,603854.146,1920.568,107.12,45.087,76.104,2.376,216.445,14.416
4.197,2.43,40.659,40.659,51.158,603854.146,1920.568,107.133,45.106,76.119,2.375,216.494,14.414
4.197,2.43,40.667,40.667,51.152,603854.146,1920.568,107.145,45.125,76.135,2.374,216.544,14.413
4.197,2.43,40.674,40.674,51.147,603854.146,1920.568,107.158,45.144,76.151,2.374,216.594,14.411
4.197,2.43,40.682,40.682,51.142,603854.146,1920.568,107.171,45.163,76.167,2.373,216.644,14.41
4.197,2.43,40.689,40.689,51.137,603854.146,1920.568,107.183,45.182,76.182,2.372,216.693,14.408
4.197,2.43,40.697,40.697,51.132,603854.146,1920.568,107.196,45.2,76.198,2.372,216.743,14.407
4.197,2.43,40.705,40.705,51.127,603854.146,1920.568,107.209,45.219,76.214,2.371,216.793,14.405
4.197,2.43,40.712,40.712,51.122,603854.146,1920.568,107.221,45.238,76.23,2.37,216.843,14.404
4.197,2.43,40.72,40.72,51.117,603854.146,1920.568,107.234,45.257,76.245,2.369,216.892,14.403
4.197,2.43,40.727,40.727,51.112,603854.146,1920.568,107.247,45.276,76.261,2.369,216.942,14.401
4.197,2.43,40.735,40.735,51.107,603854.146,1920.568,107.259,45.295,76.277,2.368,216.992,14.4
4.197,2.43,40.743,40.743,51.102,603854.146,1920.568,107.272,45.313,76.293,2.367,217.042,14.398
4.197,2.43,40.75,40.75,51.097,603854.146,1920.568,107.285,45.332,76.308,2.367,217.091,14.397
4.197,2.43,40.758,40.758,51.092,603854.146,1920.568,107.297,45.351,76.324,2.366,217.141,14.396
4.197,2.43,40.765,40.765,51.087,603854.146,1920.568,107.31,45.37,76.34,2.365,217.191,14.394
4.197,2.43,40.773,40.773,51.082,603854.146,1920.568,107.323,45.389,76.356,2.365,217.241,14.393
4.197,2.43,40.781,40.781,51.077,603854.146,1920.568,107.335,45.407,76.371,2.364,217.29,14.391
4.197,2.43,40.788,40.788,51.072,603854.146,1920.568,107.348,45.426,76.387,2.363,217.34,14.39
4.197,2.43,40.796,40.796,51.067,603854.146,1920.568,107.361,45.445,76.403,2.362,217.39,14.388
4.197,2.43,40.803,40.803,51.062,603854.146,1920.568,107.374,45.464,76.419,2.362,217.44,14.387
4.197,2.43,40.811,40.811,51.057,603854.146,1920.568,107.386,45.483,76.434,2.361,217.489,14.386
4.197,2.43,40.819,40.819,51.052,603854.146,1920.568,107.399,45.501,76.45,2.36,217.539,14.384
4.197,2.43,40.826,40.826,51.047,603854.146,1920.568,107.412,45.52,76.466,2.36,217.589,14.383
4.197,2.43,40.834,40.834,51.042,603854.146,1920.568,107.424,45.539,76.482,2.359,217.638,14.381
4.197,2.43,40.841,40.841,51.037,603854.146,1920.568,107.437,45.558,76.497,2.358,217.688,14.38
4.197,2.43,40.849,40.849,51.032,603854.146,1920.568,107.45,45.576,76.513,2.358,217.738,14.379
4.197,2.43,40.857,40.857,51.027,603854.146,1920.568,107.463,45.595,76.529,2.357,217.788,14.377
4.197,2.43,40.864,40.864,51.022,603854.146,1920.568,107.475,45.614,76.545,2.356,217.837,14.376
4.197,2.43,40.872,40.872,51.017,603854.146,1920.568,107.488,45.633,76.56,2.356,217.887,14.374
4.197,2.43,40.879,40.879,51.012,603854.146,1920.568,107.501,45.651,76.576,2.355,217.937,14.373
4.197,2.43,40.887,40.887,51.007,603854.146,1920.568,107.514,45.67,76.592,2.354,217.986,14.372
4.197,2.43,40.895,40.895,51.002,603854.146,1920.568,107.526,45.689,76.608,2.353,218.036,14.37
4.197,2.43,40.902,40.902,50.997,603854.146,1920.568,107.539,45.708,76.623,2.353,218.086,14.369
4.197,2.43,40.91,40.91,50.992,603854.146,1920.568,107.552,45.726,76.639,2.352,218.136,14.367
4.197,2.43,40.917,40.917,50.987,603854.146,1920.568,107.564,45.745,76.655,2.351,218.185,14.366
4.197,2.43,40.925,40.925,50.982,603854.146,1920.568,107.577,45.764,76.671,2.351,218.235,14.365
4.197,2.43,40.933,40.933,50.977,603854.146,1920.568,107.59,45.783,76.686,2.35,218.285,14.363
4.197,2.43,40.94,40.94,50.972,603854.146,1920.568,107.603,45.801,76.702,2.349,218.334,14.362
4.197,2.43,40.948,40.948,50.967,603854.146,1920.568,107.615,45.82,76.718,2.349,218.384,14.36
4.197,2.43,40.955,40.955,50.962,603854.146,1920.568,107.628,45.839,76.734,2.348,218.434,14.359
4.197,2.43,40.963,40.963,50.957,603854.146,1920.568,107.641,45.857,76.749,2.347,218.483,14.358
4.197,2.43,40.971,40.971,50.952,603854.146,1920.568,107.654,45.876,76.765,2.347,218.533,14.356
4.197,2.43,40.978,40.978,50.947,603854.146,1920.568,107.667,45.895,76.781,2.346,218.583,14.355
4.197,2.43,40.986,40.986,50.943,603854.146,1920.568,107.679,45.914,76.796,2.345,218.633,14.354
4.197,2.43,40.993,40.993,50.938,603854.146,1920.568,107.692,45.932,76.812,2.345,218.682,14.352
4.197,2.43,41.001,41.001,50.933,603854.146,1920.568,107.705,45.951,76.828,2.344,218.732,14.351
4.197,2.43,41.009,41.009,50.928,603854.146,1920.568,107.718,45.97,76.844,2.343,218.782,14.349
4.197,2.43,41.016,41.016,50.923,603854.146,1920.568,107.73,45.988,76.859,2.343,218.831,14.348
4.197,2.43,41.024,41.024,50.918,603854.146,1920.568,107.743,46.007,76.875,2.342,218.881,14.347
4.197,2.43,41.031,41.031,50.913,603854.146,1920.568,107.756,46.026,76.891,2.341,218.931,14.345
4.197,2.43,41.039,41.039,50.908,603854.146,1920.568,107.769,46.045,76.907,2.341,218.98,14.344
4.197,2.43,41.047,41.047,50.903,603854.146,1920.568,107.781,46.063,76.922,2.34,219.03,14.343
4.197,2.43,41.054,41.054,50.899,603854.146,1920.568,107.794,46.082,76.938,2.339,219.08,14.341
4.197,2.43,41.062,41.062,50.894,603854.146,1920.568,107.807,46.101,76.954,2.339,219.129,14.34
4.197,2.43,41.069,41.069,50.889,603854.146,1920.568,107.82,46.119,76.969,2.338,219.179,14.338
4.197,2.43,41.077,41.077,50.884,603854.146,1920.568,107.833,46.138,76.985,2.337,219.229,14.337
4.197,2.43,41.085,41.085,50.879,603854.146,1920.568,107.845,46.157,77.001,2.337,219.278,14.336
4.197,2.43,41.092,41.092,50.874,603854.146,1920.568,107.858,46.175,77.017,2.336,219.328,14.334
4.197,2.43,41.1,41.1,50.869,603854.146,1920.568,107.871,46.194,77.032,2.335,219.378,14.333
4.197,2.43,41.107,41.107,50.865,603854.146,1920.568,107.884,46.213,77.048,2.335,219.427,14.332
4.197,2.43,41.115,41.115,50.86,603854.146,1920.568,107.897,46.231,77.064,2.334,219.477,14.33
4.197,2.43,41.122,41.122,50.855,603854.146,1920.568,107.909,46.25,77.08,2.333,219.527,14.329
4.197,2.43,41.13,41.13,50.85,603854.146,1920.568,107.922,46.269,77.095,2.333,219.576,14.327
4.197,2.43,41.138,41.138,50.845,603854.146,1920.568,107.935,46.287,77.111,2.332,219.626,14.326
4.197,2.43,41.145,41.145,50.841,603854.146,1920.568,107.948,46.306,77.127,2.331,219.676,14.325
4.197,2.43,41.153,41.153,50.836,603854.146,1920.568,107.961,46.324,77.142,2.331,219.725,14.323
4.197,2.43,41.16,41.16,50.831,603854.146,1920.568,107.973,46.343,77.158,2.33,219.775,14.322
4.197,2.43,41.168,41.168,50.826,603854.146,1920.568,107.986,46.362,77.174,2.329,219.825,14.321
4.197,2.43,41.176,41.176,50.821,603854.146,1920.568,107.999,46.38,77.19,2.329,219.874,14.319
4.197,2.43,41.183,41.183,50.816,603854.146,1920.568,108.012,46.399,77.205,2.328,219.924,14.318
4.197,2.43,41.191,41.191,50.812,603854.146,1920.568,108.025,46.418,77.221,2.327,219.973,14.317
4.197,2.43,41.198,41.198,50.807,603854.146,1920.568,108.037,46.436,77.237,2.327,220.023,14.315
4.197,2.43,41.206,41.206,50.802,603854.146,1920.568,108.05,46.455,77.253,2.326,220.073,14.314
4.197,2.43,41.214,41.214,50.797,603854.146,1920.568,108.063,46.473,77.268,2.325,220.122,14.313
4.197,2.43,41.221,41.221,50.793,603854.146,1920.568,108.076,46.492,77.284,2.325,220.172,14.311
4.197,2.43,41.229,41.229,50.788,603854.146,1920.568,108.089,46.511,77.3,2.324,220.222,14.31
4.197,2.43,41.236,41.236,50.783,603854.146,1920.568,108.101,46.529,77.315,2.323,220.271,14.309
4.197,2.43,41.244,41.244,50.778,603854.146,1920.568,108.114,46.548,77.331,2.323,220.321,14.307
4.197,2.43,41.252,41.252,50.773,603854.146,1920.568,108.127,46.567,77.347,2.322,220.371,14.306
4.197,2.43,41.259,41.259,50.769,603854.146,1920.568,108.14,46.585,77.363,2.321,220.42,14.305
4.197,2.43,41.267,41.267,50.764,603854.146,1920.568,108.153,46.604,77.378,2.321,220.47,14.303
4.197,2.43,41.274,41.274,50.759,603854.146,1920.568,108.166,46.622,77.394,2.32,220.519,14.302
4.197,2.43,41.282,41.282,50.754,603854.146,1920.568,108.178,46.641,77.41,2.319,220.569,14.301
4.197,2.43,41.289,41.289,50.75,603854.146,1920.568,108.191,46.659,77.425,2.319,220.619,14.299
4.197,2.43,41.297,41.297,50.745,603854.146,1920.568,108.204,46.678,77.441,2.318,220.668,14.298
4.197,2.43,41.305,41.305,50.74,603854.146,1920.568,108.217,46.697,77.457,2.317,220.718,14.297
4.197,2.43,41.312,41.312,50.736,603854.146,1920.568,108.23,46.715,77.473,2.317,220.768,14.295
4.197,2.43,41.32,41.32,50.731,603854.146,1920.568,108.243,46.734,77.488,2.316,220.817,14.294
4.197,2.43,41.327,41.327,50.726,603854.146,1920.568,108.256,46.752,77.504,2.316,220.867,14.293
4.197,2.43,41.335,41.335,50.721,603854.146,1920.568,108.268,46.771,77.52,2.315,220.916,14.291
4.197,2.43,41.343,41.343,50.717,603854.146,1920.568,108.281,46.79,77.535,2.314,220.966,14.29
4.197,2.43,41.35,41.35,50.712,603854.146,1920.568,108.294,46.808,77.551,2.314,221.016,14.289
4.197,2.43,41.358,41.358,50.707,603854.146,1920.568,108.307,46.827,77.567,2.313,221.065,14.287
4.197,2.43,41.365,41.365,50.703,603854.146,1920.568,108.32,46.845,77.583,2.312,221.115,14.286
4.197,2.43,41.373,41.373,50.698,603854.146,1920.568,108.333,46.864,77.598,2.312,221.164,14.285
4.197,2.43,41.38,41.38,50.693,603854.146,1920.568,108.346,46.882,77.614,2.311,221.214,14.283
4.197,2.43,41.388,41.388,50.688,603854.146,1920.568,108.358,46.901,77.63,2.31,221.264,14.282
4.197,2.43,41.396,41.396,50.684,603854.146,1920.568,108.371,46.919,77.645,2.31,221.313,14.281
4.197,2.43,41.403,41.403,50.679,603854.146,1920.568,108.384,46.938,77.661,2.309,221.363,14.279
4.197,2.43,41.411,41.411,50.674,603854.146,1920.568,108.397,46.957,77.677,2.308,221.412,14.278
4.197,2.43,41.418,41.418,50.67,603854.146,1920.568,108.41,46.975,77.692,2.308,221.462,14.277
4.197,2.43,41.426,41.426,50.665,603854.146,1920.568,108.423,46.994,77.708,2.307,221.512,14.275
4.197,2.43,41.434,41.434,50.66,603854.146,1920.568,108.436,47.012,77.724,2.307,221.561,14.274
4.197,2.43,41.441,41.441,50.656,603854.146,1920.568,108.448,47.031,77.74,2.306,221.611,14.273
4.197,2.43,41.449,41.449,50.651,603854.146,1920.568,108.461,47.049,77.755,2.305,221.66,14.271
4.197,2.43,41.456,41.456,50.646,603854.146,1920.568,108.474,47.068,77.771,2.305,221.71,14.27
4.197,2.43,41.464,41.464,50.642,603854.146,1920.568,108.487,47.086,77.787,2.304,221.759,14.269
4.197,2.43,41.471,41.471,50.637,603854.146,1920.568,108.5,47.105,77.802,2.303,221.809,14.267
4.197,2.43,41.479,41.479,50.632,603854.146,1920.568,108.513,47.123,77.818,2.303,221.859,14.266
4.197,2.43,41.487,41.487,50.628,603854.146,1920.568,108.526,47.142,77.834,2.302,221.908,14.265
4.197,2.43,41.494,41.494,50.623,603854.146,1920.568,108.539,47.16,77.849,2.301,221.958,14.264
4.197,2.43,41.502,41.502,50.619,603854.146,1920.568,108.552,47.179,77.865,2.301,222.007,14.262
4.197,2.43,41.509,41.509,50.614,603854.146,1920.568,108.564,47.197,77.881,2.3,222.057,14.261
4.197,2.43,41.517,41.517,50.609,603854.146,1920.568,108.577,47.216,77.897,2.3,222.106,14.26
4.197,2.43,41.524,41.524,50.605,603854.146,1920.568,108.59,47.234,77.912,2.299,222.156,14.258
4.197,2.43,41.532,41.532,50.6,603854.146,1920.568,108.603,47.253,77.928,2.298,222.206,14.257
4.197,2.43,41.54,41.54,50.595,603854.146,1920.568,108.616,47.271,77.944,2.298,222.255,14.256
4.197,2.43,41.547,41.547,50.591,603854.146,1920.568,108.629,47.29,77.959,2.297,222.305,14.254
4.197,2.43,41.555,41.555,50.586,603854.146,1920.568,108.642,47.308,77.975,2.296,222.354,14.253
4.197,2.43,41.562,41.562,50.582,603854.146,1920.568,108.655,47.327,77.991,2.296,222.404,14.252
4.197,2.43,41.57,41.57,50.577,603854.146,1920.568,108.668,47.345,78.006,2.295,222.453,14.251
4.197,2.43,41.578,41.578,50.572,603854.146,1920.568,108.681,47.364,78.022,2.295,222.503,14.249
4.197,2.43,41.585,41.585,50.568,603854.146,1920.568,108.693,47.382,78.038,2.294,222.552,14.248
4.197,2.43,41.593,41.593,50.563,603854.146,1920.568,108.706,47.401,78.053,2.293,222.602,14.247
4.197,2.43,41.6,41.6,50.559,603854.146,1920.568,108.719,47.419,78.069,2.293,222.652,14.245
4.197,2.43,41.608,41.608,50.554,603854.146,1920.568,108.732,47.438,78.085,2.292,222.701,14.244
4.197,2.43,41.615,41.615,50.549,603854.146,1920.568,108.745,47.456,78.101,2.291,222.751,14.243
4.197,2.43,41.623,41.623,50.545,603854.146,1920.568,108.758,47.475,78.116,2.291,222.8,14.241
4.197,2.43,41.631,41.631,50.54,603854.146,1920.568,108.771,47.493,78.132,2.29,222.85,14.24
4.197,2.43,41.638,41.638,50.536,603854.146,1920.568,108.784,47.511,78.148,2.29,222.899,14.239
4.197,2.43,41.646,41.646,50.531,603854.146,1920.568,108.797,47.53,78.163,2.289,222.949,14.238
4.197,2.43,41.653,41.653,50.527,603854.146,1920.568,108.81,47.548,78.179,2.288,222.998,14.236
4.197,2.43,41.661,41.661,50.522,603854.146,1920.568,108.823,47.567,78.195,2.288,223.048,14.235
4.197,2.43,41.668,41.668,50.517,603854.146,1920.568,108.835,47.585,78.21,2.287,223.097,14.234
4.197,2.43,41.676,41.676,50.513,603854.146,1920.568,108.848,47.604,78.226,2.287,223.147,14.232
4.197,2.43,41.684,41.684,50.508,603854.146,1920.568,108.861,47.622,78.242,2.286,223.196,14.231
4.197,2.43,41.691,41.691,50.504,603854.146,1920.568,108.874,47.641,78.257,2.285,223.246,14.23
4.197,2.43,41.699,41.699,50.499,603854.146,1920.568,108.887,47.659,78.273,2.285,223.296,14.229
4.197,2.43,41.706,41.706,50.495,603854.146,1920.568,108.9,47.677,78.289,2.284,223.345,14.227
4.197,2.43,41.714,41.714,50.49,603854.146,1920.568,108.913,47.696,78.304,2.283,223.395,14.226
4.197,2.43,41.721,41.721,50.486,603854.146,1920.568,108.926,47.714,78.32,2.283,223.444,14.225
4.197,2.43,41.729,41.729,50.481,603854.146,1920.568,108.939,47.733,78.336,2.282,223.494,14.224
4.197,2.43,41.737,41.737,50.477,603854.146,1920.568,108.952,47.751,78.352,2.282,223.543,14.222
4.197,2.43,41.744,41.744,50.472,603854.146,1920.568,108.965,47.77,78.367,2.281,223.593,14.221
4.197,2.43,41.752,41.752,50.468,603854.146,1920.568,108.978,47.788,78.383,2.28,223.642,14.22
4.197,2.43,41.759,41.759,50.463,603854.146,1920.568,108.991,47.806,78.399,2.28,223.692,14.218
4.197,2.43,41.767,41.767,50.459,603854.146,1920.568,109.004,47.825,78.414,2.279,223.741,14.217
4.197,2.43,41.774,41.774,50.454,603854.146,1920.568,109.017,47.843,78.43,2.279,223.791,14.216
4.197,2.43,41.782,41.782,50.45,603854.146,1920.568,109.029,47.862,78.446,2.278,223.84,14.215
4.197,2.43,41.79,41.79,50.445,603854.146,1920.568,109.042,47.88,78.461,2.277,223.89,14.213
4.197,2.43,41.797,41.797,50.441,603854.146,1920.568,109.055,47.898,78.477,2.277,223.939,14.212
4.197,2.43,41.805,41.805,50.436,603854.146,1920.568,109.068,47.917,78.493,2.276,223.989,14.211
4.197,2.43,41.812,41.812,50.432,603854.146,1920.568,109.081,47.935,78.508,2.276,224.038,14.21
4.197,2.43,41.82,41.82,50.427,603854.146,1920.568,109.094,47.954,78.524,2.275,224.088,14.208
4.197,2.43,41.827,41.827,50.423,603854.146,1920.568,109.107,47.972,78.54,2.274,224.137,14.207
4.197,2.43,41.835,41.835,50.418,603854.146,1920.568,109.12,47.99,78.555,2.274,224.187,14.206
4.197,2.43,41.842,41.842,50.414,603854.146,1920.568,109.133,48.009,78.571,2.273,224.236,14.204
4.197,2.43,41.85,41.85,50.409,603854.146,1920.568,109.146,48.027,78.587,2.273,224.286,14.203
4.197,2.43,41.858,41.858,50.405,603854.146,1920.568,109.159,48.046,78.602,2.272,224.335,14.202
4.197,2.43,41.865,41.865,50.4,603854.146,1920.568,109.172,48.064,78.618,2.271,224.385,14.201
4.197,2.43,41.873,41.873,50.396,603854.146,1920.568,109.185,48.082,78.634,2.271,224.434,14.199
4.197,2.43,41.88,41.88,50.391,603854.146,1920.568,109.198,48.101,78.649,2.27,224.483,14.198
4.197,2.43,41.888,41.888,50.387,603854.146,1920.568,109.211,48.119,78.665,2.27,224.533,14.197
4.197,2.43,41.895,41.895,50.382,603854.146,1920.568,109.224,48.137,78.681,2.269,224.582,14.196
4.197,2.43,41.903,41.903,50.378,603854.146,1920.568,109.237,48.156,78.696,2.268,224.632,14.194
4.197,2.43,41.911,41.911,50.373,603854.146,1920.568,109.25,48.174,78.712,2.268,224.681,14.193
4.197,2.43,41.918,41.918,50.369,603854.146,1920.568,109.263,48.193,78.728,2.267,224.731,14.192
4.197,2.43,41.926,41.926,50.365,603854.146,1920.568,109.276,48.211,78.743,2.267,224.78,14.191
4.197,2.43,41.933,41.933,50.36,603854.146,1920.568,109.289,48.229,78.759,2.266,224.83,14.189
4.197,2.43,41.941,41.941,50.356,603854.146,1920.568,109.302,48.248,78.775,2.265,224.879,14.188
4.197,2.43,41.948,41.948,50.351,603854.146,1920.568,109.315,48.266,78.79,2.265,224.929,14.187
4.197,2.43,41.956,41.956,50.347,603854.146,1920.568,109.328,48.284,78.806,2.264,224.978,14.186
4.197,2.43,41.963,41.963,50.342,603854.146,1920.568,109.341,48.303,78.822,2.264,225.028,14.184
4.197,2.43,41.971,41.971,50.338,603854.146,1920.568,109.354,48.321,78.837,2.263,225.077,14.183
4.197,2.43,41.979,41.979,50.334,603854.146,1920.568,109.367,48.339,78.853,2.262,225.126,14.182
4.197,2.43,41.986,41.986,50.329,603854.146,1920.568,109.379,48.358,78.869,2.262,225.176,14.181
4.197,2.43,41.994,41.994,50.325,603854.146,1920.568,109.392,48.376,78.884,2.261,225.225,14.179
4.197,2.43,42.001,42.001,50.32,603854.146,1920.568,109.405,48.394,78.9,2.261,225.275,14.178
4.197,2.43,42.009,42.009,50.316,603854.146,1920.568,109.418,48.413,78.916,2.26,225.324,14.177
4.197,2.43,42.016,42.016,50.311,603854.146,1920.568,109.431,48.431,78.931,2.26,225.374,14.176
4.197,2.43,42.024,42.024,50.307,603854.146,1920.568,109.444,48.449,78.947,2.259,225.423,14.174
4.197,2.43,42.032,42.032,50.303,603854.146,1920.568,109.457,48.468,78.963,2.258,225.473,14.173
4.197,2.43,42.039,42.039,50.298,603854.146,1920.568,109.47,48.486,78.978,2.258,225.522,14.172
4.197,2.43,42.047,42.047,50.294,603854.146,1920.568,109.483,48.504,78.994,2.257,225.571,14.171
4.197,2.43,42.054,42.054,50.289,603854.146,1920.568,109.496,48.523,79.009,2.257,225.621,14.17
4.197,2.43,42.062,42.062,50.285,603854.146,1920.568,109.509,48.541,79.025,2.256,225.67,14.168
4.197,2.43,42.069,42.069,50.281,603854.146,1920.568,109.522,48.559,79.041,2.255,225.72,14.167
4.197,2.43,42.077,42.077,50.276,603854.146,1920.568,109.535,48.578,79.056,2.255,225.769,14.166
4.197,2.43,42.084,42.084,50.272,603854.146,1920.568,109.548,48.596,79.072,2.254,225.819,14.165
4.197,2.43,42.092,42.092,50.268,603854.146,1920.568,109.561,48.614,79.088,2.254,225.868,14.163
4.197,2.43,42.1,42.1,50.263,603854.146,1920.568,109.574,48.632,79.103,2.253,225.917,14.162
4.197,2.43,42.107,42.107,50.259,603854.146,1920.568,109.587,48.651,79.119,2.253,225.967,14.161
4.197,2.43,42.115,42.115,50.254,603854.146,1920.568,109.6,48.669,79.135,2.252,226.016,14.16
4.197,2.43,42.122,42.122,50.25,603854.146,1920.568,109.613,48.687,79.15,2.251,226.066,14.158
4.197,2.43,42.13,42.13,50.246,603854.146,1920.568,109.626,48.706,79.166,2.251,226.115,14.157
4.197,2.43,42.137,42.137,50.241,603854.146,1920.568,109.639,48.724,79.182,2.25,226.164,14.156
4.197,2.43,42.145,42.145,50.237,603854.146,1920.568,109.652,48.742,79.197,2.25,226.214,14.155
4.197,2.43,42.152,42.152,50.233,603854.146,1920.568,109.665,48.76,79.213,2.249,226.263,14.154
4.197,2.43,42.16,42.16,50.228,603854.146,1920.568,109.678,48.779,79.229,2.248,226.313,14.152
4.197,2.43,42.167,42.167,50.224,603854.146,1920.568,109.691,48.797,79.244,2.248,226.362,14.151
4.197,2.43,42.175,42.175,50.22,603854.146,1920.568,109.704,48.815,79.26,2.247,226.411,14.15
4.197,2.43,42.183,42.183,50.215,603854.146,1920.568,109.717,48.834,79.275,2.247,226.461,14.149
4.197,2.43,42.19,42.19,50.211,603854.146,1920.568,109.73,48.852,79.291,2.246,226.51,14.147
4.197,2.43,42.198,42.198,50.207,603854.146,1920.568,109.743,48.87,79.307,2.246,226.56,14.146
4.197,2.43,42.205,42.205,50.202,603854.146,1920.568,109.756,48.888,79.322,2.245,226.609,14.145
4.197,2.43,42.213,42.213,50.198,603854.146,1920.568,109.769,48.907,79.338,2.244,226.658,14.144
4.197,2.43,42.22,42.22,50.194,603854.146,1920.568,109.782,48.925,79.354,2.244,226.708,14.143
4.197,2.43,42.228,42.228,50.189,603854.146,1920.568,109.795,48.943,79.369,2.243,226.757,14.141
4.197,2.43,42.235,42.235,50.185,603854.146,1920.568,109.808,48.961,79.385,2.243,226.806,14.14
4.197,2.43,42.243,42.243,50.181,603854.146,1920.568,109.822,48.98,79.401,2.242,226.856,14.139
4.197,2.43,42.251,42.251,50.176,603854.146,1920.568,109.835,48.998,79.416,2.242,226.905,14.138
4.197,2.43,42.258,42.258,50.172,603854.146,1920.568,109.848,49.016,79.432,2.241,226.955,14.136
4.197,2.43,42.266,42.266,50.168,603854.146,1920.568,109.861,49.034,79.447,2.24,227.004,14.135
4.197,2.43,42.273,42.273,50.163,603854.146,1920.568,109.874,49.053,79.463,2.24,227.053,14.134
4.197,2.43,42.281,42.281,50.159,603854.146,1920.568,109.887,49.071,79.479,2.239,227.103,14.133
4.197,2.43,42.288,42.288,50.155,603854.146,1920.568,109.9,49.089,79.494,2.239,227.152,14.132
4.197,2.43,42.296,42.296,50.151,603854.146,1920.568,109.913,49.107,79.51,2.238,227.201,14.13
4.197,2.43,42.303,42.303,50.146,603854.146,1920.568,109.926,49.126,79.526,2.238,227.251,14.129
4.197,2.43,42.311,42.311,50.142,603854.146,1920.568,109.939,49.144,79.541,2.237,227.3,14.128
4.197,2.43,42.318,42.318,50.138,603854.146,1920.568,109.952,49.162,79.557,2.237,227.349,14.127
4.197,2.43,42.326,42.326,50.133,603854.146,1920.568,109.965,49.18,79.573,2.236,227.399,14.126
4.197,2.43,42.334,42.334,50.129,603854.146,1920.568,109.978,49.198,79.588,2.235,227.448,14.124
4.197,2.43,42.341,42.341,50.125,603854.146,1920.568,109.991,49.217,79.604,2.235,227.498,14.123
4.197,2.43,42.349,42.349,50.121,603854.146,1920.568,110.004,49.235,79.619,2.234,227.547,14.122
4.197,2.43,42.356,42.356,50.116,603854.146,1920.568,110.017,49.253,79.635,2.234,227.596,14.121
4.197,2.43,42.364,42.364,50.112,603854.146,1920.568,110.03,49.271,79.651,2.233,227.646,14.119
4.197,2.43,42.371,42.371,50.108,603854.146,1920.568,110.043,49.29,79.666,2.233,227.695,14.118
4.197,2.43,42.379,42.379,50.103,603854.146,1920.568,110.056,49.308,79.682,2.232,227.744,14.117
4.197,2.43,42.386,42.386,50.099,603854.146,1920.568,110.069,49.326,79.698,2.231,227.794,14.116
4.197,2.43,42.394,42.394,50.095,603854.146,1920.568,110.082,49.344,79.713,2.231,227.843,14.115
4.197,2.43,42.401,42.401,50.091,603854.146,1920.568,110.095,49.362,79.729,2.23,227.892,14.113
4.197,2.43,42.409,42.409,50.086,603854.146,1920.568,110.108,49.381,79.744,2.23,227.942,14.112
4.197,2.43,42.417,42.417,50.082,603854.146,1920.568,110.121,49.399,79.76,2.229,227.991,14.111
4.197,2.43,42.424,42.424,50.078,603854.146,1920.568,110.134,49.417,79.776,2.229,228.04,14.11
4.197,2.43,42.432,42.432,50.074,603854.146,1920.568,110.147,49.435,79.791,2.228,228.089,14.109
4.197,2.43,42.439,42.439,50.069,603854.146,1920.568,110.16,49.453,79.807,2.228,228.139,14.108
4.197,2.43,42.447,42.447,50.065,603854.146,1920.568,110.173,49.472,79.822,2.227,228.188,14.106
4.197,2.43,42.454,42.454,50.061,603854.146,1920.568,110.186,49.49,79.838,2.226,228.237,14.105
4.197,2.43,42.462,42.462,50.057,603854.146,1920.568,110.199,49.508,79.854,2.226,228.287,14.104
4.197,2.43,42.469,42.469,50.052,603854.146,1920.568,110.213,49.526,79.869,2.225,228.336,14.103
4.197,2.43,42.477,42.477,50.048,603854.146,1920.568,110.226,49.544,79.885,2.225,228.385,14.102
4.197,2.43,42.484,42.484,50.044,603854.146,1920.568,110.239,49.562,79.901,2.224,228.435,14.1
4.197,2.43,42.492,42.492,50.04,603854.146,1920.568,110.252,49.581,79.916,2.224,228.484,14.099
4.197,2.43,42.499,42.499,50.036,603854.146,1920.568,110.265,49.599,79.932,2.223,228.533,14.098
4.197,2.43,42.507,42.507,50.031,603854.146,1920.568,110.278,49.617,79.947,2.223,228.583,14.097
4.197,2.43,42.515,42.515,50.027,603854.146,1920.568,110.291,49.635,79.963,2.222,228.632,14.096
4.197,2.43,42.522,42.522,50.023,603854.146,1920.568,110.304,49.653,79.979,2.221,228.681,14.094
4.197,2.43,42.53,42.53,50.019,603854.146,1920.568,110.317,49.671,79.994,2.221,228.73,14.093
4.197,2.43,42.537,42.537,50.014,603854.146,1920.568,110.33,49.69,80.01,2.22,228.78,14.092
4.197,2.43,42.545,42.545,50.01,603854.146,1920.568,110.343,49.708,80.025,2.22,228.829,14.091
4.197,2.43,42.552,42.552,50.006,603854.146,1920.568,110.356,49.726,80.041,2.219,228.878,14.09
4.197,2.43,42.56,42.56,50.002,603854.146,1920.568,110.369,49.744,80.057,2.219,228.928,14.088
4.197,2.43,42.567,42.567,49.998,603854.146,1920.568,110.382,49.762,80.072,2.218,228.977,14.087
4.197,2.43,42.575,42.575,49.993,603854.146,1920.568,110.395,49.78,80.088,2.218,229.026,14.086
4.197,2.43,42.582,42.582,49.989,603854.146,1920.568,110.408,49.799,80.103,2.217,229.075,14.085
4.197,2.43,42.59,42.59,49.985,603854.146,1920.568,110.421,49.817,80.119,2.217,229.125,14.084
4.197,2.43,42.597,42.597,49.981,603854.146,1920.568,110.434,49.835,80.135,2.216,229.174,14.083
4.197,2.43,42.605,42.605,49.977,603854.146,1920.568,110.447,49.853,80.15,2.215,229.223,14.081
4.197,2.43,42.612,42.612,49.972,603854.146,1920.568,110.461,49.871,80.166,2.215,229.272,14.08
4.197,2.43,42.62,42.62,49.968,603854.146,1920.568,110.474,49.889,80.181,2.214,229.322,14.079
4.197,2.43,42.627,42.627,49.964,603854.146,1920.568,110.487,49.907,80.197,2.214,229.371,14.078
4.197,2.43,42.635,42.635,49.96,603854.146,1920.568,110.5,49.926,80.213,2.213,229.42,14.077
4.197,2.43,42.643,42.643,49.956,603854.146,1920.568,110.513,49.944,80.228,2.213,229.469,14.075
4.197,2.43,42.65,42.65,49.952,603854.146,1920.568,110.526,49.962,80.244,2.212,229.519,14.074
4.197,2.43,42.658,42.658,49.947,603854.146,1920.568,110.539,49.98,80.259,2.212,229.568,14.073
4.197,2.43,42.665,42.665,49.943,603854.146,1920.568,110.552,49.998,80.275,2.211,229.617,14.072
4.197,2.43,42.673,42.673,49.939,603854.146,1920.568,110.565,50.016,80.291,2.211,229.666,14.071
4.197,2.43,42.68,42.68,49.935,603854.146,1920.568,110.578,50.034,80.306,2.21,229.716,14.07
4.197,2.43,42.688,42.688,49.931,603854.146,1920.568,110.591,50.052,80.322,2.21,229.765,14.068
4.197,2.43,42.695,42.695,49.927,603854.146,1920.568,110.604,50.07,80.337,2.209,229.814,14.067
4.197,2.43,42.703,42.703,49.922,603854.146,1920.568,110.617,50.089,80.353,2.208,229.863,14.066
4.197,2.43,42.71,42.71,49.918,603854.146,1920.568,110.63,50.107,80.369,2.208,229.913,14.065
4.197,2.43,42.718,42.718,49.914,603854.146,1920.568,110.643,50.125,80.384,2.207,229.962,14.064
4.197,2.43,42.725,42.725,49.91,603854.146,1920.568,110.657,50.143,80.4,2.207,230.011,14.063
4.197,2.43,42.733,42.733,49.906,603854.146,1920.568,110.67,50.161,80.415,2.206,230.06,14.061
4.197,2.43,42.74,42.74,49.902,603854.146,1920.568,110.683,50.179,80.431,2.206,230.109,14.06
4.197,2.43,42.748,42.748,49.897,603854.146,1920.568,110.696,50.197,80.446,2.205,230.159,14.059
4.197,2.43,42.755,42.755,49.893,603854.146,1920.568,110.709,50.215,80.462,2.205,230.208,14.058
4.197,2.43,42.763,42.763,49.889,603854.146,1920.568,110.722,50.233,80.478,2.204,230.257,14.057
4.197,2.43,42.77,42.77,49.885,603854.146,1920.568,110.735,50.251,80.493,2.204,230.306,14.056
4.197,2.43,42.778,42.778,49.881,603854.146,1920.568,110.748,50.27,80.509,2.203,230.355,14.054
4.197,2.43,42.786,42.786,49.877,603854.146,1920.568,110.761,50.288,80.524,2.203,230.405,14.053
4.197,2.43,42.793,42.793,49.873,603854.146,1920.568,110.774,50.306,80.54,2.202,230.454,14.052
4.197,2.43,42.801,42.801,49.869,603854.146,1920.568,110.787,50.324,80.556,2.201,230.503,14.051
4.197,2.43,42.808,42.808,49.864,603854.146,1920.568,110.8,50.342,80.571,2.201,230.552,14.05
4.197,2.43,42.816,42.816,49.86,603854.146,1920.568,110.813,50.36,80.587,2.2,230.601,14.049
4.197,2.43,42.823,42.823,49.856,603854.146,1920.568,110.826,50.378,80.602,2.2,230.651,14.047
4.197,2.43,42.831,42.831,49.852,603854.146,1920.568,110.84,50.396,80.618,2.199,230.7,14.046
4.197,2.43,42.838,42.838,49.848,603854.146,1920.568,110.853,50.414,80.633,2.199,230.749,14.045
4.197,2.43,42.846,42.846,49.844,603854.146,1920.568,110.866,50.432,80.649,2.198,230.798,14.044
4.197,2.43,42.853,42.853,49.84,603854.146,1920.568,110.879,50.45,80.665,2.198,230.847,14.043
4.197,2.43,42.861,42.861,49.836,603854.146,1920.568,110.892,50.468,80.68,2.197,230.897,14.042
4.197,2.43,42.868,42.868,49.831,603854.146,1920.568,110.905,50.486,80.696,2.197,230.946,14.04
4.197,2.43,42.876,42.876,49.827,603854.146,1920.568,110.918,50.505,80.711,2.196,230.995,14.039
4.197,2.43,42.883,42.883,49.823,603854.146,1920.568,110.931,50.523,80.727,2.196,231.044,14.038
4.197,2.43,42.891,42.891,49.819,603854.146,1920.568,110.944,50.541,80.742,2.195,231.093,14.037
4.197,2.43,42.898,42.898,49.815,603854.146,1920.568,110.957,50.559,80.758,2.195,231.142,14.036
4.197,2.43,42.906,42.906,49.811,603854.146,1920.568,110.97,50.577,80.774,2.194,231.192,14.035
4.197,2.43,42.913,42.913,49.807,603854.146,1920.568,110.983,50.595,80.789,2.194,231.241,14.034
4.197,2.43,42.921,42.921,49.803,603854.146,1920.568,110.997,50.613,80.805,2.193,231.29,14.032
4.197,2.43,42.928,42.928,49.799,603854.146,1920.568,111.01,50.631,80.82,2.193,231.339,14.031
4.197,2.43,42.936,42.936,49.795,603854.146,1920.568,111.023,50.649,80.836,2.192,231.388,14.03
4.197,2.43,42.943,42.943,49.79,603854.146,1920.568,111.036,50.667,80.851,2.191,231.437,14.029
4.197,2.43,42.951,42.951,49.786,603854.146,1920.568,111.049,50.685,80.867,2.191,231.486,14.028
4.197,2.43,42.958,42.958,49.782,603854.146,1920.568,111.062,50.703,80.883,2.19,231.536,14.027
4.197,2.43,42.966,42.966,49.778,603854.146,1920.568,111.075,50.721,80.898,2.19,231.585,14.025
4.197,2.43,42.973,42.973,49.774,603854.146,1920.568,111.088,50.739,80.914,2.189,231.634,14.024
4.197,2.43,42.981,42.981,49.77,603854.146,1920.568,111.101,50.757,80.929,2.189,231.683,14.023
4.197,2.43,42.988,42.988,49.766,603854.146,1920.568,111.114,50.775,80.945,2.188,231.732,14.022
4.197,2.43,42.996,42.996,49.762,603854.146,1920.568,111.127,50.793,80.96,2.188,231.781,14.021
4.197,2.43,43.004,43.004,49.758,603854.146,1920.568,111.14,50.811,80.976,2.187,231.83,14.02
4.197,2.43,43.011,43.011,49.754,603854.146,1920.568,111.154,50.829,80.991,2.187,231.88,14.019
4.197,2.43,43.019,43.019,49.75,603854.146,1920.568,111.167,50.847,81.007,2.186,231.929,14.017
4.197,2.43,43.026,43.026,49.746,603854.146,1920.568,111.18,50.865,81.023,2.186,231.978,14.016
4.197,2.43,43.034,43.034,49.742,603854.146,1920.568,111.193,50.883,81.038,2.185,232.027,14.015
4.197,2.43,43.041,43.041,49.738,603854.146,1920.568,111.206,50.901,81.054,2.185,232.076,14.014
4.197,2.43,43.049,43.049,49.733,603854.146,1920.568,111.219,50.919,81.069,2.184,232.125,14.013
4.197,2.43,43.056,43.056,49.729,603854.146,1920.568,111.232,50.937,81.085,2.184,232.174,14.012
4.197,2.43,43.064,43.064,49.725,603854.146,1920.568,111.245,50.955,81.1,2.183,232.223,14.011
4.197,2.43,43.071,43.071,49.721,603854.146,1920.568,111.258,50.973,81.116,2.183,232.272,14.009
4.197,2.43,43.079,43.079,49.717,603854.146,1920.568,111.271,50.991,81.131,2.182,232.321,14.008
4.197,2.43,43.086,43.086,49.713,603854.146,1920.568,111.284,51.009,81.147,2.182,232.371,14.007
4.197,2.43,43.094,43.094,49.709,603854.146,1920.568,111.298,51.027,81.162,2.181,232.42,14.006
4.197,2.43,43.101,43.101,49.705,603854.146,1920.568,111.311,51.045,81.178,2.181,232.469,14.005
4.197,2.43,43.109,43.109,49.701,603854.146,1920.568,111.324,51.063,81.194,2.18,232.518,14.004
4.197,2.43,43.116,43.116,49.697,603854.146,1920.568,111.337,51.081,81.209,2.18,232.567,14.003
4.197,2.43,43.124,43.124,49.693,603854.146,1920.568,111.35,51.099,81.225,2.179,232.616,14.001
4.197,2.43,43.131,43.131,49.689,603854.146,1920.568,111.363,51.117,81.24,2.179,232.665,14.0
4.197,2.43,43.139,43.139,49.685,603854.146,1920.568,111.376,51.135,81.256,2.178,232.714,13.999
4.197,2.43,43.146,43.146,49.681,603854.146,1920.568,111.389,51.153,81.271,2.178,232.763,13.998
4.197,2.43,43.154,43.154,49.677,603854.146,1920.568,111.402,51.171,81.287,2.177,232.812,13.997
4.197,2.43,43.161,43.161,49.673,603854.146,1920.568,111.415,51.189,81.302,2.177,232.861,13.996
4.197,2.43,43.169,43.169,49.669,603854.146,1920.568,111.429,51.207,81.318,2.176,232.91,13.995
4.197,2.43,43.176,43.176,49.665,603854.146,1920.568,111.442,51.225,81.333,2.176,232.959,13.993
4.197,2.43,43.184,43.184,49.661,603854.146,1920.568,111.455,51.243,81.349,2.175,233.009,13.992
4.197,2.43,43.191,43.191,49.657,603854.146,1920.568,111.468,51.261,81.365,2.175,233.058,13.991
4.197,2.43,43.199,43.199,49.653,603854.146,1920.568,111.481,51.279,81.38,2.174,233.107,13.99
4.197,2.43,43.206,43.206,49.649,603854.146,1920.568,111.494,51.297,81.396,2.173,233.156,13.989
4.197,2.43,43.214,43.214,49.645,603854.146,1920.568,111.507,51.315,81.411,2.173,233.205,13.988
4.197,2.43,43.221,43.221,49.641,603854.146,1920.568,111.52,51.333,81.427,2.172,233.254,13.987
4.197,2.43,43.229,43.229,49.637,603854.146,1920.568,111.533,51.351,81.442,2.172,233.303,13.986
4.197,2.43,43.236,43.236,49.633,603854.146,1920.568,111.546,51.369,81.458,2.171,233.352,13.984
4.197,2.43,43.244,43.244,49.629,603854.146,1920.568,111.559,51.387,81.473,2.171,233.401,13.983
4.197,2.43,43.251,43.251,49.625,603854.146,1920.568,111.573,51.405,81.489,2.17,233.45,13.982
4.197,2.43,43.259,43.259,49.621,603854.146,1920.568,111.586,51.423,81.504,2.17,233.499,13.981
4.197,2.43,43.266,43.266,49.617,603854.146,1920.568,111.599,51.441,81.52,2.169,233.548,13.98
4.197,2.43,43.274,43.274,49.613,603854.146,1920.568,111.612,51.459,81.535,2.169,233.597,13.979
4.197,2.43,43.281,43.281,49.609,603854.146,1920.568,111.625,51.477,81.551,2.168,233.646,13.978
4.197,2.43,43.289,43.289,49.605,603854.146,1920.568,111.638,51.495,81.566,2.168,233.695,13.977
4.197,2.43,43.296,43.296,49.601,603854.146,1920.568,111.651,51.513,81.582,2.167,233.744,13.975
4.197,2.43,43.304,43.304,49.597,603854.146,1920.568,111.664,51.531,81.597,2.167,233.793,13.974
4.197,2.43,43.311,43.311,49.593,603854.146,1920.568,111.677,51.549,81.613,2.166,233.842,13.973
4.197,2.43,43.319,43.319,49.589,603854.146,1920.568,111.69,51.566,81.628,2.166,233.891,13.972
4.197,2.43,43.326,43.326,49.585,603854.146,1920.568,111.704,51.584,81.644,2.165,233.94,13.971
4.197,2.43,43.334,43.334,49.581,603854.146,1920.568,111.717,51.602,81.659,2.165,233.989,13.97
4.197,2.43,43.341,43.341,49.577,603854.146,1920.568,111.73,51.62,81.675,2.164,234.038,13.969
4.197,2.43,43.349,43.349,49.573,603854.146,1920.568,111.743,51.638,81.691,2.164,234.087,13.968
4.197,2.43,43.356,43.356,49.569,603854.146,1920.568,111.756,51.656,81.706,2.163,234.136,13.966
4.197,2.43,43.363,43.363,49.565,603854.146,1920.568,111.769,51.674,81.722,2.163,234.185,13.965
4.197,2.43,43.371,43.371,49.561,603854.146,1920.568,111.782,51.692,81.737,2.162,234.234,13.964
4.197,2.43,43.378,43.378,49.557,603854.146,1920.568,111.795,51.71,81.753,2.162,234.283,13.963
4.197,2.43,43.386,43.386,49.553,603854.146,1920.568,111.808,51.728,81.768,2.161,234.332,13.962
4.197,2.43,43.393,43.393,49.549,603854.146,1920.568,111.821,51.746,81.784,2.161,234.381,13.961
4.197,2.43,43.401,43.401,49.545,603854.146,1920.568,111.835,51.764,81.799,2.16,234.43,13.96
4.197,2.43,43.408,43.408,49.541,603854.146,1920.568,111.848,51.782,81.815,2.16,234.479,13.959
4.197,2.43,43.416,43.416,49.537,603854.146,1920.568,111.861,51.799,81.83,2.159,234.528,13.957
4.197,2.43,43.423,43.423,49.533,603854.146,1920.568,111.874,51.817,81.846,2.159,234.577,13.956
4.197,2.43,43.431,43.431,49.529,603854.146,1920.568,111.887,51.835,81.861,2.159,234.626,13.955
4.197,2.43,43.438,43.438,49.525,603854.146,1920.568,111.9,51.853,81.877,2.158,234.675,13.954
4.197,2.43,43.446,43.446,49.521,603854.146,1920.568,111.913,51.871,81.892,2.158,234.724,13.953
4.197,2.43,43.453,43.453,49.517,603854.146,1920.568,111.926,51.889,81.908,2.157,234.773,13.952
4.197,2.43,43.461,43.461,49.513,603854.146,1920.568,111.939,51.907,81.923,2.157,234.822,13.951
4.197,2.43,43.468,43.468,49.509,603854.146,1920.568,111.952,51.925,81.939,2.156,234.871,13.95
4.197,2.43,43.476,43.476,49.505,603854.146,1920.568,111.966,51.943,81.954,2.156,234.92,13.949
4.197,2.43,43.483,43.483,49.501,603854.146,1920.568,111.979,51.961,81.97,2.155,234.968,13.947
4.197,2.43,43.491,43.491,49.497,603854.146,1920.568,111.992,51.979,81.985,2.155,235.017,13.946
4.197,2.43,43.498,43.498,49.493,603854.146,1920.568,112.005,51.996,82.001,2.154,235.066,13.945
4.197,2.43,43.506,43.506,49.489,603854.146,1920.568,112.018,52.014,82.016,2.154,235.115,13.944
4.197,2.43,43.513,43.513,49.485,603854.146,1920.568,112.031,52.032,82.032,2.153,235.164,13.943
4.197,2.43,43.521,43.521,49.481,603854.146,1920.568,112.044,52.05,82.047,2.153,235.213,13.942
4.197,2.43,43.528,43.528,49.477,603854.146,1920.568,112.057,52.068,82.063,2.152,235.262,13.941
4.197,2.43,43.536,43.536,49.474,603854.146,1920.568,112.07,52.086,82.078,2.152,235.311,13.94
4.197,2.43,43.543,43.543,49.47,603854.146,1920.568,112.083,52.104,82.094,2.151,235.36,13.939
4.197,2.43,43.551,43.551,49.466,603854.146,1920.568,112.097,52.122,82.109,2.151,235.409,13.937
4.197,2.43,43.558,43.558,49.462,603854.146,1920.568,112.11,52.139,82.125,2.15,235.458,13.936
4.197,2.43,43.566,43.566,49.458,603854.146,1920.568,112.123,52.157,82.14,2.15,235.507,13.935
4.197,2.43,43.573,43.573,49.454,603854.146,1920.568,112.136,52.175,82.156,2.149,235.556,13.934
4.197,2.43,43.58,43.58,49.45,603854.146,1920.568,112.149,52.193,82.171,2.149,235.604,13.933
4.197,2.43,43.588,43.588,49.446,603854.146,1920.568,112.162,52.211,82.186,2.148,235.653,13.932
4.197,2.43,43.595,43.595,49.442,603854.146,1920.568,112.175,52.229,82.202,2.148,235.702,13.931
4.197,2.43,43.603,43.603,49.438,603854.146,1920.568,112.188,52.247,82.217,2.147,235.751,13.93
4.197,2.43,43.61,43.61,49.434,603854.146,1920.568,112.201,52.265,82.233,2.147,235.8,13.929
4.197,2.43,43.618,43.618,49.43,603854.146,1920.568,112.214,52.282,82.248,2.146,235.849,13.927
4.197,2.43,43.625,43.625,49.426,603854.146,1920.568,112.228,52.3,82.264,2.146,235.898,13.926
4.197,2.43,43.633,43.633,49.422,603854.146,1920.568,112.241,52.318,82.279,2.145,235.947,13.925
4.197,2.43,43.64,43.64,49.418,603854.146,1920.568,112.254,52.336,82.295,2.145,235.995,13.924
4.197,2.43,43.648,43.648,49.415,603854.146,1920.568,112.267,52.354,82.31,2.144,236.044,13.923
4.197,2.43,43.655,43.655,49.411,603854.146,1920.568,112.28,52.372,82.326,2.144,236.093,13.922
4.197,2.43,43.663,43.663,49.407,603854.146,1920.568,112.293,52.39,82.341,2.143,236.142,13.921
4.197,2.43,43.67,43.67,49.403,603854.146,1920.568,112.306,52.407,82.357,2.143,236.191,13.92
4.197,2.43,43.678,43.678,49.399,603854.146,1920.568,112.319,52.425,82.372,2.142,236.24,13.919
4.197,2.43,43.685,43.685,49.395,603854.146,1920.568,112.332,52.443,82.388,2.142,236.289,13.917
4.197,2.43,43.693,43.693,49.391,603854.146,1920.568,112.345,52.461,82.403,2.142,236.338,13.916
4.197,2.43,43.7,43.7,49.387,603854.146,1920.568,112.358,52.479,82.419,2.141,236.386,13.915
4.197,2.43,43.707,43.707,49.383,603854.146,1920.568,112.372,52.497,82.434,2.141,236.435,13.914
4.197,2.43,43.715,43.715,49.379,603854.146,1920.568,112.385,52.514,82.45,2.14,236.484,13.913
4.197,2.43,43.722,43.722,49.375,603854.146,1920.568,112.398,52.532,82.465,2.14,236.533,13.912
4.197,2.43,43.73,43.73,49.371,603854.146,1920.568,112.411,52.55,82.48,2.139,236.582,13.911
4.197,2.43,43.737,43.737,49.368,603854.146,1920.568,112.424,52.568,82.496,2.139,236.631,13.91
4.197,2.43,43.745,43.745,49.364,603854.146,1920.568,112.437,52.586,82.511,2.138,236.679,13.909
4.197,2.43,43.752,43.752,49.36,603854.146,1920.568,112.45,52.604,82.527,2.138,236.728,13.908
4.197,2.43,43.76,43.76,49.356,603854.146,1920.568,112.463,52.621,82.542,2.137,236.777,13.906
4.197,2.43,43.767,43.767,49.352,603854.146,1920.568,112.476,52.639,82.558,2.137,236.826,13.905
4.197,2.43,43.775,43.775,49.348,603854.146,1920.568,112.489,52.657,82.573,2.136,236.875,13.904
4.197,2.43,43.782,43.782,49.344,603854.146,1920.568,112.503,52.675,82.589,2.136,236.923,13.903
4.197,2.43,43.79,43.79,49.34,603854.146,1920.568,112.516,52.693,82.604,2.135,236.972,13.902
4.197,2.43,43.797,43.797,49.336,603854.146,1920.568,112.529,52.711,82.62,2.135,237.021,13.901
4.197,2.43,43.805,43.805,49.332,603854.146,1920.568,112.542,52.728,82.635,2.134,237.07,13.9
4.197,2.43,43.812,43.812,49.329,603854.146,1920.568,112.555,52.746,82.651,2.134,237.119,13.899
4.197,2.43,43.819,43.819,49.325,603854.146,1920.568,112.568,52.764,82.666,2.133,237.167,13.898
4.197,2.43,43.827,43.827,49.321,603854.146,1920.568,112.581,52.782,82.681,2.133,237.216,13.897
4.197,2.43,43.834,43.834,49.317,603854.146,1920.568,112.594,52.8,82.697,2.132,237.265,13.895
4.197,2.43,43.842,43.842,49.313,603854.146,1920.568,112.607,52.817,82.712,2.132,237.314,13.894
4.197,2.43,43.849,43.849,49.309,603854.146,1920.568,112.62,52.835,82.728,2.132,237.363,13.893
4.197,2.43,43.857,43.857,49.305,603854.146,1920.568,112.633,52.853,82.743,2.131,237.411,13.892
4.197,2.43,43.864,43.864,49.301,603854.146,1920.568,112.647,52.871,82.759,2.131,237.46,13.891
4.197,2.43,43.872,43.872,49.297,603854.146,1920.568,112.66,52.889,82.774,2.13,237.509,13.89
4.197,2.43,43.879,43.879,49.294,603854.146,1920.568,112.673,52.906,82.79,2.13,237.558,13.889
4.197,2.43,43.887,43.887,49.29,603854.146,1920.568,112.686,52.924,82.805,2.129,237.606,13.888
4.197,2.43,43.894,43.894,49.286,603854.146,1920.568,112.699,52.942,82.82,2.129,237.655,13.887
4.197,2.43,43.901,43.901,49.282,603854.146,1920.568,112.712,52.96,82.836,2.128,237.704,13.886
4.197,2.43,43.909,43.909,49.278,603854.146,1920.568,112.725,52.978,82.851,2.128,237.753,13.885
4.197,2.43,43.916,43.916,49.274,603854.146,1920.568,112.738,52.995,82.867,2.127,237.801,13.883
4.197,2.43,43.924,43.924,49.27,603854.146,1920.568,112.751,53.013,82.882,2.127,237.85,13.882
4.197,2.43,43.931,43.931,49.266,603854.146,1920.568,112.764,53.031,82.898,2.126,237.899,13.881
4.197,2.43,43.939,43.939,49.263,603854.146,1920.568,112.777,53.049,82.913,2.126,237.948,13.88
4.197,2.43,43.946,43.946,49.259,603854.146,1920.568,112.79,53.067,82.929,2.125,237.996,13.879
4.197,2.43,43.954,43.954,49.255,603854.146,1920.568,112.804,53.084,82.944,2.125,238.045,13.878
4.197,2.43,43.961,43.961,49.251,603854.146,1920.568,112.817,53.102,82.959,2.125,238.094,13.877
4.197,2.43,43.969,43.969,49.247,603854.146,1920.568,112.83,53.12,82.975,2.124,238.143,13.876
4.197,2.43,43.976,43.976,49.243,603854.146,1920.568,112.843,53.138,82.99,2.124,238.191,13.875
4.197,2.43,43.983,43.983,49.239,603854.146,1920.568,112.856,53.155,83.006,2.123,238.24,13.874
4.197,2.43,43.991,43.991,49.235,603854.146,1920.568,112.869,53.173,83.021,2.123,238.289,13.873
4.197,2.43,43.998,43.998,49.232,603854.146,1920.568,112.882,53.191,83.037,2.122,238.338,13.871
4.197,2.43,44.006,44.006,49.228,603854.146,1920.568,112.895,53.209,83.052,2.122,238.386,13.87
4.197,2.43,44.013,44.013,49.224,603854.146,1920.568,112.908,53.226,83.067,2.121,238.435,13.869
4.197,2.43,44.021,44.021,49.22,603854.146,1920.568,112.921,53.244,83.083,2.121,238.484,13.868
4.197,2.43,44.028,44.028,49.216,603854.146,1920.568,112.934,53.262,83.098,2.12,238.532,13.867
4.197,2.43,44.036,44.036,49.212,603854.146,1920.568,112.947,53.28,83.114,2.12,238.581,13.866
4.197,2.43,44.043,44.043,49.208,603854.146,1920.568,112.961,53.298,83.129,2.119,238.63,13.865
4.197,2.43,44.05,44.05,49.205,603854.146,1920.568,112.974,53.315,83.144,2.119,238.678,13.864
4.197,2.43,44.058,44.058,49.201,603854.146,1920.568,112.987,53.333,83.16,2.119,238.727,13.863
4.197,2.43,44.065,44.065,49.197,603854.146,1920.568,113.0,53.351,83.175,2.118,238.776,13.862
4.197,2.43,44.073,44.073,49.193,603854.146,1920.568,113.013,53.369,83.191,2.118,238.824,13.861
4.197,2.43,44.08,44.08,49.189,603854.146,1920.568,113.026,53.386,83.206,2.117,238.873,13.859
4.197,2.43,44.088,44.088,49.185,603854.146,1920.568,113.039,53.404,83.222,2.117,238.922,13.858
4.197,2.43,44.095,44.095,49.181,603854.146,1920.568,113.052,53.422,83.237,2.116,238.97,13.857
4.197,2.43,44.103,44.103,49.178,603854.146,1920.568,113.065,53.44,83.252,2.116,239.019,13.856
4.197,2.43,44.11,44.11,49.174,603854.146,1920.568,113.078,53.457,83.268,2.115,239.068,13.855
4.197,2.43,44.117,44.117,49.17,603854.146,1920.568,113.091,53.475,83.283,2.115,239.116,13.854
4.197,2.43,44.125,44.125,49.166,603854.146,1920.568,113.104,53.493,83.299,2.114,239.165,13.853
4.197,2.43,44.132,44.132,49.162,603854.146,1920.568,113.117,53.51,83.314,2.114,239.214,13.852
4.197,2.43,44.14,44.14,49.158,603854.146,1920.568,113.131,53.528,83.329,2.113,239.262,13.851
4.197,2.43,44.147,44.147,49.155,603854.146,1920.568,113.144,53.546,83.345,2.113,239.311,13.85
4.197,2.43,44.155,44.155,49.151,603854.146,1920.568,113.157,53.564,83.36,2.113,239.36,13.849
4.197,2.43,44.162,44.162,49.147,603854.146,1920.568,113.17,53.581,83.376,2.112,239.408,13.848
4.197,2.43,44.169,44.169,49.143,603854.146,1920.568,113.183,53.599,83.391,2.112,239.457,13.846
4.197,2.43,44.177,44.177,49.139,603854.146,1920.568,113.196,53.617,83.406,2.111,239.506,13.845
4.197,2.43,44.184,44.184,49.135,603854.146,1920.568,113.209,53.635,83.422,2.111,239.554,13.844
4.197,2.43,44.192,44.192,49.131,603854.146,1920.568,113.222,53.652,83.437,2.11,239.603,13.843
4.197,2.43,44.199,44.199,49.128,603854.146,1920.568,113.235,53.67,83.453,2.11,239.651,13.842
4.197,2.43,44.207,44.207,49.124,603854.146,1920.568,113.248,53.688,83.468,2.109,239.7,13.841
4.197,2.43,44.214,44.214,49.12,603854.146,1920.568,113.261,53.705,83.483,2.109,239.749,13.84
4.197,2.43,44.221,44.221,49.116,603854.146,1920.568,113.274,53.723,83.499,2.108,239.797,13.839
4.197,2.43,44.229,44.229,49.112,603854.146,1920.568,113.287,53.741,83.514,2.108,239.846,13.838
4.197,2.43,44.236,44.236,49.108,603854.146,1920.568,113.3,53.759,83.53,2.108,239.894,13.837
4.197,2.43,44.244,44.244,49.105,603854.146,1920.568,113.314,53.776,83.545,2.107,239.943,13.836
4.197,2.43,44.251,44.251,49.101,603854.146,1920.568,113.327,53.794,83.56,2.107,239.992,13.835
4.197,2.43,44.259,44.259,49.097,603854.146,1920.568,113.34,53.812,83.576,2.106,240.04,13.834
4.197,2.43,44.266,44.266,49.093,603854.146,1920.568,113.353,53.829,83.591,2.106,240.089,13.832
4.197,2.43,44.273,44.273,49.089,603854.146,1920.568,113.366,53.847,83.606,2.105,240.137,13.831
4.197,2.43,44.281,44.281,49.085,603854.146,1920.568,113.379,53.865,83.622,2.105,240.186,13.83
4.197,2.43,44.288,44.288,49.082,603854.146,1920.568,113.392,53.883,83.637,2.104,240.234,13.829
4.197,2.43,44.296,44.296,49.078,603854.146,1920.568,113.405,53.9,83.653,2.104,240.283,13.828
4.197,2.43,44.303,44.303,49.074,603854.146,1920.568,113.418,53.918,83.668,2.104,240.332,13.827
4.197,2.43,44.311,44.311,49.07,603854.146,1920.568,113.431,53.936,83.683,2.103,240.38,13.826
4.197,2.43,44.318,44.318,49.066,603854.146,1920.568,113.444,53.953,83.699,2.103,240.429,13.825
4.197,2.43,44.325,44.325,49.063,603854.146,1920.568,113.457,53.971,83.714,2.102,240.477,13.824
4.197,2.43,44.333,44.333,49.059,603854.146,1920.568,113.47,53.989,83.729,2.102,240.526,13.823
4.197,2.43,44.34,44.34,49.055,603854.146,1920.568,113.483,54.006,83.745,2.101,240.574,13.822
4.197,2.43,44.348,44.348,49.051,603854.146,1920.568,113.496,54.024,83.76,2.101,240.623,13.821
4.197,2.43,44.355,44.355,49.047,603854.146,1920.568,113.509,54.042,83.776,2.1,240.671,13.819
4.197,2.43,44.363,44.363,49.043,603854.146,1920.568,113.522,54.059,83.791,2.1,240.72,13.818
4.197,2.43,44.37,44.37,49.04,603854.146,1920.568,113.536,54.077,83.806,2.1,240.768,13.817
4.197,2.43,44.377,44.377,49.036,603854.146,1920.568,113.549,54.095,83.822,2.099,240.817,13.816
4.197,2.43,44.385,44.385,49.032,603854.146,1920.568,113.562,54.113,83.837,2.099,240.866,13.815
4.197,2.43,44.392,44.392,49.028,603854.146,1920.568,113.575,54.13,83.852,2.098,240.914,13.814
4.197,2.43,44.4,44.4,49.024,603854.146,1920.568,113.588,54.148,83.868,2.098,240.963,13.813
4.197,2.43,44.407,44.407,49.021,603854.146,1920.568,113.601,54.166,83.883,2.097,241.011,13.812
4.197,2.43,44.414,44.414,49.017,603854.146,1920.568,113.614,54.183,83.899,2.097,241.06,13.811
4.197,2.43,44.422,44.422,49.013,603854.146,1920.568,113.627,54.201,83.914,2.096,241.108,13.81
4.197,2.43,44.429,44.429,49.009,603854.146,1920.568,113.64,54.219,83.929,2.096,241.157,13.809
4.197,2.43,44.437,44.437,49.005,603854.146,1920.568,113.653,54.236,83.945,2.096,241.205,13.808
4.197,2.43,44.444,44.444,49.001,603854.146,1920.568,113.666,54.254,83.96,2.095,241.254,13.807
4.197,2.43,44.452,44.452,48.998,603854.146,1920.568,113.679,54.272,83.975,2.095,241.302,13.806
4.197,2.43,44.459,44.459,48.994,603854.146,1920.568,113.692,54.289,83.991,2.094,241.351,13.804
4.197,2.43,44.466,44.466,48.99,603854.146,1920.568,113.705,54.307,84.006,2.094,241.399,13.803
4.197,2.43,44.474,44.474,48.986,603854.146,1920.568,113.718,54.325,84.021,2.093,241.447,13.802
4.197,2.43,44.481,44.481,48.982,603854.146,1920.568,113.731,54.342,84.037,2.093,241.496,13.801
4.197,2.43,44.489,44.489,48.979,603854.146,1920.568,113.744,54.36,84.052,2.092,241.544,13.8
4.197,2.43,44.496,44.496,48.975,603854.146,1920.568,113.757,54.378,84.067,2.092,241.593,13.799
4.197,2.43,44.503,44.503,48.971,603854.146,1920.568,113.77,54.395,84.083,2.092,241.641,13.798
4.197,2.43,44.511,44.511,48.967,603854.146,1920.568,113.783,54.413,84.098,2.091,241.69,13.797
4.197,2.43,44.518,44.518,48.963,603854.146,1920.568,113.796,54.43,84.113,2.091,241.738,13.796
4.197,2.43,44.526,44.526,48.96,603854.146,1920.568,113.809,54.448,84.129,2.09,241.787,13.795
4.197,2.43,44.533,44.533,48.956,603854.146,1920.568,113.822,54.466,84.144,2.09,241.835,13.794
4.197,2.43,44.54,44.54,48.952,603854.146,1920.568,113.836,54.483,84.159,2.089,241.884,13.793
4.197,2.43,44.548,44.548,48.948,603854.146,1920.568,113.849,54.501,84.175,2.089,241.932,13.792
4.197,2.43,44.555,44.555,48.944,603854.146,1920.568,113.862,54.519,84.19,2.088,241.98,13.791
4.197,2.43,44.563,44.563,48.941,603854.146,1920.568,113.875,54.536,84.205,2.088,242.029,13.789
4.197,2.43,44.57,44.57,48.937,603854.146,1920.568,113.888,54.554,84.221,2.088,242.077,13.788
4.197,2.43,44.577,44.577,48.933,603854.146,1920.568,113.901,54.572,84.236,2.087,242.126,13.787
4.197,2.43,44.585,44.585,48.929,603854.146,1920.568,113.914,54.589,84.251,2.087,242.174,13.786
4.197,2.43,44.592,44.592,48.925,603854.146,1920.568,113.927,54.607,84.267,2.086,242.223,13.785
4.197,2.43,44.6,44.6,48.922,603854.146,1920.568,113.94,54.624,84.282,2.086,242.271,13.784
4.197,2.43,44.607,44.607,48.918,603854.146,1920.568,113.953,54.642,84.297,2.085,242.319,13.783
4.197,2.43,44.614,44.614,48.914,603854.146,1920.568,113.966,54.66,84.313,2.085,242.368,13.782
4.197,2.43,44.622,44.622,48.91,603854.146,1920.568,113.979,54.677,84.328,2.085,242.416,13.781
4.197,2.43,44.629,44.629,48.906,603854.146,1920.568,113.992,54.695,84.343,2.084,242.465,13.78
4.197,2.43,44.637,44.637,48.903,603854.146,1920.568,114.005,54.713,84.359,2.084,242.513,13.779
4.197,2.43,44.644,44.644,48.899,603854.146,1920.568,114.018,54.73,84.374,2.083,242.561,13.778
4.197,2.43,44.651,44.651,48.895,603854.146,1920.568,114.031,54.748,84.389,2.083,242.61,13.777
4.197,2.43,44.659,44.659,48.891,603854.146,1920.568,114.044,54.765,84.405,2.082,242.658,13.776
4.197,2.43,44.666,44.666,48.887,603854.146,1920.568,114.057,54.783,84.42,2.082,242.706,13.774
4.197,2.43,44.674,44.674,48.884,603854.146,1920.568,114.07,54.801,84.435,2.082,242.755,13.773
4.197,2.43,44.681,44.681,48.88,603854.146,1920.568,114.083,54.818,84.451,2.081,242.803,13.772
4.197,2.43,44.688,44.688,48.876,603854.146,1920.568,114.096,54.836,84.466,2.081,242.851,13.771
4.197,2.43,44.696,44.696,48.872,603854.146,1920.568,114.109,54.854,84.481,2.08,242.9,13.77
4.197,2.43,44.703,44.703,48.868,603854.146,1920.568,114.122,54.871,84.497,2.08,242.948,13.769
4.197,2.43,44.711,44.711,48.865,603854.146,1920.568,114.135,54.889,84.512,2.079,242.997,13.768
4.197,2.43,44.718,44.718,48.861,603854.146,1920.568,114.148,54.906,84.527,2.079,243.045,13.767
4.197,2.43,44.725,44.725,48.857,603854.146,1920.568,114.161,54.924,84.543,2.079,243.093,13.766
4.197,2.43,44.733,44.733,48.853,603854.146,1920.568,114.174,54.942,84.558,2.078,243.142,13.765
4.197,2.43,44.74,44.74,48.849,603854.146,1920.568,114.187,54.959,84.573,2.078,243.19,13.764
4.197,2.43,44.748,44.748,48.846,603854.146,1920.568,114.2,54.977,84.588,2.077,243.238,13.763
4.197,2.43,44.755,44.755,48.842,603854.146,1920.568,114.213,54.994,84.604,2.077,243.287,13.762
4.197,2.43,44.762,44.762,48.838,603854.146,1920.568,114.226,55.012,84.619,2.076,243.335,13.761
4.197,2.43,44.77,44.77,48.834,603854.146,1920.568,114.239,55.03,84.634,2.076,243.383,13.76
4.197,2.43,44.777,44.777,48.831,603854.146,1920.568,114.252,55.047,84.65,2.076,243.431,13.758
4.197,2.43,44.784,44.784,48.827,603854.146,1920.568,114.265,55.065,84.665,2.075,243.48,13.757
4.197,2.43,44.792,44.792,48.823,603854.146,1920.568,114.278,55.082,84.68,2.075,243.528,13.756
4.197,2.43,44.799,44.799,48.819,603854.146,1920.568,114.291,55.1,84.696,2.074,243.576,13.755
4.197,2.43,44.807,44.807,48.815,603854.146,1920.568,114.304,55.118,84.711,2.074,243.625,13.754
4.197,2.43,44.814,44.814,48.812,603854.146,1920.568,114.317,55.135,84.726,2.073,243.673,13.753
4.197,2.43,44.821,44.821,48.808,603854.146,1920.568,114.33,55.153,84.741,2.073,243.721,13.752
4.197,2.43,44.829,44.829,48.804,603854.146,1920.568,114.343,55.17,84.757,2.073,243.769,13.751
4.197,2.43,44.836,44.836,48.8,603854.146,1920.568,114.356,55.188,84.772,2.072,243.818,13.75
4.197,2.43,44.844,44.844,48.796,603854.146,1920.568,114.369,55.205,84.787,2.072,243.866,13.749
4.197,2.43,44.851,44.851,48.793,603854.146,1920.568,114.382,55.223,84.803,2.071,243.914,13.748
4.197,2.43,44.858,44.858,48.789,603854.146,1920.568,114.395,55.241,84.818,2.071,243.963,13.747
4.197,2.43,44.866,44.866,48.785,603854.146,1920.568,114.408,55.258,84.833,2.07,244.011,13.746
4.197,2.43,44.873,44.873,48.781,603854.146,1920.568,114.421,55.276,84.848,2.07,244.059,13.745
4.197,2.43,44.88,44.88,48.778,603854.146,1920.568,114.434,55.293,84.864,2.07,244.107,13.744
4.197,2.43,44.888,44.888,48.774,603854.146,1920.568,114.447,55.311,84.879,2.069,244.156,13.742
4.197,2.43,44.895,44.895,48.77,603854.146,1920.568,114.46,55.328,84.894,2.069,244.204,13.741
4.197,2.43,44.903,44.903,48.766,603854.146,1920.568,114.473,55.346,84.909,2.068,244.252,13.74
4.197,2.43,44.91,44.91,48.762,603854.146,1920.568,114.486,55.364,84.925,2.068,244.3,13.739
4.197,2.43,44.917,44.917,48.759,603854.146,1920.568,114.499,55.381,84.94,2.067,244.348,13.738
4.197,2.43,44.925,44.925,48.755,603854.146,1920.568,114.512,55.399,84.955,2.067,244.397,13.737
4.197,2.43,44.932,44.932,48.751,603854.146,1920.568,114.525,55.416,84.971,2.067,244.445,13.736
4.197,2.43,44.939,44.939,48.747,603854.146,1920.568,114.538,55.434,84.986,2.066,244.493,13.735
4.197,2.43,44.947,44.947,48.744,603854.146,1920.568,114.551,55.451,85.001,2.066,244.541,13.734
4.197,2.43,44.954,44.954,48.74,603854.146,1920.568,114.564,55.469,85.016,2.065,244.59,13.733
4.197,2.43,44.961,44.961,48.736,603854.146,1920.568,114.577,55.486,85.032,2.065,244.638,13.732
4.197,2.43,44.969,44.969,48.732,603854.146,1920.568,114.59,55.504,85.047,2.065,244.686,13.731
4.197,2.43,44.976,44.976,48.728,603854.146,1920.568,114.603,55.522,85.062,2.064,244.734,13.73
4.197,2.43,44.984,44.984,48.725,603854.146,1920.568,114.616,55.539,85.077,2.064,244.782,13.729
4.197,2.43,44.991,44.991,48.721,603854.146,1920.568,114.629,55.557,85.093,2.063,244.83,13.728
4.197,2.43,44.998,44.998,48.717,603854.146,1920.568,114.642,55.574,85.108,2.063,244.879,13.726
4.197,2.43,45.006,45.006,48.713,603854.146,1920.568,114.655,55.592,85.123,2.062,244.927,13.725
4.197,2.43,45.013,45.013,48.71,603854.146,1920.568,114.668,55.609,85.138,2.062,244.975,13.724
4.197,2.43,45.02,45.02,48.706,603854.146,1920.568,114.681,55.627,85.154,2.062,245.023,13.723
4.197,2.43,45.028,45.028,48.702,603854.146,1920.568,114.693,55.644,85.169,2.061,245.071,13.722
4.197,2.43,45.035,45.035,48.698,603854.146,1920.568,114.706,55.662,85.184,2.061,245.119,13.721
4.197,2.43,45.043,45.043,48.694,603854.146,1920.568,114.719,55.679,85.199,2.06,245.168,13.72
4.197,2.43,45.05,45.05,48.691,603854.146,1920.568,114.732,55.697,85.215,2.06,245.216,13.719
4.197,2.43,45.057,45.057,48.687,603854.146,1920.568,114.745,55.715,85.23,2.06,245.264,13.718
4.197,2.43,45.065,45.065,48.683,603854.146,1920.568,114.758,55.732,85.245,2.059,245.312,13.717
4.197,2.43,45.072,45.072,48.679,603854.146,1920.568,114.771,55.75,85.26,2.059,245.36,13.716
4.197,2.43,45.079,45.079,48.676,603854.146,1920.568,114.784,55.767,85.276,2.058,245.408,13.715
4.197,2.43,45.087,45.087,48.672,603854.146,1920.568,114.797,55.785,85.291,2.058,245.456,13.714
4.197,2.43,45.094,45.094,48.668,603854.146,1920.568,114.81,55.802,85.306,2.057,245.505,13.713
4.197,2.43,45.101,45.101,48.664,603854.146,1920.568,114.823,55.82,85.321,2.057,245.553,13.712
4.197,2.43,45.109,45.109,48.661,603854.146,1920.568,114.836,55.837,85.337,2.057,245.601,13.711
4.197,2.43,45.116,45.116,48.657,603854.146,1920.568,114.849,55.855,85.352,2.056,245.649,13.709
4.197,2.43,45.123,45.123,48.653,603854.146,1920.568,114.862,55.872,85.367,2.056,245.697,13.708
4.197,2.43,45.131,45.131,48.649,603854.146,1920.568,114.875,55.89,85.382,2.055,245.745,13.707
4.197,2.43,45.138,45.138,48.645,603854.146,1920.568,114.888,55.907,85.398,2.055,245.793,13.706
4.197,2.43,45.145,45.145,48.642,603854.146,1920.568,114.901,55.925,85.413,2.055,245.841,13.705
4.197,2.43,45.153,45.153,48.638,603854.146,1920.568,114.914,55.942,85.428,2.054,245.889,13.704
4.197,2.43,45.16,45.16,48.634,603854.146,1920.568,114.927,55.96,85.443,2.054,245.937,13.703
4.197,2.43,45.168,45.168,48.63,603854.146,1920.568,114.94,55.977,85.458,2.053,245.986,13.702
4.197,2.43,45.175,45.175,48.627,603854.146,1920.568,114.952,55.995,85.474,2.053,246.034,13.701
4.197,2.43,45.182,45.182,48.623,603854.146,1920.568,114.965,56.012,85.489,2.052,246.082,13.7
4.197,2.43,45.19,45.19,48.619,603854.146,1920.568,114.978,56.03,85.504,2.052,246.13,13.699
4.197,2.43,45.197,45.197,48.615,603854.146,1920.568,114.991,56.047,85.519,2.052,246.178,13.698
4.197,2.43,45.204,45.204,48.611,603854.146,1920.568,115.004,56.065,85.535,2.051,246.226,13.697
4.197,2.43,45.212,45.212,48.608,603854.146,1920.568,115.017,56.082,85.55,2.051,246.274,13.696
4.197,2.43,45.219,45.219,48.604,603854.146,1920.568,115.03,56.1,85.565,2.05,246.322,13.695
4.197,2.43,45.226,45.226,48.6,603854.146,1920.568,115.043,56.117,85.58,2.05,246.37,13.694
4.197,2.43,45.234,45.234,48.596,603854.146,1920.568,115.056,56.135,85.595,2.05,246.418,13.692
4.197,2.43,45.241,45.241,48.593,603854.146,1920.568,115.069,56.152,85.611,2.049,246.466,13.691
4.197,2.43,45.248,45.248,48.589,603854.146,1920.568,115.082,56.17,85.626,2.049,246.514,13.69
4.197,2.43,45.256,45.256,48.585,603854.146,1920.568,115.095,56.187,85.641,2.048,246.562,13.689
4.197,2.43,45.263,45.263,48.581,603854.146,1920.568,115.108,56.205,85.656,2.048,246.61,13.688
4.197,2.43,45.27,45.27,48.578,603854.146,1920.568,115.12,56.222,85.671,2.048,246.658,13.687
4.197,2.43,45.278,45.278,48.574,603854.146,1920.568,115.133,56.24,85.687,2.047,246.706,13.686
4.197,2.43,45.285,45.285,48.57,603854.146,1920.568,115.146,56.257,85.702,2.047,246.754,13.685
4.197,2.43,45.292,45.292,48.566,603854.146,1920.568,115.159,56.275,85.717,2.046,246.802,13.684
4.197,2.43,45.3,45.3,48.562,603854.146,1920.568,115.172,56.292,85.732,2.046,246.85,13.683
4.197,2.43,45.307,45.307,48.559,603854.146,1920.568,115.185,56.31,85.747,2.046,246.898,13.682
4.197,2.43,45.314,45.314,48.555,603854.146,1920.568,115.198,56.327,85.763,2.045,246.946,13.681
4.197,2.43,45.322,45.322,48.551,603854.146,1920.568,115.211,56.345,85.778,2.045,246.994,13.68
4.197,2.43,45.329,45.329,48.547,603854.146,1920.568,115.224,56.362,85.793,2.044,247.042,13.679
4.197,2.43,45.336,45.336,48.544,603854.146,1920.568,115.237,56.38,85.808,2.044,247.09,13.678
4.197,2.43,45.344,45.344,48.54,603854.146,1920.568,115.25,56.397,85.823,2.044,247.138,13.677
4.197,2.43,45.351,45.351,48.536,603854.146,1920.568,115.262,56.415,85.839,2.043,247.186,13.675
4.197,2.43,45.358,45.358,48.532,603854.146,1920.568,115.275,56.432,85.854,2.043,247.234,13.674
4.197,2.43,45.366,45.366,48.529,603854.146,1920.568,115.288,56.45,85.869,2.042,247.282,13.673
4.197,2.43,45.373,45.373,48.525,603854.146,1920.568,115.301,56.467,85.884,2.042,247.33,13.672
4.197,2.43,45.38,45.38,48.521,603854.146,1920.568,115.314,56.485,85.899,2.042,247.378,13.671
4.197,2.43,45.388,45.388,48.517,603854.146,1920.568,115.327,56.502,85.914,2.041,247.426,13.67
4.197,2.43,45.395,45.395,48.513,603854.146,1920.568,115.34,56.519,85.93,2.041,247.474,13.669
4.197,2.43,45.402,45.402,48.51,603854.146,1920.568,115.353,56.537,85.945,2.04,247.521,13.668
4.197,2.43,45.41,45.41,48.506,603854.146,1920.568,115.366,56.554,85.96,2.04,247.569,13.667
4.197,2.43,45.417,45.417,48.502,603854.146,1920.568,115.379,56.572,85.975,2.04,247.617,13.666
4.197,2.43,45.424,45.424,48.498,603854.146,1920.568,115.391,56.589,85.99,2.039,247.665,13.665
4.197,2.43,45.432,45.432,48.495,603854.146,1920.568,115.404,56.607,86.006,2.039,247.713,13.664
4.197,2.43,45.439,45.439,48.491,603854.146,1920.568,115.417,56.624,86.021,2.038,247.761,13.663
4.197,2.43,45.446,45.446,48.487,603854.146,1920.568,115.43,56.642,86.036,2.038,247.809,13.662
4.197,2.43,45.454,45.454,48.483,603854.146,1920.568,115.443,56.659,86.051,2.038,247.857,13.661
4.197,2.43,45.461,45.461,48.479,603854.146,1920.568,115.456,56.677,86.066,2.037,247.905,13.66
4.197,2.43,45.468,45.468,48.476,603854.146,1920.568,115.469,56.694,86.081,2.037,247.953,13.658
4.197,2.43,45.476,45.476,48.472,603854.146,1920.568,115.482,56.711,86.096,2.036,248.0,13.657
4.197,2.43,45.483,45.483,48.468,603854.146,1920.568,115.494,56.729,86.112,2.036,248.048,13.656
4.197,2.43,45.49,45.49,48.464,603854.146,1920.568,115.507,56.746,86.127,2.036,248.096,13.655
4.197,2.43,45.498,45.498,48.461,603854.146,1920.568,115.52,56.764,86.142,2.035,248.144,13.654
4.197,2.43,45.505,45.505,48.457,603854.146,1920.568,115.533,56.781,86.157,2.035,248.192,13.653
4.197,2.43,45.512,45.512,48.453,603854.146,1920.568,115.546,56.799,86.172,2.034,248.24,13.652
4.197,2.43,45.519,45.519,48.449,603854.146,1920.568,115.559,56.816,86.187,2.034,248.288,13.651
4.197,2.43,45.527,45.527,48.446,603854.146,1920.568,115.572,56.834,86.203,2.034,248.335,13.65
4.197,2.43,45.534,45.534,48.442,603854.146,1920.568,115.584,56.851,86.218,2.033,248.383,13.649
4.197,2.43,45.541,45.541,48.438,603854.146,1920.568,115.597,56.868,86.233,2.033,248.431,13.648
4.197,2.43,45.549,45.549,48.434,603854.146,1920.568,115.61,56.886,86.248,2.032,248.479,13.647
4.197,2.43,45.556,45.556,48.43,603854.146,1920.568,115.623,56.903,86.263,2.032,248.527,13.646
4.197,2.43,45.563,45.563,48.427,603854.146,1920.568,115.636,56.921,86.278,2.032,248.575,13.645
4.197,2.43,45.571,45.571,48.423,603854.146,1920.568,115.649,56.938,86.293,2.031,248.622,13.644
4.197,2.43,45.578,45.578,48.419,603854.146,1920.568,115.662,56.956,86.309,2.031,248.67,13.643
4.197,2.43,45.585,45.585,48.415,603854.146,1920.568,115.674,56.973,86.324,2.03,248.718,13.641
4.197,2.43,45.593,45.593,48.412,603854.146,1920.568,115.687,56.99,86.339,2.03,248.766,13.64
4.197,2.43,45.6,45.6,48.408,603854.146,1920.568,115.7,57.008,86.354,2.03,248.814,13.639
4.197,2.43,45.607,45.607,48.404,603854.146,1920.568,115.713,57.025,86.369,2.029,248.861,13.638
4.197,2.43,45.614,45.614,48.4,603854.146,1920.568,115.726,57.043,86.384,2.029,248.909,13.637
4.197,2.43,45.622,45.622,48.396,603854.146,1920.568,115.739,57.06,86.399,2.028,248.957,13.636
4.197,2.43,45.629,45.629,48.393,603854.146,1920.568,115.752,57.078,86.415,2.028,249.005,13.635
4.197,2.43,45.636,45.636,48.389,603854.146,1920.568,115.764,57.095,86.43,2.028,249.052,13.634
4.197,2.43,45.644,45.644,48.385,603854.146,1920.568,115.777,57.112,86.445,2.027,249.1,13.633
