timestamp_ms,pri_rpm,sec_rpm,speed_mph,g_x,g_y,g_z,fix_status,sat_count
553,0.0,0.0,0.00,0.000,0.000,0.000,0,0
603,0.0,0.0,0.00,0.000,0.000,0.000,0,0
653,0.0,0.0,0.00,0.000,0.000,0.000,0,0
703,0.0,0.0,0.00,0.000,0.000,0.000,0,0
753,0.0,0.0,0.00,0.000,0.000,0.000,0,0
803,0.0,0.0,0.00,0.000,0.000,0.000,0,0
853,0.0,0.0,0.00,0.000,0.000,0.000,0,0
903,0.0,0.0,0.00,0.000,0.000,0.000,0,0
953,0.0,0.0,0.00,0.000,0.000,0.000,0,0
1003,0.0,0.0,0.00,0.000,0.000,0.000,0,0
1053,0.0,0.0,0.00,0.000,0.000,0.000,0,0
1103,0.0,0.0,0.00,0.000,0.000,0.000,0,0
1153,0.0,0.0,0.00,0.000,0.000,0.000,0,0
1203,0.0,0.0,0.00,0.000,0.000,0.000,0,0
1253,0.0,0.0,0.00,0.000,0.000,0.000,0,0
1303,0.0,0.0,0.00,0.000,0.000,0.000,0,0
1353,0.0,0.0,0.00,0.000,0.000,0.000,0,0
1403,0.0,0.0,0.00,0.000,0.000,0.000,0,0
1453,0.0,0.0,0.00,0.000,0.000,0.000,0,0
1503,0.0,0.0,0.00,0.000,0.000,0.000,0,0
1553,0.0,0.0,0.00,0.000,0.000,0.000,0,0
1603,0.0,0.0,0.00,0.000,0.000,0.000,0,0
1653,0.0,0.0,0.00,0.000,0.000,0.000,0,0
1703,0.0,0.0,0.00,0.000,0.000,0.000,0,0
1753,0.0,0.0,0.00,0.000,0.000,0.000,0,0
1803,0.0,0.0,0.00,0.000,0.000,0.000,0,0
1853,0.0,0.0,0.00,0.000,0.000,0.000,0,0
1903,0.0,0.0,0.00,0.000,0.000,0.000,0,0
1953,0.0,0.0,0.00,0.000,0.000,0.000,0,0
2003,0.0,0.0,0.00,0.000,0.000,0.000,0,0
2059,0.0,0.0,0.00,0.000,0.000,0.000,0,0
2110,0.0,0.0,0.00,0.000,0.000,0.000,0,0
2161,0.0,0.0,0.00,0.000,0.000,0.000,0,0
2211,0.0,0.0,0.00,0.000,0.000,0.000,0,0
2261,0.0,0.0,0.00,0.000,0.000,0.000,0,0
2311,0.0,0.0,0.00,0.000,0.000,0.000,0,0
2361,0.0,0.0,0.00,0.000,0.000,0.000,0,0
2411,0.0,0.0,0.00,0.000,0.000,0.000,0,0
2474,0.0,0.0,0.00,0.000,0.000,0.000,0,0
2523,0.0,0.0,0.00,0.000,0.000,0.000,0,0
2573,0.0,0.0,0.00,0.000,0.000,0.000,0,0
2623,0.0,0.0,0.00,0.000,0.000,0.000,0,0
2673,0.0,0.0,0.00,0.000,0.000,0.000,0,0
2723,0.0,0.0,0.00,0.000,0.000,0.000,0,0
2773,0.0,0.0,0.00,0.000,0.000,0.000,0,0
2823,0.0,0.0,0.00,0.000,0.000,0.000,0,0
2873,0.0,0.0,0.00,0.058,0.053,0.983,0,0
2923,0.0,0.0,0.00,0.059,0.051,0.986,0,0
2973,0.0,0.0,0.00,0.059,0.049,0.988,0,0
3023,0.0,0.0,0.00,0.059,0.047,0.990,0,0
3074,0.0,0.0,0.00,0.058,0.047,0.989,0,0
3124,0.0,0.0,0.00,0.058,0.047,0.989,0,0
3175,0.0,0.0,0.00,0.058,0.047,0.988,0,0
3224,0.0,0.0,0.00,0.059,0.046,0.987,0,0
3274,0.0,0.0,0.00,0.059,0.046,0.987,0,0
3324,0.0,0.0,0.00,0.058,0.047,0.986,0,0
3374,0.0,0.0,0.00,0.058,0.048,0.986,0,0
3424,0.0,0.0,0.00,0.058,0.048,0.986,0,0
3474,0.0,0.0,0.00,0.059,0.045,0.986,0,0
3528,0.0,0.0,0.00,0.058,0.045,0.986,0,0
3580,0.0,0.0,0.00,0.058,0.046,0.986,0,0
3629,0.0,0.0,0.00,0.058,0.048,0.986,0,0
3679,0.0,0.0,0.00,0.058,0.048,0.985,0,0
3729,0.0,0.0,0.00,0.059,0.047,0.985,0,0
3779,0.0,0.0,0.00,0.059,0.047,0.985,0,0
3829,0.0,0.0,0.00,0.058,0.046,0.985,0,0
3879,0.0,0.0,0.00,0.058,0.047,0.985,0,0
3933,0.0,0.0,0.00,0.058,0.047,0.985,0,0
3983,0.0,0.0,0.00,0.058,0.047,0.985,0,0
4033,0.0,0.0,0.00,0.058,0.046,0.985,0,0
4083,0.0,0.0,0.00,0.059,0.046,0.984,0,0
4133,0.0,0.0,0.00,0.059,0.046,0.984,0,0
4183,0.0,0.0,0.00,0.059,0.047,0.984,0,0
4233,0.0,0.0,0.00,0.059,0.046,0.984,0,0
4283,0.0,0.0,0.00,0.059,0.046,0.985,0,0
4333,0.0,0.0,0.00,0.059,0.046,0.984,0,0
4383,0.0,0.0,0.00,0.058,0.047,0.984,0,0
4433,0.0,0.0,0.00,0.059,0.047,0.984,0,0
4483,0.0,0.0,0.00,0.059,0.046,0.984,0,0
4534,0.0,0.0,0.00,0.059,0.046,0.984,0,0
4585,0.0,0.0,0.00,0.058,0.046,0.984,0,0
4634,0.0,0.0,0.00,0.059,0.046,0.984,0,0
4684,0.0,0.0,0.00,0.059,0.047,0.983,0,0
4735,0.0,0.0,0.00,0.059,0.047,0.984,0,0
4784,0.0,0.0,0.00,0.059,0.047,0.984,0,0
4834,0.0,0.0,0.00,0.059,0.046,0.984,0,0
4884,0.0,0.0,0.00,0.058,0.046,0.984,0,0
4934,0.0,0.0,0.00,0.058,0.047,0.984,0,0
4984,0.0,0.0,0.00,0.058,0.047,0.984,0,0
5034,0.0,0.0,0.00,0.059,0.047,0.983,0,0
5089,0.0,0.0,0.00,0.059,0.047,0.983,0,0
5138,0.0,0.0,0.00,0.058,0.047,0.984,0,0
5188,0.0,0.0,0.00,0.058,0.046,0.983,0,0
5238,0.0,0.0,0.00,0.058,0.047,0.983,0,0
5288,0.0,0.0,0.00,0.059,0.047,0.984,0,0
5338,0.0,0.0,0.00,0.059,0.047,0.984,0,0
5388,0.0,0.0,0.00,0.059,0.047,0.983,0,0
5438,0.0,0.0,0.00,0.058,0.046,0.983,0,0
5488,0.0,0.0,0.00,0.059,0.046,0.983,0,0
5538,0.0,0.0,0.00,0.058,0.047,0.983,0,0
5588,0.0,0.0,0.00,0.058,0.047,0.983,0,0
5638,0.0,0.0,0.00,0.058,0.047,0.983,0,0
5689,0.0,0.0,0.00,0.059,0.047,0.984,0,0
5738,0.0,0.0,0.00,0.059,0.047,0.984,0,0
5788,0.0,0.0,0.00,0.059,0.047,0.983,0,0
5838,0.0,0.0,0.00,0.059,0.047,0.984,0,0
5888,0.0,0.0,0.00,0.058,0.047,0.983,0,0
5938,0.0,0.0,0.00,0.059,0.047,0.984,0,0
5988,0.0,0.0,0.00,0.059,0.047,0.983,0,0
6038,0.0,0.0,0.00,0.059,0.047,0.984,0,0
6088,0.0,0.0,0.00,0.059,0.047,0.983,0,0
6139,0.0,0.0,0.00,0.059,0.047,0.984,0,0
6188,0.0,0.0,0.00,0.058,0.046,0.983,0,0
6238,0.0,0.0,0.00,0.058,0.047,0.983,0,0
6288,0.0,0.0,0.00,0.058,0.047,0.983,0,0
6338,0.0,0.0,6.81,0.059,0.047,0.984,3,4
6388,0.0,0.0,6.96,0.059,0.047,0.983,3,4
6438,0.0,0.0,6.41,0.059,0.046,0.983,3,4
6488,0.0,0.0,7.02,0.058,0.046,0.983,3,4
6538,0.0,0.0,7.61,0.058,0.046,0.984,3,4
6589,0.0,0.0,7.16,0.059,0.047,0.983,3,4
6639,0.0,0.0,6.52,0.059,0.047,0.983,3,4
6694,0.0,0.0,2.54,0.059,0.047,0.983,3,4
6743,0.0,0.0,1.81,0.059,0.047,0.984,3,4
6793,0.0,0.0,1.86,0.058,0.046,0.983,3,4
6843,0.0,0.0,2.13,0.058,0.046,0.983,3,4
6893,0.0,0.0,2.21,0.059,0.047,0.983,3,4
6943,0.0,0.0,2.25,0.059,0.047,0.984,3,4
6993,0.0,0.0,2.22,0.058,0.047,0.983,3,4
7043,0.0,0.0,2.18,0.058,0.047,0.983,3,4
7094,0.0,0.0,2.18,0.058,0.047,0.983,3,4
7144,0.0,0.0,2.18,0.058,0.047,0.983,3,4
7194,0.0,0.0,0.82,0.059,0.047,0.983,3,4
7246,0.0,0.0,0.82,0.059,0.047,0.983,3,4
7296,0.0,0.0,0.32,0.059,0.047,0.983,3,4
7346,0.0,0.0,0.59,0.058,0.047,0.984,3,4
7396,0.0,0.0,0.59,0.058,0.047,0.984,3,4
7446,0.0,0.0,0.59,0.058,0.047,0.983,3,5
7496,0.0,0.0,0.47,0.059,0.047,0.983,3,5
7546,0.0,0.0,0.47,0.059,0.047,0.983,3,5
7600,0.0,0.0,0.16,0.059,0.047,0.983,3,5
7650,0.0,0.0,0.25,0.058,0.046,0.983,3,5
7700,0.0,0.0,0.25,0.058,0.046,0.983,3,5
7750,0.0,0.0,0.25,0.058,0.046,0.983,3,5
7800,0.0,0.0,0.20,0.059,0.046,0.984,3,5
7851,0.0,0.0,0.20,0.059,0.046,0.984,3,5
7900,0.0,0.0,0.29,0.059,0.047,0.983,3,5
7950,0.0,0.0,0.31,0.058,0.047,0.984,3,5
8000,0.0,0.0,0.31,0.058,0.047,0.984,3,5
8050,0.0,0.0,0.19,0.059,0.047,0.983,3,5
8101,0.0,0.0,0.13,0.059,0.047,0.984,3,5
8151,0.0,0.0,0.13,0.059,0.047,0.984,3,5
8201,0.0,0.0,0.12,0.059,0.047,0.984,3,5
8251,0.0,0.0,0.16,0.058,0.047,0.983,3,5
8302,0.0,0.0,0.16,0.058,0.047,0.983,3,5
8351,0.0,0.0,0.69,0.059,0.046,0.983,3,6
8401,0.0,0.0,1.11,0.059,0.047,0.983,3,6
8452,0.0,0.0,1.11,0.059,0.047,0.983,3,6
8501,0.0,0.0,1.30,0.058,0.047,0.984,3,6
8551,0.0,0.0,1.28,0.059,0.047,0.983,3,7
8603,0.0,0.0,1.28,0.059,0.047,0.983,3,7
8653,0.0,0.0,1.01,0.059,0.047,0.983,3,7
8703,0.0,0.0,0.65,0.059,0.047,0.984,3,7
8753,0.0,0.0,0.65,0.059,0.047,0.984,3,7
8803,0.0,0.0,0.52,0.059,0.047,0.983,3,7
8853,0.0,0.0,0.47,0.058,0.047,0.984,3,7
8905,0.0,0.0,0.47,0.058,0.047,0.984,3,7
8955,0.0,0.0,0.32,0.059,0.047,0.984,3,8
9005,0.0,0.0,0.23,0.059,0.046,0.984,3,7
9055,0.0,0.0,0.23,0.059,0.046,0.984,3,7
9109,0.0,0.0,0.17,0.059,0.047,0.984,3,7
9159,0.0,0.0,0.11,0.059,0.048,0.984,3,7
9209,0.0,0.0,0.05,0.059,0.046,0.984,3,10
9259,0.0,0.0,0.05,0.059,0.046,0.984,3,10
9309,0.0,0.0,0.02,0.059,0.046,0.984,3,10
9359,0.0,0.0,0.02,0.059,0.046,0.984,3,10
9409,0.0,0.0,0.07,0.058,0.047,0.984,3,10
9459,0.0,0.0,0.06,0.059,0.047,0.984,3,10
9509,0.0,0.0,0.11,0.060,0.047,0.983,3,10
9559,0.0,0.0,0.11,0.060,0.047,0.983,3,10
9610,0.0,0.0,0.26,0.058,0.047,0.984,3,10
9660,0.0,0.0,0.26,0.058,0.047,0.984,3,10
9710,0.0,0.0,0.28,0.058,0.047,0.984,3,10
9760,0.0,0.0,0.17,0.059,0.047,0.983,3,10
9810,0.0,0.0,0.14,0.059,0.046,0.984,3,10
9860,0.0,0.0,0.11,0.059,0.045,0.984,3,10
9910,0.0,0.0,0.04,0.058,0.047,0.983,3,10
9960,0.0,0.0,0.04,0.058,0.047,0.983,3,10
10010,0.0,0.0,0.04,0.059,0.048,0.984,3,10
10060,0.0,0.0,0.03,0.060,0.046,0.984,3,10
10111,0.0,0.0,0.00,0.059,0.046,0.983,3,10
10161,0.0,0.0,0.00,0.059,0.046,0.983,3,10
10211,0.0,0.0,0.08,0.059,0.048,0.984,3,10
10261,0.0,0.0,0.08,0.059,0.048,0.984,3,10
10311,0.0,0.0,0.06,0.060,0.047,0.983,3,10
10361,0.0,0.0,0.07,0.058,0.046,0.984,3,10
10411,0.0,0.0,0.09,0.058,0.046,0.984,3,10
10461,0.0,0.0,0.09,0.058,0.046,0.984,3,10
10511,0.0,0.0,0.09,0.058,0.046,0.984,3,10
10561,0.0,0.0,0.09,0.058,0.046,0.984,3,10
10612,0.0,0.0,0.15,0.059,0.047,0.984,3,10
10662,0.0,0.0,0.02,0.058,0.047,0.984,3,10
10712,0.0,0.0,0.11,0.058,0.046,0.984,3,10
10762,0.0,0.0,0.11,0.058,0.046,0.984,3,10
10812,0.0,0.0,0.10,0.060,0.047,0.984,3,10
10863,0.0,0.0,0.10,0.060,0.047,0.984,3,10
10913,0.0,0.0,0.04,0.058,0.047,0.984,3,11
10963,0.0,0.0,0.17,0.058,0.046,0.984,3,11
11013,0.0,0.0,0.10,0.059,0.046,0.984,3,11
11063,0.0,0.0,0.10,0.059,0.046,0.984,3,11
11114,0.0,0.0,0.05,0.058,0.048,0.984,3,11
11164,0.0,0.0,0.05,0.058,0.048,0.984,3,11
11214,0.0,0.0,0.04,0.059,0.046,0.983,3,11
11264,0.0,0.0,0.06,0.059,0.047,0.984,3,11
11314,0.0,0.0,0.05,0.059,0.046,0.984,3,11
11364,0.0,0.0,0.05,0.059,0.046,0.984,3,11
11414,0.0,0.0,0.02,0.058,0.047,0.984,3,11
11464,0.0,0.0,0.02,0.058,0.047,0.984,3,11
11514,0.0,0.0,0.06,0.059,0.047,0.984,3,12
11564,0.0,0.0,0.08,0.059,0.046,0.984,3,12
11615,0.0,0.0,0.05,0.059,0.046,0.983,3,12
11665,0.0,0.0,0.06,0.058,0.046,0.984,3,12
11715,0.0,0.0,0.12,0.058,0.048,0.983,3,12
11765,0.0,0.0,0.12,0.058,0.048,0.983,3,12
11815,0.0,0.0,0.07,0.060,0.047,0.984,3,12
11865,0.0,0.0,0.13,0.059,0.046,0.984,3,12
11915,0.0,0.0,0.05,0.057,0.047,0.984,3,12
11965,0.0,0.0,0.05,0.057,0.047,0.984,3,12
12015,0.0,0.0,0.04,0.059,0.047,0.984,3,12
12065,0.0,0.0,0.04,0.059,0.047,0.984,3,12
12125,0.0,0.0,0.01,0.059,0.047,0.984,3,12
12175,0.0,0.0,0.08,0.059,0.047,0.984,3,12
12225,0.0,0.0,0.06,0.058,0.046,0.984,3,12
12276,0.0,0.0,0.06,0.058,0.046,0.984,3,12
12325,0.0,0.0,0.04,0.059,0.046,0.984,3,12
12375,0.0,0.0,0.06,0.059,0.047,0.984,3,12
12426,0.0,0.0,0.06,0.059,0.047,0.984,3,12
12475,0.0,0.0,0.03,0.058,0.047,0.984,3,11
12525,0.0,0.0,0.03,0.058,0.046,0.984,3,13
12576,0.0,0.0,0.03,0.058,0.046,0.984,3,13
12628,0.0,0.0,0.23,0.059,0.047,0.984,3,13
12678,0.0,0.0,0.06,0.058,0.047,0.984,3,13
12728,0.0,0.0,0.09,0.059,0.047,0.984,3,13
12778,0.0,0.0,0.09,0.059,0.047,0.984,3,13
12828,0.0,0.0,0.03,0.059,0.047,0.984,3,13
12878,0.0,0.0,0.03,0.059,0.047,0.984,3,13
12928,0.0,0.0,0.10,0.058,0.046,0.984,3,13
12978,0.0,0.0,0.04,0.059,0.047,0.984,3,13
13028,0.0,0.0,0.03,0.059,0.047,0.984,3,13
13078,0.0,0.0,0.05,0.059,0.047,0.984,3,13
13129,0.0,0.0,0.04,0.058,0.046,0.984,3,13
13181,0.0,0.0,0.04,0.058,0.046,0.984,3,13
13230,0.0,0.0,0.09,0.058,0.046,0.984,3,13
13280,0.0,0.0,0.09,0.058,0.046,0.984,3,13
13332,0.0,0.0,0.03,0.059,0.047,0.984,3,13
13381,0.0,0.0,0.03,0.059,0.047,0.984,3,13
13431,0.0,0.0,0.07,0.058,0.047,0.984,3,13
13483,0.0,0.0,0.07,0.058,0.047,0.984,3,13
13532,0.0,0.0,0.04,0.058,0.047,0.984,3,13
13582,0.0,0.0,0.01,0.060,0.046,0.984,3,14
13633,0.0,0.0,0.03,0.060,0.046,0.984,3,14
13683,0.0,0.0,0.03,0.059,0.047,0.984,3,14
13733,0.0,0.0,0.02,0.058,0.047,0.984,3,14
13783,0.0,0.0,0.02,0.058,0.047,0.984,3,14
13833,0.0,0.0,0.06,0.059,0.046,0.984,3,14
13883,0.0,0.0,0.01,0.059,0.047,0.984,3,14
13933,0.0,0.0,0.04,0.058,0.047,0.985,3,14
13983,0.0,0.0,0.04,0.058,0.047,0.985,3,14
14033,0.0,0.0,0.06,0.057,0.046,0.984,3,14
14083,0.0,0.0,0.06,0.057,0.046,0.984,3,14
14135,0.0,0.0,0.09,0.059,0.046,0.984,3,14
14185,0.0,0.0,0.03,0.060,0.047,0.983,3,14
14235,0.0,0.0,0.11,0.060,0.047,0.984,3,14
14285,0.0,0.0,0.12,0.059,0.048,0.984,3,14
14335,0.0,0.0,0.05,0.057,0.046,0.985,3,14
14385,0.0,0.0,0.05,0.057,0.046,0.985,3,14
14435,0.0,0.0,0.04,0.058,0.046,0.984,3,14
14485,0.0,0.0,0.00,0.060,0.048,0.984,3,14
14535,0.0,0.0,0.03,0.059,0.048,0.984,3,14
14585,0.0,0.0,0.03,0.059,0.048,0.984,3,14
14636,0.0,0.0,0.06,0.058,0.047,0.985,3,14
14686,0.0,0.0,0.06,0.058,0.047,0.985,3,14
14737,0.0,0.0,0.04,0.059,0.046,0.984,3,14
14786,0.0,0.0,0.06,0.059,0.048,0.984,3,14
14836,0.0,0.0,0.04,0.060,0.048,0.984,3,14
14887,0.0,0.0,0.08,0.059,0.047,0.983,3,14
14936,0.0,0.0,0.03,0.058,0.047,0.984,3,14
14986,0.0,0.0,0.03,0.058,0.047,0.984,3,14
15037,0.0,0.0,0.10,0.058,0.047,0.984,3,14
15086,0.0,0.0,0.06,0.058,0.047,0.984,3,14
15137,0.0,0.0,0.06,0.060,0.047,0.984,3,14
15187,0.0,0.0,0.02,0.060,0.047,0.984,3,14
15237,0.0,0.0,0.06,0.059,0.047,0.984,3,14
15287,0.0,0.0,0.02,0.059,0.047,0.984,3,14
15337,0.0,0.0,0.02,0.059,0.047,0.984,3,14
15387,0.0,0.0,0.11,0.059,0.047,0.985,3,14
15437,0.0,0.0,0.11,0.059,0.047,0.985,3,14
15487,0.0,0.0,0.11,0.059,0.047,0.985,3,14
15537,0.0,0.0,0.05,0.060,0.047,0.984,3,14
15587,0.0,0.0,0.11,0.059,0.047,0.984,3,14
15638,0.0,0.0,0.11,0.059,0.047,0.984,3,14
15688,0.0,0.0,0.02,0.059,0.047,0.984,3,14
15738,0.0,0.0,0.01,0.060,0.047,0.983,3,14
15788,0.0,0.0,0.01,0.060,0.047,0.983,3,14
15838,0.0,0.0,0.06,0.059,0.047,0.985,3,14
15888,0.0,0.0,0.04,0.058,0.047,0.984,3,14
15938,0.0,0.0,0.04,0.058,0.047,0.984,3,14
15988,0.0,0.0,0.12,0.058,0.047,0.984,3,14
16038,0.0,0.0,0.12,0.058,0.047,0.984,3,14
16088,0.0,0.0,0.12,0.058,0.047,0.984,3,14
16139,0.0,0.0,0.04,0.060,0.047,0.985,3,14
16190,0.0,0.0,0.10,0.059,0.047,0.984,3,14
16240,0.0,0.0,0.10,0.059,0.047,0.984,3,14
16290,0.0,0.0,0.12,0.058,0.047,0.984,3,14
16340,0.0,0.0,0.06,0.059,0.047,0.984,3,14
16390,0.0,0.0,0.06,0.059,0.047,0.984,3,14
16440,0.0,0.0,0.13,0.060,0.047,0.984,3,14
16490,0.0,0.0,0.03,0.059,0.047,0.984,3,14
16540,0.0,0.0,0.03,0.059,0.047,0.984,3,14
16590,0.0,0.0,0.07,0.058,0.047,0.983,3,14
16641,0.0,0.0,0.07,0.059,0.047,0.984,3,14
16697,0.0,0.0,0.03,0.060,0.047,0.984,3,14
16746,0.0,0.0,0.06,0.059,0.047,0.984,3,14
16796,0.0,0.0,0.03,0.058,0.047,0.984,3,14
16847,0.0,0.0,0.03,0.058,0.047,0.984,3,14
16897,0.0,0.0,0.03,0.059,0.047,0.983,3,14
16947,0.0,0.0,0.00,0.060,0.047,0.983,3,14
16997,0.0,0.0,0.00,0.060,0.047,0.983,3,14
17047,0.0,0.0,0.05,0.059,0.047,0.984,3,14
17097,0.0,0.0,0.11,0.059,0.047,0.984,3,14
17149,0.0,0.0,0.11,0.059,0.047,0.984,3,14
17199,0.0,0.0,0.09,0.059,0.047,0.984,3,14
17249,0.0,0.0,0.03,0.059,0.047,0.984,3,14
17299,0.0,0.0,0.03,0.059,0.047,0.984,3,14
17349,0.0,0.0,0.01,0.059,0.047,0.984,3,14
17399,0.0,0.0,0.01,0.059,0.047,0.984,3,14
17450,0.0,0.0,0.01,0.059,0.047,0.984,3,14
17499,0.0,0.0,0.05,0.059,0.046,0.984,3,14
17549,0.0,0.0,0.07,0.059,0.048,0.984,3,14
17599,0.0,0.0,0.07,0.059,0.048,0.984,3,14
17653,0.0,0.0,0.11,0.058,0.047,0.984,3,14
17703,0.0,0.0,0.08,0.059,0.046,0.984,3,14
17753,0.0,0.0,0.08,0.059,0.046,0.984,3,14
17803,0.0,0.0,0.06,0.060,0.047,0.985,3,14
17853,0.0,0.0,0.09,0.058,0.048,0.984,3,14
17903,0.0,0.0,0.09,0.058,0.048,0.984,3,14
17953,0.0,0.0,0.02,0.059,0.046,0.984,3,14
18003,0.0,0.0,0.07,0.060,0.047,0.985,3,14
18054,0.0,0.0,0.07,0.060,0.047,0.985,3,14
18103,0.0,0.0,0.04,0.059,0.047,0.984,3,14
18154,0.0,0.0,0.06,0.058,0.047,0.984,3,14
18205,0.0,0.0,0.06,0.058,0.047,0.984,3,14
18254,0.0,0.0,0.07,0.059,0.047,0.984,3,14
18304,0.0,0.0,0.03,0.060,0.046,0.984,3,14
18356,0.0,0.0,0.03,0.060,0.046,0.984,3,14
18406,0.0,0.0,0.02,0.058,0.047,0.984,3,14
18456,0.0,0.0,0.02,0.059,0.047,0.984,3,14
18507,0.0,0.0,0.02,0.059,0.047,0.984,3,14
18556,0.0,0.0,0.08,0.060,0.046,0.984,3,14
18606,0.0,0.0,0.07,0.059,0.047,0.984,3,14
18659,0.0,0.0,0.07,0.059,0.047,0.984,3,14
18708,0.0,0.0,0.14,0.059,0.047,0.984,3,14
18758,0.0,0.0,0.12,0.059,0.047,0.984,3,14
18808,0.0,0.0,0.12,0.059,0.047,0.984,3,14
18858,0.0,0.0,0.12,0.059,0.047,0.984,3,14
18908,0.0,0.0,0.12,0.059,0.047,0.985,3,14
18958,0.0,0.0,0.12,0.059,0.047,0.985,3,14
19008,0.0,0.0,0.04,0.059,0.047,0.985,3,14
19058,0.0,0.0,0.03,0.059,0.047,0.984,3,14
19109,0.0,0.0,0.11,0.059,0.047,0.984,3,14
19161,0.0,0.0,0.04,0.059,0.047,0.984,3,14
19211,0.0,0.0,0.06,0.059,0.047,0.984,3,14
19261,0.0,0.0,0.06,0.059,0.047,0.984,3,14
19311,0.0,0.0,0.09,0.059,0.048,0.984,3,14
19361,0.0,0.0,0.11,0.059,0.047,0.984,3,14
19411,0.0,0.0,0.04,0.059,0.047,0.984,3,14
19461,0.0,0.0,0.04,0.059,0.047,0.984,3,14
19511,0.0,0.0,0.04,0.059,0.047,0.984,3,14
19561,0.0,0.0,0.04,0.059,0.047,0.984,3,14
19611,0.0,0.0,0.10,0.059,0.047,0.984,3,14
19662,0.0,0.0,0.06,0.059,0.047,0.984,3,14
19712,0.0,0.0,0.03,0.059,0.047,0.985,3,14
19762,0.0,0.0,0.03,0.059,0.047,0.985,3,14
19812,0.0,0.0,0.03,0.059,0.047,0.985,3,14
19862,0.0,0.0,0.05,0.059,0.047,0.985,3,14
19912,0.0,0.0,0.07,0.059,0.047,0.985,3,14
19962,0.0,0.0,0.07,0.059,0.047,0.985,3,14
20012,0.0,0.0,0.08,0.059,0.047,0.985,3,14
20062,0.0,0.0,0.08,0.059,0.047,0.985,3,14
20112,0.0,0.0,0.05,0.059,0.047,0.984,3,14
20163,0.0,0.0,0.05,0.059,0.047,0.984,3,14
20213,0.0,0.0,0.09,0.059,0.047,0.984,3,14
20263,0.0,0.0,0.11,0.059,0.047,0.984,3,16
20313,0.0,0.0,0.01,0.059,0.047,0.984,3,16
20363,0.0,0.0,0.01,0.059,0.047,0.984,3,16
20413,0.0,0.0,0.08,0.059,0.047,0.984,3,16
20463,0.0,0.0,0.05,0.059,0.047,0.984,3,16
20513,0.0,0.0,0.07,0.059,0.047,0.984,3,16
20563,0.0,0.0,0.10,0.059,0.047,0.984,3,16
20613,0.0,0.0,0.07,0.059,0.047,0.984,3,16
20664,0.0,0.0,0.07,0.059,0.047,0.984,3,16
20714,0.0,0.0,0.04,0.059,0.047,0.984,3,16
20764,0.0,0.0,0.09,0.059,0.047,0.984,3,16
20814,0.0,0.0,0.04,0.059,0.047,0.984,3,16
20864,0.0,0.0,0.10,0.059,0.047,0.984,3,16
20914,0.0,0.0,0.10,0.059,0.047,0.984,3,16
20964,0.0,0.0,0.10,0.059,0.047,0.984,3,16
21014,0.0,0.0,0.10,0.059,0.047,0.984,3,16
21064,0.0,0.0,0.10,0.059,0.047,0.984,3,16
21114,0.0,0.0,0.08,0.059,0.047,0.984,3,16
21165,0.0,0.0,0.02,0.059,0.047,0.984,3,16
21215,0.0,0.0,0.04,0.059,0.047,0.984,3,16
21265,0.0,0.0,0.04,0.059,0.047,0.984,3,16
21315,0.0,0.0,0.04,0.059,0.047,0.984,3,16
21365,0.0,0.0,0.06,0.059,0.047,0.985,3,15
21415,0.0,0.0,0.10,0.058,0.047,0.985,3,15
21465,0.0,0.0,0.07,0.059,0.047,0.985,3,15
21515,0.0,0.0,0.03,0.059,0.047,0.984,3,15
21565,0.0,0.0,0.03,0.059,0.047,0.984,3,15
21615,0.0,0.0,0.03,0.059,0.047,0.984,3,15
21666,0.0,0.0,0.03,0.059,0.047,0.984,3,15
21716,0.0,0.0,0.03,0.059,0.047,0.985,3,15
21766,0.0,0.0,0.06,0.059,0.047,0.984,3,15
21816,0.0,0.0,0.02,0.059,0.048,0.984,3,15
21866,0.0,0.0,0.02,0.059,0.048,0.984,3,15
21916,0.0,0.0,0.04,0.059,0.048,0.984,3,15
21966,0.0,0.0,0.04,0.058,0.047,0.984,3,15
22016,0.0,0.0,0.07,0.058,0.046,0.984,3,15
22066,0.0,0.0,0.06,0.059,0.047,0.984,3,15
22116,0.0,0.0,0.09,0.059,0.048,0.984,3,15
22175,0.0,0.0,0.09,0.059,0.048,0.984,3,15
22224,0.0,0.0,0.08,0.059,0.047,0.985,3,15
22274,0.0,0.0,0.10,0.058,0.047,0.985,3,14
22324,0.0,0.0,0.10,0.058,0.047,0.985,3,14
22374,0.0,0.0,0.10,0.058,0.047,0.985,3,14
22424,0.0,0.0,0.04,0.059,0.048,0.984,3,14
22475,0.0,0.0,0.04,0.059,0.048,0.984,3,14
22525,0.0,0.0,0.04,0.059,0.047,0.984,3,14
22575,0.0,0.0,0.05,0.059,0.046,0.985,3,15
22626,0.0,0.0,0.05,0.059,0.046,0.985,3,15
22677,0.0,0.0,0.05,0.059,0.046,0.985,3,15
22727,0.0,0.0,0.03,0.060,0.047,0.985,3,15
22778,0.0,0.0,0.03,0.060,0.047,0.985,3,15
22828,0.0,0.0,0.02,0.058,0.045,0.985,3,15
22878,0.0,0.0,0.01,0.060,0.046,0.984,3,15
22928,0.0,0.0,0.01,0.060,0.046,0.984,3,15
22978,0.0,0.0,0.04,0.060,0.046,0.984,3,15
23028,0.0,0.0,0.04,0.060,0.046,0.984,3,15
23079,0.0,0.0,0.04,0.060,0.046,0.984,3,15
23128,0.0,0.0,0.06,0.059,0.049,0.984,3,15
23179,0.0,0.0,0.11,0.059,0.048,0.984,3,15
23230,0.0,0.0,0.08,0.059,0.046,0.985,3,15
23280,0.0,0.0,0.08,0.059,0.046,0.985,3,15
23330,0.0,0.0,0.08,0.059,0.046,0.985,3,15
23381,0.0,0.0,0.08,0.059,0.046,0.985,3,15
23431,0.0,0.0,0.09,0.059,0.047,0.984,3,15
23481,0.0,0.0,0.05,0.058,0.047,0.984,3,15
23533,0.0,0.0,0.04,0.058,0.047,0.984,3,14
23582,0.0,0.0,0.04,0.058,0.047,0.984,3,14
23632,0.0,0.0,0.05,0.059,0.047,0.984,3,14
23683,0.0,0.0,0.05,0.059,0.047,0.984,3,14
23733,0.0,0.0,0.08,0.059,0.047,0.984,3,15
23783,0.0,0.0,0.06,0.059,0.047,0.985,3,15
23833,0.0,0.0,0.03,0.059,0.047,0.985,3,15
23883,0.0,0.0,0.08,0.059,0.047,0.984,3,15
23933,0.0,0.0,0.05,0.060,0.047,0.985,3,15
23983,0.0,0.0,0.05,0.060,0.047,0.985,3,15
24033,0.0,0.0,0.04,0.059,0.047,0.985,3,15
24083,0.0,0.0,0.04,0.059,0.047,0.985,3,15
24134,0.0,0.0,0.02,0.059,0.047,0.985,3,15
24187,0.0,0.0,0.04,0.059,0.047,0.985,3,15
24237,0.0,0.0,0.07,0.059,0.047,0.985,3,15
24287,0.0,0.0,0.07,0.059,0.047,0.985,3,15
24337,0.0,0.0,0.06,0.060,0.047,0.984,3,15
24387,0.0,0.0,0.06,0.060,0.047,0.984,3,15
24437,0.0,0.0,0.09,0.059,0.047,0.985,3,15
24487,0.0,0.0,0.09,0.059,0.047,0.985,3,15
24537,0.0,0.0,0.05,0.059,0.048,0.985,3,15
24588,0.0,0.0,0.05,0.059,0.048,0.985,3,15
24637,0.0,0.0,0.05,0.059,0.047,0.984,3,15
24688,0.0,0.0,0.02,0.059,0.047,0.984,3,15
24738,0.0,0.0,0.02,0.059,0.047,0.984,3,15
24788,0.0,0.0,0.02,0.059,0.047,0.984,3,15
24838,0.0,0.0,0.04,0.060,0.047,0.985,3,15
24888,0.0,0.0,0.04,0.060,0.047,0.985,3,15
24938,0.0,0.0,0.08,0.057,0.048,0.984,3,15
24988,0.0,0.0,0.02,0.059,0.048,0.985,3,15
25038,0.0,0.0,0.02,0.059,0.048,0.985,3,15
25088,0.0,0.0,0.02,0.059,0.048,0.985,3,15
25138,0.0,0.0,0.02,0.059,0.048,0.985,3,15
25189,0.0,0.0,0.02,0.059,0.048,0.985,3,15
25239,0.0,0.0,0.03,0.059,0.047,0.985,3,15
25289,0.0,0.0,0.02,0.059,0.047,0.985,3,15
25339,0.0,0.0,0.04,0.059,0.047,0.985,3,15
25389,0.0,0.0,0.04,0.059,0.047,0.985,3,15
25439,0.0,0.0,0.03,0.059,0.047,0.985,3,15
25489,0.0,0.0,0.03,0.059,0.047,0.985,3,15
25539,0.0,0.0,0.01,0.058,0.048,0.985,3,15
25589,0.0,0.0,0.02,0.059,0.047,0.984,3,15
25639,0.0,0.0,0.02,0.059,0.047,0.985,3,15
25690,0.0,0.0,0.02,0.059,0.047,0.985,3,15
25740,0.0,0.0,0.02,0.059,0.047,0.985,3,15
25790,0.0,0.0,0.02,0.059,0.047,0.985,3,15
25840,0.0,0.0,0.02,0.059,0.047,0.985,3,15
25890,0.0,0.0,0.02,0.059,0.047,0.984,3,15
25940,0.0,0.0,0.07,0.059,0.047,0.984,3,15
25990,0.0,0.0,0.06,0.058,0.047,0.985,3,15
26040,0.0,0.0,0.01,0.058,0.047,0.985,3,15
26090,0.0,0.0,0.01,0.058,0.047,0.985,3,15
26140,0.0,0.0,0.06,0.059,0.047,0.985,3,15
26191,0.0,0.0,0.08,0.059,0.047,0.985,3,15
26241,0.0,0.0,0.08,0.059,0.047,0.985,3,15
26291,0.0,0.0,0.08,0.059,0.047,0.985,3,15
26341,0.0,0.0,0.03,0.059,0.047,0.985,3,15
26391,0.0,0.0,0.04,0.059,0.048,0.984,3,15
26441,0.0,0.0,0.04,0.059,0.048,0.984,3,15
26491,0.0,0.0,0.04,0.059,0.048,0.985,3,15
26541,0.0,0.0,0.06,0.058,0.047,0.985,3,15
26591,0.0,0.0,0.05,0.058,0.047,0.985,3,15
26641,0.0,0.0,0.03,0.059,0.047,0.985,3,15
26692,0.0,0.0,0.03,0.059,0.048,0.985,3,15
26749,0.0,0.0,0.03,0.059,0.048,0.985,3,15
26798,0.0,0.0,0.08,0.059,0.047,0.985,3,15
26848,0.0,0.0,0.06,0.059,0.047,0.985,3,15
26898,0.0,0.0,0.06,0.059,0.048,0.984,3,15
26948,0.0,0.0,0.07,0.060,0.047,0.985,3,15
26998,0.0,0.0,0.10,0.058,0.047,0.985,3,15
27048,0.0,0.0,0.10,0.058,0.047,0.985,3,15
27098,0.0,0.0,0.03,0.057,0.047,0.985,3,15
27148,0.0,0.0,0.03,0.057,0.047,0.985,3,15
27199,0.0,0.0,0.03,0.057,0.047,0.985,3,15
27249,0.0,0.0,0.05,0.059,0.047,0.985,3,15
27299,0.0,0.0,0.04,0.059,0.048,0.984,3,15
27351,0.0,0.0,0.04,0.059,0.048,0.984,3,15
27400,0.0,0.0,0.04,0.059,0.047,0.984,3,15
27450,0.0,0.0,0.04,0.059,0.047,0.985,3,15
27501,0.0,0.0,0.04,0.059,0.047,0.985,3,15
27550,0.0,0.0,0.09,0.058,0.048,0.985,3,15
27600,0.0,0.0,0.05,0.058,0.047,0.984,3,15
27651,0.0,0.0,0.05,0.058,0.047,0.984,3,15
27703,0.0,0.0,0.12,0.060,0.047,0.985,3,15
27753,0.0,0.0,0.09,0.058,0.047,0.985,3,15
27803,0.0,0.0,0.09,0.058,0.047,0.985,3,15
27853,0.0,0.0,0.04,0.057,0.047,0.985,3,15
27903,0.0,0.0,0.03,0.060,0.046,0.984,3,15
27953,0.0,0.0,0.03,0.060,0.048,0.985,3,15
28003,0.0,0.0,0.03,0.060,0.048,0.985,3,15
28053,0.0,0.0,0.02,0.057,0.047,0.985,3,15
28104,0.0,0.0,0.02,0.057,0.047,0.985,3,15
28153,0.0,0.0,0.09,0.059,0.046,0.985,3,15
28204,0.0,0.0,0.03,0.059,0.048,0.985,3,15
28258,0.0,0.0,0.05,0.058,0.048,0.985,3,15
28307,0.0,0.0,0.09,0.058,0.048,0.985,3,15
28357,0.0,0.0,0.02,0.058,0.047,0.985,3,15
28409,0.0,0.0,0.02,0.058,0.047,0.985,3,15
28458,0.0,0.0,0.07,0.060,0.046,0.985,3,15
28508,0.0,0.0,0.07,0.060,0.046,0.985,3,15
28558,0.0,0.0,0.07,0.060,0.046,0.985,3,15
28608,0.0,0.0,0.07,0.060,0.046,0.985,3,15
28658,0.0,0.0,0.04,0.059,0.047,0.985,3,15
28710,0.0,0.0,0.04,0.059,0.047,0.985,3,15
28760,0.0,0.0,0.04,0.058,0.048,0.985,3,15
28810,0.0,0.0,0.03,0.059,0.047,0.985,3,15
28860,0.0,0.0,0.06,0.060,0.047,0.984,3,15
28910,0.0,0.0,0.06,0.060,0.047,0.984,3,15
28960,0.0,0.0,0.04,0.058,0.047,0.984,3,15
29011,0.0,0.0,0.04,0.058,0.047,0.984,3,15
29060,0.0,0.0,0.05,0.058,0.046,0.985,3,15
29110,0.0,0.0,0.04,0.059,0.046,0.984,3,15
29161,0.0,0.0,0.03,0.060,0.047,0.984,3,16
29214,0.0,0.0,0.04,0.059,0.048,0.985,3,16
29264,0.0,0.0,0.05,0.058,0.047,0.985,3,16
29314,0.0,0.0,0.09,0.059,0.047,0.985,3,16
29364,0.0,0.0,0.09,0.059,0.047,0.985,3,16
29414,0.0,0.0,0.09,0.058,0.048,0.985,3,16
29464,0.0,0.0,0.04,0.058,0.048,0.985,3,16
29514,0.0,0.0,0.13,0.058,0.048,0.985,3,16
29564,0.0,0.0,0.05,0.059,0.047,0.985,3,16
29614,0.0,0.0,0.07,0.059,0.047,0.985,3,16
29664,0.0,0.0,0.07,0.059,0.047,0.985,3,16
29715,0.0,0.0,0.09,0.058,0.047,0.985,3,16
29765,0.0,0.0,0.03,0.059,0.047,0.985,3,16
29815,0.0,0.0,0.08,0.059,0.047,0.985,3,16
29865,0.0,0.0,0.02,0.059,0.047,0.985,3,16
29915,0.0,0.0,0.02,0.059,0.047,0.985,3,16
29965,0.0,0.0,0.02,0.059,0.047,0.985,3,16
30015,0.0,0.0,0.11,0.059,0.047,0.985,3,16
30065,0.0,0.0,0.07,0.059,0.047,0.985,3,16
30115,0.0,0.0,0.08,0.059,0.047,0.985,3,16
30165,0.0,0.0,0.02,0.059,0.047,0.985,3,16
30216,0.0,0.0,0.07,0.059,0.047,0.985,3,16
30266,0.0,0.0,0.07,0.059,0.047,0.985,3,16
30316,0.0,0.0,0.02,0.059,0.047,0.985,3,16
30366,0.0,0.0,0.06,0.059,0.047,0.985,3,16
30416,0.0,0.0,0.02,0.059,0.047,0.985,3,16
30466,0.0,0.0,0.06,0.058,0.047,0.985,3,16
30516,0.0,0.0,0.08,0.057,0.047,0.985,3,16
30566,0.0,0.0,0.08,0.057,0.047,0.985,3,16
30616,0.0,0.0,0.02,0.059,0.047,0.985,3,16
30666,0.0,0.0,0.06,0.060,0.047,0.985,3,16
30717,0.0,0.0,0.07,0.060,0.047,0.985,3,16
30767,0.0,0.0,0.05,0.060,0.047,0.985,3,16
30817,0.0,0.0,0.08,0.058,0.047,0.985,3,16
30867,0.0,0.0,0.08,0.058,0.047,0.985,3,16
30917,0.0,0.0,0.06,0.058,0.047,0.985,3,16
30967,0.0,0.0,0.04,0.059,0.047,0.985,3,16
31017,0.0,0.0,0.05,0.059,0.047,0.985,3,16
31067,0.0,0.0,0.07,0.059,0.048,0.985,3,16
31117,0.0,0.0,0.01,0.058,0.047,0.985,3,16
31167,0.0,0.0,0.01,0.058,0.047,0.985,3,16
31227,0.0,0.0,0.06,0.059,0.047,0.985,3,16
31277,0.0,0.0,0.09,0.059,0.047,0.985,3,16
31328,0.0,0.0,0.09,0.059,0.047,0.985,3,16
31377,0.0,0.0,0.05,0.059,0.048,0.985,3,16
31427,0.0,0.0,0.07,0.058,0.047,0.985,3,16
31478,0.0,0.0,0.07,0.058,0.047,0.985,3,16
31527,0.0,0.0,0.07,0.059,0.047,0.985,3,16
31577,0.0,0.0,0.10,0.059,0.047,0.985,3,16
31627,0.0,0.0,0.10,0.059,0.047,0.985,3,16
31677,0.0,0.0,0.04,0.059,0.047,0.985,3,16
31728,0.0,0.0,0.05,0.059,0.047,0.985,3,16
31778,0.0,0.0,0.05,0.059,0.047,0.985,3,16
31828,0.0,0.0,0.07,0.059,0.047,0.985,3,16
31878,0.0,0.0,0.06,0.059,0.047,0.985,3,16
31928,0.0,0.0,0.06,0.059,0.047,0.985,3,16
31978,0.0,0.0,0.03,0.059,0.047,0.985,3,16
32028,0.0,0.0,0.04,0.059,0.047,0.985,3,16
32079,0.0,0.0,0.04,0.059,0.047,0.985,3,16
32128,0.0,0.0,0.05,0.058,0.047,0.985,3,16
32178,0.0,0.0,0.04,0.059,0.047,0.985,3,16
32230,0.0,0.0,0.04,0.059,0.047,0.985,3,16
32279,0.0,0.0,0.04,0.059,0.046,0.985,3,16
32329,0.0,0.0,0.02,0.059,0.047,0.985,3,16
32379,0.0,0.0,0.02,0.059,0.047,0.985,3,16
32429,0.0,0.0,0.04,0.059,0.047,0.985,3,16
32479,0.0,0.0,0.05,0.059,0.047,0.985,3,16
32529,0.0,0.0,0.05,0.059,0.047,0.985,3,16
32579,0.0,0.0,0.06,0.059,0.047,0.985,3,16
32629,0.0,0.0,0.08,0.059,0.047,0.985,3,16
32679,0.0,0.0,0.08,0.059,0.047,0.985,3,16
32730,0.0,0.0,0.08,0.059,0.047,0.985,3,16
32780,0.0,0.0,0.02,0.058,0.047,0.985,3,16
32833,0.0,0.0,0.07,0.059,0.047,0.985,3,16
32883,0.0,0.0,0.02,0.059,0.047,0.985,3,16
32933,0.0,0.0,0.12,0.059,0.047,0.985,3,16
32984,0.0,0.0,0.12,0.059,0.047,0.985,3,16
33033,0.0,0.0,0.02,0.058,0.047,0.985,3,16
33083,0.0,0.0,0.03,0.059,0.047,0.985,3,16
33135,0.0,0.0,0.07,0.059,0.047,0.985,3,16
33184,0.0,0.0,0.11,0.059,0.047,0.985,3,16
33235,0.0,0.0,0.09,0.058,0.047,0.985,3,16
33287,0.0,0.0,0.09,0.058,0.047,0.985,3,16
33336,0.0,0.0,0.05,0.059,0.047,0.985,3,16
33386,0.0,0.0,0.12,0.059,0.047,0.985,3,16
33437,0.0,0.0,0.06,0.059,0.047,0.985,3,16
33486,0.0,0.0,0.06,0.058,0.047,0.985,3,16
33536,0.0,0.0,0.02,0.058,0.047,0.985,3,16
33587,0.0,0.0,0.02,0.058,0.047,0.985,3,16
33636,0.0,0.0,0.05,0.059,0.047,0.985,3,16
33686,0.0,0.0,0.06,0.059,0.047,0.985,3,16
33737,0.0,0.0,0.06,0.059,0.047,0.985,3,16
33787,0.0,0.0,0.06,0.059,0.047,0.985,3,16
33837,0.0,0.0,0.04,0.059,0.047,0.985,3,16
33887,0.0,0.0,0.04,0.059,0.047,0.985,3,16
33937,0.0,0.0,0.02,0.059,0.047,0.985,3,16
33987,0.0,0.0,0.07,0.058,0.048,0.985,3,16
34037,0.0,0.0,0.09,0.059,0.047,0.985,3,16
34087,0.0,0.0,0.03,0.059,0.047,0.985,3,16
34137,0.0,0.0,0.02,0.059,0.047,0.985,3,16
34187,0.0,0.0,0.02,0.059,0.047,0.985,3,16
34238,0.0,0.0,0.08,0.059,0.047,0.985,3,16
34288,0.0,0.0,0.00,0.058,0.048,0.985,3,16
34338,0.0,0.0,0.04,0.059,0.047,0.985,3,16
34388,0.0,0.0,0.04,0.059,0.047,0.985,3,16
34438,0.0,0.0,0.04,0.059,0.047,0.985,3,16
34488,0.0,0.0,0.04,0.059,0.047,0.985,3,16
34538,0.0,0.0,0.08,0.059,0.047,0.985,3,16
34588,0.0,0.0,0.05,0.058,0.047,0.985,3,16
34638,0.0,0.0,0.04,0.058,0.047,0.985,3,16
34688,0.0,0.0,0.03,0.059,0.047,0.985,3,16
34739,0.0,0.0,0.04,0.059,0.047,0.985,3,16
34789,0.0,0.0,0.04,0.059,0.047,0.985,3,16
34839,0.0,0.0,0.07,0.059,0.047,0.985,3,16
34889,0.0,0.0,0.06,0.058,0.047,0.985,3,16
34939,0.0,0.0,0.08,0.059,0.047,0.985,3,16
34989,0.0,0.0,0.08,0.059,0.047,0.985,3,16
35039,0.0,0.0,0.04,0.059,0.047,0.985,3,16
35089,0.0,0.0,0.04,0.059,0.047,0.985,3,16
35139,0.0,0.0,0.05,0.059,0.047,0.985,3,16
35189,0.0,0.0,0.02,0.059,0.047,0.985,3,16
35240,0.0,0.0,0.03,0.058,0.047,0.985,3,16
35290,0.0,0.0,0.03,0.058,0.047,0.985,3,16
35340,0.0,0.0,0.08,0.058,0.047,0.985,3,16
35390,0.0,0.0,0.08,0.058,0.047,0.985,3,16
35440,0.0,0.0,0.10,0.059,0.047,0.985,3,16
35490,0.0,0.0,0.10,0.059,0.047,0.985,3,16
35540,0.0,0.0,0.04,0.058,0.047,0.985,3,16
35590,0.0,0.0,0.04,0.058,0.047,0.985,3,16
35640,0.0,0.0,0.07,0.058,0.047,0.985,3,16
35690,0.0,0.0,0.07,0.058,0.047,0.985,3,16
35741,0.0,0.0,0.03,0.059,0.047,0.985,3,16
35791,0.0,0.0,0.07,0.059,0.047,0.985,3,16
35841,0.0,0.0,0.09,0.059,0.047,0.985,3,16
35891,0.0,0.0,0.09,0.059,0.047,0.985,3,16
35941,0.0,0.0,0.07,0.059,0.047,0.985,3,16
35991,0.0,0.0,0.07,0.059,0.047,0.985,3,16
36041,0.0,0.0,0.05,0.058,0.047,0.985,3,16
36091,0.0,0.0,0.07,0.058,0.047,0.985,3,16
36141,0.0,0.0,0.05,0.058,0.047,0.985,3,16
36191,0.0,0.0,0.08,0.058,0.047,0.985,3,16
36242,0.0,0.0,0.07,0.058,0.047,0.985,3,16
36292,0.0,0.0,0.01,0.059,0.047,0.985,3,16
36342,0.0,0.0,0.01,0.059,0.047,0.985,3,16
36392,0.0,0.0,0.03,0.058,0.047,0.985,3,16
36442,0.0,0.0,0.02,0.058,0.047,0.985,3,16
36492,0.0,0.0,0.05,0.059,0.047,0.985,3,16
36542,0.0,0.0,0.02,0.059,0.047,0.985,3,16
36592,0.0,0.0,0.09,0.059,0.048,0.985,3,16
36642,0.0,0.0,0.09,0.059,0.048,0.985,3,16
36692,0.0,0.0,0.04,0.058,0.047,0.985,3,16
36743,0.0,0.0,0.05,0.059,0.047,0.985,3,16
36795,0.0,0.0,0.05,0.059,0.047,0.985,3,16
36844,0.0,0.0,0.05,0.059,0.047,0.985,3,16
36894,0.0,0.0,0.05,0.059,0.047,0.985,3,16
36952,0.0,0.0,0.05,0.059,0.047,0.985,3,16
37001,0.0,0.0,0.06,0.059,0.048,0.985,3,16
37051,0.0,0.0,0.05,0.058,0.047,0.985,3,16
37101,0.0,0.0,0.05,0.059,0.047,0.985,3,16
37151,0.0,0.0,0.08,0.059,0.047,0.985,3,16
37201,0.0,0.0,0.03,0.059,0.047,0.985,3,16
37252,0.0,0.0,0.03,0.059,0.047,0.985,3,16
37303,0.0,0.0,0.04,0.058,0.047,0.986,3,16
37353,0.0,0.0,0.04,0.058,0.049,0.985,3,16
37403,0.0,0.0,0.04,0.058,0.049,0.985,3,16
37453,0.0,0.0,0.06,0.061,0.047,0.984,3,16
37503,0.0,0.0,0.09,0.059,0.046,0.986,3,16
37553,0.0,0.0,0.02,0.057,0.047,0.985,3,16
37603,0.0,0.0,0.05,0.059,0.048,0.985,3,16
37653,0.0,0.0,0.02,0.061,0.047,0.986,3,16
37703,0.0,0.0,0.02,0.061,0.047,0.986,3,16
37761,0.0,0.0,0.04,0.058,0.046,0.985,3,16
37811,0.0,0.0,0.06,0.058,0.047,0.985,3,16
37862,0.0,0.0,0.02,0.059,0.047,0.985,3,16
37911,0.0,0.0,0.03,0.060,0.047,0.985,3,16
37961,0.0,0.0,0.05,0.058,0.047,0.985,3,16
38011,0.0,0.0,0.05,0.058,0.047,0.985,3,16
38061,0.0,0.0,0.03,0.057,0.047,0.985,3,16
38111,0.0,0.0,0.04,0.059,0.047,0.985,3,16
38162,0.0,0.0,0.03,0.059,0.047,0.985,3,16
38211,0.0,0.0,0.03,0.060,0.047,0.985,3,16
38262,0.0,0.0,0.03,0.060,0.047,0.985,3,16
38312,0.0,0.0,0.02,0.059,0.048,0.985,3,16
38362,0.0,0.0,0.02,0.059,0.048,0.985,3,16
38412,0.0,0.0,0.01,0.058,0.047,0.985,3,16
38463,0.0,0.0,0.05,0.059,0.047,0.985,3,16
38512,0.0,0.0,0.06,0.059,0.047,0.985,3,16
38562,0.0,0.0,0.07,0.059,0.047,0.985,3,16
38612,0.0,0.0,0.03,0.058,0.047,0.986,3,16
38662,0.0,0.0,0.03,0.058,0.047,0.986,3,16
38712,0.0,0.0,0.04,0.059,0.046,0.985,3,16
38763,0.0,0.0,0.06,0.059,0.047,0.984,3,16
38814,0.0,0.0,0.02,0.059,0.047,0.985,3,16
38863,0.0,0.0,0.07,0.058,0.048,0.986,3,16
38913,0.0,0.0,0.08,0.058,0.047,0.985,3,16
38964,0.0,0.0,0.08,0.058,0.047,0.985,3,16
39013,0.0,0.0,0.04,0.059,0.047,0.985,3,16
39063,0.0,0.0,0.04,0.060,0.046,0.985,3,16
39114,0.0,0.0,0.04,0.060,0.046,0.985,3,16
39163,0.0,0.0,0.06,0.059,0.046,0.985,3,16
39213,0.0,0.0,0.08,0.058,0.048,0.985,3,16
39264,0.0,0.0,0.08,0.058,0.048,0.985,3,16
39314,0.0,0.0,0.01,0.059,0.047,0.985,3,16
39364,0.0,0.0,0.04,0.059,0.047,0.985,3,16
39414,0.0,0.0,0.06,0.059,0.046,0.985,3,16
39464,0.0,0.0,0.06,0.058,0.047,0.985,3,16
39514,0.0,0.0,0.07,0.059,0.048,0.985,3,16
39564,0.0,0.0,0.07,0.059,0.048,0.985,3,16
39614,0.0,0.0,0.06,0.059,0.047,0.985,3,16
39664,0.0,0.0,0.02,0.059,0.047,0.985,3,16
39714,0.0,0.0,0.05,0.059,0.047,0.985,3,16
39765,0.0,0.0,0.04,0.058,0.047,0.985,3,16
39815,0.0,0.0,0.11,0.058,0.048,0.985,3,16
39865,0.0,0.0,0.11,0.058,0.048,0.985,3,16
39915,0.0,0.0,0.03,0.059,0.047,0.985,3,16
39965,0.0,0.0,0.04,0.059,0.047,0.985,3,16
40015,0.0,0.0,0.05,0.058,0.047,0.985,3,16
40065,0.0,0.0,0.00,0.058,0.048,0.985,3,16
40115,0.0,0.0,0.09,0.059,0.047,0.985,3,16
40165,0.0,0.0,0.09,0.059,0.047,0.985,3,16
40215,0.0,0.0,0.06,0.058,0.047,0.986,3,16
40266,0.0,0.0,0.11,0.058,0.047,0.985,3,16
40316,0.0,0.0,0.04,0.058,0.047,0.985,3,16
40366,0.0,0.0,0.09,0.059,0.047,0.985,3,16
40416,0.0,0.0,0.13,0.059,0.047,0.985,3,16
40466,0.0,0.0,0.13,0.059,0.047,0.985,3,16
40516,0.0,0.0,0.05,0.058,0.046,0.985,3,16
40566,0.0,0.0,0.05,0.058,0.047,0.985,3,16
40616,0.0,0.0,0.10,0.058,0.048,0.985,3,16
40666,0.0,0.0,0.03,0.059,0.047,0.985,3,16
40716,0.0,0.0,0.10,0.059,0.046,0.985,3,16
40767,0.0,0.0,0.10,0.059,0.046,0.985,3,16
40817,0.0,0.0,0.08,0.058,0.047,0.985,3,16
40867,0.0,0.0,0.05,0.058,0.048,0.985,3,16
40917,0.0,0.0,0.02,0.059,0.048,0.985,3,16
40967,0.0,0.0,0.06,0.059,0.047,0.985,3,16
41017,0.0,0.0,0.06,0.059,0.047,0.985,3,16
41067,0.0,0.0,0.06,0.059,0.047,0.985,3,16
41117,0.0,0.0,0.04,0.059,0.046,0.985,3,16
41167,0.0,0.0,0.07,0.058,0.047,0.985,3,16
41217,0.0,0.0,0.03,0.058,0.048,0.985,3,16
41275,0.0,0.0,0.13,0.059,0.048,0.985,3,16
41325,0.0,0.0,0.02,0.058,0.047,0.985,3,16
41377,0.0,0.0,0.02,0.058,0.047,0.985,3,16
41426,0.0,0.0,0.10,0.059,0.048,0.985,3,16
41476,0.0,0.0,0.03,0.059,0.048,0.985,3,16
41528,0.0,0.0,0.03,0.059,0.048,0.985,3,16
41577,0.0,0.0,0.01,0.059,0.048,0.985,3,16
41627,0.0,0.0,0.05,0.059,0.045,0.986,3,16
41678,0.0,0.0,0.05,0.059,0.045,0.986,3,16
41727,0.0,0.0,0.12,0.059,0.048,0.985,3,16
41778,0.0,0.0,0.09,0.057,0.048,0.985,3,16
41828,0.0,0.0,0.09,0.057,0.048,0.985,3,16
41878,0.0,0.0,0.17,0.059,0.047,0.986,3,16
41928,0.0,0.0,0.03,0.060,0.048,0.985,3,16
41978,0.0,0.0,0.03,0.060,0.048,0.985,3,16
42028,0.0,0.0,0.08,0.058,0.048,0.985,3,16
42078,0.0,0.0,0.04,0.058,0.047,0.985,3,16
42129,0.0,0.0,0.04,0.058,0.047,0.985,3,16
42179,0.0,0.0,0.01,0.059,0.047,0.985,3,16
42229,0.0,0.0,0.02,0.059,0.048,0.985,3,16
42281,0.0,0.0,0.02,0.059,0.048,0.985,3,16
42330,0.0,0.0,0.08,0.058,0.047,0.985,3,16
42380,0.0,0.0,0.10,0.058,0.047,0.985,3,16
42430,0.0,0.0,0.10,0.058,0.047,0.985,3,16
42480,0.0,0.0,0.02,0.059,0.048,0.985,3,16
42530,0.0,0.0,0.02,0.059,0.047,0.985,3,16
42580,0.0,0.0,0.02,0.059,0.047,0.985,3,16
42630,0.0,0.0,0.12,0.058,0.047,0.985,3,16
42680,0.0,0.0,0.04,0.059,0.048,0.985,3,16
42731,0.0,0.0,0.04,0.059,0.048,0.985,3,16
42782,0.0,0.0,0.09,0.059,0.048,0.985,3,16
42832,0.0,0.0,0.01,0.059,0.047,0.986,3,16
42883,0.0,0.0,0.01,0.059,0.047,0.986,3,16
42933,0.0,0.0,0.06,0.058,0.047,0.985,3,16
42983,0.0,0.0,0.06,0.058,0.047,0.985,3,16
43033,0.0,0.0,0.06,0.059,0.047,0.985,3,16
43083,0.0,0.0,0.09,0.059,0.047,0.985,3,16
43133,0.0,0.0,0.06,0.059,0.047,0.985,3,16
43183,0.0,0.0,0.06,0.059,0.047,0.985,3,16
43233,0.0,0.0,0.08,0.058,0.047,0.985,3,16
43284,0.0,0.0,0.05,0.059,0.047,0.985,3,16
43334,0.0,0.0,0.05,0.059,0.047,0.985,3,16
43384,0.0,0.0,0.05,0.059,0.047,0.985,3,16
43434,0.0,0.0,0.06,0.059,0.047,0.985,3,16
43484,0.0,0.0,0.03,0.058,0.047,0.985,3,16
43534,0.0,0.0,0.03,0.058,0.047,0.985,3,16
43584,0.0,0.0,0.06,0.059,0.047,0.985,3,16
43635,0.0,0.0,0.04,0.059,0.047,0.985,3,16
43684,0.0,0.0,0.02,0.059,0.047,0.985,3,16
43734,0.0,0.0,0.06,0.059,0.048,0.985,3,16
43785,0.0,0.0,0.06,0.059,0.048,0.985,3,16
43835,0.0,0.0,0.06,0.059,0.048,0.985,3,16
43885,0.0,0.0,0.06,0.059,0.048,0.985,3,16
43936,0.0,0.0,0.07,0.058,0.047,0.985,3,16
43986,0.0,0.0,0.03,0.058,0.047,0.985,3,16
44036,0.0,0.0,0.01,0.059,0.048,0.985,3,16
44086,0.0,0.0,0.02,0.059,0.048,0.985,3,16
44136,0.0,0.0,0.02,0.059,0.048,0.985,3,16
44186,0.0,0.0,0.09,0.059,0.047,0.985,3,16
44236,0.0,0.0,0.05,0.058,0.047,0.985,3,16
44288,0.0,0.0,0.08,0.059,0.047,0.985,3,16
44338,0.0,0.0,0.03,0.059,0.047,0.985,3,16
44388,0.0,0.0,0.03,0.059,0.047,0.985,3,16
44438,0.0,0.0,0.05,0.059,0.047,0.985,3,16
44488,0.0,0.0,0.05,0.059,0.046,0.985,3,16
44538,0.0,0.0,0.07,0.059,0.046,0.985,3,16
44588,0.0,0.0,0.07,0.059,0.046,0.985,3,16
44638,0.0,0.0,0.05,0.059,0.048,0.985,3,16
44688,0.0,0.0,0.05,0.059,0.048,0.985,3,16
44738,0.0,0.0,0.05,0.059,0.048,0.985,3,16
44789,0.0,0.0,0.06,0.059,0.047,0.984,3,16
44839,0.0,0.0,0.05,0.058,0.047,0.985,3,16
44889,0.0,0.0,0.05,0.058,0.047,0.985,3,16
44939,0.0,0.0,0.07,0.059,0.046,0.985,3,16
44990,0.0,0.0,0.07,0.059,0.046,0.985,3,16
45039,0.0,0.0,0.06,0.058,0.049,0.986,3,16
45089,0.0,0.0,0.10,0.059,0.047,0.984,3,16
45139,0.0,0.0,0.07,0.059,0.047,0.984,3,16
45189,0.0,0.0,0.07,0.059,0.047,0.984,3,16
45239,0.0,0.0,0.03,0.059,0.046,0.985,3,16
45290,0.0,0.0,0.03,0.059,0.046,0.985,3,16
45340,0.0,0.0,0.05,0.059,0.048,0.985,3,16
45390,0.0,0.0,0.04,0.059,0.048,0.985,3,16
45441,0.0,0.0,0.07,0.058,0.048,0.986,3,16
45490,0.0,0.0,0.07,0.058,0.048,0.986,3,16
45540,0.0,0.0,0.09,0.059,0.048,0.985,3,16
45590,0.0,0.0,0.09,0.059,0.048,0.985,3,16
45640,0.0,0.0,0.13,0.059,0.047,0.985,3,16
45690,0.0,0.0,0.04,0.058,0.047,0.985,3,16
45740,0.0,0.0,0.02,0.058,0.048,0.985,3,16
45791,0.0,0.0,0.02,0.058,0.048,0.985,3,16
45841,0.0,0.0,0.07,0.059,0.047,0.985,3,16
45891,0.0,0.0,0.07,0.059,0.047,0.985,3,16
45941,0.0,0.0,0.07,0.059,0.047,0.985,3,16
45991,0.0,0.0,0.04,0.059,0.047,0.985,3,16
46041,0.0,0.0,0.07,0.058,0.047,0.985,3,16
46091,0.0,0.0,0.07,0.058,0.047,0.985,3,16
46141,0.0,0.0,0.03,0.058,0.048,0.985,3,16
46191,0.0,0.0,0.03,0.058,0.048,0.985,3,16
46241,0.0,0.0,0.03,0.058,0.048,0.985,3,16
46292,0.0,0.0,0.03,0.058,0.047,0.985,3,16
46342,0.0,0.0,0.03,0.058,0.047,0.985,3,16
46392,0.0,0.0,0.03,0.058,0.047,0.985,3,16
46442,0.0,0.0,0.06,0.059,0.047,0.985,3,16
46492,0.0,0.0,0.06,0.059,0.047,0.985,3,16
46542,0.0,0.0,0.09,0.059,0.048,0.985,3,16
46592,0.0,0.0,0.09,0.059,0.048,0.985,3,16
46642,0.0,0.0,0.06,0.058,0.047,0.985,3,16
46692,0.0,0.0,0.06,0.058,0.047,0.985,3,16
46742,0.0,0.0,0.02,0.058,0.046,0.985,3,16
46793,0.0,0.0,0.02,0.058,0.046,0.985,3,16
46843,0.0,0.0,0.04,0.058,0.048,0.986,3,16
46893,0.0,0.0,0.04,0.058,0.048,0.986,3,16
46943,0.0,0.0,0.04,0.058,0.048,0.986,3,16
46993,0.0,0.0,0.04,0.058,0.048,0.986,3,16
47043,0.0,0.0,0.04,0.058,0.046,0.985,3,16
47093,0.0,0.0,0.04,0.058,0.046,0.985,3,16
47143,0.0,0.0,0.02,0.058,0.047,0.985,3,16
47193,0.0,0.0,0.08,0.058,0.046,0.985,3,16
47243,0.0,0.0,0.05,0.058,0.046,0.985,3,16
47294,0.0,0.0,0.02,0.059,0.047,0.985,3,16
47344,0.0,0.0,0.02,0.059,0.047,0.985,3,16
47394,0.0,0.0,0.02,0.059,0.047,0.985,3,16
47453,0.0,0.0,0.03,0.059,0.047,0.985,3,15
47502,0.0,0.0,0.03,0.058,0.047,0.986,3,15
47552,0.0,0.0,0.07,0.058,0.047,0.986,3,15
47603,0.0,0.0,0.07,0.058,0.047,0.986,3,15
47652,0.0,0.0,0.06,0.059,0.047,0.985,3,15
47702,0.0,0.0,0.05,0.060,0.048,0.985,3,15
47752,0.0,0.0,0.05,0.060,0.048,0.985,3,15
47805,0.0,0.0,0.04,0.059,0.048,0.985,3,15
47855,0.0,0.0,0.08,0.059,0.047,0.985,3,15
47908,0.0,0.0,0.08,0.059,0.047,0.985,3,15
47959,0.0,0.0,0.04,0.059,0.048,0.986,3,15
48009,0.0,0.0,0.03,0.059,0.048,0.985,3,15
48059,0.0,0.0,0.03,0.058,0.047,0.985,3,15
48109,0.0,0.0,0.03,0.058,0.047,0.985,3,15
48159,0.0,0.0,0.09,0.059,0.047,0.985,3,15
48210,0.0,0.0,0.09,0.059,0.047,0.985,3,15
48259,0.0,0.0,0.03,0.059,0.048,0.985,3,15
48310,0.0,0.0,0.09,0.059,0.048,0.985,3,15
48360,0.0,0.0,0.04,0.059,0.048,0.985,3,15
48410,0.0,0.0,0.04,0.059,0.048,0.985,3,15
48460,0.0,0.0,0.05,0.059,0.047,0.985,3,15
48510,0.0,0.0,0.05,0.059,0.047,0.985,3,15
48560,0.0,0.0,0.09,0.058,0.048,0.986,3,15
48610,0.0,0.0,0.08,0.058,0.048,0.985,3,15
48660,0.0,0.0,0.08,0.058,0.048,0.985,3,15
48710,0.0,0.0,0.08,0.058,0.048,0.985,3,15
48760,0.0,0.0,0.03,0.058,0.048,0.985,3,15
48812,0.0,0.0,0.03,0.058,0.048,0.985,3,15
48861,0.0,0.0,0.01,0.059,0.047,0.985,3,15
48911,0.0,0.0,0.09,0.059,0.048,0.985,3,15
48961,0.0,0.0,0.14,0.059,0.048,0.985,3,15
49011,0.0,0.0,0.14,0.059,0.048,0.985,3,15
49061,0.0,0.0,0.14,0.059,0.048,0.985,3,15
49112,0.0,0.0,0.14,0.059,0.048,0.985,3,15
49161,0.0,0.0,0.07,0.059,0.047,0.985,3,15
49211,0.0,0.0,0.06,0.059,0.048,0.985,3,15
49262,0.0,0.0,0.04,0.059,0.048,0.985,3,15
49315,0.0,0.0,0.13,0.059,0.047,0.985,3,15
49364,0.0,0.0,0.13,0.059,0.047,0.985,3,15
49415,0.0,0.0,0.05,0.058,0.047,0.985,3,15
49465,0.0,0.0,0.05,0.058,0.047,0.985,3,15
49514,0.0,0.0,0.01,0.059,0.048,0.985,3,15
49565,0.0,0.0,0.07,0.059,0.048,0.985,3,15
49615,0.0,0.0,0.07,0.059,0.048,0.985,3,15
49664,0.0,0.0,0.04,0.058,0.047,0.985,3,15
49714,0.0,0.0,0.04,0.058,0.047,0.985,3,15
49765,0.0,0.0,0.09,0.059,0.047,0.985,3,15
49815,0.0,0.0,0.02,0.059,0.047,0.985,3,15
49866,0.0,0.0,0.03,0.059,0.047,0.985,3,15
49915,0.0,0.0,0.05,0.058,0.047,0.985,3,15
49965,0.0,0.0,0.05,0.058,0.047,0.985,3,15
50015,0.0,0.0,0.05,0.058,0.047,0.985,3,15
50065,0.0,0.0,0.10,0.058,0.047,0.985,3,15
50115,0.0,0.0,0.03,0.059,0.047,0.985,3,15
50166,0.0,0.0,0.02,0.059,0.047,0.985,3,15
50215,0.0,0.0,0.04,0.058,0.047,0.985,3,15
50265,0.0,0.0,0.03,0.059,0.047,0.985,3,15
50316,0.0,0.0,0.06,0.059,0.047,0.985,3,15
50366,0.0,0.0,0.06,0.059,0.047,0.985,3,15
50416,0.0,0.0,0.04,0.059,0.047,0.985,3,16
50466,0.0,0.0,0.03,0.059,0.047,0.985,3,16
50516,0.0,0.0,0.05,0.059,0.047,0.985,3,16
50566,0.0,0.0,0.11,0.059,0.047,0.985,3,16
50616,0.0,0.0,0.01,0.058,0.047,0.985,3,16
50666,0.0,0.0,0.01,0.058,0.047,0.985,3,16
50716,0.0,0.0,0.03,0.059,0.047,0.985,3,16
50766,0.0,0.0,0.01,0.059,0.047,0.985,3,16
50817,0.0,0.0,0.01,0.059,0.047,0.985,3,16
50867,0.0,0.0,0.02,0.059,0.047,0.985,3,16
50917,0.0,0.0,0.04,0.059,0.047,0.985,3,16
50967,0.0,0.0,0.04,0.059,0.047,0.985,3,16
51017,0.0,0.0,0.08,0.059,0.047,0.985,3,16
51067,0.0,0.0,0.04,0.058,0.047,0.985,3,16
51117,0.0,0.0,0.04,0.058,0.047,0.985,3,16
51167,0.0,0.0,0.03,0.059,0.047,0.985,3,16
51217,0.0,0.0,0.03,0.059,0.047,0.985,3,16
51267,0.0,0.0,0.03,0.059,0.047,0.985,3,16
51318,0.0,0.0,0.02,0.059,0.047,0.985,3,16
51368,0.0,0.0,0.03,0.059,0.047,0.985,3,16
51418,0.0,0.0,0.01,0.059,0.047,0.985,3,16
51468,0.0,0.0,0.01,0.059,0.048,0.985,3,16
51518,0.0,0.0,0.08,0.059,0.047,0.985,3,16
51568,0.0,0.0,0.08,0.059,0.047,0.985,3,16
51618,0.0,0.0,0.03,0.058,0.047,0.986,3,16
51668,0.0,0.0,0.03,0.058,0.047,0.985,3,16
51718,0.0,0.0,0.04,0.059,0.047,0.985,3,16
51768,0.0,0.0,0.06,0.059,0.047,0.985,3,16
51819,0.0,0.0,0.09,0.059,0.047,0.985,3,16
51875,0.0,0.0,0.09,0.059,0.047,0.985,3,16
51925,0.0,0.0,0.06,0.058,0.047,0.985,3,16
51975,0.0,0.0,0.09,0.059,0.047,0.985,3,16
52025,0.0,0.0,0.03,0.059,0.048,0.985,3,16
52075,0.0,0.0,0.05,0.058,0.047,0.985,3,16
52125,0.0,0.0,0.05,0.058,0.047,0.985,3,16
52178,0.0,0.0,0.05,0.058,0.047,0.985,3,16
52227,0.0,0.0,0.04,0.058,0.046,0.985,3,16
52277,0.0,0.0,0.10,0.058,0.048,0.985,3,16
52328,0.0,0.0,0.10,0.058,0.048,0.985,3,16
52378,0.0,0.0,0.10,0.059,0.048,0.986,3,16
52428,0.0,0.0,0.04,0.058,0.047,0.985,3,16
52479,0.0,0.0,0.04,0.058,0.047,0.985,3,16
52528,0.0,0.0,0.14,0.058,0.047,0.984,3,16
52578,0.0,0.0,0.07,0.059,0.046,0.985,3,16
52629,0.0,0.0,0.07,0.059,0.046,0.985,3,16
52678,0.0,0.0,0.04,0.060,0.048,0.985,3,16
52728,0.0,0.0,0.11,0.058,0.048,0.986,3,16
52779,0.0,0.0,0.13,0.058,0.048,0.985,3,16
52831,0.0,0.0,0.16,0.058,0.049,0.985,3,16
52881,0.0,0.0,0.12,0.058,0.047,0.985,3,16
52931,0.0,0.0,0.12,0.058,0.047,0.985,3,16
52981,0.0,0.0,0.03,0.060,0.048,0.986,3,16
53031,0.0,0.0,0.08,0.060,0.048,0.985,3,16
53081,0.0,0.0,0.08,0.059,0.046,0.985,3,16
53131,0.0,0.0,0.12,0.058,0.044,0.985,3,16
53181,0.0,0.0,0.08,0.059,0.047,0.986,3,16
53231,0.0,0.0,0.08,0.059,0.047,0.986,3,16
53281,0.0,0.0,0.10,0.059,0.051,0.986,3,16
53332,0.0,0.0,0.09,0.060,0.044,0.985,3,16
53384,0.0,0.0,0.10,0.060,0.044,0.985,3,16
53434,0.0,0.0,0.05,0.059,0.046,0.986,3,16
53484,0.0,0.0,0.03,0.058,0.049,0.986,3,16
53537,0.0,0.0,0.12,0.059,0.047,0.985,3,16
53586,0.0,0.0,0.12,0.059,0.047,0.985,3,16
53636,0.0,0.0,0.04,0.059,0.047,0.986,3,16
53686,0.0,0.0,0.01,0.060,0.048,0.985,3,16
53736,0.0,0.0,0.14,0.059,0.048,0.985,3,16
53786,0.0,0.0,0.02,0.059,0.048,0.985,3,16
53837,0.0,0.0,0.01,0.059,0.046,0.986,3,16
53887,0.0,0.0,0.01,0.059,0.046,0.986,3,16
53937,0.0,0.0,0.12,0.060,0.048,0.985,3,16
53988,0.0,0.0,0.06,0.060,0.049,0.985,3,16
54038,0.0,0.0,0.10,0.058,0.050,0.985,3,16
54088,0.0,0.0,0.04,0.058,0.048,0.985,3,16
54140,0.0,0.0,0.02,0.058,0.046,0.983,3,16
54189,0.0,0.0,0.09,0.059,0.047,0.984,3,16
54239,0.0,0.0,0.16,0.059,0.048,0.984,3,16
54289,0.0,0.0,0.26,0.060,0.049,0.985,3,16
54340,0.0,0.0,0.18,0.059,0.048,0.985,3,16
54390,0.0,0.0,0.15,0.059,0.046,0.985,3,16
54440,0.0,0.0,0.10,0.059,0.048,0.985,3,16
54490,0.0,0.0,0.10,0.059,0.048,0.985,3,16
54540,0.0,0.0,0.09,0.058,0.050,0.985,3,16
54590,0.0,0.0,0.05,0.057,0.049,0.986,3,16
54640,0.0,0.0,0.07,0.057,0.047,0.986,3,16
54690,0.0,0.0,0.12,0.060,0.046,0.985,3,16
54740,0.0,0.0,0.15,0.061,0.047,0.985,3,16
54790,0.0,0.0,0.15,0.061,0.047,0.985,3,16
54841,0.0,0.0,0.04,0.061,0.049,0.985,3,16
54891,0.0,0.0,0.04,0.061,0.049,0.985,3,16
54941,0.0,0.0,0.04,0.061,0.049,0.985,3,16
54991,0.0,0.0,0.02,0.058,0.049,0.984,3,16
55041,0.0,0.0,0.08,0.059,0.046,0.985,3,16
55091,0.0,0.0,0.08,0.059,0.046,0.985,3,16
55141,0.0,0.0,0.11,0.060,0.049,0.986,3,16
55191,0.0,0.0,0.11,0.060,0.049,0.986,3,16
55241,0.0,0.0,0.06,0.058,0.049,0.985,3,16
55291,0.0,0.0,0.06,0.059,0.047,0.985,3,16
55342,0.0,0.0,0.06,0.059,0.047,0.985,3,16
55392,0.0,0.0,0.06,0.059,0.047,0.985,3,16
55442,0.0,0.0,0.05,0.060,0.048,0.985,3,16
55492,0.0,0.0,0.05,0.060,0.048,0.985,3,16
55542,0.0,0.0,0.01,0.058,0.048,0.986,3,16
55592,0.0,0.0,0.13,0.058,0.048,0.985,3,16
55642,0.0,0.0,0.13,0.059,0.048,0.986,3,16
55692,0.0,0.0,0.13,0.059,0.048,0.986,3,16
55742,0.0,0.0,0.06,0.058,0.048,0.985,3,16
55792,0.0,0.0,0.05,0.058,0.047,0.986,3,16
55843,0.0,0.0,0.03,0.059,0.047,0.985,3,16
55893,0.0,0.0,0.04,0.059,0.047,0.985,3,16
55943,0.0,0.0,0.03,0.059,0.048,0.985,3,16
55993,0.0,0.0,0.03,0.059,0.048,0.985,3,16
56043,0.0,0.0,0.06,0.059,0.048,0.985,3,16
56093,0.0,0.0,0.09,0.058,0.048,0.985,3,16
56143,0.0,0.0,0.03,0.058,0.048,0.985,3,16
56193,0.0,0.0,0.04,0.059,0.048,0.985,3,16
56243,0.0,0.0,0.04,0.059,0.047,0.985,3,16
56293,0.0,0.0,0.04,0.059,0.047,0.985,3,16
56355,0.0,0.0,0.06,0.059,0.048,0.985,3,16
56405,0.0,0.0,0.06,0.059,0.048,0.985,3,16
56455,0.0,0.0,0.06,0.059,0.048,0.985,3,16
56505,0.0,0.0,0.18,0.059,0.048,0.985,3,16
56555,0.0,0.0,0.09,0.059,0.048,0.985,3,16
56605,0.0,0.0,0.09,0.059,0.048,0.985,3,16
56655,0.0,0.0,0.02,0.058,0.048,0.985,3,16
56705,0.0,0.0,0.02,0.058,0.048,0.985,3,16
56755,0.0,0.0,0.02,0.058,0.048,0.985,3,16
56805,0.0,0.0,0.05,0.058,0.048,0.985,3,16
56856,0.0,0.0,0.04,0.059,0.048,0.986,3,16
56908,0.0,0.0,0.04,0.059,0.048,0.986,3,16
56958,0.0,0.0,0.02,0.059,0.048,0.985,3,16
57008,0.0,0.0,0.09,0.059,0.048,0.985,3,16
57062,0.0,0.0,0.12,0.059,0.048,0.985,3,16
57112,0.0,0.0,0.11,0.058,0.048,0.985,3,16
57162,0.0,0.0,0.14,0.059,0.048,0.985,3,16
57212,0.0,0.0,0.14,0.059,0.048,0.985,3,16
57262,0.0,0.0,0.07,0.059,0.047,0.985,3,16
57312,0.0,0.0,0.02,0.058,0.048,0.986,3,16
57363,0.0,0.0,0.10,0.058,0.048,0.985,3,16
57413,0.0,0.0,0.10,0.058,0.048,0.985,3,16
57463,0.0,0.0,0.05,0.059,0.047,0.985,3,16
57514,0.0,0.0,0.05,0.059,0.047,0.985,3,16
57563,0.0,0.0,0.06,0.059,0.047,0.985,3,16
57613,0.0,0.0,0.06,0.058,0.047,0.985,3,16
57663,0.0,0.0,0.09,0.058,0.048,0.985,3,16
57713,0.0,0.0,0.09,0.058,0.048,0.985,3,16
57763,0.0,0.0,0.09,0.058,0.048,0.985,3,16
57814,0.0,0.0,0.09,0.058,0.048,0.985,3,16
57866,0.0,0.0,0.05,0.059,0.048,0.985,3,16
57916,0.0,0.0,0.06,0.060,0.047,0.985,3,16
57966,0.0,0.0,0.03,0.059,0.048,0.985,3,16
58016,0.0,0.0,0.03,0.059,0.048,0.985,3,16
58066,0.0,0.0,0.06,0.058,0.048,0.985,3,16
58116,0.0,0.0,0.06,0.058,0.048,0.985,3,16
58166,0.0,0.0,0.05,0.059,0.047,0.985,3,16
58216,0.0,0.0,0.08,0.059,0.047,0.985,3,16
58266,0.0,0.0,0.07,0.058,0.047,0.985,3,16
58316,0.0,0.0,0.07,0.058,0.047,0.985,3,16
58367,0.0,0.0,0.05,0.059,0.048,0.985,3,16
58417,0.0,0.0,0.09,0.059,0.048,0.985,3,16
58467,0.0,0.0,0.09,0.059,0.048,0.985,3,16
58517,0.0,0.0,0.07,0.059,0.047,0.985,3,16
58567,0.0,0.0,0.15,0.059,0.047,0.985,3,16
58617,0.0,0.0,0.13,0.058,0.048,0.985,3,16
58667,0.0,0.0,0.10,0.058,0.048,0.986,3,16
58717,0.0,0.0,0.09,0.059,0.047,0.985,3,16
58767,0.0,0.0,0.09,0.059,0.047,0.985,3,16
58817,0.0,0.0,0.04,0.059,0.048,0.985,3,16
58868,0.0,0.0,0.06,0.058,0.048,0.985,3,16
58918,0.0,0.0,0.06,0.058,0.048,0.985,3,16
58968,0.0,0.0,0.04,0.058,0.047,0.985,3,16
59018,0.0,0.0,0.04,0.058,0.047,0.985,3,16
59068,0.0,0.0,0.04,0.058,0.047,0.985,3,16
59118,0.0,0.0,0.10,0.059,0.047,0.985,3,16
59168,0.0,0.0,0.07,0.059,0.047,0.985,3,16
59218,0.0,0.0,0.05,0.058,0.047,0.985,3,16
59268,0.0,0.0,0.04,0.059,0.047,0.985,3,16
59318,0.0,0.0,0.04,0.059,0.047,0.985,3,16
59369,0.0,0.0,0.07,0.059,0.047,0.985,3,16
59419,0.0,0.0,0.04,0.059,0.047,0.985,3,16
59469,0.0,0.0,0.03,0.059,0.047,0.985,3,16
59519,0.0,0.0,0.03,0.059,0.047,0.985,3,16
59569,0.0,0.0,0.07,0.058,0.047,0.985,3,16
59619,0.0,0.0,0.08,0.058,0.048,0.985,3,16
59669,0.0,0.0,0.08,0.058,0.048,0.985,3,16
59719,0.0,0.0,0.03,0.058,0.047,0.985,3,16
59769,0.0,0.0,0.07,0.059,0.047,0.985,3,16
59819,0.0,0.0,0.07,0.059,0.047,0.985,3,16
59880,0.0,0.0,0.12,0.059,0.048,0.985,3,16
59930,0.0,0.0,0.14,0.059,0.048,0.985,3,16
59980,0.0,0.0,0.12,0.058,0.047,0.985,3,16
60030,0.0,0.0,0.11,0.058,0.047,0.985,3,16
60080,0.0,0.0,0.11,0.058,0.047,0.985,3,16
60133,0.0,0.0,0.11,0.058,0.047,0.985,3,16
60182,0.0,0.0,0.03,0.058,0.048,0.985,3,16
60232,0.0,0.0,0.02,0.058,0.047,0.985,3,16
60282,0.0,0.0,0.06,0.058,0.047,0.985,3,16
60332,0.0,0.0,0.08,0.058,0.047,0.985,3,16
60383,0.0,0.0,0.06,0.059,0.047,0.985,3,16
60433,0.0,0.0,0.06,0.059,0.047,0.985,3,16
60483,0.0,0.0,0.06,0.059,0.047,0.985,3,16
60533,0.0,0.0,0.06,0.058,0.048,0.985,3,16
60585,0.0,0.0,0.03,0.058,0.047,0.985,3,16
60634,0.0,0.0,0.00,0.059,0.047,0.985,3,16
60684,0.0,0.0,0.02,0.059,0.047,0.985,3,16
60734,0.0,0.0,0.02,0.059,0.047,0.985,3,16
60784,0.0,0.0,0.04,0.058,0.047,0.985,3,16
60834,0.0,0.0,0.04,0.058,0.048,0.985,3,16
60890,0.0,0.0,0.07,0.058,0.048,0.985,3,16
60939,0.0,0.0,0.06,0.058,0.047,0.985,3,16
60989,0.0,0.0,0.06,0.059,0.047,0.985,3,16
61040,0.0,0.0,0.08,0.058,0.048,0.985,3,16
61089,0.0,0.0,0.08,0.058,0.048,0.985,3,16
61139,0.0,0.0,0.08,0.058,0.047,0.985,3,16
61189,0.0,0.0,0.03,0.059,0.047,0.985,3,16
61239,0.0,0.0,0.00,0.059,0.047,0.985,3,16
61289,0.0,0.0,0.04,0.059,0.048,0.985,3,16
61339,0.0,0.0,0.01,0.058,0.048,0.985,3,16
61391,0.0,0.0,0.01,0.058,0.048,0.985,3,16
61440,0.0,0.0,0.06,0.058,0.047,0.985,3,16
61490,0.0,0.0,0.05,0.059,0.047,0.985,3,16
61541,0.0,0.0,0.05,0.059,0.047,0.985,3,16
61590,0.0,0.0,0.14,0.059,0.048,0.985,3,16
61640,0.0,0.0,0.02,0.058,0.048,0.985,3,16
61691,0.0,0.0,0.02,0.058,0.048,0.985,3,16
61740,0.0,0.0,0.03,0.058,0.047,0.985,3,16
61790,0.0,0.0,0.05,0.059,0.047,0.985,3,16
61841,0.0,0.0,0.06,0.059,0.047,0.985,3,16
61891,0.0,0.0,0.05,0.059,0.048,0.985,3,16
61941,0.0,0.0,0.03,0.059,0.047,0.985,3,16
61991,0.0,0.0,0.03,0.059,0.047,0.985,3,16
62041,0.0,0.0,0.10,0.058,0.047,0.985,3,16
62091,0.0,0.0,0.04,0.058,0.047,0.985,3,16
62141,0.0,0.0,0.09,0.058,0.047,0.985,3,16
62191,0.0,0.0,0.05,0.058,0.048,0.986,3,16
62241,0.0,0.0,0.05,0.058,0.048,0.986,3,16
62291,0.0,0.0,0.05,0.058,0.048,0.986,3,16
62341,0.0,0.0,0.15,0.060,0.047,0.985,3,16
62393,0.0,0.0,0.15,0.060,0.047,0.985,3,16
62442,0.0,0.0,0.09,0.060,0.047,0.985,3,16
62492,0.0,0.0,0.07,0.057,0.048,0.986,3,16
62542,0.0,0.0,0.01,0.059,0.047,0.985,3,16
62592,0.0,0.0,0.01,0.059,0.047,0.985,3,16
62642,0.0,0.0,0.01,0.059,0.047,0.985,3,16
62692,0.0,0.0,0.01,0.060,0.047,0.985,3,16
62742,0.0,0.0,0.04,0.060,0.048,0.985,3,16
62792,0.0,0.0,0.06,0.058,0.047,0.985,3,16
62842,0.0,0.0,0.08,0.058,0.048,0.985,3,16
62893,0.0,0.0,0.08,0.058,0.048,0.985,3,16
62943,0.0,0.0,0.05,0.059,0.048,0.985,3,16
62993,0.0,0.0,0.06,0.058,0.047,0.985,3,16
63043,0.0,0.0,0.02,0.058,0.047,0.985,3,16
63093,0.0,0.0,0.06,0.059,0.047,0.985,3,16
63143,0.0,0.0,0.02,0.059,0.047,0.985,3,16
63193,0.0,0.0,0.02,0.059,0.047,0.985,3,16
63243,0.0,0.0,0.02,0.059,0.047,0.985,3,16
63293,0.0,0.0,0.02,0.059,0.047,0.985,3,16
63343,0.0,0.0,0.02,0.059,0.047,0.985,3,16
63394,0.0,0.0,0.05,0.059,0.048,0.985,3,16
63444,0.0,0.0,0.08,0.057,0.047,0.985,3,16
63494,0.0,0.0,0.08,0.057,0.047,0.985,3,16
63544,0.0,0.0,0.07,0.057,0.046,0.985,3,16
63594,0.0,0.0,0.02,0.058,0.047,0.985,3,16
63644,0.0,0.0,0.09,0.059,0.047,0.985,3,16
63694,0.0,0.0,0.09,0.059,0.048,0.985,3,16
63744,0.0,0.0,0.08,0.058,0.047,0.986,3,16
63794,0.0,0.0,0.08,0.058,0.047,0.986,3,16
63844,0.0,0.0,0.12,0.059,0.047,0.985,3,16
63895,0.0,0.0,0.07,0.059,0.047,0.985,3,16
63951,0.0,0.0,0.12,0.060,0.048,0.985,3,16
64001,0.0,0.0,0.08,0.059,0.047,0.985,3,16
64051,0.0,0.0,0.03,0.057,0.047,0.985,3,16
64101,0.0,0.0,0.03,0.057,0.047,0.985,3,16
64151,0.0,0.0,0.06,0.059,0.047,0.985,3,16
64201,0.0,0.0,0.19,0.059,0.048,0.985,3,16
64251,0.0,0.0,0.19,0.059,0.048,0.985,3,16
64301,0.0,0.0,0.14,0.058,0.048,0.985,3,16
64351,0.0,0.0,0.02,0.058,0.047,0.986,3,16
64406,0.0,0.0,0.02,0.058,0.047,0.986,3,16
64456,0.0,0.0,0.02,0.059,0.047,0.985,3,16
64506,0.0,0.0,0.03,0.059,0.047,0.985,3,16
64557,0.0,0.0,0.03,0.059,0.047,0.985,3,16
64606,0.0,0.0,0.06,0.058,0.048,0.986,3,16
64656,0.0,0.0,0.02,0.059,0.047,0.985,3,16
64707,0.0,0.0,0.02,0.059,0.047,0.985,3,16
64756,0.0,0.0,0.07,0.059,0.047,0.985,3,16
64806,0.0,0.0,0.04,0.058,0.048,0.985,3,16
64856,0.0,0.0,0.04,0.058,0.048,0.985,3,16
64908,0.0,0.0,0.12,0.058,0.048,0.985,3,16
64958,0.0,0.0,0.07,0.059,0.048,0.985,3,16
65009,0.0,0.0,0.07,0.059,0.048,0.985,3,16
65058,0.0,0.0,0.09,0.059,0.047,0.985,3,16
65108,0.0,0.0,0.06,0.058,0.049,0.986,3,16
65160,0.0,0.0,0.06,0.059,0.048,0.985,3,16
65210,0.0,0.0,0.04,0.059,0.048,0.984,3,16
65260,0.0,0.0,0.05,0.059,0.047,0.986,3,16
65311,0.0,0.0,0.05,0.059,0.047,0.986,3,16
65360,0.0,0.0,0.09,0.058,0.047,0.985,3,16
65411,0.0,0.0,0.07,0.059,0.049,0.984,3,16
65462,0.0,0.0,0.09,0.060,0.049,0.986,3,16
65511,0.0,0.0,0.05,0.058,0.047,0.985,3,16
65561,0.0,0.0,0.06,0.059,0.048,0.987,3,16
65611,0.0,0.0,0.06,0.059,0.048,0.987,3,16
65661,0.0,0.0,0.09,0.058,0.049,0.984,3,16
65711,0.0,0.0,0.05,0.061,0.048,0.984,3,16
65762,0.0,0.0,0.03,0.059,0.047,0.984,3,16
65811,0.0,0.0,0.11,0.058,0.047,0.986,3,16
65861,0.0,0.0,0.10,0.057,0.048,0.986,3,16
65912,0.0,0.0,0.10,0.057,0.048,0.986,3,16
65962,0.0,0.0,0.05,0.060,0.049,0.984,3,16
66012,0.0,0.0,0.05,0.060,0.049,0.984,3,16
66062,0.0,0.0,0.09,0.060,0.048,0.985,3,16
66112,0.0,0.0,0.09,0.060,0.048,0.985,3,16
66162,0.0,0.0,0.08,0.058,0.048,0.985,3,16
66212,0.0,0.0,0.08,0.058,0.048,0.985,3,16
66262,0.0,0.0,0.04,0.060,0.048,0.985,3,16
66312,0.0,0.0,0.15,0.060,0.049,0.984,3,16
66362,0.0,0.0,0.04,0.059,0.048,0.983,3,16
66414,0.0,0.0,0.03,0.058,0.048,0.984,3,16
66464,0.0,0.0,0.11,0.056,0.049,0.987,3,16
66514,0.0,0.0,0.11,0.056,0.049,0.987,3,16
66564,0.0,0.0,0.01,0.060,0.051,0.986,3,15
66614,0.0,0.0,0.02,0.059,0.047,0.984,3,15
66664,0.0,0.0,0.09,0.058,0.047,0.985,3,15
66714,0.0,0.0,0.10,0.057,0.047,0.986,3,15
66764,0.0,0.0,0.11,0.059,0.049,0.984,3,15
66814,0.0,0.0,0.11,0.059,0.049,0.984,3,15
66864,0.0,0.0,0.09,0.060,0.049,0.985,3,15
66915,0.0,0.0,0.14,0.059,0.049,0.986,3,15
66965,0.0,0.0,0.03,0.059,0.047,0.985,3,15
67015,0.0,0.0,0.03,0.059,0.047,0.985,3,15
67065,0.0,0.0,0.06,0.059,0.048,0.985,3,15
67115,0.0,0.0,0.06,0.059,0.049,0.985,3,15
67165,0.0,0.0,0.08,0.059,0.049,0.985,3,15
67215,0.0,0.0,0.10,0.059,0.048,0.985,3,15
67265,0.0,0.0,0.04,0.059,0.048,0.985,3,15
67315,0.0,0.0,0.04,0.059,0.048,0.985,3,15
67365,0.0,0.0,0.12,0.059,0.049,0.985,3,15
67416,0.0,0.0,0.12,0.059,0.049,0.985,3,15
67466,0.0,0.0,0.04,0.059,0.049,0.985,3,15
67516,0.0,0.0,0.04,0.059,0.048,0.985,3,15
67566,0.0,0.0,0.04,0.059,0.048,0.985,3,15
67616,0.0,0.0,0.04,0.059,0.048,0.985,3,15
67666,0.0,0.0,0.10,0.059,0.048,0.986,3,15
67716,0.0,0.0,0.05,0.059,0.048,0.985,3,15
67766,0.0,0.0,0.05,0.059,0.048,0.985,3,15
67816,0.0,0.0,0.03,0.059,0.048,0.985,3,15
67866,0.0,0.0,0.06,0.059,0.048,0.985,3,15
67917,0.0,0.0,0.06,0.059,0.048,0.985,3,15
67967,0.0,0.0,0.02,0.059,0.049,0.985,3,15
68017,0.0,0.0,0.02,0.059,0.049,0.985,3,15
68067,0.0,0.0,0.05,0.060,0.049,0.985,3,15
68117,0.0,0.0,0.08,0.059,0.048,0.985,3,15
68167,0.0,0.0,0.02,0.059,0.048,0.985,3,15
68217,0.0,0.0,0.02,0.059,0.048,0.985,3,15
68267,0.0,0.0,0.09,0.059,0.048,0.984,3,15
68317,0.0,0.0,0.08,0.059,0.049,0.985,3,15
68367,0.0,0.0,0.06,0.059,0.049,0.986,3,15
68418,0.0,0.0,0.10,0.059,0.047,0.985,3,15
68468,0.0,0.0,0.05,0.060,0.048,0.985,3,15
68518,0.0,0.0,0.05,0.060,0.048,0.985,3,15
68568,0.0,0.0,0.09,0.058,0.049,0.986,3,15
68618,0.0,0.0,0.09,0.058,0.049,0.986,3,15
68668,0.0,0.0,0.11,0.059,0.048,0.985,3,15
68718,0.0,0.0,0.14,0.059,0.049,0.985,3,15
68768,0.0,0.0,0.14,0.059,0.049,0.985,3,15
68818,0.0,0.0,0.14,0.059,0.049,0.985,3,15
68868,0.0,0.0,0.06,0.058,0.049,0.985,3,15
68920,0.0,0.0,0.06,0.058,0.049,0.985,3,15
68969,0.0,0.0,0.09,0.059,0.047,0.985,3,15
69019,0.0,0.0,0.09,0.059,0.049,0.985,3,15
69069,0.0,0.0,0.05,0.059,0.049,0.985,3,15
69119,0.0,0.0,0.05,0.059,0.049,0.985,3,15
69169,0.0,0.0,0.05,0.059,0.049,0.985,3,15
69219,0.0,0.0,0.11,0.059,0.048,0.986,3,15
69269,0.0,0.0,0.10,0.059,0.047,0.985,3,15
69319,0.0,0.0,0.03,0.059,0.049,0.985,3,15
69369,0.0,0.0,0.11,0.058,0.048,0.986,3,15
69420,0.0,0.0,0.11,0.058,0.048,0.986,3,15
69470,0.0,0.0,0.05,0.060,0.048,0.986,3,15
69520,0.0,0.0,0.04,0.059,0.049,0.985,3,15
69570,0.0,0.0,0.04,0.059,0.049,0.985,3,15
69620,0.0,0.0,0.05,0.059,0.049,0.986,3,15
69670,0.0,0.0,0.10,0.059,0.048,0.985,3,15
69720,0.0,0.0,0.10,0.059,0.048,0.985,3,15
69770,0.0,0.0,0.03,0.059,0.047,0.985,3,15
69820,0.0,0.0,0.03,0.059,0.047,0.985,3,15
69870,0.0,0.0,0.10,0.059,0.048,0.985,3,15
69931,0.0,0.0,0.08,0.059,0.049,0.985,3,15
69981,0.0,0.0,0.15,0.059,0.049,0.985,3,15
70031,0.0,0.0,0.15,0.059,0.049,0.985,3,15
70081,0.0,0.0,0.06,0.059,0.047,0.986,3,15
70131,0.0,0.0,0.06,0.059,0.047,0.986,3,15
70181,0.0,0.0,0.06,0.059,0.047,0.986,3,15
70231,0.0,0.0,0.06,0.059,0.047,0.986,3,15
70281,0.0,0.0,0.06,0.060,0.048,0.984,3,15
70332,0.0,0.0,0.06,0.060,0.048,0.984,3,15
70381,0.0,0.0,0.09,0.059,0.048,0.986,3,15
70432,0.0,0.0,0.05,0.059,0.047,0.985,3,15
70483,0.0,0.0,0.03,0.059,0.047,0.985,3,15
70532,0.0,0.0,0.08,0.061,0.048,0.985,3,15
70582,0.0,0.0,0.02,0.060,0.048,0.985,3,15
70632,0.0,0.0,0.02,0.060,0.048,0.985,3,15
70682,0.0,0.0,0.09,0.058,0.049,0.985,3,15
70732,0.0,0.0,0.08,0.059,0.048,0.985,3,15
70784,0.0,0.0,0.05,0.060,0.048,0.985,3,15
70834,0.0,0.0,0.05,0.060,0.048,0.985,3,15
70884,0.0,0.0,0.03,0.059,0.048,0.985,3,15
70935,0.0,0.0,0.03,0.059,0.048,0.985,3,15
70985,0.0,0.0,0.03,0.059,0.048,0.985,3,15
71035,0.0,0.0,0.04,0.059,0.048,0.984,3,15
71085,0.0,0.0,0.09,0.059,0.048,0.985,3,15
71135,0.0,0.0,0.09,0.059,0.048,0.985,3,15
71185,0.0,0.0,0.08,0.058,0.048,0.985,3,15
71235,0.0,0.0,0.08,0.058,0.048,0.985,3,15
71285,0.0,0.0,0.08,0.058,0.048,0.985,3,15
71335,0.0,0.0,0.08,0.059,0.048,0.985,3,15
71385,0.0,0.0,0.07,0.059,0.048,0.985,3,15
71439,0.0,0.0,0.07,0.059,0.048,0.985,3,15
71489,0.0,0.0,0.11,0.059,0.049,0.985,3,15
71539,0.0,0.0,0.11,0.059,0.049,0.985,3,15
71589,0.0,0.0,0.11,0.059,0.049,0.985,3,15
71639,0.0,0.0,0.07,0.059,0.049,0.985,3,15
71689,0.0,0.0,0.04,0.059,0.048,0.985,3,15
71739,0.0,0.0,0.11,0.059,0.048,0.985,3,15
71789,0.0,0.0,0.02,0.058,0.048,0.985,3,15
71839,0.0,0.0,0.02,0.058,0.048,0.985,3,15
71889,0.0,0.0,0.04,0.059,0.048,0.985,3,15
71940,0.0,0.0,0.09,0.059,0.048,0.985,3,15
71990,0.0,0.0,0.09,0.059,0.048,0.985,3,15
72040,0.0,0.0,0.09,0.059,0.048,0.985,3,15
72090,0.0,0.0,0.06,0.058,0.048,0.986,3,15
72141,0.0,0.0,0.06,0.058,0.048,0.986,3,15
72190,0.0,0.0,0.13,0.058,0.048,0.985,3,15
72240,0.0,0.0,0.04,0.059,0.048,0.985,3,15
72290,0.0,0.0,0.06,0.058,0.047,0.986,3,15
72340,0.0,0.0,0.06,0.058,0.047,0.986,3,15
72390,0.0,0.0,0.10,0.057,0.049,0.985,3,15
72442,0.0,0.0,0.10,0.057,0.049,0.985,3,15
72492,0.0,0.0,0.13,0.060,0.049,0.984,3,15
72541,0.0,0.0,0.02,0.061,0.048,0.984,3,15
72591,0.0,0.0,0.08,0.061,0.048,0.984,3,15
72642,0.0,0.0,0.05,0.057,0.048,0.985,3,15
72691,0.0,0.0,0.04,0.057,0.048,0.985,3,15
72741,0.0,0.0,0.04,0.057,0.048,0.985,3,15
72792,0.0,0.0,0.06,0.060,0.048,0.984,3,15
72841,0.0,0.0,0.03,0.061,0.049,0.985,3,15
72891,0.0,0.0,0.05,0.060,0.049,0.985,3,15
72942,0.0,0.0,0.05,0.060,0.049,0.985,3,15
72992,0.0,0.0,0.02,0.057,0.046,0.986,3,15
73042,0.0,0.0,0.02,0.057,0.046,0.986,3,15
73092,0.0,0.0,0.02,0.058,0.047,0.985,3,15
73142,0.0,0.0,0.04,0.059,0.048,0.985,3,15
73193,0.0,0.0,0.02,0.059,0.050,0.986,3,15
73242,0.0,0.0,0.04,0.059,0.048,0.985,3,15
73292,0.0,0.0,0.06,0.058,0.045,0.985,3,15
73342,0.0,0.0,0.06,0.058,0.045,0.985,3,15
73392,0.0,0.0,0.04,0.059,0.047,0.985,3,15
73443,0.0,0.0,0.06,0.060,0.050,0.984,3,15
73493,0.0,0.0,0.03,0.059,0.048,0.985,3,15
73543,0.0,0.0,0.08,0.058,0.047,0.985,3,15
73593,0.0,0.0,0.13,0.058,0.046,0.986,3,15
73643,0.0,0.0,0.13,0.058,0.046,0.986,3,15
73693,0.0,0.0,0.06,0.059,0.048,0.986,3,15
73743,0.0,0.0,0.05,0.060,0.048,0.984,3,15
73793,0.0,0.0,0.03,0.060,0.047,0.985,3,15
73843,0.0,0.0,0.06,0.059,0.046,0.985,3,15
73893,0.0,0.0,0.07,0.058,0.046,0.986,3,15
73944,0.0,0.0,0.06,0.057,0.052,0.986,3,15
73994,0.0,0.0,0.06,0.057,0.052,0.986,3,15
74044,0.0,0.0,0.09,0.057,0.051,0.986,3,15
74094,0.0,0.0,0.09,0.059,0.048,0.986,3,15
74144,0.0,0.0,0.09,0.062,0.044,0.985,3,15
74194,0.0,0.0,0.17,0.061,0.046,0.984,3,15
74244,0.0,0.0,0.17,0.061,0.046,0.984,3,15
74294,0.0,0.0,0.15,0.057,0.051,0.986,3,15
74344,0.0,0.0,0.15,0.057,0.051,0.986,3,15
74394,0.0,0.0,0.01,0.058,0.047,0.986,3,15
74445,0.0,0.0,0.01,0.058,0.047,0.986,3,15
74495,0.0,0.0,0.08,0.060,0.047,0.985,3,15
74545,0.0,0.0,0.13,0.058,0.048,0.985,3,15
74595,0.0,0.0,0.13,0.058,0.048,0.985,3,15
74645,0.0,0.0,0.11,0.058,0.049,0.986,3,15
74695,0.0,0.0,0.11,0.058,0.049,0.985,3,15
74745,0.0,0.0,0.09,0.059,0.048,0.986,3,15
74795,0.0,0.0,0.09,0.059,0.047,0.985,3,15
74845,0.0,0.0,0.11,0.058,0.047,0.985,3,15
74895,0.0,0.0,0.11,0.058,0.047,0.985,3,15
74957,0.0,0.0,0.06,0.059,0.049,0.985,3,15
75007,0.0,0.0,0.08,0.059,0.049,0.985,3,15
75057,0.0,0.0,0.08,0.059,0.049,0.985,3,15
75107,0.0,0.0,0.06,0.059,0.047,0.985,3,15
75157,0.0,0.0,0.07,0.059,0.046,0.986,3,15
75208,0.0,0.0,0.12,0.059,0.047,0.985,3,15
75258,0.0,0.0,0.12,0.059,0.047,0.985,3,15
75308,0.0,0.0,0.08,0.059,0.049,0.985,3,15
75358,0.0,0.0,0.08,0.059,0.049,0.985,3,15
75408,0.0,0.0,0.07,0.058,0.048,0.985,3,15
75459,0.0,0.0,0.07,0.059,0.046,0.985,3,15
75511,0.0,0.0,0.10,0.059,0.047,0.985,3,15
75561,0.0,0.0,0.06,0.059,0.048,0.985,3,15
75611,0.0,0.0,0.08,0.059,0.048,0.986,3,15
75661,0.0,0.0,0.08,0.059,0.048,0.986,3,15
75711,0.0,0.0,0.03,0.057,0.049,0.985,3,15
75761,0.0,0.0,0.09,0.057,0.048,0.986,3,15
75811,0.0,0.0,0.09,0.057,0.048,0.986,3,15
75861,0.0,0.0,0.04,0.058,0.048,0.986,3,15
75911,0.0,0.0,0.04,0.059,0.048,0.985,3,15
75964,0.0,0.0,0.04,0.059,0.048,0.985,3,15
76013,0.0,0.0,0.15,0.058,0.049,0.986,3,15
76063,0.0,0.0,0.05,0.059,0.047,0.986,3,15
76113,0.0,0.0,0.09,0.060,0.047,0.985,3,15
76163,0.0,0.0,0.07,0.060,0.047,0.985,3,15
76213,0.0,0.0,0.07,0.057,0.049,0.986,3,15
76263,0.0,0.0,0.07,0.057,0.049,0.986,3,15
76313,0.0,0.0,0.11,0.056,0.048,0.986,3,15
76363,0.0,0.0,0.06,0.059,0.048,0.985,3,15
76413,0.0,0.0,0.06,0.059,0.048,0.985,3,15
76464,0.0,0.0,0.10,0.062,0.048,0.985,3,15
76514,0.0,0.0,0.14,0.063,0.049,0.985,3,15
76565,0.0,0.0,0.08,0.060,0.047,0.983,3,15
76615,0.0,0.0,0.08,0.060,0.047,0.983,3,15
76665,0.0,0.0,0.02,0.053,0.043,0.985,3,15
76715,0.0,0.0,0.03,0.052,0.047,0.987,3,15
76765,0.0,0.0,0.02,0.053,0.050,0.986,3,15
76815,0.0,0.0,0.07,0.061,0.052,0.985,3,15
76865,0.0,0.0,0.09,0.066,0.046,0.983,3,15
76915,0.0,0.0,0.09,0.066,0.046,0.983,3,15
76966,0.0,0.0,0.04,0.063,0.045,0.984,3,15
77016,0.0,0.0,0.04,0.063,0.045,0.984,3,15
77066,0.0,0.0,0.13,0.059,0.046,0.985,3,15
77116,0.0,0.0,0.13,0.059,0.046,0.985,3,15
77166,0.0,0.0,0.03,0.052,0.050,0.987,3,15
77216,0.0,0.0,0.03,0.052,0.050,0.987,3,15
77266,0.0,0.0,0.12,0.058,0.047,0.986,3,14
77317,0.0,0.0,0.09,0.063,0.047,0.984,3,14
77366,0.0,0.0,0.03,0.068,0.048,0.984,3,14
77416,0.0,0.0,0.02,0.062,0.047,0.984,3,14
77467,0.0,0.0,0.02,0.042,0.047,0.993,3,14
77517,0.0,0.0,0.02,0.042,0.047,0.993,3,14
77567,0.0,0.0,0.03,0.025,0.043,0.991,3,14
77617,0.0,0.0,0.03,0.025,0.043,0.991,3,14
77667,0.0,0.0,0.11,0.020,0.044,0.987,3,14
77717,0.0,0.0,0.12,0.035,0.055,0.981,3,15
77767,0.0,0.0,0.21,0.072,0.048,0.984,3,15
77817,0.0,0.0,0.21,0.072,0.048,0.984,3,15
77867,0.0,0.0,0.13,0.091,0.038,0.985,3,15
77917,0.0,0.0,0.13,0.084,0.044,0.989,3,15
77968,0.0,0.0,0.06,0.070,0.049,0.993,3,15
78018,0.0,0.0,0.13,0.039,0.048,0.994,3,15
78068,0.0,0.0,0.14,0.024,0.043,0.986,3,15
78118,0.0,0.0,0.14,0.024,0.043,0.986,3,15
78168,0.0,0.0,0.19,0.022,0.044,0.989,3,14
78218,0.0,0.0,0.19,0.022,0.044,0.989,3,14
78268,0.0,0.0,0.24,0.028,0.046,0.986,3,14
78318,0.0,0.0,0.23,0.055,0.040,0.980,3,15
78368,0.0,0.0,0.49,0.084,0.034,0.986,3,15
78418,0.0,0.0,0.49,0.084,0.034,0.986,3,15
78469,0.0,42.4,0.36,0.091,0.041,0.986,3,15
78519,0.0,42.4,0.36,0.095,0.048,0.984,3,15
78569,0.0,42.4,0.34,0.100,0.046,0.984,3,15
78619,0.0,42.4,0.34,0.100,0.046,0.984,3,15
78669,0.0,42.4,0.22,0.103,0.038,0.975,3,15
78719,0.0,42.4,0.22,0.103,0.038,0.975,3,15
78769,0.0,42.4,0.22,0.103,0.038,0.975,3,15
78819,0.0,42.4,0.20,0.126,0.042,0.961,3,15
78869,0.0,42.4,0.19,0.173,0.042,0.956,3,15
78919,0.0,42.4,0.12,0.196,0.038,0.963,3,15
78971,0.0,19.5,0.17,0.139,0.041,0.979,3,15
79020,0.0,19.5,0.20,0.097,0.046,0.997,3,15
79070,0.0,19.5,0.27,0.049,0.043,0.982,3,15
79120,0.0,19.5,0.27,0.031,0.033,0.982,3,15
79170,0.0,19.5,0.27,0.031,0.033,0.982,3,15
79220,0.0,19.5,0.05,0.025,0.045,0.995,3,15
79270,0.0,19.5,0.07,0.040,0.041,0.992,3,15
79320,0.0,19.5,0.07,0.040,0.041,0.992,3,15
79370,0.0,19.5,0.04,0.064,0.040,0.980,3,15
79420,0.0,19.5,0.07,0.074,0.040,0.982,3,15
79471,0.0,19.5,0.04,0.082,0.036,0.985,3,15
79521,0.0,19.5,0.08,0.077,0.040,0.986,3,15
79571,0.0,19.5,0.02,0.062,0.043,0.986,3,15
79621,0.0,19.5,0.02,0.062,0.043,0.986,3,15
79671,0.0,19.5,0.07,0.051,0.037,0.993,3,15
79721,0.0,19.5,0.09,0.046,0.037,0.991,3,15
79771,0.0,19.5,0.06,0.041,0.037,0.989,3,15
79821,0.0,19.5,0.06,0.041,0.037,0.989,3,15
79871,0.0,19.5,0.06,0.041,0.037,0.989,3,15
79921,0.0,19.5,0.06,0.041,0.037,0.989,3,15
79972,0.0,0.0,0.06,0.041,0.037,0.989,3,15
80022,0.0,0.0,0.06,0.041,0.037,0.989,3,15
80076,0.0,0.0,0.12,0.035,0.043,0.986,3,15
80125,0.0,0.0,0.10,0.035,0.047,0.993,3,15
80175,0.0,8.3,0.10,0.035,0.047,0.993,3,15
80230,0.0,8.3,0.10,0.035,0.047,0.993,3,15
80280,0.0,8.3,0.37,0.074,0.033,0.987,3,15
80330,0.0,8.3,0.34,0.111,0.037,0.971,3,15
80380,0.0,8.3,0.34,0.111,0.037,0.971,3,15
80430,0.0,8.3,0.29,0.113,0.036,0.970,3,15
80481,0.0,8.3,0.29,0.113,0.036,0.970,3,15
80533,0.0,8.3,0.29,0.113,0.036,0.970,3,15
80582,0.0,8.3,0.15,0.121,0.032,0.975,3,15
80632,0.0,8.3,0.15,0.121,0.032,0.975,3,15
80683,0.0,8.3,0.15,0.121,0.032,0.975,3,15
80732,0.0,8.3,0.12,0.044,0.049,0.993,3,15
80782,0.0,8.3,0.04,0.044,0.049,0.993,3,15
80832,0.0,8.3,0.04,0.044,0.049,0.993,3,15
80882,0.0,8.3,0.04,0.044,0.049,0.993,3,15
80932,0.0,8.3,0.08,0.047,0.037,0.993,3,15
80983,0.0,12.6,0.08,0.047,0.037,0.993,3,15
81033,0.0,12.6,0.09,0.055,0.036,0.988,3,15
81083,0.0,12.6,0.12,-0.020,0.043,0.992,3,15
81138,0.0,80.1,0.12,-0.020,0.043,0.992,3,15
81187,0.0,80.1,0.07,-0.011,0.030,0.986,3,15
81237,0.0,91.1,0.18,-0.011,0.030,0.986,3,15
81287,0.0,91.1,0.18,-0.011,0.030,0.986,3,15
81337,0.0,91.1,0.42,0.066,0.042,0.985,3,15
81387,0.0,91.1,0.49,0.132,0.044,0.986,3,15
81438,0.0,91.1,0.58,0.138,0.045,0.987,3,15
81490,0.0,35.9,0.58,0.138,0.045,0.987,3,15
81540,0.0,35.9,0.51,0.132,0.041,0.980,3,15
81590,0.0,35.9,0.41,0.132,0.041,0.980,3,15
81640,0.0,35.9,0.41,0.132,0.041,0.980,3,15
81690,0.0,35.9,0.22,0.082,0.027,0.998,3,15
81740,0.0,35.9,0.15,0.068,0.029,0.999,3,15
81790,0.0,35.0,0.10,0.033,0.045,0.989,3,15
81840,0.0,35.0,0.25,0.015,0.051,0.981,3,15
81891,0.0,35.0,0.32,0.000,0.040,0.992,3,15
81941,0.0,69.0,0.32,0.000,0.040,0.992,3,15
81992,0.0,69.0,0.35,-0.018,0.040,0.982,3,15
82042,0.0,99.5,0.35,-0.018,0.040,0.982,3,15
82092,0.0,127.2,0.35,-0.018,0.040,0.982,3,15
82142,0.0,127.2,0.46,-0.027,0.035,0.981,3,15
82192,0.0,125.2,0.53,-0.016,0.020,0.969,3,15
82242,0.0,125.2,0.53,-0.016,0.020,0.969,3,15
82292,0.0,115.4,0.72,0.024,0.029,0.985,3,15
82343,0.0,115.4,0.75,0.047,0.030,1.001,3,15
82393,0.0,100.0,0.75,0.047,0.030,1.001,3,15
82442,0.0,100.0,0.82,0.108,0.060,1.005,3,15
82494,0.0,79.6,0.77,0.108,0.044,0.990,3,15
82543,0.0,79.6,0.59,0.113,0.018,0.996,3,15
82593,0.0,79.6,0.53,0.099,0.009,0.974,3,15
82643,0.0,69.1,0.51,0.098,0.014,0.977,3,15
82693,0.0,69.1,0.51,0.098,0.014,0.977,3,15
82743,0.0,69.1,0.51,0.098,0.014,0.977,3,15
82793,0.0,69.1,0.46,0.082,0.020,0.983,3,15
82843,0.0,49.5,0.46,0.082,0.020,0.983,3,15
82893,0.0,49.5,0.31,0.084,0.032,0.994,3,15
82943,0.0,49.5,0.30,0.084,0.033,0.992,3,15
82994,0.0,49.5,0.30,0.084,0.031,0.989,3,15
83044,0.0,49.5,0.26,0.079,0.011,0.979,3,15
83094,0.0,49.5,0.27,0.080,0.017,0.980,3,15
83144,0.0,49.5,0.27,0.080,0.017,0.980,3,15
83194,0.0,49.5,0.20,0.085,0.022,0.982,3,15
83244,0.0,49.5,0.15,0.087,0.019,0.986,3,15
83294,0.0,49.5,0.13,0.089,0.017,0.986,3,15
83344,0.0,49.5,0.13,0.089,0.016,0.985,3,15
83394,0.0,49.5,0.06,0.079,0.020,0.986,3,15
83444,0.0,49.5,0.06,0.079,0.020,0.986,3,15
83495,0.0,49.5,0.18,0.062,0.019,0.989,3,15
83545,0.0,49.5,0.09,0.055,0.017,0.988,3,15
83595,0.0,49.5,0.06,0.047,0.016,0.987,3,15
83645,0.0,49.5,0.13,0.044,0.016,0.985,3,15
83695,0.0,49.5,0.07,0.045,0.018,0.988,3,15
83745,0.0,49.5,0.07,0.045,0.018,0.988,3,15
83795,0.0,49.5,0.07,0.050,0.019,0.987,3,15
83845,0.0,0.0,0.05,0.052,0.019,0.986,3,15
83895,0.0,0.0,0.04,0.054,0.018,0.985,3,15
83945,0.0,0.0,0.04,0.039,0.016,0.992,3,15
83996,0.0,0.0,0.07,0.016,0.019,0.994,3,15
84046,0.0,0.0,0.07,0.016,0.019,0.994,3,15
84096,0.0,0.0,0.10,0.008,0.021,0.986,3,15
84146,0.0,0.0,0.03,0.005,0.021,0.989,3,15
84196,0.0,0.0,0.05,0.003,0.021,0.992,3,15
84246,0.0,0.0,0.12,0.000,0.020,0.994,3,15
84296,0.0,6.8,0.16,0.004,0.017,0.986,3,15
84346,0.0,6.8,0.16,0.004,0.017,0.986,3,15
84396,0.0,6.8,0.17,0.038,0.012,0.983,3,15
84446,0.0,6.8,0.18,0.050,0.015,0.981,3,15
84505,0.0,6.8,0.17,0.061,0.020,0.982,3,15
84555,0.0,6.8,0.13,0.074,0.019,0.989,3,15
84605,0.0,6.8,0.13,0.082,0.009,0.990,3,15
84655,0.0,6.8,0.13,0.082,0.009,0.990,3,15
84705,0.0,6.8,0.09,0.086,0.017,0.983,3,15
84755,0.0,6.8,0.19,0.085,0.021,0.983,3,15
84806,0.0,6.8,0.19,0.085,0.021,0.983,3,15
84857,0.0,6.8,0.14,0.080,0.021,0.983,3,15
84907,0.0,6.8,0.10,0.067,0.018,0.985,3,15
84957,0.0,6.8,0.10,0.067,0.018,0.985,3,15
85009,0.0,6.8,0.08,0.059,0.014,0.985,3,15
85059,0.0,6.8,0.03,0.056,0.015,0.985,3,15
85109,0.0,6.8,0.03,0.056,0.015,0.985,3,15
85159,0.0,6.8,0.03,0.051,0.017,0.990,3,15
85209,0.0,6.8,0.01,0.034,0.014,0.988,3,15
85259,0.0,6.8,0.01,0.034,0.014,0.988,3,15
85309,0.0,0.0,0.12,0.029,0.014,0.988,3,15
85359,0.0,0.0,0.09,0.030,0.016,0.990,3,15
85409,0.0,0.0,0.09,0.030,0.016,0.990,3,15
85459,0.0,0.0,0.09,0.030,0.016,0.990,3,15
85510,0.0,0.0,0.07,0.036,0.018,0.986,3,15
85560,0.0,0.0,0.07,0.036,0.018,0.986,3,15
85610,0.0,0.0,0.14,0.054,0.013,0.986,3,15
85660,0.0,0.0,0.02,0.055,0.018,0.987,3,15
85712,0.0,0.0,0.05,0.049,0.019,0.989,3,15
85761,0.0,0.0,0.13,0.037,0.018,0.994,3,15
85811,0.0,0.0,0.08,-0.035,0.012,1.011,3,15
85862,0.0,6.4,0.08,-0.035,0.012,1.011,3,15
85911,0.0,6.4,0.18,-0.116,0.002,1.012,3,15
85961,0.0,117.8,0.54,-0.123,-0.006,0.974,3,15
86012,0.0,117.8,0.54,-0.123,-0.006,0.974,3,15
86062,0.0,114.7,0.54,-0.123,-0.006,0.974,3,15
86112,0.0,130.1,0.79,-0.062,0.020,0.965,3,15
86165,0.0,130.1,0.79,-0.062,0.020,0.965,3,15
86214,0.0,130.1,1.00,0.106,0.007,0.999,3,15
86264,0.0,87.4,0.80,0.143,-0.001,0.968,3,15
86314,0.0,87.4,0.70,0.151,-0.003,0.968,3,15
86364,0.0,87.4,0.54,0.150,0.002,0.978,3,15
86414,0.0,54.2,0.43,0.133,0.017,0.987,3,15
86464,0.0,54.2,0.43,0.133,0.017,0.987,3,15
86516,0.0,54.2,0.18,0.130,0.016,0.989,3,15
86566,0.0,54.2,0.19,0.130,0.005,0.982,3,15
86616,0.0,54.2,0.21,0.128,0.002,0.980,3,15
86666,0.0,54.2,0.21,0.128,0.002,0.980,3,15
86716,0.0,54.2,0.13,0.116,0.003,0.985,3,15
86766,0.0,54.2,0.13,0.116,0.003,0.985,3,15
86816,0.0,54.2,0.10,0.087,0.006,0.986,3,15
86866,0.0,54.2,0.10,0.087,0.006,0.986,3,15
86916,0.0,54.2,0.10,0.052,0.006,0.988,3,15
86966,0.0,54.2,0.10,0.052,0.006,0.988,3,15
87017,0.0,54.2,0.02,0.039,0.002,0.986,3,15
87067,0.0,54.2,0.02,0.039,0.002,0.986,3,15
87117,0.0,54.2,0.04,0.033,0.003,0.986,3,15
87167,0.0,54.2,0.03,0.046,0.004,0.988,3,15
87217,0.0,54.2,0.08,0.055,0.004,0.986,3,15
87267,0.0,54.2,0.08,0.055,0.004,0.986,3,15
87317,0.0,54.2,0.00,0.060,0.007,0.986,3,15
87367,0.0,10.8,0.00,0.060,0.007,0.986,3,15
87417,0.0,10.8,0.02,0.060,0.005,0.987,3,15
87467,0.0,10.8,0.06,0.059,0.004,0.987,3,15
87518,0.0,10.8,0.09,0.057,0.005,0.986,3,15
87568,0.0,10.8,0.04,0.054,0.005,0.986,3,15
87618,0.0,10.8,0.08,0.050,0.004,0.987,3,15
87668,0.0,10.8,0.08,0.050,0.004,0.987,3,15
87718,0.0,10.8,0.09,0.048,0.007,0.989,3,15
87768,0.0,10.8,0.10,0.047,0.005,0.987,3,15
87818,0.0,10.8,0.03,0.047,0.003,0.987,3,15
87868,0.0,10.8,0.03,0.047,0.003,0.987,3,15
87918,0.0,10.8,0.07,0.044,0.006,0.988,3,15
87968,0.0,10.8,0.07,0.044,0.006,0.988,3,15
88019,0.0,10.8,0.07,0.046,0.007,0.988,3,15
88069,0.0,10.8,0.06,0.052,0.005,0.989,3,15
88119,0.0,10.8,0.02,0.053,0.005,0.987,3,15
88169,0.0,10.8,0.05,0.055,0.005,0.987,3,15
88219,0.0,10.8,0.05,0.055,0.005,0.987,3,15
88269,0.0,10.8,0.05,0.055,0.005,0.987,3,15
88319,0.0,10.8,0.05,0.051,0.008,0.987,3,15
88369,0.0,0.0,0.12,0.049,0.006,0.987,3,15
88419,0.0,0.0,0.06,0.052,0.004,0.987,3,15
88469,0.0,0.0,0.06,0.052,0.004,0.987,3,15
88520,0.0,0.0,0.02,0.053,0.005,0.988,3,15
88570,0.0,0.0,0.06,0.051,0.008,0.987,3,15
88620,0.0,0.0,0.06,0.051,0.008,0.987,3,15
88670,0.0,0.0,0.07,0.052,0.006,0.987,3,15
88720,0.0,0.0,0.05,0.053,0.005,0.987,3,15
88770,0.0,0.0,0.03,0.052,0.005,0.987,3,15
88820,0.0,0.0,0.05,0.051,0.006,0.987,3,15
88870,0.0,0.0,0.10,0.051,0.007,0.987,3,15
88920,0.0,0.0,0.10,0.051,0.007,0.987,3,15
88970,0.0,0.0,0.03,0.051,0.006,0.987,3,15
89021,0.0,0.0,0.06,0.051,0.006,0.987,3,15
89071,0.0,0.0,0.06,0.051,0.006,0.987,3,15
89121,0.0,0.0,0.04,0.052,0.006,0.987,3,15
89171,0.0,0.0,0.03,0.051,0.006,0.987,3,15
89221,0.0,0.0,0.03,0.051,0.006,0.987,3,15
89271,0.0,0.0,0.01,0.051,0.006,0.987,3,16
89321,0.0,0.0,0.09,0.051,0.006,0.987,3,16
89371,0.0,0.0,0.07,0.051,0.006,0.987,3,16
89421,0.0,0.0,0.05,0.051,0.005,0.987,3,16
89471,0.0,0.0,0.06,0.051,0.006,0.987,3,16
89522,0.0,0.0,0.06,0.051,0.006,0.987,3,16
89572,0.0,0.0,0.11,0.052,0.007,0.987,3,16
89622,0.0,0.0,0.01,0.052,0.006,0.987,3,16
89672,0.0,0.0,0.01,0.052,0.006,0.987,3,16
89722,0.0,0.0,0.05,0.052,0.006,0.987,3,16
89772,0.0,0.0,0.04,0.051,0.006,0.987,3,16
89822,0.0,0.0,0.04,0.051,0.006,0.987,3,16
89872,0.0,0.0,0.10,0.051,0.006,0.987,3,16
89922,0.0,0.0,0.07,0.051,0.006,0.987,3,16
89972,0.0,0.0,0.09,0.051,0.006,0.987,3,16
90032,0.0,0.0,0.04,0.051,0.006,0.987,3,16
90082,0.0,0.0,0.07,0.051,0.006,0.987,3,16
90132,0.0,0.0,0.07,0.051,0.006,0.987,3,16
90182,0.0,0.0,0.07,0.051,0.006,0.987,3,16
90232,0.0,0.0,0.02,0.052,0.006,0.987,3,16
90283,0.0,0.0,0.02,0.052,0.006,0.987,3,16
90332,0.0,0.0,0.07,0.051,0.006,0.987,3,16
90382,0.0,0.0,0.03,0.051,0.006,0.987,3,16
90433,0.0,10.8,0.08,0.051,0.006,0.987,3,16
90482,0.0,10.8,0.02,0.052,0.006,0.987,3,16
90533,0.0,10.8,0.06,0.051,0.006,0.987,3,16
90584,0.0,10.8,0.06,0.051,0.006,0.987,3,16
90634,0.0,10.8,0.11,0.050,0.005,0.987,3,16
90684,0.0,10.8,0.11,0.052,0.007,0.987,3,16
90734,0.0,10.8,0.06,0.052,0.007,0.987,3,16
90784,0.0,10.8,0.06,0.052,0.007,0.987,3,16
90834,0.0,10.8,0.09,0.050,0.004,0.987,3,16
90884,0.0,10.8,0.09,0.050,0.004,0.987,3,16
90934,0.0,10.8,0.09,0.053,0.006,0.987,3,16
90984,0.0,10.8,0.09,0.053,0.006,0.987,3,16
91036,0.0,10.8,0.08,0.051,0.008,0.987,3,16
91085,0.0,10.8,0.08,0.051,0.008,0.987,3,16
91135,0.0,10.8,0.07,0.051,0.004,0.987,3,16
91185,0.0,10.8,0.07,0.051,0.004,0.987,3,16
91235,0.0,10.8,0.03,0.052,0.006,0.987,3,16
91285,0.0,10.8,0.08,0.051,0.007,0.987,3,16
91339,0.0,10.8,0.12,0.051,0.008,0.987,3,16
91388,0.0,10.8,0.04,0.051,0.007,0.987,3,16
91438,0.0,0.0,0.04,0.051,0.005,0.987,3,16
91489,0.0,0.0,0.04,0.051,0.005,0.987,3,16
91543,0.0,0.0,0.06,0.050,0.007,0.987,3,16
91593,0.0,0.0,0.02,0.051,0.007,0.987,3,16
91643,0.0,0.0,0.02,0.051,0.006,0.987,3,16
91693,0.0,0.0,0.06,0.052,0.006,0.987,3,16
91743,0.0,0.0,0.03,0.051,0.005,0.987,3,16
91793,0.0,0.0,0.03,0.051,0.006,0.987,3,16
91843,0.0,0.0,0.03,0.051,0.006,0.987,3,16
91893,0.0,0.0,0.06,0.051,0.006,0.987,3,16
91943,0.0,0.0,0.14,0.051,0.006,0.987,3,16
91993,0.0,0.0,0.07,0.051,0.005,0.987,3,16
92044,0.0,0.0,0.02,0.051,0.005,0.987,3,16
92094,0.0,0.0,0.08,0.050,0.006,0.987,3,16
92144,0.0,0.0,0.08,0.050,0.006,0.987,3,16
92194,0.0,0.0,0.06,0.052,0.006,0.986,3,16
92244,0.0,0.0,0.10,0.051,0.007,0.987,3,16
92294,0.0,0.0,0.06,0.052,0.007,0.986,3,16
92344,0.0,0.0,0.11,0.051,0.006,0.987,3,16
92394,0.0,0.0,0.08,0.052,0.005,0.986,3,16
92444,0.0,0.0,0.08,0.052,0.005,0.986,3,16
92494,0.0,0.0,0.08,0.052,0.005,0.986,3,16
92545,0.0,0.0,0.08,0.052,0.006,0.987,3,16
92595,0.0,0.0,0.10,0.051,0.007,0.987,3,16
92645,0.0,0.0,0.06,0.050,0.007,0.986,3,16
92695,0.0,0.0,0.07,0.051,0.007,0.987,3,16
92745,0.0,0.0,0.07,0.051,0.007,0.987,3,16
92795,0.0,0.0,0.09,0.052,0.006,0.988,3,16
92845,0.0,0.0,0.09,0.052,0.006,0.988,3,16
92895,0.0,0.0,0.09,0.052,0.006,0.988,3,16
92945,0.0,0.0,0.09,0.052,0.006,0.988,3,16
92995,0.0,0.0,0.07,0.051,0.008,0.988,3,16
93046,0.0,0.0,0.07,0.051,0.008,0.988,3,16
93096,0.0,0.0,0.05,0.052,0.006,0.987,3,16
93146,0.0,0.0,0.06,0.052,0.007,0.987,3,16
93196,0.0,0.0,0.06,0.052,0.007,0.987,3,16
93246,0.0,0.0,0.06,0.052,0.007,0.987,3,16
93296,0.0,0.0,0.10,0.051,0.007,0.989,3,16
93346,0.0,0.0,0.10,0.051,0.007,0.989,3,16
93396,0.0,0.0,0.04,0.052,0.006,0.986,3,16
93446,0.0,0.0,0.14,0.052,0.006,0.986,3,16
93496,0.0,0.0,0.14,0.052,0.006,0.986,3,16
93547,0.0,0.0,0.06,0.051,0.010,0.987,3,16
93597,0.0,0.0,0.03,0.050,0.009,0.986,3,16
93647,0.0,0.0,0.03,0.050,0.009,0.986,3,16
93697,0.0,0.0,0.15,0.050,0.007,0.987,3,16
93747,0.0,0.0,0.14,0.050,0.004,0.986,3,16
93797,0.0,0.0,0.14,0.050,0.004,0.986,3,16
93847,0.0,0.0,0.02,0.052,0.005,0.985,3,16
93897,0.0,0.0,0.18,0.050,0.007,0.990,3,16
93947,0.0,0.0,0.18,0.050,0.007,0.990,3,16
93997,0.0,0.0,0.15,0.051,0.010,0.985,3,16
94048,0.0,0.0,0.15,0.051,0.010,0.985,3,16
94105,0.0,0.0,0.09,0.045,0.000,0.996,3,16
94154,0.0,0.0,0.05,0.044,0.005,0.998,3,16
94204,0.0,0.0,0.08,0.056,0.011,0.993,3,16
94257,0.0,0.0,0.08,0.056,0.011,0.993,3,16
94307,0.0,0.0,0.11,0.053,0.007,0.965,3,16
94357,0.0,0.0,0.09,0.037,-0.003,0.984,3,16
94408,0.0,10.8,0.09,0.037,-0.003,0.984,3,16
94457,0.0,10.8,0.06,0.031,0.003,0.990,3,16
94507,0.0,10.8,0.02,0.046,0.008,0.990,3,16
94558,0.0,10.8,0.02,0.046,0.008,0.990,3,16
94608,0.0,10.8,0.06,0.055,0.009,0.986,3,16
94658,0.0,10.8,0.08,0.049,0.000,0.993,3,16
94708,0.0,10.8,0.08,0.049,0.000,0.993,3,16
94758,0.0,10.8,0.13,0.046,0.005,0.987,3,16
94808,0.0,10.8,0.03,0.046,0.011,0.986,3,16
94858,0.0,10.8,0.03,0.046,0.011,0.986,3,16
94908,0.0,10.8,0.03,0.050,0.007,0.989,3,16
94958,0.0,10.8,0.08,0.049,0.005,0.988,3,16
95009,0.0,10.8,0.08,0.049,0.005,0.988,3,16
95061,0.0,10.8,0.07,0.048,0.005,0.988,3,16
95111,0.0,10.8,0.04,0.049,0.009,0.987,3,16
95163,0.0,10.8,0.04,0.049,0.009,0.987,3,16
95212,0.0,10.8,0.13,0.049,0.006,0.986,3,16
95262,0.0,10.8,0.10,0.048,0.005,0.987,3,16
95313,0.0,10.8,0.06,0.048,0.007,0.989,3,16
95364,0.0,10.8,0.12,0.047,0.007,0.989,3,16
95414,0.0,0.0,0.09,0.048,0.007,0.987,3,16
95465,0.0,0.0,0.09,0.048,0.007,0.987,3,16
95514,0.0,0.0,0.02,0.045,0.001,0.992,3,16
95565,0.0,0.0,0.02,0.051,0.009,0.984,3,16
95615,0.0,0.0,0.08,0.052,0.014,0.984,3,16
95665,0.0,0.0,0.08,0.052,0.014,0.984,3,16
95715,0.0,0.0,0.10,0.048,0.004,0.989,3,16
95765,0.0,0.0,0.10,0.048,0.004,0.989,3,16
95815,0.0,0.0,0.05,0.047,0.005,0.989,3,16
95865,0.0,0.0,0.01,0.044,0.006,0.988,3,16
95915,0.0,0.0,0.04,0.046,0.005,0.988,3,16
95965,0.0,0.0,0.11,0.046,0.005,0.990,3,16
96015,0.0,0.0,0.09,0.052,0.007,0.996,3,16
96068,0.0,0.0,0.09,0.052,0.007,0.996,3,16
96117,0.0,0.0,0.09,0.068,0.011,0.965,3,16
96167,0.0,0.0,0.03,0.033,-0.002,0.970,3,16
96217,0.0,0.0,0.02,0.026,-0.005,1.000,3,16
96267,0.0,0.0,0.04,0.022,-0.002,1.008,3,16
96317,475.7,0.0,0.03,0.037,0.011,1.003,3,16
96367,475.7,0.0,0.03,0.037,0.011,1.003,3,16
96417,801.8,0.0,0.05,0.040,0.005,0.977,3,16
96467,971.8,0.0,0.05,0.040,0.005,0.977,3,16
96517,915.4,0.0,0.05,0.040,0.005,0.977,3,16
96569,915.4,0.0,0.05,0.040,0.005,0.977,3,16
96618,847.6,0.0,0.04,0.032,-0.006,0.954,3,16
96668,1071.0,0.0,0.07,0.053,0.010,0.960,3,16
96719,1128.8,0.0,0.07,0.053,0.010,0.960,3,16
96768,1079.5,0.0,0.12,0.063,0.005,0.944,3,16
96818,1021.7,0.0,0.08,0.059,-0.013,0.972,3,16
96869,1143.9,0.0,0.01,0.059,-0.013,0.972,3,16
96918,1146.2,0.0,0.05,0.041,0.001,1.010,3,16
96968,1189.9,0.0,0.05,0.041,0.001,1.010,3,16
97019,1165.7,0.0,0.04,0.043,0.010,0.963,3,16
97069,1205.5,0.0,0.04,0.043,0.010,0.963,3,16
97119,1180.2,0.0,0.05,0.049,0.006,0.968,3,16
97169,1226.4,0.0,0.03,0.050,0.002,0.998,3,16
97219,1203.2,0.0,0.11,0.047,0.007,0.996,3,16
97270,1268.0,0.0,0.11,0.047,0.007,0.996,3,16
97319,1249.6,0.0,0.08,0.046,0.006,0.983,3,16
97369,1305.2,0.0,0.10,0.050,0.003,0.994,3,16
97419,1285.3,0.0,0.04,0.047,0.006,0.989,3,16
97469,1335.1,0.0,0.04,0.047,0.006,0.989,3,16
97519,1313.5,0.0,0.05,0.045,0.007,0.989,3,16
97570,1366.1,0.0,0.05,0.045,0.007,0.989,3,16
97620,1373.6,0.0,0.04,0.044,0.005,0.986,3,16
97670,1346.2,0.0,0.07,0.039,0.009,0.974,3,16
97720,1397.9,0.0,0.13,0.047,0.003,0.977,3,16
97770,1377.1,0.0,0.16,0.062,0.004,1.012,3,16
97820,1408.4,0.0,0.03,0.041,0.002,0.982,3,16
97870,1382.7,0.0,0.03,0.041,0.002,0.982,3,16
97920,1432.0,0.0,0.07,0.051,0.006,0.993,3,16
97970,1448.8,0.0,0.07,0.049,0.007,0.989,3,16
98020,1406.1,0.0,0.04,0.040,0.006,0.969,3,16
98071,1472.5,0.0,0.02,0.044,0.003,0.982,3,16
98121,1426.1,0.0,0.06,0.042,0.006,0.981,3,16
98171,1340.0,0.0,0.06,0.042,0.006,0.981,3,16
98221,1608.3,0.0,0.07,0.047,0.003,0.977,3,16
98271,1339.4,0.0,0.04,0.045,0.004,0.977,3,16
98321,1610.7,0.0,0.10,0.048,0.006,0.984,3,16
98371,1342.5,0.0,0.14,0.051,0.005,1.006,3,16
98421,1471.2,0.0,0.07,0.050,0.006,1.004,3,16
98471,1492.1,0.0,0.07,0.050,0.006,1.004,3,16
98521,1474.6,0.0,0.02,0.050,0.006,0.998,3,16
98572,1502.7,0.0,0.08,0.048,0.004,0.995,3,16
98622,1506.3,0.0,0.04,0.054,0.003,1.006,3,16
98672,1484.6,0.0,0.04,0.054,0.003,1.006,3,16
98722,1511.9,0.0,0.07,0.056,0.006,1.000,3,16
98772,1494.1,0.0,0.07,0.056,0.006,1.000,3,16
98822,1472.0,0.0,0.11,0.058,0.005,1.006,3,16
98872,1501.7,0.0,0.03,0.055,0.004,1.011,3,16
98922,1487.6,0.0,0.03,0.055,0.007,1.001,3,16
98972,1492.1,0.0,0.05,0.055,0.002,1.005,3,16
99022,1479.4,0.0,0.04,0.056,0.006,1.001,3,16
99073,1344.5,0.0,0.11,0.054,0.007,1.012,3,16
99123,1625.7,0.0,0.11,0.054,0.007,1.012,3,16
99173,1473.4,0.0,0.05,0.052,0.004,1.010,3,16
99223,1480.6,0.0,0.04,0.051,0.004,1.003,3,16
99273,1510.7,0.0,0.04,0.051,0.004,1.003,3,16
99323,1493.8,0.0,0.04,0.051,0.004,1.003,3,16
99373,1527.1,0.0,0.04,0.051,0.004,1.003,3,16
99432,1520.2,0.0,0.07,0.055,0.008,1.006,3,16
99481,1495.1,0.0,0.11,0.047,0.008,0.974,3,16
99531,1514.3,0.0,0.17,0.048,0.006,0.985,3,16
99583,1520.6,0.0,0.05,0.043,0.010,0.982,3,16
99632,1501.8,0.0,0.01,0.050,0.008,0.986,3,16
99682,1526.8,0.0,0.02,0.058,0.007,0.999,3,16
99732,1507.1,0.0,0.02,0.058,0.007,0.999,3,16
99782,1511.9,0.0,0.12,0.054,0.008,1.000,3,16
99832,1532.8,0.0,0.12,0.054,0.008,1.000,3,16
99884,1512.0,0.0,0.12,0.054,0.008,1.000,3,16
99933,1521.7,0.0,0.11,0.057,0.006,1.005,3,16
99983,1526.6,0.0,0.14,0.053,0.005,1.003,3,16
100033,1508.9,0.0,0.14,0.053,0.005,1.003,3,16
100086,1525.5,0.0,0.02,0.058,0.007,0.996,3,16
100136,1524.0,0.0,0.11,0.055,0.002,1.004,3,16
100186,1503.2,0.0,0.11,0.055,0.002,1.004,3,16
100236,1529.9,0.0,0.05,0.041,0.007,0.978,3,16
100286,1510.2,0.0,0.19,0.058,0.006,1.003,3,16
100338,1509.7,0.0,0.16,0.051,0.006,1.003,3,16
100388,1520.2,0.0,0.04,0.054,0.005,1.003,3,16
100438,1495.1,0.0,0.07,0.055,0.008,1.006,3,16
100488,1516.2,0.0,0.07,0.055,0.008,1.006,3,16
100538,1507.9,0.0,0.07,0.055,0.008,1.006,3,16
100589,1483.6,0.0,0.06,0.051,0.007,1.007,3,16
100640,1507.9,0.0,0.08,0.040,0.002,0.985,3,16
100689,1509.9,0.0,0.13,0.049,0.009,0.987,3,16
100739,1489.5,0.0,0.05,0.054,0.006,1.009,3,16
100790,1519.3,0.0,0.05,0.054,0.006,1.009,3,16
100839,1502.4,0.0,0.09,0.052,0.007,1.009,3,16
100889,1513.4,0.0,0.05,0.054,0.002,1.003,3,16
100941,1514.8,0.0,0.06,0.043,0.003,0.995,3,16
100990,1484.6,0.0,0.07,0.049,0.002,0.999,3,16
101040,1524.6,0.0,0.09,0.042,0.002,0.986,3,16
101093,1531.7,0.0,0.09,0.042,0.002,0.986,3,16
101142,1510.6,0.0,0.03,0.040,0.007,0.977,3,16
101192,1521.1,0.0,0.07,0.044,0.002,0.992,3,16
101243,1496.2,0.0,0.06,0.043,0.002,0.984,3,16
101292,1506.5,0.0,0.11,0.042,0.005,0.981,3,16
101342,1521.3,0.0,0.09,0.052,0.005,1.003,3,16
101392,1498.2,0.0,0.09,0.052,0.005,1.003,3,16
101442,1516.1,0.0,0.04,0.042,0.001,0.987,3,16
101492,1517.6,0.0,0.01,0.041,0.008,0.979,3,16
101542,1496.3,0.0,0.01,0.041,0.008,0.979,3,16
101593,1510.7,0.0,0.01,0.041,0.008,0.979,3,16
101643,1498.6,0.0,0.11,0.040,0.005,0.977,3,16
101694,1473.6,0.0,0.06,0.041,0.001,0.984,3,16
101743,1504.2,0.0,0.06,0.041,0.001,0.984,3,16
101793,1489.2,0.0,0.01,0.039,0.008,0.976,3,16
101843,1507.1,0.0,0.04,0.038,0.004,0.973,3,16
101893,1502.5,0.0,0.09,0.040,0.002,0.984,3,16
101943,1481.4,0.0,0.05,0.052,0.005,1.009,3,16
101993,1506.7,0.0,0.05,0.052,0.005,1.009,3,16
102043,1488.4,0.0,0.07,0.048,0.003,1.000,3,16
102094,1484.8,0.0,0.07,0.048,0.003,1.000,3,16
102144,1516.6,0.0,0.06,0.041,0.004,0.994,3,16
102194,1500.7,0.0,0.06,0.041,0.004,0.994,3,16
102244,1503.0,0.0,0.02,0.041,0.007,0.980,3,16
102294,1497.4,0.0,0.02,0.041,0.007,0.980,3,16
102344,1480.6,0.0,0.01,0.040,0.006,0.977,3,16
102394,1494.3,0.0,0.05,0.052,0.003,1.000,3,16
102444,1472.1,0.0,0.07,0.041,0.003,0.987,3,16
102494,1467.2,0.0,0.10,0.046,0.002,0.992,3,16
102544,1494.0,0.0,0.10,0.046,0.002,0.992,3,16
102595,1478.9,0.0,0.09,0.042,0.003,0.980,3,16
102645,1503.7,0.0,0.09,0.042,0.003,0.980,3,16
102695,1510.2,0.0,0.06,0.051,0.004,1.004,3,16
102745,1491.2,0.0,0.05,0.055,0.005,1.006,3,16
102795,1525.2,0.0,0.15,0.046,0.003,0.997,3,16
102845,1509.2,0.0,0.01,0.043,0.003,0.990,3,16
102895,1498.7,0.0,0.07,0.052,0.005,1.015,3,16
102945,1521.6,0.0,0.07,0.052,0.005,1.015,3,16
102995,1501.9,0.0,0.22,0.054,0.005,1.009,3,16
103045,1526.3,0.0,0.08,0.044,0.001,0.995,3,16
103096,1532.2,0.0,0.12,0.050,0.003,1.000,3,16
103146,1512.9,0.0,0.10,0.040,0.002,0.984,3,16
103196,1535.9,0.0,0.04,0.041,0.002,0.992,3,16
103246,1529.3,0.0,0.04,0.041,0.002,0.992,3,16
103296,1506.3,0.0,0.05,0.044,0.004,0.992,3,16
103346,1527.2,0.0,0.05,0.042,0.006,0.984,3,16
103396,1506.2,0.0,0.05,0.042,0.006,0.984,3,16
103446,1514.3,0.0,0.05,0.041,0.005,0.976,3,16
103496,1521.7,0.0,0.09,0.041,0.002,0.983,3,16
103546,1495.6,0.0,0.09,0.041,0.002,0.983,3,16
103597,1517.5,0.0,0.09,0.041,0.007,0.979,3,16
103647,1517.5,0.0,0.10,0.040,0.002,0.991,3,16
103697,1496.8,0.0,0.08,0.043,0.004,0.980,3,16
103747,1524.8,0.0,0.04,0.040,0.006,0.982,3,16
103797,1531.3,0.0,0.05,0.040,0.005,0.975,3,16
103847,1512.1,0.0,0.05,0.040,0.005,0.975,3,16
103897,1525.6,0.0,0.03,0.041,0.006,0.980,3,16
103947,1502.1,0.0,0.11,0.046,0.005,0.981,3,16
103997,1525.0,0.0,0.10,0.042,0.008,0.981,3,16
104047,1528.0,0.0,0.04,0.042,0.003,0.976,3,16
104098,1498.9,0.0,0.07,0.045,0.008,0.982,3,16
104148,1511.7,0.0,0.07,0.045,0.008,0.982,3,16
104198,1503.6,0.0,0.06,0.048,0.006,0.978,3,16
104248,1481.8,0.0,0.05,0.044,0.005,0.984,3,16
104298,1506.6,0.0,0.03,0.048,0.007,0.980,3,16
104348,1480.4,0.0,0.04,0.044,0.008,0.985,3,16
104398,1467.4,0.0,0.05,0.046,0.006,0.977,3,16
104448,1496.3,0.0,0.05,0.046,0.006,0.977,3,16
104498,1482.4,0.0,0.07,0.046,0.006,0.980,3,16
104548,1505.8,0.0,0.10,0.039,0.006,0.979,3,16
104602,1508.4,0.0,0.11,0.041,0.003,0.977,3,16
104651,1488.0,0.0,0.10,0.042,0.007,0.983,3,16
104701,1509.7,0.0,0.02,0.042,0.009,0.981,3,16
104755,1490.3,0.0,0.02,0.042,0.009,0.981,3,16
104804,1498.1,0.0,0.03,0.039,0.005,0.975,3,16
104854,1528.8,0.0,0.03,0.039,0.005,0.975,3,16
104908,1512.5,0.0,0.03,0.039,0.005,0.975,3,16
104957,1516.3,0.0,0.04,0.039,0.006,0.980,3,16
105007,1539.8,0.0,0.04,0.039,0.006,0.980,3,16
105058,1519.6,0.0,0.04,0.039,0.006,0.980,3,16
105110,1519.6,0.0,0.03,0.047,0.005,0.975,3,16
105160,1547.2,0.0,0.09,0.047,0.012,0.969,3,16
105212,1528.4,0.0,0.09,0.047,0.012,0.969,3,16
105262,1542.1,0.0,0.13,0.039,0.010,0.982,3,16
105312,1539.2,0.0,0.03,0.044,0.011,0.972,3,16
105362,1518.4,0.0,0.03,0.044,0.011,0.972,3,16
105412,1531.0,0.0,0.03,0.044,0.011,0.972,3,16
105462,1506.7,0.0,0.13,0.046,0.006,0.985,3,16
105512,1516.0,0.0,0.13,0.046,0.006,0.985,3,16
105562,1521.7,0.0,0.08,0.041,0.008,0.984,3,15
105613,1494.2,0.0,0.01,0.043,0.009,0.977,3,16
105666,1488.2,0.0,0.06,0.044,0.009,0.984,3,16
105716,1510.8,0.0,0.03,0.046,0.007,0.965,3,16
105766,1490.7,0.0,0.07,0.043,0.005,0.981,3,16
105816,1514.3,0.0,0.02,0.044,0.008,0.983,3,16
105866,1501.1,0.0,0.02,0.044,0.008,0.983,3,16
105916,1474.4,0.0,0.07,0.045,0.005,0.967,3,16
105966,1499.6,0.0,0.17,0.042,0.009,0.979,3,16
106016,1483.2,0.0,0.12,0.045,0.007,0.975,3,15
106066,1484.7,0.0,0.04,0.045,0.008,0.976,3,15
106117,1505.8,0.0,0.08,0.048,0.006,0.968,3,15
106167,1491.3,0.0,0.08,0.048,0.006,0.968,3,15
106217,1519.4,0.0,0.10,0.046,0.006,0.973,3,15
106268,1538.1,0.0,0.10,0.042,0.007,0.978,3,15
106317,1522.0,0.0,0.02,0.046,0.007,0.976,3,15
106367,1540.3,0.0,0.10,0.046,0.009,0.970,3,15
106418,1518.5,0.0,0.17,0.047,0.004,0.967,3,15
106467,1512.8,0.0,0.17,0.047,0.004,0.967,3,15
106517,1530.7,0.0,0.13,0.043,0.009,0.984,3,15
106568,1509.0,0.0,0.09,0.044,0.010,0.974,3,15
106618,1502.7,0.0,0.17,0.048,0.009,0.977,3,15
106668,1511.9,0.0,0.18,0.040,0.010,0.983,3,16
106718,1486.4,0.0,0.20,0.045,0.011,0.980,3,16
106768,1504.7,0.0,0.20,0.045,0.011,0.980,3,16
106818,1514.8,0.0,0.15,0.055,0.007,0.989,3,16
106868,1498.8,0.0,0.02,0.047,0.006,0.974,3,16
106918,1518.6,0.0,0.11,0.057,0.003,1.002,3,16
106968,1497.8,0.0,0.07,0.044,0.012,0.987,3,16
107018,1505.7,0.0,0.01,0.056,0.008,0.992,3,16
107068,1529.1,0.0,0.01,0.056,0.008,0.992,3,16
107119,1509.2,0.0,0.03,0.054,0.004,1.012,3,16
107169,1536.5,0.0,0.04,0.058,0.003,1.004,3,16
107220,1531.6,0.0,0.03,0.047,0.007,0.994,3,16
107269,1508.0,0.0,0.09,0.054,0.009,1.009,3,16
107319,1529.3,0.0,0.07,0.049,0.010,0.983,3,16
107370,1508.3,0.0,0.07,0.049,0.010,0.983,3,16
107419,1500.5,0.0,0.11,0.055,0.006,1.006,3,16
107469,1528.1,0.0,0.09,0.055,0.008,0.988,3,16
107520,1510.0,0.0,0.06,0.052,0.007,1.008,3,16
107569,1522.5,0.0,0.10,0.050,0.009,0.998,3,16
107620,1555.7,0.0,0.10,0.050,0.009,0.998,3,16
107670,1539.3,0.0,0.10,0.050,0.009,0.998,3,16
107720,1555.1,0.0,0.04,0.055,0.007,1.011,3,16
107771,1557.3,0.0,0.04,0.050,0.004,0.999,3,16
107820,1538.3,0.0,0.14,0.052,0.004,1.003,3,16
107870,1545.6,0.0,0.02,0.043,0.005,0.993,3,16
107920,1535.3,0.0,0.02,0.043,0.007,0.983,3,16
107970,1499.9,0.0,0.02,0.043,0.007,0.983,3,16
108020,1529.4,0.0,0.06,0.045,0.004,0.991,3,16
108070,1511.6,0.0,0.12,0.050,0.001,0.987,3,15
108121,1509.7,0.0,0.10,0.045,0.004,0.987,3,16
108171,1530.0,0.0,0.12,0.041,0.005,0.980,3,16
108221,1509.4,0.0,0.02,0.042,0.008,0.979,3,16
108271,1525.6,0.0,0.02,0.042,0.008,0.979,3,16
108321,1533.5,0.0,0.04,0.047,0.006,0.976,3,16
108371,1516.3,0.0,0.05,0.041,0.003,0.979,3,16
108421,1534.5,0.0,0.04,0.044,0.003,0.984,3,16
108471,1548.4,0.0,0.01,0.048,0.005,0.976,3,16
108521,1510.0,0.0,0.09,0.047,0.008,0.979,3,16
108571,1522.0,0.0,0.09,0.047,0.008,0.979,3,16
108622,1497.4,0.0,0.06,0.039,0.008,0.987,3,16
108672,1491.9,0.0,0.03,0.043,0.006,0.984,3,16
108722,1522.3,0.0,0.09,0.047,0.007,0.976,3,16
108772,1505.4,0.0,0.06,0.044,0.010,0.984,3,16
108822,1524.7,0.0,0.03,0.040,0.010,0.981,3,16
108872,1524.2,0.0,0.03,0.040,0.010,0.981,3,16
108922,1503.7,0.0,0.13,0.045,0.004,0.981,3,16
108972,1507.8,0.0,0.05,0.047,0.006,0.978,3,16
109022,1480.5,0.0,0.06,0.041,0.006,0.980,3,16
109072,1495.5,0.0,0.02,0.049,0.007,0.966,3,16
109123,1520.8,0.0,0.04,0.048,0.008,0.980,3,16
109173,1502.5,0.0,0.04,0.048,0.008,0.980,3,16
109223,1509.9,0.0,0.06,0.052,0.010,0.995,3,16
109273,1527.6,0.0,0.07,0.042,0.008,0.984,3,16
109323,1515.0,0.0,0.06,0.048,0.006,0.965,3,16
109373,1522.6,0.0,0.02,0.043,0.005,0.979,3,16
109423,1496.1,0.0,0.08,0.048,0.013,0.968,3,16
109473,1508.7,0.0,0.08,0.048,0.013,0.968,3,16
109523,1544.4,0.0,0.02,0.039,0.009,0.983,3,16
109573,1528.7,0.0,0.03,0.048,0.005,0.968,3,16
109624,1513.8,0.0,0.01,0.040,0.009,0.979,3,16
109680,1546.3,0.0,0.04,0.044,0.008,0.978,3,16
109730,1529.3,0.0,0.06,0.056,0.007,0.993,3,16
109780,1497.6,0.0,0.06,0.056,0.007,0.993,3,16
109830,1528.6,0.0,0.07,0.045,0.008,0.977,3,16
109880,1511.6,0.0,0.05,0.055,0.009,0.987,3,16
109930,1544.6,0.0,0.05,0.055,0.009,0.987,3,16
109980,1548.4,0.0,0.08,0.044,0.009,0.981,3,16
110030,1515.5,0.0,0.04,0.054,0.008,0.999,3,16
110080,1549.3,0.0,0.04,0.054,0.008,0.999,3,16
110135,1564.7,0.0,0.05,0.043,0.004,0.992,3,16
110185,1529.1,0.0,0.10,0.052,0.007,1.000,3,16
110236,1563.5,0.0,0.10,0.052,0.007,1.000,3,16
110285,1550.8,0.0,0.07,0.051,0.005,1.005,3,16
110335,1522.3,0.0,0.10,0.046,0.004,0.989,3,16
110385,1554.3,0.0,0.10,0.046,0.004,0.989,3,16
110435,1537.4,0.0,0.10,0.046,0.004,0.989,3,16
110485,1507.7,0.0,0.07,0.051,0.009,1.000,3,16
110535,1532.4,0.0,0.07,0.051,0.009,1.000,3,16
110585,1513.4,0.0,0.02,0.047,0.002,0.997,3,16
110636,1537.2,0.0,0.04,0.038,0.002,0.984,3,16
110686,1521.8,0.0,0.20,0.047,0.007,0.971,3,16
110736,1494.9,0.0,0.21,0.044,0.010,0.979,3,16
110786,1526.8,0.0,0.12,0.047,0.006,0.983,3,16
110836,1540.0,0.0,0.12,0.047,0.006,0.983,3,16
110886,1522.3,0.0,0.13,0.038,0.004,0.977,3,16
110936,1549.3,0.0,0.13,0.038,0.004,0.977,3,16
110986,1530.5,0.0,0.10,0.043,0.007,0.977,3,16
111037,1531.4,0.0,0.03,0.038,0.007,0.980,3,16
111087,1555.2,0.0,0.06,0.048,0.009,0.966,3,16
111141,1535.7,0.0,0.06,0.048,0.009,0.966,3,16
111190,1521.0,0.0,0.05,0.045,0.004,0.975,3,16
111240,1541.4,0.0,0.10,0.042,0.008,0.988,3,16
111290,1520.4,0.0,0.22,0.041,0.017,0.986,3,16
111340,1553.8,0.0,0.22,0.041,0.017,0.986,3,16
111390,1536.9,0.0,0.14,0.039,0.015,0.983,3,16
111442,1506.0,0.0,0.14,0.039,0.015,0.983,3,16
111491,1523.1,0.0,0.12,0.041,0.010,0.993,3,16
111541,1517.2,0.0,0.28,0.037,0.003,0.980,3,16
111591,1494.7,0.0,0.28,0.037,0.003,0.980,3,16
111642,1527.8,0.0,0.28,0.037,0.003,0.980,3,16
111692,1512.3,0.0,0.05,0.042,0.001,0.979,3,16
111742,1484.0,0.0,0.05,0.042,0.001,0.979,3,16
111792,1515.2,0.0,0.17,0.051,0.015,0.985,3,16
111842,1499.1,0.0,0.09,0.055,0.007,0.991,3,16
111892,1517.5,0.0,0.05,0.046,0.002,0.978,3,16
111942,1519.2,0.0,0.05,0.046,0.002,0.978,3,16
111992,1499.7,0.0,0.09,0.043,0.009,0.986,3,16
112043,1509.5,0.0,0.09,0.043,0.009,0.986,3,16
112093,1484.8,0.0,0.04,0.057,0.010,0.997,3,16
112144,1510.3,0.0,0.08,0.057,0.006,1.012,3,16
112194,1532.1,0.0,0.06,0.057,0.006,0.999,3,16
112244,1511.7,0.0,0.07,0.049,0.004,1.009,3,16
112294,1520.2,0.0,0.10,0.052,0.007,0.998,3,16
112344,1540.0,0.0,0.10,0.052,0.007,0.998,3,16
112394,1519.6,0.0,0.03,0.049,0.008,0.972,3,16
112444,1547.3,0.0,0.04,0.049,0.009,0.994,3,16
112494,1541.9,0.0,0.09,0.047,0.008,0.978,3,16
112544,1518.0,0.0,0.09,0.047,0.008,0.978,3,16
112594,1548.6,0.0,0.04,0.056,0.003,1.003,3,16
112645,1531.4,0.0,0.07,0.053,0.006,1.000,3,16
112695,1533.9,0.0,0.07,0.053,0.006,1.000,3,16
112745,1554.9,0.0,0.11,0.055,0.006,1.000,3,16
112795,1534.5,0.0,0.14,0.047,0.004,0.995,3,16
112845,1522.3,0.0,0.09,0.051,0.004,1.001,3,16
112895,1557.9,0.0,0.02,0.045,0.005,0.992,3,16
112945,1542.7,0.0,0.13,0.048,0.004,0.997,3,16
112995,1544.0,0.0,0.13,0.048,0.004,0.997,3,16
113045,1532.4,0.0,0.09,0.043,0.003,0.990,3,16
113095,1511.0,0.0,0.02,0.049,0.002,0.979,3,16
113146,1544.8,0.0,0.02,0.049,0.002,0.979,3,16
113196,1554.9,0.0,0.02,0.049,0.002,0.979,3,16
113246,1535.4,0.0,0.11,0.040,0.004,0.993,3,16
113296,1541.5,0.0,0.11,0.040,0.004,0.993,3,16
113346,1513.5,0.0,0.07,0.044,0.007,0.975,3,16
113396,1483.9,0.0,0.07,0.050,0.007,0.976,3,16
113446,1551.4,0.0,0.27,0.045,0.006,0.979,3,16
113496,1518.1,0.0,0.10,0.042,0.005,0.989,3,16
113546,1534.1,0.0,0.24,0.041,0.010,0.972,3,16
113596,1527.1,0.0,0.24,0.041,0.010,0.972,3,16
113647,1505.3,0.0,0.11,0.048,0.008,0.969,3,16
113697,1527.1,0.0,0.16,0.041,0.011,0.985,3,16
113747,1537.4,0.0,0.05,0.045,0.011,0.976,3,16
113797,1520.3,0.0,0.05,0.044,0.011,0.968,3,16
113847,1533.7,0.0,0.06,0.046,0.003,0.982,3,16
113897,1510.2,0.0,0.06,0.046,0.003,0.982,3,16
113947,1497.0,0.0,0.09,0.046,0.007,0.968,3,16
113997,1514.7,0.0,0.04,0.040,0.010,0.989,3,16
114047,1493.1,0.0,0.04,0.047,0.009,0.973,3,16
114097,1512.3,0.0,0.14,0.040,0.014,0.982,3,16
114148,1494.4,0.0,0.05,0.045,0.009,0.981,3,16
114198,1470.2,0.0,0.05,0.045,0.009,0.981,3,16
114248,1491.9,0.0,0.07,0.056,0.006,0.996,3,16
114298,1475.2,0.0,0.07,0.042,0.010,0.981,3,16
114348,1471.6,0.0,0.07,0.042,0.010,0.981,3,16
114398,1494.0,0.0,0.04,0.041,0.011,0.984,3,16
114448,1475.5,0.0,0.04,0.041,0.011,0.984,3,16
114498,1494.0,0.0,0.04,0.041,0.011,0.984,3,16
114548,1508.4,0.0,0.15,0.048,0.008,0.988,3,16
114598,1494.9,0.0,0.06,0.041,0.007,0.978,3,16
114649,1516.9,0.0,0.07,0.047,0.008,0.978,3,16
114699,1497.6,0.0,0.08,0.043,0.009,0.975,3,16
114749,1502.2,0.0,0.06,0.045,0.008,0.969,3,16
114799,1524.8,0.0,0.06,0.045,0.008,0.969,3,16
114849,1505.0,0.0,0.08,0.039,0.008,0.979,3,16
114899,1534.4,0.0,0.04,0.046,0.005,0.980,3,16
114949,1538.3,0.0,0.04,0.046,0.005,0.980,3,16
114999,1517.6,0.0,0.05,0.046,0.013,0.969,3,16
115049,1542.4,0.0,0.10,0.046,0.008,0.970,3,16
115099,1523.3,0.0,0.10,0.046,0.008,0.970,3,16
115163,1531.7,0.0,0.03,0.050,0.008,0.994,3,16
115213,1551.8,0.0,0.09,0.052,0.007,1.008,3,16
115265,1552.2,0.0,0.09,0.052,0.007,1.008,3,16
115314,1532.3,0.0,0.15,0.049,0.008,0.992,3,16
115364,1550.7,0.0,0.12,0.048,0.007,0.974,3,16
115414,1535.6,0.0,0.12,0.048,0.007,0.974,3,16
115464,1530.5,0.0,0.11,0.056,0.007,1.000,3,16
115514,1549.3,0.0,0.10,0.047,0.007,0.998,3,16
115565,1531.5,0.0,0.10,0.047,0.007,0.998,3,16
115614,1527.8,0.0,0.09,0.055,0.007,0.999,3,16
115665,1547.0,0.0,0.09,0.050,0.003,1.000,3,16
115716,1526.3,0.0,0.06,0.051,0.005,1.006,3,16
115766,1531.3,0.0,0.05,0.043,0.005,0.991,3,16
115816,1538.5,0.0,0.12,0.047,0.006,0.998,3,16
115867,1512.3,0.0,0.09,0.044,0.004,0.990,3,16
115916,1527.0,0.0,0.09,0.044,0.004,0.990,3,16
115966,1538.7,0.0,0.09,0.044,0.004,0.990,3,16
116016,1523.0,0.0,0.09,0.044,0.004,0.990,3,16
116066,1539.8,0.0,0.03,0.042,0.007,0.983,3,16
116116,1543.4,0.0,0.03,0.039,0.011,0.986,3,16
116167,1523.9,0.0,0.16,0.044,0.007,0.971,3,16
116217,1525.2,0.0,0.16,0.044,0.007,0.971,3,16
116267,1496.4,0.0,0.05,0.046,0.004,0.984,3,16
116317,1498.1,0.0,0.09,0.045,0.007,0.984,3,16
116367,1522.8,0.0,0.07,0.046,0.007,0.974,3,16
116417,1503.6,0.0,0.04,0.046,0.010,0.986,3,16
116467,1536.3,0.0,0.07,0.048,0.005,0.977,3,16
116517,1532.5,0.0,0.07,0.048,0.005,0.977,3,16
116567,1508.1,0.0,0.15,0.047,0.007,0.975,3,16
116617,1533.8,0.0,0.03,0.040,0.004,0.977,3,16
116669,1531.1,0.0,0.03,0.045,0.005,0.981,3,16
116719,1509.0,0.0,0.14,0.042,0.008,0.984,3,16
116769,1522.1,0.0,0.07,0.044,0.010,0.976,3,16
116819,1499.0,0.0,0.07,0.044,0.010,0.976,3,16
116869,1509.8,0.0,0.09,0.043,0.009,0.982,3,16
116919,1520.5,0.0,0.04,0.039,0.009,0.985,3,16
116969,1531.1,0.0,0.03,0.044,0.006,0.980,3,16
117019,1543.2,0.0,0.05,0.045,0.012,0.971,3,16
117070,1549.4,0.0,0.06,0.045,0.006,0.971,3,16
117119,1530.2,0.0,0.06,0.045,0.006,0.971,3,16
117170,1550.4,0.0,0.07,0.045,0.011,0.973,3,16
117220,1543.8,0.0,0.00,0.048,0.008,0.981,3,16
117271,1520.7,0.0,0.06,0.046,0.007,0.974,3,16
117320,1535.9,0.0,0.02,0.042,0.011,0.985,3,16
117370,1513.5,0.0,0.07,0.050,0.009,0.978,3,16
117421,1526.4,0.0,0.07,0.050,0.009,0.978,3,16
117470,1545.9,0.0,0.11,0.041,0.009,0.983,3,16
117520,1524.9,0.0,0.11,0.041,0.009,0.983,3,16
117571,1559.2,0.0,0.04,0.047,0.008,0.984,3,16
117620,1566.8,0.0,0.08,0.056,0.008,0.999,3,16
117671,1547.2,0.0,0.04,0.049,0.004,0.999,3,16
117721,1572.7,0.0,0.04,0.049,0.004,0.999,3,16
117771,1571.8,0.0,0.04,0.053,0.005,0.998,3,16
117821,1550.5,0.0,0.04,0.053,0.005,0.998,3,16
117871,1567.9,0.0,0.06,0.042,0.004,0.993,3,16
117921,1558.8,0.0,0.02,0.047,0.004,0.999,3,16
117971,1534.8,0.0,0.15,0.044,0.005,0.990,3,16
118021,1560.8,0.0,0.15,0.044,0.005,0.990,3,16
118071,1541.9,0.0,0.09,0.048,0.005,0.988,3,16
118121,1533.1,0.0,0.09,0.048,0.005,0.988,3,16
118172,1542.4,0.0,0.13,0.043,0.004,0.992,3,16
118222,1516.3,0.0,0.11,0.039,0.009,0.990,3,16
118272,1508.8,0.0,0.05,0.046,0.008,0.983,3,16
118322,1537.2,0.0,0.05,0.046,0.008,0.983,3,16
118372,1519.3,0.0,0.08,0.047,0.006,0.974,3,16
118422,1550.9,0.0,0.08,0.047,0.006,0.974,3,16
118472,1564.5,0.0,0.09,0.044,0.008,0.981,3,16
118522,1547.7,0.0,0.04,0.046,0.009,0.970,3,16
118572,1556.7,0.0,0.13,0.045,0.007,0.979,3,16
118622,1564.1,0.0,0.13,0.045,0.007,0.979,3,16
118673,1547.3,0.0,0.09,0.043,0.009,0.969,3,16
118723,1555.0,0.0,0.09,0.043,0.009,0.969,3,16
118773,1529.1,0.0,0.09,0.043,0.009,0.969,3,16
118823,1534.6,0.0,0.06,0.049,0.009,0.988,3,16
118873,1548.9,0.0,0.10,0.056,0.006,0.998,3,16
118923,1525.2,0.0,0.10,0.056,0.006,0.998,3,16
118973,1542.1,0.0,0.10,0.048,0.004,0.997,3,16
119023,1556.9,0.0,0.10,0.048,0.004,0.997,3,16
119073,1534.5,0.0,0.12,0.055,0.007,1.000,3,16
119123,1552.0,0.0,0.03,0.041,0.007,0.981,3,16
119174,1568.9,0.0,0.06,0.045,0.004,0.989,3,16
119224,1547.4,0.0,0.06,0.045,0.004,0.989,3,16
119274,1583.5,0.0,0.15,0.044,0.006,0.992,3,16
119324,1572.1,0.0,0.15,0.044,0.006,0.992,3,16
119374,1544.4,0.0,0.10,0.043,0.006,0.984,3,16
119424,1564.9,0.0,0.05,0.043,0.004,0.983,3,16
119474,1572.5,0.0,0.07,0.042,0.004,0.984,3,16
119524,1554.5,0.0,0.07,0.042,0.004,0.984,3,16
119574,1581.4,0.0,0.07,0.048,0.004,0.984,3,16
119624,1587.0,0.0,0.07,0.048,0.004,0.984,3,16
119682,1568.3,0.0,0.08,0.048,0.009,0.977,3,16
119731,1590.7,0.0,0.10,0.043,0.009,0.990,3,16
119781,1587.0,0.0,0.10,0.048,0.010,0.985,3,16
119831,1565.3,0.0,0.10,0.048,0.010,0.985,3,16
119881,1590.8,0.0,0.13,0.053,0.007,0.996,3,16
119931,1573.7,2182.5,0.09,0.052,0.009,0.989,3,16
119981,1544.7,2182.5,0.09,0.052,0.009,0.989,3,16
120031,1571.5,2182.5,0.08,0.044,0.007,0.993,3,16
120081,1565.9,2182.5,0.06,0.048,0.005,0.983,3,16
120131,1541.9,2182.5,0.06,0.048,0.005,0.983,3,16
120186,1562.1,2182.5,0.08,0.050,0.005,0.992,3,16
120236,1574.1,2182.5,0.05,0.053,0.008,0.975,3,16
120286,1558.1,2182.5,0.06,0.055,0.004,0.986,3,16
120336,1561.8,2182.5,0.06,0.055,0.004,0.986,3,16
120386,1534.1,2182.5,0.19,0.056,0.007,0.972,3,16
120437,1549.9,2182.5,0.19,0.056,0.007,0.972,3,16
120486,1575.8,2182.5,0.07,0.041,0.009,0.982,3,16
120536,1557.1,2182.5,0.20,0.030,0.007,0.968,3,16
120587,1534.1,2182.5,0.05,0.024,0.010,0.977,3,16
120637,1560.1,2182.5,0.06,0.020,0.008,0.992,3,16
120688,1541.7,2182.5,0.11,0.047,0.011,0.974,3,16
120740,1552.2,2182.5,0.11,0.047,0.011,0.974,3,16
120790,1572.3,2182.5,0.08,0.049,0.010,0.986,3,16
120840,1541.9,2182.5,0.11,0.059,0.009,1.000,3,16
120891,1552.6,0.0,0.08,0.056,0.009,0.988,3,16
120940,1571.5,0.0,0.10,0.049,0.008,1.007,3,16
120990,1549.2,0.0,0.21,0.047,0.012,1.008,3,16
121040,1568.9,0.0,0.21,0.047,0.012,1.008,3,16
121090,1573.6,0.0,0.02,0.043,0.006,0.992,3,16
121140,1554.0,0.0,0.15,0.045,0.003,0.990,3,16
121193,1575.3,0.0,0.02,0.048,0.005,0.986,3,16
121242,1565.2,0.0,0.09,0.054,0.006,0.983,3,16
121292,1541.4,0.0,0.14,0.043,0.005,0.992,3,16
121342,1556.4,0.0,0.14,0.043,0.005,0.992,3,16
121392,1563.4,0.0,0.04,0.044,0.009,0.973,3,16
121442,1546.3,0.0,0.04,0.043,0.006,0.981,3,16
121493,1578.1,0.0,0.04,0.037,0.008,0.985,3,16
121542,1582.6,0.0,0.09,0.047,0.007,0.980,3,16
121592,1562.1,0.0,0.10,0.048,0.011,0.972,3,16
121642,1562.5,0.0,0.10,0.048,0.011,0.972,3,16
121695,1533.0,0.0,0.12,0.046,0.010,0.977,3,16
121745,1546.6,0.0,0.06,0.045,0.008,0.980,3,16
121795,1545.8,0.0,0.09,0.042,0.009,0.983,3,16
121845,1516.0,0.0,0.07,0.043,0.011,0.975,3,16
121895,1525.2,0.0,0.04,0.050,0.010,0.988,3,16
121945,1549.7,0.0,0.04,0.050,0.010,0.988,3,16
121995,1530.0,0.0,0.07,0.050,0.010,1.014,3,16
122045,1547.5,0.0,0.09,0.050,0.009,0.996,3,16
122095,1555.5,0.0,0.09,0.041,0.007,0.984,3,16
122145,1538.3,0.0,0.09,0.041,0.007,0.984,3,16
122196,1557.1,0.0,0.05,0.055,0.009,1.003,3,16
122246,1566.0,0.0,0.08,0.050,0.006,0.998,3,16
122296,1548.5,0.0,0.08,0.050,0.006,0.998,3,16
122346,1558.8,0.0,0.07,0.044,0.006,0.987,3,16
122396,1534.2,0.0,0.02,0.043,0.006,0.987,3,16
122446,1535.2,0.0,0.06,0.041,0.008,0.984,3,16
122496,1548.2,0.0,0.06,0.045,0.005,0.988,3,16
122546,1524.2,0.0,0.08,0.041,0.007,0.983,3,16
122596,1534.6,0.0,0.08,0.041,0.007,0.983,3,16
122646,1558.1,0.0,0.05,0.045,0.007,0.981,3,16
122697,1538.8,0.0,0.06,0.049,0.008,0.974,3,16
122747,1551.1,0.0,0.06,0.049,0.008,0.974,3,16
122797,1573.5,0.0,0.09,0.036,0.009,0.976,3,16
122847,1549.1,0.0,0.05,0.053,0.009,0.972,3,16
122897,1557.3,0.0,0.05,0.053,0.009,0.972,3,16
122947,1567.2,0.0,0.15,0.050,0.007,0.996,3,16
122997,1551.6,0.0,0.12,0.051,0.006,0.985,3,16
123047,1576.9,0.0,0.06,0.041,0.012,0.986,3,16
123097,1574.6,0.0,0.13,0.046,0.009,0.998,3,16
123147,1553.0,0.0,0.08,0.049,0.011,0.983,3,16
123198,1574.3,0.0,0.08,0.049,0.011,0.983,3,16
123248,1570.8,0.0,0.07,0.058,0.006,1.003,3,16
123298,1549.2,0.0,0.02,0.049,0.011,1.002,3,16
123348,1547.1,0.0,0.02,0.049,0.011,1.002,3,16
123398,1516.3,0.0,0.06,0.044,0.007,0.992,3,16
123448,1512.7,0.0,0.06,0.044,0.007,0.992,3,16
123498,1557.0,0.0,0.09,0.046,0.005,0.990,3,16
123548,1528.5,0.0,0.05,0.046,0.005,0.990,3,16
123598,1548.9,0.0,0.03,0.039,0.008,0.985,3,16
123648,1547.9,0.0,0.04,0.039,0.004,0.992,3,16
123699,1518.2,0.0,0.01,0.048,0.004,0.980,3,16
123749,1544.0,0.0,0.13,0.040,0.004,0.995,3,16
123799,1558.7,0.0,0.13,0.040,0.004,0.995,3,16
123849,1542.7,0.0,0.07,0.054,0.004,0.974,3,16
123899,1539.0,0.0,0.06,0.044,0.007,0.979,3,16
123949,1539.2,0.0,0.06,0.044,0.007,0.979,3,16
123999,1522.8,0.0,0.09,0.036,0.007,0.982,3,16
124049,1537.3,0.0,0.05,0.042,0.006,0.985,3,16
124099,1514.6,0.0,0.05,0.042,0.006,0.985,3,16
124149,1526.7,0.0,0.10,0.058,0.011,0.967,3,16
124200,1552.3,0.0,0.11,0.056,0.009,0.990,3,16
124250,1545.5,0.0,0.03,0.061,0.004,0.987,3,16
124300,1549.0,0.0,0.08,0.044,0.014,0.973,3,16
124350,1567.5,0.0,0.09,0.038,0.012,0.985,3,16
124400,1546.9,0.0,0.09,0.038,0.012,0.985,3,16
124450,1571.9,0.0,0.07,0.039,0.014,0.986,3,16
124500,1573.3,0.0,0.03,0.046,0.011,1.007,3,16
124550,1553.2,0.0,0.07,0.053,0.008,0.993,3,16
124600,1578.1,0.0,0.06,0.050,0.004,0.997,3,16
124650,1569.6,0.0,0.07,0.056,0.006,1.000,3,16
124711,1547.2,0.0,0.07,0.056,0.006,1.000,3,16
124761,1535.0,0.0,0.03,0.042,0.009,0.988,3,16
124811,1561.0,0.0,0.03,0.042,0.009,0.988,3,16
124861,1542.7,0.0,0.03,0.042,0.009,0.988,3,16
124911,1566.2,0.0,0.02,0.040,0.007,0.988,3,16
124961,1568.0,0.0,0.08,0.042,0.004,0.986,3,16
125012,1548.3,0.0,0.04,0.049,0.005,0.987,3,16
125062,1572.6,0.0,0.06,0.043,0.004,0.993,3,16
125112,1570.0,0.0,0.06,0.043,0.010,0.990,3,16
125162,1548.0,0.0,0.06,0.043,0.010,0.990,3,16
125220,1569.3,0.0,0.08,0.038,0.008,0.981,3,16
125270,1574.4,0.0,0.06,0.042,0.009,0.985,3,16
125320,1555.8,0.0,0.10,0.042,0.012,0.970,3,16
125370,1561.4,0.0,0.06,0.042,0.011,0.988,3,16
125420,1571.3,0.0,0.14,0.048,0.011,0.985,3,16
125470,1556.6,0.0,0.12,0.044,0.009,0.975,3,16
125520,1537.8,0.0,0.12,0.044,0.009,0.975,3,16
125570,1496.4,0.0,0.10,0.049,0.009,1.000,3,16
125621,1518.6,0.0,0.10,0.050,0.009,0.992,3,16
125670,1533.6,0.0,0.09,0.044,0.011,0.978,3,16
125721,1510.4,0.0,0.07,0.054,0.010,1.013,3,16
125771,1510.4,0.0,0.04,0.053,0.010,1.001,3,16
125821,1540.2,0.0,0.04,0.053,0.010,1.001,3,16
125871,1522.7,0.0,0.05,0.047,0.003,0.996,3,16
125921,1536.8,0.0,0.01,0.048,0.005,0.997,3,16
125971,1537.4,0.0,0.04,0.048,0.009,1.004,3,16
126021,1518.1,0.0,0.03,0.047,0.006,0.997,3,16
126071,1529.6,0.0,0.00,0.048,0.008,0.972,3,16
126121,1505.5,0.0,0.00,0.048,0.008,0.972,3,16
126171,1517.7,0.0,0.06,0.047,0.005,0.998,3,16
126222,1545.4,0.0,0.06,0.047,0.005,0.998,3,16
126272,1528.3,0.0,0.02,0.041,0.009,0.982,3,16
126322,1531.5,0.0,0.06,0.039,0.006,0.977,3,16
126372,1559.9,0.0,0.02,0.042,0.005,0.984,3,16
126422,1542.2,0.0,0.02,0.042,0.005,0.984,3,16
126472,1563.6,0.0,0.04,0.041,0.006,0.978,3,16
126522,1559.4,0.0,0.04,0.044,0.004,0.991,3,16
126572,1537.8,0.0,0.11,0.044,0.006,0.989,3,16
126622,1554.6,0.0,0.05,0.041,0.006,0.979,3,16
126672,1571.7,0.0,0.05,0.045,0.006,0.984,3,16
126723,1554.3,0.0,0.05,0.045,0.006,0.984,3,16
126773,1568.3,0.0,0.04,0.042,0.012,0.973,3,16
126823,1571.4,0.0,0.10,0.039,0.010,0.987,3,16
126873,1552.8,0.0,0.06,0.046,0.009,0.978,3,16
126923,1570.1,0.0,0.10,0.050,0.011,0.983,3,16
126973,1572.7,0.0,0.11,0.043,0.009,0.987,3,16
127023,1554.0,0.0,0.11,0.043,0.009,0.987,3,16
127073,1573.4,0.0,0.05,0.049,0.009,0.986,3,16
127123,1552.8,0.0,0.04,0.046,0.007,1.001,3,16
127173,1516.8,0.0,0.02,0.045,0.010,0.984,3,16
127224,1552.4,0.0,0.05,0.043,0.007,0.987,3,16
127274,1537.4,0.0,0.00,0.048,0.005,0.994,3,16
127324,1525.3,0.0,0.00,0.048,0.005,0.994,3,16
127374,1549.9,0.0,0.04,0.041,0.007,0.986,3,16
127424,1530.6,0.0,0.05,0.043,0.006,0.992,3,16
127474,1554.1,0.0,0.03,0.047,0.006,0.995,3,16
127524,1542.2,0.0,0.07,0.041,0.004,0.990,3,16
127574,1516.0,0.0,0.04,0.044,0.004,0.990,3,16
127624,1550.3,0.0,0.04,0.044,0.004,0.990,3,16
127674,1552.6,0.0,0.05,0.039,0.005,0.990,3,16
127725,1523.3,0.0,0.09,0.043,0.004,0.986,3,16
127775,1566.7,0.0,0.04,0.048,0.006,0.975,3,16
127825,1539.5,0.0,0.04,0.045,0.007,0.976,3,16
127875,1540.6,0.0,0.06,0.049,0.008,0.974,3,16
127925,1548.4,0.0,0.06,0.049,0.008,0.974,3,16
127975,1522.5,0.0,0.07,0.042,0.009,0.981,3,16
128025,1531.1,0.0,0.12,0.044,0.006,0.983,3,16
128075,1550.8,0.0,0.05,0.040,0.008,0.987,3,16
128125,1530.1,0.0,0.09,0.049,0.008,0.994,3,16
128175,1556.9,0.0,0.13,0.048,0.011,0.972,3,16
128231,1539.8,0.0,0.13,0.048,0.011,0.972,3,16
128280,1511.1,0.0,0.02,0.043,0.012,0.974,3,16
128330,1541.0,0.0,0.02,0.046,0.009,0.973,3,16
128382,1532.9,0.0,0.02,0.046,0.009,0.973,3,16
128431,1508.2,0.0,0.10,0.052,0.009,1.002,3,16
128481,1541.0,0.0,0.02,0.046,0.010,0.973,3,16
128532,1549.4,0.0,0.02,0.046,0.010,0.973,3,16
128581,1530.3,0.0,0.07,0.049,0.010,1.001,3,16
128631,1550.1,0.0,0.09,0.049,0.009,1.006,3,16
128681,1529.6,0.0,0.09,0.049,0.009,1.006,3,16
128739,1540.1,0.0,0.04,0.056,0.010,1.002,3,16
128789,1560.4,0.0,0.13,0.050,0.007,0.998,3,16
128841,1540.9,0.0,0.13,0.050,0.007,0.998,3,16
128890,1558.8,0.0,0.06,0.042,0.006,0.989,3,16
128940,1562.0,0.0,0.03,0.045,0.005,0.993,3,16
128991,1537.8,0.0,0.08,0.043,0.005,0.992,3,16
129040,1525.3,0.0,0.12,0.046,0.005,0.990,3,16
129090,1542.9,0.0,0.12,0.041,0.006,0.983,3,16
129141,1521.2,0.0,0.12,0.041,0.006,0.983,3,16
129190,1550.6,0.0,0.08,0.043,0.007,0.985,3,16
129241,1542.7,0.0,0.19,0.040,0.011,0.983,3,16
129293,1517.4,0.0,0.08,0.039,0.007,0.978,3,16
129342,1547.4,0.0,0.02,0.039,0.011,0.985,3,16
129392,1555.5,0.0,0.04,0.047,0.005,0.974,3,16
129442,1536.1,0.0,0.04,0.047,0.005,0.974,3,16
129492,1555.4,0.0,0.04,0.047,0.005,0.974,3,16
129542,1563.4,0.0,0.06,0.042,0.009,0.985,3,16
129593,1545.9,0.0,0.05,0.044,0.009,0.982,3,16
129642,1563.8,0.0,0.09,0.041,0.015,0.987,3,16
129692,1542.2,0.0,0.04,0.049,0.008,0.984,3,16
129743,1557.4,0.0,0.04,0.049,0.008,0.984,3,16
129793,1583.5,0.0,0.15,0.051,0.010,1.003,3,16
129843,1564.4,0.0,0.15,0.051,0.010,1.003,3,16
129893,1549.1,0.0,0.08,0.051,0.013,0.987,3,16
129943,1566.4,0.0,0.08,0.051,0.013,0.987,3,16
129993,1544.4,0.0,0.02,0.049,0.007,1.000,3,16
130043,1561.5,0.0,0.02,0.049,0.007,1.000,3,16
130093,1580.6,0.0,0.02,0.049,0.010,0.987,3,16
130143,1560.0,0.0,0.06,0.046,0.014,0.982,3,16
130194,1574.2,0.0,0.10,0.044,0.010,0.988,3,16
130247,1571.9,0.0,0.09,0.046,0.006,0.986,3,16
130296,1542.5,0.0,0.08,0.043,0.007,0.989,3,16
130346,1561.5,0.0,0.08,0.043,0.007,0.989,3,16
130397,1565.9,0.0,0.13,0.043,0.005,0.991,3,16
130446,1547.3,0.0,0.13,0.043,0.005,0.991,3,16
130497,1568.0,0.0,0.02,0.042,0.007,0.981,3,16
130547,1568.3,0.0,0.02,0.042,0.007,0.981,3,16
130596,1548.2,0.0,0.08,0.046,0.008,0.975,3,16
130646,1562.8,0.0,0.08,0.046,0.008,0.975,3,16
130697,1557.1,0.0,0.05,0.045,0.011,0.972,3,16
130747,1535.9,0.0,0.05,0.049,0.011,0.983,3,16
130798,1554.9,0.0,0.04,0.047,0.009,0.976,3,16
130848,1534.2,0.0,0.02,0.054,0.007,1.001,3,16
130898,1537.4,0.0,0.12,0.051,0.009,0.985,3,16
130948,1549.5,0.0,0.12,0.051,0.009,0.985,3,16
130998,1526.4,0.0,0.02,0.052,0.012,1.005,3,16
131048,1526.7,0.0,0.09,0.049,0.008,0.999,3,16
131098,1541.4,0.0,0.03,0.043,0.005,0.988,3,16
131148,1531.2,0.0,0.03,0.043,0.005,0.988,3,16
131198,1537.4,0.0,0.09,0.044,0.008,0.991,3,16
131249,1539.5,0.0,0.09,0.044,0.008,0.991,3,16
131299,1521.4,0.0,0.06,0.041,0.007,0.984,3,16
131349,1540.6,0.0,0.00,0.047,0.007,0.994,3,16
131399,1519.5,0.0,0.06,0.043,0.005,0.987,3,16
131449,1521.0,0.0,0.04,0.042,0.004,0.986,3,16
131499,1524.3,0.0,0.03,0.040,0.008,0.977,3,16
131549,1496.8,0.0,0.03,0.040,0.008,0.977,3,16
131599,1500.9,0.0,0.06,0.043,0.008,0.981,3,16
131649,1527.4,0.0,0.08,0.048,0.006,0.980,3,16
131699,1509.7,0.0,0.02,0.040,0.008,0.980,3,16
131750,1509.2,0.0,0.01,0.044,0.009,0.973,3,16
131800,1502.6,0.0,0.11,0.045,0.005,0.984,3,16
131850,1484.3,0.0,0.02,0.044,0.008,0.975,3,16
131900,1499.1,0.0,0.02,0.044,0.008,0.975,3,16
131950,1476.3,0.0,0.06,0.046,0.009,0.979,3,16
132000,1502.3,0.0,0.05,0.038,0.006,0.981,3,16
132050,1511.4,0.0,0.12,0.043,0.005,0.981,3,16
132100,1486.5,0.0,0.07,0.041,0.011,0.979,3,16
132150,1507.6,0.0,0.09,0.042,0.007,0.973,3,16
132200,1517.9,0.0,0.09,0.042,0.007,0.973,3,16
132254,1501.6,0.0,0.06,0.043,0.008,0.979,3,16
132304,1523.6,0.0,0.06,0.041,0.004,0.982,3,16
132357,1515.3,0.0,0.07,0.039,0.008,0.980,3,16
132407,1490.3,0.0,0.03,0.041,0.010,0.976,3,16
132457,1521.7,0.0,0.11,0.039,0.006,0.974,3,16
132507,1506.6,0.0,0.11,0.039,0.006,0.974,3,16
132557,1504.6,0.0,0.07,0.041,0.009,0.979,3,16
132607,1524.4,0.0,0.07,0.041,0.009,0.979,3,16
132660,1503.9,0.0,0.07,0.041,0.009,0.979,3,16
132709,1526.3,0.0,0.08,0.040,0.009,0.977,3,16
132760,1544.1,0.0,0.11,0.044,0.006,0.981,3,16
132810,1529.4,0.0,0.01,0.041,0.011,0.981,3,16
132860,1548.0,0.0,0.05,0.047,0.008,0.975,3,16
132910,1554.6,0.0,0.13,0.046,0.007,0.975,3,16
132961,1536.9,0.0,0.13,0.046,0.007,0.975,3,16
133011,1550.8,0.0,0.14,0.049,0.005,0.980,3,16
133061,1528.0,0.0,0.10,0.045,0.010,0.973,3,16
133111,1545.6,0.0,0.10,0.045,0.014,0.968,3,16
133161,1570.4,0.0,0.03,0.034,0.009,0.984,3,16
133211,1551.3,0.0,0.13,0.051,0.006,1.003,3,16
133263,1553.8,0.0,0.13,0.051,0.006,1.003,3,16
133312,1566.9,0.0,0.04,0.045,0.009,0.970,3,16
133362,1531.3,0.0,0.14,0.051,0.008,0.993,3,16
133413,1558.1,0.0,0.14,0.046,0.010,1.003,3,16
133462,1579.6,0.0,0.14,0.046,0.010,1.003,3,16
133512,1559.5,0.0,0.14,0.048,0.011,1.002,3,16
133562,1570.4,0.0,0.14,0.048,0.011,1.002,3,16
133612,1568.2,0.0,0.14,0.047,0.006,0.996,3,16
133662,1548.4,0.0,0.08,0.045,0.004,0.993,3,16
133713,1564.5,0.0,0.05,0.045,0.006,0.988,3,16
133771,1559.7,0.0,0.04,0.042,0.006,0.986,3,16
133821,1538.3,0.0,0.03,0.043,0.004,0.989,3,16
133871,1559.4,0.0,0.09,0.049,0.008,0.973,3,16
133921,1567.4,0.0,0.09,0.049,0.008,0.973,3,16
133971,1549.8,0.0,0.04,0.048,0.003,0.986,3,16
134021,1555.5,0.0,0.04,0.048,0.003,0.986,3,16
134071,1557.3,0.0,0.02,0.046,0.006,0.983,3,16
134121,1540.6,0.0,0.02,0.045,0.011,0.969,3,16
134171,1557.0,0.0,0.02,0.044,0.007,0.981,3,16
134221,1564.7,0.0,0.02,0.044,0.007,0.981,3,16
134272,1547.5,0.0,0.04,0.046,0.011,0.969,3,16
134322,1564.0,0.0,0.00,0.042,0.010,0.988,3,16
134372,1542.4,0.0,0.05,0.048,0.008,0.997,3,16
134422,1532.4,0.0,0.11,0.048,0.008,0.975,3,16
134472,1565.8,0.0,0.06,0.051,0.010,1.004,3,16
134522,1550.8,0.0,0.06,0.051,0.010,1.004,3,16
134572,1526.7,0.0,0.08,0.049,0.008,0.999,3,16
134622,1568.5,0.0,0.08,0.049,0.008,0.999,3,16
134672,1555.6,0.0,0.10,0.053,0.007,1.004,3,16
134722,1553.4,0.0,0.06,0.043,0.006,0.990,3,16
134773,1549.1,0.0,0.05,0.050,0.005,1.001,3,16
134823,1531.2,0.0,0.05,0.050,0.005,1.001,3,16
134873,1554.2,0.0,0.03,0.044,0.005,0.989,3,16
134923,1562.5,0.0,0.04,0.046,0.005,0.993,3,16
134973,1544.5,0.0,0.09,0.042,0.007,0.985,3,16
135023,1554.2,0.0,0.06,0.042,0.005,0.978,3,16
135073,1529.7,0.0,0.03,0.046,0.007,0.983,3,16
135123,1541.7,0.0,0.03,0.046,0.007,0.983,3,16
135173,1554.5,0.0,0.11,0.043,0.008,0.981,3,16
135223,1531.2,0.0,0.11,0.043,0.008,0.981,3,16
135274,1543.8,0.0,0.08,0.039,0.010,0.985,3,16
135324,1555.8,0.0,0.07,0.043,0.010,0.980,3,16
135374,1532.5,0.0,0.07,0.043,0.010,0.980,3,16
135424,1524.4,0.0,0.07,0.043,0.010,0.980,3,16
135474,1539.6,0.0,0.02,0.042,0.009,0.984,3,16
135524,1516.2,0.0,0.02,0.041,0.009,0.984,3,16
135574,1541.9,0.0,0.02,0.049,0.009,0.977,3,16
135624,1538.8,0.0,0.04,0.044,0.012,0.972,3,16
135674,1516.9,0.0,0.06,0.050,0.010,0.978,3,16
135724,1544.6,0.0,0.06,0.050,0.010,0.978,3,16
135775,1525.7,0.0,0.08,0.048,0.008,0.982,3,16
135825,1528.7,0.0,0.05,0.049,0.008,0.976,3,16
135875,1550.1,0.0,0.13,0.042,0.011,0.984,3,16
135925,1530.0,0.0,0.03,0.049,0.009,0.999,3,16
135975,1537.8,0.0,0.02,0.048,0.009,0.975,3,16
136025,1551.1,0.0,0.02,0.048,0.009,0.975,3,16
136075,1528.4,0.0,0.07,0.050,0.007,1.000,3,16
136125,1553.7,0.0,0.03,0.049,0.005,0.997,3,16
136175,1551.1,0.0,0.02,0.051,0.008,1.004,3,16
136225,1529.3,0.0,0.05,0.043,0.004,0.990,3,16
136276,1553.0,0.0,0.11,0.050,0.006,1.002,3,16
136326,1549.1,0.0,0.11,0.050,0.006,1.002,3,16
136376,1526.5,0.0,0.10,0.044,0.004,0.990,3,16
136426,1541.2,0.0,0.02,0.046,0.006,0.993,3,16
136476,1518.6,0.0,0.07,0.041,0.005,0.992,3,16
136526,1526.6,0.0,0.06,0.043,0.004,0.989,3,16
136576,1546.5,0.0,0.04,0.041,0.006,0.979,3,16
136626,1528.0,0.0,0.04,0.041,0.006,0.979,3,16
136676,1529.3,0.0,0.04,0.043,0.005,0.985,3,16
136726,1543.6,0.0,0.02,0.049,0.008,0.975,3,16
136783,1521.5,0.0,0.03,0.040,0.008,0.974,3,16
136833,1533.5,0.0,0.01,0.042,0.007,0.982,3,16
136883,1558.3,0.0,0.04,0.041,0.006,0.974,3,16
136935,1539.3,0.0,0.04,0.041,0.006,0.974,3,16
136984,1543.9,0.0,0.06,0.045,0.007,0.982,3,16
137034,1546.5,0.0,0.05,0.045,0.009,0.981,3,16
137087,1529.1,0.0,0.05,0.045,0.009,0.981,3,16
137137,1555.9,0.0,0.14,0.046,0.011,0.981,3,16
137187,1566.9,0.0,0.06,0.042,0.008,0.983,3,16
137237,1550.0,0.0,0.06,0.042,0.008,0.983,3,16
137288,1562.2,0.0,0.06,0.042,0.008,0.983,3,16
137338,1548.7,0.0,0.16,0.048,0.008,0.980,3,16
137393,1523.2,0.0,0.08,0.047,0.008,0.972,3,15
137442,1549.0,0.0,0.07,0.042,0.009,0.984,3,15
137492,1545.4,0.0,0.16,0.048,0.011,0.982,3,15
137542,1522.8,0.0,0.16,0.048,0.011,0.982,3,15
137592,1545.5,0.0,0.15,0.060,0.007,1.007,3,15
137642,1525.9,0.0,0.15,0.060,0.007,1.007,3,15
137694,1540.9,0.0,0.13,0.053,0.010,1.006,3,15
137744,1551.3,0.0,0.05,0.049,0.007,0.991,3,15
137795,1527.1,0.0,0.14,0.050,0.009,0.995,3,15
137845,1533.5,0.0,0.14,0.050,0.009,0.995,3,15
137895,1564.8,0.0,0.15,0.046,0.007,0.989,3,15
137945,1533.9,0.0,0.13,0.057,0.007,1.000,3,15
137997,1547.7,0.0,0.14,0.049,0.004,0.991,3,15
138046,1552.0,0.0,0.16,0.046,0.005,0.978,3,15
138096,1524.5,0.0,0.08,0.047,0.002,0.993,3,15
138146,1555.8,0.0,0.13,0.041,0.007,0.971,3,15
138196,1563.8,0.0,0.13,0.041,0.007,0.971,3,15
138246,1545.2,0.0,0.09,0.043,0.008,0.986,3,15
138297,1560.0,0.0,0.04,0.047,0.006,0.975,3,15
138347,1540.7,0.0,0.04,0.047,0.006,0.975,3,15
138397,1512.4,0.0,0.09,0.043,0.007,0.976,3,15
138447,1537.6,0.0,0.09,0.043,0.007,0.976,3,15
138497,1519.1,0.0,0.07,0.043,0.007,0.990,3,15
138547,1516.8,0.0,0.02,0.048,0.007,0.980,3,15
138597,1542.6,0.0,0.11,0.040,0.007,0.987,3,15
138647,1524.5,0.0,0.17,0.047,0.009,0.985,3,15
138697,1535.9,0.0,0.07,0.046,0.010,0.977,3,15
138747,1556.9,0.0,0.07,0.046,0.010,0.977,3,15
138798,1536.5,0.0,0.06,0.047,0.011,0.985,3,15
138848,1554.6,0.0,0.05,0.044,0.009,0.977,3,15
138898,1552.6,0.0,0.04,0.055,0.006,0.993,3,15
138948,1532.4,0.0,0.04,0.055,0.006,0.993,3,15
138998,1563.1,0.0,0.08,0.052,0.004,1.000,3,15
139048,1562.5,0.0,0.08,0.052,0.004,1.000,3,15
139098,1540.5,0.0,0.11,0.045,0.008,0.990,3,15
139148,1566.6,0.0,0.06,0.050,0.006,1.000,3,15
139198,1547.8,0.0,0.05,0.044,0.006,0.994,3,15
139248,1548.2,0.0,0.04,0.047,0.007,0.990,3,15
139299,1570.1,0.0,0.03,0.038,0.008,0.984,3,15
139349,1550.8,0.0,0.03,0.038,0.008,0.984,3,15
139399,1548.3,0.0,0.05,0.043,0.008,0.989,3,15
139449,1576.8,0.0,0.10,0.040,0.007,0.981,3,15
139499,1559.8,0.0,0.02,0.044,0.006,0.985,3,15
139549,1563.2,0.0,0.02,0.044,0.006,0.985,3,15
139599,1582.4,0.0,0.11,0.044,0.009,0.970,3,15
139649,1561.7,0.0,0.11,0.044,0.009,0.970,3,15
139699,1539.0,0.0,0.04,0.045,0.009,0.989,3,15
139749,1560.9,0.0,0.05,0.044,0.008,0.983,3,15
139800,1541.8,0.0,0.00,0.044,0.010,0.984,3,15
139850,1567.1,0.0,0.00,0.044,0.010,0.984,3,15
139900,1562.1,0.0,0.09,0.051,0.008,0.996,3,15
139950,1539.1,0.0,0.09,0.051,0.008,0.996,3,15
140000,1558.6,0.0,0.08,0.048,0.005,0.999,3,15
140050,1563.3,0.0,0.08,0.053,0.007,1.003,3,15
140100,1544.9,0.0,0.05,0.044,0.006,0.991,3,15
140150,1570.4,0.0,0.05,0.044,0.006,0.991,3,15
140200,1571.5,0.0,0.05,0.050,0.007,0.999,3,15
140250,1551.3,0.0,0.05,0.050,0.007,0.999,3,15
140301,1571.4,0.0,0.11,0.047,0.006,0.995,3,16
140351,1551.1,0.0,0.06,0.047,0.005,0.987,3,16
140401,1542.7,0.0,0.08,0.045,0.010,0.972,3,16
140451,1589.4,0.0,0.08,0.045,0.010,0.972,3,16
140501,1541.6,0.0,0.08,0.050,0.008,0.980,3,16
140551,1564.2,0.0,0.08,0.050,0.008,0.980,3,16
140601,1579.3,0.0,0.08,0.041,0.007,0.979,3,16
140651,1557.0,0.0,0.00,0.044,0.009,0.969,3,16
140701,1567.3,0.0,0.04,0.043,0.013,0.975,3,16
140751,1580.9,0.0,0.04,0.043,0.013,0.975,3,16
140812,1558.0,0.0,0.06,0.049,0.007,0.993,3,16
140862,1558.3,0.0,0.07,0.044,0.008,0.982,3,16
140912,1579.1,0.0,0.07,0.044,0.008,0.982,3,16
140962,1559.9,0.0,0.07,0.044,0.008,0.982,3,16
141012,1560.6,0.0,0.07,0.051,0.006,0.991,3,16
141062,1578.9,0.0,0.07,0.051,0.006,0.991,3,16
141112,1558.6,0.0,0.10,0.045,0.006,0.993,3,16
141162,1544.4,0.0,0.01,0.046,0.010,0.989,3,16
141212,1583.2,0.0,0.09,0.044,0.007,0.984,3,16
141262,1569.3,0.0,0.15,0.046,0.005,0.986,3,16
141313,1545.6,0.0,0.04,0.038,0.005,0.984,3,16
141364,1576.7,0.0,0.04,0.038,0.005,0.984,3,16
141413,1559.8,0.0,0.03,0.040,0.006,0.980,3,16
141463,1566.5,0.0,0.19,0.037,0.010,0.982,3,16
141514,1570.6,0.0,0.07,0.042,0.008,0.987,3,16
141563,1554.4,0.0,0.07,0.042,0.008,0.987,3,16
141613,1561.7,0.0,0.10,0.068,0.009,0.982,3,16
141664,1564.7,0.0,0.10,0.068,0.009,0.982,3,16
141713,1547.9,0.0,0.29,0.062,0.011,0.994,3,16
141763,1564.3,0.0,0.30,0.054,0.011,0.988,3,16
141814,1570.0,0.0,0.22,0.048,0.013,0.985,3,16
141864,1554.4,0.0,0.20,0.050,0.016,1.004,3,16
141914,1553.2,0.0,0.17,0.042,0.013,0.997,3,16
141964,1543.6,0.0,0.17,0.042,0.013,0.997,3,16
142014,1544.5,0.0,0.02,0.036,0.007,1.007,3,16
142064,1558.4,0.0,0.08,0.040,0.010,0.982,3,16
142114,1537.3,0.0,0.01,0.047,0.008,0.984,3,16
142164,1529.1,0.0,0.17,0.041,0.008,0.987,3,16
142214,1543.2,0.0,0.18,0.045,0.009,0.979,3,16
142264,1520.7,0.0,0.18,0.045,0.009,0.979,3,16
142321,1548.0,0.0,0.16,0.043,0.009,0.990,3,16
142371,1570.4,0.0,0.08,0.039,0.009,0.985,3,16
142421,1551.0,0.0,0.11,0.047,0.011,0.972,3,16
142471,1555.3,0.0,0.05,0.037,0.007,0.977,3,16
142521,1575.1,0.0,0.10,0.043,0.006,0.984,3,16
142571,1554.3,0.0,0.10,0.043,0.006,0.984,3,16
142621,1574.2,0.0,0.10,0.043,0.006,0.984,3,16
142671,1570.2,0.0,0.09,0.046,0.011,0.975,3,16
142722,1548.2,0.0,0.04,0.043,0.008,0.982,3,16
142771,1576.7,0.0,0.06,0.040,0.009,0.989,3,16
142822,1579.3,0.0,0.04,0.040,0.011,0.979,3,16
142872,1559.1,0.0,0.06,0.043,0.010,0.987,3,16
142923,1575.6,0.0,0.06,0.043,0.010,0.987,3,16
142972,1572.1,0.0,0.09,0.052,0.013,0.989,3,16
143023,1549.3,0.0,0.01,0.049,0.012,0.986,3,16
143072,1555.8,0.0,0.08,0.046,0.008,1.009,3,16
143122,1528.5,0.0,0.09,0.041,0.010,0.982,3,16
143172,1541.0,0.0,0.05,0.045,0.011,0.999,3,16
143222,1544.5,0.0,0.05,0.045,0.011,0.999,3,16
143272,1516.8,0.0,0.05,0.045,0.011,0.999,3,16
143323,1525.7,0.0,0.11,0.041,0.009,0.988,3,16
143373,1549.3,0.0,0.15,0.041,0.005,0.985,3,16
143423,1522.6,0.0,0.09,0.044,0.004,0.988,3,16
143473,1569.9,0.0,0.04,0.048,0.011,0.970,3,16
143523,1575.6,0.0,0.04,0.048,0.011,0.970,3,16
143573,1558.8,0.0,0.05,0.047,0.007,0.986,3,16
143623,1575.8,0.0,0.06,0.041,0.007,0.983,3,16
143673,1587.5,0.0,0.06,0.041,0.007,0.983,3,16
143723,1572.0,0.0,0.06,0.041,0.007,0.983,3,16
143773,1600.0,0.0,0.03,0.043,0.011,0.975,3,16
143824,1596.1,0.0,0.03,0.043,0.011,0.975,3,16
143874,1573.4,0.0,0.06,0.037,0.009,0.982,3,16
143924,1593.8,0.0,0.07,0.047,0.008,0.985,3,16
143974,1604.0,0.0,0.09,0.043,0.011,0.981,3,16
144024,1587.6,0.0,0.06,0.047,0.009,0.989,3,16
144074,1613.8,0.0,0.02,0.040,0.004,0.986,3,16
144124,1618.1,0.0,0.02,0.040,0.004,0.986,3,16
144174,1598.8,0.0,0.04,0.044,0.009,0.986,3,16
144224,1617.5,0.0,0.04,0.043,0.012,0.979,3,16
144274,1626.1,0.0,0.04,0.043,0.012,0.979,3,16
144325,1609.6,0.0,0.08,0.046,0.005,0.991,3,16
144375,1626.2,0.0,0.03,0.045,0.007,0.989,3,16
144425,1624.7,0.0,0.03,0.045,0.007,0.989,3,16
144475,1604.9,0.0,0.01,0.045,0.008,0.982,3,16
144525,1627.3,0.0,0.08,0.045,0.010,0.990,3,16
144575,1633.8,0.0,0.11,0.044,0.010,0.988,3,16
144625,1608.4,0.0,0.06,0.046,0.008,0.990,3,16
144675,1613.8,0.0,0.02,0.048,0.009,0.987,3,16
144725,1633.3,0.0,0.02,0.048,0.009,0.987,3,16
144775,1613.6,0.0,0.09,0.045,0.007,0.988,3,16
144826,1615.6,0.0,0.03,0.041,0.008,0.985,3,16
144876,1648.0,0.0,0.03,0.039,0.009,0.989,3,16
144926,1632.0,0.0,0.03,0.041,0.009,0.990,3,16
144976,1623.2,0.0,0.05,0.039,0.009,0.986,3,16
145026,1662.3,0.0,0.05,0.039,0.009,0.986,3,16
145076,1633.8,0.0,0.02,0.042,0.010,0.985,3,16
145126,1619.8,0.0,0.03,0.044,0.008,0.985,3,16
145176,1642.4,0.0,0.07,0.044,0.008,0.987,3,16
145226,1626.2,0.0,0.04,0.046,0.010,0.988,3,16
145276,1597.4,0.0,0.04,0.044,0.009,0.987,3,16
145327,1621.1,0.0,0.04,0.044,0.009,0.987,3,16
145377,1618.2,0.0,0.04,0.044,0.009,0.987,3,16
145427,1596.9,0.0,0.08,0.044,0.009,0.985,3,16
145477,1616.5,0.0,0.08,0.044,0.009,0.985,3,16
145527,1610.1,0.0,0.05,0.044,0.010,0.985,3,16
145577,1587.8,0.0,0.05,0.047,0.008,0.993,3,16
145627,1613.1,0.0,0.05,0.047,0.008,0.993,3,16
145677,1613.4,0.0,0.12,0.043,0.007,0.992,3,16
145727,1593.5,0.0,0.12,0.043,0.007,0.992,3,16
145777,1616.6,0.0,0.12,0.043,0.007,0.992,3,16
145838,1600.4,0.0,0.04,0.045,0.007,0.990,3,16
145888,1572.8,0.0,0.07,0.049,0.010,0.990,3,16
145938,1592.8,0.0,0.07,0.049,0.010,0.990,3,16
145988,1618.6,0.0,0.07,0.049,0.010,0.990,3,16
146038,1601.2,0.0,0.04,0.045,0.010,0.989,3,16
146089,1579.8,0.0,0.04,0.045,0.010,0.989,3,16
146138,1646.2,0.0,0.06,0.050,0.007,0.989,3,16
146188,1582.2,0.0,0.14,0.050,0.010,0.989,3,16
146238,1611.7,0.0,0.14,0.050,0.010,0.989,3,16
146288,1638.3,0.0,0.14,0.050,0.010,0.989,3,16
146339,1621.1,0.0,0.05,0.050,0.010,0.989,3,16
146389,1616.9,0.0,0.05,0.050,0.010,0.989,3,16
146439,1644.0,0.0,0.12,0.049,0.011,0.991,3,16
146489,1627.1,0.0,0.07,0.049,0.009,0.993,3,16
146540,1614.2,0.0,0.06,0.049,0.009,0.993,3,16
146589,1640.5,0.0,0.04,0.047,0.008,1.000,3,16
146639,1647.1,0.0,0.00,0.046,0.005,1.012,3,16
146694,1627.4,0.0,0.00,0.046,0.005,1.012,3,16
146743,1654.7,0.0,0.03,0.044,0.004,1.038,3,16
146793,1657.0,0.0,0.05,0.050,-0.001,1.057,3,16
146845,1638.0,0.0,0.08,0.050,-0.001,1.057,3,16
146894,1634.7,0.0,0.10,0.074,-0.009,1.078,3,16
146944,1646.9,0.0,0.18,0.091,-0.003,1.066,3,16
146994,1625.0,2182.5,0.18,0.091,-0.003,1.066,3,16
147044,1630.4,2182.5,0.22,0.115,0.078,1.005,3,16
147094,1638.8,77.4,0.37,0.193,-0.008,1.026,3,15
147145,1613.6,77.4,0.42,0.193,-0.008,1.026,3,15
147194,1619.0,77.4,0.40,0.190,-0.029,1.049,3,15
147244,1642.1,77.4,0.41,0.190,-0.029,1.049,3,14
147294,1624.0,77.4,0.41,0.190,-0.029,1.049,3,14
147347,1601.6,77.4,0.44,0.102,-0.034,0.707,3,14
147397,1626.1,77.4,0.41,0.143,-0.016,0.839,3,15
147448,1632.5,77.4,0.05,0.154,-0.016,0.843,3,15
147497,1614.2,77.4,0.05,0.154,-0.016,0.843,3,15
147547,1636.8,77.4,0.39,0.152,0.002,0.971,3,16
147598,1619.3,77.4,0.29,0.179,0.020,1.039,3,16
147647,1645.6,77.4,0.29,0.179,0.020,1.039,3,16
147697,1645.5,77.4,0.35,0.187,0.024,1.062,3,16
147747,1650.8,77.4,0.16,0.170,0.015,1.068,3,16
147797,1631.8,77.4,0.15,0.148,-0.001,1.022,3,16
147848,1654.0,77.4,0.21,0.141,-0.015,0.968,3,16
147898,1655.6,77.4,0.22,0.148,-0.024,0.955,3,16
147948,1636.3,77.4,0.22,0.148,-0.024,0.955,3,16
147998,1647.4,77.4,0.07,0.150,0.003,0.978,3,16
148048,1669.4,77.4,0.07,0.149,0.004,0.983,3,16
148098,1654.3,0.0,0.05,0.156,0.008,0.982,3,16
148148,1640.2,0.0,0.07,0.161,0.001,0.972,3,16
148198,1659.2,0.0,0.12,0.161,0.000,0.971,3,16
148248,1641.0,0.0,0.12,0.161,0.000,0.971,3,16
148298,1618.0,0.0,0.12,0.159,-0.002,0.976,3,16
148349,1646.8,0.0,0.19,0.162,-0.002,0.977,3,16
148399,1652.6,0.0,0.14,0.162,0.000,0.980,3,16
148449,1634.0,0.0,0.02,0.162,0.003,0.971,3,16
148499,1659.1,0.0,0.15,0.167,0.006,0.974,3,16
148549,1663.1,0.0,0.15,0.167,0.006,0.974,3,16
148599,1644.4,0.0,0.21,0.158,-0.002,0.970,3,16
148649,1663.9,0.0,0.22,0.149,-0.007,0.978,3,16
148699,1635.8,0.0,0.16,0.143,-0.011,0.978,3,16
148749,1602.2,0.0,0.10,0.144,-0.013,0.974,3,16
148799,1625.7,0.0,0.10,0.144,-0.005,0.976,3,16
148850,1620.9,0.0,0.10,0.144,-0.005,0.976,3,16
148900,1599.1,0.0,0.06,0.154,0.001,0.975,3,16
148950,1613.6,0.0,0.05,0.156,0.003,0.975,3,16
149000,1627.1,0.0,0.17,0.159,0.008,0.978,3,16
149050,1605.1,0.0,0.07,0.161,0.006,0.972,3,16
149100,1606.7,0.0,0.05,0.163,0.004,0.979,3,16
149150,1625.4,0.0,0.05,0.163,0.004,0.979,3,16
149200,1605.1,0.0,0.09,0.161,0.004,0.969,3,16
149250,1586.1,0.0,0.09,0.159,0.004,0.976,3,16
149300,1609.2,0.0,0.02,0.159,0.003,0.971,3,16
149351,1590.5,0.0,0.10,0.153,-0.002,0.987,3,16
149401,1608.1,0.0,0.09,0.140,-0.018,0.991,3,16
149451,1628.6,0.0,0.09,0.140,-0.018,0.991,3,16
149501,1608.4,0.0,0.03,0.137,-0.014,0.987,3,16
149551,1622.4,0.0,0.06,0.135,-0.010,0.968,3,16
149601,1649.8,0.0,0.03,0.140,0.004,0.972,3,16
149651,1633.3,0.0,0.06,0.146,0.012,0.971,3,16
149701,1613.1,0.0,0.05,0.154,0.017,0.976,3,16
149751,1662.0,0.0,0.05,0.154,0.017,0.976,3,16
149801,1654.7,0.0,0.04,0.162,0.023,0.969,3,16
149852,1624.9,0.0,0.05,0.176,0.010,0.976,3,16
149902,1666.4,0.0,0.05,0.176,0.010,0.976,3,16
149952,1658.0,0.0,0.11,0.170,0.007,0.978,3,16
150002,1639.1,0.0,0.07,0.162,-0.001,0.975,3,16
150052,1664.2,0.0,0.07,0.162,-0.001,0.975,3,16
150102,1672.8,0.0,0.03,0.145,-0.005,0.978,3,16
150152,1655.9,0.0,0.06,0.143,-0.003,0.982,3,16
150202,1635.8,0.0,0.14,0.144,0.000,0.985,3,16
150252,1679.6,0.0,0.03,0.137,0.005,0.987,3,16
150302,1658.0,0.0,0.06,0.137,0.002,0.982,3,16
150361,1650.8,0.0,0.06,0.137,0.002,0.982,3,16
150410,1661.6,0.0,0.03,0.140,0.000,0.973,3,16
150460,1670.3,0.0,0.09,0.144,0.005,0.978,3,16
150511,1655.0,0.0,0.09,0.144,0.005,0.978,3,16
150560,1641.5,0.0,0.04,0.154,0.015,0.985,3,16
150610,1654.4,0.0,0.06,0.167,0.000,0.975,3,16
150661,1633.5,0.0,0.06,0.167,0.000,0.975,3,16
150710,1627.7,0.0,0.08,0.162,0.014,0.955,3,16
150760,1652.0,0.0,0.03,0.159,0.023,0.970,3,16
150811,1634.4,0.0,0.03,0.159,0.023,0.970,3,16
150863,1643.5,0.0,0.12,0.153,0.003,0.982,3,16
150913,1657.5,0.0,0.03,0.149,-0.005,0.980,3,16
150963,1656.4,0.0,0.03,0.149,-0.005,0.980,3,16
151013,1636.2,0.0,0.00,0.140,-0.009,0.979,3,16
151063,1656.6,0.0,0.07,0.139,-0.008,0.985,3,16
151113,1662.6,0.0,0.07,0.139,-0.008,0.985,3,16
151163,1645.5,0.0,0.06,0.146,-0.008,0.987,3,16
151213,1647.9,0.0,0.06,0.150,0.000,0.977,3,16
151263,1657.7,0.0,0.06,0.150,0.000,0.977,3,16
151313,1643.4,0.0,0.11,0.155,0.008,0.988,3,16
151364,1650.1,0.0,0.02,0.155,0.008,0.970,3,16
151416,1667.7,0.0,0.02,0.155,0.008,0.970,3,16
151465,1647.9,0.0,0.04,0.157,0.009,0.973,3,16
151515,1656.6,0.0,0.05,0.166,0.020,0.962,3,16
151565,1666.3,0.0,0.05,0.166,0.020,0.962,3,16
151615,1666.9,0.0,0.07,0.164,0.013,0.971,3,16
151665,1649.3,0.0,0.10,0.146,0.000,0.983,3,16
151715,1675.1,77.4,0.10,0.146,0.000,0.983,3,16
151765,1657.6,205.4,0.03,0.140,-0.007,0.978,3,16
151815,1629.4,205.4,0.10,0.139,0.000,0.982,3,16
151867,1661.0,205.4,0.10,0.139,0.000,0.982,3,16
151917,1681.8,205.4,0.01,0.144,-0.008,0.994,3,16
151967,1654.8,205.4,0.06,0.137,-0.015,0.991,3,16
152017,1662.2,205.4,0.06,0.137,-0.015,0.991,3,16
152067,1685.7,205.4,0.11,0.132,-0.005,0.983,3,16
152117,1666.9,205.4,0.11,0.152,0.021,0.952,3,16
152168,1663.7,205.4,0.11,0.152,0.021,0.952,3,16
152217,1690.0,205.4,0.05,0.157,0.020,0.968,3,16
152267,1697.2,205.4,0.09,0.157,0.003,0.981,3,16
152318,1679.4,205.4,0.03,0.159,0.005,0.960,3,16
152372,1685.7,205.4,0.03,0.159,0.005,0.960,3,16
152422,1710.6,205.4,0.05,0.154,0.000,0.984,3,16
152472,1693.2,205.4,0.05,0.154,0.000,0.984,3,16
152522,1690.9,205.4,0.07,0.154,-0.008,0.986,3,16
152572,1716.7,205.4,0.01,0.144,0.004,0.967,3,16
152622,1717.2,205.4,0.05,0.142,0.005,0.978,3,16
152672,1698.0,205.4,0.07,0.147,0.007,0.986,3,16
152722,1694.5,205.4,0.04,0.152,0.006,0.978,3,16
152772,1704.8,0.0,0.04,0.152,0.006,0.978,3,16
152822,1684.8,0.0,0.05,0.146,0.003,0.975,3,16
152874,1690.9,0.0,0.10,0.148,0.007,0.977,3,16
152924,1708.1,0.0,0.06,0.149,0.010,0.975,3,16
152974,1709.8,0.0,0.06,0.156,0.009,0.965,3,16
153024,1691.3,0.0,0.03,0.161,0.002,1.005,3,16
153074,1682.5,0.0,0.03,0.161,0.002,1.005,3,16
153124,1706.7,0.0,0.04,0.149,0.001,0.964,3,16
153174,1689.2,0.0,0.08,0.143,-0.003,0.969,3,16
153224,1688.3,0.0,0.09,0.146,0.001,0.971,3,16
153274,1709.3,0.0,0.09,0.153,0.001,0.970,3,16
153324,1719.1,0.0,0.05,0.141,0.006,0.987,3,16
153375,1701.8,0.0,0.05,0.141,0.006,0.987,3,16
153425,1721.4,0.0,0.10,0.143,0.000,0.982,3,16
153475,1709.5,0.0,0.09,0.140,0.012,0.972,3,16
153525,1684.7,0.0,0.09,0.148,0.016,0.971,3,16
153575,1674.5,0.0,0.09,0.148,0.016,0.971,3,16
153625,1692.3,0.0,0.07,0.145,0.002,0.998,3,16
153675,1704.8,0.0,0.07,0.145,0.002,0.998,3,16
153725,1689.9,0.0,0.13,0.140,-0.007,0.978,3,16
153775,1709.1,0.0,0.02,0.141,-0.005,0.981,3,16
153825,1702.9,0.0,0.14,0.147,0.005,0.967,3,16
153876,1682.1,0.0,0.14,0.147,0.005,0.967,3,16
153926,1688.2,0.0,0.10,0.143,0.004,0.993,3,16
153976,1700.6,0.0,0.10,0.143,0.004,0.993,3,16
154026,1678.6,0.0,0.04,0.151,0.001,0.993,3,16
154076,1684.2,0.0,0.09,0.146,0.005,0.979,3,16
154126,1700.7,0.0,0.04,0.148,0.004,0.976,3,16
154176,1687.9,0.0,0.04,0.148,0.004,0.976,3,16
154226,1663.4,0.0,0.05,0.151,-0.002,0.990,3,16
154276,1687.7,0.0,0.05,0.151,-0.002,0.990,3,16
154326,1681.1,0.0,0.06,0.147,-0.002,0.979,3,16
154377,1659.0,0.0,0.06,0.143,0.005,0.972,3,16
154427,1665.0,0.0,0.08,0.144,0.003,0.962,3,16
154477,1681.4,0.0,0.08,0.144,0.003,0.962,3,16
154527,1660.1,0.0,0.17,0.145,0.007,0.984,3,16
154577,1660.9,0.0,0.17,0.145,0.007,0.984,3,16
154627,1687.6,0.0,0.11,0.144,0.008,0.987,3,16
154677,1699.6,0.0,0.08,0.144,0.001,0.971,3,16
154727,1674.9,0.0,0.14,0.142,0.005,0.972,3,16
154777,1670.1,0.0,0.14,0.142,0.005,0.972,3,16
154827,1676.7,0.0,0.14,0.142,0.005,0.972,3,16
154878,1646.5,0.0,0.14,0.142,0.005,0.972,3,16
154937,1635.1,0.0,0.37,0.151,0.002,0.977,3,16
154986,1666.7,0.0,0.11,0.145,0.001,0.982,3,16
155036,1667.7,0.0,0.02,0.144,0.002,0.972,3,16
155086,1646.8,0.0,0.02,0.144,0.002,0.972,3,16
155136,1667.3,0.0,0.12,0.149,0.001,0.974,3,16
155186,1663.4,0.0,0.03,0.149,0.000,0.974,3,16
155236,1642.3,0.0,0.03,0.149,0.000,0.974,3,16
155286,1668.7,0.0,0.05,0.145,0.004,0.990,3,16
155336,1655.6,0.0,0.12,0.146,0.001,0.984,3,16
155389,1629.4,0.0,0.12,0.146,0.001,0.984,3,16
155438,1642.8,0.0,0.04,0.143,0.002,0.978,3,16
155488,1663.8,0.0,0.06,0.147,0.000,0.973,3,16
155538,1644.4,0.0,0.06,0.147,0.000,0.973,3,16
155588,1619.4,0.0,0.06,0.150,0.002,0.975,3,16
155638,1645.8,0.0,0.04,0.146,0.001,0.981,3,16
155688,1628.1,0.0,0.04,0.146,0.001,0.981,3,16
155738,1634.5,0.0,0.03,0.145,0.002,0.977,3,16
155788,1654.9,0.0,0.06,0.145,0.002,0.979,3,16
155838,1659.8,0.0,0.06,0.145,0.002,0.979,3,16
155891,1644.3,0.0,0.05,0.146,0.003,0.977,3,16
155941,1654.8,0.0,0.03,0.144,0.002,0.977,3,16
155993,1662.1,0.0,0.03,0.144,0.002,0.977,3,16
156043,1646.0,0.0,0.04,0.144,0.003,0.975,3,16
156093,1623.4,0.0,0.01,0.149,0.000,0.985,3,16
156144,1651.8,0.0,0.03,0.147,0.002,0.983,3,16
156193,1635.2,0.0,0.02,0.150,0.000,0.985,3,16
156243,1628.4,0.0,0.11,0.144,0.003,0.975,3,16
156293,1646.0,0.0,0.11,0.144,0.003,0.975,3,16
156343,1629.3,0.0,0.13,0.145,0.003,0.978,3,16
156394,1629.4,0.0,0.03,0.146,0.003,0.978,3,16
156445,1646.5,0.0,0.06,0.145,0.003,0.979,3,16
156494,1661.7,0.0,0.08,0.144,0.003,0.981,3,16
156544,1646.8,0.0,0.04,0.144,0.001,0.977,3,16
156595,1663.4,0.0,0.04,0.144,0.001,0.977,3,16
156644,1673.9,0.0,0.05,0.145,0.002,0.979,3,16
156694,1657.7,0.0,0.02,0.146,0.000,0.973,3,16
156745,1670.9,0.0,0.05,0.146,0.005,0.978,3,16
156795,1666.9,0.0,0.06,0.146,0.005,0.974,3,16
156845,1643.3,0.0,0.13,0.149,0.004,0.972,3,16
156896,1657.7,0.0,0.13,0.149,0.004,0.972,3,16
156946,1670.7,0.0,0.04,0.146,0.000,0.987,3,16
156996,1647.9,0.0,0.09,0.147,-0.001,0.989,3,16
157047,1651.2,0.0,0.21,0.144,0.000,0.987,3,16
157097,1680.1,0.0,0.17,0.144,0.004,0.977,3,16
157147,1689.0,0.0,0.14,0.143,0.002,0.979,3,16
157197,1671.4,0.0,0.14,0.143,0.002,0.979,3,16
157247,1694.1,0.0,0.07,0.140,0.004,0.984,3,16
157297,1695.8,0.0,0.10,0.142,0.004,0.988,3,16
157347,1676.5,0.0,0.10,0.148,0.000,0.993,3,16
157398,1676.6,0.0,0.05,0.141,0.000,0.980,3,16
157448,1690.1,0.0,0.05,0.143,-0.001,0.984,3,16
157498,1667.9,0.0,0.05,0.143,-0.001,0.984,3,16
157548,1666.7,0.0,0.02,0.143,0.000,0.975,3,16
157598,1677.9,0.0,0.02,0.143,0.000,0.975,3,16
157648,1677.2,0.0,0.10,0.148,-0.001,0.969,3,16
157698,1658.9,0.0,0.10,0.148,-0.001,0.969,3,16
157748,1677.4,0.0,0.03,0.155,0.000,0.990,3,16
157798,1685.3,0.0,0.03,0.155,0.000,0.990,3,16
157848,1668.9,0.0,0.10,0.150,0.006,0.970,3,16
157899,1656.5,0.0,0.05,0.138,0.007,0.969,3,16
157951,1673.5,0.0,0.06,0.138,-0.003,1.000,3,16
158000,1652.9,0.0,0.07,0.143,-0.008,1.004,3,16
158050,1652.2,0.0,0.09,0.132,0.000,0.977,3,16
158100,1666.1,0.0,0.04,0.137,-0.001,0.960,3,16
158150,1666.0,0.0,0.04,0.137,-0.001,0.960,3,16
158200,1647.1,0.0,0.05,0.145,0.000,0.963,3,16
158250,1671.0,205.4,0.09,0.142,0.001,0.977,3,16
158300,1652.4,205.4,0.10,0.147,0.002,0.971,3,16
158350,1623.4,205.4,0.11,0.142,0.002,0.985,3,16
158401,1650.9,205.4,0.09,0.144,0.001,0.978,3,16
158451,1646.5,205.4,0.09,0.144,0.001,0.978,3,16
158501,1624.2,205.4,0.05,0.147,0.001,0.978,3,16
158551,1629.2,205.4,0.05,0.143,0.000,0.968,3,16
158601,1634.0,205.4,0.01,0.144,0.001,0.976,3,16
158651,1607.5,205.4,0.04,0.145,0.000,0.979,3,16
158701,1613.8,205.4,0.07,0.145,0.001,0.982,3,16
158751,1631.1,205.4,0.07,0.145,0.001,0.982,3,16
158801,1604.1,205.4,0.03,0.141,0.002,0.977,3,16
158851,1630.7,205.4,0.01,0.143,0.001,0.978,3,16
158902,1643.1,205.4,0.07,0.143,0.001,0.980,3,16
158952,1620.1,205.4,0.05,0.143,0.001,0.979,3,16
159002,1620.4,205.4,0.08,0.142,0.002,0.980,3,16
159052,1635.7,205.4,0.08,0.142,0.002,0.980,3,16
159102,1614.8,205.4,0.11,0.143,0.000,0.976,3,16
159152,1609.6,205.4,0.04,0.143,0.000,0.978,3,16
159202,1625.3,205.4,0.06,0.144,0.000,0.978,3,16
159252,1633.1,0.0,0.00,0.146,0.002,0.980,3,16
159302,1608.8,0.0,0.04,0.147,0.002,0.980,3,16
159352,1641.0,0.0,0.04,0.147,0.002,0.980,3,16
159403,1637.2,0.0,0.09,0.152,0.002,0.979,3,16
159453,1616.9,0.0,0.04,0.147,0.000,0.977,3,16
159503,1629.8,0.0,0.05,0.141,0.002,0.980,3,16
159553,1637.2,0.0,0.08,0.138,-0.006,0.984,3,16
159603,1621.0,0.0,0.07,0.136,-0.001,0.985,3,16
159653,1635.8,0.0,0.07,0.136,-0.001,0.985,3,16
159703,1634.4,0.0,0.02,0.135,0.003,0.975,3,16
159753,1614.5,0.0,0.04,0.139,0.001,0.978,3,16
159803,1640.1,0.0,0.06,0.142,0.000,0.979,3,16
159853,1632.8,0.0,0.04,0.143,0.002,0.976,3,16
159904,1609.2,0.0,0.09,0.144,0.005,0.977,3,16
159960,1590.5,0.0,0.09,0.144,0.005,0.977,3,16
160009,1620.8,0.0,0.04,0.144,0.002,0.977,3,16
160059,1604.4,0.0,0.08,0.142,0.000,0.978,3,16
160110,1601.3,0.0,0.07,0.144,-0.004,0.981,3,16
160159,1628.8,0.0,0.06,0.142,0.000,0.976,3,16
160209,1611.6,0.0,0.05,0.141,0.002,0.973,3,16
160260,1620.6,0.0,0.05,0.141,0.002,0.973,3,16
160309,1636.5,0.0,0.09,0.144,0.000,0.981,3,16
160359,1614.7,0.0,0.09,0.144,0.000,0.981,3,16
160415,1612.4,0.0,0.09,0.144,0.000,0.981,3,16
160464,1629.8,0.0,0.02,0.143,0.002,0.977,3,16
160514,1628.5,0.0,0.02,0.148,0.006,0.979,3,16
160564,1608.9,0.0,0.04,0.150,0.003,0.977,3,16
160614,1625.4,0.0,0.07,0.147,0.001,0.981,3,16
160664,1627.5,0.0,0.07,0.136,-0.006,0.974,3,16
160714,1609.0,0.0,0.07,0.136,-0.006,0.974,3,16
160764,1634.5,0.0,0.04,0.135,-0.005,0.976,3,16
160814,1625.4,0.0,0.05,0.138,0.001,0.977,3,16
160864,1601.0,0.0,0.07,0.140,0.005,0.981,3,16
160922,1612.5,0.0,0.09,0.142,0.006,0.981,3,16
160972,1619.6,0.0,0.06,0.142,0.002,0.982,3,16
161023,1594.4,0.0,0.09,0.137,0.001,0.973,3,16
161072,1606.6,0.0,0.09,0.137,0.001,0.973,3,16
161122,1632.4,0.0,0.11,0.142,0.001,0.976,3,16
161172,1615.2,0.0,0.07,0.147,-0.002,0.981,3,16
161222,1605.1,0.0,0.08,0.144,0.000,0.973,3,16
161272,1616.1,0.0,0.14,0.144,0.001,0.982,3,16
161323,1593.5,0.0,0.12,0.142,0.001,0.976,3,16
161372,1589.8,0.0,0.12,0.142,0.001,0.976,3,16
161423,1599.7,0.0,0.06,0.144,0.000,0.980,3,16
161473,1576.1,0.0,0.04,0.137,0.001,0.979,3,16
161523,1591.4,0.0,0.05,0.138,0.001,0.979,3,16
161573,1606.4,0.0,0.03,0.141,-0.001,0.964,3,16
161623,1585.0,0.0,0.07,0.140,0.000,0.960,3,16
161673,1598.3,0.0,0.07,0.140,0.000,0.960,3,16
161723,1627.6,0.0,0.06,0.146,0.000,0.961,3,16
161773,1611.3,0.0,0.06,0.142,-0.003,0.965,3,16
161823,1615.2,0.0,0.07,0.137,-0.003,0.958,3,16
161873,1638.8,0.0,0.11,0.127,0.003,0.950,3,16
161924,1637.9,0.0,0.07,0.123,0.005,0.940,3,16
161975,1618.0,0.0,0.07,0.123,0.005,0.940,3,16
162024,1640.6,0.0,0.08,0.150,-0.012,1.005,3,16
162074,1626.5,0.0,0.13,0.146,0.014,1.022,3,16
162125,1634.5,0.0,0.19,0.138,0.038,1.040,3,16
162174,1648.5,0.0,0.10,0.090,0.072,0.980,3,16
162224,1634.0,0.0,0.19,0.087,0.033,0.973,3,16
162275,1609.1,0.0,0.19,0.087,0.033,0.973,3,16
162324,1640.6,0.0,0.23,0.092,0.009,0.972,3,16
162374,1636.4,0.0,0.20,0.100,0.001,0.999,3,16
162425,1613.5,0.0,0.09,0.099,0.000,0.998,3,15
162475,1627.6,0.0,0.02,0.087,0.002,1.001,3,15
162525,1637.7,0.0,0.09,0.082,0.016,0.996,3,15
162575,1613.9,0.0,0.09,0.082,0.016,0.996,3,15
162625,1634.9,0.0,0.03,0.085,0.019,0.988,3,16
162675,1646.1,0.0,0.03,0.085,0.019,0.988,3,16
162725,1632.0,0.0,0.05,0.087,0.015,0.982,3,15
162775,1617.6,0.0,0.06,0.086,0.009,0.987,3,16
162825,1625.8,0.0,0.15,0.088,0.013,0.982,3,16
162875,1601.9,0.0,0.15,0.088,0.013,0.982,3,16
162926,1605.7,0.0,0.09,0.091,0.013,0.988,3,16
162976,1623.4,0.0,0.09,0.091,0.013,0.988,3,16
163026,1603.2,0.0,0.16,0.093,0.013,0.982,3,16
163076,1615.6,0.0,0.05,0.094,0.013,0.984,3,16
163126,1632.8,0.0,0.00,0.091,0.013,0.985,3,16
163176,1612.8,0.0,0.00,0.091,0.013,0.985,3,16
163226,1624.6,0.0,0.06,0.092,0.012,0.983,3,16
163276,1638.2,0.0,0.06,0.092,0.012,0.983,3,16
163326,1634.8,0.0,0.04,0.092,0.013,0.976,3,16
163376,1622.0,0.0,0.04,0.091,0.014,0.978,3,16
163427,1645.0,0.0,0.09,0.090,0.013,0.976,3,16
163477,1632.1,0.0,0.09,0.090,0.013,0.976,3,16
163527,1606.6,0.0,0.02,0.087,0.011,0.972,3,16
163577,1630.5,0.0,0.02,0.087,0.011,0.972,3,16
163627,1641.2,0.0,0.07,0.083,0.013,0.972,3,16
163677,1624.9,0.0,0.09,0.081,0.011,0.968,3,16
163727,1640.1,0.0,0.11,0.075,0.012,0.963,3,16
163777,1640.8,0.0,0.11,0.075,0.012,0.963,3,16
163827,1621.9,0.0,0.13,0.073,0.013,0.973,3,16
163877,1626.9,205.4,0.13,0.073,0.013,0.973,3,16
163928,1628.3,205.4,0.21,0.066,0.015,0.972,3,16
163978,1611.5,205.4,0.13,0.070,0.014,1.003,3,16
164028,1618.2,205.4,0.16,0.076,0.005,1.071,3,16
164078,1644.5,205.4,0.16,0.076,0.005,1.071,3,16
164128,1627.4,205.4,0.15,0.072,-0.006,1.084,3,16
164178,1629.8,205.4,0.15,0.072,-0.006,1.084,3,16
164228,1656.6,205.4,0.12,0.054,-0.011,1.030,3,16
164278,1639.3,205.4,0.06,0.038,0.013,0.943,3,16
164328,1648.5,205.4,0.09,0.046,0.022,0.955,3,16
164378,1653.8,205.4,0.09,0.046,0.022,0.955,3,16
164439,1661.6,205.4,0.10,0.056,0.009,0.993,3,16
164489,1630.8,205.4,0.07,0.057,0.004,0.989,3,16
164539,1632.6,205.4,0.07,0.057,0.004,0.989,3,16
164589,1642.6,205.4,0.04,0.059,0.005,0.987,3,16
164639,1618.5,205.4,0.16,0.061,0.007,0.988,3,16
164690,1622.0,205.4,0.16,0.061,0.007,0.988,3,16
164739,1634.1,205.4,0.09,0.059,0.010,0.985,3,16
164789,1611.6,205.4,0.10,0.060,0.006,0.988,3,16
164839,1618.3,0.0,0.10,0.060,0.006,0.988,3,16
164889,1637.5,0.0,0.10,0.061,0.004,0.985,3,16
164940,1616.3,0.0,0.04,0.061,0.007,0.985,3,16
164991,1626.9,0.0,0.04,0.061,0.007,0.985,3,16
165040,1630.9,0.0,0.08,0.061,0.008,0.987,3,16
165090,1632.7,0.0,0.07,0.061,0.006,0.988,3,16
165141,1615.9,0.0,0.10,0.061,0.005,0.987,3,16
165190,1635.2,0.0,0.06,0.062,0.005,0.986,3,16
165240,1637.3,0.0,0.10,0.061,0.008,0.988,3,16
165290,1612.9,0.0,0.10,0.061,0.008,0.988,3,16
165340,1646.7,0.0,0.15,0.061,0.008,0.988,3,16
165390,1626.8,0.0,0.01,0.060,0.007,0.987,3,16
165442,1600.1,0.0,0.19,0.059,0.005,0.984,3,16
165492,1605.1,0.0,0.19,0.059,0.005,0.984,3,16
165542,1608.8,0.0,0.04,0.061,0.006,0.982,3,16
165594,1592.8,0.0,0.04,0.061,0.006,0.982,3,16
165644,1614.1,0.0,0.12,0.063,0.008,0.985,3,16
165694,1609.7,0.0,0.10,0.061,0.006,0.987,3,16
165745,1588.3,0.0,0.07,0.059,0.006,0.989,3,16
165794,1609.2,0.0,0.04,0.061,0.006,0.988,3,16
165844,1619.0,0.0,0.07,0.059,0.008,0.987,3,16
165894,1602.6,0.0,0.07,0.059,0.008,0.987,3,16
165945,1617.3,0.0,0.07,0.059,0.008,0.987,3,16
165995,1622.4,0.0,0.04,0.057,0.006,0.985,3,16
166047,1605.3,0.0,0.01,0.059,0.004,0.989,3,16
166096,1607.3,0.0,0.07,0.059,0.007,0.984,3,16
166146,1627.5,0.0,0.07,0.061,0.008,0.994,3,16
166196,1608.5,0.0,0.07,0.061,0.008,0.994,3,16
166246,1613.1,0.0,0.02,0.063,0.007,0.986,3,16
166297,1619.0,0.0,0.07,0.062,0.005,0.986,3,16
166346,1593.7,0.0,0.08,0.060,0.005,0.988,3,16
166396,1606.3,0.0,0.03,0.061,0.007,0.990,3,16
166447,1627.4,0.0,0.04,0.058,0.009,0.984,3,16
166497,1608.5,0.0,0.04,0.058,0.009,0.984,3,16
166547,1590.8,0.0,0.04,0.061,0.007,0.987,3,16
166597,1616.3,0.0,0.08,0.058,0.005,0.983,3,16
166648,1598.8,0.0,0.08,0.061,0.005,0.979,3,16
166698,1599.0,0.0,0.04,0.057,0.004,0.982,3,16
166748,1615.3,0.0,0.12,0.059,0.007,0.986,3,16
166798,1594.2,0.0,0.12,0.059,0.007,0.986,3,16
166848,1589.7,0.0,0.11,0.066,0.007,0.989,3,16
166898,1608.3,0.0,0.06,0.061,0.007,0.996,3,16
166949,1589.0,0.0,0.13,0.061,0.008,0.995,3,16
166999,1598.3,0.0,0.13,0.061,0.008,0.995,3,16
167049,1604.7,0.0,0.03,0.056,0.007,0.984,3,16
167099,1579.1,0.0,0.03,0.056,0.007,0.984,3,16
167149,1585.7,0.0,0.09,0.059,0.006,0.978,3,16
167199,1612.3,0.0,0.05,0.056,0.006,0.978,3,16
167249,1595.4,0.0,0.03,0.061,0.006,0.986,3,16
167299,1590.4,0.0,0.08,0.059,0.007,0.986,3,16
167349,1611.9,0.0,0.04,0.060,0.007,0.987,3,16
167399,1593.3,0.0,0.04,0.060,0.007,0.987,3,16
167450,1581.1,0.0,0.04,0.066,0.008,0.984,3,16
167500,1604.8,0.0,0.04,0.061,0.008,0.995,3,16
167550,1586.9,0.0,0.05,0.060,0.007,0.997,3,16
167600,1586.3,0.0,0.05,0.060,0.007,0.990,3,16
167650,1607.9,0.0,0.13,0.057,0.008,0.988,3,16
167700,1589.3,0.0,0.02,0.060,0.004,0.987,3,16
167750,1591.8,0.0,0.02,0.060,0.004,0.987,3,16
167800,1620.8,0.0,0.03,0.059,0.009,0.985,3,16
167850,1605.1,0.0,0.04,0.060,0.005,0.990,3,16
167900,1599.8,0.0,0.04,0.060,0.010,0.985,3,16
167951,1625.4,0.0,0.04,0.064,0.006,0.985,3,16
168001,1633.5,0.0,0.01,0.062,0.005,0.988,3,16
168051,1616.5,0.0,0.01,0.062,0.005,0.988,3,16
168101,1615.6,0.0,0.17,0.058,0.007,0.983,3,16
168151,1617.7,0.0,0.11,0.061,0.008,0.989,3,16
168201,1602.5,0.0,0.06,0.059,0.009,0.990,3,16
168251,1623.9,0.0,0.03,0.059,0.008,0.988,3,16
168301,1630.3,0.0,0.05,0.059,0.004,0.983,3,16
168351,1613.3,0.0,0.05,0.059,0.004,0.983,3,16
168401,1625.7,0.0,0.06,0.057,0.006,0.984,3,16
168452,1631.5,0.0,0.08,0.061,0.007,0.989,3,16
168502,1615.8,0.0,0.08,0.061,0.007,0.989,3,16
168552,1639.5,0.0,0.08,0.064,0.006,0.985,3,16
168602,1643.2,0.0,0.15,0.062,0.007,0.984,3,16
168652,1624.3,0.0,0.15,0.062,0.007,0.984,3,16
168702,1653.8,0.0,0.15,0.062,0.007,0.984,3,16
168752,1644.8,0.0,0.06,0.061,0.007,0.989,3,16
168802,1620.0,0.0,0.06,0.061,0.007,0.989,3,16
168852,1640.2,0.0,0.07,0.061,0.005,0.985,3,16
168902,1639.5,0.0,0.07,0.060,0.006,0.986,3,16
168953,1650.0,0.0,0.07,0.060,0.006,0.986,3,16
169003,1635.1,0.0,0.02,0.059,0.006,0.986,3,16
169053,1643.3,0.0,0.00,0.059,0.005,0.983,3,16
169103,1622.6,0.0,0.04,0.058,0.006,0.986,3,16
169153,1614.6,0.0,0.11,0.062,0.006,0.985,3,16
169203,1614.4,0.0,0.05,0.061,0.007,0.988,3,16
169253,1588.0,0.0,0.05,0.061,0.007,0.988,3,16
169303,1596.6,0.0,0.10,0.063,0.007,0.987,3,16
169353,1609.6,0.0,0.08,0.060,0.008,0.987,3,16
169403,1587.5,0.0,0.07,0.061,0.005,0.985,3,16
169454,1573.2,0.0,0.03,0.065,0.008,0.992,3,16
169504,1599.5,0.0,0.03,0.067,0.007,0.989,3,16
169554,1582.4,0.0,0.03,0.067,0.007,0.989,3,16
169604,1568.5,0.0,0.09,0.060,0.008,0.995,3,16
169654,1590.7,0.0,0.09,0.060,0.005,0.996,3,16
169704,1571.7,0.0,0.09,0.055,0.005,0.988,3,16
169754,1578.7,0.0,0.03,0.058,0.011,0.986,3,16
169804,1598.3,0.0,0.08,0.060,0.004,0.983,3,16
169854,1579.1,0.0,0.08,0.060,0.004,0.983,3,16
169904,1572.2,0.0,0.05,0.063,0.010,0.977,3,16
169955,1596.0,0.0,0.04,0.063,0.006,0.971,3,16
170011,1577.7,0.0,0.04,0.063,0.006,0.971,3,16
170060,1579.3,0.0,0.03,0.061,0.006,0.985,3,16
170110,1595.6,0.0,0.05,0.064,0.004,0.995,3,16
170161,1574.8,0.0,0.05,0.064,0.004,0.995,3,16
170210,1583.6,0.0,0.11,0.069,0.006,0.993,3,16
170260,1594.0,0.0,0.03,0.058,0.006,0.995,3,16
170311,1571.1,0.0,0.03,0.058,0.006,0.995,3,16
170360,1581.3,0.0,0.04,0.059,0.007,0.995,3,16
170410,1596.4,0.0,0.04,0.057,0.009,0.985,3,16
170464,1575.4,0.0,0.04,0.057,0.009,0.985,3,16
170513,1579.0,0.0,0.09,0.059,0.006,0.981,3,16
170563,1605.4,0.0,0.03,0.060,0.010,0.978,3,16
170613,1588.9,0.0,0.03,0.060,0.010,0.978,3,16
170663,1590.1,0.0,0.06,0.061,0.006,0.976,3,16
170713,1614.9,0.0,0.06,0.063,0.008,0.990,3,16
170763,1597.8,0.0,0.06,0.063,0.008,0.990,3,16
170813,1598.0,0.0,0.14,0.061,0.006,0.993,3,16
170863,1615.2,0.0,0.13,0.065,0.005,0.992,3,16
170913,1595.2,0.0,0.13,0.065,0.005,0.992,3,16
170967,1589.5,0.0,0.06,0.062,0.005,0.993,3,16
171017,1608.4,0.0,0.13,0.059,0.003,0.988,3,16
171067,1612.7,0.0,0.13,0.059,0.003,0.988,3,16
171121,1594.7,0.0,0.05,0.061,0.007,0.975,3,16
171171,1607.7,0.0,0.05,0.063,0.005,0.977,3,16
171221,1614.2,0.0,0.06,0.062,0.006,0.987,3,16
171271,1597.7,0.0,0.06,0.062,0.006,0.987,3,16
171321,1601.2,0.0,0.09,0.059,0.010,0.989,3,16
171371,1603.0,0.0,0.09,0.059,0.010,0.989,3,16
171421,1586.1,0.0,0.03,0.065,0.005,0.992,3,16
171472,1609.0,0.0,0.03,0.065,0.005,0.992,3,16
171522,1605.1,0.0,0.03,0.061,0.007,0.992,3,16
171573,1583.7,0.0,0.03,0.061,0.007,0.992,3,16
171623,1618.5,0.0,0.07,0.059,0.003,0.985,3,16
171675,1607.5,0.0,0.07,0.059,0.003,0.985,3,16
171724,1580.3,0.0,0.03,0.059,0.005,0.991,3,16
171774,1597.0,0.0,0.05,0.058,0.005,0.978,3,16
171824,1591.8,0.0,0.06,0.059,0.007,0.989,3,16
171874,1571.7,0.0,0.10,0.060,0.006,0.982,3,16
171924,1597.1,0.0,0.04,0.058,0.007,0.984,3,16
171975,1595.2,0.0,0.04,0.058,0.007,0.984,3,16
172025,1573.3,0.0,0.06,0.068,0.008,0.987,3,16
172075,1596.2,0.0,0.12,0.059,0.006,0.994,3,16
172125,1594.7,0.0,0.04,0.057,0.010,0.984,3,16
172175,1576.4,0.0,0.04,0.057,0.010,0.984,3,16
172225,1604.6,0.0,0.12,0.060,0.007,0.982,3,16
172275,1596.0,0.0,0.12,0.060,0.007,0.982,3,16
172325,1572.8,0.0,0.10,0.056,0.001,0.985,3,16
172375,1589.2,0.0,0.09,0.063,0.005,0.975,3,16
172425,1601.5,0.0,0.06,0.063,0.006,0.974,3,16
172476,1586.9,0.0,0.06,0.063,0.006,0.974,3,16
172526,1606.5,0.0,0.04,0.058,0.009,0.985,3,16
172576,1606.7,0.0,0.04,0.058,0.009,0.985,3,16
172626,1587.4,0.0,0.02,0.058,0.008,0.990,3,16
172676,1604.0,0.0,0.04,0.069,0.008,0.990,3,16
172726,1608.3,0.0,0.07,0.059,0.007,0.995,3,16
172776,1591.1,0.0,0.07,0.059,0.007,0.995,3,16
172826,1609.2,0.0,0.02,0.059,0.006,0.993,3,16
172876,1614.0,0.0,0.02,0.059,0.006,0.993,3,16
172926,1596.7,0.0,0.06,0.056,0.010,0.983,3,16
172977,1611.9,0.0,0.15,0.059,0.007,0.980,3,16
173027,1618.6,0.0,0.03,0.058,0.006,0.986,3,16
173077,1601.2,0.0,0.03,0.058,0.006,0.986,3,16
173127,1625.4,0.0,0.06,0.069,0.009,0.989,3,16
173177,1610.4,0.0,0.06,0.069,0.009,0.989,3,16
173227,1600.6,0.0,0.06,0.060,0.009,0.981,3,16
173277,1599.1,0.0,0.09,0.063,0.007,0.987,3,16
173327,1598.5,205.4,0.02,0.060,0.006,0.993,3,16
173377,1579.4,205.4,0.02,0.060,0.006,0.993,3,16
173427,1600.0,205.4,0.09,0.059,0.006,0.989,3,16
173478,1609.0,205.4,0.09,0.059,0.006,0.989,3,16
173528,1592.1,205.4,0.05,0.055,0.010,0.982,3,16
173578,1608.0,205.4,0.06,0.056,0.007,0.985,3,16
173628,1617.4,205.4,0.12,0.059,0.000,0.991,3,16
173678,1601.7,205.4,0.12,0.059,0.000,0.991,3,16
173728,1597.4,205.4,0.06,0.064,0.008,0.988,3,16
173778,1584.8,205.4,0.06,0.064,0.008,0.988,3,16
173828,1564.3,205.4,0.12,0.069,0.014,0.978,3,16
173878,1589.7,205.4,0.08,0.061,0.008,0.990,3,16
173928,1578.9,205.4,0.05,0.051,0.000,0.987,3,16
173979,1554.0,205.4,0.05,0.051,0.000,0.987,3,16
174029,1577.2,205.4,0.12,0.071,0.009,1.000,3,16
174079,1568.1,205.4,0.12,0.071,0.009,1.000,3,16
174129,1544.3,205.4,0.10,0.057,0.005,0.984,3,16
174179,1573.2,205.4,0.06,0.054,0.005,0.983,3,16
174229,1556.7,205.4,0.06,0.054,0.005,0.983,3,16
174279,1545.4,205.4,0.06,0.054,0.005,0.983,3,16
174329,1568.0,0.0,0.12,0.060,0.006,0.978,3,16
174379,1549.0,0.0,0.12,0.060,0.006,0.978,3,16
174429,1547.8,0.0,0.14,0.056,0.008,0.970,3,16
174490,1571.1,0.0,0.18,0.061,0.005,0.971,3,16
174540,1573.5,0.0,0.06,0.056,0.012,0.986,3,16
174590,1554.6,0.0,0.06,0.056,0.012,0.986,3,16
174640,1552.8,0.0,0.08,0.063,0.007,0.983,3,16
174690,1523.0,0.0,0.07,0.058,0.009,0.990,3,16
174740,1545.4,0.0,0.07,0.058,0.009,0.990,3,16
174790,1573.4,0.0,0.08,0.065,0.011,0.983,3,16
174840,1556.5,0.0,0.04,0.073,0.005,1.012,3,16
174891,1557.0,0.0,0.04,0.073,0.005,1.012,3,16
174941,1598.1,0.0,0.06,0.072,0.011,1.006,3,16
174992,1570.6,0.0,0.10,0.066,0.007,1.005,3,16
175042,1532.0,0.0,0.13,0.070,0.006,1.004,3,16
175092,1563.6,0.0,0.08,0.063,0.003,0.981,3,16
175142,1548.0,0.0,0.14,0.066,0.006,0.989,3,16
175192,1553.9,0.0,0.14,0.066,0.006,0.989,3,16
175242,1556.3,0.0,0.08,0.066,0.003,0.985,3,16
175292,1539.1,0.0,0.11,0.072,0.008,0.973,3,16
175342,1558.8,205.4,0.11,0.067,0.005,0.976,3,16
175392,1553.8,205.4,0.11,0.066,0.010,0.980,3,16
175442,1532.1,205.4,0.12,0.072,0.008,0.962,3,16
175493,1561.6,205.4,0.12,0.072,0.008,0.962,3,16
175543,1544.5,205.4,0.12,0.072,0.009,0.978,3,16
175593,1537.9,205.4,0.14,0.074,0.009,0.974,3,16
175645,1564.3,205.4,0.13,0.073,0.013,0.966,3,16
175694,1546.8,205.4,0.11,0.071,0.012,0.977,3,16
175744,1525.0,25.7,0.22,0.056,0.008,1.000,3,16
175795,1548.8,142.8,0.22,0.056,0.008,1.000,3,16
175844,1530.6,1512.9,0.28,0.050,0.016,0.970,3,16
175894,1534.8,1512.9,0.23,0.069,0.020,1.002,3,16
175944,1555.2,1512.9,0.16,0.042,0.012,0.985,3,16
175998,1536.3,1512.9,0.16,0.042,0.012,0.985,3,16
176048,1556.7,1512.9,0.15,0.000,0.021,1.022,3,16
176098,1558.0,1512.9,0.15,0.000,0.021,1.022,3,16
176148,1541.0,1512.9,0.10,0.008,0.025,0.981,3,16
176198,1566.7,1512.9,0.10,0.058,0.020,1.011,3,16
176249,1578.0,1512.9,0.04,0.057,0.012,0.987,3,16
176299,1559.6,1512.9,0.06,0.067,0.008,0.989,3,16
176349,1587.8,1512.9,0.01,0.071,0.010,0.985,3,16
176399,1583.6,1512.9,0.01,0.071,0.010,0.985,3,16
176449,1568.4,1512.9,0.08,0.056,0.011,0.978,3,16
176501,1578.7,1512.9,0.09,0.052,0.014,0.984,3,16
176551,1573.4,1512.9,0.04,0.042,0.019,0.968,3,16
176601,1578.3,1512.9,0.04,0.042,0.019,0.968,3,16
176651,1578.4,1512.9,0.08,0.050,0.021,0.978,3,16
176701,1570.9,1512.9,0.05,0.053,0.017,0.981,3,16
176751,1549.3,1512.9,0.05,0.053,0.017,0.981,3,16
176801,1565.0,1512.9,0.06,0.066,0.016,0.987,3,16
176851,1543.9,0.0,0.01,0.062,0.013,0.985,3,16
176901,1547.7,0.0,0.04,0.057,0.014,0.984,3,16
176951,1571.3,0.0,0.05,0.067,0.017,0.993,3,16
177002,1553.4,0.0,0.05,0.067,0.017,0.993,3,16
177052,1561.5,0.0,0.05,0.067,0.017,0.993,3,16
177102,1576.5,0.0,0.08,0.053,0.011,1.006,3,16
177153,1555.6,0.0,0.05,0.053,0.016,0.984,3,16
177202,1568.9,0.0,0.08,0.055,0.014,0.986,3,16
177252,1578.2,0.0,0.11,0.053,0.012,0.988,3,16
177302,1554.5,0.0,0.05,0.052,0.011,0.984,3,16
177352,1567.8,0.0,0.05,0.052,0.011,0.984,3,16
177402,1599.3,0.0,0.04,0.054,0.015,0.984,3,16
177452,1581.7,0.0,0.05,0.048,0.011,0.985,3,16
177503,1576.0,0.0,0.05,0.052,0.019,0.975,3,16
177553,1594.1,0.0,0.06,0.051,0.014,0.968,3,16
177603,1574.0,0.0,0.05,0.055,0.014,0.987,3,16
177653,1587.6,0.0,0.05,0.055,0.014,0.987,3,16
177703,1585.8,0.0,0.04,0.067,0.016,0.985,3,16
177753,1556.8,0.0,0.03,0.059,0.017,0.986,3,16
177803,1589.7,0.0,0.05,0.053,0.014,1.002,3,16
177853,1592.1,0.0,0.07,0.055,0.015,0.994,3,16
177903,1570.4,0.0,0.06,0.053,0.012,0.984,3,16
177953,1591.4,0.0,0.06,0.053,0.012,0.984,3,16
178004,1580.0,0.0,0.09,0.056,0.013,0.990,3,16
178054,1555.0,0.0,0.06,0.053,0.012,0.987,3,16
178104,1581.6,0.0,0.05,0.057,0.013,0.987,3,16
178154,1583.8,0.0,0.07,0.051,0.015,0.971,3,16
178204,1564.1,0.0,0.04,0.052,0.017,0.982,3,16
178254,1585.2,0.0,0.04,0.052,0.017,0.982,3,16
178304,1582.6,0.0,0.05,0.053,0.019,0.981,3,16
178354,1561.6,0.0,0.03,0.055,0.017,0.971,3,16
178404,1574.8,0.0,0.03,0.059,0.018,0.984,3,16
178454,1582.3,0.0,0.08,0.055,0.017,0.986,3,16
178505,1560.8,0.0,0.06,0.065,0.018,1.002,3,16
178555,1573.0,0.0,0.06,0.065,0.018,1.002,3,16
178605,1550.3,0.0,0.11,0.063,0.016,0.987,3,16
178655,1544.0,0.0,0.02,0.052,0.013,1.001,3,16
178705,1575.6,0.0,0.06,0.057,0.015,1.009,3,16
178755,1560.6,0.0,0.02,0.053,0.012,0.986,3,16
178805,1538.2,0.0,0.09,0.055,0.013,0.998,3,16
178855,1568.1,0.0,0.09,0.055,0.013,0.998,3,16
178905,1551.7,0.0,0.06,0.049,0.011,0.985,3,16
178955,1536.5,0.0,0.04,0.053,0.017,0.984,3,16
179012,1568.9,0.0,0.06,0.056,0.015,0.978,3,16
179062,1554.0,0.0,0.01,0.052,0.010,0.989,3,16
179112,1529.0,0.0,0.01,0.055,0.015,0.970,3,16
179164,1548.9,0.0,0.01,0.055,0.015,0.970,3,16
179213,1529.6,0.0,0.02,0.049,0.014,0.977,3,16
179263,1555.9,0.0,0.10,0.057,0.015,0.978,3,16
179313,1572.7,0.0,0.10,0.057,0.015,0.978,3,16
179363,1556.9,0.0,0.03,0.055,0.020,0.977,3,16
179413,1576.5,0.0,0.11,0.058,0.016,0.978,3,16
179463,1581.2,0.0,0.11,0.058,0.016,0.978,3,16
179516,1563.3,0.0,0.01,0.058,0.016,0.975,3,16
179566,1575.5,0.0,0.02,0.063,0.018,0.998,3,16
179617,1574.1,0.0,0.02,0.063,0.018,0.998,3,16
179667,1555.7,0.0,0.07,0.055,0.013,1.007,3,16
179717,1571.3,0.0,0.04,0.055,0.013,1.005,3,16
179768,1580.9,0.0,0.04,0.055,0.013,1.005,3,16
179817,1565.6,0.0,0.14,0.059,0.016,1.012,3,16
179867,1579.2,0.0,0.08,0.056,0.013,0.994,3,16
179918,1574.8,0.0,0.08,0.056,0.013,0.994,3,16
179967,1557.1,0.0,0.03,0.050,0.015,0.984,3,16
180018,1566.9,0.0,0.09,0.052,0.014,0.980,3,16
180068,1582.2,0.0,0.02,0.055,0.013,0.983,3,16
180118,1588.5,0.0,0.01,0.057,0.017,0.973,3,16
180168,1588.4,0.0,0.06,0.054,0.016,0.968,3,16
180220,1580.0,0.0,0.06,0.054,0.016,0.968,3,16
180270,1568.7,0.0,0.07,0.054,0.022,0.978,3,16
180320,1575.4,0.0,0.06,0.054,0.019,0.987,3,16
180371,1552.4,0.0,0.03,0.064,0.018,0.987,3,16
180420,1554.0,0.0,0.03,0.062,0.017,0.985,3,16
180470,1566.0,0.0,0.02,0.059,0.013,1.004,3,16
180522,1560.3,0.0,0.03,0.067,0.015,0.994,3,16
180572,1557.1,0.0,0.03,0.067,0.015,0.994,3,16
180622,1579.2,0.0,0.09,0.051,0.014,1.000,3,16
180672,1561.2,0.0,0.09,0.056,0.016,1.010,3,16
180722,1572.1,0.0,0.05,0.052,0.016,0.984,3,16
180772,1593.2,0.0,0.05,0.051,0.012,0.982,3,16
180822,1574.1,0.0,0.03,0.047,0.013,0.986,3,16
180872,1565.8,0.0,0.03,0.047,0.013,0.986,3,16
180922,1592.3,0.0,0.10,0.052,0.017,0.968,3,16
180972,1575.5,0.0,0.01,0.055,0.016,0.969,3,16
181025,1564.3,0.0,0.09,0.049,0.016,0.971,3,16
181075,1591.8,0.0,0.07,0.052,0.017,0.983,3,16
181125,1575.5,0.0,0.07,0.063,0.018,0.985,3,16
181175,1575.5,0.0,0.07,0.063,0.018,0.985,3,16
181225,1601.2,0.0,0.08,0.055,0.014,1.001,3,16
181275,1584.5,0.0,0.08,0.057,0.014,1.000,3,16
181325,1571.5,0.0,0.04,0.064,0.013,0.996,3,16
181375,1599.1,0.0,0.06,0.054,0.015,0.996,3,16
181425,1583.0,0.0,0.08,0.051,0.015,0.999,3,16
181475,1575.4,0.0,0.08,0.051,0.015,0.999,3,16
181526,1593.5,0.0,0.08,0.054,0.013,0.987,3,16
181576,1573.7,0.0,0.05,0.051,0.014,0.983,3,16
181626,1578.4,0.0,0.03,0.053,0.013,0.983,3,16
181676,1600.8,0.0,0.06,0.051,0.018,0.983,3,16
181726,1582.7,0.0,0.11,0.054,0.017,0.979,3,16
181776,1592.9,0.0,0.11,0.054,0.017,0.979,3,16
181826,1600.3,0.0,0.02,0.059,0.017,0.985,3,16
181876,1575.6,0.0,0.05,0.057,0.016,0.987,3,16
181926,1580.4,0.0,0.10,0.057,0.017,0.992,3,16
181976,1616.2,0.0,0.13,0.059,0.014,0.990,3,16
182027,1575.8,0.0,0.05,0.054,0.015,0.994,3,16
182077,1602.9,0.0,0.05,0.054,0.015,0.994,3,16
182127,1619.2,0.0,0.00,0.052,0.014,0.990,3,16
182177,1598.7,0.0,0.08,0.052,0.012,0.988,3,16
182227,1564.9,0.0,0.11,0.053,0.013,0.985,3,16
182277,1599.1,0.0,0.04,0.059,0.014,0.987,3,16
182327,1580.2,0.0,0.08,0.058,0.014,0.980,3,16
182377,1580.4,0.0,0.08,0.058,0.014,0.980,3,16
182427,1602.7,0.0,0.04,0.051,0.020,0.983,3,16
182477,1584.3,0.0,0.10,0.046,0.016,0.978,3,16
182528,1583.9,0.0,0.07,0.050,0.015,0.982,3,16
182578,1606.3,0.0,0.07,0.050,0.015,0.982,3,16
182628,1588.4,0.0,0.03,0.064,0.014,0.986,3,16
182678,1593.3,0.0,0.03,0.064,0.014,0.986,3,16
182728,1590.1,0.0,0.06,0.053,0.015,0.996,3,16
182778,1571.5,0.0,0.06,0.053,0.015,0.996,3,16
182828,1595.2,0.0,0.03,0.059,0.011,0.990,3,16
182878,1604.8,0.0,0.09,0.057,0.020,0.983,3,16
182928,1588.1,0.0,0.11,0.056,0.021,0.985,3,16
182978,1610.6,0.0,0.11,0.056,0.021,0.985,3,16
183029,1602.6,0.0,0.19,0.065,0.017,0.980,3,16
183079,1576.9,0.0,0.11,0.068,0.010,0.978,3,16
183129,1607.2,0.0,0.05,0.072,0.006,0.993,3,16
183179,1598.5,0.0,0.09,0.069,0.018,0.984,3,16
183229,1572.8,0.0,0.13,0.065,0.021,1.000,3,16
183279,1679.3,0.0,0.13,0.065,0.021,1.000,3,16
183329,1646.1,0.0,0.16,0.049,0.017,0.999,3,16
183379,1648.1,0.0,0.20,0.030,0.013,0.984,3,16
183429,2027.1,0.0,0.19,0.037,0.010,0.975,3,16
183479,2363.6,352.4,0.02,0.060,0.010,0.975,3,16
183530,2562.4,352.4,0.05,0.091,0.008,1.004,3,16
183580,2833.9,287.4,0.05,0.091,0.008,1.004,3,16
183630,2903.3,342.9,0.18,0.247,0.018,0.971,3,16
183680,2952.5,729.1,0.30,0.331,0.034,0.918,3,16
183730,2972.5,794.7,0.57,0.387,0.068,1.016,3,16
183780,3017.8,825.7,1.09,0.567,0.057,0.956,3,16
183830,3100.9,769.0,1.58,0.506,0.062,0.893,3,16
183880,3097.3,930.1,1.58,0.506,0.062,0.893,3,16
183930,3138.9,906.0,2.70,0.526,0.089,0.978,3,16
183980,3204.8,987.3,2.70,0.526,0.089,0.978,3,16
184038,3218.9,1011.6,3.37,0.520,0.101,0.891,3,16
184087,3255.0,915.7,3.76,0.644,0.110,0.974,3,16
184137,3156.6,1048.7,4.42,0.553,0.045,0.830,3,15
184189,2870.8,834.9,4.42,0.553,0.045,0.830,3,15
184238,2713.6,842.0,5.61,0.487,0.099,0.974,3,15
184288,2861.5,947.5,6.47,0.465,0.063,0.954,3,14
184339,2999.1,982.6,6.47,0.465,0.063,0.954,3,14
184388,2935.0,993.8,6.80,0.348,0.089,1.059,3,15
184438,2919.1,1003.8,7.43,0.316,0.054,1.033,3,15
184489,2979.9,1100.7,7.43,0.316,0.054,1.033,3,15
184541,3070.6,1187.2,7.84,0.284,-0.010,1.010,3,15
184591,3058.6,1192.6,7.49,0.320,0.023,0.973,3,15
184641,3113.6,1347.2,7.49,0.320,0.023,0.973,3,15
184691,3218.0,1405.1,7.92,0.383,0.127,0.908,3,15
184741,3221.3,1393.9,8.15,0.211,0.143,0.843,3,16
184791,3191.3,1402.9,8.15,0.211,0.143,0.843,3,16
184841,3256.8,1475.1,8.88,0.448,0.105,1.120,3,16
184891,3201.7,1387.3,8.20,0.443,0.058,0.950,3,16
184941,3198.8,1441.3,8.20,0.443,0.058,0.950,3,16
184991,3303.4,1615.8,9.14,0.356,0.039,0.808,3,16
185042,3310.7,1600.5,9.75,0.426,0.069,0.917,3,16
185092,3232.6,1775.9,9.75,0.426,0.069,0.917,3,16
185143,3310.0,1596.7,9.88,0.416,-0.014,0.871,3,16
185193,3267.8,1580.8,10.45,0.437,-0.023,0.863,3,16
185243,3308.3,1691.5,11.03,0.428,-0.056,0.947,3,16
185293,3264.6,1613.9,11.03,0.428,-0.056,0.947,3,16
185343,3284.8,1780.9,11.54,0.428,-0.046,0.961,3,16
185393,3344.1,1736.1,11.54,0.428,-0.046,0.961,3,16
185443,3278.5,1688.9,11.44,0.444,-0.046,0.934,3,16
185493,3333.5,1786.4,11.79,0.418,-0.058,0.968,3,16
185545,3375.5,1845.4,12.46,0.402,-0.071,0.862,3,16
185594,3324.7,1936.5,12.66,0.433,-0.001,0.852,3,16
185644,3361.3,1892.1,13.22,0.388,0.058,0.941,3,16
185694,3221.1,1933.9,13.22,0.388,0.058,0.941,3,16
185744,3337.0,2035.0,13.02,0.449,0.028,1.145,3,16
185794,3378.8,1984.9,13.22,0.328,0.050,0.800,3,16
185846,3278.3,1961.9,13.70,0.260,0.065,0.721,3,15
185895,3288.8,1986.9,14.15,0.283,0.044,0.566,3,15
185945,3263.0,2013.3,14.83,0.255,0.081,0.686,3,15
185996,3276.5,2457.6,14.83,0.255,0.081,0.686,3,15
186050,3383.5,2319.6,14.87,0.271,0.141,0.645,3,16
186100,3346.2,2403.3,15.42,0.277,-0.004,0.932,3,16
186151,3389.4,2348.0,15.55,0.261,-0.005,1.065,3,16
186200,3271.4,2249.2,15.72,0.434,-0.109,1.084,3,16
186250,3278.3,2107.5,15.76,0.412,-0.106,0.872,3,16
186300,3269.6,2134.9,15.76,0.412,-0.106,0.872,3,16
186350,3219.1,2158.4,16.56,0.334,-0.085,0.877,3,16
186400,3224.1,2122.7,16.83,0.216,-0.040,0.880,3,16
186451,3308.0,2245.7,16.89,-0.612,-0.162,1.064,3,16
186500,3171.9,2211.4,16.49,-0.187,-0.096,1.288,3,16
186551,2879.8,2041.2,15.39,-0.118,-0.105,1.172,3,16
186601,2706.1,1816.5,15.39,-0.118,-0.105,1.172,3,16
186652,2454.5,1373.4,14.61,-0.343,-0.273,0.835,3,16
186701,2386.8,1631.6,15.30,-0.960,-0.366,-0.067,3,16
186751,2345.7,1508.1,14.65,-0.990,-0.370,-0.093,3,16
186802,2254.0,1555.9,14.39,-0.509,0.094,-0.134,3,16
186851,2239.9,1436.2,13.86,-0.012,-0.122,1.024,3,16
186901,2186.3,1432.3,13.86,-0.012,-0.122,1.024,3,16
186952,2139.4,1419.6,13.49,-0.168,0.102,1.263,3,16
187001,2123.4,1389.1,13.50,0.111,-0.361,1.269,3,16
187052,2061.2,1324.9,13.23,0.090,-0.681,1.377,3,16
187102,2033.3,1304.1,13.57,0.118,-0.687,1.341,3,16
187152,1990.2,1772.7,13.71,-0.016,-0.285,0.716,3,16
187202,1973.7,1531.9,13.99,-0.574,-0.574,0.840,3,16
187252,1945.3,1488.8,13.99,-0.574,-0.574,0.840,3,16
187302,1916.2,1416.8,13.61,-0.763,-0.642,1.359,3,16
187352,1914.5,1489.9,13.05,-0.446,-0.554,1.710,3,16
187402,1887.8,1414.8,13.02,-0.356,-0.024,1.439,3,16
187452,1870.4,1442.2,12.26,-0.286,-0.224,0.725,3,16
187502,1837.1,1365.2,12.11,-0.192,-0.136,0.794,3,16
187553,1810.5,1455.4,12.11,-0.192,-0.136,0.794,3,16
187603,1804.8,1364.4,11.91,-0.130,0.035,0.533,3,16
187653,1775.3,1382.7,11.90,-0.129,0.028,0.870,3,16
187703,1750.1,1485.7,11.65,-0.183,0.127,0.763,3,16
187753,1719.2,1297.9,11.25,-0.179,0.140,1.114,3,16
187803,1708.4,1221.4,11.37,-0.312,0.166,1.233,3,16
187853,1683.5,1218.6,11.37,-0.312,0.166,1.233,3,16
187903,1660.9,1348.4,10.68,-0.233,-0.016,1.461,3,16
187953,1647.1,1236.1,10.47,-0.120,-0.162,1.362,3,16
188003,1610.0,1198.2,10.03,-0.065,-0.256,1.165,3,16
188054,1547.0,1363.5,10.33,0.014,-0.033,1.104,3,16
188104,1541.2,1301.9,10.33,0.014,-0.033,1.104,3,16
188154,1510.5,1167.8,10.33,0.014,-0.033,1.104,3,16
188204,1370.2,1161.3,9.80,-0.090,-0.133,0.655,3,16
188254,1424.9,1171.1,9.85,-0.272,0.171,0.650,3,16
188304,1384.9,1156.1,10.10,-0.173,0.050,1.086,3,15
188354,1872.4,1082.5,9.56,-0.116,0.068,0.896,3,16
188404,1847.8,1152.3,10.12,-0.141,-0.113,1.137,3,16
188454,2065.5,1220.0,10.12,-0.141,-0.113,1.137,3,16
188504,2212.8,1030.3,9.16,0.011,-0.067,1.223,3,16
188555,2673.3,1353.4,9.26,0.033,-0.025,1.043,3,16
188605,2695.5,1392.0,9.74,-0.092,0.059,0.857,3,16
188655,2577.1,1268.6,9.72,-0.110,0.016,0.890,3,16
188705,2577.4,1352.4,9.90,-0.005,-0.061,0.898,3,16
188755,2635.5,1323.5,9.90,-0.005,-0.061,0.898,3,16
188805,2500.4,1250.9,9.74,0.172,-0.081,0.963,3,16
188855,2598.0,1259.8,10.08,0.087,0.044,1.227,3,16
188905,2633.7,1259.9,10.30,0.004,-0.091,1.038,3,16
188955,2517.7,1238.2,10.37,0.116,-0.095,1.154,3,16
189005,2578.3,1308.4,9.88,0.102,-0.022,1.068,3,16
189056,2486.0,1236.7,9.88,0.102,-0.022,1.068,3,16
189106,2385.9,1214.9,10.40,0.035,0.027,0.865,3,16
189156,2314.6,1187.9,10.40,0.026,0.055,0.897,3,16
189206,2251.2,1182.5,10.09,0.027,0.053,1.004,3,16
189256,2190.6,1152.9,10.53,-0.047,0.040,1.000,3,16
189306,2134.2,1129.7,10.65,-0.109,0.038,0.754,3,15
189356,2122.6,1103.3,10.65,-0.109,0.038,0.754,3,15
189406,2085.5,1116.9,10.45,-0.117,0.047,0.885,3,15
189456,2045.8,1099.1,10.37,-0.084,-0.002,1.057,3,15
189506,2017.6,1064.2,10.29,-0.080,0.016,1.092,3,15
189566,1987.2,1054.7,10.16,-0.192,0.096,1.141,3,16
189616,1934.3,1026.7,9.74,-0.216,-0.043,1.109,3,16
189666,1917.7,1008.1,9.57,-0.190,-0.047,0.933,3,16
189716,1896.8,957.0,8.92,-0.227,-0.050,0.748,3,16
189766,1858.4,934.6,8.83,-0.288,0.092,0.754,3,16
189816,1829.9,917.4,8.83,-0.288,0.092,0.754,3,16
189866,1764.6,859.5,8.84,-0.145,-0.071,1.191,3,16
189916,1777.9,870.7,8.36,-0.171,0.000,1.193,3,16
189966,1757.8,826.5,8.04,-0.157,-0.144,1.132,3,16
190016,1720.1,782.0,7.63,-0.291,-0.104,0.786,3,16
190067,1720.9,786.7,8.20,-0.242,-0.026,1.154,3,16
190118,1725.1,745.5,8.20,-0.242,-0.026,1.154,3,16
190167,1702.5,724.4,7.26,-0.131,-0.022,1.239,3,16
190217,1674.4,752.7,6.72,-0.223,-0.027,0.996,3,16
190267,1695.3,670.6,6.65,-0.255,-0.054,0.969,3,16
190317,1672.4,634.8,6.46,-0.243,-0.178,1.067,3,16
190367,1624.1,635.4,5.77,-0.242,-0.038,1.214,3,16
190418,1695.7,596.7,5.77,-0.242,-0.038,1.214,3,16
190468,1663.6,570.1,5.08,-0.172,-0.018,1.060,3,16
190518,1631.9,552.8,5.01,-0.157,-0.110,0.861,3,16
190569,1633.1,519.7,5.01,-0.157,-0.110,0.861,3,16
190619,1633.7,529.7,5.22,-0.185,0.162,0.805,3,16
190669,1581.5,447.1,4.67,-0.097,0.140,1.110,3,16
190721,1592.7,439.4,4.67,-0.097,0.140,1.110,3,16
190771,1621.9,414.4,4.08,-0.080,0.041,0.948,3,16
190821,1574.2,404.7,3.97,-0.112,0.155,0.825,3,16
190871,1556.0,403.4,3.97,-0.112,0.155,0.825,3,16
190921,1563.3,420.3,3.97,-0.112,0.155,0.825,3,16
190971,1539.9,360.1,4.27,-0.054,0.142,0.964,3,16
191022,1510.6,363.5,4.27,-0.054,0.142,0.964,3,16
191076,1513.9,309.6,3.24,-0.038,0.041,0.923,3,16
191126,1486.0,305.8,2.94,-0.111,0.094,1.021,3,16
191176,1503.5,286.2,2.93,-0.131,0.109,0.947,3,16
191226,1377.0,262.7,2.84,-0.099,0.110,1.132,3,16
191276,1463.7,227.5,2.65,-0.110,0.064,1.065,3,16
191326,1469.3,232.1,2.20,-0.076,0.089,0.953,3,16
191376,1438.7,236.1,2.20,-0.076,0.089,0.953,3,16
191426,1440.8,205.3,2.20,-0.076,0.089,0.953,3,16
191476,1440.7,205.3,2.20,-0.076,0.089,0.953,3,16
191526,1416.1,191.2,2.17,-0.075,0.141,0.920,3,16
191577,1454.7,171.7,1.96,-0.055,0.112,0.987,3,16
191627,1431.8,156.8,1.49,-0.052,0.062,0.973,3,16
191677,1433.7,144.2,1.49,-0.052,0.062,0.973,3,16
191727,1422.3,144.2,1.26,-0.120,0.125,0.972,3,16
191777,1395.2,109.5,1.26,-0.120,0.125,0.972,3,16
191827,1439.9,109.5,1.23,-0.109,0.077,1.006,3,16
191877,1418.2,109.5,0.86,-0.099,0.035,0.991,3,16
191927,1419.6,109.5,0.58,-0.130,0.113,0.954,3,16
191977,1384.8,109.5,0.58,-0.130,0.113,0.954,3,16
192027,1383.6,109.5,0.44,-0.118,0.141,0.987,3,16
192078,1411.0,109.5,0.37,-0.105,0.125,0.989,3,16
192128,1386.1,109.5,0.32,-0.096,0.086,0.982,3,16
192178,1402.1,109.5,0.13,-0.038,0.089,0.991,3,16
192228,1402.1,109.5,0.19,0.013,0.096,0.995,3,16
192278,1402.1,109.5,0.19,0.013,0.096,0.995,3,16
192328,1402.1,109.5,0.15,0.031,0.086,0.988,3,16
192378,1402.1,109.5,0.19,0.032,0.087,0.981,3,16
192428,1402.1,109.5,0.22,0.052,0.102,0.980,3,16
192478,1402.1,109.5,0.21,0.083,0.126,0.970,3,16
192528,1402.1,109.5,0.14,0.086,0.120,0.976,3,16
192579,1402.1,109.5,0.14,0.086,0.120,0.976,3,16
192629,1402.1,109.5,0.04,0.064,0.110,0.976,3,16
192679,1402.1,109.5,0.03,0.055,0.105,0.982,3,16
192729,1402.1,109.5,0.04,0.039,0.103,0.982,3,16
192779,1402.1,0.0,0.11,0.023,0.109,0.979,3,16
192829,1402.1,0.0,0.11,0.023,0.109,0.979,3,16
192879,1402.1,0.0,0.17,0.032,0.117,0.986,3,16
192929,1402.1,0.0,0.18,0.031,0.115,0.971,3,16
192979,1402.1,0.0,0.26,0.034,0.111,0.965,3,16
193029,1402.1,0.0,0.25,0.050,0.108,0.983,3,16
193080,1402.1,0.0,0.23,0.054,0.108,0.983,3,16
193130,1402.1,0.0,0.12,0.039,0.117,0.957,3,16
193180,1402.1,0.0,0.12,0.039,0.117,0.957,3,16
193230,1402.1,0.0,0.27,0.031,0.110,0.982,3,16
193280,1402.1,0.0,0.26,0.037,0.107,0.981,3,16
193330,1402.1,0.0,0.26,0.039,0.109,0.976,3,16
193380,1402.1,0.0,0.23,0.053,0.110,0.982,3,16
193430,1402.1,0.0,0.35,0.044,0.110,0.996,3,16
193480,1402.1,0.0,0.35,0.044,0.110,0.996,3,16
193530,1402.1,0.0,0.23,0.045,0.108,0.993,3,16
193581,1402.1,0.0,0.13,0.031,0.109,0.976,3,16
193631,1402.1,0.0,0.06,0.038,0.107,0.996,3,16
193681,0.0,0.0,0.06,0.031,0.108,0.985,3,16
193731,0.0,5.1,0.12,0.030,0.111,0.979,3,16
193781,0.0,5.1,0.12,0.030,0.111,0.979,3,16
193831,0.0,5.1,0.07,0.027,0.112,0.982,3,16
193881,0.0,5.1,0.03,0.027,0.104,0.979,3,16
193931,0.0,5.1,0.02,0.023,0.105,0.975,3,16
193981,0.0,5.1,0.09,0.031,0.111,0.985,3,16
194031,0.0,5.1,0.09,0.042,0.116,0.983,3,16
194085,0.0,5.1,0.09,0.042,0.116,0.983,3,16
194134,0.0,5.1,0.11,0.045,0.109,0.979,3,16
194184,0.0,5.1,0.11,0.048,0.105,0.978,3,16
194238,0.0,5.1,0.12,0.051,0.107,0.979,3,16
194287,0.0,5.1,0.09,0.053,0.117,0.980,3,16
194337,0.0,5.1,0.04,0.053,0.112,0.982,3,16
194388,0.0,5.1,0.04,0.053,0.112,0.982,3,16
194437,0.0,5.1,0.11,0.051,0.108,0.978,3,16
194487,0.0,5.1,0.02,0.051,0.111,0.978,3,16
194538,0.0,5.1,0.10,0.051,0.113,0.979,3,16
194592,0.0,5.1,0.07,0.050,0.111,0.982,3,16
194642,0.0,5.1,0.04,0.049,0.109,0.980,3,16
194692,0.0,5.1,0.04,0.049,0.109,0.980,3,16
194742,0.0,0.0,0.08,0.048,0.110,0.979,3,16
194792,0.0,0.0,0.04,0.047,0.113,0.980,3,16
194842,0.0,0.0,0.04,0.047,0.113,0.980,3,16
194892,0.0,0.0,0.06,0.046,0.110,0.981,3,16
194942,0.0,0.0,0.05,0.045,0.111,0.980,3,16
194992,0.0,0.0,0.04,0.045,0.112,0.980,3,16
195042,0.0,0.0,0.02,0.045,0.112,0.981,3,16
195093,0.0,0.0,0.04,0.043,0.110,0.980,3,16
195144,0.0,0.0,0.04,0.043,0.110,0.980,3,16
195193,0.0,0.0,0.07,0.043,0.111,0.981,3,16
195243,0.0,0.0,0.03,0.043,0.112,0.981,3,16
195294,0.0,0.0,0.06,0.043,0.111,0.981,3,16
195343,0.0,0.0,0.04,0.043,0.111,0.981,3,16
195393,0.0,0.0,0.09,0.043,0.110,0.980,3,16
195444,0.0,0.0,0.09,0.043,0.110,0.980,3,16
195493,0.0,0.0,0.04,0.044,0.111,0.980,3,16
195543,0.0,0.0,0.05,0.043,0.111,0.981,3,16
195595,0.0,0.0,0.05,0.043,0.111,0.981,3,16
195644,0.0,0.0,0.05,0.043,0.110,0.980,3,16
195694,0.0,0.0,0.01,0.043,0.111,0.980,3,16
195744,0.0,0.0,0.01,0.043,0.111,0.980,3,16
195794,0.0,0.0,0.05,0.044,0.111,0.981,3,16
195844,0.0,0.0,0.06,0.043,0.111,0.981,3,16
195895,0.0,0.0,0.06,0.043,0.111,0.981,3,16
195944,0.0,0.0,0.03,0.043,0.111,0.981,3,16
195994,0.0,0.0,0.07,0.043,0.111,0.981,3,16
196044,0.0,0.0,0.07,0.043,0.111,0.981,3,16
196101,0.0,0.0,0.07,0.043,0.111,0.981,3,16
196151,0.0,0.0,0.06,0.043,0.111,0.981,3,16
196201,0.0,0.0,0.01,0.043,0.111,0.980,3,16
196251,0.0,0.0,0.16,0.043,0.111,0.981,3,16
196301,0.0,0.0,0.04,0.043,0.111,0.980,3,16
196351,0.0,0.0,0.06,0.043,0.111,0.981,3,16
196401,0.0,0.0,0.06,0.043,0.111,0.981,3,16
196451,0.0,0.0,0.06,0.043,0.111,0.981,3,16
196501,0.0,0.0,0.06,0.043,0.111,0.980,3,16
196551,0.0,0.0,0.06,0.043,0.111,0.980,3,16
196602,0.0,0.0,0.03,0.043,0.111,0.980,3,16
196652,0.0,0.0,0.05,0.043,0.111,0.981,3,16
196703,0.0,0.0,0.05,0.043,0.111,0.981,3,16
196752,0.0,0.0,0.05,0.043,0.110,0.981,3,16
196802,0.0,0.0,0.04,0.043,0.111,0.981,3,16
196853,0.0,0.0,0.07,0.043,0.111,0.981,3,16
196902,0.0,0.0,0.06,0.043,0.111,0.981,3,16
196952,0.0,0.0,0.04,0.043,0.110,0.980,3,16
197003,0.0,0.0,0.04,0.043,0.110,0.980,3,16
197052,0.0,0.0,0.08,0.043,0.110,0.980,3,16
197103,0.0,0.0,0.08,0.043,0.110,0.980,3,16
197153,0.0,0.0,0.09,0.043,0.111,0.980,3,16
197203,0.0,0.0,0.06,0.044,0.111,0.981,3,16
197253,0.0,0.0,0.06,0.044,0.110,0.981,3,16
197303,0.0,0.0,0.06,0.044,0.110,0.981,3,16
197353,0.0,0.0,0.02,0.044,0.111,0.980,3,16
197403,0.0,0.0,0.03,0.043,0.111,0.981,3,16
197453,0.0,0.0,0.08,0.043,0.111,0.980,3,16
197503,0.0,0.0,0.02,0.043,0.110,0.981,3,16
197553,0.0,0.0,0.03,0.043,0.110,0.981,3,16
197604,0.0,0.0,0.03,0.043,0.110,0.981,3,16
197654,0.0,0.0,0.08,0.047,0.110,0.981,3,16
197704,0.0,0.0,0.05,0.055,0.110,0.977,3,16
197754,0.0,0.0,0.05,0.055,0.110,0.977,3,16
197804,0.0,0.0,0.07,0.054,0.112,0.980,3,16
197854,0.0,0.0,0.01,0.042,0.111,0.982,3,16
197904,0.0,0.0,0.01,0.042,0.111,0.982,3,16
197954,0.0,0.0,0.08,0.043,0.109,0.980,3,16
198004,0.0,0.0,0.03,0.042,0.110,0.980,3,16
198054,0.0,0.0,0.04,0.044,0.109,0.980,3,16
198105,0.0,0.0,0.06,0.047,0.113,0.982,3,16
198155,0.0,0.0,0.09,0.038,0.111,0.980,3,16
198205,0.0,5.1,0.09,0.038,0.111,0.980,3,16
198255,0.0,5.1,0.06,0.038,0.107,0.980,3,16
198305,0.0,5.1,0.06,0.043,0.109,0.982,3,16
198355,0.0,5.1,0.06,0.043,0.109,0.982,3,16
198405,0.0,5.1,0.02,0.046,0.113,0.981,3,16
198455,0.0,5.1,0.01,0.045,0.110,0.980,3,16
198505,0.0,5.1,0.01,0.045,0.110,0.980,3,16
198555,0.0,5.1,0.06,0.047,0.109,0.980,3,16
198606,0.0,5.1,0.02,0.047,0.112,0.980,3,16
198656,0.0,5.1,0.00,0.046,0.113,0.981,3,16
198706,0.0,5.1,0.04,0.047,0.111,0.981,3,16
198756,0.0,5.1,0.02,0.045,0.110,0.980,3,16
198806,0.0,5.1,0.02,0.045,0.110,0.980,3,16
198856,0.0,5.1,0.03,0.044,0.111,0.981,3,16
198906,0.0,5.1,0.05,0.043,0.111,0.981,3,16
198956,0.0,5.1,0.05,0.043,0.111,0.981,3,16
199006,0.0,5.1,0.03,0.044,0.111,0.981,3,16
199056,0.0,5.1,0.04,0.046,0.110,0.981,3,16
199115,0.0,5.1,0.04,0.046,0.110,0.981,3,16
199165,0.0,5.1,0.11,0.043,0.110,0.980,3,16
199215,0.0,0.0,0.03,0.044,0.109,0.982,3,16
199266,0.0,0.0,0.03,0.044,0.109,0.982,3,16
199315,0.0,0.0,0.02,0.045,0.112,0.982,3,16
199365,0.0,0.0,0.06,0.042,0.110,0.980,3,16
199415,0.0,0.0,0.06,0.042,0.110,0.980,3,16
199465,0.0,0.0,0.11,0.044,0.111,0.980,3,16
199515,0.0,0.0,0.04,0.045,0.113,0.982,3,16
199566,0.0,0.0,0.04,0.045,0.113,0.982,3,16
199620,0.0,0.0,0.06,0.045,0.112,0.980,3,16
199670,0.0,0.0,0.10,0.045,0.110,0.980,3,16
199722,0.0,0.0,0.10,0.045,0.110,0.980,3,16
199772,0.0,0.0,0.04,0.044,0.110,0.981,3,16
199822,0.0,0.0,0.09,0.044,0.113,0.981,3,16
199872,0.0,0.0,0.08,0.043,0.114,0.981,3,16
199922,0.0,0.0,0.09,0.044,0.113,0.981,3,16
199972,0.0,0.0,0.07,0.045,0.111,0.981,3,16
200022,0.0,0.0,0.07,0.045,0.111,0.981,3,16
200072,0.0,0.0,0.05,0.045,0.109,0.980,3,16
200123,0.0,0.0,0.06,0.044,0.112,0.980,3,16
200173,0.0,0.0,0.03,0.044,0.113,0.981,3,16
200223,0.0,0.0,0.03,0.044,0.113,0.981,3,16
200273,0.0,0.0,0.06,0.044,0.112,0.980,3,16
200324,0.0,0.0,0.06,0.044,0.112,0.980,3,16
200373,0.0,0.0,0.06,0.045,0.109,0.980,3,16
200423,0.0,0.0,0.12,0.044,0.111,0.981,3,16
200474,0.0,0.0,0.03,0.044,0.112,0.981,3,16
200523,0.0,0.0,0.09,0.044,0.113,0.981,3,16
200573,0.0,0.0,0.06,0.045,0.112,0.981,3,16
200625,0.0,0.0,0.06,0.045,0.112,0.981,3,16
200674,0.0,0.0,0.01,0.045,0.110,0.981,3,16
200724,0.0,0.0,0.04,0.043,0.111,0.981,3,16
200774,0.0,0.0,0.04,0.043,0.111,0.980,3,16
200824,0.0,0.0,0.04,0.043,0.111,0.980,3,16
200874,0.0,0.0,0.04,0.044,0.112,0.981,3,16
200924,0.0,0.0,0.04,0.044,0.112,0.981,3,16
200974,0.0,0.0,0.03,0.044,0.111,0.981,3,16
201024,0.0,0.0,0.03,0.044,0.110,0.980,3,16
201074,0.0,0.0,0.03,0.044,0.112,0.980,3,16
201126,0.0,0.0,0.03,0.044,0.112,0.980,3,16
201176,0.0,0.0,0.06,0.044,0.112,0.980,3,16
201226,0.0,0.0,0.06,0.044,0.112,0.980,3,16
201276,0.0,0.0,0.03,0.044,0.111,0.980,3,16
201326,0.0,0.0,0.04,0.044,0.111,0.980,3,16
201376,0.0,0.0,0.02,0.045,0.111,0.981,3,16
201426,0.0,0.0,0.02,0.045,0.111,0.981,3,16
201476,0.0,0.0,0.05,0.044,0.111,0.981,3,16
201526,0.0,0.0,0.05,0.044,0.111,0.981,3,16
201576,0.0,0.0,0.05,0.044,0.111,0.981,3,16
201627,0.0,0.0,0.03,0.045,0.111,0.980,3,16
201677,0.0,0.0,0.03,0.045,0.111,0.980,3,16
201727,0.0,0.0,0.03,0.045,0.111,0.980,3,16
201777,0.0,0.0,0.02,0.045,0.111,0.981,3,16
201828,0.0,0.0,0.02,0.045,0.111,0.981,3,16
201877,0.0,0.0,0.08,0.044,0.111,0.980,3,16
201927,0.0,0.0,0.05,0.045,0.110,0.980,3,16
201977,0.0,0.0,0.07,0.045,0.111,0.981,3,16
202027,0.0,0.0,0.07,0.045,0.111,0.981,3,16
202077,0.0,0.0,0.07,0.044,0.111,0.980,3,16
202128,0.0,0.0,0.07,0.044,0.111,0.980,3,16
202178,0.0,0.0,0.05,0.044,0.112,0.981,3,16
202228,0.0,0.0,0.07,0.044,0.111,0.980,3,16
202280,0.0,0.0,0.06,0.045,0.110,0.980,3,16
202329,0.0,0.0,0.05,0.044,0.111,0.981,3,16
202379,0.0,0.0,0.05,0.044,0.111,0.980,3,16
202429,0.0,0.0,0.05,0.044,0.111,0.980,3,16
202479,0.0,0.0,0.01,0.044,0.112,0.981,3,16
202529,0.0,0.0,0.10,0.043,0.113,0.981,3,16
202579,0.0,0.0,0.14,0.045,0.110,0.980,3,16
202630,0.0,0.0,0.14,0.045,0.110,0.980,3,16
202680,0.0,0.0,0.12,0.044,0.110,0.980,3,16
202730,0.0,0.0,0.05,0.043,0.111,0.981,3,16
202780,0.0,0.0,0.03,0.043,0.113,0.981,3,16
202830,0.0,0.0,0.02,0.045,0.110,0.979,3,16
202880,0.0,0.0,0.09,0.045,0.109,0.981,3,16
202930,0.0,0.0,0.09,0.045,0.109,0.981,3,16
202980,0.0,0.0,0.01,0.044,0.114,0.981,3,16
203030,0.0,0.0,0.06,0.043,0.114,0.980,3,16
203080,0.0,0.0,0.06,0.043,0.112,0.980,3,16
203131,0.0,0.0,0.06,0.043,0.112,0.980,3,16
203181,0.0,0.0,0.07,0.045,0.111,0.981,3,16
203231,0.0,0.0,0.07,0.045,0.111,0.981,3,16
203281,0.0,0.0,0.02,0.044,0.111,0.981,3,16
203331,0.0,0.0,0.02,0.044,0.109,0.980,3,16
203381,0.0,0.0,0.09,0.043,0.110,0.980,3,16
203431,0.0,0.0,0.08,0.045,0.115,0.980,3,16
203481,0.0,0.0,0.03,0.045,0.112,0.981,3,16
203531,0.0,0.0,0.03,0.045,0.112,0.981,3,16
203581,0.0,0.0,0.14,0.043,0.109,0.980,3,16
203632,0.0,0.0,0.14,0.043,0.109,0.980,3,16
203682,0.0,0.0,0.07,0.045,0.112,0.980,3,16
203732,0.0,0.0,0.01,0.045,0.113,0.980,3,16
203782,0.0,0.0,0.01,0.044,0.111,0.980,3,16
203832,0.0,0.0,0.01,0.044,0.111,0.980,3,16
203882,0.0,0.0,0.03,0.043,0.110,0.981,3,16
203932,0.0,0.0,0.05,0.043,0.111,0.980,3,16
203982,0.0,0.0,0.11,0.044,0.111,0.980,3,16
204032,0.0,0.0,0.06,0.045,0.112,0.980,3,16
204082,0.0,0.0,0.01,0.044,0.112,0.980,3,16
204139,0.0,0.0,0.01,0.044,0.112,0.980,3,16
204189,0.0,0.0,0.07,0.043,0.111,0.980,3,16
204239,0.0,0.0,0.05,0.044,0.111,0.980,3,16
204293,0.0,0.0,0.05,0.044,0.111,0.980,3,16
204343,0.0,0.0,0.04,0.045,0.111,0.980,3,16
204393,0.0,0.0,0.05,0.044,0.111,0.980,3,16
204443,0.0,0.0,0.05,0.044,0.111,0.980,3,16
204493,0.0,0.0,0.10,0.044,0.111,0.980,3,16
204543,0.0,0.0,0.04,0.044,0.112,0.980,3,16
204593,0.0,0.0,0.04,0.044,0.112,0.980,3,16
204651,0.0,0.0,0.04,0.044,0.111,0.980,3,16
204701,0.0,0.0,0.04,0.044,0.111,0.981,3,16
204751,0.0,0.0,0.04,0.044,0.111,0.981,3,16
204801,0.0,0.0,0.04,0.044,0.111,0.981,3,16
204851,0.0,0.0,0.05,0.044,0.111,0.980,3,16
204902,0.0,0.0,0.02,0.044,0.112,0.980,3,16
204952,0.0,0.0,0.01,0.044,0.112,0.980,3,16
205002,0.0,0.0,0.04,0.044,0.111,0.980,3,16
205052,0.0,0.0,0.04,0.044,0.111,0.980,3,16
205102,0.0,0.0,0.06,0.044,0.110,0.980,3,16
205153,0.0,0.0,0.12,0.045,0.111,0.980,3,16
205203,0.0,0.0,0.04,0.045,0.112,0.980,3,16
205253,0.0,0.0,0.06,0.044,0.111,0.981,3,16
205303,0.0,0.0,0.05,0.044,0.111,0.981,3,16
205353,0.0,0.0,0.05,0.044,0.111,0.981,3,16
205403,0.0,0.0,0.04,0.044,0.111,0.980,3,16
205453,0.0,0.0,0.04,0.044,0.111,0.980,3,16
205503,0.0,0.0,0.08,0.044,0.111,0.980,3,16
205553,0.0,0.0,0.04,0.044,0.111,0.980,3,16
205603,0.0,0.0,0.05,0.044,0.111,0.980,3,16
205654,0.0,0.0,0.08,0.044,0.112,0.981,3,16
205704,0.0,0.0,0.08,0.044,0.112,0.981,3,16
205754,0.0,0.0,0.08,0.044,0.111,0.981,3,16
205804,0.0,0.0,0.02,0.044,0.111,0.981,3,16
205854,0.0,0.0,0.04,0.044,0.111,0.980,3,16
205904,0.0,0.0,0.02,0.044,0.111,0.981,3,16
205954,0.0,0.0,0.02,0.044,0.111,0.981,3,16
206004,0.0,0.0,0.02,0.044,0.111,0.981,3,16
206054,0.0,0.0,0.02,0.044,0.111,0.979,3,16
206105,0.0,0.0,0.02,0.045,0.112,0.980,3,16
206157,0.0,0.0,0.02,0.044,0.113,0.982,3,16
206207,0.0,0.0,0.14,0.043,0.110,0.980,3,16
206257,0.0,0.0,0.11,0.044,0.109,0.980,3,16
206307,0.0,0.0,0.11,0.044,0.109,0.980,3,16
206357,0.0,0.0,0.07,0.045,0.111,0.981,3,16
206407,0.0,0.0,0.04,0.046,0.111,0.981,3,16
206457,0.0,0.0,0.09,0.044,0.112,0.981,3,16
206507,0.0,0.0,0.08,0.043,0.111,0.980,3,16
206557,0.0,0.0,0.05,0.045,0.111,0.981,3,16
206607,0.0,0.0,0.05,0.045,0.111,0.981,3,16
206668,0.0,0.0,0.03,0.045,0.111,0.981,3,16
206718,0.0,0.0,0.04,0.045,0.111,0.981,3,16
206768,0.0,0.0,0.04,0.045,0.111,0.981,3,16
206818,0.0,0.0,0.05,0.044,0.111,0.980,3,16
206868,0.0,0.0,0.03,0.044,0.111,0.980,3,16
206918,0.0,0.0,0.00,0.044,0.111,0.981,3,16
206968,0.0,0.0,0.06,0.044,0.110,0.980,3,16
207018,0.0,0.0,0.04,0.043,0.110,0.980,3,16
207068,0.0,0.0,0.04,0.043,0.110,0.980,3,16
207118,0.0,0.0,0.07,0.045,0.113,0.980,3,16
207169,0.0,0.0,0.06,0.044,0.111,0.981,3,16
207220,0.0,0.0,0.02,0.044,0.109,0.980,3,16
207269,0.0,0.0,0.04,0.044,0.110,0.980,3,16
207319,0.0,0.0,0.04,0.044,0.111,0.979,3,16
207370,0.0,0.0,0.04,0.044,0.111,0.979,3,16
207419,0.0,0.0,0.04,0.045,0.111,0.981,3,16
207469,0.0,0.0,0.01,0.043,0.110,0.980,3,16
207519,0.0,0.0,0.01,0.043,0.110,0.980,3,16
207569,0.0,0.0,0.01,0.043,0.110,0.980,3,16
207619,0.0,0.0,0.07,0.044,0.110,0.982,3,16
207671,0.0,0.0,0.07,0.044,0.110,0.982,3,16
207721,0.0,0.0,0.08,0.045,0.112,0.979,3,16
207771,0.0,0.0,0.06,0.042,0.110,0.982,3,16
207822,0.0,0.0,0.06,0.042,0.110,0.982,3,16
207871,0.0,0.0,0.07,0.045,0.110,0.980,3,16
207921,0.0,0.0,0.05,0.044,0.111,0.981,3,16
207971,0.0,0.0,0.05,0.044,0.111,0.981,3,16
208021,0.0,0.0,0.02,0.043,0.111,0.981,3,16
208071,0.0,0.0,0.04,0.044,0.110,0.981,3,16
208123,0.0,0.0,0.04,0.044,0.111,0.981,3,16
208177,0.0,0.0,0.05,0.044,0.111,0.980,3,16
208227,0.0,0.0,0.02,0.044,0.111,0.980,3,16
208277,0.0,0.0,0.02,0.044,0.111,0.980,3,16
208327,0.0,0.0,0.04,0.044,0.110,0.980,3,16
208377,0.0,0.0,0.04,0.044,0.110,0.980,3,16
208427,0.0,0.0,0.04,0.045,0.110,0.980,3,16
208477,0.0,0.0,0.06,0.045,0.110,0.980,3,16
208527,0.0,0.0,0.02,0.045,0.110,0.980,3,16
208577,0.0,0.0,0.02,0.045,0.110,0.980,3,16
208627,0.0,0.0,0.06,0.044,0.112,0.981,3,16
208678,0.0,0.0,0.08,0.044,0.111,0.980,3,16
208728,0.0,0.0,0.03,0.044,0.110,0.980,3,16
208779,0.0,0.0,0.03,0.044,0.110,0.980,3,16
208828,0.0,0.0,0.07,0.044,0.111,0.981,3,16
208878,0.0,0.0,0.07,0.044,0.111,0.981,3,16
208929,0.0,0.0,0.02,0.044,0.111,0.981,3,16
208978,0.0,0.0,0.06,0.044,0.111,0.981,3,16
209028,0.0,0.0,0.05,0.043,0.110,0.981,3,16
209079,0.0,0.0,0.05,0.043,0.110,0.981,3,16
209128,0.0,0.0,0.06,0.044,0.110,0.980,3,16
209179,0.0,0.0,0.06,0.044,0.110,0.980,3,16
209229,0.0,0.0,0.06,0.044,0.110,0.980,3,16
209279,0.0,0.0,0.11,0.044,0.109,0.981,3,16
209330,0.0,0.0,0.01,0.046,0.114,0.980,3,16
209379,0.0,0.0,0.01,0.046,0.114,0.980,3,16
209429,0.0,0.0,0.07,0.044,0.110,0.981,3,16
209479,0.0,0.0,0.07,0.044,0.110,0.981,3,16
209529,0.0,0.0,0.09,0.042,0.111,0.981,3,16
209579,0.0,0.0,0.08,0.046,0.108,0.982,3,16
209629,0.0,0.0,0.01,0.043,0.107,0.980,3,16
209680,0.0,0.0,0.01,0.043,0.107,0.980,3,16
209730,0.0,0.0,0.09,0.044,0.111,0.981,3,16
209780,0.0,0.0,0.09,0.044,0.111,0.981,3,16
209830,0.0,0.0,0.07,0.048,0.115,0.983,3,16
209880,0.0,0.0,0.07,0.046,0.115,0.981,3,16
209930,0.0,0.0,0.09,0.035,0.106,0.977,3,16
209980,0.0,0.0,0.09,0.035,0.106,0.977,3,16
210030,0.0,0.0,0.06,0.046,0.106,0.984,3,16
210080,0.0,0.0,0.06,0.046,0.106,0.984,3,16
210130,0.0,0.0,0.14,0.051,0.107,0.978,3,16
210181,0.0,0.0,0.16,0.042,0.116,0.981,3,16
210231,0.0,0.0,0.10,0.042,0.112,0.982,3,16
210281,0.0,0.0,0.10,0.042,0.112,0.982,3,16
210331,0.0,0.0,0.10,0.042,0.112,0.982,3,16
210381,0.0,0.0,0.10,0.042,0.112,0.982,3,16
210431,0.0,0.0,0.07,0.047,0.106,0.978,3,16
210481,0.0,0.0,0.11,0.042,0.113,0.981,3,16
210531,0.0,0.0,0.04,0.044,0.111,0.979,3,16
210581,0.0,0.0,0.04,0.044,0.111,0.979,3,16
210631,0.0,0.0,0.10,0.047,0.109,0.980,3,16
210682,0.0,0.0,0.10,0.047,0.109,0.980,3,16
210732,0.0,0.0,0.07,0.043,0.110,0.980,3,16
210782,0.0,0.0,0.02,0.043,0.111,0.980,3,16
210832,0.0,0.0,0.02,0.046,0.111,0.981,3,16
210882,0.0,0.0,0.02,0.046,0.111,0.981,3,16
210932,0.0,0.0,0.04,0.043,0.109,0.980,3,16
210982,0.0,0.0,0.04,0.043,0.109,0.980,3,16
211032,0.0,0.0,0.07,0.042,0.109,0.981,3,16
211082,0.0,0.0,0.06,0.045,0.111,0.980,3,16
211132,0.0,0.0,0.06,0.045,0.112,0.978,3,16
211183,0.0,0.0,0.06,0.045,0.112,0.978,3,16
211233,0.0,0.0,0.06,0.045,0.112,0.981,3,16
211283,0.0,0.0,0.06,0.045,0.112,0.981,3,16
211333,0.0,0.0,0.01,0.043,0.109,0.981,3,16
211383,0.0,0.0,0.04,0.043,0.109,0.980,3,16
211433,0.0,0.0,0.13,0.045,0.112,0.982,3,16
211483,0.0,0.0,0.13,0.045,0.112,0.982,3,16
211533,0.0,0.0,0.02,0.046,0.111,0.979,3,16
211583,0.0,0.0,0.02,0.046,0.111,0.979,3,16
211633,0.0,0.0,0.02,0.046,0.111,0.979,3,16
211694,0.0,0.0,0.04,0.045,0.111,0.979,3,16
211744,0.0,0.0,0.02,0.043,0.111,0.981,3,16
211794,0.0,0.0,0.03,0.043,0.111,0.981,3,16
211844,0.0,0.0,0.07,0.045,0.110,0.980,3,16
211894,0.0,0.0,0.06,0.044,0.112,0.981,3,16
211944,0.0,0.0,0.06,0.044,0.112,0.981,3,16
211994,0.0,0.0,0.02,0.043,0.111,0.980,3,16
212044,0.0,0.0,0.06,0.045,0.110,0.981,3,16
212095,0.0,0.0,0.06,0.045,0.110,0.981,3,16
212144,0.0,0.0,0.06,0.044,0.111,0.981,3,16
212195,0.0,0.0,0.01,0.045,0.111,0.981,3,16
212245,0.0,0.0,0.03,0.045,0.111,0.980,3,16
212295,0.0,0.0,0.02,0.045,0.112,0.980,3,16
212345,0.0,0.0,0.07,0.043,0.111,0.981,3,16
212395,0.0,0.0,0.07,0.043,0.111,0.981,3,16
212445,0.0,0.0,0.02,0.045,0.107,0.980,3,16
212495,0.0,0.0,0.03,0.045,0.113,0.980,3,16
212545,0.0,0.0,0.01,0.045,0.115,0.981,3,16
212595,0.0,0.0,0.09,0.043,0.110,0.979,3,16
212645,0.0,0.0,0.04,0.044,0.107,0.981,3,16
212697,0.0,0.0,0.04,0.044,0.107,0.981,3,16
212746,0.0,0.0,0.10,0.045,0.110,0.981,3,16
212796,0.0,0.0,0.06,0.045,0.114,0.980,3,16
212848,0.0,0.0,0.11,0.044,0.111,0.981,3,16
212898,0.0,0.0,0.02,0.044,0.109,0.982,3,16
212948,0.0,0.0,0.09,0.045,0.109,0.980,3,16
212998,0.0,0.0,0.09,0.045,0.109,0.980,3,16
213048,0.0,0.0,0.09,0.045,0.111,0.980,3,16
213098,0.0,0.0,0.09,0.045,0.111,0.980,3,16
213148,0.0,0.0,0.14,0.044,0.109,0.979,3,16
213202,0.0,0.0,0.14,0.044,0.109,0.979,3,16
213252,0.0,0.0,0.04,0.042,0.113,0.982,3,16
213303,0.0,0.0,0.04,0.042,0.113,0.982,3,16
213353,0.0,0.0,0.03,0.046,0.110,0.980,3,16
213403,0.0,0.0,0.07,0.045,0.109,0.980,3,16
213453,0.0,0.0,0.01,0.044,0.110,0.980,3,16
213503,0.0,0.0,0.04,0.043,0.111,0.981,3,16
213553,0.0,0.0,0.06,0.044,0.111,0.981,3,16
213603,0.0,0.0,0.06,0.044,0.111,0.981,3,16
213653,0.0,0.0,0.10,0.045,0.111,0.980,3,16
213704,0.0,0.0,0.03,0.044,0.111,0.981,3,16
213754,0.0,0.0,0.05,0.043,0.110,0.980,3,16
213804,0.0,0.0,0.06,0.044,0.110,0.980,3,16
213854,0.0,0.0,0.03,0.044,0.111,0.981,3,16
213904,0.0,0.0,0.03,0.044,0.111,0.981,3,16
213954,0.0,0.0,0.05,0.043,0.109,0.981,3,16
214004,0.0,0.0,0.14,0.044,0.107,0.980,3,16
214054,0.0,0.0,0.11,0.046,0.111,0.979,3,16
214104,0.0,0.0,0.10,0.047,0.116,0.979,3,16
214154,0.0,0.0,0.10,0.044,0.116,0.982,3,16
214205,0.0,0.0,0.10,0.044,0.116,0.982,3,16
214255,0.0,0.0,0.09,0.040,0.104,0.979,3,16
214305,0.0,0.0,0.06,0.047,0.108,0.980,3,16
214355,0.0,0.0,0.11,0.049,0.112,0.982,3,16
214405,0.0,0.0,0.09,0.047,0.115,0.982,3,16
214455,0.0,0.0,0.05,0.040,0.112,0.979,3,16
214505,0.0,0.0,0.05,0.040,0.112,0.979,3,16
214555,0.0,0.0,0.08,0.041,0.111,0.980,3,16
214605,0.0,0.0,0.06,0.048,0.107,0.982,3,16
214655,0.0,0.0,0.01,0.048,0.108,0.980,3,16
214706,0.0,0.0,0.03,0.046,0.110,0.980,3,16
214756,0.0,0.0,0.10,0.041,0.114,0.981,3,16
214806,0.0,0.0,0.10,0.041,0.114,0.981,3,16
214856,0.0,0.0,0.12,0.045,0.110,0.981,3,16
214906,0.0,0.0,0.11,0.045,0.109,0.981,3,16
214956,0.0,0.0,0.09,0.044,0.111,0.980,3,16
215006,0.0,0.0,0.07,0.043,0.112,0.980,3,16
215056,0.0,0.0,0.07,0.044,0.110,0.981,3,16
215106,0.0,0.0,0.07,0.044,0.110,0.981,3,16
215156,0.0,0.0,0.03,0.043,0.111,0.982,3,16
215207,0.0,0.0,0.03,0.043,0.112,0.979,3,16
215257,0.0,0.0,0.07,0.045,0.112,0.980,3,16
215307,0.0,0.0,0.11,0.046,0.111,0.981,3,16
215357,0.0,0.0,0.07,0.045,0.109,0.981,3,16
215407,0.0,0.0,0.04,0.044,0.111,0.980,3,16
215457,0.0,0.0,0.04,0.044,0.111,0.980,3,16
215507,0.0,0.0,0.09,0.044,0.112,0.981,3,16
215557,0.0,0.0,0.10,0.044,0.111,0.982,3,16
215607,0.0,0.0,0.04,0.044,0.110,0.979,3,16
215657,0.0,0.0,0.06,0.045,0.110,0.981,3,16
215708,0.0,0.0,0.08,0.045,0.112,0.981,3,16
215758,0.0,0.0,0.08,0.045,0.112,0.981,3,16
215808,0.0,0.0,0.08,0.043,0.113,0.980,3,16
215858,0.0,0.0,0.08,0.043,0.113,0.980,3,16
215908,0.0,0.0,0.08,0.043,0.113,0.980,3,16
215958,0.0,0.0,0.09,0.044,0.109,0.981,3,16
216008,0.0,0.0,0.05,0.045,0.112,0.980,3,16
216058,0.0,0.0,0.05,0.045,0.112,0.980,3,16
216108,0.0,0.0,0.03,0.045,0.112,0.980,3,16
216158,0.0,0.0,0.08,0.043,0.110,0.981,3,16
216218,0.0,0.0,0.08,0.043,0.110,0.981,3,16
216267,0.0,0.0,0.08,0.047,0.109,0.979,3,16
216317,0.0,0.0,0.03,0.044,0.112,0.980,3,16
216367,0.0,0.0,0.03,0.044,0.112,0.980,3,16
216417,0.0,0.0,0.06,0.042,0.113,0.981,3,16
216467,0.0,0.0,0.06,0.043,0.111,0.981,3,16
216517,0.0,0.0,0.06,0.043,0.111,0.981,3,16
216567,0.0,0.0,0.06,0.046,0.109,0.979,3,16
216617,0.0,0.0,0.02,0.045,0.111,0.981,3,16
216667,0.0,0.0,0.01,0.044,0.111,0.981,3,16
216721,0.0,0.0,0.08,0.043,0.112,0.981,3,16
216771,0.0,0.0,0.09,0.044,0.111,0.980,3,16
216821,0.0,0.0,0.09,0.044,0.111,0.980,3,16
216871,0.0,0.0,0.03,0.045,0.110,0.980,3,16
216921,0.0,0.0,0.03,0.045,0.111,0.980,3,16
216971,0.0,0.0,0.01,0.045,0.111,0.980,3,16
217021,0.0,0.0,0.05,0.044,0.110,0.981,3,16
217071,0.0,0.0,0.04,0.044,0.111,0.981,3,16
217121,0.0,0.0,0.04,0.044,0.111,0.981,3,16
217171,0.0,0.0,0.03,0.045,0.110,0.980,3,16
217222,0.0,0.0,0.02,0.046,0.111,0.980,3,16
217274,0.0,0.0,0.04,0.045,0.112,0.980,3,16
217323,0.0,0.0,0.01,0.044,0.111,0.981,3,16
217373,0.0,0.0,0.05,0.044,0.110,0.980,3,16
217424,0.0,0.0,0.05,0.044,0.110,0.980,3,16
217473,0.0,0.0,0.03,0.045,0.111,0.981,3,16
217523,0.0,0.0,0.02,0.045,0.111,0.980,3,16
217574,0.0,0.0,0.05,0.044,0.111,0.980,3,16
217623,0.0,0.0,0.07,0.044,0.111,0.980,3,16
217673,0.0,0.0,0.01,0.044,0.111,0.981,3,16
217727,0.0,0.0,0.01,0.044,0.111,0.981,3,16
217776,0.0,0.0,0.04,0.044,0.111,0.980,3,16
217826,0.0,0.0,0.03,0.044,0.111,0.980,3,16
217876,0.0,0.0,0.05,0.044,0.111,0.981,3,16
217926,0.0,0.0,0.02,0.045,0.111,0.980,3,16
217976,0.0,0.0,0.05,0.045,0.110,0.980,3,16
218026,0.0,0.0,0.05,0.045,0.110,0.980,3,16
218076,0.0,0.0,0.03,0.044,0.111,0.980,3,16
218126,0.0,0.0,0.02,0.044,0.112,0.980,3,16
218176,0.0,0.0,0.09,0.045,0.111,0.980,3,16
218228,0.0,0.0,0.07,0.045,0.111,0.980,3,16
218278,0.0,0.0,0.02,0.044,0.110,0.981,3,16
218328,0.0,0.0,0.06,0.044,0.111,0.980,3,16
218378,0.0,0.0,0.06,0.044,0.111,0.980,3,16
218428,0.0,0.0,0.02,0.045,0.111,0.980,3,16
218478,0.0,0.0,0.04,0.044,0.111,0.980,3,16
218528,0.0,0.0,0.03,0.044,0.111,0.980,3,16
218578,0.0,0.0,0.05,0.044,0.111,0.980,3,16
218628,0.0,0.0,0.05,0.044,0.111,0.980,3,16
218678,0.0,0.0,0.05,0.044,0.111,0.980,3,16
218729,0.0,0.0,0.05,0.044,0.111,0.980,3,16
218779,0.0,0.0,0.02,0.044,0.111,0.981,3,16
218830,0.0,0.0,0.06,0.044,0.110,0.981,3,16
218879,0.0,0.0,0.06,0.044,0.110,0.980,3,16
218929,0.0,0.0,0.05,0.045,0.111,0.980,3,16
218980,0.0,0.0,0.05,0.045,0.111,0.980,3,16
219029,0.0,0.0,0.02,0.044,0.111,0.981,3,16
219079,0.0,0.0,0.05,0.044,0.111,0.981,3,16
219130,0.0,0.0,0.02,0.044,0.110,0.980,3,16
219179,0.0,0.0,0.05,0.044,0.110,0.981,3,16
219230,0.0,0.0,0.04,0.045,0.111,0.980,3,16
219280,0.0,0.0,0.04,0.045,0.111,0.980,3,16
219330,0.0,0.0,0.03,0.045,0.111,0.981,3,16
219380,0.0,0.0,0.03,0.045,0.111,0.981,3,16
219430,0.0,0.0,0.02,0.045,0.111,0.981,3,16
219480,0.0,0.0,0.01,0.044,0.111,0.980,3,16
219530,0.0,0.0,0.04,0.044,0.111,0.980,3,16
219580,0.0,0.0,0.04,0.044,0.111,0.980,3,16
219630,0.0,0.0,0.07,0.044,0.111,0.980,3,16
219680,0.0,0.0,0.04,0.044,0.111,0.980,3,16
219731,0.0,0.0,0.02,0.044,0.110,0.980,3,16
219781,0.0,0.0,0.03,0.044,0.110,0.980,3,16
219831,0.0,0.0,0.07,0.044,0.111,0.980,3,16
219881,0.0,0.0,0.07,0.044,0.111,0.980,3,16
219931,0.0,0.0,0.07,0.044,0.111,0.980,3,16
219981,0.0,0.0,0.05,0.044,0.111,0.981,3,16
220031,0.0,0.0,0.02,0.044,0.111,0.981,3,16
220081,0.0,0.0,0.03,0.045,0.110,0.981,3,16
220131,0.0,0.0,0.03,0.043,0.111,0.981,3,16
220181,0.0,0.0,0.03,0.043,0.111,0.981,3,16
220232,0.0,0.0,0.04,0.044,0.111,0.980,3,16
220282,0.0,0.0,0.06,0.046,0.110,0.980,3,16
220332,0.0,0.0,0.04,0.046,0.110,0.981,3,16
220382,0.0,0.0,0.05,0.042,0.112,0.981,3,16
220432,0.0,0.0,0.08,0.043,0.111,0.980,3,16
220482,0.0,0.0,0.08,0.043,0.111,0.980,3,16
220532,0.0,0.0,0.05,0.046,0.109,0.981,3,16
220582,0.0,0.0,0.06,0.046,0.109,0.980,3,16
220632,0.0,0.0,0.06,0.046,0.109,0.980,3,16
220682,0.0,0.0,0.05,0.043,0.112,0.981,3,16
220733,0.0,0.0,0.09,0.043,0.112,0.981,3,16
220783,0.0,0.0,0.09,0.043,0.112,0.981,3,16
220833,0.0,0.0,0.09,0.044,0.109,0.980,3,16
220883,0.0,0.0,0.05,0.044,0.109,0.980,3,16
220933,0.0,0.0,0.04,0.044,0.109,0.981,3,16
220983,0.0,0.0,0.07,0.045,0.112,0.980,3,16
221033,0.0,0.0,0.09,0.043,0.112,0.980,3,16
221083,0.0,0.0,0.09,0.043,0.112,0.980,3,16
221133,0.0,0.0,0.02,0.042,0.105,0.982,3,16
221183,0.0,0.0,0.06,0.043,0.111,0.976,3,16
221242,0.0,0.0,0.06,0.043,0.111,0.976,3,16
221292,0.0,0.0,0.12,0.050,0.125,0.978,3,16
221342,0.0,0.0,0.08,0.041,0.099,0.989,3,16
221392,0.0,0.0,0.08,0.041,0.099,0.989,3,16
221442,0.0,0.0,0.08,0.041,0.099,0.989,3,16
221492,0.0,0.0,0.09,0.040,0.104,0.978,3,16
221544,0.0,0.0,0.09,0.040,0.104,0.978,3,16
221593,0.0,0.0,0.09,0.048,0.118,0.984,3,16
221643,0.0,0.0,0.11,0.044,0.106,0.979,3,16
221693,0.0,0.0,0.11,0.044,0.106,0.979,3,16
221745,0.0,0.0,0.04,0.042,0.109,0.979,3,16
221795,0.0,0.0,0.11,0.045,0.112,0.982,3,16
221846,0.0,0.0,0.11,0.045,0.112,0.982,3,16
221895,0.0,0.0,0.06,0.046,0.112,0.979,3,16
221945,0.0,0.0,0.06,0.043,0.109,0.980,3,16
221996,0.0,0.0,0.06,0.043,0.109,0.980,3,16
222045,0.0,0.0,0.01,0.043,0.110,0.981,3,16
222095,0.0,0.0,0.04,0.046,0.112,0.979,3,16
222146,0.0,0.0,0.04,0.046,0.112,0.979,3,16
222195,0.0,0.0,0.02,0.045,0.111,0.981,3,16
222246,0.0,0.0,0.06,0.043,0.110,0.981,3,16
222297,0.0,0.0,0.06,0.043,0.110,0.981,3,16
222346,0.0,0.0,0.04,0.043,0.111,0.980,3,16
222396,0.0,0.0,0.02,0.045,0.111,0.981,3,16
222446,0.0,0.0,0.02,0.045,0.111,0.981,3,16
222496,0.0,0.0,0.02,0.045,0.109,0.980,3,16
222546,0.0,0.0,0.01,0.043,0.110,0.980,3,16
222596,0.0,0.0,0.01,0.043,0.110,0.980,3,16
222646,0.0,0.0,0.05,0.043,0.111,0.980,3,16
222696,0.0,0.0,0.06,0.044,0.111,0.980,3,16
222747,0.0,0.0,0.06,0.044,0.111,0.980,3,16
222797,0.0,0.0,0.04,0.045,0.110,0.981,3,16
222847,0.0,0.0,0.07,0.045,0.110,0.980,3,16
222897,0.0,0.0,0.07,0.045,0.110,0.980,3,16
222947,0.0,0.0,0.09,0.044,0.110,0.981,3,16
222997,0.0,0.0,0.01,0.043,0.112,0.981,3,16
223049,0.0,0.0,0.01,0.043,0.112,0.981,3,16
223099,0.0,0.0,0.03,0.045,0.111,0.980,3,16
223149,0.0,0.0,0.06,0.045,0.109,0.980,3,16
223199,0.0,0.0,0.06,0.045,0.109,0.980,3,16
223253,0.0,0.0,0.06,0.043,0.111,0.981,3,16
223303,0.0,0.0,0.04,0.044,0.111,0.981,3,16
223353,0.0,0.0,0.04,0.045,0.110,0.980,3,16
223403,0.0,0.0,0.04,0.045,0.110,0.980,3,16
223453,0.0,0.0,0.00,0.043,0.111,0.981,3,16
223503,0.0,0.0,0.00,0.043,0.111,0.981,3,16
223553,0.0,0.0,0.00,0.043,0.111,0.980,3,16
223603,0.0,0.0,0.07,0.045,0.109,0.980,3,16
223653,0.0,0.0,0.04,0.045,0.110,0.981,3,16
223703,0.0,0.0,0.04,0.045,0.110,0.981,3,16
223754,0.0,0.0,0.19,0.042,0.112,0.981,3,16
223804,0.0,0.0,0.19,0.042,0.112,0.981,3,16
223854,0.0,0.0,0.07,0.044,0.111,0.981,3,16
223904,0.0,0.0,0.10,0.046,0.109,0.980,3,16
223954,0.0,0.0,0.12,0.043,0.110,0.980,3,16
224004,0.0,0.0,0.12,0.043,0.110,0.980,3,16
224054,0.0,0.0,0.03,0.044,0.111,0.981,3,16
224104,0.0,0.0,0.03,0.044,0.111,0.981,3,16
224154,0.0,0.0,0.06,0.045,0.111,0.980,3,16
224204,0.0,0.0,0.06,0.045,0.111,0.980,3,16
224256,0.0,0.0,0.05,0.044,0.110,0.981,3,16
224305,0.0,0.0,0.05,0.044,0.110,0.981,3,16
224355,0.0,0.0,0.03,0.045,0.111,0.980,3,16
224405,0.0,0.0,0.03,0.045,0.111,0.980,3,16
224455,0.0,0.0,0.09,0.043,0.111,0.980,3,16
224505,0.0,0.0,0.09,0.044,0.110,0.980,3,16
224555,0.0,0.0,0.08,0.045,0.111,0.980,3,16
224605,0.0,0.0,0.08,0.045,0.111,0.980,3,16
224655,0.0,0.0,0.07,0.043,0.111,0.981,3,16
224705,0.0,0.0,0.07,0.043,0.111,0.981,3,16
224756,0.0,0.0,0.05,0.044,0.110,0.980,3,16
224806,0.0,0.0,0.01,0.045,0.110,0.980,3,16
224856,0.0,0.0,0.11,0.045,0.111,0.980,3,16
224906,0.0,0.0,0.11,0.045,0.111,0.980,3,16
224956,0.0,0.0,0.09,0.044,0.111,0.981,3,16
225006,0.0,0.0,0.19,0.044,0.111,0.980,3,16
225056,0.0,0.0,0.10,0.045,0.110,0.980,3,16
225106,0.0,0.0,0.07,0.045,0.110,0.981,3,16
225156,0.0,0.0,0.11,0.043,0.111,0.981,3,16
225206,0.0,0.0,0.11,0.043,0.111,0.981,3,16
225257,0.0,0.0,0.09,0.044,0.112,0.981,3,16
225307,0.0,0.0,0.01,0.045,0.110,0.981,3,16
225357,0.0,0.0,0.07,0.045,0.110,0.981,3,16
225407,0.0,0.0,0.06,0.044,0.109,0.980,3,16
225457,0.0,0.0,0.01,0.044,0.110,0.981,3,16
225507,0.0,0.0,0.01,0.044,0.110,0.981,3,16
225557,0.0,0.0,0.09,0.044,0.111,0.981,3,16
225607,0.0,0.0,0.18,0.044,0.111,0.980,3,16
225657,0.0,0.0,0.05,0.044,0.111,0.980,3,16
225707,0.0,0.0,0.13,0.045,0.110,0.980,3,16
225758,0.0,0.0,0.10,0.044,0.110,0.980,3,16
225808,0.0,0.0,0.10,0.044,0.110,0.980,3,16
225858,0.0,0.0,0.11,0.044,0.111,0.981,3,16
225908,0.0,0.0,0.10,0.043,0.111,0.981,3,16
225958,0.0,0.0,0.04,0.044,0.111,0.981,3,16
226008,0.0,0.0,0.05,0.045,0.111,0.981,3,16
226058,0.0,0.0,0.13,0.045,0.109,0.980,3,16
226108,0.0,0.0,0.13,0.045,0.109,0.980,3,16
226158,0.0,0.0,0.16,0.043,0.111,0.981,3,16
226208,0.0,0.0,0.12,0.044,0.112,0.981,3,16
226259,0.0,0.0,0.11,0.045,0.111,0.981,3,16
226309,0.0,0.0,0.14,0.045,0.109,0.981,3,16
226359,0.0,0.0,0.14,0.044,0.111,0.981,3,16
226409,0.0,0.0,0.14,0.044,0.111,0.981,3,16
226459,0.0,0.0,0.18,0.045,0.112,0.980,3,16
226509,0.0,0.0,0.10,0.044,0.111,0.980,3,16
226559,0.0,0.0,0.05,0.044,0.110,0.980,3,16
226609,0.0,0.0,0.11,0.044,0.109,0.981,3,16
226659,0.0,0.0,0.04,0.044,0.110,0.981,3,16
226709,0.0,0.0,0.04,0.044,0.110,0.981,3,16
226770,0.0,0.0,0.07,0.044,0.112,0.980,3,16
226820,0.0,0.0,0.04,0.044,0.110,0.981,3,16
226870,0.0,0.0,0.04,0.044,0.110,0.981,3,16
226920,0.0,0.0,0.13,0.044,0.109,0.981,3,16
226970,0.0,0.0,0.13,0.044,0.109,0.981,3,16
227022,0.0,0.0,0.13,0.044,0.109,0.981,3,16
227072,0.0,0.0,0.07,0.045,0.111,0.980,3,16
227122,0.0,0.0,0.04,0.044,0.110,0.981,3,16
227172,0.0,0.0,0.04,0.044,0.110,0.980,3,16
227222,0.0,0.0,0.04,0.044,0.110,0.980,3,16
227273,0.0,0.0,0.10,0.045,0.111,0.980,3,16
227325,0.0,0.0,0.10,0.045,0.111,0.980,3,16
227374,0.0,0.0,0.10,0.044,0.111,0.980,3,16
227424,0.0,0.0,0.02,0.044,0.110,0.980,3,16
227475,0.0,0.0,0.06,0.044,0.110,0.980,3,16
227524,0.0,0.0,0.07,0.044,0.111,0.980,3,16
227574,0.0,0.0,0.05,0.044,0.111,0.980,3,16
227625,0.0,0.0,0.05,0.044,0.111,0.980,3,16
227674,0.0,0.0,0.03,0.044,0.110,0.980,3,16
227724,0.0,0.0,0.10,0.044,0.111,0.980,3,16
227775,0.0,0.0,0.05,0.044,0.111,0.980,3,16
227825,0.0,0.0,0.05,0.044,0.111,0.980,3,16
227875,0.0,0.0,0.11,0.044,0.110,0.980,3,16
227927,0.0,0.0,0.11,0.044,0.110,0.980,3,16
227976,0.0,0.0,0.07,0.045,0.110,0.980,3,16
228026,0.0,0.0,0.07,0.044,0.111,0.980,3,16
228077,0.0,0.0,0.10,0.044,0.111,0.981,3,16
228126,0.0,0.0,0.04,0.044,0.111,0.981,3,16
228176,0.0,0.0,0.08,0.044,0.110,0.980,3,16
228227,0.0,0.0,0.08,0.044,0.110,0.980,3,16
228279,0.0,0.0,0.12,0.044,0.110,0.980,3,16
228329,0.0,0.0,0.06,0.044,0.110,0.981,3,16
228379,0.0,0.0,0.06,0.044,0.111,0.980,3,16
228429,0.0,0.0,0.10,0.044,0.111,0.980,3,16
228479,0.0,0.0,0.04,0.044,0.110,0.980,3,16
228529,0.0,0.0,0.04,0.044,0.110,0.980,3,16
228579,0.0,0.0,0.04,0.044,0.110,0.981,3,16
228629,0.0,0.0,0.09,0.045,0.111,0.980,3,16
228679,0.0,0.0,0.07,0.044,0.112,0.980,3,16
228729,0.0,0.0,0.09,0.044,0.111,0.980,3,16
228780,0.0,0.0,0.05,0.044,0.110,0.981,3,16
228830,0.0,0.0,0.05,0.044,0.110,0.981,3,16
228881,0.0,0.0,0.06,0.045,0.111,0.980,3,16
228930,0.0,0.0,0.08,0.044,0.111,0.981,3,16
228980,0.0,0.0,0.02,0.044,0.110,0.981,3,16
229031,0.0,0.0,0.02,0.044,0.110,0.981,3,16
229080,0.0,0.0,0.06,0.044,0.110,0.981,3,16
229130,0.0,0.0,0.06,0.044,0.110,0.981,3,16
229181,0.0,0.0,0.07,0.045,0.111,0.980,3,16
229230,0.0,0.0,0.02,0.044,0.111,0.981,3,16
229281,0.0,0.0,0.03,0.043,0.111,0.981,3,16
229331,0.0,0.0,0.10,0.044,0.111,0.982,3,16
229381,0.0,0.0,0.09,0.045,0.109,0.980,3,16
229431,0.0,0.0,0.06,0.044,0.110,0.980,3,16
229481,0.0,0.0,0.06,0.044,0.110,0.980,3,16
229531,0.0,0.0,0.04,0.044,0.112,0.981,3,16
229581,0.0,0.0,0.01,0.044,0.111,0.980,3,16
229631,0.0,0.0,0.01,0.044,0.111,0.980,3,16
229681,0.0,0.0,0.04,0.044,0.110,0.980,3,16
229731,0.0,0.0,0.04,0.044,0.110,0.980,3,16
229782,0.0,0.0,0.04,0.044,0.110,0.980,3,16
229832,0.0,0.0,0.04,0.044,0.111,0.981,3,16
229882,0.0,0.0,0.10,0.045,0.110,0.980,3,16
229932,0.0,0.0,0.05,0.044,0.109,0.980,3,16
229982,0.0,0.0,0.09,0.044,0.110,0.981,3,16
230032,0.0,0.0,0.06,0.045,0.112,0.981,3,16
230082,0.0,0.0,0.06,0.045,0.112,0.981,3,16
230132,0.0,0.0,0.01,0.044,0.109,0.981,3,16
230182,0.0,0.0,0.05,0.044,0.110,0.981,3,16
230232,0.0,0.0,0.05,0.044,0.110,0.981,3,16
230283,0.0,0.0,0.10,0.045,0.112,0.981,3,16
230333,0.0,0.0,0.01,0.044,0.110,0.981,3,16
230383,0.0,0.0,0.01,0.044,0.110,0.981,3,16
230433,0.0,0.0,0.03,0.044,0.110,0.980,3,16
230483,0.0,0.0,0.08,0.044,0.111,0.981,3,16
230533,0.0,0.0,0.02,0.045,0.111,0.981,3,16
230583,0.0,0.0,0.03,0.044,0.110,0.980,3,16
230633,0.0,0.0,0.08,0.044,0.110,0.981,3,16
230683,0.0,0.0,0.08,0.044,0.110,0.981,3,16
230733,0.0,0.0,0.04,0.044,0.111,0.981,3,16
