timestamp_ms,pri_rpm,sec_rpm,speed_mph,g_x,g_y,g_z,fix_status,sat_count
628,0.0,0.0,0.00,0.000,0.000,0.000,0,0
678,0.0,0.0,0.00,0.000,0.000,0.000,0,0
728,0.0,0.0,0.00,0.000,0.000,0.000,0,0
778,0.0,0.0,0.00,0.000,0.000,0.000,0,0
828,0.0,0.0,0.00,0.000,0.000,0.000,0,0
878,0.0,0.0,0.00,0.000,0.000,0.000,0,0
928,0.0,0.0,0.00,0.000,0.000,0.000,0,0
978,0.0,0.0,0.00,0.000,0.000,0.000,0,0
1028,0.0,0.0,0.00,0.000,0.000,0.000,0,0
1078,0.0,0.0,0.00,0.000,0.000,0.000,0,0
1128,0.0,0.0,0.00,0.000,0.000,0.000,0,0
1178,0.0,0.0,0.00,0.000,0.000,0.000,0,0
1228,0.0,0.0,0.00,0.000,0.000,0.000,0,0
1278,0.0,0.0,0.00,0.000,0.000,0.000,0,0
1328,0.0,0.0,0.00,0.000,0.000,0.000,0,0
1378,0.0,0.0,0.00,0.000,0.000,0.000,0,0
1428,0.0,0.0,0.00,0.000,0.000,0.000,0,0
1478,0.0,0.0,0.00,0.000,0.000,0.000,0,0
1528,0.0,0.0,0.00,0.000,0.000,0.000,0,0
1578,0.0,0.0,0.00,0.000,0.000,0.000,0,0
1628,0.0,0.0,0.00,0.000,0.000,0.000,0,0
1678,0.0,0.0,0.00,0.000,0.000,0.000,0,0
1728,0.0,0.0,0.00,0.000,0.000,0.000,0,0
1778,0.0,0.0,0.00,0.000,0.000,0.000,0,0
1829,0.0,0.0,0.00,0.000,0.000,0.000,0,0
1878,0.0,0.0,0.00,0.000,0.000,0.000,0,0
1928,0.0,0.0,0.00,0.000,0.000,0.000,0,0
1980,0.0,0.0,0.00,0.000,0.000,0.000,0,0
2029,0.0,0.0,0.00,0.000,0.000,0.000,0,0
2080,0.0,0.0,0.00,0.000,0.000,0.000,0,0
2131,0.0,0.0,0.00,0.000,0.000,0.000,0,0
2181,0.0,0.0,0.00,0.000,0.000,0.000,0,0
2230,0.0,0.0,0.00,0.000,0.000,0.000,0,0
2281,0.0,0.0,0.00,0.000,0.000,0.000,0,0
2330,0.0,0.0,0.00,0.000,0.000,0.000,0,0
2380,0.0,0.0,0.00,0.000,0.000,0.000,0,0
2430,0.0,0.0,0.00,0.000,0.000,0.000,0,0
2480,0.0,0.0,0.00,0.000,0.000,0.000,0,0
2530,0.0,0.0,0.00,0.000,0.000,0.000,0,0
2580,0.0,0.0,0.00,0.000,0.000,0.000,0,0
2630,0.0,0.0,0.00,0.000,0.000,0.000,0,0
2682,0.0,0.0,0.00,1.009,0.003,0.002,87,0
2732,0.0,0.0,0.27,0.040,0.054,0.977,3,14
2781,0.0,0.0,0.24,0.040,0.054,0.977,3,14
2832,0.0,0.0,0.00,0.042,0.050,0.989,0,0
2883,0.0,0.0,0.00,0.044,0.050,0.987,0,0
2932,0.0,0.0,0.00,0.046,0.047,0.988,0,0
2982,0.0,0.0,0.00,0.048,0.048,0.984,0,0
3032,0.0,0.0,0.00,0.047,0.049,0.986,0,0
3082,0.0,0.0,0.00,0.045,0.050,0.986,0,0
3132,0.0,0.0,0.00,0.045,0.050,0.986,0,0
3182,0.0,0.0,0.00,0.045,0.048,0.985,0,0
3232,0.0,0.0,0.00,0.046,0.048,0.985,0,0
3282,0.0,0.0,0.00,0.046,0.049,0.985,0,0
3332,0.0,0.0,0.00,0.046,0.050,0.984,0,0
3382,0.0,0.0,0.00,0.046,0.049,0.984,0,0
3432,0.0,0.0,0.00,0.046,0.049,0.984,0,0
3483,0.0,0.0,0.00,0.046,0.049,0.984,0,0
3532,0.0,0.0,0.00,0.046,0.048,0.984,0,0
3582,0.0,0.0,0.00,0.045,0.049,0.985,0,0
3632,0.0,0.0,0.00,0.046,0.050,0.984,0,0
3682,0.0,0.0,0.00,0.047,0.049,0.983,0,0
3732,0.0,0.0,0.00,0.047,0.049,0.983,0,0
3782,0.0,0.0,0.00,0.047,0.047,0.984,0,0
3832,0.0,0.0,0.00,0.048,0.049,0.984,0,0
3882,0.0,0.0,0.00,0.049,0.051,0.984,0,0
3932,0.0,0.0,0.00,0.044,0.050,0.984,0,0
3982,0.0,0.0,0.00,0.041,0.048,0.984,0,0
4032,0.0,0.0,0.00,0.041,0.046,0.983,0,0
4082,0.0,0.0,0.00,0.043,0.046,0.982,0,0
4132,0.0,0.0,0.00,0.047,0.048,0.982,0,0
4182,0.0,0.0,0.00,0.051,0.050,0.982,0,0
4232,0.0,0.0,0.00,0.050,0.050,0.982,0,0
4282,0.0,0.0,0.00,0.044,0.049,0.983,0,0
4332,0.0,0.0,0.00,0.044,0.049,0.983,0,0
4382,0.0,0.0,0.00,0.042,0.049,0.982,0,0
4432,0.0,0.0,0.00,0.044,0.049,0.983,0,0
4482,0.0,0.0,0.00,0.046,0.049,0.982,0,0
4532,0.0,0.0,0.00,0.049,0.048,0.982,0,0
4582,0.0,0.0,0.00,0.048,0.048,0.982,0,0
4632,0.0,0.0,0.00,0.046,0.049,0.982,0,0
4682,0.0,0.0,0.00,0.045,0.050,0.983,0,0
4732,0.0,0.0,0.00,0.044,0.051,0.983,0,0
4782,0.0,0.0,0.00,0.045,0.048,0.982,0,0
4832,0.0,0.0,0.00,0.047,0.048,0.982,0,0
4882,0.0,0.0,0.00,0.048,0.048,0.982,0,0
4932,0.0,0.0,0.00,0.048,0.048,0.982,0,0
4982,0.0,0.0,0.00,0.045,0.050,0.982,0,0
5032,0.0,0.0,0.00,0.045,0.050,0.982,0,0
5082,0.0,0.0,0.00,0.044,0.049,0.982,0,0
5133,0.0,0.0,0.00,0.046,0.048,0.983,0,0
5183,0.0,0.0,0.00,0.047,0.049,0.982,0,0
5233,0.0,0.0,0.00,0.047,0.049,0.982,0,0
5283,0.0,0.0,0.00,0.046,0.049,0.982,0,0
5333,0.0,0.0,0.00,0.046,0.048,0.983,0,0
5383,0.0,0.0,0.00,0.046,0.049,0.982,0,0
5433,0.0,0.0,0.00,0.046,0.049,0.982,0,0
5483,0.0,0.0,0.00,0.047,0.049,0.982,0,0
5533,0.0,0.0,0.00,0.047,0.049,0.982,0,0
5583,0.0,0.0,0.00,0.046,0.048,0.982,0,0
5633,0.0,0.0,0.00,0.045,0.049,0.983,0,0
5683,0.0,0.0,0.00,0.045,0.048,0.982,0,0
5733,0.0,0.0,0.00,0.046,0.048,0.983,0,0
5783,0.0,0.0,0.00,0.048,0.049,0.982,0,0
5833,0.0,0.0,0.00,0.047,0.049,0.983,0,0
5883,0.0,0.0,0.00,0.046,0.050,0.982,0,0
5933,0.0,0.0,0.00,0.045,0.049,0.982,0,0
5983,0.0,0.0,0.00,0.046,0.048,0.982,0,0
6033,0.0,0.0,0.00,0.047,0.049,0.982,0,0
6083,0.0,0.0,0.00,0.048,0.049,0.982,0,0
6133,0.0,0.0,0.00,0.047,0.050,0.982,0,0
6183,0.0,0.0,0.00,0.045,0.049,0.982,0,0
6233,0.0,0.0,0.00,0.045,0.048,0.982,0,0
6283,0.0,0.0,0.00,0.046,0.048,0.982,0,0
6333,0.0,0.0,0.00,0.047,0.049,0.982,0,0
6383,0.0,0.0,0.00,0.047,0.049,0.982,0,0
6433,0.0,0.0,0.00,0.046,0.049,0.982,0,0
6483,0.0,0.0,0.00,0.046,0.048,0.982,0,0
6533,0.0,0.0,0.00,0.046,0.048,0.982,0,0
6583,0.0,0.0,0.00,0.046,0.049,0.982,0,0
6633,0.0,0.0,0.00,0.046,0.049,0.983,0,0
6683,0.0,0.0,0.00,0.046,0.049,0.982,0,0
6733,0.0,0.0,0.00,0.046,0.049,0.982,0,0
6783,0.0,0.0,0.00,0.045,0.049,0.982,0,0
6833,0.0,0.0,0.00,0.045,0.049,0.982,0,0
6883,0.0,0.0,0.00,0.046,0.049,0.983,0,0
6933,0.0,0.0,0.00,0.046,0.049,0.983,0,0
6983,0.0,0.0,0.00,0.046,0.049,0.983,0,0
7033,0.0,0.0,0.00,0.047,0.049,0.982,0,0
7083,0.0,0.0,0.00,0.047,0.049,0.982,0,0
7133,0.0,0.0,0.00,0.046,0.049,0.983,0,0
7185,0.0,0.0,0.00,0.046,0.049,0.982,0,0
7234,0.0,0.0,0.00,0.046,0.049,0.982,0,0
7284,0.0,0.0,0.00,0.047,0.050,0.983,0,0
7335,0.0,0.0,0.00,0.047,0.049,0.983,0,0
7384,0.0,0.0,0.00,0.047,0.049,0.983,0,0
7434,0.0,0.0,0.00,0.045,0.047,0.982,0,0
7484,0.0,0.0,0.00,0.045,0.048,0.983,0,0
7534,0.0,0.0,0.00,0.045,0.048,0.983,0,0
7584,0.0,0.0,0.00,0.047,0.050,0.983,0,0
7634,0.0,0.0,0.00,0.047,0.051,0.982,0,0
7684,0.0,0.0,0.00,0.047,0.051,0.981,0,0
7734,0.0,0.0,0.00,0.045,0.048,0.982,0,0
7784,0.0,0.0,0.00,0.045,0.047,0.983,0,0
7834,0.0,0.0,0.00,0.045,0.047,0.983,0,0
7884,0.0,0.0,0.00,0.050,0.048,0.983,0,0
7934,0.0,0.0,0.00,0.049,0.049,0.981,0,0
7984,0.0,0.0,0.00,0.047,0.051,0.982,0,0
8034,0.0,0.0,0.00,0.044,0.049,0.983,0,0
8084,0.0,0.0,0.00,0.045,0.047,0.983,0,0
8134,0.0,0.0,0.00,0.045,0.047,0.983,0,0
8184,0.0,0.0,0.00,0.048,0.047,0.982,0,0
8234,0.0,0.0,0.00,0.048,0.049,0.983,0,0
8284,0.0,0.0,0.00,0.047,0.050,0.983,0,0
8334,0.0,0.0,0.00,0.044,0.050,0.983,0,0
8384,0.0,0.0,0.00,0.046,0.048,0.982,0,0
8434,0.0,0.0,0.00,0.046,0.048,0.982,0,0
8484,0.0,0.0,0.00,0.047,0.048,0.983,0,0
8534,0.0,0.0,0.00,0.046,0.050,0.983,0,0
8584,0.0,0.0,0.00,0.045,0.050,0.983,0,0
8635,0.0,0.0,0.00,0.045,0.048,0.983,0,0
8685,0.0,0.0,0.00,0.046,0.048,0.983,0,0
8736,0.0,0.0,0.00,0.046,0.048,0.983,0,0
8785,0.0,0.0,0.00,0.050,0.051,0.983,0,0
8835,0.0,0.0,0.00,0.051,0.051,0.982,0,0
8886,0.0,0.0,0.00,0.049,0.050,0.982,0,0
8935,0.0,0.0,0.00,0.044,0.045,0.981,0,0
8985,0.0,0.0,0.00,0.042,0.045,0.982,0,0
9036,0.0,0.0,0.00,0.042,0.045,0.982,0,0
9085,0.0,0.0,0.00,0.044,0.055,0.984,0,0
9135,0.0,0.0,0.00,0.044,0.055,0.984,0,0
9186,0.0,0.0,0.00,0.047,0.052,0.982,0,0
9235,0.0,0.0,0.00,0.049,0.042,0.982,0,0
9285,0.0,0.0,0.00,0.048,0.043,0.982,0,0
9336,0.0,0.0,0.00,0.048,0.043,0.982,0,0
9385,0.0,0.0,0.00,0.045,0.052,0.983,0,0
9435,0.0,0.0,0.00,0.045,0.053,0.983,0,0
9486,0.0,0.0,0.00,0.046,0.051,0.983,0,0
9535,0.0,0.0,0.00,0.047,0.046,0.982,0,0
9585,0.0,0.0,0.00,0.046,0.049,0.983,0,0
9636,0.0,0.0,0.00,0.046,0.049,0.983,0,0
9685,0.0,0.0,0.00,0.046,0.051,0.983,0,0
9735,0.0,0.0,0.00,0.046,0.049,0.983,0,0
9786,0.0,0.0,0.00,0.047,0.047,0.982,0,0
9835,0.0,0.0,0.00,0.046,0.048,0.982,0,0
9885,0.0,0.0,0.00,0.046,0.049,0.983,0,0
9936,0.0,0.0,0.00,0.046,0.049,0.983,0,0
9985,0.0,0.0,0.00,0.045,0.050,0.982,0,0
10035,0.0,0.0,0.00,0.046,0.049,0.982,0,0
10086,0.0,0.0,0.00,0.046,0.048,0.982,0,0
10136,0.0,0.0,0.00,0.046,0.048,0.983,0,0
10186,0.0,0.0,0.00,0.045,0.051,0.983,0,0
10236,0.0,0.0,0.00,0.045,0.051,0.983,0,0
10286,0.0,0.0,0.00,0.046,0.049,0.983,0,0
10336,0.0,0.0,0.00,0.045,0.048,0.983,0,0
10386,0.0,0.0,0.00,0.045,0.047,0.984,0,0
10436,0.0,0.0,0.00,0.047,0.049,0.984,0,0
10486,0.0,0.0,0.00,0.048,0.046,0.983,0,0
10536,0.0,0.0,0.00,0.048,0.046,0.983,0,0
10586,0.0,0.0,0.00,0.047,0.046,0.981,0,0
10636,0.0,0.0,0.00,0.045,0.051,0.981,0,0
10686,0.0,0.0,0.00,0.045,0.053,0.983,0,0
10736,0.0,0.0,0.00,0.046,0.049,0.983,0,0
10786,0.0,0.0,0.00,0.048,0.045,0.982,0,0
10836,0.0,0.0,0.00,0.048,0.045,0.982,0,0
10886,0.0,0.0,0.00,0.046,0.047,0.983,0,0
10936,0.0,0.0,0.00,0.044,0.048,0.983,0,0
10986,0.0,0.0,0.00,0.043,0.049,0.983,0,0
11036,0.0,0.0,0.00,0.047,0.049,0.982,0,0
11086,0.0,0.0,0.00,0.048,0.048,0.982,0,0
11136,0.0,0.0,0.00,0.048,0.048,0.982,0,0
11186,0.0,0.0,0.00,0.046,0.047,0.983,0,0
11236,0.0,0.0,0.00,0.045,0.046,0.983,0,0
11286,0.0,0.0,0.00,0.043,0.046,0.982,0,0
11336,0.0,0.0,0.00,0.044,0.048,0.984,0,0
11386,0.0,0.0,0.00,0.047,0.049,0.983,0,0
11436,0.0,0.0,0.00,0.047,0.049,0.983,0,0
11486,0.0,0.0,0.00,0.046,0.048,0.983,0,0
11536,0.0,0.0,0.00,0.046,0.048,0.983,0,0
11586,0.0,0.0,0.00,0.045,0.048,0.983,0,0
11636,0.0,0.0,0.00,0.046,0.048,0.983,0,0
11686,0.0,0.0,0.00,0.045,0.048,0.983,0,0
11736,0.0,0.0,0.00,0.045,0.048,0.983,0,0
11786,0.0,0.0,0.00,0.045,0.046,0.983,0,0
11836,0.0,0.0,0.00,0.045,0.045,0.983,0,0
11886,0.0,0.0,0.00,0.045,0.047,0.983,0,0
11936,0.0,0.0,0.00,0.046,0.049,0.984,0,0
11986,0.0,0.0,0.00,0.046,0.048,0.983,0,0
12036,0.0,0.0,0.00,0.046,0.048,0.983,0,0
12086,0.0,0.0,0.00,0.045,0.047,0.983,0,0
12136,0.0,0.0,0.00,0.045,0.047,0.983,0,0
12186,0.0,0.0,0.00,0.046,0.047,0.983,0,0
12236,0.0,0.0,0.00,0.046,0.047,0.984,0,0
12286,0.0,0.0,0.00,0.046,0.049,0.983,0,0
12336,0.0,0.0,0.00,0.046,0.049,0.983,0,0
12386,0.0,0.0,0.00,0.045,0.048,0.983,0,0
12436,0.0,0.0,0.00,0.045,0.047,0.983,0,0
12486,0.0,0.0,0.00,0.045,0.047,0.983,0,0
12536,0.0,0.0,0.00,0.045,0.047,0.983,0,0
12586,0.0,0.0,0.00,0.045,0.047,0.983,0,0
12636,0.0,0.0,0.00,0.045,0.047,0.983,0,0
12686,0.0,0.0,0.00,0.045,0.047,0.983,0,0
12736,0.0,0.0,0.00,0.045,0.048,0.983,0,0
12786,0.0,0.0,0.00,0.045,0.048,0.983,0,0
12836,0.0,0.0,0.00,0.046,0.048,0.982,0,0
12886,0.0,0.0,0.00,0.046,0.047,0.983,0,0
12936,0.0,0.0,0.00,0.046,0.047,0.983,0,0
12986,0.0,0.0,0.00,0.046,0.047,0.983,0,0
13036,0.0,0.0,0.00,0.045,0.047,0.983,0,0
13086,0.0,0.0,0.00,0.044,0.047,0.983,0,0
13136,0.0,0.0,0.00,0.045,0.047,0.983,0,0
13186,0.0,0.0,0.00,0.046,0.047,0.983,0,0
13236,0.0,0.0,0.00,0.046,0.047,0.983,0,0
13286,0.0,0.0,0.00,0.046,0.047,0.983,0,0
13336,0.0,0.0,0.00,0.045,0.047,0.983,0,0
13386,0.0,0.0,0.00,0.045,0.048,0.983,0,0
13436,0.0,0.0,0.00,0.045,0.047,0.983,0,0
13486,0.0,0.0,0.00,0.046,0.047,0.983,0,0
13536,0.0,0.0,0.00,0.046,0.047,0.983,0,0
13586,0.0,0.0,0.00,0.046,0.047,0.983,0,0
13636,0.0,0.0,0.00,0.045,0.047,0.983,0,0
13686,0.0,0.0,0.00,0.045,0.047,0.983,0,0
13736,0.0,0.0,0.00,0.045,0.047,0.983,0,0
13786,0.0,0.0,0.00,0.046,0.047,0.983,0,0
13836,0.0,0.0,0.00,0.046,0.047,0.983,0,0
13886,0.0,0.0,0.00,0.045,0.047,0.983,0,0
13936,0.0,0.0,0.00,0.045,0.047,0.983,0,0
13986,0.0,0.0,0.00,0.045,0.047,0.983,0,0
14036,0.0,0.0,0.00,0.045,0.047,0.983,0,0
14086,0.0,0.0,0.00,0.046,0.047,0.983,0,0
14136,0.0,0.0,0.00,0.046,0.047,0.983,0,0
14186,0.0,0.0,0.00,0.045,0.047,0.983,0,0
14236,0.0,0.0,0.00,0.045,0.047,0.983,0,0
14286,0.0,0.0,0.00,0.045,0.047,0.983,0,0
14336,0.0,0.0,0.00,0.045,0.047,0.983,0,0
14386,0.0,0.0,0.00,0.045,0.047,0.983,0,0
14436,0.0,0.0,0.00,0.045,0.047,0.983,0,0
14486,0.0,0.0,0.00,0.045,0.047,0.983,0,0
14536,0.0,0.0,0.00,0.045,0.047,0.983,0,0
14586,0.0,0.0,0.00,0.045,0.047,0.983,0,0
14636,0.0,0.0,0.00,0.045,0.047,0.983,0,0
14686,0.0,0.0,0.00,0.045,0.047,0.983,0,0
14736,0.0,0.0,0.00,0.045,0.047,0.983,0,0
14786,0.0,0.0,0.00,0.045,0.047,0.983,0,0
14836,0.0,0.0,0.00,0.046,0.046,0.983,0,0
14886,0.0,0.0,0.00,0.046,0.047,0.983,0,0
14936,0.0,0.0,0.00,0.045,0.047,0.984,0,0
14986,0.0,0.0,0.00,0.045,0.047,0.984,0,0
15036,0.0,0.0,0.00,0.045,0.047,0.984,0,0
15086,0.0,0.0,0.00,0.046,0.047,0.983,0,0
15136,0.0,0.0,0.00,0.046,0.047,0.983,0,0
15186,0.0,0.0,0.00,0.046,0.047,0.983,0,0
15236,0.0,0.0,0.00,0.045,0.047,0.983,0,0
15286,0.0,0.0,0.00,0.044,0.048,0.983,0,0
15336,0.0,0.0,0.00,0.044,0.048,0.983,0,0
15386,0.0,0.0,0.00,0.045,0.048,0.983,0,0
15436,0.0,0.0,0.00,0.046,0.047,0.983,0,0
15486,0.0,0.0,0.00,0.046,0.047,0.983,0,0
15536,0.0,0.0,0.00,0.045,0.047,0.983,0,0
15586,0.0,0.0,0.00,0.044,0.047,0.984,0,0
15637,0.0,0.0,0.00,0.044,0.047,0.984,0,0
15686,0.0,0.0,0.00,0.046,0.047,0.983,0,0
15736,0.0,0.0,0.00,0.046,0.046,0.983,0,0
15786,0.0,0.0,0.00,0.046,0.046,0.983,0,0
15836,0.0,0.0,0.00,0.045,0.047,0.983,0,0
15886,0.0,0.0,0.00,0.045,0.047,0.983,0,0
15936,0.0,0.0,0.00,0.045,0.047,0.983,0,0
15986,0.0,0.0,0.00,0.046,0.047,0.983,0,0
16036,0.0,0.0,0.00,0.046,0.047,0.983,0,0
16086,0.0,0.0,0.00,0.045,0.047,0.983,0,0
16137,0.0,0.0,0.00,0.045,0.047,0.983,0,0
16187,0.0,0.0,0.00,0.044,0.046,0.984,0,0
16237,0.0,0.0,0.00,0.044,0.046,0.984,0,0
16287,0.0,0.0,0.00,0.046,0.046,0.983,0,0
16337,0.0,0.0,0.00,0.046,0.047,0.983,0,0
16387,0.0,0.0,0.00,0.046,0.048,0.984,0,0
16437,0.0,0.0,0.00,0.045,0.049,0.983,0,0
16487,0.0,0.0,0.00,0.044,0.048,0.983,0,0
16537,0.0,0.0,0.00,0.044,0.048,0.983,0,0
16587,0.0,0.0,0.00,0.045,0.046,0.984,0,0
16637,0.0,0.0,0.00,0.045,0.046,0.983,0,0
16687,0.0,0.0,0.00,0.046,0.045,0.983,0,0
16737,0.0,0.0,0.00,0.046,0.047,0.983,0,0
16787,0.0,0.0,0.00,0.046,0.049,0.984,0,0
16837,0.0,0.0,0.00,0.046,0.049,0.984,0,0
16887,0.0,0.0,0.00,0.043,0.047,0.984,0,0
16937,0.0,0.0,0.00,0.043,0.046,0.983,0,0
16987,0.0,0.0,0.00,0.043,0.046,0.983,0,0
17037,0.0,0.0,0.00,0.046,0.048,0.983,0,0
17087,0.0,0.0,0.00,0.047,0.046,0.983,0,0
17137,0.0,0.0,0.00,0.047,0.046,0.983,0,0
17187,0.0,0.0,0.00,0.045,0.046,0.983,0,0
17237,0.0,0.0,0.00,0.044,0.046,0.984,0,0
17287,0.0,0.0,0.00,0.044,0.047,0.983,0,0
17337,0.0,0.0,0.00,0.046,0.048,0.983,0,0
17387,0.0,0.0,0.00,0.046,0.047,0.983,0,0
17437,0.0,0.0,0.00,0.046,0.047,0.983,0,0
17487,0.0,0.0,0.00,0.046,0.046,0.983,0,0
17537,0.0,0.0,0.00,0.045,0.046,0.983,0,0
17587,0.0,0.0,0.00,0.044,0.047,0.983,0,0
17637,0.0,0.0,0.00,0.045,0.047,0.983,0,0
17687,0.0,0.0,0.00,0.047,0.046,0.983,0,0
17737,0.0,0.0,0.00,0.047,0.046,0.983,0,0
17787,0.0,0.0,0.00,0.047,0.046,0.982,0,0
17837,0.0,0.0,0.00,0.046,0.047,0.983,0,0
17887,0.0,0.0,0.00,0.044,0.047,0.984,0,0
17937,0.0,0.0,0.00,0.042,0.048,0.984,0,0
17987,0.0,0.0,0.00,0.045,0.047,0.983,0,0
18037,0.0,0.0,0.00,0.045,0.047,0.983,0,0
18087,0.0,0.0,0.00,0.047,0.046,0.983,0,0
18137,0.0,0.0,0.00,0.049,0.045,0.982,0,0
18187,0.0,0.0,0.00,0.049,0.045,0.983,0,0
18237,0.0,0.0,0.00,0.044,0.047,0.984,0,0
18287,0.0,0.0,0.00,0.042,0.048,0.984,0,0
18337,0.0,0.0,0.00,0.042,0.048,0.984,0,0
18387,0.0,0.0,0.00,0.046,0.046,0.983,0,0
18437,0.0,0.0,0.00,0.048,0.046,0.983,0,0
18487,0.0,0.0,0.00,0.048,0.046,0.983,0,0
18537,0.0,0.0,0.00,0.044,0.046,0.983,0,0
18587,0.0,0.0,0.00,0.044,0.046,0.984,0,0
18637,0.0,0.0,0.00,0.044,0.046,0.984,0,0
18687,0.0,0.0,0.00,0.045,0.047,0.983,0,0
18737,0.0,0.0,0.00,0.046,0.047,0.983,0,0
18787,0.0,0.0,0.00,0.046,0.047,0.983,0,0
18837,0.0,0.0,0.00,0.046,0.047,0.983,0,0
18887,0.0,0.0,0.00,0.046,0.047,0.983,0,0
18937,0.0,0.0,0.00,0.045,0.047,0.983,0,0
18987,0.0,0.0,0.00,0.045,0.047,0.983,0,0
19037,0.0,0.0,0.00,0.045,0.047,0.983,0,0
19087,0.0,0.0,0.00,0.045,0.046,0.983,0,0
19137,0.0,0.0,0.00,0.045,0.047,0.984,0,0
19187,0.0,0.0,0.00,0.045,0.047,0.984,0,0
19237,0.0,0.0,0.00,0.045,0.047,0.983,0,0
19287,0.0,0.0,0.00,0.045,0.047,0.984,0,0
19337,0.0,0.0,0.00,0.045,0.047,0.984,0,0
19387,0.0,0.0,0.00,0.045,0.047,0.983,0,0
19437,0.0,0.0,0.00,0.046,0.047,0.983,0,0
19487,0.0,0.0,0.00,0.046,0.047,0.983,0,0
19537,0.0,0.0,0.00,0.047,0.047,0.983,0,0
19587,0.0,0.0,0.00,0.046,0.046,0.984,0,0
19637,0.0,0.0,0.00,0.045,0.047,0.984,0,0
19687,0.0,0.0,0.00,0.044,0.047,0.984,0,0
19737,0.0,0.0,0.00,0.044,0.047,0.984,0,0
19787,0.0,0.0,0.00,0.044,0.047,0.984,0,0
19837,0.0,0.0,0.00,0.046,0.047,0.983,0,0
19887,0.0,0.0,0.00,0.046,0.047,0.983,0,0
19937,0.0,0.0,0.00,0.045,0.047,0.983,0,0
19987,0.0,0.0,0.00,0.045,0.047,0.984,0,0
20037,0.0,0.0,0.00,0.046,0.046,0.983,0,0
20087,0.0,0.0,0.00,0.046,0.046,0.983,0,0
20137,0.0,0.0,0.00,0.046,0.047,0.984,0,0
20187,0.0,0.0,0.00,0.043,0.048,0.985,0,0
20237,0.0,0.0,0.00,0.042,0.048,0.983,0,0
20287,0.0,0.0,0.00,0.046,0.047,0.981,0,0
20337,0.0,0.0,0.00,0.047,0.046,0.979,0,0
20387,0.0,0.0,0.00,0.047,0.046,0.979,0,0
20437,0.0,0.0,0.00,0.045,0.048,0.983,0,0
20487,0.0,0.0,0.00,0.044,0.048,0.980,0,0
20537,0.0,0.0,0.00,0.043,0.049,0.983,0,0
20587,0.0,0.0,0.00,0.042,0.047,0.984,0,0
20637,0.0,0.0,0.00,0.047,0.046,0.986,0,0
20687,0.0,0.0,0.00,0.047,0.046,0.986,0,0
20737,0.0,0.0,0.00,0.049,0.045,0.983,0,0
20787,0.0,0.0,0.00,0.043,0.049,0.976,0,0
20837,0.0,0.0,0.00,0.045,0.050,0.986,0,0
20887,0.0,0.0,0.00,0.044,0.049,0.984,0,0
20937,0.0,0.0,0.00,0.045,0.046,0.983,0,0
20987,0.0,0.0,0.00,0.045,0.046,0.983,0,0
21037,0.0,0.0,0.00,0.044,0.047,0.983,0,0
21087,0.0,0.0,0.00,0.044,0.047,0.983,0,0
21137,0.0,0.0,0.00,0.047,0.045,0.981,0,0
21187,0.0,0.0,0.00,0.047,0.045,0.981,0,0
21237,0.0,0.0,0.00,0.047,0.047,0.983,0,0
21287,0.0,0.0,0.00,0.047,0.047,0.983,0,0
21337,0.0,0.0,0.00,0.044,0.048,0.983,0,0
21387,0.0,0.0,0.00,0.044,0.046,0.983,0,0
21437,0.0,0.0,0.00,0.045,0.046,0.984,0,0
21487,0.0,0.0,0.00,0.044,0.046,0.984,0,0
21537,0.0,0.0,0.00,0.046,0.048,0.983,0,0
21587,0.0,0.0,0.00,0.046,0.048,0.983,0,0
21637,0.0,0.0,0.00,0.047,0.047,0.983,0,0
21687,0.0,0.0,0.00,0.047,0.046,0.983,0,0
21737,0.0,0.0,0.00,0.045,0.046,0.983,0,0
21787,0.0,0.0,0.00,0.044,0.047,0.983,0,0
21837,0.0,0.0,0.00,0.045,0.048,0.983,0,0
21887,0.0,0.0,0.00,0.045,0.048,0.983,0,0
21937,0.0,0.0,0.00,0.047,0.047,0.983,0,0
21987,0.0,0.0,0.00,0.046,0.045,0.984,0,0
22037,0.0,0.0,0.00,0.045,0.045,0.984,0,0
22087,0.0,0.0,0.00,0.044,0.046,0.984,0,0
22137,0.0,0.0,0.00,0.045,0.050,0.983,0,0
22187,0.0,0.0,0.00,0.045,0.050,0.983,0,0
22237,0.0,0.0,0.00,0.046,0.050,0.983,0,0
22287,0.0,0.0,0.00,0.046,0.045,0.984,0,0
22337,0.0,0.0,0.00,0.046,0.044,0.983,0,0
22387,0.0,0.0,0.00,0.045,0.045,0.984,0,0
22437,0.0,0.0,0.00,0.046,0.049,0.984,0,0
22487,0.0,0.0,0.00,0.046,0.049,0.984,0,0
22537,0.0,0.0,0.00,0.046,0.047,0.984,0,0
22587,0.0,0.0,0.00,0.045,0.047,0.983,0,0
22637,0.0,0.0,0.00,0.044,0.048,0.983,0,0
22687,0.0,0.0,0.00,0.045,0.048,0.984,0,0
22737,0.0,0.0,0.00,0.047,0.047,0.983,0,0
22787,0.0,0.0,0.00,0.047,0.047,0.983,0,0
22837,0.0,0.0,0.00,0.046,0.047,0.983,0,0
22887,0.0,0.0,0.00,0.046,0.047,0.983,0,0
22937,0.0,0.0,0.00,0.046,0.047,0.983,0,0
22987,0.0,0.0,0.00,0.046,0.047,0.983,0,0
23037,0.0,0.0,0.00,0.045,0.047,0.984,0,0
23087,0.0,0.0,0.00,0.045,0.047,0.984,0,0
23137,0.0,0.0,0.00,0.045,0.048,0.984,0,0
23187,0.0,0.0,0.00,0.045,0.048,0.984,0,0
23237,0.0,0.0,0.00,0.045,0.047,0.984,0,0
23287,0.0,0.0,0.00,0.045,0.047,0.983,0,0
23337,0.0,0.0,0.00,0.046,0.046,0.983,0,0
23387,0.0,0.0,0.00,0.046,0.046,0.983,0,0
23437,0.0,0.0,0.00,0.046,0.046,0.984,0,0
23487,0.0,0.0,0.00,0.045,0.048,0.984,0,0
23537,0.0,0.0,0.00,0.044,0.048,0.984,0,0
23587,0.0,0.0,0.00,0.044,0.047,0.984,0,0
23637,0.0,0.0,0.00,0.047,0.047,0.983,0,0
23687,0.0,0.0,0.00,0.047,0.047,0.983,0,0
23737,0.0,0.0,0.00,0.046,0.047,0.983,0,0
23787,0.0,0.0,0.00,0.044,0.048,0.983,0,0
23837,0.0,0.0,0.00,0.044,0.048,0.984,0,0
23887,0.0,0.0,0.00,0.045,0.049,0.984,0,0
23937,0.0,0.0,0.00,0.046,0.048,0.983,0,0
23987,0.0,0.0,0.00,0.046,0.048,0.983,0,0
24037,0.0,0.0,0.00,0.045,0.046,0.984,0,0
24087,0.0,0.0,0.00,0.045,0.047,0.984,0,0
24137,0.0,0.0,0.00,0.045,0.048,0.983,0,0
24187,0.0,0.0,0.00,0.045,0.049,0.984,0,0
24237,0.0,0.0,0.00,0.047,0.048,0.984,0,0
24287,0.0,0.0,0.00,0.047,0.048,0.984,0,0
24337,0.0,0.0,0.00,0.046,0.046,0.983,0,0
24387,0.0,0.0,0.00,0.044,0.048,0.984,0,0
24437,0.0,0.0,0.00,0.044,0.049,0.984,0,0
24487,0.0,0.0,0.00,0.045,0.049,0.984,0,0
24537,0.0,0.0,0.00,0.047,0.046,0.983,0,0
24587,0.0,0.0,0.00,0.047,0.046,0.983,0,0
24637,0.0,0.0,0.00,0.047,0.046,0.983,0,0
24687,0.0,0.0,0.00,0.047,0.048,0.984,0,0
24737,0.0,0.0,0.00,0.045,0.049,0.984,0,0
24787,0.0,0.0,0.00,0.043,0.047,0.984,0,0
24837,0.0,0.0,0.00,0.044,0.045,0.984,0,0
24887,0.0,0.0,0.00,0.044,0.045,0.984,0,0
24937,0.0,0.0,0.00,0.046,0.046,0.984,0,0
24987,0.0,0.0,0.00,0.046,0.047,0.984,0,0
25037,0.0,0.0,0.00,0.045,0.047,0.983,0,0
25087,0.0,0.0,0.00,0.045,0.047,0.983,0,0
25137,0.0,0.0,0.00,0.046,0.046,0.985,0,0
25187,0.0,0.0,0.00,0.046,0.046,0.985,0,0
25237,0.0,0.0,0.00,0.046,0.046,0.984,0,0
25287,0.0,0.0,0.00,0.044,0.048,0.984,0,0
25337,0.0,0.0,0.00,0.043,0.048,0.984,0,0
25387,0.0,0.0,0.00,0.044,0.047,0.984,0,0
25437,0.0,0.0,0.00,0.047,0.046,0.983,0,0
25487,0.0,0.0,0.00,0.047,0.046,0.983,0,0
25537,0.0,0.0,0.00,0.046,0.047,0.984,0,0
25587,0.0,0.0,0.00,0.045,0.047,0.984,0,0
25637,0.0,0.0,0.00,0.045,0.047,0.983,0,0
25687,0.0,0.0,0.00,0.046,0.047,0.983,0,0
25737,0.0,0.0,0.00,0.045,0.047,0.984,0,0
25787,0.0,0.0,0.00,0.045,0.047,0.984,0,0
25837,0.0,0.0,0.00,0.044,0.047,0.985,0,0
25887,0.0,0.0,0.00,0.046,0.047,0.984,0,0
25937,0.0,0.0,0.00,0.047,0.046,0.984,0,0
25987,0.0,0.0,0.00,0.046,0.046,0.983,0,0
26037,0.0,0.0,0.00,0.045,0.046,0.984,0,0
26087,0.0,0.0,0.00,0.045,0.046,0.984,0,0
26137,0.0,0.0,0.00,0.045,0.047,0.984,0,0
26187,0.0,0.0,0.00,0.046,0.047,0.983,0,0
26237,0.0,0.0,0.00,0.046,0.047,0.983,0,0
26287,0.0,0.0,0.00,0.046,0.046,0.984,0,0
26337,0.0,0.0,0.00,0.045,0.045,0.983,0,0
26387,0.0,0.0,0.00,0.045,0.045,0.983,0,0
26437,0.0,0.0,0.00,0.044,0.047,0.984,0,0
26487,0.0,0.0,0.00,0.045,0.049,0.984,0,0
26537,0.0,0.0,0.00,0.046,0.048,0.984,0,0
26587,0.0,0.0,0.00,0.047,0.046,0.983,0,0
26638,0.0,0.0,0.00,0.046,0.045,0.984,0,0
26688,0.0,0.0,0.00,0.046,0.045,0.984,0,0
26738,0.0,0.0,0.00,0.044,0.048,0.984,0,0
26788,0.0,0.0,0.00,0.045,0.049,0.984,0,0
26838,0.0,0.0,0.00,0.046,0.048,0.984,0,0
26888,0.0,0.0,0.00,0.047,0.047,0.984,0,0
26938,0.0,0.0,0.00,0.046,0.044,0.984,0,0
26988,0.0,0.0,0.00,0.046,0.044,0.984,0,0
27038,0.0,0.0,0.00,0.043,0.045,0.986,0,0
27088,0.0,0.0,0.00,0.040,0.052,0.978,0,0
27138,0.0,0.0,0.00,0.047,0.048,0.990,0,0
27188,0.0,0.0,0.00,0.047,0.048,0.990,0,0
27238,0.0,0.0,0.00,0.054,0.045,0.987,0,0
27288,0.0,0.0,0.00,0.054,0.045,0.987,0,0
27338,0.0,0.0,0.00,0.046,0.045,0.985,0,0
27388,0.0,0.0,0.00,0.041,0.048,0.983,0,0
27438,0.0,0.0,0.00,0.042,0.048,0.986,0,0
27488,0.0,0.0,0.00,0.043,0.047,0.984,0,0
27538,0.0,0.0,0.00,0.050,0.048,0.984,0,0
27588,0.0,0.0,0.00,0.050,0.048,0.984,0,0
27638,0.0,0.0,0.00,0.047,0.045,0.984,0,0
27688,0.0,0.0,0.00,0.041,0.047,0.984,0,0
27738,0.0,0.0,0.00,0.043,0.048,0.985,0,0
27788,0.0,0.0,0.00,0.043,0.048,0.985,0,0
27838,0.0,0.0,0.00,0.047,0.046,0.983,0,0
27888,0.0,0.0,0.00,0.047,0.046,0.983,0,0
27938,0.0,0.0,0.00,0.047,0.046,0.985,0,0
27988,0.0,0.0,0.00,0.046,0.047,0.984,0,0
28038,0.0,0.0,0.00,0.044,0.047,0.983,0,0
28088,0.0,0.0,0.00,0.044,0.048,0.984,0,0
28138,0.0,0.0,0.00,0.045,0.047,0.983,0,0
28188,0.0,0.0,0.00,0.045,0.047,0.983,0,0
28238,0.0,0.0,0.00,0.046,0.047,0.982,0,0
28288,0.0,0.0,0.00,0.046,0.047,0.984,0,0
28338,0.0,0.0,0.00,0.046,0.047,0.983,0,0
28388,0.0,0.0,0.00,0.045,0.048,0.984,0,0
28438,0.0,0.0,0.00,0.044,0.046,0.983,0,0
28488,0.0,0.0,0.00,0.044,0.046,0.983,0,0
28538,0.0,0.0,0.00,0.047,0.049,0.982,0,0
28588,0.0,0.0,0.00,0.047,0.047,0.982,0,0
28638,0.0,0.0,0.00,0.044,0.047,0.984,0,0
28688,0.0,0.0,0.00,0.042,0.045,0.985,0,0
28738,0.0,0.0,0.00,0.044,0.047,0.984,0,0
28788,0.0,0.0,0.00,0.044,0.047,0.984,0,0
28838,0.0,0.0,0.00,0.047,0.048,0.983,0,0
28888,0.0,0.0,0.00,0.046,0.046,0.984,0,0
28938,0.0,0.0,0.00,0.046,0.046,0.983,0,0
28988,0.0,0.0,0.00,0.046,0.046,0.983,0,0
29038,0.0,0.0,0.00,0.044,0.048,0.984,0,0
29088,0.0,0.0,0.00,0.044,0.048,0.984,0,0
29138,0.0,0.0,0.00,0.045,0.046,0.983,0,0
29188,0.0,0.0,0.00,0.044,0.047,0.983,0,0
29238,0.0,0.0,0.00,0.045,0.048,0.985,0,0
29288,0.0,0.0,0.00,0.046,0.047,0.984,0,0
29338,0.0,0.0,0.00,0.047,0.046,0.984,0,0
29388,0.0,0.0,0.00,0.047,0.046,0.984,0,0
29438,0.0,0.0,0.00,0.047,0.048,0.984,0,0
29488,0.0,0.0,0.00,0.043,0.046,0.984,0,0
29538,0.0,0.0,0.00,0.042,0.046,0.983,0,0
29588,0.0,0.0,0.00,0.042,0.046,0.983,0,0
29638,0.0,0.0,0.00,0.044,0.048,0.982,0,0
29688,0.0,0.0,0.00,0.044,0.048,0.982,0,0
29738,0.0,0.0,0.00,0.048,0.048,0.985,0,0
29788,0.0,0.0,0.00,0.046,0.046,0.984,0,0
29838,0.0,0.0,0.00,0.044,0.045,0.983,0,0
29888,0.0,0.0,0.00,0.044,0.046,0.985,0,0
29938,0.0,0.0,0.00,0.045,0.047,0.984,0,0
29988,0.0,0.0,0.00,0.045,0.047,0.984,0,0
30038,0.0,0.0,0.00,0.046,0.047,0.983,0,0
30088,0.0,0.0,0.00,0.046,0.046,0.985,0,0
30138,0.0,0.0,0.00,0.045,0.046,0.985,0,0
30188,0.0,0.0,0.00,0.045,0.046,0.985,0,0
30238,0.0,0.0,0.00,0.041,0.047,0.983,0,0
30288,0.0,0.0,0.00,0.041,0.047,0.983,0,0
30338,0.0,0.0,0.00,0.045,0.048,0.978,0,0
30388,0.0,0.0,0.00,0.051,0.046,0.986,0,0
30438,0.0,0.0,0.00,0.046,0.045,0.969,0,0
30488,0.0,0.0,0.00,0.046,0.046,0.991,0,0
30538,0.0,0.0,0.00,0.043,0.045,0.987,0,0
30588,0.0,0.0,0.00,0.043,0.045,0.987,0,0
30638,0.0,0.0,0.00,0.051,0.049,0.984,0,0
30688,0.0,0.0,0.00,0.045,0.051,0.986,0,0
30738,0.0,0.0,0.00,0.040,0.048,0.985,0,0
30788,0.0,0.0,0.00,0.040,0.048,0.985,0,0
30838,0.0,0.0,0.00,0.043,0.044,0.984,0,0
30888,0.0,0.0,0.00,0.043,0.044,0.984,0,0
30938,0.0,0.0,0.00,0.048,0.048,0.983,0,0
30988,0.0,0.0,0.00,0.049,0.050,0.984,0,0
31038,0.0,0.0,0.00,0.046,0.049,0.984,0,0
31088,0.0,0.0,0.00,0.043,0.046,0.984,0,0
31138,0.0,0.0,0.00,0.043,0.047,0.984,0,0
31188,0.0,0.0,0.00,0.043,0.047,0.984,0,0
31238,0.0,0.0,0.00,0.047,0.049,0.984,0,0
31288,0.0,0.0,0.00,0.047,0.047,0.984,0,0
31338,0.0,0.0,0.00,0.046,0.045,0.983,0,0
31388,0.0,0.0,0.00,0.044,0.046,0.985,0,0
31438,0.0,0.0,0.00,0.044,0.046,0.985,0,0
31488,0.0,0.0,0.00,0.044,0.046,0.985,0,0
31538,0.0,0.0,0.00,0.045,0.049,0.985,0,0
31588,0.0,0.0,0.00,0.046,0.047,0.984,0,0
31638,0.0,0.0,0.00,0.047,0.046,0.983,0,0
31688,0.0,0.0,0.00,0.046,0.046,0.983,0,0
31738,0.0,0.0,0.00,0.045,0.048,0.984,0,0
31788,0.0,0.0,0.00,0.045,0.048,0.984,0,0
31838,0.0,0.0,0.00,0.044,0.047,0.984,0,0
31888,0.0,0.0,0.00,0.046,0.047,0.985,0,0
31938,0.0,0.0,0.00,0.046,0.046,0.984,0,0
31988,0.0,0.0,0.00,0.046,0.046,0.984,0,0
32038,0.0,0.0,0.00,0.046,0.048,0.984,0,0
32088,0.0,0.0,0.00,0.046,0.048,0.984,0,0
32138,0.0,0.0,0.00,0.045,0.048,0.984,0,0
32188,0.0,0.0,0.00,0.045,0.047,0.984,0,0
32238,0.0,0.0,0.00,0.046,0.047,0.984,0,0
32288,0.0,0.0,0.00,0.046,0.047,0.984,0,0
32338,0.0,0.0,0.00,0.045,0.047,0.984,0,0
32388,0.0,0.0,0.00,0.045,0.047,0.984,0,0
32438,0.0,0.0,0.00,0.046,0.049,0.986,0,0
32488,0.0,0.0,0.00,0.045,0.047,0.984,0,0
32538,0.0,0.0,0.00,0.044,0.046,0.984,0,0
32588,0.0,0.0,0.00,0.044,0.046,0.984,0,0
32638,0.0,0.0,0.00,0.046,0.047,0.984,0,0
32688,0.0,0.0,0.00,0.046,0.047,0.984,0,0
32738,0.0,0.0,0.00,0.051,0.046,0.982,0,0
32788,0.0,0.0,0.00,0.046,0.049,0.986,0,0
32838,0.0,0.0,0.00,0.038,0.050,0.985,0,0
32888,0.0,0.0,0.00,0.036,0.047,0.985,0,0
32938,0.0,0.0,0.00,0.045,0.045,0.984,0,0
32988,0.0,0.0,0.00,0.045,0.045,0.984,0,0
33038,0.0,0.0,0.00,0.053,0.048,0.983,0,0
33088,0.0,0.0,0.00,0.048,0.049,0.983,0,0
33138,0.0,0.0,0.00,0.045,0.048,0.985,0,0
33188,0.0,0.0,0.00,0.045,0.048,0.985,0,0
33238,0.0,0.0,0.00,0.040,0.045,0.985,0,0
33288,0.0,0.0,0.00,0.040,0.045,0.985,0,0
33338,0.0,0.0,0.00,0.038,0.045,0.981,0,0
33388,0.0,0.0,0.00,0.051,0.045,0.984,0,0
33438,0.0,0.0,0.00,0.055,0.051,0.978,0,0
33488,0.0,0.0,0.00,0.057,0.052,0.987,0,0
33538,0.0,0.0,0.00,0.046,0.046,0.984,0,0
33588,0.0,0.0,0.00,0.046,0.046,0.984,0,0
33638,0.0,0.0,0.00,0.040,0.045,0.987,0,0
33688,0.0,0.0,0.00,0.039,0.045,0.988,0,0
33738,0.0,0.0,0.00,0.042,0.047,0.984,0,0
33788,0.0,0.0,0.00,0.042,0.047,0.984,0,0
33838,0.0,0.0,0.00,0.051,0.047,0.987,0,0
33888,0.0,0.0,0.00,0.051,0.047,0.987,0,0
33938,0.0,0.0,0.00,0.047,0.045,0.982,0,0
33988,0.0,0.0,0.00,0.044,0.047,0.986,0,0
34038,0.0,0.0,0.00,0.043,0.047,0.984,0,0
34088,0.0,0.0,0.00,0.043,0.047,0.985,0,0
34138,0.0,0.0,0.00,0.050,0.051,0.983,0,0
34188,0.0,0.0,0.00,0.050,0.051,0.983,0,0
34238,0.0,0.0,0.00,0.048,0.045,0.980,0,0
34288,0.0,0.0,0.00,0.037,0.044,0.979,0,0
34338,0.0,0.0,0.00,0.038,0.046,0.986,0,0
34388,0.0,0.0,0.00,0.038,0.046,0.986,0,0
34438,0.0,0.0,0.00,0.047,0.048,0.984,0,0
34488,0.0,0.0,0.00,0.047,0.048,0.984,0,0
34538,0.0,0.0,0.00,0.051,0.047,0.983,0,0
34588,0.0,0.0,0.00,0.045,0.047,0.984,0,0
34638,0.0,0.0,0.00,0.043,0.047,0.984,0,0
34688,0.0,0.0,0.00,0.043,0.047,0.984,0,0
34738,0.0,0.0,0.00,0.044,0.048,0.985,0,0
34788,0.0,0.0,0.00,0.044,0.048,0.985,0,0
34838,0.0,0.0,0.00,0.046,0.046,0.984,0,0
34888,0.0,0.0,0.00,0.046,0.047,0.985,0,0
34938,0.0,0.0,0.00,0.046,0.047,0.983,0,0
34988,0.0,0.0,0.00,0.046,0.047,0.983,0,0
35038,0.0,0.0,0.00,0.048,0.047,0.985,0,0
35088,0.0,0.0,0.00,0.048,0.047,0.985,0,0
35138,0.0,0.0,0.00,0.040,0.047,0.986,0,0
35188,0.0,0.0,0.00,0.038,0.045,0.989,0,0
35238,0.0,0.0,0.00,0.044,0.047,0.982,0,0
35288,0.0,0.0,0.00,0.052,0.048,0.983,0,0
35338,0.0,0.0,0.00,0.052,0.048,0.983,0,0
35388,0.0,0.0,0.00,0.052,0.048,0.983,0,0
35438,0.0,0.0,0.00,0.053,0.048,0.980,0,0
35488,0.0,0.0,0.00,0.041,0.046,0.985,0,0
35539,0.0,0.0,0.00,0.038,0.045,0.984,0,0
35588,0.0,0.0,0.00,0.038,0.045,0.982,0,0
35638,0.0,0.0,0.00,0.046,0.049,0.983,0,0
35688,0.0,0.0,0.00,0.046,0.049,0.983,0,0
35738,0.0,0.0,0.00,0.049,0.047,0.984,0,0
35788,0.0,0.0,0.00,0.046,0.046,0.982,0,0
35838,0.0,0.0,0.00,0.045,0.048,0.983,0,0
35888,0.0,0.0,0.00,0.045,0.048,0.983,0,0
35938,0.0,0.0,0.00,0.045,0.047,0.984,0,0
35988,0.0,0.0,0.00,0.045,0.047,0.984,0,0
36038,0.0,0.0,0.00,0.045,0.046,0.984,0,0
36088,0.0,0.0,0.00,0.046,0.047,0.983,0,0
36138,0.0,0.0,0.00,0.046,0.047,0.983,0,0
36188,0.0,0.0,0.00,0.046,0.047,0.983,0,0
36238,0.0,0.0,0.00,0.045,0.047,0.985,0,0
36288,0.0,0.0,0.00,0.045,0.047,0.985,0,0
36338,0.0,0.0,0.00,0.044,0.047,0.984,0,0
36388,0.0,0.0,0.39,0.046,0.047,0.984,3,4
36438,0.0,0.0,0.37,0.047,0.047,0.984,3,4
36488,0.0,0.0,0.30,0.046,0.047,0.983,3,4
36538,0.0,0.0,0.04,0.046,0.047,0.984,3,4
36588,0.0,0.0,0.04,0.046,0.047,0.984,3,4
36639,0.0,0.0,0.14,0.044,0.047,0.984,3,4
36689,0.0,0.0,0.11,0.043,0.047,0.984,3,4
36739,0.0,0.0,0.11,0.044,0.045,0.984,3,4
36789,0.0,0.0,0.11,0.044,0.045,0.984,3,4
36839,0.0,0.0,0.01,0.044,0.048,0.984,3,4
36889,0.0,0.0,0.01,0.044,0.048,0.984,3,4
36939,0.0,0.0,0.05,0.049,0.047,0.983,3,4
36989,0.0,0.0,0.11,0.046,0.046,0.983,3,4
37039,0.0,0.0,0.13,0.043,0.046,0.983,3,4
37089,0.0,0.0,0.13,0.042,0.048,0.984,3,4
37140,0.0,0.0,0.17,0.045,0.047,0.984,3,4
37190,0.0,0.0,0.17,0.045,0.047,0.984,3,4
37240,0.0,0.0,0.13,0.050,0.047,0.982,3,4
37290,0.0,0.0,0.07,0.046,0.048,0.981,3,4
37340,0.0,0.0,0.07,0.045,0.048,0.985,3,4
37390,0.0,0.0,0.07,0.045,0.048,0.985,3,4
37440,0.0,0.0,0.12,0.040,0.046,0.981,3,4
37490,0.0,0.0,0.12,0.040,0.046,0.981,3,4
37540,0.0,0.0,0.07,0.041,0.047,0.982,3,4
37590,0.0,0.0,0.21,0.048,0.048,0.982,3,4
37641,0.0,0.0,0.05,0.048,0.046,0.983,3,4
37691,0.0,0.0,0.05,0.048,0.046,0.983,3,4
37741,0.0,0.0,0.11,0.043,0.048,0.985,3,4
37791,0.0,0.0,0.19,0.044,0.047,0.984,3,4
37841,0.0,0.0,0.19,0.044,0.047,0.984,3,4
37891,0.0,0.0,0.07,0.048,0.046,0.984,3,4
37941,0.0,0.0,0.12,0.047,0.046,0.984,3,4
37991,0.0,0.0,0.12,0.047,0.046,0.984,3,4
38041,0.0,0.0,0.04,0.045,0.049,0.984,3,4
38091,0.0,0.0,0.07,0.043,0.047,0.984,3,4
38142,0.0,0.0,0.07,0.043,0.047,0.984,3,4
38192,0.0,0.0,0.12,0.046,0.045,0.984,3,4
38242,0.0,0.0,0.05,0.047,0.046,0.983,3,4
38292,0.0,0.0,0.04,0.047,0.047,0.984,3,4
38342,0.0,0.0,0.08,0.045,0.048,0.984,3,4
38392,0.0,0.0,0.03,0.043,0.048,0.984,3,4
38442,0.0,0.0,0.03,0.043,0.048,0.984,3,4
38492,0.0,0.0,0.02,0.048,0.046,0.983,3,4
38542,0.0,0.0,0.08,0.051,0.045,0.985,3,4
38592,0.0,0.0,0.08,0.051,0.045,0.985,3,4
38653,0.0,0.0,0.11,0.044,0.047,0.984,3,4
38703,0.0,0.0,0.10,0.039,0.049,0.983,3,4
38753,0.0,0.0,0.06,0.042,0.047,0.985,3,4
38803,0.0,0.0,0.07,0.048,0.045,0.983,3,4
38853,0.0,0.0,0.03,0.050,0.047,0.983,3,4
38903,0.0,0.0,0.03,0.050,0.047,0.983,3,4
38953,0.0,0.0,0.14,0.044,0.049,0.984,3,4
39003,0.0,0.0,0.14,0.043,0.046,0.984,0,0
39053,0.0,0.0,0.19,0.044,0.045,0.983,3,4
39103,0.0,0.0,0.22,0.046,0.046,0.985,3,4
39154,0.0,0.0,0.16,0.046,0.048,0.984,3,4
39204,0.0,0.0,0.16,0.046,0.048,0.984,3,4
39254,0.0,0.0,0.12,0.049,0.049,0.984,3,4
39304,0.0,0.0,0.19,0.045,0.045,0.984,3,4
39354,0.0,0.0,0.13,0.043,0.045,0.986,3,4
39404,0.0,0.0,0.06,0.041,0.045,0.982,3,4
39454,0.0,0.0,0.06,0.046,0.048,0.985,3,4
39505,0.0,0.0,0.06,0.046,0.048,0.985,3,4
39554,0.0,0.0,0.10,0.048,0.048,0.984,3,4
39604,0.0,0.0,0.03,0.045,0.046,0.984,3,4
39655,0.0,0.0,0.09,0.044,0.046,0.984,3,4
39705,0.0,0.0,0.09,0.044,0.046,0.984,3,4
39755,0.0,0.0,0.09,0.045,0.047,0.984,3,4
39805,0.0,0.0,0.09,0.045,0.047,0.984,3,4
39855,0.0,0.0,0.12,0.046,0.048,0.984,3,4
39905,0.0,0.0,0.12,0.046,0.048,0.984,3,4
39956,0.0,0.0,0.11,0.045,0.047,0.985,3,4
40006,0.0,0.0,0.11,0.045,0.047,0.985,3,4
40056,0.0,0.0,0.06,0.045,0.047,0.985,3,4
40109,0.0,0.0,0.06,0.045,0.047,0.985,3,4
40161,0.0,0.0,0.09,0.048,0.045,0.982,3,4
40211,0.0,0.0,0.12,0.044,0.050,0.985,3,4
40261,0.0,0.0,0.06,0.042,0.049,0.983,3,4
40311,0.0,0.0,0.06,0.042,0.049,0.983,3,4
40361,0.0,0.0,0.04,0.044,0.043,0.981,3,4
40411,0.0,0.0,0.04,0.044,0.043,0.981,3,4
40461,0.0,0.0,0.04,0.044,0.043,0.981,3,4
40511,0.0,0.0,0.11,0.048,0.049,0.982,3,4
40561,0.0,0.0,0.07,0.049,0.051,0.985,3,4
40611,0.0,0.0,0.02,0.048,0.049,0.986,3,4
40662,0.0,0.0,0.02,0.042,0.044,0.984,3,4
40713,0.0,0.0,0.02,0.042,0.044,0.984,3,4
40762,0.0,0.0,0.07,0.045,0.049,0.984,3,4
40812,0.0,0.0,0.02,0.047,0.050,0.984,3,4
40863,0.0,0.0,0.04,0.045,0.045,0.985,3,4
40912,0.0,0.0,0.04,0.045,0.045,0.985,3,4
40962,0.0,0.0,0.09,0.044,0.046,0.985,3,4
41012,0.0,0.0,0.09,0.044,0.046,0.985,3,4
41062,0.0,0.0,0.06,0.045,0.049,0.984,3,4
41112,0.0,0.0,0.04,0.047,0.046,0.983,3,4
41163,0.0,0.0,0.08,0.047,0.045,0.985,3,4
41214,0.0,0.0,0.08,0.047,0.045,0.985,3,4
41263,0.0,0.0,0.06,0.044,0.049,0.983,3,4
41313,0.0,0.0,0.05,0.041,0.045,0.983,3,4
41364,0.0,0.0,0.05,0.041,0.045,0.983,3,4
41413,0.0,0.0,0.07,0.044,0.048,0.984,3,4
41463,0.0,0.0,0.06,0.048,0.050,0.984,3,4
41514,0.0,0.0,0.10,0.052,0.049,0.983,3,4
41563,0.0,0.0,0.08,0.052,0.046,0.983,3,4
41613,0.0,0.0,0.09,0.041,0.047,0.984,3,4
41664,0.0,0.0,0.09,0.041,0.047,0.984,3,4
41714,0.0,0.0,0.04,0.041,0.048,0.983,3,4
41764,0.0,0.0,0.04,0.041,0.048,0.983,3,4
41814,0.0,0.0,0.04,0.041,0.048,0.983,3,4
41864,0.0,0.0,0.08,0.048,0.047,0.984,3,4
41914,0.0,0.0,0.15,0.047,0.046,0.983,3,4
41964,0.0,0.0,0.15,0.047,0.046,0.983,3,4
42014,0.0,0.0,0.03,0.044,0.046,0.984,3,4
42064,0.0,0.0,0.09,0.044,0.048,0.985,3,4
42114,0.0,0.0,0.05,0.045,0.048,0.983,3,4
42165,0.0,0.0,0.03,0.047,0.046,0.983,3,4
42215,0.0,0.0,0.07,0.047,0.047,0.984,3,5
42265,0.0,0.0,0.07,0.047,0.047,0.984,3,5
42315,0.0,0.0,0.09,0.044,0.048,0.984,3,5
42365,0.0,0.0,0.02,0.045,0.047,0.985,3,5
42415,0.0,0.0,0.08,0.046,0.047,0.984,3,5
42465,0.0,0.0,0.10,0.046,0.046,0.986,3,5
42515,0.0,0.0,0.02,0.043,0.047,0.984,3,5
42565,0.0,0.0,0.02,0.043,0.047,0.984,3,5
42615,0.0,0.0,0.02,0.044,0.048,0.986,3,5
42666,0.0,0.0,0.02,0.049,0.046,0.979,3,5
42716,0.0,0.0,0.02,0.049,0.046,0.979,3,5
42766,0.0,0.0,0.06,0.049,0.047,0.987,3,5
42816,0.0,0.0,0.13,0.045,0.047,0.978,3,5
42866,0.0,0.0,0.13,0.045,0.047,0.978,3,5
42916,0.0,0.0,0.15,0.040,0.047,0.982,3,5
42966,0.0,0.0,0.13,0.041,0.047,0.984,3,5
43016,0.0,0.0,0.15,0.042,0.048,0.984,3,5
43066,0.0,0.0,0.09,0.047,0.046,0.984,3,5
43116,0.0,0.0,0.04,0.047,0.045,0.980,3,5
43167,0.0,0.0,0.04,0.047,0.045,0.980,3,5
43217,0.0,0.0,0.20,0.046,0.050,0.980,3,4
43267,0.0,0.0,0.13,0.047,0.052,0.981,3,5
43317,0.0,0.0,0.13,0.047,0.052,0.981,3,5
43367,0.0,0.0,0.10,0.048,0.045,0.994,3,5
43417,0.0,0.0,0.04,0.041,0.043,0.992,3,6
43467,0.0,0.0,0.04,0.041,0.043,0.992,3,6
43517,0.0,0.0,0.04,0.046,0.050,0.985,3,6
43567,0.0,0.0,0.13,0.047,0.049,0.984,3,6
43617,0.0,0.0,0.17,0.047,0.049,0.982,3,5
43676,0.0,0.0,0.18,0.046,0.045,0.981,3,5
43726,0.0,0.0,0.10,0.046,0.046,0.984,3,5
43776,0.0,0.0,0.06,0.044,0.045,0.987,3,5
43826,0.0,0.0,0.02,0.045,0.047,0.986,3,5
43876,0.0,0.0,0.08,0.043,0.048,0.983,3,5
43927,0.0,0.0,0.08,0.043,0.048,0.983,3,5
43976,0.0,0.0,0.09,0.045,0.047,0.985,3,5
44026,0.0,0.0,0.06,0.047,0.048,0.983,3,5
44076,0.0,0.0,0.08,0.046,0.050,0.984,3,5
44126,0.0,0.0,0.06,0.046,0.051,0.985,3,5
44177,0.0,0.0,0.13,0.043,0.041,0.984,3,5
44228,0.0,0.0,0.13,0.043,0.041,0.984,3,5
44277,0.0,0.0,0.03,0.044,0.046,0.983,3,5
44327,0.0,0.0,0.11,0.049,0.053,0.985,3,5
44378,0.0,0.0,0.08,0.048,0.049,0.984,3,5
44427,0.0,0.0,0.08,0.047,0.045,0.983,3,5
44477,0.0,0.0,0.04,0.042,0.046,0.985,3,5
44529,0.0,0.0,0.04,0.042,0.046,0.985,3,5
44578,0.0,0.0,0.02,0.041,0.049,0.986,3,5
44628,0.0,0.0,0.07,0.043,0.052,0.984,3,5
44679,0.0,0.0,0.07,0.043,0.052,0.984,3,5
44729,0.0,0.0,0.04,0.052,0.043,0.984,3,5
44779,0.0,0.0,0.03,0.048,0.041,0.984,3,5
44830,0.0,0.0,0.03,0.048,0.041,0.984,3,5
44879,0.0,0.0,0.08,0.040,0.052,0.985,3,5
44929,0.0,0.0,0.03,0.044,0.050,0.984,3,5
44980,0.0,0.0,0.11,0.047,0.046,0.983,3,5
45029,0.0,0.0,0.01,0.049,0.044,0.984,3,5
45079,0.0,0.0,0.10,0.047,0.046,0.984,3,5
45129,0.0,0.0,0.10,0.047,0.046,0.984,3,5
45181,0.0,0.0,0.05,0.044,0.048,0.984,3,5
45231,0.0,0.0,0.07,0.044,0.049,0.985,3,5
45283,0.0,0.0,0.04,0.045,0.050,0.985,3,5
45333,0.0,0.0,0.10,0.045,0.050,0.983,3,5
45383,0.0,0.0,0.06,0.045,0.043,0.983,3,5
45433,0.0,0.0,0.06,0.045,0.043,0.983,3,5
45483,0.0,0.0,0.05,0.046,0.046,0.984,3,5
45533,0.0,0.0,0.06,0.046,0.051,0.983,3,5
45583,0.0,0.0,0.14,0.046,0.048,0.985,3,5
45633,0.0,0.0,0.16,0.045,0.045,0.985,3,5
45684,0.0,0.0,0.05,0.043,0.045,0.982,3,5
45734,0.0,0.0,0.05,0.043,0.045,0.982,3,5
45784,0.0,0.0,0.08,0.044,0.048,0.984,3,5
45834,0.0,0.0,0.24,0.047,0.050,0.984,3,5
45885,0.0,0.0,0.19,0.049,0.048,0.986,3,5
45934,0.0,0.0,0.08,0.046,0.044,0.983,3,5
45984,0.0,0.0,0.07,0.042,0.046,0.985,3,5
46035,0.0,0.0,0.07,0.042,0.046,0.985,3,5
46084,0.0,0.0,0.03,0.046,0.050,0.983,3,5
46134,0.0,0.0,0.03,0.045,0.047,0.983,3,5
46185,0.0,0.0,0.09,0.046,0.047,0.985,3,5
46235,0.0,0.0,0.09,0.046,0.047,0.985,3,5
46285,0.0,0.0,0.01,0.045,0.048,0.983,3,5
46336,0.0,0.0,0.01,0.045,0.048,0.983,3,5
46385,0.0,0.0,0.06,0.044,0.047,0.983,3,6
46435,0.0,0.0,0.04,0.046,0.045,0.984,3,6
46485,0.0,0.0,0.04,0.046,0.046,0.984,3,6
46535,0.0,0.0,0.01,0.044,0.048,0.984,3,6
46585,0.0,0.0,0.04,0.044,0.049,0.984,3,6
46635,0.0,0.0,0.04,0.044,0.049,0.984,3,6
46687,0.0,0.0,0.04,0.046,0.046,0.984,3,6
46737,0.0,0.0,0.06,0.047,0.046,0.983,3,6
46787,0.0,0.0,0.09,0.046,0.047,0.984,3,6
46837,0.0,0.0,0.05,0.045,0.048,0.985,3,6
46887,0.0,0.0,0.05,0.045,0.048,0.984,3,6
46937,0.0,0.0,0.02,0.046,0.048,0.982,3,6
46987,0.0,0.0,0.02,0.046,0.048,0.982,3,6
47037,0.0,0.0,0.17,0.046,0.045,0.983,3,6
47088,0.0,0.0,0.05,0.044,0.047,0.984,3,6
47137,0.0,0.0,0.03,0.042,0.048,0.984,3,6
47188,0.0,0.0,0.17,0.044,0.047,0.984,3,6
47238,0.0,0.0,0.05,0.047,0.047,0.984,3,6
47288,0.0,0.0,0.05,0.047,0.047,0.984,3,6
47338,0.0,0.0,0.03,0.046,0.046,0.984,3,6
47388,0.0,0.0,0.05,0.044,0.046,0.984,3,6
47438,0.0,0.0,0.04,0.043,0.048,0.984,3,6
47488,0.0,0.0,0.06,0.045,0.047,0.984,3,6
47538,0.0,0.0,0.03,0.047,0.046,0.983,3,6
47588,0.0,0.0,0.03,0.047,0.046,0.983,3,6
47638,0.0,0.0,0.06,0.046,0.047,0.984,3,6
47689,0.0,0.0,0.06,0.046,0.047,0.984,3,6
47739,0.0,0.0,0.06,0.044,0.048,0.984,3,6
47789,0.0,0.0,0.03,0.045,0.047,0.984,3,6
47839,0.0,0.0,0.01,0.046,0.046,0.984,3,6
47889,0.0,0.0,0.01,0.046,0.046,0.984,3,6
47939,0.0,0.0,0.06,0.045,0.047,0.984,3,6
47989,0.0,0.0,0.08,0.045,0.047,0.984,3,6
48039,0.0,0.0,0.07,0.045,0.047,0.984,3,6
48089,0.0,0.0,0.09,0.045,0.047,0.984,3,6
48139,0.0,0.0,0.06,0.045,0.046,0.984,3,6
48190,0.0,0.0,0.06,0.045,0.046,0.984,3,6
48240,0.0,0.0,0.08,0.045,0.047,0.984,3,6
48290,0.0,0.0,0.07,0.045,0.047,0.984,3,6
48340,0.0,0.0,0.05,0.045,0.048,0.984,3,6
48390,0.0,0.0,0.02,0.045,0.047,0.984,3,6
48440,0.0,0.0,0.07,0.046,0.047,0.984,3,6
48490,0.0,0.0,0.07,0.046,0.047,0.984,3,6
48540,0.0,0.0,0.12,0.045,0.047,0.984,3,6
48590,0.0,0.0,0.03,0.045,0.047,0.984,3,6
48640,0.0,0.0,0.01,0.045,0.047,0.984,3,6
48691,0.0,0.0,0.04,0.045,0.047,0.984,3,6
48741,0.0,0.0,0.04,0.045,0.047,0.984,3,6
48791,0.0,0.0,0.04,0.045,0.047,0.984,3,6
48841,0.0,0.0,0.10,0.045,0.047,0.984,3,6
48891,0.0,0.0,0.13,0.045,0.047,0.984,3,6
48941,0.0,0.0,0.01,0.045,0.047,0.984,3,6
48991,0.0,0.0,0.03,0.045,0.047,0.984,3,6
49041,0.0,0.0,0.04,0.045,0.047,0.984,3,6
49091,0.0,0.0,0.04,0.045,0.047,0.984,3,6
49141,0.0,0.0,0.10,0.045,0.047,0.984,3,6
49192,0.0,0.0,0.06,0.045,0.047,0.984,3,6
49242,0.0,0.0,0.06,0.045,0.047,0.984,3,6
49292,0.0,0.0,0.00,0.045,0.047,0.984,3,6
49342,0.0,0.0,0.07,0.045,0.047,0.984,3,6
49392,0.0,0.0,0.07,0.045,0.047,0.984,3,6
49442,0.0,0.0,0.06,0.045,0.047,0.984,3,6
49492,0.0,0.0,0.04,0.045,0.047,0.984,3,6
49542,0.0,0.0,0.06,0.045,0.047,0.984,3,6
49592,0.0,0.0,0.03,0.045,0.047,0.984,3,6
49642,0.0,0.0,0.08,0.045,0.047,0.984,3,6
49693,0.0,0.0,0.08,0.045,0.047,0.984,3,6
49743,0.0,0.0,0.11,0.045,0.047,0.984,3,6
49793,0.0,0.0,0.02,0.045,0.047,0.984,3,6
49843,0.0,0.0,0.04,0.045,0.047,0.984,3,6
49893,0.0,0.0,0.04,0.045,0.047,0.984,3,6
49943,0.0,0.0,0.16,0.046,0.047,0.985,3,6
49993,0.0,0.0,0.16,0.046,0.047,0.985,3,6
50043,0.0,0.0,0.09,0.046,0.048,0.984,3,6
50093,0.0,0.0,0.08,0.045,0.047,0.984,3,6
50143,0.0,0.0,0.08,0.045,0.047,0.984,3,6
50204,0.0,0.0,0.09,0.045,0.047,0.984,3,6
50254,0.0,0.0,0.02,0.045,0.047,0.984,3,6
50304,0.0,0.0,0.02,0.045,0.047,0.984,3,6
50354,0.0,0.0,0.01,0.046,0.046,0.985,3,6
50404,0.0,0.0,0.03,0.045,0.047,0.984,3,6
50454,0.0,0.0,0.03,0.045,0.047,0.984,3,6
50504,0.0,0.0,0.08,0.045,0.047,0.984,3,6
50554,0.0,0.0,0.12,0.045,0.046,0.984,3,6
50604,0.0,0.0,0.12,0.045,0.046,0.984,3,6
50654,0.0,0.0,0.06,0.045,0.047,0.984,3,6
50705,0.0,0.0,0.09,0.045,0.048,0.984,3,6
50756,0.0,0.0,0.09,0.045,0.048,0.984,3,6
50805,0.0,0.0,0.09,0.046,0.047,0.984,3,6
50855,0.0,0.0,0.14,0.045,0.047,0.984,3,7
50906,0.0,0.0,0.14,0.045,0.047,0.984,3,7
50955,0.0,0.0,0.06,0.044,0.047,0.985,3,7
51005,0.0,0.0,0.05,0.046,0.047,0.984,3,7
51056,0.0,0.0,0.05,0.046,0.047,0.984,3,7
51105,0.0,0.0,0.02,0.046,0.048,0.983,3,7
51155,0.0,0.0,0.04,0.045,0.047,0.984,3,7
51207,0.0,0.0,0.04,0.045,0.047,0.984,3,7
51256,0.0,0.0,0.03,0.044,0.046,0.984,3,7
51306,0.0,0.0,0.06,0.046,0.048,0.985,3,7
51356,0.0,0.0,0.06,0.046,0.048,0.985,3,7
51406,0.0,0.0,0.04,0.046,0.047,0.984,3,7
51456,0.0,0.0,0.05,0.046,0.046,0.984,3,7
51506,0.0,0.0,0.05,0.046,0.046,0.984,3,7
51556,0.0,0.0,0.05,0.045,0.047,0.984,3,7
51606,0.0,0.0,0.05,0.044,0.048,0.985,3,7
51656,0.0,0.0,0.05,0.044,0.048,0.985,3,7
51713,0.0,0.0,0.03,0.045,0.047,0.984,3,7
51763,0.0,0.0,0.04,0.046,0.047,0.984,3,7
51813,0.0,0.0,0.04,0.046,0.047,0.984,3,7
51863,0.0,0.0,0.14,0.045,0.047,0.984,3,7
51913,0.0,0.0,0.05,0.045,0.047,0.984,3,7
51963,0.0,0.0,0.04,0.045,0.047,0.984,3,7
52013,0.0,0.0,0.02,0.045,0.048,0.984,3,7
52063,0.0,0.0,0.01,0.046,0.047,0.984,3,7
52113,0.0,0.0,0.01,0.046,0.047,0.984,3,7
52163,0.0,0.0,0.05,0.045,0.046,0.984,3,7
52214,0.0,0.0,0.05,0.045,0.047,0.985,3,7
52264,0.0,0.0,0.06,0.045,0.047,0.984,3,7
52315,0.0,0.0,0.06,0.045,0.048,0.984,3,7
52364,0.0,0.0,0.04,0.045,0.047,0.984,3,7
52414,0.0,0.0,0.04,0.045,0.047,0.984,3,7
52465,0.0,0.0,0.04,0.044,0.046,0.984,3,7
52514,0.0,0.0,0.05,0.045,0.047,0.984,3,7
52564,0.0,0.0,0.05,0.046,0.047,0.984,3,7
52615,0.0,0.0,0.06,0.046,0.047,0.984,3,7
52664,0.0,0.0,0.10,0.045,0.046,0.984,3,7
52715,0.0,0.0,0.10,0.045,0.046,0.984,3,7
52765,0.0,0.0,0.02,0.045,0.047,0.984,3,7
52815,0.0,0.0,0.06,0.044,0.048,0.984,3,7
52865,0.0,0.0,0.03,0.043,0.048,0.984,3,7
52915,0.0,0.0,0.03,0.044,0.047,0.984,3,7
52965,0.0,0.0,0.04,0.046,0.046,0.983,3,7
53015,0.0,0.0,0.04,0.046,0.046,0.983,3,7
53065,0.0,0.0,0.02,0.047,0.046,0.984,3,7
53115,0.0,0.0,0.07,0.045,0.048,0.984,3,7
53165,0.0,0.0,0.04,0.044,0.048,0.984,3,7
53216,0.0,0.0,0.04,0.045,0.047,0.984,3,7
53266,0.0,0.0,0.06,0.045,0.047,0.984,3,7
53316,0.0,0.0,0.06,0.045,0.047,0.984,3,7
53366,0.0,0.0,0.06,0.045,0.047,0.985,3,7
53416,0.0,0.0,0.05,0.045,0.048,0.985,3,7
53466,0.0,0.0,0.05,0.045,0.047,0.984,3,7
53516,0.0,0.0,0.06,0.046,0.046,0.984,3,7
53566,0.0,0.0,0.03,0.046,0.046,0.984,3,7
53616,0.0,0.0,0.03,0.046,0.046,0.984,3,7
53666,0.0,0.0,0.06,0.046,0.047,0.984,3,7
53717,0.0,0.0,0.04,0.045,0.048,0.984,3,7
53767,0.0,0.0,0.10,0.044,0.047,0.984,3,7
53817,0.0,0.0,0.06,0.044,0.047,0.984,3,7
53867,0.0,0.0,0.03,0.046,0.047,0.984,3,7
53917,0.0,0.0,0.03,0.046,0.047,0.984,3,7
53967,0.0,0.0,0.04,0.046,0.047,0.984,3,7
54017,0.0,0.0,0.07,0.046,0.047,0.984,3,7
54067,0.0,0.0,0.08,0.045,0.047,0.984,3,7
54117,0.0,0.0,0.02,0.046,0.047,0.984,3,7
54167,0.0,0.0,0.03,0.045,0.047,0.984,3,7
54218,0.0,0.0,0.04,0.044,0.047,0.984,3,7
54268,0.0,0.0,0.04,0.044,0.047,0.984,3,7
54318,0.0,0.0,0.01,0.045,0.047,0.984,3,7
54368,0.0,0.0,0.07,0.046,0.047,0.984,3,7
54418,0.0,0.0,0.08,0.046,0.048,0.984,3,7
54468,0.0,0.0,0.05,0.045,0.047,0.984,3,7
54518,0.0,0.0,0.06,0.045,0.046,0.984,3,7
54568,0.0,0.0,0.06,0.045,0.046,0.984,3,7
54618,0.0,0.0,0.09,0.046,0.047,0.984,3,7
54668,0.0,0.0,0.04,0.045,0.048,0.984,3,7
54722,0.0,0.0,0.06,0.045,0.048,0.985,3,7
54772,0.0,0.0,0.04,0.045,0.048,0.985,3,7
54822,0.0,0.0,0.01,0.045,0.047,0.985,3,7
54875,0.0,0.0,0.01,0.045,0.047,0.985,3,7
54925,0.0,0.0,0.04,0.046,0.047,0.984,3,7
54975,0.0,0.0,0.03,0.046,0.047,0.984,3,7
55025,0.0,0.0,0.04,0.046,0.047,0.984,3,7
55075,0.0,0.0,0.09,0.045,0.047,0.984,3,8
55125,0.0,0.0,0.05,0.045,0.047,0.984,3,8
55175,0.0,0.0,0.05,0.045,0.047,0.984,3,8
55230,0.0,0.0,0.06,0.045,0.047,0.984,3,8
55280,0.0,0.0,0.01,0.045,0.047,0.984,3,8
55330,0.0,0.0,0.01,0.045,0.047,0.984,3,8
55380,0.0,0.0,0.02,0.045,0.047,0.984,3,8
55430,0.0,0.0,0.06,0.046,0.047,0.984,3,8
55481,0.0,0.0,0.04,0.046,0.047,0.984,3,8
55530,0.0,0.0,0.11,0.046,0.047,0.984,3,8
55580,0.0,0.0,0.04,0.044,0.047,0.984,3,8
55631,0.0,0.0,0.04,0.044,0.047,0.984,3,8
55680,0.0,0.0,0.06,0.044,0.047,0.984,3,8
55731,0.0,0.0,0.05,0.045,0.047,0.984,3,8
55781,0.0,0.0,0.09,0.046,0.048,0.984,3,8
55831,0.0,0.0,0.04,0.046,0.048,0.984,3,8
55881,0.0,0.0,0.08,0.046,0.047,0.984,3,8
55932,0.0,0.0,0.08,0.046,0.047,0.984,3,8
55981,0.0,0.0,0.07,0.045,0.047,0.984,3,8
56031,0.0,0.0,0.05,0.045,0.047,0.984,3,8
56081,0.0,0.0,0.06,0.045,0.048,0.984,3,8
56131,0.0,0.0,0.06,0.045,0.047,0.984,3,8
56181,0.0,0.0,0.04,0.045,0.047,0.984,3,8
56232,0.0,0.0,0.04,0.045,0.047,0.984,3,8
56282,0.0,0.0,0.04,0.045,0.047,0.984,3,8
56332,0.0,0.0,0.02,0.045,0.047,0.984,3,8
56384,0.0,0.0,0.04,0.045,0.047,0.985,3,8
56434,0.0,0.0,0.06,0.045,0.047,0.984,3,8
56484,0.0,0.0,0.06,0.045,0.047,0.984,3,8
56534,0.0,0.0,0.06,0.045,0.047,0.984,3,8
56584,0.0,0.0,0.07,0.045,0.047,0.984,3,8
56634,0.0,0.0,0.03,0.045,0.048,0.984,3,8
56684,0.0,0.0,0.07,0.045,0.047,0.984,3,8
56738,0.0,0.0,0.09,0.045,0.047,0.985,3,8
56788,0.0,0.0,0.06,0.045,0.047,0.984,3,8
56838,0.0,0.0,0.06,0.045,0.047,0.984,3,8
56888,0.0,0.0,0.02,0.045,0.047,0.984,3,8
56938,0.0,0.0,0.02,0.046,0.047,0.984,3,8
56988,0.0,0.0,0.07,0.046,0.047,0.984,3,8
57038,0.0,0.0,0.06,0.045,0.047,0.984,3,8
57088,0.0,0.0,0.04,0.044,0.046,0.984,3,8
57138,0.0,0.0,0.04,0.044,0.046,0.984,3,8
57188,0.0,0.0,0.05,0.044,0.046,0.984,3,8
57239,0.0,0.0,0.02,0.045,0.047,0.984,3,8
57289,0.0,0.0,0.11,0.045,0.048,0.984,3,8
57339,0.0,0.0,0.07,0.045,0.048,0.984,3,8
57389,0.0,0.0,0.04,0.045,0.047,0.984,3,8
57439,0.0,0.0,0.04,0.045,0.047,0.984,3,8
57489,0.0,0.0,0.02,0.046,0.047,0.984,3,8
57539,0.0,0.0,0.03,0.045,0.048,0.984,3,8
57589,0.0,0.0,0.07,0.045,0.048,0.984,3,8
57639,0.0,0.0,0.11,0.044,0.047,0.984,3,8
57689,0.0,0.0,0.01,0.045,0.047,0.985,3,8
57740,0.0,0.0,0.01,0.045,0.047,0.985,3,8
57790,0.0,0.0,0.05,0.045,0.047,0.984,3,8
57840,0.0,0.0,0.03,0.046,0.047,0.985,3,8
57890,0.0,0.0,0.02,0.046,0.048,0.984,3,8
57940,0.0,0.0,0.04,0.045,0.047,0.984,3,8
57990,0.0,0.0,0.02,0.046,0.046,0.984,3,8
58040,0.0,0.0,0.02,0.046,0.046,0.984,3,8
58090,0.0,0.0,0.02,0.046,0.047,0.984,3,8
58140,0.0,0.0,0.01,0.044,0.048,0.984,3,8
58190,0.0,0.0,0.05,0.044,0.048,0.984,3,8
58241,0.0,0.0,0.02,0.045,0.047,0.984,3,8
58291,0.0,0.0,0.09,0.045,0.047,0.984,3,8
58341,0.0,0.0,0.09,0.045,0.047,0.984,3,8
58391,0.0,0.0,0.02,0.046,0.047,0.984,3,10
58441,0.0,0.0,0.03,0.045,0.047,0.984,3,10
58491,0.0,0.0,0.03,0.045,0.047,0.984,3,10
58541,0.0,0.0,0.03,0.045,0.047,0.984,3,10
58591,0.0,0.0,0.03,0.046,0.047,0.984,3,10
58641,0.0,0.0,0.03,0.046,0.047,0.984,3,10
58691,0.0,0.0,0.10,0.046,0.047,0.985,3,10
58742,0.0,0.0,0.06,0.045,0.047,0.984,3,10
58792,0.0,0.0,0.03,0.045,0.047,0.984,3,10
58842,0.0,0.0,0.05,0.045,0.047,0.984,3,10
58892,0.0,0.0,0.02,0.044,0.047,0.984,3,10
58942,0.0,0.0,0.02,0.044,0.047,0.984,3,10
58992,0.0,0.0,0.12,0.044,0.047,0.984,3,10
59042,0.0,0.0,0.04,0.045,0.047,0.984,3,10
59092,0.0,0.0,0.04,0.045,0.047,0.984,3,10
59142,0.0,0.0,0.09,0.045,0.047,0.984,3,10
59192,0.0,0.0,0.01,0.046,0.047,0.984,3,10
59243,0.0,0.0,0.08,0.046,0.047,0.985,3,10
59293,0.0,0.0,0.08,0.046,0.047,0.985,3,10
59343,0.0,0.0,0.06,0.045,0.047,0.984,3,9
59393,0.0,0.0,0.03,0.045,0.047,0.984,3,9
59443,0.0,0.0,0.07,0.045,0.047,0.984,3,9
59493,0.0,0.0,0.04,0.046,0.047,0.984,3,9
59543,0.0,0.0,0.04,0.046,0.048,0.984,3,9
59593,0.0,0.0,0.04,0.046,0.048,0.984,3,9
59643,0.0,0.0,0.07,0.044,0.047,0.985,3,9
59693,0.0,0.0,0.05,0.045,0.047,0.984,3,9
59744,0.0,0.0,0.03,0.045,0.047,0.984,3,9
59794,0.0,0.0,0.04,0.046,0.047,0.984,3,9
59844,0.0,0.0,0.07,0.045,0.048,0.984,3,9
59894,0.0,0.0,0.07,0.045,0.048,0.984,3,9
59944,0.0,0.0,0.02,0.045,0.047,0.984,3,9
59994,0.0,0.0,0.06,0.045,0.047,0.984,3,9
60044,0.0,0.0,0.04,0.046,0.047,0.984,3,9
60094,0.0,0.0,0.04,0.046,0.048,0.984,3,9
60144,0.0,0.0,0.05,0.045,0.048,0.984,3,9
60194,0.0,0.0,0.05,0.045,0.048,0.984,3,9
60255,0.0,0.0,0.01,0.045,0.047,0.985,3,9
60305,0.0,0.0,0.03,0.045,0.047,0.984,3,9
60355,0.0,0.0,0.03,0.045,0.047,0.984,3,9
60405,0.0,0.0,0.06,0.046,0.047,0.984,3,9
60455,0.0,0.0,0.09,0.045,0.048,0.984,3,9
60505,0.0,0.0,0.04,0.044,0.047,0.984,3,9
60555,0.0,0.0,0.08,0.045,0.047,0.984,3,10
60605,0.0,0.0,0.05,0.045,0.047,0.984,3,10
60655,0.0,0.0,0.05,0.045,0.047,0.984,3,10
60705,0.0,0.0,0.02,0.046,0.047,0.984,3,10
60756,0.0,0.0,0.05,0.046,0.047,0.984,3,10
60806,0.0,0.0,0.04,0.045,0.047,0.984,3,10
60856,0.0,0.0,0.02,0.045,0.047,0.985,3,10
60906,0.0,0.0,0.06,0.045,0.047,0.984,3,10
60956,0.0,0.0,0.06,0.045,0.047,0.984,3,10
61006,0.0,0.0,0.04,0.046,0.047,0.984,3,10
61056,0.0,0.0,0.14,0.045,0.047,0.984,3,10
61106,0.0,0.0,0.06,0.045,0.047,0.984,3,10
61156,0.0,0.0,0.05,0.045,0.047,0.984,3,10
61206,0.0,0.0,0.02,0.045,0.047,0.984,3,10
61257,0.0,0.0,0.02,0.045,0.047,0.984,3,10
61307,0.0,0.0,0.04,0.045,0.047,0.984,3,10
61357,0.0,0.0,0.04,0.045,0.047,0.984,3,10
61407,0.0,0.0,0.05,0.045,0.047,0.984,3,10
61457,0.0,0.0,0.02,0.045,0.047,0.984,3,10
61507,0.0,0.0,0.02,0.046,0.047,0.984,3,10
61557,0.0,0.0,0.02,0.046,0.047,0.984,3,10
61607,0.0,0.0,0.04,0.045,0.047,0.984,3,10
61657,0.0,0.0,0.02,0.045,0.047,0.984,3,10
61707,0.0,0.0,0.04,0.045,0.047,0.984,3,10
61764,0.0,0.0,0.01,0.045,0.047,0.985,3,10
61814,0.0,0.0,0.09,0.045,0.047,0.985,3,10
61864,0.0,0.0,0.06,0.045,0.047,0.985,3,10
61914,0.0,0.0,0.06,0.045,0.047,0.985,3,10
61964,0.0,0.0,0.01,0.045,0.047,0.984,3,10
62014,0.0,0.0,0.06,0.045,0.047,0.984,3,10
62064,0.0,0.0,0.04,0.045,0.047,0.984,3,10
62114,0.0,0.0,0.08,0.045,0.047,0.985,3,11
62164,0.0,0.0,0.05,0.045,0.047,0.985,3,11
62214,0.0,0.0,0.05,0.045,0.047,0.985,3,11
62265,0.0,0.0,0.07,0.045,0.047,0.984,3,11
62315,0.0,0.0,0.09,0.045,0.048,0.984,3,11
62366,0.0,0.0,0.04,0.045,0.048,0.984,3,12
62415,0.0,0.0,0.01,0.045,0.047,0.984,3,12
62465,0.0,0.0,0.05,0.045,0.047,0.984,3,12
62516,0.0,0.0,0.05,0.045,0.047,0.984,3,12
62565,0.0,0.0,0.07,0.045,0.047,0.984,3,12
62615,0.0,0.0,0.09,0.045,0.047,0.984,3,12
62666,0.0,0.0,0.05,0.045,0.047,0.984,3,12
62715,0.0,0.0,0.05,0.045,0.047,0.984,3,12
62766,0.0,0.0,0.02,0.045,0.047,0.984,3,11
62816,0.0,0.0,0.02,0.045,0.047,0.984,3,11
62866,0.0,0.0,0.06,0.045,0.046,0.984,3,11
62916,0.0,0.0,0.02,0.045,0.047,0.984,3,11
62966,0.0,0.0,0.04,0.045,0.047,0.985,3,11
63016,0.0,0.0,0.06,0.046,0.048,0.984,3,11
63066,0.0,0.0,0.02,0.045,0.048,0.984,3,11
63116,0.0,0.0,0.02,0.045,0.048,0.984,3,11
63166,0.0,0.0,0.05,0.045,0.047,0.984,3,10
63216,0.0,0.0,0.07,0.045,0.047,0.984,3,10
63267,0.0,0.0,0.11,0.045,0.047,0.984,3,11
63317,0.0,0.0,0.06,0.046,0.047,0.985,3,10
63367,0.0,0.0,0.07,0.045,0.047,0.985,3,10
63417,0.0,0.0,0.07,0.045,0.047,0.985,3,10
63467,0.0,0.0,0.07,0.045,0.048,0.984,3,10
63517,0.0,0.0,0.05,0.045,0.048,0.984,3,10
63567,0.0,0.0,0.02,0.046,0.048,0.984,3,10
63617,0.0,0.0,0.06,0.045,0.046,0.984,3,10
63667,0.0,0.0,0.09,0.045,0.047,0.984,3,10
63717,0.0,0.0,0.09,0.045,0.047,0.984,3,10
63768,0.0,0.0,0.09,0.045,0.048,0.984,3,11
63818,0.0,0.0,0.05,0.045,0.048,0.984,3,11
63868,0.0,0.0,0.08,0.046,0.048,0.984,3,11
63918,0.0,0.0,0.03,0.046,0.047,0.984,3,11
63968,0.0,0.0,0.04,0.045,0.047,0.984,3,11
64018,0.0,0.0,0.04,0.045,0.047,0.984,3,11
64068,0.0,0.0,0.03,0.045,0.048,0.985,3,10
64118,0.0,0.0,0.04,0.046,0.048,0.985,3,10
64168,0.0,0.0,0.01,0.046,0.048,0.984,3,10
64218,0.0,0.0,0.04,0.045,0.047,0.984,3,10
64269,0.0,0.0,0.06,0.045,0.047,0.984,3,10
64319,0.0,0.0,0.06,0.045,0.047,0.984,3,10
64369,0.0,0.0,0.05,0.045,0.048,0.984,3,11
64419,0.0,0.0,0.04,0.046,0.048,0.985,3,11
64469,0.0,0.0,0.04,0.046,0.048,0.985,3,11
64519,0.0,0.0,0.05,0.045,0.047,0.985,3,11
64569,0.0,0.0,0.04,0.045,0.047,0.984,3,11
64619,0.0,0.0,0.04,0.045,0.047,0.984,3,11
64669,0.0,0.0,0.04,0.045,0.047,0.984,3,11
64719,0.0,0.0,0.05,0.045,0.048,0.984,3,11
64775,0.0,0.0,0.05,0.045,0.048,0.984,3,11
64824,0.0,0.0,0.07,0.045,0.047,0.984,3,11
64874,0.0,0.0,0.06,0.045,0.047,0.985,3,11
64925,0.0,0.0,0.06,0.045,0.047,0.985,3,11
64975,0.0,0.0,0.02,0.045,0.047,0.985,3,11
65025,0.0,0.0,0.13,0.045,0.047,0.984,3,11
65076,0.0,0.0,0.13,0.045,0.047,0.984,3,11
65125,0.0,0.0,0.06,0.045,0.048,0.984,3,11
65175,0.0,0.0,0.01,0.045,0.048,0.984,3,11
65226,0.0,0.0,0.01,0.045,0.048,0.984,3,11
65280,0.0,0.0,0.03,0.045,0.048,0.984,3,11
65330,0.0,0.0,0.11,0.045,0.047,0.984,3,11
65380,0.0,0.0,0.11,0.045,0.047,0.984,3,11
65430,0.0,0.0,0.02,0.045,0.048,0.984,3,11
65480,0.0,0.0,0.08,0.045,0.047,0.984,3,10
65531,0.0,0.0,0.08,0.045,0.047,0.984,3,10
65580,0.0,0.0,0.05,0.045,0.046,0.984,3,10
65630,0.0,0.0,0.04,0.046,0.047,0.984,3,10
65680,0.0,0.0,0.04,0.046,0.047,0.984,3,10
65730,0.0,0.0,0.04,0.045,0.049,0.984,3,10
65781,0.0,0.0,0.07,0.045,0.047,0.984,3,10
65832,0.0,0.0,0.07,0.045,0.047,0.984,3,10
65881,0.0,0.0,0.10,0.045,0.046,0.984,3,11
65931,0.0,0.0,0.10,0.045,0.048,0.984,3,11
65982,0.0,0.0,0.10,0.045,0.048,0.984,3,11
66031,0.0,0.0,0.04,0.045,0.048,0.985,3,11
66081,0.0,0.0,0.05,0.045,0.047,0.984,3,11
66131,0.0,0.0,0.05,0.045,0.047,0.984,3,11
66181,0.0,0.0,0.05,0.045,0.047,0.984,3,11
66231,0.0,0.0,0.04,0.045,0.048,0.985,3,11
66283,0.0,0.0,0.04,0.045,0.048,0.985,3,11
66332,0.0,0.0,0.05,0.045,0.048,0.984,3,11
66382,0.0,0.0,0.05,0.045,0.047,0.984,3,13
66432,0.0,0.0,0.05,0.045,0.047,0.984,3,13
66482,0.0,0.0,0.08,0.045,0.047,0.984,3,13
66532,0.0,0.0,0.04,0.045,0.048,0.985,3,13
66582,0.0,0.0,0.04,0.045,0.048,0.985,3,13
66632,0.0,0.0,0.05,0.045,0.047,0.985,3,13
66682,0.0,0.0,0.11,0.045,0.047,0.984,3,13
66733,0.0,0.0,0.11,0.045,0.047,0.984,3,13
66783,0.0,0.0,0.05,0.045,0.047,0.984,3,13
66833,0.0,0.0,0.02,0.045,0.047,0.985,3,13
66885,0.0,0.0,0.03,0.045,0.047,0.984,3,13
66935,0.0,0.0,0.04,0.045,0.047,0.984,3,13
66985,0.0,0.0,0.06,0.045,0.048,0.984,3,13
67035,0.0,0.0,0.06,0.045,0.048,0.984,3,13
67085,0.0,0.0,0.05,0.045,0.047,0.984,3,13
67135,0.0,0.0,0.05,0.045,0.047,0.985,3,13
67185,0.0,0.0,0.09,0.045,0.047,0.984,3,13
67235,0.0,0.0,0.07,0.045,0.048,0.984,3,13
67286,0.0,0.0,0.05,0.045,0.048,0.984,3,13
67337,0.0,0.0,0.05,0.045,0.048,0.984,3,13
67386,0.0,0.0,0.10,0.045,0.047,0.984,3,13
67436,0.0,0.0,0.15,0.045,0.047,0.985,3,13
67487,0.0,0.0,0.02,0.045,0.047,0.984,3,13
67536,0.0,0.0,0.03,0.045,0.048,0.984,3,13
67586,0.0,0.0,0.05,0.046,0.047,0.984,3,13
67637,0.0,0.0,0.05,0.046,0.047,0.984,3,13
67686,0.0,0.0,0.08,0.045,0.047,0.985,3,13
67736,0.0,0.0,0.07,0.045,0.047,0.984,3,13
67788,0.0,0.0,0.07,0.045,0.047,0.984,3,13
67837,0.0,0.0,0.07,0.045,0.047,0.985,3,13
67887,0.0,0.0,0.10,0.045,0.047,0.984,3,13
67937,0.0,0.0,0.10,0.045,0.047,0.984,3,13
67987,0.0,0.0,0.08,0.045,0.047,0.984,3,13
68037,0.0,0.0,0.09,0.045,0.047,0.984,3,12
68087,0.0,0.0,0.09,0.045,0.047,0.984,3,12
68137,0.0,0.0,0.03,0.045,0.047,0.984,3,12
68187,0.0,0.0,0.05,0.045,0.047,0.984,3,12
68237,0.0,0.0,0.05,0.045,0.047,0.984,3,12
68289,0.0,0.0,0.06,0.045,0.047,0.984,3,12
68339,0.0,0.0,0.07,0.045,0.047,0.984,3,12
68389,0.0,0.0,0.05,0.045,0.047,0.984,3,12
68439,0.0,0.0,0.06,0.045,0.048,0.984,3,12
68489,0.0,0.0,0.04,0.045,0.047,0.985,3,12
68539,0.0,0.0,0.04,0.045,0.047,0.985,3,12
68589,0.0,0.0,0.04,0.045,0.047,0.984,3,12
68639,0.0,0.0,0.03,0.045,0.048,0.984,3,12
68689,0.0,0.0,0.07,0.045,0.047,0.984,3,12
68739,0.0,0.0,0.07,0.045,0.048,0.985,3,12
68790,0.0,0.0,0.06,0.045,0.048,0.984,3,12
68840,0.0,0.0,0.06,0.045,0.048,0.984,3,12
68890,0.0,0.0,0.05,0.045,0.048,0.984,3,12
68940,0.0,0.0,0.12,0.045,0.047,0.985,3,12
68990,0.0,0.0,0.11,0.045,0.047,0.985,3,12
69040,0.0,0.0,0.02,0.045,0.047,0.984,3,12
69090,0.0,0.0,0.02,0.046,0.048,0.984,3,12
69140,0.0,0.0,0.02,0.046,0.048,0.984,3,12
69190,0.0,0.0,0.04,0.046,0.048,0.984,3,12
69240,0.0,0.0,0.05,0.045,0.047,0.984,3,12
69291,0.0,0.0,0.10,0.046,0.047,0.984,3,12
69341,0.0,0.0,0.10,0.046,0.047,0.984,3,12
69391,0.0,0.0,0.04,0.045,0.048,0.984,3,12
69441,0.0,0.0,0.04,0.045,0.048,0.984,3,12
69491,0.0,0.0,0.11,0.045,0.047,0.984,3,11
69541,0.0,0.0,0.10,0.045,0.047,0.984,3,11
69591,0.0,0.0,0.09,0.045,0.047,0.984,3,11
69641,0.0,0.0,0.04,0.046,0.048,0.984,3,11
69691,0.0,0.0,0.10,0.045,0.047,0.984,3,11
69741,0.0,0.0,0.10,0.045,0.047,0.984,3,11
69792,0.0,0.0,0.11,0.045,0.047,0.984,3,11
69842,0.0,0.0,0.12,0.045,0.047,0.984,3,11
69892,0.0,0.0,0.09,0.045,0.047,0.984,3,11
69942,0.0,0.0,0.04,0.045,0.047,0.984,3,11
69992,0.0,0.0,0.08,0.045,0.047,0.985,3,11
70042,0.0,0.0,0.08,0.045,0.047,0.985,3,11
70092,0.0,0.0,0.03,0.045,0.048,0.984,3,11
70142,0.0,0.0,0.04,0.045,0.048,0.984,3,11
70192,0.0,0.0,0.04,0.045,0.048,0.984,3,11
70242,0.0,0.0,0.04,0.045,0.048,0.984,3,11
70293,0.0,0.0,0.09,0.045,0.048,0.984,3,10
70343,0.0,0.0,0.04,0.045,0.048,0.984,3,10
70393,0.0,0.0,0.04,0.045,0.048,0.984,3,10
70443,0.0,0.0,0.05,0.046,0.047,0.984,3,10
70493,0.0,0.0,0.02,0.046,0.047,0.984,3,10
70543,0.0,0.0,0.07,0.045,0.047,0.984,3,10
70593,0.0,0.0,0.05,0.045,0.047,0.985,3,10
70643,0.0,0.0,0.03,0.045,0.048,0.984,3,10
70693,0.0,0.0,0.03,0.045,0.048,0.984,3,10
70743,0.0,0.0,0.01,0.046,0.048,0.984,3,10
70794,0.0,0.0,0.04,0.045,0.048,0.984,3,10
70844,0.0,0.0,0.04,0.045,0.048,0.984,3,10
70894,0.0,0.0,0.03,0.045,0.047,0.984,3,10
70944,0.0,0.0,0.06,0.045,0.047,0.984,3,10
70994,0.0,0.0,0.06,0.045,0.047,0.984,3,10
71044,0.0,0.0,0.05,0.045,0.047,0.984,3,10
71094,0.0,0.0,0.02,0.045,0.047,0.984,3,10
71144,0.0,0.0,0.05,0.045,0.047,0.984,3,10
71194,0.0,0.0,0.05,0.045,0.047,0.984,3,10
71244,0.0,0.0,0.02,0.045,0.047,0.984,3,10
71295,0.0,0.0,0.02,0.045,0.047,0.984,3,10
71345,0.0,0.0,0.02,0.046,0.047,0.984,3,10
71395,0.0,0.0,0.05,0.046,0.047,0.984,3,10
71445,0.0,0.0,0.03,0.046,0.047,0.984,3,10
71495,0.0,0.0,0.10,0.045,0.047,0.985,3,10
71545,0.0,0.0,0.03,0.045,0.047,0.984,3,10
71595,0.0,0.0,0.03,0.045,0.047,0.984,3,10
71645,0.0,0.0,0.03,0.045,0.047,0.984,3,10
71695,0.0,0.0,0.07,0.045,0.047,0.984,3,10
71745,0.0,0.0,0.07,0.045,0.047,0.984,3,10
71807,0.0,0.0,0.04,0.045,0.047,0.984,3,10
71857,0.0,0.0,0.09,0.045,0.048,0.984,3,10
71907,0.0,0.0,0.03,0.045,0.048,0.984,3,10
71957,0.0,0.0,0.03,0.045,0.048,0.984,3,10
72007,0.0,0.0,0.05,0.045,0.047,0.984,3,10
72057,0.0,0.0,0.05,0.045,0.047,0.984,3,10
72107,0.0,0.0,0.03,0.045,0.047,0.984,3,10
72157,0.0,0.0,0.03,0.045,0.047,0.984,3,10
72207,0.0,0.0,0.05,0.045,0.047,0.984,3,10
72257,0.0,0.0,0.02,0.045,0.048,0.984,3,10
72308,0.0,0.0,0.03,0.045,0.047,0.984,3,10
72358,0.0,0.0,0.03,0.045,0.047,0.984,3,10
72408,0.0,0.0,0.06,0.045,0.047,0.984,3,10
72458,0.0,0.0,0.09,0.045,0.047,0.984,3,10
72508,0.0,0.0,0.02,0.045,0.047,0.984,3,10
72558,0.0,0.0,0.04,0.045,0.048,0.984,3,11
72608,0.0,0.0,0.03,0.045,0.048,0.984,3,11
72658,0.0,0.0,0.03,0.045,0.048,0.984,3,11
72708,0.0,0.0,0.05,0.045,0.047,0.984,3,11
72758,0.0,0.0,0.02,0.045,0.047,0.984,3,11
72811,0.0,0.0,0.03,0.045,0.047,0.984,3,11
72860,0.0,0.0,0.03,0.045,0.047,0.984,3,11
72910,0.0,0.0,0.05,0.045,0.048,0.984,3,11
72961,0.0,0.0,0.05,0.045,0.048,0.984,3,11
73010,0.0,0.0,0.06,0.045,0.047,0.984,3,11
73060,0.0,0.0,0.03,0.045,0.047,0.984,3,11
73111,0.0,0.0,0.02,0.045,0.047,0.984,3,11
73160,0.0,0.0,0.06,0.045,0.048,0.984,3,11
73210,0.0,0.0,0.02,0.045,0.047,0.984,3,11
73260,0.0,0.0,0.02,0.045,0.047,0.984,3,11
73311,0.0,0.0,0.02,0.045,0.047,0.984,3,11
73361,0.0,0.0,0.04,0.045,0.047,0.984,3,12
73412,0.0,0.0,0.03,0.045,0.047,0.984,3,12
73461,0.0,0.0,0.06,0.045,0.048,0.984,3,12
73511,0.0,0.0,0.09,0.045,0.048,0.984,3,12
73563,0.0,0.0,0.09,0.045,0.048,0.984,3,12
73613,0.0,0.0,0.02,0.045,0.047,0.984,3,12
73663,0.0,0.0,0.03,0.046,0.047,0.984,3,12
73713,0.0,0.0,0.03,0.045,0.048,0.985,3,12
73763,0.0,0.0,0.02,0.045,0.048,0.985,3,12
73814,0.0,0.0,0.01,0.045,0.047,0.984,3,12
73864,0.0,0.0,0.01,0.045,0.047,0.984,3,12
73914,0.0,0.0,0.05,0.046,0.047,0.984,3,12
73964,0.0,0.0,0.05,0.046,0.047,0.984,3,12
74014,0.0,0.0,0.09,0.045,0.047,0.984,3,12
74064,0.0,0.0,0.06,0.045,0.047,0.984,3,12
74114,0.0,0.0,0.04,0.046,0.047,0.984,3,11
74164,0.0,0.0,0.04,0.046,0.047,0.984,3,11
74214,0.0,0.0,0.09,0.045,0.047,0.981,3,11
74264,0.0,0.0,0.05,0.042,0.048,0.982,3,11
74315,0.0,0.0,0.05,0.044,0.047,0.983,3,11
74365,0.0,0.0,0.05,0.044,0.047,0.983,3,11
74415,0.0,0.0,0.08,0.050,0.045,0.984,3,11
74465,0.0,0.0,0.04,0.049,0.048,0.987,3,11
74515,0.0,0.0,0.04,0.049,0.048,0.987,3,11
74565,0.0,0.0,0.08,0.041,0.051,0.977,3,11
74615,0.0,0.0,0.05,0.038,0.051,0.989,3,12
74665,0.0,0.0,0.02,0.037,0.049,0.986,3,12
74715,0.0,0.0,0.06,0.050,0.042,0.984,3,12
74765,0.0,0.0,0.02,0.047,0.049,0.984,3,12
74817,0.0,0.0,0.02,0.047,0.049,0.984,3,12
74867,0.0,0.0,0.02,0.043,0.051,0.985,3,12
74917,0.0,0.0,0.09,0.043,0.048,0.984,3,12
74967,0.0,0.0,0.11,0.044,0.046,0.984,3,12
75017,0.0,0.0,0.07,0.047,0.046,0.984,3,12
75067,0.0,0.0,0.15,0.046,0.049,0.984,3,12
75117,0.0,0.0,0.15,0.046,0.049,0.984,3,12
75167,0.0,0.0,0.03,0.045,0.049,0.984,3,12
75217,0.0,0.0,0.02,0.043,0.048,0.985,3,12
75267,0.0,0.0,0.05,0.044,0.047,0.984,3,12
75318,0.0,0.0,0.07,0.046,0.047,0.984,3,12
75368,0.0,0.0,0.06,0.046,0.048,0.984,3,12
75418,0.0,0.0,0.06,0.046,0.048,0.984,3,12
75468,0.0,0.0,0.08,0.044,0.047,0.984,3,12
75518,0.0,0.0,0.04,0.044,0.047,0.984,3,12
75568,0.0,0.0,0.05,0.044,0.046,0.984,3,12
75618,0.0,0.0,0.06,0.045,0.047,0.984,3,12
75668,0.0,0.0,0.07,0.045,0.048,0.984,3,12
75718,0.0,0.0,0.07,0.045,0.048,0.984,3,12
75768,0.0,0.0,0.07,0.045,0.049,0.984,3,12
75819,0.0,0.0,0.05,0.045,0.048,0.984,3,11
75869,0.0,0.0,0.10,0.045,0.047,0.984,3,11
75919,0.0,0.0,0.02,0.045,0.047,0.984,3,12
75969,0.0,0.0,0.02,0.045,0.047,0.984,3,12
76019,0.0,0.0,0.11,0.045,0.049,0.985,3,12
76069,0.0,0.0,0.12,0.046,0.048,0.984,3,13
76119,0.0,0.0,0.08,0.046,0.047,0.984,3,13
76169,0.0,0.0,0.05,0.046,0.046,0.984,3,13
76219,0.0,0.0,0.05,0.045,0.047,0.984,3,13
76269,0.0,0.0,0.05,0.045,0.047,0.984,3,13
76320,0.0,0.0,0.17,0.044,0.048,0.984,3,14
76370,0.0,0.0,0.08,0.045,0.049,0.984,3,14
76420,0.0,0.0,0.03,0.045,0.047,0.985,3,14
76470,0.0,0.0,0.05,0.046,0.045,0.988,3,14
76520,0.0,0.0,0.09,0.046,0.046,0.983,3,14
76570,0.0,0.0,0.09,0.046,0.046,0.983,3,14
76620,0.0,0.0,0.21,0.046,0.049,0.985,3,14
76670,0.0,0.0,0.10,0.046,0.048,0.984,3,14
76720,0.0,0.0,0.04,0.044,0.046,0.984,3,14
76770,0.0,0.0,0.04,0.044,0.045,0.985,3,14
76829,0.0,0.0,0.13,0.043,0.046,0.985,3,14
76879,0.0,0.0,0.03,0.045,0.048,0.985,3,13
76930,0.0,0.0,0.03,0.045,0.048,0.985,3,13
76981,0.0,0.0,0.07,0.046,0.048,0.984,3,14
77031,0.0,0.0,0.04,0.047,0.046,0.984,3,13
77081,0.0,0.0,0.04,0.047,0.046,0.984,3,13
77131,0.0,0.0,0.16,0.045,0.047,0.985,3,13
77181,0.0,0.0,0.01,0.044,0.049,0.985,3,12
77231,0.0,0.0,0.05,0.045,0.049,0.985,3,12
77281,0.0,0.0,0.08,0.046,0.047,0.984,3,13
77332,0.0,0.0,0.07,0.046,0.046,0.984,3,13
77383,0.0,0.0,0.07,0.046,0.046,0.984,3,13
77432,0.0,0.0,0.04,0.044,0.047,0.983,3,13
77482,0.0,0.0,0.08,0.047,0.048,0.984,3,13
77532,0.0,0.0,0.02,0.047,0.049,0.983,3,13
77582,0.0,0.0,0.02,0.047,0.049,0.983,3,13
77632,0.0,0.0,0.19,0.045,0.048,0.983,3,12
77683,0.0,0.0,0.19,0.045,0.048,0.983,3,12
77732,0.0,0.0,0.27,0.044,0.044,0.986,3,12
77782,0.0,0.0,0.17,0.044,0.047,0.984,3,13
77834,0.0,0.0,0.18,0.044,0.049,0.982,3,13
77884,0.0,0.0,0.06,0.045,0.050,0.986,3,13
77934,0.0,0.0,0.03,0.046,0.048,0.984,3,14
77986,0.0,0.0,0.03,0.046,0.048,0.984,3,14
78036,0.0,0.0,0.20,0.046,0.045,0.983,3,13
78086,0.0,0.0,0.06,0.045,0.046,0.984,3,13
78136,0.0,0.0,0.08,0.045,0.049,0.984,3,13
78186,0.0,0.0,0.08,0.045,0.049,0.984,3,13
78236,0.0,0.0,0.09,0.045,0.049,0.985,3,13
78286,0.0,0.0,0.09,0.045,0.049,0.985,3,13
78340,0.0,0.0,0.03,0.045,0.046,0.984,3,14
78390,0.0,0.0,0.11,0.045,0.045,0.984,3,14
78440,0.0,0.0,0.07,0.045,0.047,0.985,3,13
78490,0.0,0.0,0.05,0.044,0.049,0.985,3,14
78540,0.0,0.0,0.13,0.042,0.050,0.984,3,14
78590,0.0,0.0,0.13,0.042,0.050,0.984,3,14
78640,0.0,0.0,0.19,0.048,0.044,0.984,3,14
78690,0.0,0.0,0.07,0.048,0.048,0.983,3,14
78740,0.0,0.0,0.24,0.047,0.050,0.985,3,14
78790,0.0,0.0,0.24,0.047,0.050,0.985,3,14
78841,0.0,0.0,0.22,0.044,0.054,0.996,3,14
78891,0.0,0.0,0.09,0.047,0.049,1.010,3,14
78941,0.0,0.0,0.09,0.047,0.049,1.010,3,14
78991,0.0,0.0,0.07,0.055,0.048,1.029,3,14
79041,0.0,0.0,0.24,0.057,0.052,1.034,3,14
79091,0.0,0.0,0.13,0.062,0.058,1.054,3,14
79141,0.0,0.0,0.23,0.073,0.058,1.080,3,14
79191,0.0,0.0,0.32,0.061,0.081,0.980,3,14
79241,0.0,0.0,0.32,0.061,0.081,0.980,3,14
79291,0.0,0.0,0.35,0.059,0.087,0.935,3,14
79342,0.0,0.0,0.19,0.077,0.080,0.920,3,14
79392,0.0,0.0,0.19,0.077,0.080,0.920,3,14
79442,0.0,0.0,0.34,0.105,0.057,0.950,3,14
79492,0.0,0.0,0.60,0.113,0.016,0.981,3,14
79542,0.0,0.0,0.60,0.113,0.016,0.981,3,14
79592,0.0,0.0,0.34,0.125,-0.003,0.979,3,14
79642,0.0,0.0,0.27,0.118,-0.008,0.942,3,14
79692,0.0,0.0,0.22,0.116,-0.007,0.910,3,14
79742,0.0,0.0,0.14,0.127,0.004,0.900,3,12
79792,0.0,0.0,0.11,0.143,0.024,0.933,3,12
79843,0.0,0.0,0.11,0.143,0.024,0.933,3,12
79893,0.0,0.0,0.10,0.154,0.035,0.961,3,12
79943,0.0,0.0,0.04,0.160,0.038,0.975,3,12
79993,0.0,0.0,0.04,0.160,0.038,0.975,3,12
80043,0.0,0.0,0.05,0.160,0.032,1.000,3,12
80093,0.0,0.0,0.09,0.143,0.003,0.970,3,14
80143,0.0,0.0,0.09,0.143,0.003,0.970,3,14
80193,0.0,0.0,0.08,0.133,-0.012,0.981,3,14
80243,0.0,0.0,0.03,0.129,-0.013,0.987,3,14
80293,0.0,0.0,0.06,0.126,-0.011,0.985,3,14
80344,0.0,0.0,0.13,0.129,0.004,0.995,3,14
80394,0.0,0.0,0.09,0.132,0.032,0.992,3,14
80444,0.0,0.0,0.09,0.132,0.032,0.992,3,14
80494,0.0,0.0,0.13,0.134,0.045,0.984,3,14
80544,0.0,0.0,0.16,0.131,0.054,0.968,3,14
80594,0.0,0.0,0.18,0.132,0.062,0.965,3,14
80644,0.0,0.0,0.18,0.133,0.070,0.968,3,15
80694,0.0,0.0,0.09,0.135,0.070,0.983,3,15
80744,0.0,0.0,0.09,0.135,0.070,0.983,3,15
80794,0.0,0.0,0.06,0.137,0.060,0.984,3,15
80845,0.0,0.0,0.03,0.136,0.051,0.984,3,15
80895,0.0,0.0,0.07,0.134,0.043,0.981,3,15
80945,0.0,0.0,0.04,0.133,0.029,0.981,3,15
80995,0.0,0.0,0.10,0.134,0.023,0.993,3,15
81045,0.0,0.0,0.10,0.134,0.023,0.993,3,15
81095,0.0,0.0,0.10,0.134,0.023,0.993,3,15
81145,0.0,0.0,0.08,0.135,0.025,0.999,3,15
81195,0.0,0.0,0.04,0.133,0.026,0.994,3,15
81245,0.0,0.0,0.07,0.131,0.029,0.963,3,15
81295,0.0,0.0,0.03,0.136,0.028,0.952,3,15
81346,0.0,0.0,0.03,0.136,0.028,0.952,3,15
81396,0.0,0.0,0.09,0.142,0.025,0.963,3,15
81446,0.0,0.0,0.10,0.140,0.031,0.966,3,15
81496,0.0,0.0,0.03,0.134,0.040,0.966,3,15
81546,0.0,0.0,0.10,0.126,0.045,0.966,3,15
81596,0.0,0.0,0.05,0.139,0.057,0.986,3,15
81646,0.0,0.0,0.05,0.139,0.057,0.986,3,15
81696,0.0,0.0,0.05,0.139,0.060,0.993,3,15
81746,0.0,0.0,0.05,0.136,0.056,0.985,3,14
81796,0.0,0.0,0.05,0.136,0.056,0.985,3,14
81849,0.0,0.0,0.05,0.136,0.056,0.985,3,14
81899,0.0,0.0,0.05,0.135,0.050,0.970,3,14
81955,0.0,0.0,0.05,0.135,0.050,0.970,3,14
82005,0.0,0.0,0.02,0.126,0.027,0.985,3,14
82055,0.0,0.0,0.12,0.121,0.005,0.989,3,14
82105,0.0,0.0,0.12,0.121,0.005,0.989,3,14
82155,0.0,0.0,0.07,0.126,0.008,0.985,3,14
82205,0.0,0.0,0.07,0.126,0.008,0.985,3,14
82255,0.0,0.0,0.07,0.126,0.008,0.985,3,14
82305,0.0,0.0,0.08,0.136,0.031,0.966,3,14
82356,0.0,0.0,0.09,0.137,0.047,0.972,3,14
82408,0.0,0.0,0.09,0.137,0.047,0.972,3,14
82457,0.0,0.0,0.03,0.135,0.047,0.978,3,14
82507,0.0,0.0,0.07,0.132,0.037,0.980,3,14
82557,0.0,0.0,0.07,0.132,0.037,0.980,3,14
82607,0.0,0.0,0.07,0.132,0.037,0.980,3,14
82657,0.0,0.0,0.06,0.131,0.031,0.980,3,14
82707,0.0,0.0,0.06,0.131,0.031,0.980,3,14
82757,0.0,0.0,0.10,0.131,0.030,0.978,3,14
82807,0.0,0.0,0.03,0.128,0.028,0.976,3,13
82858,0.0,0.0,0.03,0.128,0.028,0.976,3,13
82908,0.0,0.0,0.05,0.128,0.030,0.980,3,13
82958,0.0,0.0,0.01,0.129,0.034,0.984,3,13
83008,0.0,0.0,0.01,0.129,0.034,0.984,3,13
83058,0.0,0.0,0.09,0.129,0.033,0.977,3,13
83108,0.0,0.0,0.04,0.130,0.034,0.973,3,13
83158,0.0,0.0,0.02,0.132,0.035,0.975,3,13
83208,0.0,0.0,0.04,0.133,0.034,0.979,3,13
83258,0.0,0.0,0.01,0.131,0.033,0.978,3,13
83308,0.0,0.0,0.01,0.131,0.033,0.978,3,13
83366,0.0,0.0,0.07,0.127,0.032,0.977,3,13
83416,0.0,0.0,0.12,0.129,0.033,0.979,3,14
83466,0.0,0.0,0.12,0.129,0.033,0.979,3,14
83516,0.0,0.0,0.06,0.128,0.033,0.979,3,14
83566,0.0,0.0,0.09,0.129,0.033,0.981,3,14
83616,0.0,0.0,0.08,0.129,0.032,0.976,3,14
83666,0.0,0.0,0.08,0.129,0.032,0.976,3,14
83716,0.0,0.0,0.04,0.129,0.031,0.978,3,13
83766,0.0,0.0,0.08,0.128,0.030,0.979,3,14
83816,0.0,0.0,0.04,0.127,0.029,0.980,3,13
83867,0.0,0.0,0.04,0.127,0.029,0.980,3,13
83917,0.0,0.0,0.05,0.126,0.031,0.980,3,14
83967,0.0,0.0,0.05,0.126,0.031,0.980,3,14
84017,0.0,0.0,0.04,0.128,0.039,0.977,3,14
84067,0.0,0.0,0.04,0.128,0.039,0.977,3,14
84118,0.0,0.0,0.05,0.131,0.037,0.976,3,14
84167,0.0,0.0,0.09,0.131,0.032,0.980,3,14
84217,0.0,0.0,0.07,0.129,0.030,0.979,3,14
84268,0.0,0.0,0.07,0.129,0.030,0.979,3,14
84317,0.0,0.0,0.05,0.128,0.030,0.978,3,13
84369,0.0,0.0,0.05,0.128,0.030,0.978,3,13
84418,0.0,0.0,0.08,0.129,0.031,0.976,3,13
84468,0.0,0.0,0.05,0.128,0.033,0.979,3,13
84518,0.0,0.0,0.07,0.125,0.032,0.978,3,13
84568,0.0,0.0,0.07,0.125,0.032,0.978,3,13
84618,0.0,0.0,0.05,0.125,0.031,0.977,3,13
84668,0.0,0.0,0.06,0.127,0.031,0.979,3,13
84718,0.0,0.0,0.03,0.128,0.031,0.978,3,13
84768,0.0,0.0,0.02,0.130,0.032,0.978,3,13
84818,0.0,0.0,0.13,0.129,0.034,0.979,3,13
84869,0.0,0.0,0.13,0.129,0.034,0.979,3,13
84919,0.0,0.0,0.07,0.127,0.034,0.978,3,13
84969,0.0,0.0,0.07,0.127,0.034,0.978,3,13
85019,0.0,0.0,0.07,0.126,0.033,0.979,3,13
85069,0.0,0.0,0.04,0.125,0.032,0.976,3,13
85119,0.0,0.0,0.12,0.127,0.032,0.979,3,13
85169,0.0,0.0,0.12,0.127,0.032,0.979,3,13
85219,0.0,0.0,0.04,0.128,0.033,0.978,3,13
85269,0.0,0.0,0.04,0.128,0.033,0.978,3,13
85319,0.0,0.0,0.06,0.127,0.032,0.979,3,13
85370,0.0,0.0,0.04,0.127,0.032,0.978,3,12
85420,0.0,0.0,0.19,0.126,0.033,0.979,3,12
85470,0.0,0.0,0.19,0.126,0.033,0.979,3,12
85520,0.0,0.0,0.16,0.127,0.032,0.978,3,12
85570,0.0,0.0,0.16,0.127,0.032,0.978,3,12
85620,0.0,0.0,0.09,0.127,0.032,0.979,3,13
85670,0.0,0.0,0.04,0.127,0.033,0.976,3,13
85720,0.0,0.0,0.14,0.128,0.033,0.979,3,13
85770,0.0,0.0,0.14,0.128,0.033,0.979,3,13
85820,0.0,0.0,0.04,0.127,0.033,0.981,3,13
85871,0.0,0.0,0.04,0.127,0.033,0.981,3,13
85921,0.0,0.0,0.04,0.127,0.033,0.981,3,13
85971,0.0,0.0,0.07,0.126,0.033,0.979,3,12
86021,0.0,0.0,0.08,0.126,0.034,0.978,3,12
86071,0.0,0.0,0.08,0.126,0.034,0.978,3,12
86121,0.0,0.0,0.03,0.127,0.033,0.980,3,12
86171,0.0,0.0,0.03,0.127,0.033,0.980,3,12
86221,0.0,0.0,0.03,0.127,0.033,0.980,3,12
86271,0.0,0.0,0.03,0.127,0.033,0.980,3,12
86321,0.0,0.0,0.03,0.127,0.032,0.975,3,12
86379,0.0,0.0,0.03,0.127,0.032,0.975,3,12
86429,0.0,0.0,0.09,0.127,0.032,0.980,3,12
86479,0.0,0.0,0.07,0.127,0.032,0.980,3,12
86531,0.0,0.0,0.07,0.127,0.032,0.980,3,12
86580,0.0,0.0,0.10,0.124,0.033,0.978,3,12
86630,0.0,0.0,0.05,0.127,0.032,0.980,3,11
86681,0.0,0.0,0.05,0.127,0.032,0.980,3,11
86730,0.0,0.0,0.14,0.127,0.032,0.979,3,11
86780,0.0,0.0,0.09,0.128,0.033,0.975,3,11
86831,0.0,0.0,0.09,0.128,0.033,0.975,3,11
86883,0.0,0.0,0.17,0.129,0.034,0.975,3,11
86933,0.0,0.0,0.07,0.126,0.034,0.981,3,12
86983,0.0,0.0,0.07,0.126,0.034,0.981,3,12
87033,0.0,0.0,0.14,0.125,0.033,0.981,3,12
87083,0.0,0.0,0.03,0.122,0.031,0.980,3,11
87134,0.0,0.0,0.02,0.124,0.031,0.975,3,12
87183,0.0,0.0,0.02,0.124,0.031,0.975,3,12
87233,0.0,0.0,0.07,0.129,0.033,0.976,3,12
87284,0.0,0.0,0.07,0.129,0.033,0.976,3,12
87333,0.0,0.0,0.05,0.130,0.035,0.977,3,12
87384,0.0,0.0,0.05,0.130,0.035,0.977,3,12
87435,0.0,0.0,0.06,0.129,0.035,0.976,3,12
87484,0.0,0.0,0.06,0.129,0.034,0.980,3,13
87534,0.0,0.0,0.06,0.124,0.032,0.980,3,13
87585,0.0,0.0,0.06,0.124,0.032,0.980,3,13
87635,0.0,0.0,0.04,0.124,0.031,0.979,3,13
87685,0.0,0.0,0.11,0.125,0.032,0.981,3,13
87735,0.0,0.0,0.05,0.125,0.032,0.981,3,13
87785,0.0,0.0,0.05,0.125,0.032,0.981,3,13
87835,0.0,0.0,0.05,0.124,0.033,0.975,3,13
87889,0.0,0.0,0.05,0.124,0.033,0.975,3,13
87939,0.0,0.0,0.00,0.126,0.035,0.977,3,13
87989,0.0,0.0,0.01,0.130,0.034,0.981,3,13
88040,0.0,0.0,0.06,0.130,0.033,0.980,3,13
88089,0.0,0.0,0.01,0.129,0.033,0.976,3,13
88139,0.0,0.0,0.06,0.126,0.031,0.975,3,13
88189,0.0,0.0,0.06,0.126,0.031,0.975,3,13
88239,0.0,0.0,0.08,0.127,0.030,0.977,3,13
88289,0.0,0.0,0.11,0.126,0.031,0.979,3,13
88340,0.0,0.0,0.11,0.127,0.032,0.981,3,13
88392,0.0,0.0,0.02,0.125,0.031,0.977,3,13
88442,0.0,0.0,0.06,0.124,0.031,0.975,3,13
88492,0.0,0.0,0.06,0.124,0.031,0.975,3,13
88542,0.0,0.0,0.04,0.125,0.031,0.979,3,13
88592,0.0,0.0,0.03,0.125,0.032,0.981,3,12
88642,0.0,0.0,0.03,0.125,0.032,0.981,3,12
88692,0.0,0.0,0.03,0.125,0.032,0.981,3,12
88742,0.0,0.0,0.04,0.127,0.035,0.976,3,13
88792,0.0,0.0,0.04,0.127,0.035,0.976,3,13
88842,0.0,0.0,0.10,0.129,0.036,0.980,3,13
88893,0.0,0.0,0.05,0.129,0.035,0.980,3,13
88943,0.0,0.0,0.04,0.126,0.033,0.975,3,13
88993,0.0,0.0,0.04,0.126,0.033,0.975,3,13
89043,0.0,0.0,0.04,0.125,0.033,0.978,3,13
89093,0.0,0.0,0.04,0.125,0.033,0.978,3,13
89143,0.0,0.0,0.04,0.127,0.032,0.980,3,13
89193,0.0,0.0,0.02,0.126,0.033,0.978,3,13
89243,0.0,0.0,0.08,0.125,0.033,0.977,3,13
89293,0.0,0.0,0.10,0.125,0.032,0.976,3,13
89343,0.0,0.0,0.08,0.126,0.031,0.977,3,13
89394,0.0,0.0,0.08,0.126,0.031,0.977,3,13
89444,0.0,0.0,0.08,0.126,0.031,0.977,3,13
89494,0.0,0.0,0.07,0.128,0.032,0.979,3,13
89544,0.0,0.0,0.05,0.126,0.033,0.979,3,13
89594,0.0,0.0,0.06,0.126,0.034,0.977,3,13
89644,0.0,0.0,0.07,0.126,0.033,0.976,3,13
89694,0.0,0.0,0.04,0.127,0.033,0.981,3,13
89744,0.0,0.0,0.04,0.127,0.033,0.981,3,13
89794,0.0,0.0,0.04,0.127,0.033,0.981,3,13
89844,0.0,0.0,0.02,0.126,0.032,0.979,3,13
89895,0.0,0.0,0.02,0.126,0.032,0.979,3,13
89945,0.0,0.0,0.04,0.126,0.033,0.976,3,13
89995,0.0,0.0,0.05,0.127,0.032,0.980,3,13
90045,0.0,0.0,0.05,0.127,0.032,0.980,3,13
90095,0.0,0.0,0.03,0.125,0.032,0.982,3,13
90145,0.0,0.0,0.03,0.125,0.032,0.982,3,13
90195,0.0,0.0,0.03,0.125,0.032,0.982,3,13
90245,0.0,0.0,0.04,0.125,0.032,0.974,3,11
90295,0.0,0.0,0.05,0.128,0.034,0.979,3,13
90345,0.0,0.0,0.05,0.128,0.034,0.979,3,13
90396,0.0,0.0,0.12,0.127,0.033,0.979,3,13
90446,0.0,0.0,0.06,0.126,0.033,0.978,3,13
90496,0.0,0.0,0.03,0.125,0.033,0.975,3,11
90546,0.0,0.0,0.03,0.125,0.033,0.975,3,11
90596,0.0,0.0,0.06,0.126,0.032,0.980,3,11
90646,0.0,0.0,0.06,0.126,0.032,0.980,3,11
90696,0.0,0.0,0.13,0.127,0.032,0.979,3,11
90746,0.0,0.0,0.08,0.125,0.034,0.978,3,11
90796,0.0,0.0,0.08,0.125,0.034,0.978,3,11
90846,0.0,0.0,0.15,0.127,0.033,0.978,3,12
90897,0.0,0.0,0.02,0.126,0.033,0.979,3,12
90947,0.0,0.0,0.02,0.126,0.033,0.979,3,12
90997,0.0,0.0,0.11,0.126,0.032,0.978,3,12
91047,0.0,0.0,0.01,0.126,0.032,0.979,3,12
91097,0.0,0.0,0.12,0.126,0.032,0.980,3,12
91147,0.0,0.0,0.08,0.126,0.032,0.977,3,12
91197,0.0,0.0,0.16,0.126,0.034,0.978,3,12
91247,0.0,0.0,0.16,0.126,0.034,0.978,3,12
91297,0.0,0.0,0.13,0.126,0.034,0.978,3,11
91347,0.0,0.0,0.04,0.126,0.034,0.979,3,12
91402,0.0,0.0,0.03,0.126,0.033,0.978,3,12
91451,0.0,0.0,0.02,0.127,0.033,0.978,3,12
91501,0.0,0.0,0.09,0.127,0.033,0.978,3,12
91554,0.0,0.0,0.09,0.127,0.033,0.978,3,12
91603,0.0,0.0,0.03,0.126,0.033,0.979,3,12
91653,0.0,0.0,0.05,0.125,0.034,0.979,3,12
91704,0.0,0.0,0.09,0.125,0.033,0.979,3,12
91753,0.0,0.0,0.03,0.125,0.032,0.977,3,12
91803,0.0,0.0,0.06,0.126,0.032,0.977,3,12
91854,0.0,0.0,0.06,0.126,0.032,0.977,3,12
91908,0.0,0.0,0.02,0.128,0.033,0.979,3,12
91958,0.0,0.0,0.06,0.128,0.033,0.979,3,12
92010,0.0,0.0,0.06,0.128,0.033,0.979,3,12
92059,0.0,0.0,0.02,0.126,0.033,0.980,3,12
92109,0.0,0.0,0.07,0.124,0.032,0.976,3,12
92159,0.0,0.0,0.07,0.124,0.032,0.976,3,12
92209,0.0,0.0,0.07,0.124,0.032,0.976,3,12
92259,0.0,0.0,0.05,0.127,0.033,0.980,3,12
92309,0.0,0.0,0.05,0.127,0.033,0.980,3,12
92359,0.0,0.0,0.06,0.126,0.033,0.982,3,13
92410,0.0,0.0,0.09,0.123,0.033,0.975,3,13
92462,0.0,0.0,0.09,0.123,0.033,0.975,3,13
92511,0.0,0.0,0.06,0.126,0.034,0.977,3,13
92561,0.0,0.0,0.08,0.128,0.034,0.981,3,13
92611,0.0,0.0,0.08,0.128,0.034,0.981,3,13
92661,0.0,0.0,0.08,0.125,0.033,0.978,3,13
92711,0.0,0.0,0.03,0.125,0.032,0.978,3,13
92763,0.0,0.0,0.08,0.125,0.032,0.979,3,13
92812,0.0,0.0,0.03,0.126,0.032,0.981,3,13
92862,0.0,0.0,0.06,0.124,0.033,0.978,3,13
92915,0.0,0.0,0.10,0.126,0.034,0.977,3,13
92964,0.0,0.0,0.10,0.126,0.034,0.977,3,13
93014,0.0,0.0,0.02,0.127,0.033,0.980,3,13
93064,0.0,0.0,0.03,0.127,0.033,0.981,3,13
93114,0.0,0.0,0.13,0.126,0.032,0.979,3,13
93164,0.0,0.0,0.03,0.126,0.032,0.977,3,13
93214,0.0,0.0,0.03,0.126,0.032,0.977,3,13
93264,0.0,0.0,0.03,0.125,0.035,0.976,3,13
93314,0.0,0.0,0.10,0.126,0.035,0.979,3,13
93365,0.0,0.0,0.01,0.126,0.034,0.981,3,13
93418,0.0,0.0,0.07,0.126,0.034,0.980,3,13
93468,0.0,0.0,0.04,0.125,0.032,0.977,3,13
93518,0.0,0.0,0.02,0.126,0.032,0.977,3,13
93568,0.0,0.0,0.02,0.126,0.032,0.977,3,13
93618,0.0,0.0,0.10,0.126,0.032,0.978,3,12
93668,0.0,0.0,0.07,0.126,0.033,0.980,3,12
93718,0.0,0.0,0.03,0.125,0.033,0.978,3,12
93768,0.0,0.0,0.04,0.125,0.034,0.978,3,12
93818,0.0,0.0,0.04,0.125,0.033,0.978,3,12
93868,0.0,0.0,0.04,0.125,0.033,0.978,3,12
93919,0.0,0.0,0.06,0.126,0.033,0.979,3,12
93969,0.0,0.0,0.06,0.127,0.033,0.979,3,12
94019,0.0,0.0,0.05,0.127,0.033,0.979,3,12
94069,0.0,0.0,0.05,0.125,0.033,0.977,3,12
94119,0.0,0.0,0.07,0.126,0.033,0.978,3,12
94169,0.0,0.0,0.07,0.126,0.033,0.978,3,12
94219,0.0,0.0,0.06,0.127,0.033,0.981,3,12
94269,0.0,0.0,0.06,0.127,0.033,0.981,3,12
94319,0.0,0.0,0.04,0.126,0.033,0.979,3,12
94369,0.0,0.0,0.08,0.125,0.033,0.978,3,12
94420,0.0,0.0,0.06,0.126,0.033,0.979,3,12
94470,0.0,0.0,0.06,0.126,0.033,0.979,3,12
94520,0.0,0.0,0.10,0.126,0.033,0.979,3,13
94570,0.0,0.0,0.10,0.126,0.032,0.978,3,13
94620,0.0,0.0,0.09,0.126,0.031,0.977,3,12
94670,0.0,0.0,0.04,0.126,0.033,0.977,3,13
94720,0.0,0.0,0.09,0.125,0.033,0.979,3,13
94770,0.0,0.0,0.09,0.125,0.033,0.979,3,13
94820,0.0,0.0,0.06,0.125,0.033,0.979,3,13
94870,0.0,0.0,0.08,0.125,0.033,0.979,3,13
94921,0.0,0.0,0.07,0.125,0.034,0.979,3,13
94971,0.0,0.0,0.04,0.124,0.033,0.975,3,13
95021,0.0,0.0,0.04,0.126,0.033,0.978,3,13
95071,0.0,0.0,0.04,0.126,0.033,0.978,3,13
95121,0.0,0.0,0.02,0.127,0.034,0.980,3,13
95171,0.0,0.0,0.07,0.126,0.034,0.977,3,13
95221,0.0,0.0,0.03,0.126,0.033,0.977,3,13
95271,0.0,0.0,0.06,0.126,0.033,0.976,3,13
95321,0.0,0.0,0.11,0.126,0.034,0.977,3,13
95371,0.0,0.0,0.11,0.126,0.034,0.977,3,13
95422,0.0,0.0,0.04,0.125,0.034,0.981,3,13
95472,0.0,0.0,0.02,0.125,0.034,0.979,3,13
95522,0.0,0.0,0.10,0.125,0.033,0.979,3,13
95572,0.0,0.0,0.03,0.125,0.033,0.979,3,13
95622,0.0,0.0,0.04,0.125,0.033,0.977,3,13
95672,0.0,0.0,0.04,0.125,0.033,0.977,3,13
95722,0.0,0.0,0.11,0.126,0.033,0.978,3,13
95772,0.0,0.0,0.12,0.125,0.033,0.976,3,13
95822,0.0,0.0,0.06,0.126,0.033,0.978,3,13
95872,0.0,0.0,0.08,0.126,0.033,0.978,3,13
95923,0.0,0.0,0.09,0.126,0.032,0.981,3,13
95979,0.0,0.0,0.09,0.126,0.032,0.981,3,13
96028,0.0,0.0,0.06,0.124,0.033,0.979,3,13
96078,0.0,0.0,0.05,0.124,0.034,0.978,3,13
96128,0.0,0.0,0.05,0.124,0.034,0.978,3,13
96178,0.0,0.0,0.07,0.125,0.034,0.976,3,13
96228,0.0,0.0,0.04,0.126,0.034,0.978,3,13
96279,0.0,0.0,0.04,0.126,0.034,0.978,3,13
96328,0.0,0.0,0.07,0.127,0.034,0.978,3,13
96378,0.0,0.0,0.07,0.126,0.034,0.979,3,13
96432,0.0,0.0,0.07,0.126,0.034,0.979,3,13
96483,0.0,0.0,0.05,0.125,0.032,0.978,3,13
96533,0.0,0.0,0.04,0.124,0.032,0.978,3,13
96583,0.0,0.0,0.04,0.124,0.032,0.978,3,13
96633,0.0,0.0,0.02,0.125,0.034,0.979,3,13
96683,0.0,0.0,0.09,0.126,0.035,0.977,3,13
96733,0.0,0.0,0.09,0.126,0.035,0.977,3,13
96783,0.0,0.0,0.02,0.125,0.035,0.976,3,13
96833,0.0,0.0,0.06,0.126,0.035,0.978,3,13
96883,0.0,0.0,0.06,0.126,0.035,0.978,3,13
96935,0.0,0.0,0.09,0.127,0.033,0.979,3,13
96985,0.0,0.0,0.18,0.124,0.033,0.978,3,13
97035,0.0,0.0,0.18,0.124,0.033,0.978,3,13
97085,0.0,0.0,0.07,0.124,0.032,0.975,3,13
97135,0.0,0.0,0.02,0.126,0.033,0.978,3,13
97185,0.0,0.0,0.02,0.126,0.033,0.978,3,13
97235,0.0,0.0,0.13,0.126,0.033,0.978,3,13
97285,0.0,0.0,0.08,0.126,0.034,0.978,3,13
97335,0.0,0.0,0.08,0.126,0.034,0.978,3,13
97385,0.0,0.0,0.05,0.125,0.034,0.975,3,14
97436,0.0,0.0,0.04,0.126,0.033,0.982,3,14
97488,0.0,0.0,0.04,0.126,0.033,0.982,3,14
97537,0.0,0.0,0.03,0.125,0.032,0.980,3,14
97587,0.0,0.0,0.04,0.123,0.033,0.978,3,14
97638,0.0,0.0,0.06,0.123,0.034,0.975,3,14
97687,0.0,0.0,0.01,0.125,0.035,0.975,3,14
97737,0.0,0.0,0.12,0.127,0.036,0.981,3,14
97788,0.0,0.0,0.12,0.127,0.036,0.981,3,14
97837,0.0,0.0,0.04,0.126,0.035,0.978,3,14
97887,0.0,0.0,0.06,0.125,0.035,0.977,3,14
97938,0.0,0.0,0.05,0.124,0.034,0.978,3,14
97988,0.0,0.0,0.05,0.124,0.034,0.978,3,14
98038,0.0,0.0,0.03,0.125,0.034,0.980,3,14
98089,0.0,0.0,0.03,0.125,0.034,0.980,3,14
98138,0.0,0.0,0.02,0.125,0.033,0.980,3,14
98188,0.0,0.0,0.07,0.125,0.033,0.977,3,14
98240,0.0,0.0,0.06,0.126,0.033,0.979,3,14
98289,0.0,0.0,0.09,0.125,0.033,0.979,3,14
98339,0.0,0.0,0.06,0.125,0.033,0.978,3,14
98390,0.0,0.0,0.06,0.125,0.033,0.978,3,14
98442,0.0,0.0,0.04,0.125,0.034,0.977,3,14
98492,0.0,0.0,0.04,0.125,0.034,0.977,3,14
98542,0.0,0.0,0.03,0.125,0.034,0.978,3,14
98592,0.0,0.0,0.16,0.126,0.032,0.982,3,14
98642,0.0,0.0,0.06,0.125,0.032,0.979,3,14
98692,0.0,0.0,0.06,0.125,0.032,0.979,3,14
98742,0.0,0.0,0.08,0.124,0.033,0.975,3,14
98792,0.0,0.0,0.09,0.124,0.033,0.979,3,14
98842,0.0,0.0,0.16,0.125,0.033,0.977,3,14
98892,0.0,0.0,0.15,0.126,0.033,0.979,3,14
98943,0.0,0.0,0.08,0.126,0.033,0.979,3,14
98993,0.0,0.0,0.08,0.126,0.033,0.979,3,14
99044,0.0,0.0,0.09,0.125,0.033,0.979,3,14
99093,0.0,0.0,0.10,0.125,0.034,0.975,3,14
99143,0.0,0.0,0.12,0.126,0.034,0.977,3,14
99194,0.0,0.0,0.12,0.126,0.034,0.977,3,14
99243,0.0,0.0,0.03,0.127,0.035,0.981,3,14
99293,0.0,0.0,0.03,0.127,0.035,0.981,3,14
99344,0.0,0.0,0.07,0.124,0.034,0.979,3,15
99393,0.0,0.0,0.05,0.124,0.032,0.977,3,15
99444,0.0,0.0,0.05,0.124,0.032,0.976,3,15
99494,0.0,0.0,0.08,0.125,0.032,0.976,3,14
99544,0.0,0.0,0.08,0.125,0.034,0.979,3,15
99594,0.0,0.0,0.08,0.125,0.034,0.979,3,15
99644,0.0,0.0,0.08,0.124,0.035,0.980,3,15
99694,0.0,0.0,0.08,0.123,0.032,0.976,3,15
99744,0.0,0.0,0.06,0.125,0.031,0.976,3,15
99794,0.0,0.0,0.06,0.125,0.031,0.976,3,15
99844,0.0,0.0,0.09,0.126,0.032,0.976,3,15
99894,0.0,0.0,0.09,0.126,0.032,0.976,3,15
99945,0.0,0.0,0.04,0.126,0.035,0.978,3,15
99995,0.0,0.0,0.05,0.125,0.034,0.979,3,14
100045,0.0,0.0,0.11,0.124,0.034,0.980,3,15
100095,0.0,0.0,0.05,0.123,0.034,0.980,3,15
100145,0.0,0.0,0.01,0.123,0.033,0.978,3,15
100195,0.0,0.0,0.01,0.123,0.033,0.978,3,15
100245,0.0,0.0,0.12,0.124,0.033,0.979,3,15
100295,0.0,0.0,0.05,0.125,0.034,0.978,3,15
100345,0.0,0.0,0.14,0.125,0.034,0.975,3,15
100395,0.0,0.0,0.06,0.126,0.033,0.977,3,15
100446,0.0,0.0,0.05,0.125,0.035,0.978,3,15
100496,0.0,0.0,0.01,0.123,0.035,0.979,3,15
100546,0.0,0.0,0.01,0.123,0.035,0.979,3,15
100596,0.0,0.0,0.07,0.124,0.034,0.977,3,14
100646,0.0,0.0,0.02,0.124,0.033,0.977,3,14
100696,0.0,0.0,0.07,0.125,0.033,0.978,3,14
100746,0.0,0.0,0.08,0.126,0.032,0.979,3,14
100796,0.0,0.0,0.06,0.125,0.032,0.978,3,14
100846,0.0,0.0,0.06,0.125,0.032,0.978,3,14
100896,0.0,0.0,0.01,0.125,0.033,0.978,3,14
100947,0.0,0.0,0.04,0.126,0.033,0.980,3,14
100997,0.0,0.0,0.08,0.126,0.033,0.978,3,14
101047,0.0,0.0,0.04,0.125,0.033,0.978,3,14
101097,0.0,0.0,0.04,0.124,0.033,0.977,3,14
101147,0.0,0.0,0.04,0.124,0.033,0.977,3,14
101197,0.0,0.0,0.03,0.125,0.033,0.978,3,14
101247,0.0,0.0,0.05,0.125,0.033,0.978,3,14
101297,0.0,0.0,0.04,0.125,0.033,0.979,3,14
101347,0.0,0.0,0.11,0.125,0.033,0.978,3,14
101397,0.0,0.0,0.05,0.124,0.033,0.977,3,14
101448,0.0,0.0,0.05,0.124,0.033,0.977,3,14
101498,0.0,0.0,0.10,0.125,0.033,0.977,3,14
101548,0.0,0.0,0.10,0.126,0.033,0.978,3,14
101598,0.0,0.0,0.10,0.126,0.033,0.978,3,14
101648,0.0,0.0,0.04,0.125,0.033,0.979,3,14
101698,0.0,0.0,0.04,0.124,0.033,0.977,3,14
101748,0.0,0.0,0.04,0.124,0.033,0.977,3,14
101798,0.0,0.0,0.05,0.124,0.032,0.978,3,14
101848,0.0,0.0,0.10,0.125,0.032,0.980,3,14
101898,0.0,0.0,0.09,0.125,0.034,0.978,3,14
101958,0.0,0.0,0.03,0.126,0.034,0.977,3,14
102008,0.0,0.0,0.06,0.125,0.033,0.978,3,14
102058,0.0,0.0,0.02,0.125,0.033,0.981,3,14
102108,0.0,0.0,0.09,0.124,0.033,0.978,3,14
102158,0.0,0.0,0.05,0.123,0.033,0.976,3,14
102208,0.0,0.0,0.05,0.123,0.033,0.976,3,14
102258,0.0,0.0,0.07,0.125,0.033,0.978,3,14
102308,0.0,0.0,0.11,0.126,0.033,0.979,3,14
102358,0.0,0.0,0.05,0.125,0.033,0.977,3,14
102408,0.0,0.0,0.06,0.124,0.033,0.978,3,14
102459,0.0,0.0,0.08,0.125,0.033,0.978,3,14
102510,0.0,0.0,0.08,0.125,0.033,0.978,3,14
102560,0.0,0.0,0.06,0.127,0.034,0.979,3,14
102610,0.0,0.0,0.05,0.126,0.034,0.978,3,14
102660,0.0,0.0,0.01,0.125,0.034,0.979,3,14
102710,0.0,0.0,0.03,0.124,0.034,0.976,3,14
102760,0.0,0.0,0.06,0.125,0.033,0.977,3,14
102810,0.0,0.0,0.06,0.125,0.033,0.977,3,14
102860,0.0,0.0,0.09,0.125,0.033,0.978,3,14
102910,0.0,0.0,0.07,0.125,0.033,0.977,3,14
102961,0.0,0.0,0.07,0.125,0.033,0.977,3,14
103011,0.0,0.0,0.07,0.125,0.033,0.978,3,14
103061,0.0,0.0,0.10,0.125,0.034,0.978,3,14
103113,0.0,0.0,0.10,0.125,0.034,0.978,3,14
103163,0.0,0.0,0.04,0.125,0.034,0.978,3,13
103213,0.0,0.0,0.02,0.125,0.034,0.980,3,13
103263,0.0,0.0,0.02,0.125,0.034,0.980,3,13
103313,0.0,0.0,0.09,0.124,0.033,0.977,3,13
103363,0.0,0.0,0.16,0.125,0.033,0.977,3,13
103413,0.0,0.0,0.16,0.125,0.033,0.977,3,13
103467,0.0,0.0,0.01,0.126,0.034,0.979,3,13
103517,0.0,0.0,0.03,0.125,0.034,0.979,3,14
103567,0.0,0.0,0.08,0.126,0.033,0.980,3,14
103617,0.0,0.0,0.08,0.125,0.033,0.977,3,14
103667,0.0,0.0,0.03,0.125,0.033,0.978,3,14
103717,0.0,0.0,0.05,0.125,0.033,0.977,3,14
103767,0.0,0.0,0.05,0.125,0.033,0.977,3,14
103817,0.0,0.0,0.04,0.126,0.033,0.979,3,14
103867,0.0,0.0,0.02,0.126,0.034,0.980,3,14
103917,0.0,0.0,0.04,0.124,0.034,0.979,3,14
103968,0.0,0.0,0.04,0.124,0.034,0.978,3,14
104018,0.0,0.0,0.07,0.124,0.033,0.976,3,14
104068,0.0,0.0,0.07,0.124,0.033,0.976,3,14
104118,0.0,0.0,0.02,0.125,0.033,0.980,3,14
104168,0.0,0.0,0.02,0.126,0.033,0.981,3,14
104218,0.0,0.0,0.04,0.124,0.033,0.978,3,14
104268,0.0,0.0,0.11,0.124,0.034,0.974,3,14
104318,0.0,0.0,0.06,0.126,0.034,0.979,3,14
104368,0.0,0.0,0.06,0.126,0.034,0.979,3,14
104418,0.0,0.0,0.03,0.126,0.033,0.980,3,14
104469,0.0,0.0,0.03,0.126,0.033,0.980,3,14
104519,0.0,0.0,0.03,0.124,0.033,0.977,3,14
104569,0.0,0.0,0.04,0.124,0.033,0.975,3,14
104619,0.0,0.0,0.05,0.123,0.033,0.976,3,14
104669,0.0,0.0,0.05,0.123,0.033,0.976,3,14
104719,0.0,0.0,0.03,0.126,0.032,0.977,3,14
104769,0.0,0.0,0.07,0.126,0.032,0.976,3,14
104819,0.0,0.0,0.04,0.125,0.033,0.978,3,14
104869,0.0,0.0,0.06,0.124,0.033,0.979,3,14
104919,0.0,0.0,0.05,0.125,0.033,0.983,3,14
104970,0.0,0.0,0.05,0.125,0.033,0.983,3,14
105020,0.0,0.0,0.06,0.123,0.034,0.976,3,13
105070,0.0,0.0,0.09,0.124,0.034,0.975,3,13
105120,0.0,0.0,0.02,0.125,0.034,0.977,3,13
105170,0.0,0.0,0.06,0.127,0.034,0.978,3,13
105220,0.0,0.0,0.04,0.125,0.035,0.979,3,13
105270,0.0,0.0,0.04,0.125,0.035,0.979,3,13
105320,0.0,0.0,0.06,0.123,0.032,0.976,3,13
105370,0.0,0.0,0.11,0.124,0.031,0.976,3,13
105420,0.0,0.0,0.04,0.125,0.032,0.980,3,13
105471,0.0,0.0,0.07,0.125,0.033,0.980,3,14
105521,0.0,0.0,0.04,0.125,0.033,0.977,3,14
105571,0.0,0.0,0.04,0.125,0.033,0.977,3,14
105621,0.0,0.0,0.04,0.124,0.033,0.976,3,14
105671,0.0,0.0,0.05,0.125,0.034,0.978,3,14
105721,0.0,0.0,0.09,0.125,0.035,0.979,3,14
105771,0.0,0.0,0.11,0.126,0.035,0.976,3,14
105821,0.0,0.0,0.04,0.125,0.034,0.975,3,14
105871,0.0,0.0,0.04,0.125,0.034,0.975,3,14
105921,0.0,0.0,0.10,0.124,0.032,0.972,3,14
105972,0.0,0.0,0.03,0.123,0.032,0.958,3,14
106022,0.0,0.0,0.03,0.123,0.032,0.958,3,14
106072,0.0,0.0,0.12,0.126,0.032,0.966,3,14
106122,0.0,0.0,0.09,0.126,0.032,0.980,3,14
106172,0.0,0.0,0.09,0.126,0.032,0.980,3,14
106222,0.0,0.0,0.11,0.117,0.036,0.971,3,14
106272,0.0,0.0,0.15,0.115,0.038,0.960,3,14
106322,0.0,0.0,0.15,0.115,0.038,0.960,3,14
106372,0.0,0.0,0.07,0.113,0.039,0.953,3,15
106422,0.0,0.0,0.30,0.117,0.018,1.001,3,15
106473,0.0,0.0,0.30,0.117,0.018,1.001,3,15
106523,0.0,0.0,0.09,0.100,0.016,1.004,3,15
106573,0.0,0.0,0.15,0.080,0.031,0.972,3,15
106623,0.0,0.0,0.52,0.081,0.035,0.971,3,16
106673,0.0,0.0,0.32,0.086,0.044,1.008,3,15
106723,0.0,0.0,0.04,0.085,0.059,0.978,3,15
106773,0.0,0.0,0.04,0.085,0.059,0.978,3,15
106823,0.0,0.0,0.10,0.087,0.041,0.946,3,16
106873,0.0,0.0,0.07,0.093,0.028,0.955,3,16
106923,0.0,0.0,0.01,0.097,0.019,0.978,3,16
106974,0.0,0.0,0.01,0.097,0.019,0.978,3,16
107024,0.0,0.0,0.08,0.095,0.029,1.000,3,16
107076,0.0,0.0,0.08,0.095,0.029,1.000,3,16
107125,0.0,0.0,0.08,0.095,0.029,1.000,3,16
107175,0.0,0.0,0.09,0.083,0.050,1.010,3,15
107231,0.0,0.0,0.08,0.077,0.050,1.008,3,15
107280,0.0,0.0,0.09,0.064,0.035,0.994,3,16
107330,0.0,0.0,0.08,0.062,0.035,0.988,3,16
107383,0.0,0.0,0.08,0.062,0.035,0.988,3,16
107432,0.0,0.0,0.13,0.070,0.038,0.985,3,16
107483,0.0,0.0,0.06,0.076,0.038,0.983,3,16
107534,0.0,0.0,0.06,0.076,0.038,0.983,3,16
107583,0.0,0.0,0.08,0.078,0.038,0.983,3,16
107633,0.0,0.0,0.10,0.073,0.039,0.983,3,16
107684,0.0,0.0,0.10,0.073,0.039,0.983,3,16
107733,0.0,0.0,0.15,0.069,0.039,0.982,3,16
107783,0.0,0.0,0.12,0.068,0.038,0.983,3,15
107834,0.0,0.0,0.12,0.068,0.038,0.983,3,15
107883,0.0,0.0,0.06,0.071,0.036,0.985,3,15
107933,0.0,0.0,0.14,0.074,0.037,0.982,3,15
107985,0.0,0.0,0.14,0.074,0.037,0.982,3,15
108034,0.0,0.0,0.03,0.074,0.038,0.983,3,15
108084,0.0,0.0,0.04,0.071,0.038,0.983,3,15
108134,0.0,0.0,0.04,0.071,0.038,0.983,3,15
108184,0.0,0.0,0.06,0.070,0.038,0.983,3,15
108234,0.0,0.0,0.02,0.071,0.037,0.983,3,15
108284,0.0,0.0,0.02,0.071,0.037,0.983,3,15
108334,0.0,0.0,0.04,0.072,0.038,0.982,3,15
108384,0.0,0.0,0.07,0.071,0.038,0.983,3,15
108434,0.0,0.0,0.07,0.071,0.038,0.983,3,15
108486,0.0,0.0,0.10,0.070,0.038,0.984,3,15
108536,0.0,0.0,0.03,0.071,0.038,0.983,3,15
108586,0.0,0.0,0.03,0.071,0.038,0.983,3,15
108636,0.0,0.0,0.04,0.071,0.038,0.983,3,15
108686,0.0,0.0,0.01,0.070,0.038,0.983,3,15
108736,0.0,0.0,0.01,0.070,0.038,0.983,3,15
108786,0.0,0.0,0.07,0.070,0.037,0.983,3,15
108836,0.0,0.0,0.13,0.071,0.038,0.983,3,15
108886,0.0,0.0,0.13,0.071,0.038,0.983,3,15
108936,0.0,0.0,0.04,0.070,0.038,0.983,3,15
108987,0.0,0.0,0.06,0.071,0.037,0.982,3,15
109039,0.0,0.0,0.02,0.071,0.037,0.983,3,15
109088,0.0,0.0,0.09,0.072,0.037,0.983,3,15
109138,0.0,0.0,0.05,0.071,0.038,0.983,3,15
109189,0.0,0.0,0.05,0.071,0.038,0.983,3,15
109238,0.0,0.0,0.16,0.071,0.038,0.983,3,15
109288,0.0,0.0,0.12,0.070,0.037,0.984,3,15
109338,0.0,0.0,0.12,0.069,0.038,0.983,3,15
109388,0.0,0.0,0.12,0.069,0.038,0.983,3,15
109438,0.0,0.0,0.18,0.069,0.039,0.983,3,15
109490,0.0,0.0,0.18,0.069,0.039,0.983,3,15
109540,0.0,0.0,0.09,0.072,0.037,0.983,3,15
109590,0.0,0.0,0.25,0.071,0.037,0.983,3,15
109641,0.0,0.0,0.12,0.071,0.038,0.985,3,15
109690,0.0,0.0,0.05,0.071,0.038,0.982,3,15
109740,0.0,0.0,0.06,0.070,0.038,0.982,3,15
109791,0.0,0.0,0.06,0.070,0.038,0.982,3,15
109840,0.0,0.0,0.08,0.069,0.036,0.984,3,15
109890,0.0,0.0,0.04,0.071,0.038,0.983,3,15
109940,0.0,0.0,0.12,0.071,0.039,0.983,3,15
109991,0.0,0.0,0.12,0.071,0.039,0.983,3,15
110041,0.0,0.0,0.09,0.071,0.038,0.983,3,15
110091,0.0,0.0,0.09,0.071,0.038,0.983,3,15
110141,0.0,0.0,0.07,0.070,0.037,0.982,3,15
110191,0.0,0.0,0.18,0.071,0.037,0.982,3,15
110241,0.0,0.0,0.06,0.071,0.038,0.984,3,15
110291,0.0,0.0,0.05,0.070,0.039,0.984,3,15
110341,0.0,0.0,0.01,0.070,0.037,0.983,3,15
110391,0.0,0.0,0.01,0.070,0.037,0.983,3,15
110441,0.0,0.0,0.09,0.070,0.037,0.983,3,15
110492,0.0,0.0,0.10,0.071,0.038,0.983,3,15
110542,0.0,0.0,0.07,0.071,0.038,0.983,3,15
110592,0.0,0.0,0.07,0.071,0.038,0.983,3,15
110642,0.0,0.0,0.10,0.070,0.038,0.982,3,15
110693,0.0,0.0,0.10,0.070,0.038,0.982,3,15
110743,0.0,0.0,0.08,0.070,0.038,0.984,3,15
110793,0.0,0.0,0.08,0.071,0.037,0.985,3,15
110843,0.0,0.0,0.07,0.071,0.037,0.985,3,15
110893,0.0,0.0,0.11,0.071,0.039,0.983,3,15
110943,0.0,0.0,0.10,0.068,0.039,0.982,3,15
110994,0.0,0.0,0.10,0.068,0.039,0.982,3,15
111044,0.0,0.0,0.23,0.069,0.037,0.984,3,15
111094,0.0,0.0,0.26,0.071,0.037,0.983,3,15
111144,0.0,0.0,0.38,0.071,0.037,0.983,3,15
111194,0.0,0.0,0.38,0.071,0.037,0.983,3,15
111244,0.0,0.0,0.17,0.070,0.038,0.983,3,15
111294,0.0,0.0,0.17,0.070,0.038,0.983,3,15
111344,0.0,0.0,0.11,0.070,0.038,0.983,3,15
111394,0.0,0.0,0.14,0.069,0.038,0.983,3,15
111444,0.0,0.0,0.15,0.070,0.038,0.983,3,15
111495,0.0,0.0,0.19,0.070,0.038,0.982,3,15
111545,0.0,0.0,0.06,0.070,0.038,0.983,3,15
111595,0.0,0.0,0.06,0.070,0.038,0.983,3,15
111645,0.0,0.0,0.06,0.070,0.038,0.983,3,15
111695,0.0,0.0,0.09,0.070,0.038,0.983,3,15
111745,0.0,0.0,0.16,0.069,0.038,0.983,3,15
111795,0.0,0.0,0.10,0.070,0.038,0.983,3,15
111845,0.0,0.0,0.14,0.070,0.038,0.984,3,15
111895,0.0,0.0,0.14,0.070,0.038,0.984,3,15
111945,0.0,0.0,0.08,0.069,0.038,0.983,3,15
111996,0.0,0.0,0.06,0.070,0.038,0.983,3,15
112046,0.0,0.0,0.14,0.070,0.038,0.983,3,15
112096,0.0,0.0,0.20,0.070,0.038,0.983,3,15
112146,0.0,0.0,0.09,0.070,0.038,0.983,3,15
112196,0.0,0.0,0.09,0.070,0.038,0.983,3,15
112246,0.0,0.0,0.07,0.069,0.038,0.983,3,15
112296,0.0,0.0,0.15,0.070,0.038,0.983,3,15
112346,0.0,0.0,0.13,0.070,0.039,0.983,3,15
112396,0.0,0.0,0.12,0.070,0.039,0.983,3,15
112446,0.0,0.0,0.15,0.070,0.038,0.983,3,15
112497,0.0,0.0,0.15,0.070,0.038,0.983,3,15
112547,0.0,0.0,0.04,0.069,0.036,0.983,3,15
112597,0.0,0.0,0.13,0.069,0.038,0.983,3,15
112647,0.0,0.0,0.18,0.070,0.038,0.984,3,15
112697,0.0,0.0,0.26,0.071,0.039,0.983,3,15
112747,0.0,0.0,0.03,0.070,0.038,0.983,3,15
112797,0.0,0.0,0.03,0.070,0.038,0.983,3,15
112847,0.0,0.0,0.12,0.070,0.038,0.983,3,15
112897,0.0,0.0,0.02,0.070,0.038,0.983,3,15
112947,0.0,0.0,0.00,0.070,0.038,0.983,3,15
112998,0.0,0.0,0.00,0.070,0.038,0.983,3,15
113048,0.0,0.0,0.07,0.069,0.037,0.984,3,15
113098,0.0,0.0,0.04,0.068,0.037,0.983,3,15
113148,0.0,0.0,0.04,0.068,0.037,0.983,3,15
113198,0.0,0.0,0.06,0.070,0.038,0.984,3,15
113248,0.0,0.0,0.10,0.071,0.039,0.983,3,15
113298,0.0,0.0,0.14,0.072,0.039,0.983,3,15
113348,0.0,0.0,0.08,0.070,0.038,0.983,3,15
113398,0.0,0.0,0.10,0.067,0.037,0.983,3,15
113448,0.0,0.0,0.10,0.067,0.037,0.983,3,15
113499,0.0,0.0,0.16,0.069,0.038,0.983,3,15
113549,0.0,0.0,0.10,0.070,0.038,0.983,3,15
113599,0.0,0.0,0.10,0.070,0.038,0.983,3,15
113649,0.0,0.0,0.15,0.070,0.038,0.983,3,15
113699,0.0,0.0,0.11,0.069,0.037,0.983,3,15
113749,0.0,0.0,0.11,0.069,0.037,0.983,3,15
113799,0.0,0.0,0.14,0.069,0.038,0.983,3,15
113849,0.0,0.0,0.10,0.069,0.039,0.983,3,15
113899,0.0,0.0,0.08,0.069,0.039,0.984,3,15
113949,0.0,0.0,0.13,0.071,0.037,0.984,3,15
114000,0.0,0.0,0.14,0.070,0.035,0.983,3,15
114056,0.0,0.0,0.14,0.070,0.035,0.983,3,15
114105,0.0,0.0,0.08,0.066,0.041,0.984,3,15
114155,0.0,0.0,0.07,0.067,0.041,0.984,3,15
114206,0.0,0.0,0.07,0.067,0.041,0.984,3,15
114255,0.0,0.0,0.16,0.074,0.035,0.982,3,15
114305,0.0,0.0,0.14,0.068,0.039,0.984,3,15
114356,0.0,0.0,0.14,0.068,0.039,0.984,3,15
114405,0.0,0.0,0.05,0.069,0.040,0.982,3,15
114455,0.0,0.0,0.02,0.070,0.037,0.983,3,15
114510,0.0,0.0,0.04,0.069,0.036,0.983,3,15
114559,0.0,0.0,0.10,0.069,0.038,0.983,3,15
114609,0.0,0.0,0.10,0.069,0.038,0.983,3,15
114659,0.0,0.0,0.09,0.069,0.038,0.983,3,15
114709,0.0,0.0,0.05,0.070,0.038,0.984,3,14
114759,0.0,0.0,0.07,0.070,0.037,0.983,3,15
114809,0.0,0.0,0.07,0.070,0.037,0.983,3,15
114859,0.0,0.0,0.04,0.068,0.037,0.984,3,14
114909,0.0,0.0,0.07,0.069,0.041,0.983,3,14
114959,0.0,0.0,0.04,0.070,0.039,0.983,3,14
115012,0.0,0.0,0.08,0.070,0.036,0.983,3,14
115062,0.0,0.0,0.08,0.070,0.036,0.983,3,14
115112,0.0,0.0,0.08,0.070,0.036,0.983,3,14
115162,0.0,0.0,0.05,0.068,0.037,0.984,3,14
115212,0.0,0.0,0.03,0.068,0.040,0.983,3,14
115263,0.0,0.0,0.09,0.070,0.039,0.983,3,14
115313,0.0,0.0,0.09,0.070,0.039,0.983,3,14
115363,0.0,0.0,0.06,0.070,0.036,0.983,3,14
115415,0.0,0.0,0.06,0.070,0.036,0.983,3,14
115464,0.0,0.0,0.07,0.069,0.037,0.983,3,14
115515,0.0,0.0,0.04,0.069,0.039,0.983,3,14
115566,0.0,0.0,0.05,0.069,0.038,0.983,3,14
115616,0.0,0.0,0.07,0.070,0.037,0.983,3,14
115666,0.0,0.0,0.04,0.069,0.037,0.983,3,14
115716,0.0,0.0,0.04,0.069,0.037,0.983,3,14
115766,0.0,0.0,0.11,0.069,0.038,0.983,3,14
115816,0.0,0.0,0.09,0.069,0.038,0.984,3,14
115866,0.0,0.0,0.07,0.069,0.038,0.984,3,14
115916,0.0,0.0,0.09,0.069,0.038,0.983,3,14
115966,0.0,0.0,0.05,0.069,0.038,0.983,3,14
116017,0.0,0.0,0.01,0.069,0.038,0.983,3,14
116067,0.0,0.0,0.01,0.069,0.038,0.983,3,14
116117,0.0,0.0,0.02,0.069,0.038,0.983,3,14
116167,0.0,0.0,0.06,0.069,0.038,0.983,3,14
116218,0.0,0.0,0.05,0.069,0.038,0.983,3,14
116268,0.0,0.0,0.01,0.069,0.038,0.983,3,14
116318,0.0,0.0,0.13,0.069,0.038,0.983,3,14
116368,0.0,0.0,0.13,0.069,0.038,0.983,3,14
116418,0.0,0.0,0.07,0.069,0.038,0.983,3,15
116468,0.0,0.0,0.01,0.069,0.038,0.983,3,15
116519,0.0,0.0,0.04,0.069,0.038,0.983,3,15
116569,0.0,0.0,0.05,0.069,0.038,0.983,3,15
116619,0.0,0.0,0.03,0.069,0.038,0.983,3,15
116669,0.0,0.0,0.03,0.069,0.038,0.983,3,15
116719,0.0,0.0,0.08,0.069,0.038,0.983,3,15
116769,0.0,0.0,0.04,0.069,0.038,0.983,3,15
116819,0.0,0.0,0.07,0.069,0.039,0.983,3,15
116869,0.0,0.0,0.08,0.069,0.038,0.984,3,15
116919,0.0,0.0,0.14,0.069,0.037,0.983,3,15
116969,0.0,0.0,0.14,0.069,0.037,0.983,3,15
117020,0.0,0.0,0.01,0.070,0.039,0.983,3,15
117070,0.0,0.0,0.07,0.070,0.039,0.983,3,15
117120,0.0,0.0,0.05,0.069,0.038,0.983,3,15
117170,0.0,0.0,0.06,0.068,0.037,0.983,3,15
117220,0.0,0.0,0.08,0.067,0.038,0.983,3,14
117270,0.0,0.0,0.08,0.067,0.038,0.983,3,14
117320,0.0,0.0,0.07,0.070,0.038,0.983,3,15
117370,0.0,0.0,0.05,0.071,0.037,0.983,3,15
117421,0.0,0.0,0.04,0.070,0.037,0.983,3,15
117470,0.0,0.0,0.04,0.068,0.038,0.983,3,14
117521,0.0,0.0,0.10,0.069,0.038,0.983,3,14
117571,0.0,0.0,0.10,0.069,0.038,0.983,3,14
117621,0.0,0.0,0.04,0.071,0.038,0.983,3,14
117671,0.0,0.0,0.06,0.069,0.037,0.984,3,14
117721,0.0,0.0,0.09,0.068,0.037,0.983,3,14
117771,0.0,0.0,0.11,0.067,0.038,0.983,3,14
117821,0.0,0.0,0.15,0.070,0.039,0.984,3,14
117871,0.0,0.0,0.15,0.070,0.039,0.984,3,14
117921,0.0,0.0,0.10,0.070,0.037,0.983,3,15
117971,0.0,0.0,0.04,0.068,0.036,0.983,3,15
118022,0.0,0.0,0.03,0.068,0.036,0.983,3,15
118072,0.0,0.0,0.13,0.068,0.039,0.984,3,14
118122,0.0,0.0,0.12,0.070,0.039,0.983,3,14
118172,0.0,0.0,0.12,0.070,0.039,0.983,3,14
118222,0.0,0.0,0.11,0.069,0.037,0.983,3,14
118272,0.0,0.0,0.11,0.069,0.037,0.983,3,14
118322,0.0,0.0,0.19,0.068,0.037,0.984,3,14
118372,0.0,0.0,0.11,0.068,0.039,0.983,3,15
118422,0.0,0.0,0.14,0.069,0.039,0.983,3,15
118472,0.0,0.0,0.14,0.069,0.039,0.983,3,15
118523,0.0,0.0,0.11,0.070,0.037,0.983,3,15
118573,0.0,0.0,0.15,0.070,0.037,0.983,3,15
118623,0.0,0.0,0.26,0.069,0.038,0.983,3,15
118673,0.0,0.0,0.05,0.067,0.039,0.983,3,14
118723,0.0,0.0,0.13,0.069,0.038,0.983,3,14
118773,0.0,0.0,0.13,0.069,0.038,0.983,3,14
118823,0.0,0.0,0.04,0.070,0.037,0.983,3,14
118873,0.0,0.0,0.04,0.070,0.038,0.983,3,14
118923,0.0,0.0,0.06,0.070,0.039,0.983,3,14
118973,0.0,0.0,0.12,0.069,0.039,0.984,3,14
119024,0.0,0.0,0.04,0.068,0.038,0.984,3,14
119074,0.0,0.0,0.04,0.068,0.038,0.984,3,14
119124,0.0,0.0,0.07,0.067,0.037,0.984,3,14
119174,0.0,0.0,0.06,0.068,0.038,0.984,3,14
119224,0.0,0.0,0.08,0.069,0.038,0.983,3,14
119274,0.0,0.0,0.14,0.070,0.038,0.983,3,14
119324,0.0,0.0,0.08,0.069,0.037,0.983,3,14
119374,0.0,0.0,0.08,0.069,0.037,0.983,3,14
119424,0.0,0.0,0.02,0.069,0.039,0.983,3,14
119474,0.0,0.0,0.04,0.069,0.040,0.983,3,14
119534,0.0,0.0,0.11,0.069,0.039,0.984,3,14
119585,0.0,0.0,0.06,0.069,0.037,0.983,3,14
119635,0.0,0.0,0.06,0.069,0.036,0.983,3,14
119685,0.0,0.0,0.06,0.069,0.036,0.983,3,14
119735,0.0,0.0,0.17,0.070,0.039,0.983,3,14
119785,0.0,0.0,0.06,0.069,0.040,0.984,3,14
119835,0.0,0.0,0.06,0.069,0.040,0.984,3,14
119885,0.0,0.0,0.04,0.067,0.036,0.984,3,14
119935,0.0,0.0,0.05,0.068,0.038,0.983,3,14
119985,0.0,0.0,0.05,0.068,0.038,0.983,3,14
120037,0.0,0.0,0.04,0.070,0.039,0.984,3,14
120087,0.0,0.0,0.13,0.069,0.036,0.982,3,14
120138,0.0,0.0,0.13,0.069,0.036,0.982,3,14
120187,0.0,0.0,0.11,0.067,0.037,0.984,3,14
120237,0.0,0.0,0.31,0.068,0.040,0.984,3,14
120287,0.0,0.0,0.31,0.068,0.040,0.984,3,14
120337,0.0,0.0,0.31,0.068,0.040,0.984,3,14
120387,0.0,0.0,0.34,0.070,0.037,0.983,3,14
120437,0.0,0.0,0.34,0.070,0.037,0.983,3,14
120487,0.0,0.0,0.13,0.069,0.035,0.982,3,14
120538,0.0,0.0,0.03,0.068,0.042,0.983,3,14
120591,0.0,0.0,0.03,0.068,0.042,0.983,3,14
120640,0.0,0.0,0.09,0.068,0.039,0.983,3,14
120690,0.0,0.0,0.03,0.069,0.033,0.983,3,14
120740,0.0,0.0,0.03,0.069,0.038,0.983,3,14
120790,0.0,0.0,0.08,0.068,0.041,0.983,3,14
120840,0.0,0.0,0.06,0.068,0.039,0.984,3,14
120892,0.0,0.0,0.06,0.068,0.039,0.984,3,14
120941,0.0,0.0,0.06,0.069,0.036,0.983,3,14
120991,0.0,0.0,0.06,0.069,0.036,0.983,3,14
timestamp_ms,pri_rpm,sec_rpm,speed_mph,g_x,g_y,g_z,fix_status,sat_count
570,0.0,0.0,0.00,0.000,0.000,0.000,0,0
620,0.0,0.0,0.00,0.000,0.000,0.000,0,0
670,0.0,0.0,0.00,0.000,0.000,0.000,0,0
720,0.0,0.0,0.00,0.000,0.000,0.000,0,0
770,0.0,0.0,0.00,0.000,0.000,0.000,0,0
820,0.0,0.0,0.00,0.000,0.000,0.000,0,0
870,0.0,0.0,0.00,0.000,0.000,0.000,0,0
920,0.0,0.0,0.00,0.000,0.000,0.000,0,0
970,0.0,0.0,0.00,0.000,0.000,0.000,0,0
1020,0.0,0.0,0.00,0.000,0.000,0.000,0,0
1071,0.0,0.0,0.00,0.000,0.000,0.000,0,0
1121,0.0,0.0,0.00,0.000,0.000,0.000,0,0
1171,0.0,0.0,0.00,0.000,0.000,0.000,0,0
1221,0.0,0.0,0.00,0.000,0.000,0.000,0,0
1271,0.0,0.0,0.00,0.000,0.000,0.000,0,0
1321,0.0,0.0,0.00,0.000,0.000,0.000,0,0
1371,0.0,0.0,0.00,0.000,0.000,0.000,0,0
1421,0.0,0.0,0.00,0.000,0.000,0.000,0,0
1471,0.0,0.0,0.00,0.000,0.000,0.000,0,0
1521,0.0,0.0,0.00,0.000,0.000,0.000,0,0
1571,0.0,0.0,0.00,0.000,0.000,0.000,0,0
1627,0.0,0.0,0.00,0.000,0.000,0.000,0,0
1677,0.0,0.0,0.00,0.000,0.000,0.000,0,0
1728,0.0,0.0,0.00,0.000,0.000,0.000,0,0
1778,0.0,0.0,0.00,0.000,0.000,0.000,0,0
1827,0.0,0.0,0.00,0.000,0.000,0.000,0,0
1878,0.0,0.0,0.00,0.000,0.000,0.000,0,0
1928,0.0,0.0,0.00,0.000,0.000,0.000,0,0
1977,0.0,0.0,0.00,0.000,0.000,0.000,0,0
2028,0.0,0.0,0.00,0.000,0.000,0.000,0,0
2078,0.0,0.0,0.00,0.000,0.000,0.000,0,0
2128,0.0,0.0,0.00,0.000,0.000,0.000,0,0
2178,0.0,0.0,0.00,0.000,0.000,0.000,0,0
2228,0.0,0.0,0.00,0.000,0.000,0.000,0,0
2278,0.0,0.0,0.00,0.000,0.000,0.000,0,0
2328,0.0,0.0,0.00,0.000,0.000,0.000,0,0
2378,0.0,0.0,0.00,0.000,0.000,0.000,0,0
2428,0.0,0.0,0.00,0.000,0.000,0.000,0,0
2484,0.0,0.0,0.00,0.000,0.000,0.000,0,0
2534,0.0,0.0,0.00,0.001,0.000,9.640,87,0
2585,0.0,0.0,0.00,0.067,0.042,0.986,0,0
2635,0.0,0.0,0.00,0.068,0.040,0.988,0,0
2685,0.0,0.0,0.00,0.069,0.038,0.990,0,0
2735,0.0,0.0,0.00,0.068,0.038,0.990,0,0
2785,0.0,0.0,1.27,0.067,0.038,0.988,3,6
2835,0.0,0.0,2.23,0.067,0.038,0.988,3,6
2885,0.0,0.0,1.50,0.067,0.038,0.987,3,7
2935,0.0,0.0,0.88,0.069,0.038,0.987,3,7
2985,0.0,0.0,0.53,0.069,0.036,0.986,3,7
3035,0.0,0.0,0.58,0.068,0.036,0.986,3,7
3086,0.0,0.0,0.65,0.066,0.038,0.986,3,8
3140,0.0,0.0,0.84,0.067,0.040,0.986,3,8
3189,0.0,0.0,0.44,0.069,0.040,0.986,3,9
3239,0.0,0.0,0.40,0.070,0.037,0.985,3,9
3290,0.0,0.0,0.62,0.067,0.036,0.984,3,9
3339,0.0,0.0,0.46,0.066,0.036,0.985,3,9
3389,0.0,0.0,0.25,0.067,0.039,0.985,3,10
3439,0.0,0.0,0.30,0.069,0.039,0.985,3,10
3489,0.0,0.0,0.27,0.069,0.039,0.985,3,10
3539,0.0,0.0,0.10,0.068,0.038,0.984,3,10
3590,0.0,0.0,0.20,0.068,0.039,0.985,3,11
3640,0.0,0.0,0.18,0.069,0.038,0.984,3,12
3690,0.0,0.0,0.20,0.069,0.038,0.985,3,12
3740,0.0,0.0,0.15,0.068,0.037,0.984,3,12
3790,0.0,0.0,0.09,0.066,0.038,0.985,3,12
3840,0.0,0.0,0.09,0.067,0.039,0.984,3,12
3890,0.0,0.0,0.05,0.068,0.039,0.985,3,12
3940,0.0,0.0,0.00,0.069,0.038,0.984,3,12
3990,0.0,0.0,0.10,0.068,0.037,0.984,3,12
4040,0.0,0.0,0.03,0.067,0.038,0.983,3,12
4091,0.0,0.0,0.04,0.068,0.039,0.984,3,12
4141,0.0,0.0,0.03,0.069,0.039,0.984,3,12
4191,0.0,0.0,0.06,0.069,0.038,0.983,3,12
4241,0.0,0.0,0.02,0.068,0.037,0.983,3,12
4295,0.0,0.0,0.05,0.068,0.037,0.984,3,12
4344,0.0,0.0,0.04,0.068,0.039,0.983,3,12
4394,0.0,0.0,0.07,0.068,0.040,0.983,3,12
4444,0.0,0.0,0.13,0.069,0.039,0.985,3,12
4494,0.0,0.0,0.04,0.068,0.038,0.983,3,12
4544,0.0,0.0,0.14,0.066,0.037,0.984,3,12
4595,0.0,0.0,0.19,0.067,0.037,0.983,3,12
4645,0.0,0.0,0.09,0.068,0.038,0.982,3,12
4695,0.0,0.0,0.04,0.068,0.039,0.983,3,12
4745,0.0,0.0,0.05,0.068,0.039,0.983,3,12
4795,0.0,0.0,0.06,0.068,0.038,0.983,3,13
4845,0.0,0.0,0.05,0.068,0.037,0.983,3,13
4895,0.0,0.0,0.06,0.069,0.037,0.983,3,13
4945,0.0,0.0,0.04,0.069,0.038,0.983,3,13
4995,0.0,0.0,0.02,0.069,0.038,0.983,3,13
5045,0.0,0.0,0.10,0.068,0.038,0.983,3,13
5096,0.0,0.0,0.07,0.067,0.038,0.984,3,13
5146,0.0,0.0,0.12,0.067,0.038,0.983,3,13
5196,0.0,0.0,0.10,0.067,0.038,0.983,3,13
5246,0.0,0.0,0.14,0.068,0.038,0.983,3,13
5300,0.0,0.0,0.19,0.069,0.038,0.983,3,13
5350,0.0,0.0,0.09,0.069,0.038,0.983,3,11
5400,0.0,0.0,0.04,0.068,0.038,0.983,3,10
5450,0.0,0.0,0.13,0.067,0.038,0.984,3,10
5500,0.0,0.0,0.16,0.067,0.038,0.983,3,11
5550,0.0,0.0,0.13,0.068,0.038,0.983,3,13
5601,0.0,0.0,0.07,0.069,0.038,0.983,3,13
5651,0.0,0.0,0.12,0.069,0.038,0.983,3,13
5701,0.0,0.0,0.15,0.068,0.038,0.983,3,13
5751,0.0,0.0,0.07,0.068,0.038,0.983,3,14
5801,0.0,0.0,0.12,0.068,0.039,0.983,3,14
5855,0.0,0.0,0.24,0.069,0.038,0.983,3,14
5905,0.0,0.0,0.10,0.067,0.037,0.984,3,14
5955,0.0,0.0,0.02,0.067,0.038,0.983,3,14
6005,0.0,0.0,0.12,0.068,0.038,0.983,3,14
6055,0.0,0.0,0.02,0.068,0.038,0.983,3,14
6110,0.0,0.0,0.15,0.069,0.038,0.982,3,14
6160,0.0,0.0,0.10,0.067,0.038,0.983,3,14
6210,0.0,0.0,0.08,0.067,0.038,0.983,3,14
6260,0.0,0.0,0.11,0.068,0.038,0.983,3,14
6310,0.0,0.0,0.11,0.069,0.038,0.982,3,14
6360,0.0,0.0,0.05,0.069,0.039,0.983,3,15
6410,0.0,0.0,0.09,0.068,0.039,0.983,3,15
6460,0.0,0.0,0.12,0.067,0.038,0.983,3,15
6510,0.0,0.0,0.12,0.067,0.038,0.983,3,15
6560,0.0,0.0,0.12,0.067,0.038,0.983,3,15
6611,0.0,0.0,0.12,0.069,0.039,0.982,3,14
6662,0.0,0.0,0.11,0.069,0.039,0.983,3,14
6711,0.0,0.0,0.04,0.068,0.038,0.982,3,14
6761,0.0,0.0,0.04,0.068,0.038,0.982,3,14
6811,0.0,0.0,0.04,0.068,0.038,0.982,3,14
6861,0.0,0.0,0.04,0.068,0.038,0.982,3,14
6911,0.0,0.0,0.07,0.068,0.038,0.983,3,15
6961,0.0,0.0,0.04,0.068,0.038,0.983,3,15
7011,0.0,0.0,0.04,0.068,0.038,0.983,3,15
7061,0.0,0.0,0.10,0.068,0.038,0.982,3,15
7112,0.0,0.0,0.10,0.068,0.038,0.982,3,15
7162,0.0,0.0,0.10,0.068,0.038,0.982,3,15
7212,0.0,0.0,0.04,0.068,0.038,0.983,3,15
7262,0.0,0.0,0.08,0.068,0.038,0.982,3,15
7312,0.0,0.0,0.08,0.068,0.038,0.982,3,15
7362,0.0,0.0,0.05,0.069,0.039,0.983,3,15
7412,0.0,0.0,0.06,0.068,0.039,0.983,3,15
7462,0.0,0.0,0.06,0.068,0.039,0.983,3,15
7512,0.0,0.0,0.04,0.068,0.039,0.982,3,15
7562,0.0,0.0,0.09,0.071,0.039,0.979,3,15
7615,0.0,0.0,0.09,0.071,0.039,0.979,3,15
7664,0.0,0.0,0.16,0.070,0.036,0.971,3,15
7714,0.0,0.0,0.12,0.067,0.041,0.987,3,15
7764,0.0,0.0,0.12,0.067,0.041,0.987,3,15
7814,0.0,0.0,0.06,0.055,0.044,0.958,3,14
7864,0.0,0.0,0.04,0.070,0.037,0.985,3,14
7914,0.0,0.0,0.04,0.070,0.037,0.985,3,14
7964,0.0,0.0,0.14,0.074,0.040,0.980,3,14
8014,0.0,0.0,0.13,0.070,0.037,0.984,3,14
8064,0.0,0.0,0.13,0.070,0.037,0.984,3,14
8121,0.0,0.0,0.06,0.063,0.038,0.982,3,14
8171,0.0,0.0,0.03,0.062,0.037,0.986,3,14
8221,0.0,0.0,0.03,0.062,0.037,0.986,3,14
8271,0.0,0.0,0.12,0.063,0.037,0.985,3,14
8321,0.0,0.0,0.02,0.062,0.036,0.985,3,14
8371,0.0,0.0,0.01,0.064,0.037,0.986,3,14
8421,0.0,0.0,0.04,0.064,0.038,0.983,3,14
8471,0.0,0.0,0.03,0.060,0.035,0.985,3,14
8521,0.0,0.0,0.03,0.060,0.035,0.985,3,14
8571,0.0,0.0,0.06,0.062,0.037,0.981,3,14
8622,0.0,0.0,0.11,0.074,0.042,0.983,3,14
8672,0.0,0.0,0.03,0.072,0.037,0.983,3,14
8723,0.0,0.0,0.08,0.069,0.034,0.981,3,14
8772,0.0,0.0,0.04,0.054,0.035,0.984,3,14
8822,0.0,0.0,0.04,0.054,0.035,0.984,3,14
8873,0.0,0.0,0.02,0.041,0.037,0.985,3,14
8922,0.0,0.0,0.15,0.036,0.035,0.983,3,14
8972,0.0,0.0,0.18,0.034,0.032,0.984,3,14
9023,0.0,0.0,0.08,0.028,0.030,0.987,3,14
9072,0.0,0.0,0.09,0.010,0.031,0.990,3,14
9123,0.0,0.0,0.09,0.010,0.031,0.990,3,14
9173,0.0,0.0,0.28,0.018,0.052,0.965,3,14
9223,0.0,0.0,0.41,0.060,0.053,0.982,3,14
9273,0.0,45.8,0.32,0.095,0.046,0.981,3,14
9323,0.0,45.8,0.32,0.099,0.033,0.997,3,14
9373,0.0,45.8,0.23,0.104,0.026,0.997,3,14
9423,0.0,45.8,0.23,0.104,0.026,0.997,3,14
9473,0.0,45.8,0.29,0.100,0.038,0.976,3,14
9523,0.0,45.8,0.26,0.098,0.041,0.983,3,14
9573,0.0,45.8,0.18,0.089,0.047,0.976,3,14
9624,0.0,45.8,0.06,0.089,0.042,0.977,3,14
9674,0.0,45.8,0.03,0.086,0.036,0.979,3,13
9724,0.0,22.4,0.03,0.086,0.036,0.979,3,13
9774,0.0,22.4,0.04,0.082,0.038,0.978,3,13
9824,0.0,22.4,0.08,0.060,0.039,0.982,3,13
9874,0.0,22.4,0.09,0.049,0.034,0.982,3,13
9924,0.0,22.4,0.06,0.047,0.029,0.991,3,13
9974,0.0,22.4,0.04,0.044,0.036,0.985,3,13
10024,0.0,22.4,0.04,0.044,0.036,0.985,3,13
10074,0.0,22.4,0.06,0.042,0.036,0.982,3,13
10125,0.0,22.4,0.07,0.044,0.032,0.980,3,13
10175,0.0,22.4,0.03,0.046,0.031,0.981,3,13
10225,0.0,22.4,0.14,0.046,0.031,0.982,3,14
10275,0.0,22.4,0.24,0.047,0.036,0.980,3,14
10325,0.0,16.4,0.24,0.047,0.036,0.980,3,14
10375,0.0,16.4,0.22,0.049,0.033,0.982,3,14
10425,0.0,16.4,0.06,0.054,0.032,0.984,3,14
10475,0.0,16.4,0.14,0.059,0.033,0.981,3,14
10525,0.0,16.4,0.14,0.069,0.031,0.985,3,14
10575,0.0,16.4,0.13,0.079,0.027,0.985,3,14
10626,0.0,16.4,0.15,0.079,0.028,0.981,3,14
10676,0.0,16.4,0.15,0.079,0.028,0.981,3,14
10726,0.0,16.4,0.06,0.079,0.029,0.982,3,14
10776,0.0,16.4,0.19,0.078,0.029,0.981,3,14
10826,0.0,16.4,0.23,0.077,0.027,0.982,3,14
10876,0.0,16.4,0.11,0.075,0.022,0.986,3,14
10926,0.0,16.4,0.11,0.075,0.022,0.986,3,14
10976,0.0,16.4,0.16,0.073,0.026,0.988,3,14
11026,0.0,16.4,0.02,0.071,0.024,0.986,3,15
11076,0.0,16.4,0.04,0.068,0.020,0.987,3,15
11127,0.0,16.4,0.04,0.064,0.020,0.987,3,15
11185,0.0,16.4,0.05,0.059,0.023,0.985,3,15
11235,0.0,16.4,0.07,0.058,0.025,0.984,3,15
11285,0.0,16.4,0.07,0.058,0.025,0.984,3,15
11335,0.0,0.0,0.04,0.058,0.023,0.983,3,14
11385,0.0,0.0,0.09,0.059,0.022,0.984,3,14
11435,0.0,0.0,0.05,0.058,0.021,0.985,3,14
11485,0.0,0.0,0.08,0.056,0.022,0.984,3,14
11535,0.0,0.0,0.04,0.055,0.024,0.984,3,14
11585,0.0,0.0,0.04,0.055,0.024,0.984,3,14
11638,0.0,0.0,0.05,0.055,0.023,0.984,3,14
11688,0.0,0.0,0.06,0.055,0.020,0.985,3,14
11739,0.0,0.0,0.06,0.055,0.020,0.985,3,14
11788,0.0,0.0,0.04,0.056,0.022,0.984,3,14
11838,0.0,0.0,0.03,0.055,0.023,0.985,3,14
11888,0.0,0.0,0.03,0.055,0.022,0.985,3,14
11938,0.0,0.0,0.03,0.055,0.022,0.985,3,14
11988,0.0,0.0,0.02,0.054,0.022,0.984,3,14
12039,0.0,0.0,0.02,0.054,0.022,0.984,3,14
12088,0.0,0.0,0.11,0.055,0.022,0.985,3,14
12139,0.0,0.0,0.08,0.054,0.021,0.985,3,14
12189,0.0,0.0,0.10,0.054,0.021,0.985,3,14
12239,0.0,0.0,0.02,0.054,0.022,0.985,3,14
12289,0.0,0.0,0.05,0.055,0.021,0.985,3,14
12339,0.0,0.0,0.05,0.055,0.021,0.985,3,14
12389,0.0,0.0,0.01,0.054,0.021,0.984,3,14
12439,0.0,0.0,0.06,0.054,0.021,0.985,3,14
12490,0.0,0.0,0.04,0.054,0.021,0.985,3,14
12539,0.0,16.4,0.04,0.054,0.021,0.985,3,14
12589,0.0,16.4,0.08,0.054,0.020,0.983,3,12
12640,0.0,16.4,0.08,0.054,0.020,0.983,3,12
12690,0.0,16.4,0.09,0.056,0.021,0.984,3,13
12740,0.0,16.4,0.17,0.054,0.027,0.990,3,13
12790,0.0,16.4,0.05,0.047,0.027,0.981,3,13
12840,0.0,16.4,0.05,0.048,0.017,0.984,3,13
12890,0.0,16.4,0.10,0.051,0.005,0.979,3,13
12942,0.0,16.4,0.10,0.051,0.005,0.979,3,13
12992,0.0,16.4,0.03,0.055,0.034,0.982,3,13
13042,0.0,16.4,0.14,0.056,0.029,0.988,3,13
13092,0.0,16.4,0.15,0.057,0.015,0.984,3,13
13143,0.0,16.4,0.15,0.057,0.015,0.984,3,13
13193,0.0,16.4,0.17,0.056,0.009,0.986,3,13
13244,0.0,16.4,0.17,0.056,0.009,0.986,3,13
13294,0.0,16.4,0.09,0.051,0.026,0.984,3,13
13344,0.0,16.4,0.04,0.050,0.028,0.986,3,14
13394,0.0,16.4,0.08,0.053,0.024,0.986,3,14
13444,0.0,16.4,0.06,0.057,0.021,0.984,3,14
13494,0.0,16.4,0.12,0.057,0.020,0.984,3,14
13544,0.0,0.0,0.12,0.057,0.020,0.984,3,14
13594,0.0,0.0,0.02,0.052,0.018,0.985,3,14
13645,0.0,0.0,0.02,0.052,0.018,0.985,3,14
13695,0.0,0.0,0.17,0.052,0.019,0.986,3,14
13745,0.0,0.0,0.17,0.052,0.019,0.986,3,14
13795,0.0,0.0,0.05,0.053,0.021,0.984,3,14
13846,0.0,0.0,0.05,0.053,0.021,0.984,3,14
13895,0.0,0.0,0.08,0.056,0.019,0.984,3,14
13945,0.0,0.0,0.06,0.054,0.021,0.984,3,14
13996,0.0,0.0,0.10,0.053,0.028,0.983,3,14
14045,0.0,0.0,0.06,0.053,0.029,0.980,3,14
14095,0.0,0.0,0.06,0.053,0.016,0.989,3,14
14147,0.0,0.0,0.06,0.053,0.016,0.989,3,14
14196,0.0,0.0,0.08,0.052,0.014,0.987,3,14
14246,0.0,0.0,0.04,0.051,0.025,0.978,3,14
14296,0.0,0.0,0.07,0.051,0.026,0.985,3,14
14346,0.0,0.0,0.07,0.053,0.023,0.987,3,14
14396,0.0,0.0,0.02,0.054,0.012,0.986,3,14
14446,0.0,0.0,0.02,0.054,0.012,0.986,3,14
14496,0.0,0.0,0.05,0.053,0.023,0.983,3,14
14546,0.0,0.0,0.03,0.054,0.019,0.988,3,15
14596,0.0,0.0,0.06,0.052,0.019,0.985,3,15
14647,0.0,0.0,0.01,0.052,0.020,0.983,3,15
14697,0.0,0.0,0.04,0.053,0.018,0.985,3,15
14747,0.0,0.0,0.06,0.054,0.021,0.985,3,15
14797,0.0,0.0,0.06,0.054,0.021,0.985,3,15
14847,0.0,0.0,0.01,0.053,0.022,0.986,3,15
14897,0.0,0.0,0.03,0.051,0.021,0.985,3,15
14947,0.0,0.0,0.03,0.051,0.021,0.985,3,15
14997,0.0,0.0,0.08,0.051,0.017,0.985,3,14
15047,0.0,0.0,0.09,0.054,0.015,0.983,3,14
15097,0.0,0.0,0.09,0.054,0.015,0.983,3,14
15148,0.0,0.0,0.08,0.054,0.022,0.985,3,14
15198,0.0,0.0,0.13,0.052,0.022,0.986,3,14
15248,0.0,0.0,0.18,0.051,0.022,0.987,3,15
15298,0.0,0.0,0.02,0.051,0.024,0.986,3,12
15348,0.0,0.0,0.15,0.050,0.022,0.983,3,13
15398,0.0,0.0,0.15,0.050,0.022,0.983,3,13
15448,0.0,0.0,0.09,0.053,0.008,0.982,3,13
15498,0.0,0.0,0.06,0.053,0.011,0.985,3,13
15548,0.0,0.0,0.06,0.053,0.011,0.985,3,13
15598,0.0,0.0,0.05,0.053,0.030,0.986,3,13
15649,0.0,0.0,0.13,0.053,0.021,0.986,3,13
15699,0.0,0.0,0.13,0.053,0.021,0.986,3,13
15749,0.0,0.0,0.03,0.053,0.015,0.983,3,13
15799,0.0,0.0,0.06,0.053,0.016,0.984,3,13
15849,0.0,0.0,0.06,0.053,0.019,0.986,3,13
15899,0.0,0.0,0.04,0.052,0.023,0.984,3,13
15949,0.0,0.0,0.02,0.052,0.019,0.985,3,13
15999,0.0,0.0,0.02,0.052,0.019,0.985,3,13
16049,0.0,0.0,0.05,0.053,0.018,0.984,3,13
16099,0.0,0.0,0.03,0.053,0.019,0.984,3,13
16150,0.0,0.0,0.03,0.053,0.019,0.984,3,13
16200,0.0,0.0,0.04,0.052,0.018,0.985,3,13
16250,0.0,0.0,0.06,0.052,0.019,0.983,3,13
16300,0.0,0.0,0.06,0.052,0.019,0.983,3,13
16350,0.0,0.0,0.03,0.052,0.025,0.987,3,13
16400,0.0,0.0,0.10,0.052,0.024,0.987,3,13
16450,0.0,0.0,0.05,0.052,0.021,0.987,3,13
16500,0.0,0.0,0.04,0.052,0.013,0.983,3,13
16550,0.0,0.0,0.11,0.052,0.019,0.985,3,13
16600,0.0,0.0,0.11,0.052,0.019,0.985,3,13
16651,0.0,0.0,0.06,0.052,0.023,0.985,3,13
16701,0.0,0.0,0.01,0.051,0.023,0.984,3,13
16751,0.0,0.0,0.01,0.051,0.023,0.984,3,13
16801,0.0,0.0,0.02,0.052,0.019,0.984,3,13
16851,0.0,0.0,0.04,0.053,0.014,0.986,3,13
16901,0.0,0.0,0.04,0.053,0.014,0.986,3,13
16951,0.0,0.0,0.02,0.052,0.023,0.984,3,13
17001,0.0,0.0,0.04,0.052,0.025,0.985,3,13
17051,0.0,0.0,0.05,0.051,0.022,0.986,3,13
17101,0.0,0.0,0.06,0.051,0.017,0.984,3,13
17152,0.0,0.0,0.04,0.052,0.019,0.985,3,13
17202,0.0,0.0,0.04,0.052,0.019,0.985,3,13
17252,0.0,0.0,0.08,0.053,0.022,0.985,3,13
17302,0.0,0.0,0.06,0.053,0.023,0.985,3,13
17352,0.0,0.0,0.12,0.053,0.022,0.985,3,13
17402,0.0,0.0,0.04,0.051,0.019,0.985,3,13
17452,0.0,0.0,0.02,0.048,0.018,0.985,3,13
17502,0.0,0.0,0.02,0.048,0.018,0.985,3,13
17552,0.0,0.0,0.10,0.051,0.020,0.982,3,13
17602,0.0,0.0,0.04,0.052,0.021,0.989,3,13
17658,0.0,0.0,0.04,0.052,0.019,0.983,3,13
17707,0.0,0.0,0.08,0.055,0.017,0.989,3,13
17757,0.0,0.0,0.09,0.053,0.022,0.983,3,13
17809,0.0,0.0,0.09,0.053,0.022,0.983,3,13
17858,0.0,0.0,0.03,0.051,0.021,0.986,3,13
17908,0.0,0.0,0.08,0.053,0.017,0.983,3,13
17958,0.0,0.0,0.08,0.053,0.017,0.983,3,13
18008,0.0,0.0,0.04,0.053,0.017,0.985,3,13
18058,0.0,0.0,0.02,0.051,0.020,0.984,3,13
18109,0.0,0.0,0.02,0.051,0.020,0.984,3,13
18163,0.0,0.0,0.08,0.052,0.018,0.984,3,13
18213,0.0,0.0,0.10,0.051,0.017,0.986,3,13
18263,0.0,0.0,0.10,0.051,0.017,0.986,3,13
18313,0.0,0.0,0.17,0.049,0.025,0.987,3,13
18363,0.0,0.0,0.17,0.049,0.025,0.987,3,13
18414,0.0,0.0,0.17,0.049,0.025,0.987,3,13
18463,0.0,0.0,0.14,0.057,0.017,0.983,3,13
18513,0.0,0.0,0.07,0.051,0.017,0.984,3,13
18563,0.0,0.0,0.07,0.051,0.017,0.984,3,13
18613,0.0,0.0,0.13,0.042,0.029,0.985,3,13
18664,0.0,0.0,0.11,0.048,0.022,0.985,3,13
18715,0.0,0.0,0.11,0.048,0.022,0.985,3,13
18764,0.0,0.0,0.05,0.053,0.014,0.983,3,13
18814,0.0,0.0,0.10,0.057,0.013,0.985,3,13
18865,0.0,0.0,0.10,0.057,0.013,0.985,3,13
18914,0.0,0.0,0.03,0.058,0.020,0.985,3,13
18964,0.0,0.0,0.02,0.055,0.022,0.986,3,13
19015,0.0,0.0,0.02,0.055,0.022,0.986,3,13
19064,0.0,0.0,0.06,0.049,0.019,0.986,3,14
19114,0.0,0.0,0.03,0.049,0.018,0.985,3,14
19165,0.0,0.0,0.03,0.049,0.018,0.985,3,14
19215,0.0,0.0,0.02,0.054,0.018,0.984,3,13
19265,0.0,0.0,0.11,0.053,0.018,0.984,3,13
19315,0.0,0.0,0.11,0.053,0.018,0.984,3,13
19365,0.0,0.0,0.01,0.051,0.019,0.985,3,13
19415,0.0,0.0,0.04,0.050,0.019,0.986,3,13
19465,0.0,0.0,0.04,0.050,0.019,0.986,3,13
19515,0.0,0.0,0.01,0.052,0.017,0.985,3,13
19565,0.0,0.0,0.06,0.054,0.019,0.984,3,13
19615,0.0,0.0,0.06,0.054,0.019,0.984,3,13
19672,0.0,0.0,0.09,0.052,0.019,0.985,3,13
19722,0.0,0.0,0.08,0.052,0.019,0.985,3,13
19772,0.0,0.0,0.06,0.052,0.020,0.984,3,13
19822,0.0,0.0,0.04,0.053,0.019,0.983,3,13
19872,0.0,0.0,0.07,0.055,0.017,0.985,3,13
19922,0.0,0.0,0.07,0.055,0.017,0.985,3,13
19972,0.0,0.0,0.04,0.052,0.018,0.986,3,13
20022,0.0,0.0,0.03,0.047,0.018,0.985,3,13
20072,0.0,0.0,0.05,0.047,0.018,0.986,3,13
20122,0.0,0.0,0.05,0.048,0.019,0.986,3,13
20173,0.0,0.0,0.07,0.050,0.019,0.985,3,13
20223,0.0,0.0,0.07,0.050,0.019,0.985,3,13
20274,0.0,0.0,0.09,0.051,0.018,0.984,3,14
20323,0.0,0.0,0.08,0.053,0.014,0.986,3,14
20373,0.0,0.0,0.03,0.054,0.019,0.984,3,14
20424,0.0,0.0,0.07,0.054,0.024,0.986,3,14
20473,0.0,0.0,0.12,0.053,0.022,0.986,3,14
20523,0.0,0.0,0.12,0.053,0.022,0.986,3,14
20574,0.0,0.0,0.02,0.048,0.009,0.984,3,14
20623,0.0,0.0,0.09,0.047,0.022,0.984,3,14
20674,0.0,0.0,0.07,0.048,0.023,0.987,3,14
20724,0.0,0.0,0.07,0.052,0.017,0.985,3,14
20774,0.0,0.0,0.02,0.058,0.013,0.982,3,14
20824,0.0,0.0,0.02,0.058,0.013,0.982,3,14
20874,0.0,0.0,0.06,0.061,0.026,0.984,3,14
20924,0.0,0.0,0.04,0.058,0.020,0.983,3,14
20974,0.0,0.0,0.09,0.055,0.013,0.979,3,14
21024,0.0,0.0,0.09,0.055,0.013,0.979,3,14
21074,0.0,0.0,0.05,0.033,0.009,0.979,3,14
21124,0.0,0.0,0.05,0.033,0.009,0.979,3,14
21175,0.0,0.0,0.04,0.000,0.011,1.006,3,14
21225,0.0,0.0,0.08,-0.002,0.036,0.987,3,14
21275,516.2,0.0,0.13,0.009,0.024,0.965,3,14
21325,914.2,0.0,0.13,0.019,0.022,0.969,3,14
21375,1133.2,16.4,0.24,0.053,-0.001,0.929,3,14
21425,1084.4,16.4,0.24,0.053,-0.001,0.929,3,14
21475,1028.1,16.4,0.21,0.064,0.010,0.992,3,14
21525,1028.1,16.4,0.09,0.077,0.002,0.982,3,14
21575,986.1,16.4,0.16,0.098,0.007,1.056,3,14
21625,917.4,16.4,0.19,0.095,0.010,0.988,3,13
21676,1046.9,16.4,0.11,0.078,0.012,0.976,3,14
21726,1055.4,16.4,0.11,0.078,0.012,0.976,3,14
21776,1013.8,16.4,0.06,0.065,0.018,0.963,3,14
21826,1013.8,16.4,0.04,0.050,0.019,0.979,3,14
21876,945.5,16.4,0.04,0.045,0.013,0.972,3,14
21926,1086.6,16.4,0.04,0.051,0.014,0.974,3,14
21976,1096.4,16.4,0.14,0.043,0.012,0.983,3,14
22026,1070.4,16.4,0.14,0.043,0.012,0.983,3,14
22076,1010.8,16.4,0.07,0.041,0.014,0.965,3,14
22126,1122.7,16.4,0.06,0.040,0.015,0.978,3,14
22177,1122.9,16.4,0.02,0.045,0.008,0.986,3,14
22227,1125.1,16.4,0.04,0.042,0.012,0.980,3,14
22277,1083.3,16.4,0.08,0.050,0.015,0.987,3,13
22327,1172.4,16.4,0.08,0.050,0.015,0.987,3,13
22377,1155.6,0.0,0.10,0.050,0.015,0.995,3,14
22427,1207.0,0.0,0.09,0.048,0.013,0.965,3,14
22477,1178.6,0.0,0.06,0.055,0.005,0.986,3,14
22527,1254.2,0.0,0.03,0.045,0.012,0.983,3,14
22577,1237.8,0.0,0.08,0.035,0.012,0.974,3,14
22627,1287.2,0.0,0.08,0.035,0.012,0.974,3,14
22678,1265.4,0.0,0.06,0.050,0.006,0.989,3,14
22732,1314.4,0.0,0.12,0.053,0.012,0.987,3,14
22782,1292.3,0.0,0.09,0.047,0.018,0.977,3,14
22834,1317.8,0.0,0.09,0.047,0.018,0.977,3,14
22884,1289.1,0.0,0.02,0.046,0.010,0.994,3,14
22934,1349.3,0.0,0.03,0.050,0.010,0.989,3,14
22984,1374.1,0.0,0.03,0.050,0.010,0.989,3,14
23034,1351.1,0.0,0.10,0.051,0.005,1.000,3,14
23084,1371.3,0.0,0.08,0.043,0.014,0.977,3,14
23134,1340.7,0.0,0.02,0.060,0.012,0.992,3,14
23191,1383.6,0.0,0.09,0.057,0.017,1.006,3,14
23241,1361.2,0.0,0.03,0.042,0.008,0.975,3,14
23291,1385.5,0.0,0.03,0.055,0.009,0.999,3,14
23341,1425.4,0.0,0.02,0.040,0.012,0.977,3,14
23391,1391.3,0.0,0.05,0.049,0.010,0.982,3,14
23443,1430.9,0.0,0.05,0.049,0.010,0.982,3,14
23493,1407.7,0.0,0.03,0.048,0.008,0.989,3,14
23543,1397.7,0.0,0.03,0.048,0.008,0.989,3,14
23593,1430.4,0.0,0.09,0.045,0.011,0.994,3,13
23643,1405.1,0.0,0.09,0.045,0.011,0.994,3,13
23694,1432.8,0.0,0.03,0.054,0.013,0.999,3,13
23746,1424.1,0.0,0.03,0.054,0.013,0.999,3,13
23795,1433.8,0.0,0.03,0.055,0.010,1.002,3,13
23845,1436.9,0.0,0.08,0.047,0.009,0.985,3,13
23896,1412.0,0.0,0.07,0.046,0.010,0.978,3,13
23945,1464.9,0.0,0.11,0.043,0.015,0.961,3,13
23995,1444.3,0.0,0.07,0.044,0.009,0.977,3,14
24045,1446.7,0.0,0.07,0.044,0.009,0.977,3,14
24095,1458.0,0.0,0.04,0.046,0.010,0.973,3,13
24145,1436.2,0.0,0.10,0.049,0.009,0.976,3,13
24196,1451.7,0.0,0.08,0.047,0.013,0.960,3,13
24246,1421.5,0.0,0.08,0.049,0.014,1.008,3,13
24296,1456.3,0.0,0.08,0.047,0.012,1.002,3,13
24347,1478.1,0.0,0.08,0.047,0.012,1.002,3,13
24397,1456.1,0.0,0.21,0.050,0.015,1.010,3,14
24447,1464.7,0.0,0.10,0.049,0.014,1.011,3,13
24497,1466.6,0.0,0.19,0.055,0.008,1.017,3,14
24547,1461.1,0.0,0.19,0.055,0.008,1.017,3,14
24597,1488.2,0.0,0.06,0.053,0.009,1.019,3,13
24647,1461.5,0.0,0.06,0.053,0.009,1.019,3,13
24698,1503.0,0.0,0.05,0.052,0.011,0.985,3,13
24748,1508.9,0.0,0.11,0.054,0.012,0.991,3,13
24798,1483.1,0.0,0.05,0.046,0.015,0.972,3,13
24848,1501.1,0.0,0.16,0.056,0.014,0.999,3,13
24898,1462.8,0.0,0.05,0.043,0.012,0.969,3,13
24948,1471.3,0.0,0.23,0.046,0.009,0.968,3,13
24998,1488.2,0.0,0.23,0.046,0.009,0.968,3,13
25048,1459.1,0.0,0.08,0.052,0.009,0.975,3,13
25098,1485.1,0.0,0.11,0.045,0.018,0.966,3,13
25148,1458.8,0.0,0.11,0.045,0.018,0.966,3,13
25199,1464.9,0.0,0.15,0.046,0.016,0.970,3,13
25249,1502.3,0.0,0.06,0.048,0.013,0.977,3,13
25299,1478.7,0.0,0.06,0.048,0.013,0.977,3,13
25349,1509.2,0.0,0.13,0.047,0.012,0.972,3,13
25399,1505.8,0.0,0.12,0.046,0.011,0.971,3,13
25449,1477.8,0.0,0.17,0.045,0.020,0.971,3,13
25499,1477.4,0.0,0.08,0.043,0.016,0.968,3,13
25549,1441.5,0.0,0.08,0.046,0.011,0.973,3,13
25599,1458.0,0.0,0.08,0.046,0.011,0.973,3,13
25649,1486.5,0.0,0.07,0.042,0.013,0.969,3,13
25700,1460.4,0.0,0.01,0.048,0.013,0.979,3,13
25750,1494.4,0.0,0.01,0.048,0.013,0.979,3,13
25800,1480.9,0.0,0.04,0.044,0.009,0.978,3,13
25850,1449.6,0.0,0.11,0.046,0.009,0.969,3,13
25900,1486.8,0.0,0.11,0.046,0.009,0.969,3,13
25950,1463.3,0.0,0.05,0.054,0.011,0.971,3,13
26000,1483.7,0.0,0.06,0.052,0.013,0.970,3,13
26050,1487.2,0.0,0.09,0.046,0.017,0.975,3,13
26100,1462.1,0.0,0.06,0.042,0.011,0.972,3,13
26150,1467.4,0.0,0.08,0.045,0.012,0.973,3,13
26201,1447.4,0.0,0.08,0.045,0.012,0.973,3,13
26251,1447.9,0.0,0.03,0.045,0.010,0.962,3,13
26301,1469.9,0.0,0.03,0.045,0.010,0.962,3,13
26351,1442.1,0.0,0.03,0.045,0.010,0.962,3,13
26401,1472.4,0.0,0.08,0.044,0.012,0.982,3,13
26451,1447.6,0.0,0.04,0.051,0.010,1.016,3,13
26501,1441.4,0.0,0.04,0.051,0.010,1.016,3,13
26551,1487.2,0.0,0.09,0.051,0.011,1.015,3,13
26601,1465.7,0.0,0.02,0.050,0.010,1.014,3,13
26651,1480.7,0.0,0.04,0.052,0.010,1.015,3,13
26702,1498.6,0.0,0.03,0.054,0.008,1.018,3,13
26752,1477.6,0.0,0.11,0.053,0.010,1.021,3,13
26802,1461.7,0.0,0.11,0.053,0.010,1.021,3,13
26852,1417.0,0.0,0.11,0.052,0.011,0.983,3,13
26902,1459.1,0.0,0.10,0.047,0.014,1.006,3,13
26952,1473.0,0.0,0.09,0.054,0.012,0.990,3,13
27002,1449.4,0.0,0.02,0.048,0.014,0.973,3,13
27052,1469.9,0.0,0.07,0.046,0.015,0.979,3,13
27102,1442.1,0.0,0.07,0.046,0.015,0.979,3,13
27152,1454.7,0.0,0.10,0.047,0.016,0.977,3,13
27203,1499.9,0.0,0.08,0.044,0.011,0.971,3,14
27253,1478.5,0.0,0.04,0.045,0.013,0.963,3,14
27303,1479.8,0.0,0.06,0.046,0.012,0.965,3,14
27353,1445.2,0.0,0.06,0.047,0.011,0.972,3,14
27403,1454.5,0.0,0.06,0.047,0.011,0.972,3,14
27453,1471.0,0.0,0.01,0.045,0.010,0.958,3,14
27503,1441.4,0.0,0.03,0.046,0.007,0.972,3,14
27553,1465.9,0.0,0.06,0.044,0.012,0.963,3,14
27603,1471.5,0.0,0.04,0.046,0.010,0.973,3,14
27653,1446.3,0.0,0.02,0.046,0.011,0.975,3,14
27709,1489.4,0.0,0.02,0.046,0.011,0.975,3,14
27758,1465.5,0.0,0.04,0.047,0.010,0.978,3,14
27808,1459.7,0.0,0.02,0.040,0.014,0.976,3,14
27860,1499.5,0.0,0.02,0.046,0.013,1.011,3,14
27909,1477.0,0.0,0.02,0.047,0.011,1.008,3,14
27959,1507.0,0.0,0.04,0.046,0.013,1.001,3,14
28010,1478.5,0.0,0.04,0.046,0.013,1.001,3,14
28059,1442.0,0.0,0.05,0.044,0.013,0.986,3,14
28109,1477.5,0.0,0.06,0.046,0.013,1.004,3,14
28160,1454.1,0.0,0.06,0.046,0.013,1.004,3,14
28214,1462.2,0.0,0.02,0.044,0.014,0.993,3,14
28264,1478.6,0.0,0.06,0.042,0.015,0.979,3,14
28314,1449.8,0.0,0.06,0.042,0.015,0.979,3,14
28364,1476.3,0.0,0.05,0.053,0.009,1.018,3,14
28414,1450.2,0.0,0.08,0.050,0.010,1.021,3,14
28464,1463.6,0.0,0.08,0.050,0.010,1.021,3,14
28514,1479.9,0.0,0.07,0.049,0.011,1.015,3,14
28564,1450.1,0.0,0.09,0.054,0.011,0.997,3,14
28614,1481.0,0.0,0.09,0.054,0.011,0.997,3,14
28664,1492.6,0.0,0.01,0.055,0.013,1.004,3,14
28715,1467.5,0.0,0.02,0.049,0.014,0.979,3,14
28766,1485.8,0.0,0.02,0.049,0.014,0.979,3,14
28815,1457.6,0.0,0.06,0.051,0.014,0.984,3,14
28865,1469.0,0.0,0.05,0.051,0.011,0.988,3,14
28916,1506.0,0.0,0.05,0.051,0.011,0.988,3,14
28965,1482.7,0.0,0.03,0.046,0.015,0.966,3,14
29015,1496.0,0.0,0.04,0.043,0.017,0.968,3,14
29065,1465.7,0.0,0.04,0.043,0.017,0.968,3,14
29115,1480.1,0.0,0.04,0.043,0.017,0.968,3,14
29165,1494.7,0.0,0.04,0.046,0.014,0.964,3,14
29217,1464.9,0.0,0.04,0.046,0.014,0.964,3,14
29266,1502.1,0.0,0.06,0.041,0.012,0.969,3,14
29316,1494.7,0.0,0.09,0.046,0.012,0.974,3,14
29366,1459.4,0.0,0.09,0.046,0.012,0.974,3,14
29416,1504.5,0.0,0.05,0.050,0.008,0.975,3,15
29466,1474.0,0.0,0.02,0.043,0.011,0.971,3,15
29516,1459.4,0.0,0.02,0.043,0.011,0.971,3,15
29566,1512.4,0.0,0.02,0.042,0.013,0.970,3,15
29616,1469.8,0.0,0.08,0.048,0.011,0.974,3,15
29666,1500.7,0.0,0.08,0.048,0.011,0.974,3,15
29723,1512.9,0.0,0.02,0.045,0.008,0.971,3,15
29773,1489.9,0.0,0.02,0.043,0.009,0.970,3,15
29823,1491.5,0.0,0.02,0.043,0.009,0.970,3,15
29873,1456.9,0.0,0.06,0.041,0.015,0.969,3,15
29923,1455.0,0.0,0.04,0.045,0.014,0.972,3,15
29973,1487.4,0.0,0.11,0.045,0.011,0.970,3,15
30023,1463.0,0.0,0.11,0.045,0.011,0.970,3,15
30073,1504.3,0.0,0.07,0.046,0.010,0.960,3,15
30123,1510.8,0.0,0.07,0.046,0.010,0.960,3,15
30173,1488.9,0.0,0.10,0.044,0.016,0.968,3,15
30224,1525.0,0.0,0.17,0.048,0.010,0.966,3,15
30274,1679.2,0.0,0.04,0.044,0.009,0.957,3,15
30325,1520.9,0.0,0.04,0.044,0.009,0.957,3,15
30374,1551.6,0.0,0.10,0.049,0.009,0.959,3,15
30424,1537.5,0.0,0.10,0.049,0.009,0.959,3,15
30475,1529.3,0.0,0.05,0.053,0.012,0.971,3,15
30524,1547.1,0.0,0.04,0.046,0.007,0.961,3,15
30574,1526.7,0.0,0.04,0.042,0.013,0.975,3,15
30625,1534.2,0.0,0.04,0.042,0.013,0.975,3,15
30674,1559.4,0.0,0.05,0.046,0.010,0.972,3,15
30725,1541.7,0.0,0.05,0.046,0.010,0.972,3,15
30775,1562.3,0.0,0.04,0.043,0.015,0.976,3,15
30825,1546.8,0.0,0.04,0.045,0.014,0.967,3,15
30875,1516.6,0.0,0.06,0.041,0.016,0.970,3,15
30925,1551.6,0.0,0.04,0.042,0.014,0.976,3,15
30975,1567.8,0.0,0.08,0.045,0.013,0.966,3,15
31025,1527.7,0.0,0.08,0.045,0.013,0.966,3,15
31075,1569.4,0.0,0.03,0.054,0.009,0.977,3,15
31125,1392.0,0.0,0.02,0.050,0.013,0.968,3,15
31175,1499.9,0.0,0.07,0.052,0.010,1.011,3,15
31226,1510.1,0.0,0.03,0.053,0.012,0.995,3,15
31276,1479.2,0.0,0.05,0.047,0.011,1.022,3,15
31326,1512.9,0.0,0.05,0.047,0.011,1.022,3,15
31376,1508.6,0.0,0.08,0.053,0.011,0.998,3,15
31426,1480.4,0.0,0.01,0.049,0.011,0.977,3,15
31476,1498.7,0.0,0.07,0.042,0.014,1.002,3,15
31526,1470.4,0.0,0.08,0.048,0.012,1.025,3,15
31576,1464.6,0.0,0.06,0.044,0.011,1.014,3,15
31626,1508.1,0.0,0.06,0.044,0.011,1.014,3,15
31676,1488.3,0.0,0.06,0.052,0.006,1.016,3,14
31727,1516.6,0.0,0.04,0.055,0.009,1.027,3,14
31777,1506.0,0.0,0.04,0.055,0.011,1.010,3,15
31827,1476.7,0.0,0.04,0.055,0.011,1.010,3,15
31877,1508.1,0.0,0.04,0.055,0.011,1.010,3,15
31927,1483.5,0.0,0.04,0.055,0.011,1.010,3,15
31977,1489.8,0.0,0.03,0.052,0.009,1.020,3,15
32027,1516.0,0.0,0.06,0.050,0.008,1.017,3,15
32077,1489.5,0.0,0.02,0.054,0.011,0.992,3,14
32127,1502.4,0.0,0.05,0.053,0.013,1.029,3,14
32177,1494.9,0.0,0.06,0.052,0.014,1.021,3,14
32228,1463.3,0.0,0.06,0.052,0.014,1.021,3,14
32278,1502.2,0.0,0.08,0.045,0.007,1.015,3,14
32328,1472.6,0.0,0.11,0.051,0.007,1.022,3,14
32378,1493.7,0.0,0.15,0.053,0.013,1.001,3,14
32428,1518.4,0.0,0.08,0.051,0.013,1.028,3,14
32478,1491.9,0.0,0.01,0.052,0.013,0.995,3,14
32528,1670.9,0.0,0.01,0.052,0.013,0.995,3,14
32578,1401.0,0.0,0.04,0.053,0.009,1.008,3,14
32628,1487.5,0.0,0.08,0.050,0.010,1.029,3,14
32678,1510.3,0.0,0.07,0.054,0.012,1.007,3,14
32734,1483.5,0.0,0.06,0.053,0.012,0.985,3,14
32783,1464.2,0.0,0.11,0.053,0.011,1.008,3,14
32833,1508.0,0.0,0.10,0.053,0.006,1.024,3,14
32885,1486.6,0.0,0.10,0.053,0.006,1.024,3,14
32934,1511.7,0.0,0.04,0.053,0.012,1.006,3,14
32984,1504.7,0.0,0.04,0.050,0.011,1.026,3,14
33035,1476.6,0.0,0.02,0.052,0.011,1.016,3,14
33085,1492.1,0.0,0.08,0.051,0.011,1.023,3,14
33135,1463.1,0.0,0.06,0.044,0.013,1.015,3,14
33185,1476.7,0.0,0.06,0.044,0.013,1.015,3,14
33240,1474.2,0.0,0.00,0.054,0.011,1.008,3,14
33290,1437.3,0.0,0.06,0.053,0.010,1.018,3,14
33341,1472.0,0.0,0.06,0.053,0.010,1.018,3,14
33390,1479.3,0.0,0.02,0.048,0.009,0.976,3,14
33440,1454.9,0.0,0.04,0.051,0.011,0.984,3,14
33490,1475.7,0.0,0.04,0.047,0.016,0.973,3,14
33540,1448.0,0.0,0.04,0.047,0.016,0.973,3,14
33590,1443.1,0.0,0.06,0.044,0.016,0.974,3,14
33641,1472.4,0.0,0.06,0.044,0.016,0.974,3,14
33690,1447.1,0.0,0.03,0.046,0.015,0.974,3,14
33741,1461.2,0.0,0.03,0.046,0.012,0.966,3,14
33791,1444.9,0.0,0.09,0.045,0.011,0.973,3,14
33841,1458.9,0.0,0.02,0.045,0.012,0.966,3,14
33891,1484.4,0.0,0.01,0.043,0.012,0.962,3,14
33941,1457.7,0.0,0.01,0.043,0.012,0.962,3,14
33991,1496.0,0.0,0.03,0.044,0.011,0.966,3,14
34041,1489.8,0.0,0.04,0.046,0.011,0.960,3,14
34092,1461.2,0.0,0.05,0.048,0.008,0.971,3,14
34141,1500.7,0.0,0.05,0.048,0.008,0.971,3,14
34191,1463.1,0.0,0.03,0.047,0.007,0.972,3,14
34242,1484.4,0.0,0.03,0.047,0.007,0.972,3,14
34292,1677.0,0.0,0.08,0.042,0.010,0.968,3,14
34342,1512.1,0.0,0.02,0.048,0.010,0.972,3,14
34394,1393.0,0.0,0.04,0.044,0.008,0.959,3,14
34444,1505.9,0.0,0.08,0.045,0.012,0.987,3,14
34494,1481.4,0.0,0.07,0.047,0.011,0.972,3,14
34544,1512.0,0.0,0.07,0.047,0.011,0.972,3,14
34594,1487.4,0.0,0.12,0.048,0.011,0.973,3,14
34644,1478.6,0.0,0.11,0.045,0.011,0.992,3,14
34694,1507.8,0.0,0.04,0.047,0.009,0.962,3,14
34745,1482.9,0.0,0.04,0.047,0.009,0.962,3,14
34795,1493.8,0.0,0.04,0.048,0.013,0.968,3,14
34846,1496.7,0.0,0.04,0.048,0.013,0.968,3,14
34895,1463.0,0.0,0.06,0.039,0.011,0.964,3,14
34945,1509.0,0.0,0.03,0.047,0.006,0.959,3,14
34996,1487.9,0.0,0.10,0.046,0.008,0.981,3,14
35045,1481.5,0.0,0.02,0.048,0.008,0.957,3,14
35095,1513.4,0.0,0.05,0.039,0.012,0.975,3,14
35146,1488.7,0.0,0.05,0.039,0.012,0.975,3,14
35196,1521.1,0.0,0.06,0.039,0.011,0.962,3,14
35247,1523.6,0.0,0.03,0.042,0.013,0.997,3,14
35298,1497.7,0.0,0.02,0.047,0.008,0.959,3,14
35347,1674.3,0.0,0.06,0.048,0.011,0.979,3,14
35397,1545.7,0.0,0.07,0.052,0.007,0.973,3,14
35448,1530.4,0.0,0.07,0.052,0.007,0.973,3,14
35498,1411.7,0.0,0.08,0.045,0.011,0.997,3,14
35548,1496.8,0.0,0.05,0.046,0.014,0.973,3,14
35598,1519.1,0.0,0.03,0.040,0.012,0.983,3,14
35648,1546.4,0.0,0.02,0.047,0.009,0.972,3,14
35698,1530.8,0.0,0.09,0.047,0.011,0.982,3,14
35749,1535.8,0.0,0.08,0.051,0.010,0.972,3,14
35799,1551.8,0.0,0.08,0.051,0.010,0.972,3,14
35849,1529.8,0.0,0.11,0.045,0.012,0.977,3,14
35899,1406.9,0.0,0.11,0.045,0.012,0.977,3,14
35949,1521.0,0.0,0.11,0.045,0.012,0.977,3,14
35999,1496.3,0.0,0.07,0.049,0.012,0.973,3,14
36049,1519.0,0.0,0.07,0.049,0.012,0.973,3,14
36099,1491.9,0.0,0.08,0.048,0.009,0.971,3,14
36149,1396.7,0.0,0.18,0.042,0.013,0.958,3,14
36199,1523.4,0.0,0.09,0.051,0.011,0.979,3,14
36250,1493.3,0.0,0.04,0.047,0.017,0.975,3,14
36300,1518.3,0.0,0.09,0.039,0.015,0.967,3,14
36350,1518.1,0.0,0.16,0.040,0.013,0.971,3,13
36400,1491.8,0.0,0.16,0.040,0.013,0.971,3,13
36450,1522.8,0.0,0.23,0.048,0.015,0.972,3,13
36500,1497.7,0.0,0.18,0.047,0.011,0.975,3,13
36550,1487.4,0.0,0.03,0.044,0.016,0.964,3,13
36600,1522.0,0.0,0.03,0.040,0.012,0.968,3,13
36650,1499.3,0.0,0.04,0.047,0.010,0.980,3,13
36700,1511.7,0.0,0.04,0.047,0.010,0.980,3,13
36751,1515.0,0.0,0.07,0.035,0.012,0.975,3,13
36801,1491.4,0.0,0.14,0.038,0.015,0.961,3,13
36851,1510.9,0.0,0.08,0.042,0.012,0.969,3,13
36901,1482.3,0.0,0.10,0.052,0.008,0.966,3,14
36951,1475.9,0.0,0.14,0.043,0.013,0.975,3,14
37001,1521.8,0.0,0.14,0.043,0.013,0.975,3,14
37051,1500.2,0.0,0.07,0.036,0.014,0.971,3,14
37101,1524.9,0.0,0.10,0.041,0.013,0.971,3,14
37151,1523.6,0.0,0.10,0.041,0.013,0.971,3,14
37201,1497.4,0.0,0.16,0.045,0.011,0.972,3,14
37252,1512.7,0.0,0.20,0.057,0.012,1.001,3,14
37302,1483.8,0.0,0.20,0.057,0.012,1.001,3,14
37352,1496.4,0.0,0.07,0.045,0.016,0.960,3,14
37402,1673.0,0.0,0.07,0.045,0.016,0.960,3,14
37452,1514.5,0.0,0.07,0.045,0.016,0.960,3,14
37502,1389.9,0.0,0.13,0.043,0.015,0.974,3,14
37552,1490.2,0.0,0.10,0.039,0.011,0.971,3,14
37602,1463.1,0.0,0.10,0.039,0.011,0.971,3,14
37652,1495.9,0.0,0.04,0.040,0.012,0.966,3,14
37702,1472.2,0.0,0.07,0.048,0.009,0.967,3,14
37753,1435.9,0.0,0.07,0.048,0.009,0.967,3,14
37803,1471.8,0.0,0.02,0.045,0.012,0.972,3,13
37853,1449.1,0.0,0.03,0.042,0.012,0.970,3,13
37903,1482.8,0.0,0.03,0.042,0.012,0.970,3,13
37953,1489.4,0.0,0.06,0.041,0.010,0.969,3,13
38003,1464.5,0.0,0.04,0.044,0.009,0.964,3,13
38053,1498.7,0.0,0.03,0.043,0.010,0.974,3,13
38103,1474.4,0.0,0.05,0.045,0.012,0.973,3,13
38153,1513.0,0.0,0.06,0.049,0.008,0.971,3,13
38203,1513.1,0.0,0.06,0.049,0.008,0.971,3,13
38254,1487.0,0.0,0.08,0.047,0.015,0.969,3,13
38304,1508.2,0.0,0.13,0.049,0.007,0.970,3,13
38354,1519.4,0.0,0.12,0.039,0.016,0.962,3,15
38404,1496.9,0.0,0.07,0.044,0.011,0.971,3,15
38454,1673.8,0.0,0.07,0.046,0.013,0.971,3,15
38504,1514.4,0.0,0.07,0.046,0.013,0.971,3,15
38554,1478.8,0.0,0.03,0.038,0.017,0.968,3,15
38604,1524.7,0.0,0.03,0.040,0.012,0.971,3,15
38654,1503.9,0.0,0.08,0.048,0.012,0.980,3,15
38704,1522.9,0.0,0.07,0.045,0.015,0.973,3,15
38755,1515.6,0.0,0.04,0.041,0.014,0.967,3,15
38811,1488.1,0.0,0.04,0.041,0.014,0.967,3,15
38860,1513.8,0.0,0.09,0.049,0.012,0.974,3,15
38910,1488.1,0.0,0.09,0.041,0.013,0.965,3,15
38961,1484.8,0.0,0.09,0.041,0.013,0.965,3,15
39010,1513.8,0.0,0.15,0.045,0.008,0.966,3,15
39060,1489.1,0.0,0.14,0.039,0.012,0.971,3,15
39111,1515.4,0.0,0.14,0.039,0.012,0.971,3,15
39160,1671.7,0.0,0.11,0.056,0.011,0.998,3,15
39210,1394.9,0.0,0.07,0.048,0.011,0.975,3,15
39263,1531.7,0.0,0.07,0.048,0.011,0.975,3,15
39312,1672.0,0.0,0.01,0.041,0.011,0.971,3,15
39362,1393.3,0.0,0.07,0.040,0.013,0.969,3,15
39413,1672.0,0.0,0.07,0.040,0.013,0.969,3,15
39462,1392.6,0.0,0.03,0.045,0.008,0.963,3,15
39512,1502.1,0.0,0.03,0.043,0.015,0.963,3,15
39563,1681.8,0.0,0.03,0.043,0.015,0.963,3,15
39612,1522.8,0.0,0.04,0.051,0.014,0.977,3,15
39662,1531.5,0.0,0.07,0.039,0.016,0.969,3,15
39713,1557.5,0.0,0.07,0.039,0.016,0.969,3,15
39765,1541.7,0.0,0.07,0.040,0.015,0.962,3,15
39815,1525.0,0.0,0.05,0.055,0.012,0.987,3,15
39865,1411.6,0.0,0.05,0.055,0.012,0.987,3,15
39915,1500.3,0.0,0.05,0.044,0.011,0.959,3,15
39965,1679.3,0.0,0.06,0.053,0.010,0.987,3,15
40015,1407.8,0.0,0.06,0.053,0.010,0.987,3,15
40065,1496.1,0.0,0.07,0.049,0.008,1.023,3,15
40115,1684.4,0.0,0.08,0.052,0.009,1.001,3,15
40165,1527.5,0.0,0.08,0.052,0.009,1.001,3,15
40215,1531.2,0.0,0.08,0.052,0.009,1.001,3,15
40266,1546.9,0.0,0.07,0.048,0.011,1.017,3,15
40317,1526.6,0.0,0.07,0.048,0.011,1.017,3,15
40366,1539.4,0.0,0.13,0.048,0.013,1.026,3,15
40416,1556.1,0.0,0.08,0.045,0.012,1.004,3,15
40468,1535.2,0.0,0.08,0.045,0.012,1.004,3,15
40518,1544.5,0.0,0.09,0.043,0.009,1.023,3,15
40568,1538.4,0.0,0.05,0.040,0.012,1.006,3,15
40620,1518.1,0.0,0.05,0.040,0.012,1.006,3,15
40669,1540.0,0.0,0.03,0.041,0.010,0.979,3,15
40719,1409.6,0.0,0.04,0.046,0.011,0.999,3,15
40773,1498.6,0.0,0.01,0.050,0.006,0.964,3,15
40822,1677.4,0.0,0.03,0.051,0.007,0.977,3,15
40872,1518.3,0.0,0.07,0.048,0.010,0.975,3,15
40922,1521.5,0.0,0.07,0.048,0.010,0.975,3,15
40972,1549.3,0.0,0.03,0.048,0.013,0.979,3,15
41022,1534.0,0.0,0.14,0.047,0.011,0.973,3,15
41072,1540.4,0.0,0.06,0.045,0.011,0.977,3,15
41122,1566.5,0.0,0.06,0.045,0.011,0.977,3,15
41172,1531.2,0.0,0.04,0.045,0.011,0.974,3,15
41222,1583.8,0.0,0.04,0.045,0.011,0.974,3,15
41273,1568.8,0.0,0.03,0.046,0.017,0.980,3,15
41323,1551.0,0.0,0.03,0.042,0.013,0.960,3,15
41373,1568.8,0.0,0.09,0.042,0.016,0.974,3,15
41423,1582.8,0.0,0.09,0.042,0.016,0.974,3,15
41473,1568.4,0.0,0.04,0.044,0.010,0.967,3,15
41524,1573.6,0.0,0.04,0.044,0.010,0.967,3,15
41573,1565.9,0.0,0.02,0.043,0.011,0.964,3,15
41623,1546.5,0.0,0.11,0.050,0.015,0.977,3,15
41674,1563.6,0.0,0.04,0.047,0.007,1.007,3,15
41723,1558.0,0.0,0.04,0.047,0.007,1.007,3,15
41774,1536.6,0.0,0.14,0.043,0.012,1.011,3,15
41824,1567.3,0.0,0.14,0.043,0.012,1.011,3,15
41874,1552.3,0.0,0.02,0.043,0.009,1.022,3,15
41924,1552.1,0.0,0.06,0.042,0.010,0.984,3,15
41974,1571.1,0.0,0.07,0.041,0.012,0.999,3,15
42024,1550.9,0.0,0.07,0.041,0.012,0.999,3,15
42074,1539.8,0.0,0.04,0.044,0.008,0.980,3,15
42124,1569.9,0.0,0.04,0.044,0.008,0.980,3,15
42174,1554.6,0.0,0.04,0.040,0.013,0.959,3,15
42224,1558.9,0.0,0.02,0.042,0.018,0.977,3,15
42275,1589.5,0.0,0.03,0.052,0.013,0.982,3,15
42326,1573.2,0.0,0.03,0.052,0.013,0.982,3,15
42375,1567.6,0.0,0.04,0.042,0.013,0.965,3,15
42425,1593.5,0.0,0.04,0.042,0.013,0.965,3,15
42476,1575.8,0.0,0.04,0.050,0.015,0.980,3,15
42525,1599.0,0.0,0.04,0.047,0.010,0.969,3,15
42575,1597.5,0.0,0.07,0.044,0.010,0.999,3,15
42626,1577.0,0.0,0.07,0.044,0.010,0.999,3,15
42675,1601.9,0.0,0.07,0.050,0.006,0.985,3,15
42725,1600.5,0.0,0.07,0.050,0.006,0.985,3,15
42776,1579.9,0.0,0.01,0.042,0.011,0.998,3,15
42826,1590.3,0.0,0.07,0.047,0.008,0.985,3,15
42876,1595.2,0.0,0.12,0.042,0.010,0.987,3,15
42926,1578.6,0.0,0.12,0.042,0.010,0.987,3,15
42976,1591.6,0.0,0.06,0.050,0.011,0.975,3,15
43026,1601.8,0.0,0.06,0.050,0.011,0.975,3,15
43076,1586.7,0.0,0.04,0.040,0.018,0.976,3,15
43126,1600.0,0.0,0.04,0.044,0.017,0.979,3,15
43176,1582.4,0.0,0.06,0.047,0.010,0.973,3,15
43226,1556.1,0.0,0.06,0.047,0.010,0.973,3,15
43277,1566.7,0.0,0.03,0.045,0.008,0.996,3,15
43327,1574.1,0.0,0.03,0.045,0.008,0.996,3,15
43377,1558.9,0.0,0.10,0.051,0.007,0.984,3,15
43427,1584.1,0.0,0.08,0.036,0.013,1.004,3,15
43477,1573.0,0.0,0.05,0.043,0.011,1.006,3,15
43527,1547.3,0.0,0.05,0.043,0.011,1.006,3,15
43577,1585.2,0.0,0.10,0.045,0.012,1.000,3,15
43627,1572.0,0.0,0.10,0.045,0.012,1.000,3,15
43677,1536.2,0.0,0.09,0.051,0.004,0.976,3,15
43727,1579.8,0.0,0.04,0.043,0.011,0.989,3,15
43778,1568.8,0.0,0.07,0.041,0.013,0.980,3,15
43828,1567.9,0.0,0.07,0.041,0.013,0.980,3,15
43878,1589.3,0.0,0.09,0.041,0.016,0.976,3,15
43928,1570.2,0.0,0.09,0.041,0.016,0.976,3,15
43978,1576.1,0.0,0.09,0.044,0.011,0.977,3,15
44028,1590.6,0.0,0.06,0.048,0.009,0.974,3,15
44078,1569.0,0.0,0.10,0.055,0.007,0.981,3,15
44128,1554.5,0.0,0.10,0.055,0.007,0.981,3,15
44178,1573.7,0.0,0.05,0.050,0.012,0.973,3,15
44228,1551.4,0.0,0.05,0.050,0.012,0.973,3,15
44279,1558.4,0.0,0.12,0.041,0.010,0.984,3,15
44329,1585.0,0.0,0.08,0.041,0.011,0.989,3,15
44379,1568.6,0.0,0.02,0.045,0.010,1.014,3,15
44429,1585.7,0.0,0.02,0.045,0.010,1.014,3,15
44479,1580.6,0.0,0.06,0.051,0.007,0.984,3,15
44529,1559.2,0.0,0.06,0.051,0.007,0.984,3,15
44579,1576.3,0.0,0.06,0.042,0.011,0.979,3,15
44629,1574.4,0.0,0.07,0.046,0.011,0.984,3,15
44679,1554.2,0.0,0.05,0.042,0.012,0.978,3,15
44729,1579.0,0.0,0.05,0.042,0.012,0.978,3,15
44788,1585.1,0.0,0.09,0.047,0.009,0.972,3,15
44838,1558.0,0.0,0.14,0.043,0.013,0.962,3,15
44889,1561.8,0.0,0.14,0.043,0.013,0.962,3,15
44938,1593.8,0.0,0.04,0.053,0.014,0.983,3,15
44988,1566.9,0.0,0.07,0.045,0.012,0.969,3,15
45038,1575.0,0.0,0.07,0.045,0.012,0.969,3,15
45088,1578.0,0.0,0.03,0.047,0.007,0.991,3,15
45138,1561.2,0.0,0.11,0.050,0.011,0.986,3,15
45188,1588.7,0.0,0.11,0.050,0.011,0.986,3,15
45238,1603.1,0.0,0.08,0.043,0.008,1.012,3,15
45289,1587.6,0.0,0.06,0.044,0.011,0.979,3,15
45340,1601.0,0.0,0.06,0.044,0.011,0.979,3,15
45390,1602.7,0.0,0.05,0.045,0.014,0.982,3,15
45440,1578.2,0.0,0.09,0.048,0.010,0.985,3,15
45490,1603.8,0.0,0.09,0.048,0.010,0.985,3,15
45540,1595.3,0.0,0.06,0.048,0.008,0.981,3,15
45590,1570.8,0.0,0.04,0.046,0.009,0.969,3,15
45640,1582.5,0.0,0.04,0.046,0.009,0.969,3,15
45690,1587.7,0.0,0.04,0.044,0.009,0.968,3,15
45740,1571.3,0.0,0.02,0.052,0.008,0.983,3,15
45791,1598.0,0.0,0.01,0.055,0.011,0.977,3,15
45841,1617.1,0.0,0.02,0.044,0.009,1.011,3,15
45891,1581.1,0.0,0.04,0.043,0.005,1.000,3,15
45942,1597.0,0.0,0.04,0.043,0.005,1.000,3,15
45991,1604.5,0.0,0.04,0.046,0.011,0.998,3,15
46041,1588.6,0.0,0.02,0.046,0.015,0.986,3,15
46091,1609.2,0.0,0.02,0.046,0.015,0.986,3,15
46141,1605.8,0.0,0.04,0.051,0.007,0.979,3,15
46191,1584.9,0.0,0.04,0.044,0.015,0.982,3,15
46242,1607.8,0.0,0.04,0.044,0.015,0.982,3,15
46300,1609.0,0.0,0.08,0.045,0.009,0.972,3,15
46350,1589.4,0.0,0.04,0.047,0.008,0.972,3,15
46400,1584.8,0.0,0.02,0.048,0.008,0.985,3,15
46450,1596.0,0.0,0.07,0.051,0.010,0.990,3,15
46500,1573.2,0.0,0.04,0.045,0.011,1.003,3,15
46550,1600.0,0.0,0.04,0.045,0.011,1.003,3,15
46600,1593.8,0.0,0.02,0.044,0.011,1.002,3,15
46650,1570.7,0.0,0.05,0.048,0.007,0.986,3,15
46700,1593.0,0.0,0.08,0.042,0.010,0.984,3,15
46750,1595.1,0.0,0.08,0.043,0.008,0.984,3,15
46801,1576.0,0.0,0.07,0.052,0.010,0.977,3,15
46851,1599.0,0.0,0.07,0.052,0.010,0.977,3,15
46901,1591.9,0.0,0.06,0.041,0.017,0.979,3,15
46951,1569.0,0.0,0.05,0.043,0.017,0.981,3,15
47001,1588.1,0.0,0.07,0.045,0.009,0.974,3,15
47051,1583.2,0.0,0.05,0.043,0.009,0.968,3,15
47101,1562.3,0.0,0.04,0.051,0.007,0.988,3,15
47151,1586.5,0.0,0.04,0.051,0.007,0.988,3,15
47201,1586.2,0.0,0.09,0.045,0.011,1.011,3,15
47251,1565.8,0.0,0.08,0.050,0.007,0.986,3,15
47302,1587.9,0.0,0.04,0.042,0.009,0.987,3,15
47352,1598.4,0.0,0.08,0.045,0.010,0.991,3,15
47402,1582.3,0.0,0.18,0.040,0.011,0.989,3,15
47452,1598.0,0.0,0.18,0.040,0.011,0.989,3,15
47502,1603.5,0.0,0.15,0.051,0.008,0.973,3,15
47552,1586.3,0.0,0.15,0.046,0.014,0.982,3,15
47602,1601.0,0.0,0.08,0.050,0.006,0.978,3,15
47652,1585.3,0.0,0.03,0.052,0.011,0.980,3,15
47702,1559.7,0.0,0.08,0.045,0.009,0.970,3,15
47752,1584.5,0.0,0.08,0.045,0.009,0.970,3,15
47803,1579.7,0.0,0.11,0.052,0.015,0.987,3,15
47853,1557.1,0.0,0.02,0.042,0.010,1.007,3,15
47903,1585.7,0.0,0.05,0.041,0.012,1.007,3,15
47953,1569.4,0.0,0.02,0.044,0.003,1.000,3,15
48003,1557.0,0.0,0.08,0.041,0.008,0.987,3,15
48053,1596.6,0.0,0.08,0.041,0.008,0.987,3,15
48103,1584.4,0.0,0.07,0.052,0.005,0.975,3,16
48153,1576.3,0.0,0.02,0.044,0.017,0.985,3,15
48203,1604.5,0.0,0.03,0.045,0.007,0.975,3,15
48253,1589.8,0.0,0.05,0.052,0.013,0.976,3,15
48304,1589.7,0.0,0.07,0.046,0.011,0.976,3,15
48354,1597.9,0.0,0.15,0.062,0.020,1.022,3,15
48404,1574.8,0.0,0.15,0.062,0.020,1.022,3,15
48454,1568.3,16.4,0.13,0.099,0.020,1.080,3,15
48504,1586.3,16.4,0.15,0.110,0.026,1.097,3,15
48554,1565.8,16.4,0.15,0.110,0.026,1.097,3,15
48604,1557.5,16.4,0.24,0.125,0.090,1.105,3,15
48654,1588.9,50.3,0.24,0.125,0.090,1.105,3,15
48704,1573.2,50.3,0.24,0.125,0.090,1.105,3,15
48754,1581.3,50.3,0.11,0.120,0.159,1.030,3,16
48805,1583.1,61.0,0.32,0.119,0.126,0.979,3,16
48855,1561.0,61.0,0.34,0.136,0.069,0.976,3,16
48905,1553.2,61.0,0.42,0.112,0.049,0.938,3,16
48955,1583.0,61.0,0.72,0.061,-0.063,0.804,3,15
49005,1566.6,61.0,0.72,0.061,-0.063,0.804,3,15
49055,1583.1,61.0,0.43,0.038,-0.146,0.734,3,15
49105,1580.2,61.0,0.34,0.088,-0.215,0.981,3,15
49155,1558.8,61.0,0.34,0.088,-0.215,0.981,3,15
49205,1573.1,61.0,0.28,0.097,-0.068,1.159,3,15
49255,1587.4,61.0,0.31,0.033,0.174,1.025,3,15
49314,1566.4,61.0,0.13,0.049,0.179,0.983,3,15
49363,1554.4,61.0,0.03,0.064,0.100,0.973,3,16
49413,1585.2,16.8,0.14,0.077,0.054,0.999,3,15
49464,1569.2,16.8,0.14,0.091,0.004,0.981,3,15
49513,1585.1,16.8,0.08,0.079,0.009,0.983,3,15
49563,1589.2,16.8,0.16,0.085,0.006,0.998,3,15
49614,1571.6,16.8,0.16,0.085,0.006,0.998,3,15
49663,1593.5,16.8,0.20,0.107,0.022,0.996,3,15
49713,1583.9,16.8,0.23,0.101,0.034,0.996,3,15
49764,1559.5,16.8,0.23,0.101,0.034,0.996,3,15
49816,1592.0,22.5,0.32,0.109,0.046,0.974,3,15
49866,1608.9,22.5,0.19,0.113,0.024,0.977,3,15
49916,1593.3,22.5,0.04,0.112,0.023,0.980,3,15
49966,1617.2,22.5,0.07,0.107,0.021,0.976,3,15
50016,1617.0,22.5,0.06,0.106,0.024,0.983,3,14
50066,1596.6,22.5,0.06,0.106,0.024,0.983,3,14
50116,1610.0,22.5,0.03,0.101,0.028,0.982,3,14
50166,1613.5,22.5,0.02,0.090,0.030,0.987,3,15
50216,1596.1,22.5,0.06,0.089,0.023,0.990,3,15
50266,1604.2,22.5,0.05,0.082,0.027,0.996,3,15
50317,1612.6,22.5,0.09,0.079,0.022,0.986,3,15
50367,1597.4,22.5,0.09,0.079,0.022,0.986,3,15
50417,1594.3,22.5,0.17,0.077,0.019,0.982,3,15
50467,1615.1,22.5,0.11,0.078,0.021,0.982,3,15
50518,1595.7,22.5,0.14,0.081,0.024,0.967,3,15
50567,1599.4,22.5,0.06,0.084,0.026,0.975,3,15
50617,1613.9,22.5,0.10,0.089,0.024,0.981,3,15
50668,1592.0,22.5,0.10,0.089,0.024,0.981,3,15
50717,1590.7,22.5,0.08,0.081,0.028,0.993,3,15
50767,1602.0,22.5,0.11,0.080,0.026,0.992,3,15
50818,1579.1,0.0,0.08,0.078,0.024,0.993,3,15
50868,1575.7,0.0,0.06,0.078,0.023,0.983,3,15
50918,1597.2,0.0,0.03,0.082,0.022,0.987,3,15
50968,1578.1,0.0,0.03,0.082,0.022,0.987,3,15
51018,1598.2,0.0,0.06,0.076,0.023,0.984,3,15
51068,1589.5,0.0,0.09,0.079,0.027,0.972,3,15
51118,1566.3,0.0,0.05,0.078,0.027,0.969,3,15
51168,1579.9,0.0,0.10,0.086,0.027,0.980,3,15
51218,1589.7,0.0,0.04,0.080,0.027,0.974,3,15
51268,1574.2,0.0,0.04,0.080,0.027,0.974,3,15
51325,1586.4,0.0,0.04,0.080,0.022,0.990,3,15
51375,1608.4,0.0,0.02,0.075,0.028,0.995,3,15
51425,1589.6,0.0,0.07,0.078,0.026,1.004,3,15
51475,1585.2,0.0,0.06,0.076,0.029,1.005,3,15
51525,1609.1,0.0,0.02,0.079,0.021,0.986,3,15
51575,1591.3,0.0,0.03,0.081,0.023,0.990,3,15
51625,1605.7,0.0,0.03,0.081,0.023,0.990,3,15
51675,1623.1,0.0,0.11,0.078,0.021,0.979,3,15
51725,1603.0,0.0,0.03,0.082,0.024,0.978,3,15
51775,1594.7,0.0,0.01,0.077,0.024,0.980,3,15
51827,1621.1,0.0,0.05,0.079,0.027,0.978,3,15
51877,1604.0,0.0,0.08,0.082,0.024,0.981,3,15
51927,1593.0,0.0,0.08,0.082,0.024,0.981,3,15
51977,1618.3,0.0,0.04,0.076,0.027,0.991,3,15
52027,1600.8,0.0,0.10,0.077,0.026,0.992,3,15
52077,1597.6,0.0,0.08,0.077,0.025,0.992,3,15
52127,1620.6,0.0,0.02,0.079,0.023,0.984,3,15
52177,1602.3,0.0,0.04,0.080,0.023,0.985,3,15
52227,1601.2,0.0,0.04,0.080,0.023,0.985,3,15
52277,1627.2,0.0,0.08,0.078,0.020,0.982,3,15
52328,1609.1,0.0,0.08,0.078,0.020,0.982,3,15
52378,1607.0,0.0,0.11,0.081,0.024,0.979,3,15
52428,1632.3,0.0,0.01,0.080,0.024,0.980,3,15
52478,1639.4,0.0,0.02,0.080,0.024,0.984,3,15
52528,1621.9,0.0,0.02,0.080,0.024,0.984,3,15
52578,1656.2,0.0,0.02,0.077,0.026,0.986,3,15
52628,1657.3,0.0,0.07,0.077,0.024,0.987,3,15
52678,1636.1,0.0,0.03,0.078,0.025,0.982,3,15
52728,1650.2,0.0,0.02,0.077,0.022,0.984,3,15
52778,1643.2,0.0,0.07,0.082,0.023,0.982,3,15
52829,1621.7,0.0,0.07,0.082,0.023,0.982,3,15
52879,1629.9,0.0,0.04,0.081,0.024,0.987,3,15
52929,1626.9,0.0,0.04,0.078,0.024,0.981,3,15
52979,1608.4,0.0,0.04,0.077,0.024,0.984,3,15
53029,1613.3,0.0,0.07,0.076,0.024,0.980,3,16
53079,1628.4,0.0,0.03,0.076,0.025,0.982,3,16
53129,1610.4,0.0,0.03,0.076,0.025,0.982,3,16
53179,1587.0,0.0,0.04,0.078,0.025,0.982,3,16
53229,1611.3,0.0,0.07,0.077,0.028,0.984,3,16
53279,1593.3,0.0,0.05,0.076,0.026,0.978,3,16
53330,1595.1,0.0,0.06,0.073,0.028,0.977,3,16
53380,1601.4,0.0,0.04,0.080,0.024,0.978,3,16
53430,1625.9,0.0,0.04,0.080,0.024,0.978,3,16
53480,1608.5,0.0,0.05,0.075,0.024,0.996,3,16
53530,1634.4,0.0,0.09,0.075,0.021,0.990,3,16
53580,1617.6,0.0,0.02,0.074,0.024,0.990,3,16
53630,1616.9,0.0,0.07,0.075,0.023,0.985,3,16
53680,1634.7,0.0,0.04,0.079,0.024,0.981,3,16
53730,1614.9,0.0,0.04,0.079,0.024,0.981,3,16
53780,1618.6,0.0,0.03,0.079,0.024,0.982,3,16
53831,1625.4,0.0,0.03,0.079,0.024,0.982,3,16
53887,1626.1,0.0,0.01,0.079,0.025,0.979,3,16
53937,1609.4,0.0,0.04,0.076,0.023,0.983,3,16
53987,1628.7,0.0,0.04,0.077,0.023,0.984,3,16
54037,1635.9,0.0,0.04,0.077,0.023,0.984,3,16
54087,1618.9,0.0,0.09,0.075,0.024,0.984,3,16
54137,1641.3,0.0,0.04,0.080,0.023,0.980,3,16
54187,1650.4,0.0,0.04,0.080,0.023,0.980,3,16
54237,1633.7,0.0,0.01,0.080,0.025,0.982,3,16
54287,1631.5,0.0,0.02,0.078,0.024,0.982,3,16
54339,1622.7,0.0,0.02,0.078,0.024,0.982,3,16
54389,1598.3,0.0,0.02,0.076,0.024,0.978,3,16
54439,1583.2,0.0,0.07,0.078,0.024,0.981,3,15
54489,1613.6,0.0,0.07,0.078,0.024,0.981,3,15
54539,1597.6,0.0,0.04,0.076,0.026,0.991,3,15
54589,1562.8,0.0,0.04,0.075,0.025,0.984,3,15
54639,1597.7,0.0,0.04,0.075,0.025,0.984,3,15
54689,1589.5,0.0,0.01,0.078,0.020,0.987,3,15
54739,1591.7,0.0,0.05,0.077,0.028,0.982,3,15
54789,1592.9,0.0,0.05,0.077,0.028,0.982,3,15
54842,1576.7,0.0,0.02,0.084,0.023,0.978,3,15
54892,1583.0,0.0,0.01,0.072,0.022,0.962,3,15
54943,1604.3,0.0,0.01,0.072,0.022,0.962,3,15
54992,1585.6,0.0,0.03,0.082,0.028,0.984,3,15
55042,1602.9,0.0,0.04,0.075,0.024,1.003,3,15
55092,1617.3,0.0,0.04,0.075,0.024,1.003,3,15
55142,1595.4,0.0,0.06,0.074,0.026,1.000,3,15
55192,1594.3,0.0,0.05,0.077,0.021,0.970,3,15
55242,1615.2,0.0,0.05,0.077,0.021,0.970,3,15
55292,1596.4,0.0,0.03,0.080,0.023,0.976,3,15
55343,1594.5,0.0,0.03,0.078,0.022,0.980,3,15
55393,1616.1,0.0,0.03,0.078,0.022,0.980,3,15
55443,1597.4,0.0,0.02,0.079,0.022,0.983,3,15
55493,1607.3,0.0,0.03,0.071,0.029,0.976,3,15
55543,1636.9,0.0,0.03,0.071,0.029,0.976,3,15
55593,1621.7,0.0,0.06,0.077,0.026,0.984,3,15
55643,1592.2,0.0,0.01,0.074,0.022,0.988,3,15
55693,1626.1,0.0,0.01,0.074,0.022,0.988,3,15
55743,1611.6,0.0,0.08,0.075,0.023,0.982,3,15
55793,1609.3,0.0,0.04,0.074,0.022,0.983,3,15
55844,1629.5,0.0,0.04,0.074,0.022,0.983,3,15
55894,1610.6,0.0,0.01,0.074,0.023,0.980,3,15
55944,1608.4,0.0,0.06,0.079,0.024,0.978,3,15
55996,1621.4,0.0,0.02,0.076,0.020,0.982,3,15
56046,1618.2,0.0,0.04,0.077,0.022,0.975,3,15
56096,1598.8,0.0,0.10,0.077,0.022,0.975,3,15
56146,1621.7,0.0,0.10,0.077,0.022,0.975,3,15
56196,1617.9,0.0,0.03,0.079,0.024,0.987,3,15
56246,1596.6,0.0,0.05,0.076,0.026,0.991,3,15
56296,1604.1,0.0,0.06,0.075,0.026,0.992,3,15
56350,1591.9,0.0,0.01,0.078,0.026,0.986,3,15
56400,1569.2,0.0,0.02,0.081,0.018,0.984,3,15
56450,1603.0,0.0,0.02,0.081,0.018,0.984,3,15
56500,1607.7,0.0,0.02,0.073,0.027,0.979,3,15
56550,1588.1,0.0,0.02,0.076,0.023,0.974,3,15
56600,1618.5,0.0,0.05,0.076,0.025,0.975,3,15
56650,1611.8,0.0,0.09,0.076,0.021,0.965,3,15
56700,1588.1,0.0,0.07,0.083,0.024,0.984,3,15
56750,1620.7,0.0,0.07,0.083,0.024,0.984,3,15
56800,1610.3,0.0,0.09,0.082,0.029,0.983,3,15
56852,1583.7,0.0,0.06,0.073,0.027,0.997,3,15
56902,1600.8,0.0,0.01,0.075,0.021,0.986,3,15
56952,1613.2,0.0,0.01,0.075,0.021,0.986,3,15
57002,1598.4,0.0,0.08,0.074,0.018,0.985,3,15
57052,1622.5,0.0,0.08,0.074,0.018,0.985,3,15
57102,1634.9,0.0,0.08,0.081,0.024,0.980,3,15
57152,1619.3,0.0,0.05,0.077,0.023,0.986,3,15
57202,1644.1,0.0,0.13,0.079,0.023,0.985,3,15
57252,1634.3,0.0,0.09,0.076,0.021,0.976,3,15
57302,1609.2,0.0,0.10,0.080,0.024,0.980,3,15
57353,1619.5,0.0,0.10,0.080,0.024,0.980,3,15
57403,1634.2,0.0,0.04,0.079,0.023,0.988,3,15
57453,1612.8,0.0,0.08,0.074,0.025,0.982,3,15
57503,1603.6,0.0,0.11,0.072,0.024,0.986,3,15
57553,1615.1,0.0,0.11,0.072,0.024,0.986,3,15
57603,1636.1,0.0,0.06,0.068,0.018,0.974,3,15
57653,1966.7,0.0,0.06,0.068,0.018,0.974,3,15
57703,2308.9,22.5,0.06,0.061,0.027,0.957,3,15
57753,2512.5,422.8,0.10,0.086,0.024,0.982,3,15
57803,2654.7,211.8,0.04,0.141,0.009,0.980,3,15
57854,2830.7,252.5,0.06,0.242,0.030,0.994,3,15
57904,2905.9,215.4,0.26,0.485,0.088,1.046,3,15
57954,2932.3,411.1,0.26,0.485,0.088,1.046,3,15
58004,2962.4,457.3,1.05,0.517,0.070,0.961,3,15
58054,3035.4,524.9,1.75,0.522,0.020,0.894,3,15
58104,3051.6,491.6,1.84,0.622,0.027,0.923,3,14
58154,3019.6,775.8,1.84,0.622,0.027,0.923,3,14
58204,3041.5,895.6,2.91,0.727,0.103,0.784,3,13
58254,3133.5,811.8,2.91,0.727,0.103,0.784,3,13
58304,3145.0,906.4,3.83,0.626,0.067,0.699,3,15
58355,3129.2,889.1,4.93,0.740,0.077,0.913,3,14
58405,3209.6,874.6,5.22,0.579,0.116,1.043,3,14
58455,3220.6,963.6,5.22,0.640,0.174,1.102,3,15
58505,3223.0,1034.0,6.29,0.542,0.112,0.960,3,15
58555,3335.2,1073.2,7.06,0.402,0.055,0.842,3,15
58605,3314.6,1166.9,7.06,0.402,0.055,0.842,3,15
58655,3326.9,1241.2,7.74,0.342,0.051,1.026,3,15
58705,3334.1,1294.3,7.82,0.353,0.010,1.017,3,15
58755,3296.7,1318.6,7.73,0.326,0.113,0.824,3,15
58805,3308.9,1384.7,8.25,0.301,0.034,0.813,3,16
58856,3312.4,1431.2,8.42,0.293,0.048,0.944,3,16
58906,3276.7,1459.0,8.42,0.293,0.048,0.944,3,16
58956,3295.3,1477.3,8.15,0.268,0.177,0.703,3,16
59006,3258.0,1483.2,8.25,0.303,0.169,0.707,3,16
59056,3248.9,1538.5,8.96,0.307,0.237,0.860,3,16
59106,3345.8,1712.0,9.47,0.346,0.132,0.974,3,16
59156,3305.1,1690.9,10.21,0.241,0.236,0.933,3,15
59206,3311.8,1673.1,10.21,0.241,0.236,0.933,3,15
59256,3307.4,1684.1,10.65,0.226,0.237,1.238,3,15
59306,3242.5,1731.0,10.39,0.317,0.228,1.132,3,14
59361,3354.6,1851.9,10.27,0.358,0.227,1.252,3,14
59410,3237.8,1734.3,11.01,0.300,0.204,0.997,3,14
59460,3255.4,1649.9,11.34,0.256,0.152,0.940,3,14
59513,3196.4,1692.9,11.34,0.256,0.152,0.940,3,14
59562,3165.6,1673.9,11.49,0.223,0.196,1.026,3,15
59612,3255.4,1746.1,11.49,0.223,0.196,1.026,3,15
59665,3245.7,1814.6,11.49,0.223,0.196,1.026,3,15
59715,3257.9,1818.2,12.42,0.283,0.231,1.201,3,16
59765,3289.3,1956.2,12.22,0.262,-0.031,0.746,3,15
59815,3287.0,1904.8,12.12,0.288,0.082,0.743,3,14
59868,3321.5,1956.2,12.38,0.235,0.101,0.718,3,15
59918,3298.5,1940.6,12.84,0.255,0.117,0.943,3,14
59968,3221.1,1944.4,12.84,0.255,0.117,0.943,3,14
60018,3262.3,1951.6,13.28,0.332,0.085,0.943,3,15
60068,3264.1,1935.4,13.27,0.313,0.016,1.003,3,15
60118,3242.5,1962.7,13.60,0.282,-0.052,0.964,3,15
60168,3302.7,2159.4,13.94,0.291,-0.043,0.989,3,14
60218,3254.7,1994.4,13.66,0.251,0.121,0.656,3,14
60268,3198.1,1982.2,13.66,0.251,0.121,0.656,3,14
60318,3277.8,2106.1,14.49,0.220,0.062,0.621,3,14
60369,3274.9,2160.3,15.44,0.201,0.059,0.680,3,14
60419,3322.3,2072.5,15.48,0.245,0.100,0.830,3,14
60471,3282.6,2149.2,15.68,0.330,0.087,0.928,3,15
60521,3238.5,2174.9,15.68,0.330,0.087,0.928,3,15
60571,3299.4,2278.9,15.68,0.330,0.087,0.928,3,15
60621,3252.6,2167.8,15.83,0.343,0.033,0.997,3,13
60671,3250.8,2246.2,16.42,0.279,-0.041,0.982,3,14
60722,3296.2,2316.4,16.68,0.286,-0.080,1.018,3,14
60771,3266.2,2252.3,16.92,0.258,-0.148,0.929,3,14
60821,3297.4,2306.3,16.64,0.209,-0.178,1.025,3,14
60874,3299.4,2295.7,17.61,-0.179,-0.049,1.300,3,13
60924,3308.9,2518.9,17.61,-0.179,-0.049,1.300,3,13
60974,3267.8,2390.6,17.29,-0.033,-0.119,1.398,3,14
61024,2953.8,2120.4,16.59,0.043,-0.170,1.448,3,13
61074,2787.7,1985.7,15.50,0.199,0.172,0.947,3,14
61124,2573.6,1596.7,15.23,-0.195,0.311,-0.053,3,13
61174,2427.6,1955.4,15.23,-0.195,0.311,-0.053,3,13
61224,2441.7,1767.7,15.94,-0.461,-0.305,0.093,3,16
61274,2347.7,1801.2,16.24,-0.426,-0.309,0.141,3,15
61324,2326.8,1760.3,16.01,-0.068,0.235,0.652,3,13
61376,2317.5,1677.9,15.74,-0.088,0.148,0.323,3,14
61426,2239.5,1566.4,15.68,-0.144,-0.141,0.523,3,14
61476,2220.7,1570.6,15.37,0.059,-0.719,1.053,3,14
61526,2217.7,2077.7,15.37,0.059,-0.719,1.053,3,14
61576,2223.7,1910.2,15.33,-0.396,-0.259,0.527,3,14
61626,2219.8,1753.8,15.45,-0.769,-0.232,0.633,3,14
61676,2216.9,1565.7,15.59,-1.179,-0.738,1.146,3,14
61726,2202.4,1552.8,14.26,-0.986,-0.801,2.098,3,14
61776,2166.2,1491.0,13.99,-0.940,-0.460,2.066,3,14
61826,2148.9,1451.4,13.99,-0.940,-0.460,2.066,3,14
61877,2116.7,1412.0,13.00,-0.709,0.114,0.913,3,15
61927,2051.6,1321.2,12.05,-0.932,-0.067,0.031,3,14
61978,2003.9,1197.6,12.10,-0.754,0.096,0.609,3,13
62027,1963.4,1060.9,11.30,-0.861,0.614,0.385,3,14
62077,1897.1,972.8,10.55,-0.712,1.065,1.012,3,15
62128,1850.3,872.4,10.55,-0.712,1.065,1.012,3,15
62177,1803.7,787.8,9.55,-0.649,0.916,1.312,3,15
62227,1808.8,798.8,9.55,-0.649,0.916,1.312,3,15
62278,1805.2,717.2,8.65,-0.518,0.467,1.114,3,15
62327,1780.6,750.7,7.54,-0.153,-0.175,0.750,3,14
62378,1749.5,740.6,7.25,-0.230,0.184,0.999,3,14
62428,1745.5,690.4,7.25,-0.230,0.184,0.999,3,14
62478,1731.5,687.8,6.75,-0.352,0.443,1.250,3,14
62528,1707.5,619.5,6.66,-0.424,0.390,1.239,3,13
62578,1656.8,481.3,6.29,-0.584,0.333,1.043,3,13
62628,1671.0,290.4,5.65,-0.575,0.402,1.011,3,14
62678,1649.3,304.3,4.76,-0.364,0.392,0.946,3,14
62728,1640.6,297.8,4.76,-0.364,0.392,0.946,3,14
62778,1655.8,466.4,4.41,-0.316,0.210,0.716,3,14
62828,1638.4,447.5,4.25,-0.293,0.221,0.774,3,14
62879,1632.9,395.9,3.81,-0.236,0.219,0.838,3,14
62929,1635.9,365.5,3.49,-0.203,0.152,0.914,3,14
62979,1618.9,357.8,3.45,-0.203,0.116,0.942,3,15
63029,1594.8,368.6,3.45,-0.203,0.116,0.942,3,15
63079,1620.9,332.8,2.96,-0.166,0.255,0.983,3,14
63129,1609.5,320.9,2.71,-0.164,0.281,0.879,3,14
63179,1583.5,324.8,2.93,-0.154,0.265,0.890,3,15
63229,1583.7,338.8,2.68,-0.137,0.210,0.975,3,14
63279,1574.3,294.4,2.69,-0.246,0.255,1.057,3,14
63329,1555.0,203.7,2.69,-0.246,0.255,1.057,3,14
63380,1556.1,212.9,2.47,-0.297,0.162,0.986,3,14
63430,1525.4,191.3,2.20,-0.246,0.043,1.012,3,14
63480,1538.4,145.0,1.81,-0.143,-0.013,1.058,3,14
63530,1564.2,192.3,1.43,-0.084,0.033,1.061,3,14
63580,1547.5,192.3,1.40,-0.037,0.208,0.943,3,15
63630,1540.4,149.7,1.40,-0.037,0.208,0.943,3,15
63680,1564.5,135.0,1.36,-0.093,0.274,0.806,3,15
63730,1545.9,135.0,1.19,-0.094,0.280,0.850,3,15
63780,1553.1,108.7,1.06,-0.123,0.255,0.930,3,15
63830,1545.0,108.7,1.21,-0.144,0.258,0.996,3,15
63881,1405.1,83.9,0.79,-0.121,0.224,0.968,3,15
63931,1543.6,83.9,0.79,-0.121,0.224,0.968,3,15
63981,1684.5,83.9,0.79,-0.121,0.224,0.968,3,15
64031,1402.5,83.9,0.79,-0.121,0.224,0.968,3,15
64081,1538.8,83.9,0.99,-0.131,0.246,0.956,3,15
64131,1510.8,83.9,0.56,-0.110,0.284,0.931,3,15
64181,1406.8,83.9,0.49,-0.087,0.245,0.972,3,15
64231,1692.4,83.9,0.49,-0.087,0.245,0.972,3,15
64281,1409.5,83.9,0.23,-0.064,0.225,0.956,3,15
64331,1548.7,83.9,0.15,-0.041,0.223,0.957,3,15
64390,1572.5,83.9,0.06,-0.015,0.225,0.979,3,15
64440,1555.6,83.9,0.06,0.016,0.233,0.956,3,15
64490,1547.8,16.6,0.09,0.009,0.219,0.977,3,15
64540,1576.1,16.6,0.09,0.009,0.219,0.977,3,15
64590,1560.3,16.6,0.12,0.007,0.223,0.954,3,15
64640,1568.3,16.6,0.12,0.001,0.223,0.967,3,15
64693,1595.1,16.6,0.12,0.001,0.223,0.967,3,15
64742,1578.0,16.6,0.07,-0.010,0.220,0.963,3,15
64792,1623.8,16.6,0.05,0.000,0.226,0.952,3,15
64842,1747.7,16.6,0.05,0.000,0.226,0.952,3,15
64895,1887.5,16.6,0.01,0.002,0.231,0.957,3,15
64945,1917.9,22.4,0.03,-0.011,0.225,0.961,3,15
64995,2189.9,22.4,0.03,-0.007,0.214,0.961,3,15
65049,2171.2,22.4,0.08,0.004,0.220,0.973,3,15
65099,2331.8,61.3,0.13,0.001,0.232,0.932,3,15
65149,2199.3,390.8,0.13,0.001,0.232,0.932,3,15
65199,2179.0,202.0,0.13,0.001,0.232,0.932,3,15
65249,2278.1,230.3,0.04,0.133,0.267,1.015,3,15
65299,2209.7,230.3,0.04,0.176,0.234,1.036,3,15
65349,2252.7,89.2,0.04,0.176,0.234,1.036,3,15
65400,2296.7,174.8,0.34,0.214,0.188,1.009,3,14
65450,2299.7,174.8,0.34,0.214,0.188,1.009,3,14
65500,2313.5,257.2,0.41,0.148,0.138,1.028,3,14
65550,2293.7,257.2,0.71,0.127,0.156,0.953,3,14
65600,2290.0,311.1,0.80,0.171,0.154,0.929,3,14
65650,2290.9,272.2,1.00,0.203,0.157,0.910,3,14
65700,2303.2,191.9,1.42,0.148,0.163,0.933,3,14
65751,2299.1,448.9,1.42,0.148,0.163,0.933,3,14
65801,2304.4,184.4,1.58,0.073,0.151,0.942,3,13
65851,2318.0,494.0,2.03,0.175,0.134,1.003,3,13
65902,2295.0,476.5,2.31,0.185,0.141,1.002,3,13
65953,2300.8,336.5,2.45,0.202,0.106,0.960,3,13
66002,2271.8,468.0,2.50,0.211,0.121,0.889,3,13
66052,2272.9,435.6,2.50,0.211,0.121,0.889,3,13
66102,2264.1,511.8,2.34,0.235,0.148,0.862,3,13
66152,2269.9,555.2,3.09,0.141,0.094,0.797,3,14
66202,2295.6,571.4,3.36,0.141,0.084,0.783,3,14
66252,2286.8,569.7,3.49,0.063,0.117,0.640,3,13
66302,2290.1,560.2,4.25,0.092,0.195,1.019,3,14
66352,2286.1,578.9,4.25,0.092,0.195,1.019,3,14
66403,2312.2,587.5,4.11,0.071,0.054,1.352,3,14
66453,2308.0,644.8,3.86,0.064,-0.087,1.301,3,13
66503,2313.0,645.7,3.86,0.087,-0.083,1.225,3,13
66553,2322.2,678.0,4.31,0.071,-0.106,1.229,3,13
66603,2328.4,693.3,4.62,0.021,-0.102,0.933,3,14
66653,2333.8,693.0,4.62,0.021,-0.102,0.933,3,14
66703,2343.2,688.8,3.98,0.001,-0.104,0.812,3,14
66753,2360.5,682.8,4.54,-0.050,-0.029,0.926,3,14
66803,2328.4,661.7,4.77,-0.040,0.011,0.995,3,14
66853,2300.6,673.1,4.45,-0.036,-0.035,1.004,3,14
66904,2319.3,693.5,4.69,0.040,-0.087,0.921,3,13
66954,2340.6,704.9,4.69,0.040,-0.087,0.921,3,13
67004,2327.2,690.2,4.90,0.034,0.036,1.062,3,13
67054,2352.2,695.5,4.88,-0.128,0.010,1.228,3,13
67104,2348.1,686.1,4.85,-0.159,-0.079,1.216,3,13
67154,2356.3,689.1,4.85,-0.159,-0.079,1.216,3,13
67204,2358.7,693.2,4.94,-0.112,-0.052,1.168,3,13
67254,2339.1,688.9,4.94,-0.112,-0.052,1.168,3,13
67304,2312.9,679.0,4.25,0.037,-0.159,0.934,3,13
67354,2284.3,629.9,4.53,0.071,-0.164,0.842,3,13
67405,2300.3,654.8,4.53,0.057,-0.054,0.751,3,13
67455,2289.6,666.2,4.53,0.057,-0.054,0.751,3,13
67505,2307.1,630.7,4.25,-0.013,0.112,1.013,3,14
67555,2310.9,664.6,4.25,-0.013,0.112,1.013,3,14
67605,2319.6,675.4,4.45,0.109,-0.008,1.142,3,15
67655,2336.4,665.3,4.37,0.129,-0.105,1.004,3,14
67705,2303.8,688.0,4.37,0.129,-0.105,1.004,3,14
67755,2318.3,655.9,4.37,0.129,-0.105,1.004,3,14
67805,2303.0,686.3,5.13,0.056,0.069,0.849,3,13
67855,2315.1,679.1,5.13,0.056,0.069,0.849,3,13
67906,2322.5,664.0,5.19,0.021,0.051,0.985,3,13
67956,2325.9,667.4,5.19,0.021,0.051,0.985,3,13
68006,2302.4,649.0,5.55,0.014,-0.017,0.963,3,13
68056,2310.9,670.8,5.71,-0.023,-0.141,0.996,3,13
68106,2338.3,718.2,5.53,0.011,-0.108,0.840,3,13
68156,2359.8,735.2,5.25,0.050,-0.018,0.925,3,13
68206,2332.6,740.5,5.25,0.050,-0.018,0.925,3,13
68256,2338.4,731.9,5.50,0.000,-0.143,1.084,3,13
68306,2323.2,739.5,5.34,-0.069,-0.068,1.010,3,13
68356,2341.9,769.1,5.34,-0.069,-0.068,1.010,3,13
68417,2395.2,790.0,5.77,-0.135,0.057,1.051,3,14
68467,2373.2,771.1,5.77,-0.135,0.057,1.051,3,14
68518,2323.5,763.8,5.60,-0.091,0.066,0.995,3,14
68567,2303.2,763.0,5.44,-0.040,0.152,1.037,3,14
68617,2341.9,815.5,5.14,-0.083,0.212,1.039,3,15
68668,2378.7,829.9,5.14,-0.083,0.212,1.039,3,15
68717,2349.8,824.3,5.22,-0.037,0.014,0.921,3,15
68767,2341.0,826.5,5.49,-0.011,0.148,0.867,3,15
68818,2283.0,809.8,5.21,-0.004,0.138,0.829,3,15
68867,2288.8,784.1,5.54,0.004,0.137,0.836,3,15
68918,2294.9,805.1,5.52,-0.064,-0.080,1.007,3,15
68968,2320.0,807.0,5.52,-0.064,-0.080,1.007,3,15
69018,2337.5,767.3,5.74,-0.079,0.006,1.243,3,14
69068,2332.7,748.8,5.62,-0.051,0.011,1.263,3,14
69119,2341.2,758.3,5.69,0.079,0.052,1.276,3,14
69169,2349.6,759.9,5.74,0.120,-0.001,1.147,3,14
69219,2361.0,772.4,6.03,0.101,0.015,0.954,3,15
69269,2346.5,762.4,6.03,0.101,0.015,0.954,3,15
69319,2345.9,764.8,5.47,0.051,0.022,0.745,3,15
69369,2344.6,771.4,6.10,0.105,-0.006,0.848,3,13
69422,2329.6,803.5,5.62,0.089,-0.007,1.050,3,14
69474,2325.1,771.5,5.88,0.081,0.030,1.025,3,14
69524,2335.2,783.1,6.35,-0.027,0.050,1.126,3,14
69574,2336.7,766.9,6.35,-0.027,0.050,1.126,3,14
69624,2334.4,754.8,6.43,-0.002,0.060,1.155,3,14
69674,2339.7,775.4,6.05,0.026,0.113,0.979,3,14
69724,2363.9,777.0,6.17,0.055,0.156,0.999,3,15
69774,2374.2,822.9,6.38,0.104,0.069,0.989,3,15
69824,2356.5,810.3,6.38,0.104,0.069,0.989,3,15
69876,2286.4,776.5,6.38,0.104,0.069,0.989,3,15
69928,2204.1,768.1,6.17,0.120,0.065,0.949,3,15
69978,2161.7,760.6,6.37,0.066,0.053,0.752,3,15
70028,2174.5,754.8,6.64,0.055,0.011,0.747,3,15
70078,2222.2,773.4,6.87,0.017,-0.025,0.773,3,15
70128,2247.9,789.0,6.62,-0.002,0.043,1.026,3,15
70178,2240.1,764.7,6.48,0.000,0.113,1.109,3,15
70228,2209.9,748.3,6.48,0.000,0.113,1.109,3,15
70278,2222.9,753.1,6.22,0.000,0.182,0.990,3,15
70328,2247.7,762.0,6.58,-0.014,0.154,0.936,3,15
70378,2258.7,782.0,6.21,0.009,0.124,0.905,3,15
70429,2282.7,842.0,5.60,0.037,0.081,0.949,3,15
70479,2293.6,851.5,5.67,0.050,0.073,0.940,3,15
70529,2277.8,848.3,5.67,0.050,0.073,0.940,3,15
70579,2266.5,889.8,5.92,-0.036,0.061,0.890,3,15
70629,2236.5,851.2,5.86,-0.020,0.063,0.913,3,15
70679,2242.8,840.2,6.13,-0.035,0.096,0.901,3,15
70729,2223.2,863.4,6.13,-0.035,0.096,0.901,3,15
70779,2238.4,865.9,6.44,-0.033,0.122,1.035,3,15
70829,2256.6,891.7,6.44,-0.033,0.122,1.035,3,15
70879,2255.0,862.9,6.59,-0.050,0.031,1.046,3,14
70930,2218.9,875.5,6.93,-0.096,0.064,0.988,3,15
70980,2238.9,861.8,6.91,-0.094,0.122,1.021,3,15
71030,2251.2,877.2,6.91,-0.094,0.122,1.021,3,15
71080,2256.9,871.5,6.85,-0.054,0.123,1.020,3,15
71130,2246.5,900.7,6.85,-0.054,0.123,1.020,3,15
71180,2262.4,872.7,6.75,-0.015,0.108,1.094,3,15
71230,2251.3,904.2,7.09,0.005,0.128,1.054,3,15
71280,2228.6,858.2,7.09,0.005,0.128,1.054,3,15
71330,2225.4,892.7,7.16,-0.071,0.000,0.868,3,15
71380,2239.4,889.0,6.71,-0.061,0.037,0.824,3,15
71431,2274.4,922.4,6.71,-0.061,0.037,0.824,3,15
71481,2282.3,917.3,6.89,0.012,0.031,0.872,3,16
71531,2260.0,912.8,7.12,-0.042,-0.106,1.013,3,15
71581,2229.9,868.1,7.05,-0.089,-0.116,1.109,3,15
71631,2229.3,842.2,7.48,-0.277,-0.011,1.427,3,15
71681,2203.0,868.2,6.48,-0.283,0.114,1.670,3,15
71731,2264.5,881.1,6.48,-0.283,0.114,1.670,3,15
71781,2266.6,889.6,6.42,-0.162,0.037,1.256,3,15
71831,2199.8,833.1,6.17,-0.134,0.100,0.701,3,15
71881,2201.9,837.0,6.27,-0.106,0.101,0.333,3,15
71932,2186.8,812.2,5.79,-0.004,0.181,0.595,3,15
71982,2194.4,808.3,5.88,0.066,0.166,0.872,3,15
72032,2205.1,804.5,5.88,0.066,0.166,0.872,3,15
72082,2212.6,765.3,6.12,-0.065,0.030,0.903,3,16
72132,2201.7,683.7,6.28,-0.184,0.015,0.890,3,16
72182,2203.9,615.1,6.28,-0.184,0.015,0.890,3,16
72232,2217.0,627.4,6.68,-0.177,0.134,1.073,3,16
72282,2210.4,662.6,6.17,-0.010,0.116,1.224,3,15
72332,2261.4,693.9,6.17,-0.010,0.116,1.224,3,15
72382,2242.1,670.4,4.83,-0.017,0.145,1.115,3,15
72433,2209.4,654.4,4.83,-0.024,0.196,0.850,3,15
72489,2198.4,652.9,5.07,-0.054,0.211,0.816,3,15
72538,2204.3,661.5,4.86,-0.056,0.226,0.905,3,15
72588,2218.0,663.3,4.94,-0.071,0.201,0.935,3,16
72639,2234.9,698.8,4.94,-0.071,0.201,0.935,3,16
72688,2263.2,694.9,5.34,-0.052,0.205,0.985,3,16
72738,2259.6,706.2,5.33,-0.046,0.178,0.916,3,15
72789,2261.6,702.0,5.33,-0.046,0.178,0.916,3,15
72838,2255.6,674.1,4.70,-0.052,0.059,0.736,3,16
72888,2229.2,689.3,4.90,0.021,0.148,1.026,3,16
72942,2254.8,690.9,4.90,0.021,0.148,1.026,3,16
72991,2266.4,700.9,4.66,-0.011,0.213,1.252,3,15
73041,2261.5,690.2,5.11,-0.104,0.206,1.119,3,15
73092,2255.5,684.2,5.11,-0.104,0.206,1.119,3,15
73143,2263.3,702.8,5.00,-0.127,0.249,1.020,3,16
73193,2251.1,729.3,4.79,0.042,0.214,0.888,3,16
73243,2265.5,708.5,4.79,0.042,0.214,0.888,3,16
73293,2221.3,677.3,4.79,0.042,0.214,0.888,3,16
73343,2201.8,659.5,4.57,0.054,0.059,0.849,3,15
73393,2199.2,667.8,4.57,0.054,0.059,0.849,3,15
73446,2223.0,678.2,4.74,0.026,0.083,0.892,3,15
73496,2245.3,686.1,5.01,0.051,0.125,0.819,3,14
73547,2262.4,686.7,5.01,0.051,0.125,0.819,3,14
73596,2265.7,677.6,5.48,0.089,0.053,0.857,3,14
73646,2231.0,656.4,5.42,0.026,-0.005,0.953,3,15
73699,2220.8,691.1,5.20,0.018,0.050,1.126,3,15
73748,2238.8,678.7,5.30,-0.004,0.168,1.152,3,14
73798,2262.9,693.6,4.92,-0.025,0.221,1.023,3,14
73848,2274.5,699.7,4.92,-0.025,0.221,1.023,3,14
73898,2244.3,701.9,5.39,0.044,0.237,0.945,3,14
73949,2238.6,702.1,5.19,-0.021,0.314,0.802,3,15
73999,2224.9,711.2,5.37,-0.075,0.295,0.966,3,14
74049,2239.1,719.7,5.37,-0.075,0.295,0.966,3,14
74099,2249.6,667.6,5.09,-0.104,0.267,1.129,3,15
74150,2187.5,654.2,5.09,-0.104,0.267,1.129,3,15
74199,2209.6,634.2,4.94,-0.066,0.300,0.934,3,15
74249,2233.6,640.9,5.07,-0.029,0.281,0.797,3,15
74301,2236.9,640.3,4.94,0.005,0.236,0.760,3,14
74350,2230.1,666.2,4.57,0.032,0.207,0.702,3,14
74400,2252.2,666.4,4.88,0.059,0.234,0.747,3,14
74453,2268.7,685.1,4.88,0.059,0.234,0.747,3,14
74502,2272.1,672.9,4.60,0.126,0.259,0.777,3,14
74552,2261.7,674.0,5.24,0.081,0.115,0.796,3,14
74602,2262.4,673.0,6.04,0.046,0.106,0.996,3,14
74652,2259.3,669.0,6.36,-0.033,0.091,0.990,3,15
74702,2267.5,656.6,5.99,-0.139,0.122,1.042,3,14
74752,2277.7,679.1,5.99,-0.139,0.122,1.042,3,14
74802,2299.9,691.9,5.40,-0.095,0.093,0.850,3,15
74852,2286.0,695.9,4.84,-0.144,0.288,1.011,3,14
74902,2284.7,666.0,4.86,-0.269,0.355,1.189,3,14
74954,2288.9,681.7,4.95,-0.490,0.259,1.360,3,14
75004,2274.5,647.1,5.14,-0.481,0.086,1.520,3,14
75054,2256.4,637.6,5.14,-0.481,0.086,1.520,3,14
75104,2236.3,606.2,4.57,-0.237,-0.015,1.219,3,13
75154,2189.5,574.1,3.71,-0.139,0.347,0.756,3,14
75204,2068.9,401.8,3.96,-0.138,0.493,0.599,3,14
75254,2028.2,506.4,4.13,-0.103,0.478,0.706,3,14
75304,1979.3,430.8,5.25,-0.182,0.083,0.773,3,14
75354,1949.1,402.1,5.25,-0.182,0.083,0.773,3,14
75404,1915.5,417.9,5.37,-0.200,0.109,0.930,3,14
75455,1929.2,355.3,3.86,-0.184,0.250,0.997,3,15
75505,1931.1,422.4,3.26,-0.205,0.315,0.906,3,15
75555,1942.3,440.2,2.88,-0.196,0.370,0.969,3,15
75605,2020.7,354.9,2.70,-0.151,0.328,0.941,3,15
75655,2040.5,265.9,2.70,-0.151,0.328,0.941,3,15
75705,2160.7,423.1,2.94,-0.067,0.188,1.058,3,14
75755,2202.2,291.0,2.23,-0.177,0.173,1.109,3,15
75805,2269.5,195.9,1.77,-0.299,0.120,1.036,3,15
75855,2236.1,195.9,1.30,-0.346,0.134,1.064,3,15
75905,2233.4,123.1,0.90,-0.240,0.158,1.116,3,15
75956,2237.0,123.1,0.90,-0.240,0.158,1.116,3,15
76006,2240.9,123.1,0.58,-0.042,0.163,1.050,3,15
76056,2264.0,123.1,0.52,0.024,0.053,0.876,3,16
76106,2271.0,123.1,0.28,0.019,0.041,0.840,3,16
76156,2274.2,123.1,0.28,0.019,0.041,0.840,3,16
76206,2266.1,123.1,0.11,0.038,0.079,0.915,3,16
76256,2271.8,123.1,0.11,0.038,0.079,0.915,3,16
76306,2275.1,123.1,0.17,0.094,0.127,0.965,3,16
76356,2272.6,123.1,0.11,0.141,0.154,0.964,3,16
76406,2282.8,123.1,0.15,0.131,0.184,0.962,3,16
76457,2249.4,123.1,0.15,0.145,0.189,0.963,3,16
76507,2256.1,123.1,0.07,0.124,0.173,0.965,3,16
76557,2258.0,123.1,0.07,0.124,0.173,0.965,3,16
76607,2255.6,123.1,0.03,0.159,0.162,0.956,3,16
76657,2253.7,123.1,0.05,0.154,0.164,0.972,3,16
76707,2247.9,123.1,0.07,0.122,0.164,0.964,3,16
76757,2253.9,123.1,0.07,0.114,0.158,0.970,3,16
76807,2238.8,123.1,0.06,0.091,0.149,0.950,3,16
76857,2255.7,123.1,0.06,0.091,0.149,0.950,3,16
76907,2275.7,0.0,0.07,0.124,0.163,0.967,3,16
76968,2245.8,0.0,0.04,0.145,0.166,0.965,3,16
77018,2231.4,0.0,0.02,0.130,0.158,0.955,3,16
77068,2245.0,0.0,0.02,0.130,0.158,0.955,3,16
77118,2278.7,0.0,0.06,0.131,0.152,0.953,3,16
77168,2266.4,0.0,0.13,0.122,0.151,0.972,3,16
77218,2269.2,0.0,0.13,0.122,0.151,0.972,3,16
77268,2267.3,0.0,0.07,0.138,0.155,0.965,3,16
77318,2276.4,0.0,0.06,0.127,0.165,0.977,3,16
77369,2273.2,0.0,0.06,0.127,0.165,0.977,3,16
77419,2270.5,0.0,0.12,0.126,0.154,0.980,3,16
77470,2180.2,0.0,0.04,0.157,0.168,0.965,3,15
77520,2101.9,0.0,0.03,0.128,0.156,0.953,3,15
77570,1984.8,6.0,0.07,0.115,0.161,0.962,3,15
77620,1922.8,6.0,0.11,0.113,0.157,0.965,3,15
77670,1905.8,6.0,0.11,0.113,0.157,0.965,3,15
77720,1863.9,6.0,0.12,0.058,0.128,0.957,3,15
77770,1833.5,51.1,0.17,0.057,0.121,0.975,3,14
77820,1819.9,51.1,0.17,0.067,0.126,0.954,3,14
77870,1824.6,89.2,0.28,0.056,0.131,0.944,3,14
77920,1789.0,89.2,0.44,0.059,0.138,0.969,3,14
77972,1755.4,88.1,0.44,0.059,0.138,0.969,3,14
78021,1747.5,88.1,0.52,0.075,0.141,0.994,3,14
78071,1760.6,92.2,0.72,0.074,0.167,0.957,3,14
78123,1749.1,92.2,0.67,0.108,0.186,0.987,3,14
78174,1726.2,92.2,0.62,0.138,0.204,0.999,3,14
78224,1725.5,92.2,0.34,0.235,0.207,1.024,3,14
78275,1737.2,92.2,0.34,0.235,0.207,1.024,3,14
78324,1715.5,92.2,0.26,0.283,0.198,0.952,3,15
78374,1715.0,92.2,0.18,0.268,0.197,0.934,3,15
78425,1724.6,92.2,0.20,0.259,0.195,0.930,3,15
78477,1711.0,92.2,0.12,0.220,0.193,0.929,3,15
78527,1688.1,92.2,0.08,0.144,0.170,0.957,3,15
78577,1967.0,92.2,0.08,0.144,0.170,0.957,3,15
78627,2238.9,92.2,0.16,0.076,0.154,0.955,3,15
78677,2503.3,647.3,0.21,0.070,0.163,0.988,3,15
78727,2652.8,647.3,0.08,0.014,0.156,0.917,3,15
78777,2843.5,143.0,0.05,0.186,0.151,0.967,3,15
78827,2906.3,211.2,0.05,0.374,0.229,0.979,3,15
78877,2956.1,373.0,0.05,0.374,0.229,0.979,3,15
78927,2970.0,289.0,0.28,0.355,0.226,0.836,3,15
78979,3006.0,558.3,0.63,0.298,0.183,0.857,3,15
79029,3064.2,846.5,0.80,0.319,0.228,0.903,3,15
79079,3027.7,920.3,0.90,0.285,0.248,0.945,3,15
79129,3098.1,883.1,1.15,0.235,0.277,0.925,3,14
79179,3172.6,950.6,1.15,0.235,0.277,0.925,3,14
79229,3204.6,970.5,0.92,0.238,0.079,0.893,3,14
79279,3187.3,894.9,0.60,0.391,0.002,0.796,3,16
79329,3265.8,990.1,1.11,0.359,0.000,0.858,3,16
79379,3292.4,1047.6,1.85,0.361,-0.026,0.792,3,16
79429,3282.1,989.1,2.18,0.449,0.124,0.843,3,16
79480,3276.9,1059.3,2.60,0.462,0.146,0.890,3,16
79530,3101.9,1018.6,2.60,0.462,0.146,0.890,3,16
79580,2912.3,733.5,2.77,0.472,0.120,0.866,3,16
79630,2696.4,731.2,2.80,0.506,0.215,0.746,3,15
79680,2528.8,539.8,3.61,0.479,0.382,0.943,3,15
79730,2369.9,657.9,3.64,0.363,0.435,1.137,3,13
79780,2288.3,709.3,3.94,0.296,0.330,1.082,3,13
79830,2346.7,687.9,3.94,0.296,0.330,1.082,3,13
79880,2417.7,735.3,3.95,0.288,0.227,1.062,3,15
79930,2421.2,637.6,4.22,0.104,0.059,0.951,3,15
79981,2400.6,458.6,4.06,-0.046,-0.073,0.847,3,15
80031,2375.7,579.0,4.41,-0.019,-0.078,0.895,3,15
80081,2239.2,573.3,3.75,0.284,0.027,1.096,3,15
80131,2121.0,564.3,3.75,0.284,0.027,1.096,3,15
80181,2040.7,537.7,4.48,0.173,-0.026,0.798,3,15
80231,2027.0,454.9,4.68,0.121,-0.103,0.599,3,15
80281,2013.6,499.6,4.72,0.052,-0.226,0.754,3,15
80331,2015.6,515.9,4.84,-0.023,-0.277,0.666,3,15
80381,2001.7,500.9,4.84,-0.023,-0.277,0.666,3,15
80431,2012.3,440.4,4.84,-0.023,-0.277,0.666,3,15
80482,2014.6,487.0,4.90,-0.007,-0.154,1.096,3,15
80532,2040.3,325.0,4.68,-0.067,-0.092,1.010,3,15
80582,2037.1,393.0,4.86,-0.147,0.019,1.167,3,15
80632,2045.5,359.2,4.28,-0.276,0.073,1.091,3,14
80682,2076.8,346.8,3.02,-0.154,-0.095,1.034,3,15
80732,2083.7,339.6,3.02,-0.154,-0.095,1.034,3,15
80782,2102.5,318.5,2.93,-0.105,-0.056,1.015,3,15
80832,2120.8,392.6,3.72,-0.105,0.091,0.979,3,16
80882,2106.9,284.7,3.72,-0.105,0.091,0.979,3,16
80932,2236.5,276.5,2.84,-0.086,0.134,1.014,3,15
80983,2346.2,359.4,2.49,-0.136,0.162,0.978,3,15
81033,2475.5,554.0,2.49,-0.136,0.162,0.978,3,15
81083,2515.6,651.7,2.39,-0.070,0.106,0.959,3,16
81133,2555.5,626.0,2.48,0.048,0.079,1.050,3,14
81183,2531.3,482.5,2.19,0.109,0.053,1.030,3,14
81233,2518.8,517.5,2.20,0.148,0.008,0.992,3,13
81283,2526.8,465.2,3.07,0.180,-0.103,0.939,3,14
81333,2553.0,589.5,3.07,0.180,-0.103,0.939,3,14
81383,2570.1,651.9,3.04,0.131,-0.094,0.877,3,15
81433,2596.8,483.3,3.04,0.131,-0.094,0.877,3,15
81491,2582.4,622.1,3.04,0.131,-0.094,0.877,3,15
81540,2585.4,638.4,2.91,0.145,-0.068,0.844,3,14
81590,2600.9,718.9,3.32,0.161,-0.035,0.785,3,15
81642,2499.0,585.4,3.32,0.161,-0.035,0.785,3,15
81692,2350.9,628.8,3.93,0.173,-0.032,1.064,3,15
81742,2318.0,653.1,3.98,0.084,-0.044,0.889,3,15
81792,2371.4,603.1,3.98,0.084,-0.044,0.889,3,15
81842,2384.7,525.8,3.98,0.084,-0.044,0.889,3,15
81892,2409.7,727.7,4.32,0.045,-0.027,0.919,3,15
81943,2400.3,684.2,4.32,0.045,-0.027,0.919,3,15
81995,2352.9,680.0,4.30,0.043,-0.012,0.858,3,15
82045,2369.5,689.6,5.13,0.035,0.046,0.973,3,16
82096,2370.6,626.6,5.13,0.035,0.046,0.973,3,16
82145,2384.6,710.8,4.87,0.009,0.032,1.067,3,15
82195,2410.9,711.8,5.12,-0.072,-0.057,1.054,3,15
82245,2409.9,724.7,5.12,-0.072,-0.057,1.054,3,15
82295,2432.4,727.4,4.91,-0.176,-0.036,1.061,3,15
82345,2400.5,704.5,4.91,-0.176,-0.036,1.061,3,15
82395,2387.1,720.7,4.91,-0.176,-0.036,1.061,3,15
82445,2385.9,677.0,5.07,-0.061,-0.009,1.021,3,15
82496,2390.9,701.8,5.09,-0.005,-0.038,0.946,3,14
82546,2406.1,722.4,5.09,-0.005,-0.038,0.946,3,14
82596,2439.4,783.0,5.09,-0.005,-0.038,0.946,3,14
82646,2431.7,761.1,5.35,-0.094,0.072,0.941,3,14
82698,2408.5,793.1,5.35,-0.094,0.072,0.941,3,14
82747,2408.4,787.6,5.40,-0.177,-0.033,0.894,3,14
82797,2396.2,788.6,5.40,-0.177,-0.033,0.894,3,14
82848,2404.0,795.0,5.48,-0.144,-0.167,0.876,3,14
82898,2400.2,774.1,6.09,-0.157,-0.200,0.975,3,14
82948,2396.5,811.0,5.96,-0.209,-0.045,0.975,3,14
82999,2415.6,790.3,5.96,-0.209,-0.045,0.975,3,14
83049,2407.2,806.1,5.72,-0.211,-0.064,1.028,3,14
83099,2398.9,839.9,5.86,-0.116,-0.139,0.947,3,15
83151,2413.4,849.2,5.83,-0.131,-0.169,0.948,3,14
83201,2423.6,870.0,5.73,-0.163,-0.160,0.887,3,14
83251,2427.8,862.0,5.94,-0.293,-0.215,0.865,3,13
83301,2395.9,891.7,5.94,-0.293,-0.215,0.865,3,13
83352,2408.7,903.8,5.87,-0.194,-0.194,1.033,3,14
83402,2391.9,919.5,5.56,-0.250,-0.212,1.103,3,13
83452,2395.7,903.2,5.46,-0.368,-0.289,1.043,3,14
83503,2366.4,900.3,5.46,-0.368,-0.289,1.043,3,14
83553,2395.4,901.0,5.43,-0.363,-0.326,1.041,3,14
83603,2339.6,853.8,5.43,-0.363,-0.326,1.041,3,14
83653,2351.7,778.6,5.43,-0.363,-0.326,1.041,3,14
83703,2276.6,754.4,5.54,-0.230,-0.318,1.079,3,14
83754,2203.4,718.6,5.24,-0.127,-0.301,0.747,3,14
83804,2119.1,671.2,5.24,-0.127,-0.301,0.747,3,14
83854,2016.0,557.4,4.94,-0.216,0.027,0.666,3,13
83904,1960.6,463.7,5.94,-0.434,0.051,0.613,3,14
83954,1929.8,171.9,5.94,-0.434,0.051,0.613,3,14
84005,1907.2,171.9,5.33,-0.782,-0.161,1.006,3,15
84055,1901.2,171.9,4.79,-0.951,-0.147,1.193,3,15
84105,1859.1,171.9,4.70,-1.227,-0.020,1.271,3,15
84155,1823.6,171.9,3.61,-1.128,0.272,1.159,3,15
84205,1799.5,171.9,1.70,-0.721,0.119,0.890,3,14
84255,1826.0,171.9,1.70,-0.721,0.119,0.890,3,14
84305,1792.2,171.9,0.59,-0.417,-0.137,0.690,3,14
84355,1763.2,171.9,0.58,-0.376,-0.116,0.677,3,15
84405,1757.0,171.9,0.39,-0.378,-0.218,0.775,3,15
84455,1742.8,19.7,0.50,-0.304,-0.261,0.998,3,15
84506,1738.4,19.7,0.75,-0.260,-0.216,1.026,3,14
84556,1725.0,19.7,0.75,-0.260,-0.216,1.026,3,14
84606,1737.2,19.7,0.75,-0.260,-0.216,1.026,3,14
84656,1667.3,19.7,0.58,-0.168,-0.040,1.023,3,14
84706,1655.8,19.7,0.58,-0.168,-0.040,1.023,3,14
84756,2046.6,19.7,0.42,-0.048,-0.065,0.984,3,14
84806,2357.6,336.9,0.43,-0.112,-0.148,0.916,3,14
84856,2537.9,5417.1,0.43,-0.112,-0.148,0.916,3,14
84906,2681.2,537.0,0.17,-0.173,-0.164,0.948,3,14
84956,2870.0,811.2,0.21,-0.004,-0.220,0.948,3,14
85007,2967.8,872.4,0.21,-0.004,-0.220,0.948,3,14
85057,3038.3,920.3,0.56,0.038,-0.275,0.977,3,14
85107,3094.1,879.0,0.81,-0.089,-0.151,1.022,3,14
85157,3170.2,873.4,0.81,-0.089,-0.151,1.022,3,14
85207,3156.1,983.5,0.86,0.031,-0.113,1.165,3,14
85257,3158.4,915.8,1.13,-0.011,-0.108,0.992,3,14
85307,3146.8,894.8,1.13,-0.046,-0.165,1.038,3,14
85357,3148.3,991.9,1.28,-0.057,-0.351,1.036,3,14
85407,3141.0,881.1,1.36,0.072,-0.419,0.953,3,14
85457,3054.2,938.4,1.36,0.072,-0.419,0.953,3,14
85508,2878.1,742.2,2.01,0.205,-0.409,0.898,3,14
85558,2686.2,446.8,2.30,0.272,-0.338,0.962,3,14
85608,2514.2,600.5,2.41,0.234,-0.334,1.081,3,14
85658,2609.9,738.9,2.52,0.093,-0.277,0.955,3,15
85708,2448.1,678.6,2.30,0.067,-0.386,0.693,3,14
85758,2322.3,627.9,2.30,0.067,-0.386,0.693,3,14
85808,2281.6,642.2,3.06,0.070,-0.471,0.808,3,14
85858,2329.6,663.3,3.63,0.048,-0.417,0.805,3,14
85908,2366.8,680.1,3.87,0.036,-0.421,0.883,3,14
85958,2377.1,644.8,3.63,-0.022,-0.318,0.932,3,14
86009,2359.1,659.6,3.77,0.014,-0.208,0.911,3,14
86065,2357.7,623.6,3.77,0.014,-0.208,0.911,3,14
86114,2361.5,650.9,3.95,-0.039,-0.258,1.003,3,14
86164,2359.0,618.3,2.94,-0.089,-0.321,0.989,3,15
86215,2362.9,634.2,2.94,-0.089,-0.321,0.989,3,15
86264,2344.4,469.8,2.96,0.031,-0.293,0.822,3,15
86314,2340.6,647.5,3.37,-0.073,-0.229,0.934,3,15
86364,2361.6,558.6,3.37,-0.073,-0.229,0.934,3,15
86414,2355.4,589.7,3.50,-0.107,-0.278,0.834,3,15
86464,2363.7,634.7,3.49,-0.015,-0.397,1.019,3,15
86517,2353.3,666.7,3.49,-0.015,-0.397,1.019,3,15
86567,2354.0,586.4,3.61,-0.075,-0.418,1.205,3,16
86617,2386.3,496.9,3.60,-0.214,-0.356,1.215,3,16
86667,2356.7,627.8,3.60,-0.214,-0.356,1.215,3,16
86717,2382.6,527.8,3.54,-0.265,-0.156,1.115,3,16
86767,2383.3,542.2,2.83,-0.229,-0.097,0.934,3,15
86817,2383.1,479.7,2.83,-0.229,-0.097,0.934,3,15
86867,2336.5,480.0,2.34,0.010,-0.307,0.771,3,15
86917,2323.8,332.3,2.11,0.171,-0.324,0.785,3,15
86970,2337.8,372.5,2.11,0.171,-0.324,0.785,3,15
87022,2379.7,445.1,2.25,0.109,-0.260,0.671,3,15
87072,2460.1,422.0,3.22,0.159,-0.298,0.855,3,16
87124,2527.8,565.5,3.36,0.148,-0.261,0.767,3,16
87175,2590.0,540.8,3.36,0.142,-0.105,1.017,3,16
87225,2660.0,571.8,2.82,0.139,-0.024,1.241,3,16
87276,2749.3,657.0,2.82,0.139,-0.024,1.241,3,16
87325,2869.3,795.8,2.62,0.175,-0.193,1.268,3,14
87375,2973.8,788.3,2.61,0.062,-0.307,1.022,3,16
87426,2789.0,880.1,2.66,0.014,-0.380,0.981,3,16
87475,2895.2,909.6,2.81,0.013,-0.368,1.072,3,15
87526,2894.2,986.1,2.05,0.083,-0.177,1.047,3,16
87576,2888.6,864.8,2.05,0.083,-0.177,1.047,3,16
87626,2835.5,854.7,1.96,0.081,-0.106,0.901,3,16
87676,2794.9,709.4,1.91,0.138,-0.037,0.784,3,15
87726,2799.4,749.5,1.83,0.168,-0.040,0.794,3,15
87776,2813.1,596.6,2.01,0.071,-0.185,0.854,3,15
87826,2932.8,888.8,2.12,-0.055,-0.516,0.886,3,15
87876,2912.3,935.9,2.12,-0.055,-0.516,0.886,3,15
87926,2843.5,957.0,2.20,-0.018,-0.373,1.066,3,15
87976,2815.8,851.6,2.10,0.001,-0.198,0.948,3,15
88028,2882.5,954.9,2.36,0.038,-0.158,1.155,3,15
88078,2850.0,776.8,2.20,0.011,-0.190,0.890,3,15
88128,2830.2,881.1,1.80,0.082,-0.217,0.926,3,15
88178,2889.6,739.5,1.80,0.082,-0.217,0.926,3,15
88228,2867.1,891.7,1.70,0.108,-0.213,0.859,3,15
88278,2847.1,698.4,1.89,0.158,-0.265,0.971,3,15
88328,2879.8,653.5,2.01,0.153,-0.210,0.937,3,16
88378,2869.7,578.1,1.91,0.219,-0.180,1.059,3,15
88428,2880.0,597.7,2.36,0.378,-0.285,1.122,3,15
88478,2882.5,800.1,2.36,0.378,-0.285,1.122,3,15
88529,2924.0,719.6,2.44,0.392,-0.390,0.890,3,15
88579,3039.5,741.8,2.87,0.306,-0.392,0.538,3,15
88629,3049.4,986.3,3.05,0.385,-0.225,0.689,3,14
88679,3104.0,958.6,3.38,0.456,-0.120,0.854,3,14
88729,3098.7,928.0,3.84,0.278,-0.184,1.199,3,14
88779,3101.1,990.4,3.84,0.278,-0.184,1.199,3,14
88829,3075.2,908.9,4.06,0.302,-0.397,1.277,3,15
88879,3092.5,1017.2,4.06,0.302,-0.397,1.277,3,15
88929,3062.3,948.5,3.78,0.330,-0.411,1.219,3,15
88979,2900.9,927.6,3.78,0.330,-0.411,1.219,3,15
89030,2701.1,858.0,4.13,0.406,-0.117,0.747,3,14
89081,2555.3,783.2,4.13,0.406,-0.117,0.747,3,14
89130,2421.9,724.5,4.24,0.319,-0.178,0.763,3,14
89180,2324.6,711.1,5.11,0.349,-0.301,0.871,3,14
89231,2240.7,656.0,5.23,0.292,-0.060,1.065,3,14
89280,2268.0,688.7,5.06,0.188,-0.030,1.041,3,14
89330,2364.7,712.5,4.96,0.036,-0.038,0.730,3,13
89380,2434.3,724.4,4.96,0.036,-0.038,0.730,3,13
89430,2481.3,733.8,5.13,0.065,-0.013,0.860,3,13
89480,2595.7,716.8,4.92,0.149,-0.107,1.156,3,13
89531,2702.1,806.3,4.69,0.147,-0.239,1.160,3,14
89581,2783.4,806.6,4.43,0.215,-0.246,1.078,3,15
89631,2683.7,776.2,5.07,0.193,0.001,0.754,3,13
89681,2756.3,851.4,5.07,0.193,0.001,0.754,3,13
89731,2778.5,876.1,6.03,0.101,-0.032,1.101,3,16
89781,2783.2,879.0,6.42,0.191,-0.190,1.155,3,14
89831,2766.9,833.2,5.82,0.196,-0.300,1.045,3,15
89881,2782.3,848.8,5.58,0.166,-0.334,0.946,3,15
89931,2790.8,894.5,5.68,0.226,-0.024,1.010,3,14
89981,2837.3,906.4,5.68,0.226,-0.024,1.010,3,14
90032,2825.7,911.7,5.90,0.207,-0.019,0.914,3,15
90082,2837.1,952.5,5.65,0.041,-0.057,0.679,3,15
90132,2871.8,985.7,5.65,0.041,-0.057,0.679,3,15
90182,2873.2,1023.8,5.65,0.041,-0.057,0.679,3,15
90232,2845.1,1013.7,6.01,0.037,-0.062,1.158,3,16
90283,2773.5,918.4,6.01,0.037,-0.062,1.158,3,16
90332,2718.9,861.8,5.53,0.176,-0.180,1.312,3,15
90382,2675.8,830.8,4.58,0.098,-0.026,1.057,3,15
90432,2726.9,853.5,5.63,0.137,-0.135,0.663,3,15
90482,2793.3,839.1,5.63,0.137,-0.135,0.663,3,15
90533,2847.9,885.8,6.20,0.251,-0.159,0.960,3,15
90583,2826.6,889.8,6.20,0.251,-0.159,0.960,3,15
90633,2814.7,872.3,6.00,0.278,-0.070,0.849,3,14
90683,2796.0,883.2,5.45,0.321,0.090,1.159,3,14
90733,2833.9,881.2,5.63,0.284,-0.068,1.087,3,15
90783,2843.3,885.2,5.63,0.193,-0.108,1.355,3,15
90833,2848.9,933.3,5.45,0.057,-0.125,1.290,3,15
90883,2874.3,1019.9,5.45,0.057,-0.125,1.290,3,15
90933,2852.4,984.3,5.32,0.152,0.104,1.094,3,14
90983,2779.8,908.8,5.43,0.036,-0.099,0.628,3,15
91034,2759.3,1033.7,6.11,0.047,-0.197,0.644,3,15
91084,2870.4,1151.8,5.99,0.119,-0.172,0.978,3,15
91134,2841.3,1129.4,5.27,0.199,-0.088,1.102,3,15
91184,2783.3,1040.4,5.88,0.305,-0.008,1.169,3,15
91234,2730.1,883.5,5.88,0.305,-0.008,1.169,3,15
91284,2679.5,6309.1,6.05,0.299,-0.046,1.087,3,14
91334,2716.8,771.2,5.91,0.217,-0.034,0.858,3,14
91384,2790.3,848.8,6.07,0.145,-0.102,0.570,3,14
91434,2870.3,944.8,6.34,0.101,-0.015,0.439,3,14
91484,2891.4,1055.4,6.34,0.101,-0.015,0.439,3,14
91544,2747.8,949.8,6.34,0.101,-0.015,0.439,3,14
91593,2706.0,934.8,6.56,0.243,-0.020,1.160,3,14
91643,2729.8,871.0,5.84,0.235,-0.118,1.468,3,14
91693,2776.6,795.4,5.82,0.178,-0.105,0.938,3,14
91743,2804.9,891.1,5.74,0.195,0.010,0.883,3,14
91793,2838.8,901.6,6.21,0.160,-0.042,0.892,3,15
91843,2858.8,969.1,6.21,0.160,-0.042,0.892,3,15
91893,2866.0,1034.6,5.94,0.225,-0.103,1.063,3,15
91943,2792.8,1025.5,5.92,0.206,-0.049,0.985,3,14
91993,2802.8,1036.9,5.52,0.200,0.079,0.943,3,14
92047,2790.2,958.8,5.93,0.190,0.103,0.802,3,14
92097,2758.7,984.3,6.41,0.255,-0.042,0.708,3,14
92149,2806.4,970.6,6.26,0.304,0.023,0.693,3,14
92199,2790.3,990.4,6.43,0.232,-0.022,0.824,3,14
92249,2806.0,968.5,6.65,0.242,-0.018,0.921,3,14
92303,2815.6,1006.8,6.65,0.242,-0.018,0.921,3,14
92352,2836.9,1001.6,7.01,0.163,-0.190,0.951,3,14
92402,2843.9,1055.7,7.34,0.169,-0.117,1.056,3,13
92454,2856.2,1144.6,7.85,0.179,-0.058,1.067,3,13
92503,2901.9,1244.2,7.68,0.196,-0.078,0.978,3,13
92554,2873.2,1213.7,7.84,0.167,-0.197,0.780,3,14
92604,2750.8,1139.7,7.84,0.167,-0.197,0.780,3,14
92654,2727.1,1074.7,8.12,0.197,-0.185,0.714,3,14
92704,2741.7,1123.3,8.35,0.172,-0.042,0.745,3,15
92754,2816.6,1237.6,8.60,0.128,-0.210,1.052,3,15
92804,2865.3,1267.4,8.90,0.106,-0.293,1.029,3,15
92854,2857.0,1271.6,8.85,0.076,-0.336,1.409,3,15
92904,2833.5,1261.0,8.85,0.076,-0.336,1.409,3,15
92954,2821.9,1284.0,8.40,-0.035,-0.243,1.333,3,15
93004,2829.3,1346.1,8.10,0.108,-0.110,1.469,3,15
93055,2854.6,1382.4,7.91,0.116,0.033,1.453,3,15
93105,2841.0,1375.1,7.91,0.116,0.033,1.453,3,15
93155,2792.0,1264.1,7.39,0.036,0.185,0.818,3,13
93205,2741.2,1228.4,8.51,0.091,0.131,0.587,3,14
93255,2746.4,1195.5,8.51,0.091,0.131,0.587,3,14
93305,2751.7,1191.0,9.15,0.126,-0.040,0.720,3,13
93355,2807.0,1176.5,9.19,0.119,-0.045,0.953,3,14
93405,2836.1,1254.7,9.16,0.091,-0.064,0.994,3,15
93455,2842.3,1259.8,8.80,0.082,0.142,1.322,3,14
93505,2814.1,1218.2,8.71,0.200,0.215,1.341,3,15
93556,2805.0,1205.0,8.71,0.200,0.215,1.341,3,15
93606,2830.1,1208.9,8.84,0.244,0.134,1.001,3,14
93656,2701.6,1178.0,8.49,0.279,0.105,0.879,3,15
93706,2567.2,1104.0,8.59,0.249,0.024,0.835,3,16
93756,2442.1,1066.1,8.54,0.174,-0.019,0.915,3,16
93806,2396.6,1072.8,8.30,0.027,-0.032,0.845,3,16
93856,2425.9,1076.4,8.30,0.027,-0.032,0.845,3,16
93906,2450.2,1083.8,8.11,-0.048,-0.019,0.749,3,16
93956,2469.7,1104.7,7.94,0.004,-0.094,0.842,3,15
94006,2424.0,1078.7,7.70,0.037,-0.203,0.838,3,15
94057,2355.3,1065.5,8.50,0.059,-0.165,1.016,3,15
94107,2316.2,1009.8,8.49,0.062,-0.057,0.986,3,15
94157,2293.9,1014.3,8.49,0.062,-0.057,0.986,3,15
94207,2244.2,990.8,8.17,0.059,-0.060,0.985,3,15
94257,2180.0,972.9,8.01,0.034,-0.140,0.787,3,15
94307,2140.9,978.7,8.01,0.034,-0.140,0.787,3,15
94357,2098.3,929.0,8.18,-0.025,-0.262,0.947,3,15
94407,2069.6,924.0,8.29,-0.056,-0.227,1.100,3,16
94457,2071.4,899.1,8.29,-0.056,-0.227,1.100,3,16
94507,2059.2,916.7,7.98,-0.146,-0.110,0.665,3,16
94558,2061.3,948.5,8.20,-0.174,-0.025,0.629,3,15
94608,2078.0,943.0,7.99,-0.097,-0.130,0.866,3,15
94658,2071.0,959.1,8.07,0.020,-0.093,1.115,3,15
94708,2077.4,924.0,7.91,-0.152,-0.025,1.065,3,15
94758,2098.3,943.0,7.91,-0.152,-0.025,1.065,3,15
94808,2088.2,914.7,7.74,-0.196,-0.042,1.136,3,15
94858,2098.9,905.9,7.41,-0.209,-0.160,1.200,3,15
94908,2092.3,890.8,7.21,-0.118,-0.142,1.262,3,15
94958,2087.2,897.4,6.45,-0.050,0.082,0.880,3,15
95008,2108.9,892.1,6.44,-0.044,0.012,0.908,3,15
95059,2101.9,923.1,6.44,-0.044,0.012,0.908,3,15
95109,2096.3,890.4,6.44,-0.044,0.012,0.908,3,15
95159,2087.6,870.5,6.61,-0.060,-0.256,1.195,3,15
95209,2104.1,819.1,6.61,-0.060,-0.256,1.195,3,15
95259,2122.2,811.3,6.47,-0.084,0.021,0.949,3,15
95309,2095.3,794.4,6.32,-0.084,-0.179,1.043,3,15
95359,2114.2,786.1,6.32,-0.084,-0.179,1.043,3,15
95409,2136.0,782.4,6.29,0.028,-0.109,1.029,3,15
95459,2120.7,765.7,6.26,0.056,0.056,0.802,3,15
95509,2128.8,716.2,6.26,0.056,0.056,0.802,3,15
95562,2129.6,691.5,6.26,0.056,0.056,0.802,3,15
95612,2143.5,682.3,6.12,0.017,-0.041,0.699,3,15
95664,2165.4,687.4,6.12,0.017,-0.041,0.699,3,15
95713,2181.5,717.6,6.22,0.020,-0.038,0.865,3,16
95763,2201.2,705.8,6.22,0.020,-0.038,0.865,3,16
95819,2186.3,661.7,6.22,0.020,-0.038,0.865,3,16
95868,2155.6,635.5,6.53,0.030,-0.037,1.167,3,15
95918,2148.0,653.2,5.71,-0.145,0.045,0.872,3,15
95968,2183.2,674.3,5.71,-0.145,0.045,0.872,3,15
96018,2198.8,680.3,5.53,-0.062,-0.101,1.018,3,14
96069,2208.4,666.9,5.65,-0.086,-0.094,0.983,3,14
96119,2190.1,675.9,5.65,-0.086,-0.094,0.983,3,14
96169,2190.8,680.1,5.10,-0.049,-0.116,0.999,3,13
96219,2172.8,657.2,4.64,-0.093,-0.041,1.047,3,14
96269,2147.8,634.0,4.64,-0.093,-0.041,1.047,3,14
96319,2135.3,610.5,4.24,-0.104,-0.007,0.979,3,14
96369,2159.4,652.5,4.66,0.000,-0.089,1.060,3,15
96419,2148.3,610.7,4.66,0.000,-0.089,1.060,3,15
96469,2142.2,597.4,4.37,0.027,-0.084,1.112,3,15
96519,2152.1,578.7,4.03,0.047,-0.096,0.973,3,15
96571,2161.0,521.6,4.03,0.047,-0.096,0.973,3,15
96620,2138.9,547.9,4.13,-0.027,-0.075,0.930,3,15
96670,2158.5,591.0,4.01,0.022,-0.073,1.029,3,15
96720,2169.6,578.7,4.01,0.022,-0.073,1.029,3,15
96770,2163.3,599.8,4.16,0.058,-0.126,1.027,3,16
96820,2162.8,597.4,3.64,0.065,-0.075,1.032,3,16
96870,2180.3,545.0,3.64,0.065,-0.075,1.032,3,16
96920,2164.7,551.9,2.95,0.043,0.023,0.967,3,14
96970,2170.2,486.8,2.65,0.072,-0.004,0.997,3,14
97020,2178.5,576.4,2.65,0.072,-0.004,0.997,3,14
97073,2177.5,562.5,2.19,0.071,-0.040,0.963,3,14
97123,2179.5,480.6,2.37,0.071,-0.055,0.994,3,15
97173,2158.1,520.1,2.37,0.071,-0.055,0.994,3,15
97223,2161.2,549.9,3.14,0.088,-0.070,0.966,3,15
97273,2156.6,507.4,3.63,0.062,-0.066,0.948,3,15
97323,2155.6,549.2,3.63,0.062,-0.066,0.948,3,15
97373,2171.4,538.7,3.63,0.062,-0.066,0.948,3,15
97423,2189.3,486.5,3.73,0.089,-0.038,0.934,3,14
97473,2182.6,445.5,3.73,0.089,-0.038,0.934,3,14
97523,2179.0,495.1,3.65,0.093,0.039,0.973,3,15
97574,2185.2,451.1,3.30,0.065,0.011,1.019,3,15
97624,2187.9,520.0,3.30,0.065,0.011,1.019,3,15
97674,2167.9,468.7,3.86,0.041,0.030,1.048,3,15
97724,2139.3,481.7,3.03,0.090,0.073,0.978,3,16
97778,2169.9,511.7,3.03,0.090,0.073,0.978,3,16
97827,2175.3,520.3,2.70,0.089,0.103,1.054,3,15
97877,2155.3,544.6,2.79,0.103,0.129,1.062,3,15
97927,2156.8,500.4,2.79,0.103,0.129,1.062,3,15
97977,2180.6,494.9,2.79,0.103,0.129,1.062,3,15
98027,2194.5,442.3,3.08,0.118,0.084,0.934,3,15
98078,2190.1,478.6,3.08,0.118,0.084,0.934,3,15
98128,2177.3,509.5,3.28,0.144,0.112,0.986,3,15
98178,2193.7,397.8,3.00,0.099,0.035,0.944,3,15
98229,2179.4,567.6,3.46,0.140,0.001,0.909,3,15
98279,2157.4,376.1,3.46,0.140,0.001,0.909,3,15
98329,2166.1,533.1,3.51,0.116,0.068,0.843,3,14
98380,2164.3,362.9,3.51,0.116,0.068,0.843,3,14
98429,2162.6,515.5,3.04,0.129,0.124,0.997,3,14
98479,2173.3,483.0,2.79,0.121,0.078,1.028,3,14
98530,2192.8,487.3,3.13,0.121,0.082,0.992,3,14
98582,2198.0,474.9,3.11,0.113,0.037,1.038,3,15
98632,2188.9,475.3,3.21,0.130,0.058,1.036,3,15
98682,2171.0,381.4,3.21,0.130,0.058,1.036,3,15
98732,2174.5,504.0,3.83,0.055,-0.020,1.031,3,16
98782,2191.5,506.8,3.16,0.049,-0.014,0.989,3,16
98832,2176.8,466.1,3.45,0.069,-0.002,0.939,3,15
98882,2183.7,501.7,3.45,0.069,-0.002,0.939,3,15
98932,2181.2,384.8,3.17,0.126,0.058,0.899,3,15
98982,2176.7,593.3,3.17,0.126,0.058,0.899,3,15
99032,2160.8,450.5,3.11,0.177,0.025,1.008,3,16
99083,2149.6,538.9,3.34,0.131,0.052,1.047,3,15
99133,2179.4,436.1,3.09,0.156,0.010,1.096,3,15
99183,2189.5,472.3,3.09,0.156,0.010,1.096,3,15
99233,2211.5,467.9,3.33,0.089,-0.024,0.830,3,15
99283,2192.3,492.6,3.57,0.142,0.011,1.026,3,15
99333,2194.8,553.1,3.48,0.083,0.020,0.859,3,15
99383,2170.6,524.5,3.34,0.143,0.026,1.019,3,15
99433,2181.1,452.7,3.50,0.138,0.023,1.020,3,15
99483,2167.2,477.4,3.50,0.138,0.023,1.020,3,15
99533,2214.0,525.6,3.62,0.087,0.021,0.952,3,15
99584,2178.6,451.7,3.62,0.087,0.021,0.952,3,15
99634,2180.5,602.7,3.57,0.080,0.083,0.920,3,15
99684,2194.3,450.5,3.65,0.069,0.080,0.964,3,15
99734,2191.1,545.2,3.61,0.144,0.060,1.019,3,15
99784,2205.8,464.1,3.61,0.144,0.060,1.019,3,15
99834,2208.4,492.0,3.77,0.137,0.078,0.993,3,14
99884,2177.1,519.5,3.42,0.072,0.067,0.949,3,15
99934,2183.5,424.7,3.38,0.111,0.084,1.067,3,15
99984,2157.3,557.8,3.87,0.077,0.017,0.990,3,16
100034,2162.7,441.5,3.75,0.084,0.050,0.881,3,15
100085,2064.7,491.0,3.75,0.084,0.050,0.881,3,15
100138,1994.6,433.0,3.54,0.105,0.103,0.943,3,15
100188,1992.8,428.0,3.53,0.114,0.006,1.080,3,15
100243,1953.5,424.0,3.53,0.114,0.006,1.080,3,15
100292,1922.0,444.0,3.33,0.029,-0.082,0.997,3,15
100342,1896.8,356.8,3.45,-0.012,0.057,0.922,3,15
100393,1880.6,437.2,3.45,-0.012,0.057,0.922,3,15
100443,1877.6,354.0,3.28,0.025,0.040,1.001,3,15
100493,1851.9,348.0,3.13,-0.012,0.037,1.008,3,15
100543,1824.8,378.6,3.13,-0.012,0.037,1.008,3,15
100594,1812.8,265.5,3.13,-0.012,0.037,1.008,3,15
100644,1795.4,315.9,3.13,-0.012,0.037,1.008,3,15
100694,1815.1,233.4,3.13,-0.012,0.037,1.008,3,15
100744,1794.8,246.5,3.09,-0.036,0.097,1.021,3,15
100794,1765.6,268.3,2.02,-0.001,0.005,0.989,3,14
100844,1769.8,195.6,2.02,-0.001,0.005,0.989,3,14
100894,1761.5,182.4,2.10,-0.015,0.079,0.858,3,14
100944,1742.7,157.3,2.23,-0.022,0.067,0.940,3,14
100994,1738.3,157.3,2.23,-0.022,0.067,0.940,3,14
101044,1748.4,126.0,1.43,-0.035,-0.036,1.079,3,14
101095,1739.3,126.0,1.31,-0.049,0.066,0.962,3,14
101146,1718.5,126.0,1.31,-0.049,0.066,0.962,3,14
101196,1717.0,57.9,1.11,-0.057,0.044,0.896,3,14
101246,1739.5,57.9,0.45,-0.048,-0.028,0.978,3,14
101297,1733.9,57.9,0.45,-0.048,-0.028,0.978,3,14
101346,1712.6,57.9,0.25,-0.033,0.022,0.984,3,14
101396,1719.4,57.9,0.11,-0.022,0.043,0.995,3,14
101447,1718.5,42.4,0.07,0.003,0.051,1.017,3,14
101496,1701.9,42.4,0.22,0.022,0.054,0.978,3,15
101546,1702.0,42.4,0.47,0.066,0.041,0.979,3,16
101598,1707.4,71.9,0.47,0.066,0.041,0.979,3,16
101647,1700.8,71.9,0.59,0.096,0.020,0.977,3,16
101697,1681.8,89.5,0.60,0.096,0.009,0.977,3,16
101747,1683.6,89.5,0.65,0.087,0.018,0.959,3,15
101797,1694.4,93.2,0.72,0.095,0.024,0.963,3,15
101847,1685.4,93.2,0.69,0.100,0.031,0.974,3,14
101897,1755.2,108.2,0.69,0.100,0.031,0.974,3,14
101947,1754.0,108.2,0.74,0.094,0.062,0.980,3,14
101997,1768.1,109.1,0.74,0.094,0.062,0.980,3,14
102048,1763.1,109.1,0.88,0.119,0.043,0.988,3,14
102106,1769.5,103.1,0.89,0.149,0.020,1.012,3,14
102156,1800.7,103.1,0.82,0.162,0.020,0.979,3,14
102206,1816.7,108.9,0.82,0.162,0.020,0.979,3,14
102256,1804.0,108.9,0.74,0.167,0.029,0.964,3,15
102306,1784.0,108.9,0.61,0.212,0.059,0.992,3,15
102356,1795.2,50.2,0.58,0.224,0.072,0.997,3,15
102406,1775.8,50.2,0.58,0.240,0.073,0.979,3,14
102456,1750.0,50.2,0.35,0.247,0.033,0.967,3,14
102506,1749.9,50.2,0.35,0.247,0.033,0.967,3,14
102556,1750.9,50.2,0.35,0.247,0.033,0.967,3,14
102607,1740.3,50.2,0.35,0.261,0.025,0.950,3,14
102657,1720.8,50.2,0.12,0.216,0.034,0.956,3,14
102707,1744.0,50.2,0.12,0.216,0.034,0.956,3,14
102757,1727.8,50.2,0.10,0.120,0.028,0.988,3,14
102807,1701.1,50.2,0.05,0.104,0.048,0.978,3,14
102857,1706.2,50.2,0.05,0.104,0.048,0.978,3,14
102907,1723.5,50.2,0.05,0.123,0.038,0.988,3,14
102957,1725.7,50.2,0.03,0.141,0.030,0.995,3,14
103007,1712.7,50.2,0.09,0.142,0.033,0.967,3,14
103057,1715.7,50.2,0.09,0.142,0.033,0.967,3,14
103108,1703.4,50.2,0.06,0.164,0.025,0.953,3,14
103158,1682.2,50.2,0.06,0.164,0.025,0.953,3,14
103208,1678.8,50.2,0.12,0.147,0.029,0.977,3,14
103258,1692.0,50.2,0.02,0.132,0.035,0.982,3,14
103308,1690.2,50.2,0.02,0.132,0.035,0.982,3,14
103358,1671.9,0.0,0.09,0.132,0.035,0.978,3,14
103408,1685.0,0.0,0.09,0.132,0.035,0.978,3,14
103458,1683.8,0.0,0.09,0.132,0.035,0.978,3,14
103508,1666.3,0.0,0.06,0.139,0.033,0.970,3,14
103558,1682.5,0.0,0.01,0.138,0.033,0.977,3,14
103609,1668.8,0.0,0.05,0.140,0.037,0.978,3,14
103659,1645.0,0.0,0.05,0.142,0.029,0.980,3,14
103709,1652.8,0.0,0.10,0.147,0.027,0.968,3,14
103759,1662.0,0.0,0.10,0.147,0.027,0.968,3,14
103809,1639.8,0.0,0.07,0.141,0.033,0.975,3,14
103859,1649.3,0.0,0.09,0.138,0.041,0.978,3,14
103909,1663.6,0.0,0.09,0.138,0.041,0.978,3,14
103959,1640.5,0.0,0.09,0.138,0.041,0.978,3,14
104009,1611.8,0.0,0.11,0.136,0.036,0.981,3,14
104059,1626.6,0.0,0.11,0.136,0.036,0.981,3,14
104110,1632.2,0.0,0.11,0.143,0.033,0.984,3,14
104160,1616.3,0.0,0.14,0.142,0.032,0.981,3,14
104210,1627.3,0.0,0.04,0.144,0.031,0.979,3,14
104260,1614.6,0.0,0.06,0.141,0.029,0.978,3,14
104310,1581.5,0.0,0.06,0.140,0.035,0.977,3,14
104360,1629.0,0.0,0.06,0.140,0.035,0.977,3,14
104410,1614.4,0.0,0.06,0.140,0.035,0.977,3,14
104460,1593.2,0.0,0.02,0.142,0.035,0.976,3,14
104510,1615.5,0.0,0.04,0.142,0.035,0.976,3,14
104560,1628.4,0.0,0.04,0.142,0.035,0.972,3,14
104611,1612.0,0.0,0.03,0.140,0.035,0.975,3,14
104667,1621.7,0.0,0.03,0.140,0.035,0.975,3,14
104717,1625.7,0.0,0.13,0.139,0.033,0.979,3,14
104767,1600.3,0.0,0.03,0.142,0.031,0.976,3,14
104817,1614.9,0.0,0.03,0.142,0.031,0.976,3,14
104867,1628.0,0.0,0.03,0.142,0.031,0.976,3,14
104917,1607.5,0.0,0.05,0.145,0.032,0.976,3,14
104967,1609.5,0.0,0.05,0.145,0.032,0.976,3,14
105017,1621.8,0.0,0.14,0.143,0.033,0.974,3,14
105067,1601.3,0.0,0.07,0.140,0.034,0.977,3,14
105121,1617.4,0.0,0.07,0.140,0.034,0.977,3,14
105172,1631.4,0.0,0.07,0.144,0.033,0.975,3,14
105222,1623.0,0.0,0.02,0.140,0.032,0.977,3,14
105272,1601.8,0.0,0.05,0.140,0.032,0.977,3,14
105322,1620.8,0.0,0.05,0.140,0.032,0.977,3,14
105372,1621.6,0.0,0.03,0.142,0.033,0.977,3,14
105426,1603.4,0.0,0.03,0.142,0.033,0.977,3,14
105476,1623.4,0.0,0.05,0.142,0.032,0.978,3,14
105526,1620.2,0.0,0.04,0.141,0.031,0.977,3,14
105577,1598.4,0.0,0.04,0.141,0.031,0.977,3,14
105630,1607.0,0.0,0.08,0.142,0.034,0.977,3,14
105680,1617.3,0.0,0.05,0.141,0.033,0.978,3,14
105730,1595.3,0.0,0.06,0.140,0.031,0.983,3,14
105780,1595.5,0.0,0.06,0.140,0.031,0.983,3,14
105830,1621.7,0.0,0.06,0.140,0.031,0.979,3,14
105881,1606.3,0.0,0.06,0.140,0.031,0.979,3,14
105930,1610.6,0.0,0.02,0.144,0.029,0.972,3,14
105980,1631.2,0.0,0.02,0.138,0.034,0.971,3,14
106030,1613.1,0.0,0.08,0.141,0.032,0.981,3,14
106080,1606.4,0.0,0.08,0.141,0.032,0.981,3,14
106131,1627.4,0.0,0.04,0.141,0.032,0.980,3,14
106181,1609.7,0.0,0.08,0.141,0.035,0.979,3,14
106231,1626.8,0.0,0.08,0.141,0.035,0.979,3,14
106281,1633.1,0.0,0.08,0.141,0.035,0.979,3,14
106331,1609.1,0.0,0.06,0.142,0.033,0.973,3,14
106381,1611.3,0.0,0.06,0.142,0.033,0.973,3,14
106431,1627.3,0.0,0.01,0.141,0.032,0.979,3,14
106481,1609.1,0.0,0.01,0.141,0.032,0.979,3,14
106531,1611.7,0.0,0.04,0.141,0.032,0.982,3,14
106581,1634.3,0.0,0.02,0.142,0.035,0.971,3,14
106632,1619.3,0.0,0.04,0.142,0.031,0.976,3,14
106682,1596.2,0.0,0.06,0.141,0.032,0.975,3,14
106732,1624.4,0.0,0.06,0.141,0.032,0.975,3,14
106782,1630.2,0.0,0.06,0.141,0.032,0.975,3,14
106832,1612.7,0.0,0.06,0.141,0.032,0.975,3,14
106882,1634.6,0.0,0.07,0.143,0.032,0.981,3,14
106932,1626.6,0.0,0.04,0.141,0.032,0.981,3,14
106982,1653.4,0.0,0.03,0.141,0.031,0.970,3,14
107032,1652.8,0.0,0.06,0.140,0.034,0.972,3,14
107083,1650.0,0.0,0.06,0.140,0.034,0.972,3,14
107135,1629.8,0.0,0.07,0.142,0.033,0.974,3,14
107185,1603.8,0.0,0.07,0.142,0.033,0.974,3,14
107235,1629.7,0.0,0.07,0.142,0.033,0.974,3,14
107285,1614.1,0.0,0.01,0.141,0.034,0.977,3,14
107335,1616.2,0.0,0.02,0.142,0.032,0.975,3,14
107385,1626.6,0.0,0.07,0.141,0.034,0.977,3,14
107435,1611.2,0.0,0.04,0.138,0.033,0.976,3,14
107485,1612.6,0.0,0.06,0.141,0.033,0.974,3,14
107535,1625.5,0.0,0.03,0.143,0.033,0.977,3,14
107585,1606.0,0.0,0.03,0.143,0.033,0.977,3,14
107640,1617.5,0.0,0.08,0.143,0.032,0.974,3,14
107690,1629.0,0.0,0.06,0.143,0.032,0.974,3,14
107743,1630.6,0.0,0.05,0.142,0.032,0.974,3,14
107792,1613.9,0.0,0.08,0.143,0.033,0.977,3,14
107842,1626.7,0.0,0.08,0.141,0.033,0.975,3,14
107895,1619.1,0.0,0.06,0.140,0.033,0.973,3,14
107945,1598.4,0.0,0.07,0.141,0.035,0.975,3,14
107995,1613.9,0.0,0.09,0.142,0.035,0.973,3,14
108045,1619.5,0.0,0.09,0.142,0.035,0.973,3,14
108095,1603.8,0.0,0.02,0.140,0.034,0.976,3,14
108146,1606.4,0.0,0.05,0.142,0.033,0.977,3,14
108196,1606.6,0.0,0.04,0.141,0.032,0.978,3,14
108246,1591.0,0.0,0.07,0.129,0.045,0.962,3,14
108296,1619.2,0.0,0.04,0.130,0.042,0.972,3,14
108347,1622.7,0.0,0.04,0.130,0.042,0.972,3,14
108396,1604.2,0.0,0.06,0.158,0.022,0.990,3,14
108446,1635.6,0.0,0.03,0.145,0.032,0.980,3,14
108497,1635.3,0.0,0.07,0.138,0.039,0.975,3,14
108546,1614.8,0.0,0.07,0.138,0.039,0.975,3,14
108596,1618.2,0.0,0.07,0.149,0.034,0.994,3,14
108647,1620.4,0.0,0.07,0.149,0.034,0.994,3,14
108697,1613.0,0.0,0.13,0.140,0.043,0.986,3,14
108747,1605.6,0.0,0.02,0.145,0.037,0.983,3,14
108797,1619.2,0.0,0.03,0.138,0.033,0.973,3,14
108847,1598.8,0.0,0.13,0.135,0.042,0.964,3,14
108897,1592.6,0.0,0.03,0.122,0.050,0.954,3,14
108948,1614.9,0.0,0.03,0.122,0.050,0.954,3,14
108997,1598.1,0.0,0.07,0.135,0.049,0.966,3,14
109047,1584.2,0.0,0.07,0.135,0.049,0.966,3,14
109097,1607.6,0.0,0.04,0.156,0.029,1.001,3,14
109155,1616.2,0.0,0.07,0.162,0.019,1.006,3,14
109205,1600.7,0.0,0.07,0.146,0.021,0.991,3,14
109256,1611.0,0.0,0.04,0.116,0.054,0.942,3,14
109305,1606.6,0.0,0.04,0.116,0.054,0.942,3,14
109355,1587.7,0.0,0.06,0.131,0.047,0.959,3,14
109405,1617.0,0.0,0.10,0.146,0.034,0.988,3,14
109455,1628.0,0.0,0.04,0.153,0.027,0.997,3,14
109505,1612.1,0.0,0.04,0.153,0.027,0.997,3,14
109555,1624.0,0.0,0.04,0.153,0.027,0.997,3,14
109605,1621.2,0.0,0.04,0.153,0.027,0.997,3,14
109657,1601.9,0.0,0.13,0.144,0.027,0.988,3,14
109708,1614.6,0.0,0.06,0.142,0.042,0.977,3,14
109757,1609.3,0.0,0.01,0.138,0.046,0.985,3,14
109807,1589.6,0.0,0.06,0.134,0.047,0.989,3,14
109857,1613.6,0.0,0.10,0.129,0.042,0.976,3,14
109907,1617.6,0.0,0.10,0.129,0.042,0.976,3,14
109957,1600.2,0.0,0.10,0.129,0.042,0.976,3,14
110007,1601.6,0.0,0.05,0.138,0.033,0.970,3,14
110057,1606.3,0.0,0.01,0.140,0.031,0.973,3,14
110107,1592.4,0.0,0.03,0.141,0.042,0.978,3,14
110158,1611.0,0.0,0.07,0.141,0.045,0.976,3,14
110208,1611.1,0.0,0.07,0.141,0.045,0.976,3,14
110258,1592.9,0.0,0.08,0.139,0.036,0.986,3,14
110308,1611.6,0.0,0.03,0.140,0.037,0.978,3,15
110358,1606.9,0.0,0.03,0.138,0.032,0.987,3,15
110408,1586.3,0.0,0.03,0.138,0.032,0.987,3,15
110458,1600.4,0.0,0.05,0.140,0.031,0.970,3,15
110508,1604.6,0.0,0.05,0.140,0.031,0.970,3,15
110558,1588.7,0.0,0.07,0.142,0.040,0.981,3,15
110608,1619.6,0.0,0.10,0.140,0.043,0.978,3,15
110659,1632.4,0.0,0.10,0.140,0.043,0.978,3,15
110709,1617.6,0.0,0.03,0.140,0.035,0.976,3,15
110759,1626.1,0.0,0.00,0.136,0.040,0.970,3,15
110809,1629.1,0.0,0.00,0.136,0.040,0.970,3,15
110859,1613.3,0.0,0.04,0.141,0.040,0.976,3,15
110909,1628.6,0.0,0.07,0.142,0.038,0.977,3,15
110959,1614.5,0.0,0.05,0.142,0.036,0.972,3,15
111009,1590.2,0.0,0.06,0.137,0.036,0.980,3,15
111059,1615.2,0.0,0.06,0.141,0.036,0.978,3,15
111109,1617.7,0.0,0.06,0.141,0.036,0.978,3,15
111160,1599.1,0.0,0.06,0.141,0.039,0.975,3,15
111210,1598.7,0.0,0.03,0.142,0.038,0.971,3,15
111260,1594.7,0.0,0.03,0.138,0.039,0.968,3,15
111310,1578.1,0.0,0.03,0.138,0.038,0.978,3,15
111360,1595.8,0.0,0.03,0.138,0.038,0.978,3,15
111410,1602.9,0.0,0.03,0.138,0.038,0.978,3,15
111460,1587.5,0.0,0.03,0.134,0.038,0.981,3,15
111510,1607.5,0.0,0.04,0.136,0.041,0.975,3,15
111560,1601.8,0.0,0.05,0.134,0.035,0.987,3,15
111610,1580.6,0.0,0.08,0.138,0.033,0.977,3,15
111661,1605.0,0.0,0.05,0.142,0.043,0.975,3,15
111711,1602.8,0.0,0.05,0.142,0.043,0.975,3,15
111761,1582.7,0.0,0.08,0.141,0.041,0.970,3,14
111811,1604.3,0.0,0.06,0.138,0.040,0.971,3,14
111861,1599.7,0.0,0.03,0.135,0.038,0.959,3,14
111911,1579.0,0.0,0.03,0.144,0.036,0.976,3,14
111961,1593.8,0.0,0.03,0.141,0.039,0.970,3,14
112011,1595.4,0.0,0.03,0.141,0.039,0.970,3,14
112061,1577.7,0.0,0.02,0.139,0.038,0.981,3,14
112111,1591.8,0.0,0.02,0.139,0.038,0.981,3,14
112170,1589.8,0.0,0.04,0.139,0.038,0.985,3,14
112220,1571.8,0.0,0.08,0.144,0.037,0.966,3,14
112270,1575.2,0.0,0.08,0.144,0.037,0.966,3,14
112320,1594.9,0.0,0.08,0.144,0.037,0.966,3,14
112370,1576.5,0.0,0.08,0.144,0.037,0.966,3,14
112420,1571.9,0.0,0.03,0.134,0.041,0.966,3,14
112471,1593.9,0.0,0.03,0.134,0.041,0.966,3,14
112520,1577.0,0.0,0.01,0.139,0.038,0.984,3,14
112570,1592.2,0.0,0.02,0.135,0.033,0.993,3,14
112620,1608.4,0.0,0.02,0.135,0.033,0.993,3,14
112672,1596.7,0.0,0.04,0.136,0.043,0.968,3,14
112722,1590.0,0.0,0.07,0.134,0.032,0.997,3,14
112773,1606.0,0.0,0.07,0.134,0.032,0.997,3,14
112822,1586.8,0.0,0.03,0.138,0.035,0.988,3,14
112872,1578.2,0.0,0.03,0.141,0.039,0.979,3,14
112922,1596.4,0.0,0.03,0.141,0.039,0.979,3,14
112972,1578.1,0.0,0.01,0.143,0.036,0.975,3,14
113022,1598.2,0.0,0.04,0.143,0.031,0.971,3,14
113072,1591.3,0.0,0.04,0.143,0.031,0.971,3,14
113122,1569.3,0.0,0.06,0.143,0.038,0.983,3,14
113173,1578.7,0.0,0.05,0.140,0.041,0.971,3,14
113223,1585.1,0.0,0.05,0.140,0.041,0.971,3,14
113273,1571.3,0.0,0.04,0.137,0.043,0.970,3,14
113323,1573.9,0.0,0.05,0.133,0.032,0.991,3,14
113373,1566.5,0.0,0.05,0.133,0.032,0.991,3,14
113423,1548.2,0.0,0.03,0.135,0.036,0.994,3,14
113473,1561.0,0.0,0.08,0.145,0.039,0.985,3,14
113523,1563.8,0.0,0.08,0.145,0.039,0.985,3,14
113573,1547.0,0.0,0.04,0.132,0.033,0.991,3,14
113623,1560.5,0.0,0.05,0.135,0.036,0.973,3,14
113674,1539.0,0.0,0.05,0.135,0.036,0.973,3,14
113724,1550.7,0.0,0.11,0.133,0.039,0.982,3,14
113774,1564.7,0.0,0.08,0.138,0.030,0.971,3,14
113826,1542.4,0.0,0.08,0.138,0.030,0.971,3,14
113876,1545.6,0.0,0.04,0.145,0.039,0.966,3,14
113926,1568.3,0.0,0.01,0.143,0.031,0.966,3,14
113976,1550.8,0.0,0.09,0.134,0.039,0.964,3,14
114026,1551.7,0.0,0.09,0.134,0.039,0.964,3,14
114076,1569.0,0.0,0.05,0.137,0.040,0.972,3,14
114126,1547.3,0.0,0.05,0.137,0.040,0.972,3,14
114177,1537.8,0.0,0.05,0.137,0.040,0.972,3,14
114227,1559.3,0.0,0.07,0.150,0.037,0.971,3,14
114277,1542.3,0.0,0.03,0.141,0.038,0.973,3,14
114327,1556.9,0.0,0.04,0.144,0.039,0.991,3,14
114377,1555.9,0.0,0.02,0.147,0.043,0.973,3,14
114427,1537.2,0.0,0.02,0.147,0.043,0.973,3,14
114477,1568.3,0.0,0.04,0.138,0.040,0.954,3,15
114527,1576.6,0.0,0.02,0.151,0.037,0.973,3,15
114577,1558.7,0.0,0.02,0.151,0.037,0.973,3,15
114627,1573.1,0.0,0.02,0.151,0.037,0.973,3,15
114678,1569.0,0.0,0.03,0.142,0.036,0.999,3,15
114729,1546.8,0.0,0.03,0.142,0.036,0.999,3,15
114778,1579.3,0.0,0.10,0.132,0.031,1.001,3,15
114828,1543.6,0.0,0.05,0.140,0.040,0.981,3,15
114878,1553.2,0.0,0.04,0.133,0.042,0.977,3,15
114928,1579.1,0.0,0.05,0.139,0.040,0.975,3,15
114978,1562.3,0.0,0.05,0.144,0.036,0.978,3,15
115028,1581.1,0.0,0.05,0.144,0.036,0.978,3,15
115078,1605.0,0.0,0.02,0.137,0.032,0.977,3,14
115128,1589.2,0.0,0.06,0.135,0.038,0.969,3,15
115180,1573.6,0.0,0.04,0.142,0.043,0.967,3,14
115229,1592.1,0.0,0.08,0.138,0.042,0.969,3,14
115279,1574.3,0.0,0.03,0.135,0.042,0.967,3,14
115330,1566.7,0.0,0.03,0.135,0.042,0.967,3,14
115379,1594.6,0.0,0.04,0.144,0.037,0.971,3,14
115429,1577.0,0.0,0.03,0.142,0.036,0.981,3,14
115479,1576.4,0.0,0.03,0.142,0.036,0.981,3,14
115529,1588.7,0.0,0.03,0.142,0.036,0.981,3,14
115579,1556.5,0.0,0.03,0.133,0.031,0.996,3,14
115631,1565.9,0.0,0.03,0.133,0.031,0.996,3,14
115683,1594.3,0.0,0.05,0.138,0.033,0.978,3,14
115733,1578.9,0.0,0.04,0.133,0.042,0.981,3,14
115783,1582.6,0.0,0.04,0.144,0.038,0.963,3,14
115833,1602.7,0.0,0.04,0.144,0.038,0.963,3,14
115883,1583.8,0.0,0.06,0.136,0.041,0.967,3,15
115933,1581.3,0.0,0.06,0.136,0.041,0.967,3,15
115983,1617.9,0.0,0.02,0.139,0.039,0.966,3,14
116033,1581.9,0.0,0.03,0.136,0.039,0.957,3,15
116083,1581.0,0.0,0.04,0.140,0.039,0.978,3,15
116133,1613.2,0.0,0.04,0.142,0.039,0.977,3,14
116184,1590.3,0.0,0.02,0.136,0.032,0.991,3,14
116234,1596.8,0.0,0.02,0.136,0.032,0.991,3,14
116284,1614.7,0.0,0.06,0.136,0.035,0.984,3,14
116334,1596.0,0.0,0.06,0.142,0.030,0.972,3,14
116384,1601.5,0.0,0.04,0.141,0.039,0.979,3,14
116434,1616.9,0.0,0.06,0.140,0.040,0.978,3,14
116484,1596.6,0.0,0.04,0.140,0.041,0.976,3,14
116534,1601.2,0.0,0.04,0.140,0.041,0.976,3,14
116584,1615.9,0.0,0.04,0.138,0.041,0.962,3,14
116634,1595.3,0.0,0.03,0.140,0.038,0.977,3,14
116685,1604.6,0.0,0.08,0.141,0.039,0.978,3,14
116735,1619.5,0.0,0.04,0.142,0.037,0.978,3,14
116785,1599.6,0.0,0.05,0.136,0.035,0.986,3,14
116835,1585.8,0.0,0.03,0.136,0.039,0.976,3,14
116885,1602.9,0.0,0.03,0.136,0.039,0.976,3,14
116935,1584.1,0.0,0.03,0.136,0.039,0.976,3,14
116985,1583.7,0.0,0.03,0.143,0.033,0.976,3,14
117035,1605.4,0.0,0.01,0.139,0.041,0.979,3,14
117085,1588.1,0.0,0.08,0.137,0.038,0.973,3,14
117135,1595.6,0.0,0.03,0.141,0.037,0.979,3,14
117186,1602.1,0.0,0.03,0.141,0.037,0.979,3,14
117236,1578.7,0.0,0.06,0.143,0.038,0.978,3,14
117286,1579.5,0.0,0.06,0.136,0.036,0.985,3,14
117336,1612.7,0.0,0.09,0.134,0.033,0.991,3,15
117386,1597.8,0.0,0.09,0.134,0.033,0.991,3,15
117436,1577.7,0.0,0.13,0.135,0.035,0.991,3,15
117486,1598.4,0.0,0.13,0.135,0.035,0.991,3,15
117536,1580.4,0.0,0.04,0.143,0.038,0.982,3,15
117586,1584.7,0.0,0.10,0.139,0.035,0.976,3,15
117636,1615.4,0.0,0.10,0.139,0.035,0.976,3,15
117697,1630.0,0.0,0.03,0.133,0.041,0.958,3,15
117747,1588.1,0.0,0.05,0.135,0.040,0.969,3,15
117797,1607.9,0.0,0.05,0.135,0.040,0.969,3,15
117847,1609.2,0.0,0.05,0.135,0.040,0.969,3,15
117897,1591.0,0.0,0.06,0.145,0.035,0.973,3,15
117947,1605.0,0.0,0.06,0.145,0.035,0.973,3,15
117997,1602.4,0.0,0.06,0.142,0.039,0.973,3,15
118047,1583.0,0.0,0.05,0.138,0.038,0.984,3,15
118098,1611.7,0.0,0.12,0.140,0.034,0.975,3,14
118147,1601.8,0.0,0.07,0.137,0.036,0.975,3,14
118198,1577.1,0.0,0.02,0.125,0.058,0.958,3,14
118248,1598.7,0.0,0.02,0.125,0.058,0.958,3,14
118298,1592.9,0.0,0.10,0.140,0.048,0.966,3,15
118348,1571.0,0.0,0.14,0.163,0.021,1.001,3,15
118399,1583.6,0.0,0.06,0.159,0.006,0.996,3,15
118449,1581.6,0.0,0.06,0.149,0.016,0.963,3,15
118499,1563.6,0.0,0.00,0.138,0.042,0.941,3,15
118549,1586.8,0.0,0.00,0.138,0.042,0.941,3,15
118599,1579.3,0.0,0.00,0.118,0.078,0.967,3,15
118649,1555.2,0.0,0.07,0.141,0.022,1.008,3,15
118700,1566.6,0.0,0.07,0.141,0.022,1.008,3,15
118750,1542.5,0.0,0.07,0.141,0.022,1.008,3,15
118800,1544.2,0.0,0.08,0.130,0.016,0.981,3,14
118850,1566.1,0.0,0.08,0.130,0.016,0.981,3,14
118900,1549.5,0.0,0.06,0.124,0.088,0.960,3,15
118950,1546.3,0.0,0.08,0.136,0.033,0.985,3,15
119004,1571.7,0.0,0.05,0.155,-0.003,0.993,3,15
119054,1555.2,0.0,0.02,0.144,0.025,0.960,3,15
119104,1569.8,0.0,0.13,0.135,0.063,0.937,3,15
119154,1589.4,0.0,0.13,0.135,0.063,0.937,3,15
119205,1572.2,0.0,0.05,0.128,0.071,0.958,3,15
119255,1583.6,0.0,0.04,0.122,0.026,1.006,3,15
119306,1596.8,0.0,0.02,0.130,0.029,0.969,3,15
119355,1576.2,0.0,0.09,0.131,0.030,0.963,3,15
119405,1584.8,0.0,0.14,0.147,0.038,0.976,3,15
119455,1593.2,0.0,0.14,0.147,0.038,0.976,3,15
119505,1570.6,0.0,0.15,0.150,0.043,0.973,3,15
119555,1569.2,0.0,0.02,0.136,0.039,0.983,3,15
119605,1593.1,0.0,0.04,0.132,0.033,0.995,3,15
119655,1576.7,0.0,0.02,0.136,0.028,0.979,3,15
119706,1593.3,0.0,0.03,0.130,0.040,0.978,3,15
119756,1611.0,0.0,0.05,0.139,0.046,0.966,3,15
119806,1592.4,0.0,0.05,0.139,0.046,0.966,3,15
119856,1572.4,0.0,0.03,0.140,0.042,0.964,3,15
119906,1588.4,0.0,0.07,0.138,0.042,0.967,3,15
119956,1569.2,0.0,0.01,0.138,0.039,0.969,3,15
120006,1561.6,0.0,0.04,0.137,0.041,0.966,3,15
120056,1580.2,0.0,0.06,0.136,0.039,0.992,3,15
120106,1561.4,0.0,0.06,0.136,0.039,0.992,3,15
120156,1581.7,0.0,0.03,0.131,0.042,0.982,3,15
120207,1585.0,0.0,0.05,0.132,0.033,0.993,3,15
120258,1568.0,0.0,0.06,0.132,0.032,0.987,3,15
120307,1591.4,0.0,0.01,0.136,0.036,0.977,3,16
120357,1590.0,0.0,0.01,0.136,0.036,0.977,3,16
120408,1581.8,0.0,0.06,0.132,0.043,0.979,3,16
120457,1603.3,0.0,0.07,0.139,0.031,0.966,3,16
120507,1599.1,0.0,0.07,0.129,0.027,0.970,3,16
120558,1577.5,0.0,0.02,0.128,0.027,0.962,3,16
120607,1585.0,0.0,0.06,0.120,0.010,0.940,3,16
120657,1588.4,0.0,0.06,0.120,0.010,0.940,3,16
120708,1573.0,0.0,0.16,0.115,0.028,0.972,3,16
120758,1574.7,0.0,0.13,0.158,0.080,1.006,3,16
120808,1562.7,0.0,0.13,0.166,0.094,0.993,3,16
120858,1541.9,0.0,0.07,0.171,0.076,1.012,3,16
120908,1565.8,0.0,0.13,0.136,0.049,0.987,3,16
120958,1550.0,0.0,0.13,0.136,0.049,0.987,3,16
121008,1541.8,0.0,0.05,0.116,0.028,0.973,3,16
121058,1571.1,0.0,0.05,0.116,0.028,0.973,3,16
121108,1558.1,0.0,0.06,0.131,0.016,0.960,3,16
121158,1553.4,0.0,0.06,0.131,0.016,0.960,3,16
121209,1567.8,0.0,0.09,0.137,0.054,0.974,3,16
121259,1545.6,0.0,0.01,0.130,0.048,0.964,3,16
121309,1553.7,0.0,0.01,0.130,0.048,0.964,3,16
121359,1575.6,0.0,0.11,0.128,0.040,0.963,3,16
121409,1558.2,0.0,0.05,0.139,0.040,0.964,3,16
121459,1569.1,0.0,0.09,0.133,0.046,0.970,3,16
121509,1585.6,0.0,0.09,0.133,0.046,0.970,3,16
121559,1565.8,0.0,0.01,0.145,0.042,0.966,3,16
121609,1574.8,0.0,0.01,0.145,0.042,0.966,3,16
121659,1573.9,0.0,0.06,0.137,0.047,0.973,3,16
121710,1556.3,0.0,0.03,0.144,0.043,0.982,3,16
121760,1570.3,0.0,0.03,0.144,0.043,0.982,3,16
121810,1578.5,0.0,0.02,0.133,0.034,0.996,3,16
121860,1565.1,0.0,0.08,0.140,0.042,0.993,3,16
121910,1593.0,0.0,0.08,0.140,0.042,0.993,3,16
121960,1582.9,0.0,0.08,0.140,0.042,0.993,3,16
122010,1557.0,0.0,0.04,0.129,0.045,0.980,3,16
122060,1589.4,0.0,0.01,0.128,0.035,0.994,3,16
122110,1591.7,0.0,0.05,0.141,0.037,0.980,3,16
122160,1551.2,0.0,0.04,0.131,0.044,0.954,3,16
122211,1616.9,0.0,0.04,0.131,0.044,0.954,3,16
122261,1603.2,0.0,0.07,0.134,0.048,0.966,3,16
122311,1576.0,0.0,0.06,0.143,0.042,0.971,3,16
122361,1603.6,0.0,0.04,0.135,0.045,0.962,3,16
122411,1605.7,0.0,0.04,0.135,0.045,0.962,3,16
122461,1586.6,0.0,0.06,0.132,0.043,0.954,3,16
122511,1614.9,0.0,0.06,0.132,0.043,0.954,3,16
122561,1633.6,0.0,0.02,0.143,0.040,0.972,3,16
122611,1600.4,0.0,0.07,0.132,0.035,0.994,3,16
122661,1657.5,0.0,0.05,0.133,0.037,0.987,3,16
122725,1629.0,0.0,0.09,0.136,0.040,0.974,3,16
122775,1606.4,0.0,0.05,0.135,0.043,0.976,3,16
122825,1607.3,0.0,0.06,0.135,0.044,0.976,3,16
122875,1625.5,0.0,0.06,0.134,0.041,0.976,3,16
122925,1607.1,0.0,0.06,0.137,0.043,0.975,3,16
122975,1609.9,0.0,0.06,0.137,0.043,0.975,3,16
123025,1639.2,0.0,0.01,0.137,0.042,0.977,3,16
123075,1643.7,0.0,0.00,0.136,0.042,0.974,3,16
123125,1625.8,0.0,0.00,0.136,0.042,0.974,3,16
123175,1644.2,0.0,0.00,0.136,0.042,0.974,3,16
123226,1626.5,0.0,0.07,0.137,0.040,0.975,3,16
123276,1599.7,0.0,0.07,0.137,0.040,0.975,3,16
123326,1621.1,0.0,0.04,0.136,0.043,0.974,3,16
123376,1624.2,0.0,0.04,0.136,0.043,0.978,3,16
123426,1606.0,0.0,0.04,0.136,0.043,0.978,3,16
123476,1634.4,0.0,0.04,0.136,0.043,0.978,3,16
123526,1622.7,0.0,0.04,0.135,0.042,0.978,3,16
123580,1597.4,0.0,0.02,0.136,0.040,0.970,3,16
123629,1619.1,0.0,0.05,0.132,0.042,0.978,3,16
123679,1632.9,0.0,0.09,0.132,0.042,0.978,3,16
123731,1619.1,0.0,0.09,0.132,0.042,0.978,3,16
123780,1619.5,0.0,0.05,0.136,0.040,0.980,3,16
123830,1639.6,0.0,0.05,0.136,0.040,0.980,3,16
123880,1621.9,0.0,0.02,0.133,0.041,0.978,3,16
123930,1614.4,0.0,0.02,0.133,0.041,0.978,3,16
123980,1636.1,0.0,0.01,0.137,0.041,0.980,3,16
124030,1618.5,0.0,0.01,0.137,0.041,0.980,3,16
124080,1619.3,0.0,0.02,0.136,0.042,0.979,3,16
124130,1635.2,0.0,0.02,0.135,0.042,0.975,3,16
124181,1615.4,0.0,0.05,0.136,0.042,0.975,3,16
124234,1604.1,0.0,0.05,0.136,0.042,0.975,3,16
124284,1620.3,0.0,0.07,0.136,0.042,0.978,3,16
124334,1615.0,0.0,0.07,0.136,0.042,0.978,3,16
124384,1594.9,0.0,0.05,0.135,0.044,0.975,3,16
124434,1619.0,0.0,0.09,0.135,0.044,0.974,3,16
124484,1611.9,0.0,0.05,0.136,0.041,0.982,3,16
124534,1589.5,0.0,0.05,0.136,0.041,0.982,3,16
124584,1616.0,0.0,0.08,0.135,0.043,0.981,3,16
124634,1610.7,0.0,0.06,0.136,0.040,0.982,3,16
124684,1588.8,0.0,0.05,0.131,0.043,0.978,3,16
124735,1611.0,0.0,0.04,0.135,0.038,0.983,3,16
124785,1607.8,0.0,0.02,0.137,0.038,0.972,3,16
124835,1587.5,0.0,0.06,0.133,0.044,0.977,3,16
124885,1624.0,0.0,0.03,0.134,0.046,0.976,3,16
124935,1624.8,0.0,0.12,0.131,0.047,0.973,3,16
124985,1604.2,0.0,0.05,0.134,0.044,0.968,3,16
125035,1618.7,0.0,0.04,0.139,0.042,0.973,3,16
125085,1611.9,0.0,0.05,0.136,0.042,0.983,3,15
125135,1591.7,0.0,0.05,0.136,0.042,0.983,3,15
125185,1609.9,0.0,0.03,0.134,0.044,0.979,3,15
125236,1616.7,0.0,0.03,0.134,0.044,0.979,3,15
125286,1598.0,0.0,0.09,0.137,0.040,0.982,3,15
125336,1620.3,0.0,0.10,0.134,0.038,0.984,3,15
125386,1627.1,0.0,0.04,0.133,0.043,0.975,3,15
125436,1610.7,0.0,0.04,0.133,0.043,0.975,3,15
125486,1627.1,0.0,0.06,0.134,0.046,0.973,3,15
125536,1626.5,0.0,0.09,0.133,0.042,0.973,3,15
125586,1607.2,0.0,0.08,0.133,0.045,0.973,3,15
125636,1621.7,0.0,0.06,0.138,0.043,0.974,3,15
125686,1631.2,0.0,0.08,0.138,0.041,0.982,3,15
125737,1616.9,0.0,0.08,0.138,0.041,0.982,3,15
125787,1619.6,0.0,0.03,0.136,0.041,0.981,3,15
125837,1607.5,0.0,0.00,0.138,0.040,0.982,3,15
125887,1586.9,0.0,0.05,0.134,0.042,0.980,3,15
125937,1603.1,0.0,0.06,0.139,0.045,0.975,3,15
125987,1612.4,0.0,0.01,0.136,0.041,0.964,3,15
126037,1589.4,0.0,0.01,0.136,0.041,0.964,3,15
126087,1601.8,0.0,0.05,0.136,0.043,0.973,3,15
126137,1619.6,0.0,0.05,0.136,0.043,0.973,3,15
126187,1602.1,0.0,0.05,0.136,0.043,0.973,3,15
126241,1595.1,0.0,0.05,0.136,0.043,0.973,3,15
126291,1621.9,0.0,0.07,0.132,0.044,0.962,3,15
126346,1607.3,0.0,0.02,0.139,0.042,0.975,3,15
126396,1593.9,0.0,0.06,0.134,0.043,0.972,3,15
126446,1620.0,0.0,0.07,0.134,0.045,0.975,3,15
126496,1604.4,0.0,0.07,0.134,0.045,0.975,3,15
126546,1596.5,0.0,0.06,0.135,0.044,0.966,3,15
126596,1620.8,0.0,0.06,0.135,0.044,0.966,3,15
126646,1621.1,0.0,0.06,0.135,0.044,0.966,3,15
126696,1601.7,0.0,0.07,0.137,0.041,0.974,3,15
126747,1614.1,0.0,0.05,0.135,0.043,0.963,3,15
126798,1620.9,0.0,0.05,0.135,0.043,0.963,3,15
126847,1596.9,0.0,0.09,0.135,0.042,0.966,3,15
126897,1622.5,0.0,0.03,0.139,0.042,0.979,3,15
126947,1623.4,0.0,0.03,0.139,0.042,0.979,3,15
126997,1604.2,0.0,0.03,0.139,0.041,0.977,3,15
127047,1618.3,0.0,0.03,0.139,0.041,0.977,3,15
127100,1628.5,0.0,0.04,0.138,0.041,0.978,3,15
127150,1614.6,0.0,0.08,0.135,0.045,0.977,3,15
127200,1626.9,0.0,0.04,0.137,0.044,0.972,3,15
127251,1635.4,0.0,0.04,0.137,0.044,0.972,3,15
127301,1621.0,0.0,0.03,0.139,0.042,0.971,3,15
127351,1626.7,0.0,0.06,0.136,0.041,0.979,3,15
127405,1632.4,0.0,0.07,0.137,0.042,0.980,3,15
127455,1608.2,0.0,0.02,0.136,0.042,0.978,3,15
127505,1615.7,0.0,0.04,0.135,0.042,0.975,3,15
127556,1632.1,0.0,0.04,0.135,0.042,0.975,3,15
127605,1612.7,0.0,0.02,0.136,0.043,0.979,3,15
127655,1613.2,0.0,0.06,0.137,0.043,0.979,3,15
127706,1642.3,0.0,0.05,0.136,0.042,0.971,3,15
127758,1629.3,0.0,0.06,0.137,0.041,0.977,3,15
127808,1602.8,0.0,0.06,0.137,0.042,0.977,3,15
127858,1623.5,0.0,0.06,0.137,0.042,0.977,3,15
127908,1630.6,0.0,0.02,0.136,0.043,0.980,3,15
127958,1614.5,0.0,0.02,0.136,0.043,0.980,3,15
128008,1627.7,0.0,0.06,0.134,0.042,0.979,3,15
128058,1628.5,0.0,0.05,0.136,0.039,0.975,3,15
128108,1610.7,0.0,0.06,0.135,0.040,0.976,3,15
128158,1627.3,0.0,0.06,0.135,0.040,0.976,3,15
128208,1624.3,0.0,0.02,0.137,0.042,0.976,3,15
128259,1605.1,0.0,0.08,0.133,0.040,0.980,3,15
128309,1629.3,0.0,0.09,0.138,0.040,0.975,3,15
128359,1645.6,0.0,0.15,0.134,0.039,0.983,3,15
128409,1632.8,0.0,0.02,0.135,0.044,0.976,3,15
128459,1641.6,0.0,0.02,0.135,0.044,0.976,3,15
128509,1644.3,0.0,0.02,0.135,0.044,0.976,3,15
128559,1628.8,0.0,0.04,0.135,0.042,0.974,3,15
128609,1619.2,0.0,0.12,0.136,0.040,0.975,3,15
128659,1649.8,0.0,0.06,0.135,0.041,0.975,3,15
128709,1635.5,0.0,0.02,0.135,0.041,0.978,3,15
128760,1624.2,0.0,0.02,0.135,0.041,0.978,3,15
128810,1660.7,0.0,0.15,0.138,0.042,0.972,3,15
128860,1646.0,0.0,0.05,0.139,0.042,0.974,3,15
128910,1636.8,0.0,0.05,0.139,0.042,0.974,3,15
128960,1665.2,0.0,0.05,0.139,0.042,0.974,3,15
129010,1667.6,0.0,0.05,0.139,0.042,0.974,3,15
129060,1648.6,0.0,0.05,0.139,0.042,0.974,3,15
129110,1667.7,0.0,0.12,0.138,0.041,0.979,3,15
129160,1664.3,0.0,0.12,0.139,0.042,0.975,3,15
129210,1644.6,0.0,0.04,0.139,0.042,0.975,3,15
129261,1635.0,0.0,0.12,0.137,0.038,0.978,3,15
129311,1670.3,0.0,0.03,0.136,0.037,0.976,3,15
129361,1655.2,0.0,0.03,0.136,0.037,0.976,3,15
129411,1654.4,0.0,0.11,0.136,0.041,0.973,3,16
129461,1677.7,0.0,0.04,0.136,0.047,0.980,3,16
129511,1661.4,0.0,0.10,0.132,0.046,0.984,3,16
129561,1666.3,0.0,0.18,0.135,0.040,0.978,3,16
129611,1677.7,0.0,0.02,0.138,0.038,0.968,3,16
129661,1681.0,0.0,0.02,0.138,0.038,0.968,3,16
129711,1665.0,0.0,0.09,0.133,0.050,0.976,3,16
129762,1671.8,0.0,0.08,0.134,0.050,0.982,3,16
129812,1664.1,0.0,0.08,0.134,0.050,0.982,3,16
129862,1645.4,0.0,0.08,0.134,0.050,0.982,3,16
129912,1658.6,0.0,0.14,0.135,0.039,0.983,3,16
129962,1661.3,0.0,0.13,0.134,0.044,0.969,3,16
130012,1668.3,0.0,0.13,0.134,0.044,0.969,3,16
130062,1656.1,0.0,0.11,0.142,0.042,0.973,3,16
130112,1661.5,0.0,0.08,0.136,0.045,0.975,3,16
130162,1638.2,0.0,0.08,0.136,0.045,0.975,3,16
130212,1651.2,0.0,0.00,0.135,0.043,0.976,3,16
130263,1681.3,0.0,0.04,0.136,0.041,0.989,3,16
130322,1684.8,0.0,0.04,0.136,0.041,0.989,3,16
130371,1666.2,0.0,0.11,0.133,0.042,0.972,3,16
130421,1672.5,0.0,0.03,0.133,0.047,0.972,3,16
130472,1672.8,0.0,0.10,0.143,0.035,0.971,3,16
130521,1646.0,0.0,0.05,0.139,0.038,0.977,3,16
130571,1655.0,0.0,0.01,0.133,0.042,0.973,3,16
130621,1670.4,0.0,0.01,0.133,0.042,0.973,3,16
130671,1662.2,0.0,0.05,0.135,0.042,0.967,3,16
130721,1640.9,0.0,0.04,0.132,0.045,0.972,3,16
130774,1660.5,0.0,0.05,0.134,0.037,0.972,3,16
130823,1666.3,0.0,0.04,0.141,0.039,0.979,3,16
130873,1650.2,0.0,0.09,0.141,0.040,0.980,3,16
130923,1635.5,0.0,0.19,0.138,0.040,0.975,3,16
130973,1649.9,0.0,0.07,0.132,0.042,0.976,3,16
131023,1629.9,0.0,0.07,0.139,0.042,0.970,3,16
131073,1629.4,0.0,0.07,0.139,0.042,0.970,3,16
131123,1653.6,0.0,0.07,0.137,0.044,0.968,3,16
131173,1637.3,0.0,0.08,0.135,0.045,0.977,3,16
131223,1635.5,0.0,0.07,0.132,0.042,0.977,3,16
131278,1663.8,0.0,0.07,0.132,0.042,0.977,3,16
131328,1663.2,0.0,0.06,0.136,0.041,0.976,3,16
131378,1643.8,0.0,0.06,0.136,0.041,0.976,3,16
131428,1654.5,0.0,0.10,0.137,0.042,0.971,3,16
131478,1655.7,0.0,0.08,0.135,0.044,0.972,3,16
131530,1639.4,0.0,0.06,0.134,0.044,0.980,3,16
131579,1643.0,0.0,0.03,0.135,0.040,0.975,3,16
131629,1655.6,0.0,0.02,0.138,0.039,0.979,3,16
131679,1634.8,0.0,0.02,0.138,0.039,0.979,3,16
131729,1638.1,0.0,0.02,0.138,0.039,0.979,3,16
131780,1649.2,0.0,0.02,0.138,0.039,0.979,3,16
131831,1628.2,0.0,0.02,0.140,0.038,0.976,3,16
131880,1633.0,0.0,0.02,0.140,0.038,0.976,3,16
131930,1659.6,0.0,0.13,0.137,0.044,0.977,3,16
131981,1653.9,0.0,0.13,0.137,0.044,0.977,3,16
132030,1632.0,0.0,0.03,0.134,0.043,0.977,3,16
132080,1651.8,0.0,0.06,0.136,0.042,0.978,3,16
132130,1662.8,0.0,0.03,0.134,0.041,0.976,3,16
132180,1648.7,0.0,0.03,0.134,0.041,0.976,3,16
132230,1667.5,0.0,0.05,0.140,0.041,0.983,3,16
132281,1666.2,0.0,0.04,0.137,0.040,0.975,3,16
132331,1646.5,0.0,0.04,0.137,0.040,0.975,3,16
132381,1651.4,0.0,0.05,0.135,0.042,0.982,3,16
132433,1674.9,0.0,0.03,0.132,0.044,0.971,3,16
132482,1658.5,0.0,0.07,0.137,0.045,0.981,3,16
132532,1670.1,0.0,0.09,0.141,0.036,0.981,3,16
132582,1693.6,0.0,0.04,0.140,0.035,0.982,3,16
132632,1696.9,0.0,0.04,0.140,0.035,0.982,3,16
132682,1679.2,0.0,0.02,0.133,0.040,0.981,3,16
132732,1707.0,0.0,0.01,0.147,0.043,0.963,3,16
132784,1704.9,0.0,0.01,0.147,0.043,0.963,3,16
132834,1684.5,0.0,0.04,0.134,0.039,0.987,3,16
132884,1667.5,0.0,0.01,0.135,0.040,0.984,3,16
132934,1689.0,0.0,0.01,0.135,0.040,0.984,3,16
132984,1696.8,0.0,0.12,0.134,0.045,0.983,3,16
133035,1680.3,0.0,0.07,0.136,0.046,0.969,3,16
133084,1690.2,0.0,0.07,0.138,0.038,0.966,3,16
133134,1688.3,0.0,0.01,0.142,0.039,0.988,3,16
133184,1670.8,0.0,0.11,0.140,0.041,0.989,3,16
133234,1670.7,0.0,0.11,0.140,0.041,0.989,3,16
133285,1691.1,0.0,0.03,0.138,0.044,0.959,3,16
133335,1673.5,0.0,0.06,0.136,0.045,0.968,3,16
133385,1654.9,0.0,0.09,0.137,0.038,0.967,3,16
133435,1674.7,0.0,0.08,0.139,0.039,0.975,3,16
133485,1685.7,0.0,0.08,0.138,0.040,0.974,3,16
133535,1671.3,0.0,0.08,0.138,0.040,0.974,3,16
133585,1675.0,0.0,0.07,0.134,0.044,0.974,3,16
133635,1678.1,0.0,0.03,0.136,0.041,0.973,3,16
133685,1663.5,0.0,0.11,0.132,0.043,0.973,3,16
133735,1668.9,0.0,0.07,0.133,0.048,0.980,3,16
133786,1684.4,0.0,0.11,0.140,0.039,0.977,3,16
133836,1665.9,0.0,0.11,0.140,0.039,0.977,3,16
133886,1679.1,0.0,0.07,0.139,0.038,0.975,3,16
133936,1695.9,0.0,0.16,0.133,0.039,0.976,3,16
133986,1699.6,0.0,0.15,0.133,0.046,0.976,3,16
134036,1682.4,0.0,0.06,0.134,0.043,0.971,3,16
134086,1684.1,0.0,0.05,0.133,0.048,0.977,3,16
134136,1679.0,0.0,0.05,0.133,0.048,0.977,3,16
134186,1661.4,0.0,0.07,0.140,0.039,0.993,3,16
134236,1657.2,0.0,0.05,0.132,0.045,0.977,3,16
134287,1670.1,0.0,0.02,0.134,0.041,0.969,3,16
134337,1649.8,0.0,0.02,0.134,0.038,0.968,3,16
134387,1636.6,0.0,0.07,0.131,0.047,0.977,3,16
134437,1661.4,0.0,0.07,0.131,0.047,0.977,3,16
134487,1645.0,0.0,0.09,0.142,0.040,0.982,3,16
134537,1654.4,0.0,0.09,0.142,0.040,0.982,3,16
134587,1677.1,0.0,0.09,0.142,0.040,0.982,3,16
134637,1675.1,0.0,0.04,0.139,0.040,0.982,3,16
134687,1655.0,0.0,0.08,0.137,0.044,0.975,3,16
134737,1669.0,0.0,0.08,0.137,0.044,0.975,3,16
134797,1677.0,0.0,0.03,0.140,0.043,0.972,3,16
134847,1661.8,0.0,0.07,0.134,0.044,0.975,3,16
134898,1651.6,0.0,0.07,0.134,0.044,0.975,3,16
134947,1682.5,0.0,0.08,0.136,0.039,0.981,3,16
134997,1690.6,0.0,0.07,0.140,0.038,0.978,3,16
135048,1674.0,0.0,0.07,0.140,0.038,0.978,3,16
135097,1685.3,0.0,0.01,0.134,0.039,0.976,3,16
135147,1683.1,0.0,0.01,0.131,0.046,0.982,3,16
135198,1665.3,0.0,0.01,0.131,0.046,0.982,3,16
135247,1671.7,0.0,0.08,0.132,0.039,0.980,3,16
135298,1694.5,0.0,0.11,0.134,0.041,0.983,3,16
135348,1678.6,0.0,0.11,0.134,0.041,0.983,3,16
135398,1677.8,0.0,0.11,0.134,0.041,0.983,3,16
135448,1688.6,0.0,0.05,0.137,0.043,0.981,3,16
135499,1690.4,0.0,0.05,0.137,0.043,0.981,3,16
135549,1674.0,0.0,0.07,0.137,0.041,0.962,3,16
135599,1695.8,0.0,0.12,0.139,0.038,0.982,3,16
135651,1684.2,0.0,0.12,0.139,0.038,0.982,3,16
135700,1659.9,0.0,0.05,0.137,0.044,0.981,3,16
135750,1673.9,0.0,0.05,0.133,0.044,0.978,3,16
135801,1698.7,0.0,0.05,0.133,0.044,0.978,3,16
135851,1701.1,0.0,0.05,0.133,0.044,0.978,3,16
135901,1682.4,0.0,0.06,0.132,0.048,0.975,3,16
135951,1696.9,0.0,0.06,0.132,0.048,0.975,3,16
136001,1699.6,0.0,0.05,0.136,0.044,0.964,3,16
136051,1683.3,0.0,0.07,0.141,0.038,0.990,3,16
136103,1680.9,0.0,0.03,0.130,0.043,0.971,3,16
136153,1690.0,0.0,0.06,0.126,0.042,0.972,3,16
136203,1667.7,0.0,0.03,0.141,0.038,0.992,3,16
136253,1680.1,0.0,0.03,0.141,0.038,0.992,3,16
136305,1698.0,0.0,0.07,0.132,0.040,0.976,3,16
136355,1703.8,0.0,0.02,0.132,0.043,0.968,3,16
136405,1687.5,0.0,0.03,0.131,0.041,0.968,3,16
136455,1685.6,0.0,0.09,0.139,0.038,0.972,3,16
136505,1705.3,0.0,0.02,0.134,0.046,0.978,3,16
136555,1687.4,0.0,0.02,0.134,0.046,0.978,3,16
136605,1684.0,0.0,0.04,0.133,0.037,0.974,3,16
136655,1687.8,0.0,0.06,0.139,0.041,0.963,3,16
136705,1696.6,0.0,0.02,0.137,0.043,0.959,3,16
136755,1684.4,0.0,0.08,0.153,0.040,0.962,3,16
136806,1697.4,0.0,0.07,0.133,0.046,0.981,3,16
136857,1705.3,0.0,0.07,0.133,0.046,0.981,3,16
136906,1690.7,0.0,0.10,0.136,0.038,0.981,3,16
136956,1675.1,0.0,0.08,0.136,0.042,0.984,3,16
137007,1690.9,0.0,0.04,0.136,0.044,0.963,3,16
137056,1671.4,0.0,0.04,0.148,0.042,0.964,3,16
137106,1672.7,0.0,0.05,0.136,0.046,0.971,3,16
137157,1692.6,0.0,0.05,0.136,0.046,0.971,3,16
137206,1696.1,0.0,0.11,0.137,0.041,0.983,3,16
137256,1679.0,0.0,0.11,0.137,0.041,0.983,3,16
137307,1687.9,0.0,0.16,0.139,0.044,0.982,3,16
137357,1702.9,0.0,0.16,0.139,0.044,0.982,3,16
137407,1687.5,0.0,0.06,0.134,0.045,0.979,3,16
137457,1676.8,0.0,0.06,0.134,0.045,0.979,3,16
137507,1716.3,0.0,0.07,0.134,0.046,0.973,3,16
137557,1705.4,0.0,0.04,0.141,0.040,0.975,3,16
137608,1682.3,0.0,0.05,0.140,0.042,0.996,3,16
137658,1707.2,0.0,0.07,0.129,0.046,0.978,3,16
137708,1701.6,0.0,0.03,0.129,0.044,0.969,3,16
137759,1679.9,0.0,0.03,0.129,0.044,0.969,3,16
137809,1668.8,0.0,0.07,0.137,0.038,0.969,3,16
137859,1694.8,0.0,0.20,0.140,0.045,0.992,3,16
137909,1708.4,0.0,0.12,0.130,0.039,0.977,3,16
137959,1694.2,0.0,0.07,0.128,0.044,0.965,3,16
138009,1700.2,0.0,0.14,0.139,0.042,0.960,3,16
138059,1687.4,0.0,0.14,0.139,0.042,0.960,3,16
138109,1700.9,0.0,0.13,0.133,0.049,0.984,3,16
138159,1672.0,0.0,0.13,0.133,0.049,0.984,3,16
138209,1682.7,0.0,0.06,0.130,0.036,0.988,3,16
138259,1661.1,0.0,0.06,0.128,0.041,0.968,3,16
138310,1661.1,0.0,0.11,0.144,0.037,0.993,3,16
138360,1688.1,0.0,0.11,0.144,0.037,0.993,3,16
138410,1679.2,0.0,0.07,0.151,0.042,0.966,3,16
138460,1657.0,0.0,0.04,0.134,0.043,0.985,3,16
138510,1687.8,0.0,0.03,0.136,0.045,0.982,3,16
138560,1689.1,0.0,0.07,0.136,0.042,0.983,3,16
138610,1669.7,0.0,0.05,0.135,0.039,0.979,3,16
138660,1683.4,0.0,0.05,0.135,0.039,0.979,3,16
138710,1696.1,0.0,0.06,0.138,0.044,0.962,3,16
138760,1675.3,0.0,0.02,0.131,0.043,0.985,3,16
138811,1663.8,0.0,0.07,0.135,0.039,0.982,3,16
138861,1684.4,0.0,0.07,0.136,0.040,0.982,3,16
138911,1679.5,0.0,0.13,0.136,0.037,0.975,3,16
138961,1651.8,0.0,0.13,0.136,0.037,0.975,3,16
139011,1682.4,0.0,0.04,0.135,0.045,0.960,3,16
139061,1692.4,0.0,0.10,0.130,0.043,0.985,3,16
139111,1675.1,0.0,0.09,0.138,0.043,0.985,3,16
139161,1672.4,0.0,0.09,0.138,0.043,0.985,3,16
139211,1689.0,0.0,0.04,0.142,0.038,0.966,3,16
139261,1670.4,0.0,0.04,0.142,0.038,0.966,3,16
139312,1675.1,0.0,0.04,0.141,0.044,0.959,3,16
139362,1703.4,0.0,0.09,0.126,0.048,0.972,3,16
139412,1706.3,0.0,0.04,0.134,0.039,0.988,3,16
139462,1687.1,0.0,0.03,0.140,0.040,0.980,3,16
139512,1698.8,0.0,0.13,0.144,0.032,0.968,3,16
139562,1695.1,0.0,0.13,0.144,0.032,0.968,3,16
139612,1681.9,0.0,0.05,0.129,0.045,0.979,3,16
139662,1672.2,0.0,0.09,0.125,0.055,0.981,3,16
139712,1696.4,0.0,0.06,0.133,0.045,0.972,3,16
139762,1680.2,0.0,0.08,0.131,0.046,0.978,3,16
139813,1688.0,0.0,0.06,0.144,0.035,0.990,3,16
139863,1702.0,0.0,0.08,0.139,0.030,0.973,3,16
139913,1700.8,0.0,0.08,0.139,0.030,0.973,3,16
139963,1681.5,0.0,0.08,0.135,0.042,0.965,3,16
140013,1675.7,0.0,0.08,0.135,0.042,0.965,3,16
140063,1690.4,0.0,0.08,0.135,0.042,0.965,3,16
140113,1670.8,0.0,0.06,0.133,0.048,0.968,3,16
140163,1668.0,0.0,0.04,0.131,0.047,0.978,3,16
140213,1686.8,0.0,0.04,0.131,0.047,0.978,3,16
140263,1686.8,0.0,0.01,0.133,0.042,0.964,3,16
140314,1669.1,0.0,0.10,0.138,0.039,0.963,3,16
140373,1667.1,0.0,0.10,0.138,0.039,0.963,3,16
140422,1695.1,0.0,0.04,0.131,0.046,0.976,3,16
140472,1680.3,0.0,0.04,0.131,0.046,0.976,3,16
140522,1663.4,0.0,0.04,0.131,0.046,0.976,3,16
140572,1684.9,0.0,0.11,0.134,0.044,0.981,3,16
140622,1689.5,0.0,0.11,0.134,0.041,0.981,3,16
140672,1672.6,0.0,0.11,0.134,0.041,0.981,3,16
140722,1690.3,0.0,0.06,0.133,0.044,0.979,3,16
140772,1691.4,0.0,0.07,0.132,0.044,0.982,3,16
140825,1673.8,0.0,0.07,0.132,0.044,0.982,3,16
140874,1663.4,0.0,0.07,0.137,0.042,0.985,3,16
140924,1690.3,0.0,0.04,0.136,0.040,0.988,3,16
140975,1675.0,0.0,0.04,0.136,0.040,0.988,3,16
141025,1670.0,0.0,0.09,0.139,0.046,0.958,3,16
141075,1698.0,0.0,0.12,0.135,0.041,0.982,3,16
141126,1687.8,0.0,0.12,0.135,0.041,0.982,3,16
141175,1663.0,0.0,0.12,0.142,0.034,0.959,3,16
141225,1682.3,0.0,0.06,0.135,0.042,0.984,3,16
141276,1691.2,0.0,0.06,0.135,0.042,0.984,3,16
141333,1691.1,0.0,0.11,0.139,0.047,0.971,3,16
141383,1671.4,0.0,0.11,0.139,0.047,0.971,3,16
141433,1693.6,0.0,0.04,0.137,0.038,0.986,3,16
141483,1698.2,0.0,0.04,0.137,0.038,0.986,3,16
141533,1681.2,0.0,0.04,0.141,0.043,0.972,3,16
141583,1688.6,0.0,0.04,0.141,0.043,0.972,3,16
141635,1710.6,0.0,0.06,0.146,0.042,0.963,3,16
141684,1693.6,0.0,0.05,0.126,0.046,0.981,3,16
141734,1687.8,0.0,0.04,0.131,0.040,0.981,3,16
141785,1709.1,0.0,0.12,0.141,0.041,0.993,3,16
141835,1708.5,0.0,0.07,0.131,0.044,0.976,3,16
141885,1689.2,0.0,0.07,0.131,0.044,0.976,3,16
141935,1692.5,0.0,0.09,0.136,0.039,0.958,3,16
141985,1693.7,0.0,0.07,0.133,0.043,0.972,3,16
142035,1678.7,0.0,0.11,0.124,0.042,0.988,3,16
142085,1676.3,0.0,0.04,0.126,0.045,0.979,3,16
142135,1698.9,0.0,0.05,0.137,0.050,0.991,3,16
142186,1688.3,0.0,0.05,0.137,0.050,0.991,3,16
142235,1665.1,0.0,0.25,0.133,0.042,0.965,3,16
142285,1689.5,0.0,0.05,0.142,0.041,0.975,3,16
142336,1686.9,0.0,0.06,0.129,0.036,0.978,3,16
142386,1666.3,0.0,0.09,0.131,0.045,0.984,3,16
142436,1663.3,0.0,0.07,0.126,0.045,0.983,3,16
142486,1686.9,0.0,0.07,0.126,0.045,0.983,3,16
142536,1681.3,0.0,0.02,0.137,0.043,0.986,3,16
142586,1666.3,0.0,0.09,0.151,0.038,0.958,3,16
142636,1688.6,0.0,0.07,0.137,0.043,0.976,3,16
142686,1686.5,0.0,0.04,0.131,0.035,0.983,3,16
142736,1667.1,0.0,0.06,0.131,0.045,0.991,3,16
142786,1685.6,0.0,0.06,0.131,0.045,0.991,3,16
142837,1684.4,0.0,0.06,0.131,0.045,0.991,3,16
142887,1665.4,0.0,0.06,0.131,0.045,0.991,3,16
142937,1666.3,0.0,0.05,0.153,0.041,0.959,3,16
142987,1683.0,0.0,0.05,0.153,0.041,0.959,3,16
143037,1664.1,0.0,0.04,0.137,0.042,0.964,3,16
143087,1677.4,0.0,0.06,0.127,0.035,0.985,3,16
143137,1693.3,0.0,0.06,0.127,0.035,0.985,3,16
143187,1685.2,0.0,0.12,0.146,0.042,0.960,3,16
143237,1664.2,0.0,0.09,0.138,0.041,0.980,3,16
143287,1687.2,0.0,0.14,0.149,0.040,0.962,3,16
143338,1695.7,0.0,0.13,0.128,0.031,0.984,3,16
143388,1679.2,0.0,0.14,0.143,0.039,0.979,3,16
143438,1685.0,0.0,0.14,0.143,0.039,0.979,3,16
143488,1710.5,0.0,0.03,0.133,0.040,0.982,3,16
143538,1694.9,0.0,0.06,0.135,0.043,0.983,3,16
143588,1689.0,0.0,0.02,0.139,0.044,0.959,3,16
143638,1713.0,0.0,0.13,0.142,0.038,0.964,3,16
143688,1708.6,0.0,0.06,0.138,0.039,0.977,3,16
143738,1687.4,0.0,0.06,0.138,0.039,0.977,3,16
143788,1701.3,0.0,0.09,0.128,0.047,0.979,3,16
143839,1704.9,0.0,0.05,0.127,0.043,0.972,3,16
143895,1700.3,0.0,0.09,0.130,0.040,0.970,3,16
143944,1679.5,0.0,0.12,0.131,0.044,0.976,3,16
143994,1705.4,0.0,0.26,0.137,0.042,0.997,3,16
144044,1704.0,0.0,0.26,0.137,0.042,0.997,3,16
144094,1684.2,0.0,0.21,0.132,0.038,0.979,3,16
144144,1678.5,0.0,0.17,0.136,0.045,0.990,3,16
144195,1706.2,0.0,0.29,0.132,0.048,0.975,3,16
144244,1691.2,0.0,0.12,0.155,0.041,0.961,3,16
144294,1698.1,0.0,0.01,0.130,0.033,0.992,3,16
144348,1704.4,0.0,0.03,0.131,0.036,0.979,3,16
144397,1699.6,0.0,0.09,0.135,0.039,0.979,3,16
144447,1681.1,0.0,0.05,0.139,0.047,0.983,3,16
144497,1695.8,0.0,0.12,0.134,0.043,0.977,3,16
144547,1706.6,0.0,0.02,0.140,0.040,0.965,3,16
144597,1682.8,0.0,0.02,0.136,0.036,0.980,3,16
144650,1676.9,0.0,0.03,0.139,0.037,0.992,3,16
144699,1703.2,0.0,0.03,0.139,0.037,0.992,3,16
144749,1697.9,0.0,0.05,0.132,0.044,0.968,3,16
144799,1675.9,0.0,0.05,0.132,0.044,0.968,3,16
144852,1679.1,0.0,0.04,0.138,0.040,0.972,3,16
144902,1683.1,0.0,0.06,0.134,0.046,0.975,3,16
144954,1658.1,0.0,0.06,0.141,0.040,0.991,3,16
145003,1670.0,0.0,0.10,0.137,0.040,0.981,3,16
145053,1682.2,0.0,0.16,0.131,0.043,0.969,3,16
145103,1673.0,0.0,0.16,0.131,0.043,0.969,3,16
145153,1651.8,0.0,0.16,0.131,0.043,0.969,3,16
145203,1676.0,0.0,0.13,0.132,0.041,0.978,3,16
145255,1645.2,0.0,0.05,0.139,0.038,0.969,3,16
145304,1674.2,0.0,0.02,0.133,0.039,0.980,3,16
145355,1661.7,0.0,0.13,0.137,0.040,0.989,3,16
145407,1675.1,0.0,0.13,0.137,0.040,0.989,3,16
145456,1655.0,0.0,0.15,0.131,0.043,0.976,3,16
145506,1675.2,0.0,0.06,0.140,0.047,0.975,3,16
145556,1689.8,0.0,0.06,0.140,0.047,0.975,3,16
145606,1691.6,0.0,0.06,0.140,0.047,0.975,3,16
145656,1674.5,0.0,0.06,0.140,0.047,0.975,3,16
145707,1685.3,0.0,0.06,0.140,0.047,0.975,3,16
145756,1692.1,0.0,0.09,0.136,0.047,0.978,3,16
145806,1677.6,0.0,0.04,0.136,0.040,0.967,3,16
145858,1686.8,0.0,0.04,0.136,0.040,0.967,3,16
145907,1706.0,0.0,0.07,0.141,0.036,0.968,3,16
145957,1688.2,0.0,0.04,0.132,0.049,0.975,3,16
146007,1673.0,0.0,0.04,0.132,0.049,0.975,3,16
146057,1718.7,0.0,0.02,0.126,0.041,0.982,3,16
146107,1707.1,0.0,0.05,0.141,0.043,0.987,3,16
146158,1686.3,0.0,0.06,0.135,0.039,0.977,3,16
146208,1693.2,0.0,0.06,0.130,0.047,0.981,3,16
146258,1709.0,0.0,0.07,0.130,0.033,0.984,3,16
146308,1689.9,0.0,0.03,0.140,0.043,0.988,3,16
146360,1690.9,0.0,0.03,0.140,0.043,0.988,3,16
146410,1701.3,0.0,0.04,0.146,0.046,0.962,3,16
146460,1693.5,0.0,0.04,0.146,0.046,0.962,3,16
146510,1673.8,0.0,0.04,0.146,0.046,0.962,3,16
146560,1687.2,0.0,0.03,0.139,0.037,0.976,3,16
146610,1682.7,0.0,0.06,0.138,0.040,0.976,3,16
146660,1679.9,0.0,0.06,0.138,0.040,0.976,3,16
146710,1673.6,0.0,0.06,0.128,0.044,0.979,3,16
146760,1691.7,0.0,0.05,0.132,0.041,0.966,3,16
146810,1674.1,0.0,0.05,0.131,0.047,0.972,3,16
146861,1658.6,0.0,0.06,0.143,0.039,0.988,3,16
146911,1683.0,0.0,0.05,0.140,0.039,0.973,3,16
146961,1675.9,0.0,0.05,0.140,0.039,0.973,3,16
147011,1653.3,0.0,0.02,0.130,0.044,0.975,3,16
147061,1683.8,0.0,0.01,0.136,0.040,0.968,3,16
147111,1690.9,0.0,0.08,0.133,0.045,0.973,3,16
147161,1673.6,0.0,0.04,0.142,0.038,0.986,3,16
147211,1672.2,0.0,0.02,0.141,0.041,0.988,3,16
147261,1682.9,0.0,0.02,0.141,0.041,0.988,3,16
147311,1661.8,0.0,0.02,0.134,0.041,0.974,3,16
147362,1682.1,0.0,0.02,0.134,0.041,0.974,3,16
147412,1692.0,0.0,0.02,0.134,0.041,0.974,3,16
147462,1690.0,0.0,0.04,0.136,0.043,0.966,3,16
147512,1672.6,0.0,0.04,0.145,0.038,0.989,3,16
147562,1683.5,0.0,0.04,0.145,0.038,0.989,3,16
147612,1689.9,0.0,0.04,0.133,0.038,0.978,3,16
147662,1675.2,0.0,0.08,0.132,0.044,0.977,3,16
147712,1684.0,0.0,0.05,0.136,0.043,0.964,3,16
147762,1705.2,0.0,0.04,0.139,0.038,0.982,3,16
147812,1704.4,0.0,0.02,0.140,0.039,0.978,3,16
147863,1685.4,0.0,0.02,0.140,0.039,0.978,3,16
147913,1689.4,0.0,0.11,0.131,0.045,0.978,3,16
147963,1678.5,0.0,0.13,0.133,0.043,0.969,3,16
148013,1691.4,0.0,0.09,0.133,0.047,0.976,3,16
148063,1682.9,0.0,0.05,0.139,0.037,0.970,3,16
148113,1698.3,0.0,0.08,0.137,0.041,0.977,3,16
148163,1686.5,0.0,0.08,0.137,0.041,0.977,3,16
148213,1691.9,0.0,0.06,0.135,0.038,0.976,3,16
148263,1690.7,0.0,0.10,0.130,0.044,0.968,3,16
148313,1692.0,0.0,0.03,0.131,0.049,0.975,3,16
148372,1678.1,0.0,0.11,0.129,0.047,0.981,3,16
148422,1664.9,0.0,0.11,0.129,0.047,0.981,3,16
148473,1686.0,0.0,0.11,0.129,0.047,0.981,3,16
148523,1668.8,0.0,0.04,0.131,0.037,0.986,3,16
148573,1670.4,0.0,0.04,0.131,0.042,0.972,3,16
148623,1702.8,0.0,0.04,0.131,0.042,0.972,3,16
148673,1689.1,0.0,0.15,0.146,0.040,0.961,3,16
148723,1671.3,0.0,0.09,0.129,0.038,0.982,3,16
148773,1690.2,0.0,0.09,0.129,0.038,0.982,3,16
148823,1685.4,0.0,0.09,0.129,0.038,0.982,3,16
148874,1665.2,0.0,0.06,0.138,0.043,0.990,3,16
148924,1671.7,0.0,0.06,0.138,0.043,0.990,3,16
148974,1687.2,0.0,0.05,0.147,0.041,0.965,3,16
149024,1667.9,0.0,0.02,0.148,0.039,0.964,3,16
149076,1668.9,0.0,0.02,0.148,0.039,0.964,3,16
149125,1684.0,0.0,0.03,0.123,0.036,0.985,3,16
149175,1688.9,0.0,0.06,0.142,0.043,0.983,3,16
149225,1672.7,0.0,0.06,0.142,0.043,0.983,3,16
149275,1690.1,0.0,0.06,0.142,0.043,0.983,3,16
149325,1705.5,0.0,0.00,0.128,0.043,0.985,3,16
149376,1686.2,0.0,0.00,0.128,0.043,0.985,3,16
149426,1693.3,0.0,0.05,0.139,0.038,0.962,3,16
149476,1713.5,0.0,0.07,0.143,0.031,0.985,3,16
149527,1705.3,0.0,0.07,0.143,0.031,0.985,3,16
149576,1683.4,0.0,0.07,0.133,0.050,0.986,3,16
149626,1706.7,0.0,0.04,0.136,0.047,0.968,3,16
149676,1709.1,0.0,0.04,0.136,0.047,0.968,3,16
149726,1691.0,0.0,0.04,0.139,0.035,0.964,3,16
149776,1699.2,0.0,0.01,0.138,0.039,0.976,3,16
149831,1712.9,0.0,0.02,0.141,0.042,0.997,3,16
149883,1713.3,0.0,0.05,0.136,0.042,0.976,3,16
149933,1695.7,0.0,0.04,0.138,0.036,0.967,3,16
149984,1678.7,0.0,0.04,0.138,0.036,0.967,3,16
150033,1707.3,0.0,0.03,0.129,0.038,0.983,3,16
150083,1691.4,0.0,0.06,0.141,0.045,0.988,3,16
150134,1677.4,0.0,0.05,0.139,0.040,0.982,3,16
150183,1700.0,0.0,0.04,0.135,0.046,0.970,3,16
150233,1703.3,0.0,0.04,0.143,0.043,0.956,3,16
150284,1686.5,0.0,0.04,0.143,0.043,0.956,3,16
150333,1709.3,0.0,0.03,0.136,0.037,0.985,3,16
150384,1712.9,0.0,0.03,0.133,0.046,0.983,3,16
150434,1695.6,0.0,0.06,0.133,0.041,0.982,3,16
150484,1699.7,0.0,0.06,0.133,0.041,0.982,3,16
150534,1716.5,0.0,0.07,0.130,0.042,0.973,3,16
150584,1713.8,0.0,0.07,0.130,0.042,0.973,3,16
150634,1695.2,0.0,0.00,0.136,0.038,0.968,3,16
150684,1707.4,0.0,0.06,0.134,0.040,0.976,3,16
150734,1697.5,0.0,0.04,0.139,0.044,0.994,3,16
150784,1698.6,0.0,0.04,0.135,0.040,0.982,3,16
150834,1694.1,0.0,0.04,0.151,0.040,0.957,3,16
150885,1703.4,0.0,0.04,0.151,0.040,0.957,3,16
150935,1712.5,0.0,0.02,0.131,0.034,0.987,3,16
150985,1698.8,0.0,0.02,0.141,0.034,0.991,3,16
151035,1713.4,0.0,0.08,0.136,0.044,0.983,3,16
151085,1709.5,0.0,0.11,0.132,0.041,0.983,3,16
151135,1690.5,0.0,0.11,0.132,0.041,0.983,3,16
151185,1697.2,0.0,0.04,0.129,0.047,0.980,3,16
151235,1719.4,0.0,0.04,0.129,0.047,0.980,3,16
151285,1713.9,0.0,0.08,0.139,0.034,0.993,3,16
151335,1692.5,0.0,0.04,0.137,0.037,0.978,3,16
151387,1716.2,0.0,0.08,0.140,0.038,0.999,3,16
151437,1716.1,0.0,0.09,0.127,0.043,0.970,3,16
151487,1697.5,0.0,0.09,0.127,0.043,0.970,3,16
151538,1687.9,0.0,0.12,0.129,0.043,0.981,3,16
151588,1705.7,0.0,0.12,0.129,0.043,0.981,3,16
151638,1714.3,0.0,0.03,0.132,0.045,0.980,3,16
151688,1699.4,0.0,0.08,0.131,0.035,0.989,3,16
151738,1707.2,0.0,0.02,0.137,0.044,0.988,3,16
151788,1707.6,0.0,0.02,0.137,0.044,0.988,3,16
151838,1691.0,0.0,0.05,0.139,0.047,0.963,3,16
151889,1700.6,0.0,0.07,0.143,0.035,0.993,3,16
151939,1710.8,0.0,0.03,0.138,0.037,0.997,3,16
151989,1689.3,0.0,0.03,0.138,0.037,0.997,3,16
152039,1695.6,0.0,0.01,0.125,0.045,0.976,3,16
152089,1722.0,0.0,0.01,0.125,0.045,0.976,3,16
152139,1727.8,0.0,0.02,0.138,0.042,0.968,3,16
152189,1711.0,0.0,0.05,0.126,0.040,0.984,3,16
152239,1693.1,0.0,0.05,0.140,0.040,0.961,3,16
152289,1715.8,0.0,0.05,0.140,0.040,0.961,3,16
152339,1699.4,0.0,0.04,0.152,0.042,0.961,3,16
152390,1691.4,0.0,0.04,0.134,0.034,0.999,3,16
152446,1737.0,0.0,0.04,0.134,0.034,0.999,3,16
152495,1727.8,0.0,0.06,0.135,0.038,0.982,3,16
152545,1706.8,0.0,0.07,0.147,0.041,0.957,3,16
152596,1697.7,0.0,0.07,0.147,0.041,0.957,3,16
152645,1719.1,0.0,0.15,0.134,0.042,0.966,3,16
152695,1721.6,0.0,0.10,0.133,0.041,0.980,3,16
152746,1703.6,0.0,0.10,0.133,0.041,0.980,3,16
152795,1725.4,0.0,0.03,0.137,0.037,0.982,3,16
152845,1710.2,0.0,0.06,0.149,0.042,0.954,3,16
152899,1684.1,0.0,0.06,0.149,0.042,0.954,3,16
152950,1695.9,0.0,0.09,0.146,0.042,0.958,3,16
153000,1715.6,0.0,0.04,0.137,0.041,0.982,3,16
153050,1721.6,0.0,0.04,0.137,0.041,0.982,3,16
153100,1706.5,0.0,0.07,0.129,0.045,0.981,3,16
153150,1717.0,0.0,0.05,0.141,0.033,0.993,3,16
153200,1730.0,0.0,0.05,0.141,0.033,0.993,3,16
153250,1709.8,0.0,0.01,0.143,0.041,0.997,3,16
153300,1711.7,0.0,0.01,0.140,0.041,0.992,3,16
153350,1733.7,0.0,0.01,0.140,0.041,0.992,3,16
153408,1745.7,0.0,0.03,0.137,0.044,0.954,3,16
153458,1708.6,0.0,0.03,0.137,0.044,0.954,3,16
153508,1729.5,0.0,0.03,0.137,0.044,0.954,3,16
153558,1737.2,0.0,0.04,0.134,0.039,0.980,3,16
153608,1734.8,0.0,0.01,0.136,0.040,0.980,3,16
153658,1716.3,0.0,0.04,0.127,0.046,0.975,3,16
153708,1718.6,0.0,0.04,0.127,0.046,0.975,3,16
153758,1724.1,0.0,0.07,0.142,0.041,0.953,3,16
153809,1700.3,0.0,0.07,0.142,0.041,0.953,3,16
153858,1692.2,0.0,0.02,0.137,0.038,0.980,3,16
153909,1715.0,0.0,0.00,0.137,0.044,0.988,3,16
153959,1725.4,0.0,0.02,0.131,0.049,0.984,3,16
154009,1710.4,0.0,0.02,0.131,0.049,0.984,3,16
154059,1702.9,0.0,0.05,0.132,0.050,0.968,3,16
154110,1714.6,0.0,0.05,0.132,0.050,0.968,3,16
154159,1693.3,0.0,0.07,0.126,0.042,0.981,3,16
154209,1702.0,0.0,0.01,0.136,0.042,0.968,3,16
154259,1713.1,0.0,0.08,0.134,0.045,0.959,3,16
154309,1709.5,0.0,0.01,0.126,0.040,0.984,3,16
154359,1690.1,0.0,0.01,0.126,0.040,0.984,3,16
154411,1709.3,0.0,0.06,0.134,0.035,0.990,3,16
154461,1718.3,0.0,0.06,0.134,0.035,0.990,3,16
154510,1696.2,0.0,0.05,0.134,0.047,0.984,3,16
154560,1677.8,0.0,0.04,0.131,0.042,0.978,3,16
154611,1741.4,0.0,0.05,0.139,0.047,0.964,3,16
154660,1727.2,0.0,0.09,0.127,0.046,0.978,3,16
154710,1709.8,0.0,0.09,0.127,0.046,0.978,3,16
154761,1722.2,0.0,0.07,0.136,0.037,0.979,3,16
154810,1744.0,0.0,0.07,0.136,0.037,0.979,3,16
154860,1737.6,0.0,0.05,0.148,0.041,0.955,3,16
154911,1716.1,0.0,0.05,0.148,0.041,0.955,3,16
154961,1743.7,0.0,0.04,0.139,0.037,0.983,3,16
155011,1735.7,0.0,0.09,0.129,0.045,0.982,3,16
155061,1712.2,0.0,0.09,0.129,0.045,0.982,3,16
155111,1711.2,0.0,0.06,0.142,0.041,0.964,3,16
155161,1727.9,0.0,0.10,0.132,0.043,0.974,3,16
155211,1723.6,0.0,0.08,0.129,0.037,0.988,3,16
155261,1704.3,0.0,0.08,0.129,0.037,0.988,3,16
155311,1723.8,0.0,0.10,0.134,0.045,0.956,3,16
155361,1736.6,0.0,0.10,0.134,0.045,0.956,3,16
155412,1720.4,0.0,0.04,0.140,0.048,0.965,3,16
155462,1724.6,0.0,0.08,0.140,0.042,0.964,3,16
155512,1751.6,0.0,0.04,0.124,0.045,0.978,3,16
155562,1748.3,0.0,0.07,0.125,0.042,0.973,3,16
155612,1727.6,0.0,0.04,0.138,0.043,0.950,3,16
155662,1732.5,0.0,0.04,0.138,0.043,0.950,3,16
155712,1747.8,0.0,0.10,0.133,0.039,0.982,3,16
155762,1750.4,0.0,0.08,0.141,0.035,1.005,3,16
155812,1733.4,0.0,0.08,0.128,0.043,0.982,3,16
155862,1750.9,0.0,0.01,0.140,0.043,0.962,3,16
155913,1753.7,0.0,0.07,0.131,0.043,0.974,3,16
155963,1736.3,0.0,0.07,0.131,0.043,0.974,3,16
156013,1737.3,0.0,0.07,0.133,0.039,0.981,3,16
156063,1740.7,0.0,0.04,0.135,0.044,0.988,3,16
156113,1739.8,0.0,0.03,0.129,0.044,0.984,3,16
156163,1723.9,0.0,0.04,0.142,0.036,1.005,3,16
156213,1711.0,0.0,0.04,0.142,0.036,1.005,3,16
156263,1733.1,0.0,0.04,0.142,0.036,1.005,3,16
156313,1715.7,0.0,0.05,0.130,0.037,0.991,3,16
156363,1718.8,0.0,0.01,0.137,0.041,0.988,3,16
156414,1734.6,0.0,0.03,0.149,0.046,0.957,3,16
156464,1736.3,0.0,0.04,0.132,0.050,0.966,3,16
156514,1719.3,0.0,0.08,0.143,0.043,0.994,3,16
156564,1729.3,0.0,0.08,0.143,0.043,0.994,3,16
156614,1746.5,0.0,0.01,0.128,0.046,0.964,3,16
156664,1739.8,0.0,0.01,0.128,0.046,0.964,3,16
156714,1718.8,0.0,0.01,0.128,0.046,0.964,3,16
156764,1742.2,0.0,0.01,0.128,0.046,0.964,3,16
156814,1740.5,0.0,0.02,0.146,0.041,0.951,3,16
156864,1722.2,0.0,0.02,0.146,0.041,0.951,3,16
156926,1727.7,0.0,0.10,0.147,0.049,0.958,3,16
156976,1718.8,0.0,0.04,0.131,0.034,0.996,3,16
157026,1737.7,0.0,0.04,0.131,0.034,0.996,3,16
157076,1719.9,0.0,0.05,0.142,0.042,0.994,3,16
157126,1728.4,0.0,0.05,0.142,0.042,0.994,3,16
157178,1743.6,0.0,0.05,0.142,0.042,0.994,3,16
157227,1742.4,0.0,0.07,0.137,0.041,0.987,3,16
157277,1724.1,0.0,0.03,0.137,0.044,0.950,3,16
157329,1719.6,0.0,0.03,0.137,0.044,0.950,3,16
157379,1740.1,0.0,0.06,0.136,0.038,0.976,3,16
157430,1748.2,0.0,0.12,0.136,0.038,0.976,3,16
157481,1730.6,0.0,0.12,0.136,0.038,0.976,3,16
157530,1739.7,0.0,0.09,0.137,0.040,0.978,3,16
157580,1745.5,0.0,0.02,0.137,0.038,0.977,3,16
157631,1721.7,0.0,0.02,0.137,0.038,0.977,3,16
157680,1759.3,0.0,0.03,0.132,0.044,0.957,3,16
157730,1750.0,0.0,0.07,0.148,0.040,0.952,3,16
157780,1756.0,0.0,0.04,0.137,0.031,1.007,3,16
157830,1740.4,0.0,0.02,0.137,0.038,0.978,3,16
157880,1748.8,0.0,0.06,0.133,0.043,0.972,3,16
157933,1764.9,0.0,0.04,0.128,0.040,0.987,3,16
157982,1759.2,0.0,0.04,0.128,0.040,0.987,3,16
158032,1739.2,0.0,0.02,0.139,0.030,1.006,3,16
158082,1749.4,0.0,0.06,0.128,0.041,0.985,3,16
158132,1766.9,0.0,0.01,0.122,0.042,0.975,3,16
158182,1768.5,0.0,0.02,0.125,0.045,0.973,3,16
158232,1750.8,0.0,0.05,0.133,0.033,0.994,3,16
158282,1741.7,0.0,0.05,0.133,0.033,0.994,3,16
158332,1761.8,0.0,0.09,0.130,0.044,0.987,3,16
158382,1744.5,0.0,0.07,0.135,0.043,0.977,3,16
158434,1750.1,0.0,0.05,0.128,0.045,0.964,3,16
158484,1771.6,0.0,0.10,0.130,0.040,0.976,3,16
158534,1771.9,0.0,0.13,0.128,0.042,0.987,3,16
158584,1753.3,0.0,0.13,0.128,0.042,0.987,3,16
158634,1757.8,0.0,0.13,0.128,0.042,0.987,3,16
158686,1767.8,0.0,0.13,0.128,0.042,0.987,3,16
158735,1764.1,0.0,0.04,0.138,0.047,0.966,3,16
158785,1745.9,0.0,0.10,0.143,0.041,0.996,3,16
158835,1753.1,0.0,0.05,0.129,0.042,0.983,3,16
158885,1763.2,0.0,0.05,0.129,0.042,0.983,3,16
158936,1761.8,0.0,0.04,0.129,0.039,0.986,3,16
158986,1744.1,0.0,0.04,0.129,0.039,0.986,3,16
159036,1726.3,0.0,0.04,0.129,0.039,0.986,3,16
159086,1734.1,0.0,0.06,0.135,0.046,0.992,3,16
159136,1711.4,0.0,0.04,0.141,0.044,0.968,3,16
159186,1707.9,0.0,0.04,0.141,0.044,0.968,3,16
159236,1728.8,0.0,0.04,0.129,0.035,0.995,3,16
159286,1711.4,0.0,0.04,0.129,0.035,0.995,3,16
159336,1716.2,0.0,0.07,0.140,0.044,0.955,3,16
159386,1711.9,0.0,0.06,0.130,0.048,0.968,3,16
159437,1735.9,0.0,0.06,0.130,0.048,0.968,3,16
159487,1730.2,0.0,0.06,0.130,0.048,0.968,3,16
159537,1708.7,0.0,0.06,0.130,0.048,0.968,3,16
159587,1735.0,0.0,0.06,0.130,0.048,0.968,3,16
159637,1734.7,0.0,0.08,0.121,0.038,0.988,3,16
159687,1710.5,0.0,0.07,0.133,0.042,0.988,3,16
159737,1731.8,0.0,0.04,0.138,0.045,0.953,3,16
159787,1747.8,0.0,0.05,0.123,0.045,0.973,3,16
159837,1747.0,0.0,0.06,0.144,0.032,1.003,3,16
159887,1729.0,0.0,0.10,0.138,0.035,0.973,3,16
159938,1723.4,0.0,0.10,0.138,0.035,0.973,3,16
159988,1747.8,0.0,0.06,0.135,0.043,0.970,3,16
160039,1731.7,0.0,0.03,0.126,0.042,0.995,3,16
160088,1735.5,0.0,0.06,0.135,0.044,0.975,3,16
160138,1751.7,0.0,0.02,0.131,0.041,0.985,3,16
160188,1752.0,0.0,0.02,0.131,0.041,0.985,3,16
160238,1734.7,0.0,0.05,0.133,0.048,0.963,3,16
160288,1739.4,0.0,0.02,0.137,0.040,0.977,3,16
160338,1755.6,0.0,0.10,0.136,0.041,0.992,3,16
160388,1749.4,0.0,0.10,0.136,0.041,0.992,3,16
160439,1729.0,0.0,0.03,0.130,0.051,0.964,3,16
160489,1741.9,0.0,0.09,0.138,0.038,0.970,3,16
160539,1756.1,0.0,0.12,0.148,0.042,0.996,3,16
160589,1736.5,0.0,0.05,0.135,0.043,0.994,3,16
160639,1735.8,0.0,0.02,0.146,0.045,0.955,3,16
160689,1759.7,0.0,0.02,0.146,0.045,0.955,3,16
160739,1755.8,0.0,0.05,0.136,0.045,0.988,3,16
160789,1738.1,0.0,0.05,0.136,0.045,0.988,3,16
160839,1747.0,0.0,0.05,0.136,0.045,0.988,3,16
160889,1767.5,0.0,0.11,0.144,0.041,1.002,3,16
160940,1768.7,0.0,0.08,0.140,0.042,0.951,3,16
160990,1750.8,0.0,0.11,0.146,0.050,0.955,3,16
161040,1756.1,0.0,0.05,0.151,0.038,1.002,3,16
161090,1770.9,0.0,0.05,0.151,0.038,1.002,3,16
161140,1766.4,0.0,0.04,0.137,0.044,0.994,3,16
161190,1747.1,0.0,0.04,0.140,0.031,1.008,3,16
161240,1742.5,0.0,0.13,0.131,0.037,0.984,3,16
161290,1746.2,0.0,0.13,0.131,0.037,0.984,3,16
161340,1721.3,0.0,0.01,0.139,0.044,0.962,3,16
161390,1732.9,0.0,0.02,0.144,0.041,0.949,3,16
161445,1746.1,0.0,0.01,0.133,0.035,0.996,3,16
161495,1739.4,0.0,0.04,0.143,0.042,1.002,3,16
161545,1720.5,0.0,0.04,0.125,0.042,0.967,3,16
161597,1720.1,0.0,0.04,0.125,0.042,0.967,3,16
161646,1740.8,0.0,0.06,0.145,0.037,0.951,3,16
161696,1743.2,0.0,0.08,0.141,0.040,0.981,3,16
161747,1725.8,0.0,0.08,0.141,0.040,0.981,3,16
161796,1713.7,0.0,0.11,0.133,0.046,0.991,3,16
161846,1730.2,0.0,0.06,0.121,0.045,0.974,3,16
161897,1711.1,0.0,0.06,0.121,0.045,0.974,3,16
161955,1721.4,0.0,0.14,0.133,0.041,0.971,3,16
162005,1728.9,0.0,0.02,0.139,0.040,0.979,3,16
162056,1743.2,0.0,0.06,0.140,0.042,0.991,3,16
162105,1723.8,0.0,0.03,0.132,0.046,0.991,3,16
162155,1718.0,0.0,0.09,0.137,0.029,1.000,3,16
162205,1747.3,0.0,0.09,0.137,0.029,1.000,3,16
162255,1735.6,0.0,0.09,0.137,0.029,1.000,3,16
162305,1710.3,0.0,0.09,0.137,0.029,1.000,3,16
162355,1712.9,0.0,0.09,0.129,0.044,0.982,3,16
162405,1718.1,0.0,0.09,0.129,0.044,0.982,3,16
162456,1720.7,0.0,0.13,0.128,0.041,0.974,3,16
162508,1706.0,0.0,0.13,0.128,0.041,0.974,3,16
162558,1727.8,0.0,0.03,0.138,0.035,0.976,3,16
162608,1735.2,0.0,0.01,0.134,0.040,0.975,3,16
162658,1718.9,0.0,0.19,0.126,0.045,0.973,3,16
162708,1710.3,0.0,0.19,0.126,0.045,0.973,3,16
162758,1741.6,0.0,0.10,0.135,0.043,0.973,3,16
162809,1740.0,0.0,0.10,0.135,0.043,0.973,3,16
162859,1719.7,0.0,0.04,0.131,0.040,0.978,3,16
162909,1730.3,0.0,0.06,0.133,0.044,0.988,3,16
162961,1752.7,0.0,0.09,0.148,0.048,0.956,3,16
163011,1764.7,0.0,0.06,0.146,0.044,0.959,3,16
163061,1750.4,0.0,0.15,0.135,0.037,0.974,3,16
163111,1768.6,0.0,0.15,0.135,0.037,0.974,3,16
163161,1769.0,0.0,0.04,0.137,0.041,0.976,3,16
163211,1750.8,0.0,0.03,0.147,0.048,0.954,3,16
163261,1758.2,0.0,0.03,0.131,0.038,0.978,3,16
163311,1778.9,0.0,0.04,0.129,0.044,0.985,3,16
163361,1763.3,0.0,0.05,0.134,0.044,0.961,3,16
163411,1737.9,0.0,0.05,0.134,0.044,0.961,3,16
163462,1750.1,0.0,0.07,0.145,0.044,0.952,3,16
163512,1764.2,0.0,0.06,0.136,0.033,0.971,3,16
163562,1757.0,0.0,0.06,0.136,0.033,0.971,3,16
163612,1736.9,0.0,0.06,0.136,0.033,0.971,3,16
163662,1736.1,0.0,0.07,0.134,0.044,0.981,3,16
163713,1750.3,0.0,0.05,0.134,0.037,0.975,3,16
163762,1754.0,0.0,0.05,0.134,0.037,0.975,3,16
163812,1737.0,0.0,0.09,0.138,0.040,0.975,3,16
163862,1756.6,0.0,0.05,0.130,0.045,0.963,3,16
163912,1745.3,0.0,0.04,0.141,0.044,0.953,3,16
163963,1722.0,0.0,0.04,0.136,0.031,1.004,3,16
164013,1737.8,0.0,0.05,0.144,0.041,1.000,3,16
164063,1757.0,0.0,0.05,0.144,0.041,1.000,3,16
164113,1758.8,0.0,0.15,0.132,0.045,0.957,3,16
164163,1741.1,0.0,0.06,0.129,0.036,0.984,3,16
164213,1719.3,0.0,0.04,0.131,0.041,0.979,3,16
164263,1745.4,0.0,0.08,0.138,0.031,1.006,3,16
164313,1747.7,0.0,0.06,0.124,0.043,0.977,3,16
164363,1743.5,0.0,0.06,0.124,0.043,0.977,3,16
164413,1755.4,0.0,0.10,0.131,0.047,0.956,3,16
164464,1767.1,0.0,0.10,0.127,0.038,0.983,3,16
164514,1753.1,0.0,0.05,0.139,0.041,0.975,3,16
164564,1751.7,0.0,0.05,0.139,0.041,0.975,3,16
164614,1768.8,0.0,0.09,0.136,0.036,0.971,3,16
164664,1762.5,0.0,0.09,0.136,0.036,0.971,3,16
164714,1741.9,0.0,0.14,0.129,0.038,0.971,3,16
164764,1740.4,0.0,0.03,0.131,0.034,0.998,3,16
164814,1770.9,0.0,0.09,0.133,0.042,0.973,3,15
164864,1757.8,0.0,0.13,0.139,0.042,0.975,3,16
164914,1735.1,0.0,0.06,0.128,0.042,0.982,3,16
164965,1744.1,0.0,0.06,0.128,0.042,0.982,3,16
165015,1767.6,0.0,0.06,0.128,0.042,0.982,3,16
165065,1751.2,0.0,0.06,0.128,0.042,0.982,3,16
165115,1724.6,0.0,0.06,0.128,0.042,0.982,3,16
165165,1748.7,0.0,0.04,0.125,0.043,0.976,3,16
165215,1752.5,0.0,0.06,0.148,0.046,0.957,3,16
165265,1735.2,0.0,0.06,0.148,0.046,0.957,3,16
165315,1738.6,0.0,0.11,0.132,0.047,0.979,3,16
165365,1758.1,0.0,0.04,0.127,0.044,0.980,3,16
165415,1756.4,0.0,0.02,0.143,0.043,0.955,3,16
165466,1737.4,0.0,0.02,0.143,0.043,0.955,3,16
165516,1735.0,0.0,0.12,0.137,0.037,0.973,3,16
165575,1754.2,0.0,0.13,0.139,0.042,0.997,3,16
165624,1781.7,0.0,0.02,0.133,0.044,0.978,3,16
165674,1748.9,0.0,0.02,0.139,0.045,0.962,3,16
165725,1752.4,0.0,0.02,0.139,0.045,0.962,3,16
165774,1771.0,0.0,0.11,0.139,0.038,0.975,3,16
165824,1761.7,0.0,0.04,0.142,0.044,0.956,3,16
165874,1739.4,0.0,0.04,0.142,0.044,0.956,3,16
165924,1738.4,0.0,0.04,0.142,0.044,0.956,3,16
165975,1758.1,0.0,0.05,0.135,0.035,0.972,3,16
166025,1755.3,0.0,0.05,0.135,0.035,0.972,3,16
166075,1733.0,0.0,0.03,0.139,0.043,0.968,3,16
166125,1746.9,0.0,0.03,0.150,0.049,0.955,3,16
166175,1747.9,0.0,0.05,0.132,0.043,0.983,3,16
166225,1728.9,0.0,0.04,0.136,0.036,0.973,3,16
166275,1736.8,0.0,0.04,0.143,0.042,0.958,3,16
166325,1752.3,0.0,0.04,0.143,0.042,0.958,3,16
166375,1759.9,0.0,0.04,0.143,0.042,0.958,3,16
166425,1744.4,0.0,0.00,0.131,0.034,0.995,3,16
166478,1738.9,0.0,0.00,0.131,0.034,0.995,3,16
166527,1755.3,0.0,0.01,0.138,0.037,0.972,3,16
166577,1754.1,0.0,0.08,0.138,0.042,0.958,3,16
166627,1735.6,0.0,0.08,0.138,0.042,0.958,3,16
166677,1751.0,0.0,0.10,0.132,0.032,1.004,3,16
166727,1742.2,0.0,0.03,0.126,0.042,0.982,3,16
166778,1721.3,0.0,0.08,0.133,0.042,0.974,3,16
166827,1714.0,0.0,0.08,0.137,0.045,0.962,3,16
166877,1738.4,0.0,0.05,0.130,0.043,0.976,3,16
166927,1740.4,0.0,0.05,0.130,0.043,0.976,3,16
166985,1722.5,0.0,0.02,0.134,0.044,0.985,3,16
167035,1714.6,0.0,0.04,0.127,0.042,0.975,3,16
167085,1724.4,0.0,0.08,0.139,0.043,0.959,3,16
167135,1725.9,0.0,0.04,0.127,0.042,0.978,3,16
167185,1709.5,0.0,0.05,0.143,0.041,0.995,3,16
167235,1727.1,0.0,0.05,0.139,0.039,0.964,3,16
167285,1731.6,0.0,0.05,0.139,0.039,0.964,3,16
167335,1715.0,0.0,0.08,0.149,0.045,0.955,3,16
167385,1722.7,0.0,0.08,0.149,0.045,0.955,3,16
167435,1736.7,0.0,0.03,0.138,0.033,0.999,3,16
167487,1730.8,0.0,0.03,0.143,0.042,1.000,3,16
167537,1711.2,0.0,0.06,0.127,0.044,0.963,3,16
167587,1710.9,0.0,0.06,0.127,0.044,0.963,3,16
167637,1729.6,0.0,0.03,0.132,0.044,0.976,3,16
167687,1711.4,0.0,0.01,0.130,0.036,0.992,3,16
167737,1692.4,0.0,0.05,0.135,0.039,0.982,3,16
167787,1714.4,0.0,0.05,0.135,0.039,0.982,3,16
167837,1715.7,0.0,0.05,0.135,0.039,0.982,3,16
167887,1697.5,0.0,0.05,0.135,0.039,0.982,3,16
167937,1684.4,0.0,0.03,0.133,0.045,0.987,3,16
167989,1715.5,0.0,0.03,0.133,0.045,0.987,3,16
168038,1701.5,0.0,0.04,0.129,0.046,0.976,3,16
168088,1710.3,0.0,0.07,0.126,0.037,0.982,3,16
168138,1735.2,0.0,0.03,0.128,0.042,0.970,3,16
168188,1736.0,0.0,0.03,0.128,0.042,0.970,3,16
168238,1716.9,0.0,0.03,0.128,0.042,0.970,3,16
168289,1701.5,0.0,0.03,0.128,0.042,0.970,3,16
168338,1720.3,0.0,0.05,0.133,0.043,0.980,3,16
168388,1699.8,0.0,0.07,0.136,0.047,0.954,3,16
168438,1699.2,0.0,0.06,0.125,0.044,0.975,3,16
168489,1718.4,0.0,0.06,0.125,0.044,0.975,3,16
168539,1719.4,0.0,0.02,0.129,0.044,0.978,3,16
168589,1701.4,0.0,0.02,0.143,0.040,0.994,3,16
168639,1713.4,0.0,0.02,0.143,0.040,0.994,3,16
168689,1721.3,0.0,0.02,0.143,0.040,0.994,3,16
168739,1699.3,0.0,0.09,0.135,0.046,0.961,3,16
168789,1699.3,0.0,0.09,0.135,0.046,0.961,3,16
168839,1722.4,0.0,0.06,0.133,0.033,0.990,3,16
168889,1719.4,0.0,0.02,0.137,0.039,0.982,3,16
168939,1699.3,0.0,0.03,0.141,0.037,1.000,3,16
168990,1712.6,0.0,0.01,0.127,0.042,0.974,3,16
169040,1728.7,0.0,0.05,0.128,0.044,0.979,3,16
169090,1709.5,0.0,0.05,0.128,0.044,0.979,3,16
169140,1715.4,0.0,0.05,0.128,0.044,0.979,3,16
169190,1731.6,0.0,0.06,0.135,0.037,0.974,3,16
169240,1729.2,0.0,0.06,0.127,0.042,0.969,3,16
169290,1710.4,0.0,0.05,0.137,0.046,0.955,3,16
169340,1723.6,0.0,0.03,0.138,0.033,1.001,3,16
169390,1742.0,0.0,0.03,0.138,0.033,1.001,3,16
169440,1741.7,0.0,0.03,0.144,0.041,1.000,3,16
169491,1694.3,0.0,0.02,0.128,0.041,0.973,3,16
169541,1773.6,0.0,0.04,0.130,0.045,0.962,3,16
169591,1734.1,0.0,0.06,0.144,0.043,0.959,3,16
169641,1706.6,0.0,0.04,0.137,0.038,0.982,3,16
169691,1713.4,0.0,0.04,0.137,0.038,0.982,3,16
169741,1725.5,0.0,0.04,0.135,0.040,0.977,3,16
169791,1727.8,0.0,0.06,0.128,0.048,0.979,3,16
169841,1711.3,0.0,0.07,0.137,0.043,0.960,3,16
169891,1716.8,0.0,0.11,0.117,0.042,0.979,3,16
169941,1719.1,0.0,0.06,0.123,0.036,0.983,3,16
170000,1723.8,0.0,0.06,0.123,0.036,0.983,3,16
170049,1703.4,0.0,0.06,0.144,0.038,0.956,3,16
170099,1717.5,0.0,0.17,0.140,0.037,0.993,3,16
170149,1723.7,0.0,0.17,0.140,0.037,0.993,3,16
170199,1708.1,0.0,0.08,0.155,0.040,1.003,3,16
170249,1712.1,50.2,0.08,0.144,0.046,0.978,3,16
170300,1733.9,50.2,0.08,0.144,0.046,0.978,3,16
170349,1715.8,50.2,0.17,0.138,0.041,0.971,3,16
170399,1688.1,50.2,0.07,0.129,0.041,0.975,3,16
170449,1719.2,50.2,0.07,0.129,0.041,0.975,3,16
170502,1734.0,50.2,0.04,0.140,0.043,0.993,3,16
170552,1705.6,50.2,0.02,0.136,0.035,0.985,3,16
170602,1711.9,50.2,0.02,0.136,0.035,0.985,3,16
170652,1725.3,50.2,0.02,0.136,0.035,0.985,3,16
170702,1721.7,50.2,0.08,0.141,0.044,0.951,3,16
170752,1702.8,50.2,0.08,0.141,0.044,0.951,3,16
170802,1709.2,50.2,0.05,0.142,0.035,1.001,3,16
170852,1721.3,50.2,0.04,0.128,0.042,0.968,3,16
170904,1712.8,50.2,0.04,0.128,0.042,0.968,3,16
170953,1721.3,50.2,0.06,0.132,0.047,0.959,3,16
171004,1738.5,50.2,0.02,0.128,0.045,0.982,3,16
171056,1747.8,50.2,0.02,0.138,0.039,0.990,3,16
171107,1733.3,50.2,0.02,0.135,0.040,0.983,3,16
171157,1737.1,50.2,0.04,0.128,0.036,0.996,3,16
171208,1751.8,0.0,0.04,0.128,0.036,0.996,3,16
171258,1760.6,0.0,0.10,0.136,0.043,0.982,3,16
171308,1746.0,0.0,0.11,0.141,0.039,0.993,3,16
171358,1732.8,0.0,0.07,0.135,0.038,0.979,3,16
171408,1786.8,0.0,0.06,0.141,0.042,0.951,3,16
171458,1773.9,0.0,0.15,0.132,0.044,0.978,3,16
171509,1755.0,0.0,0.15,0.132,0.044,0.978,3,16
171559,1768.8,0.0,0.11,0.149,0.041,1.001,3,16
171609,1777.8,0.0,0.02,0.132,0.041,0.960,3,16
171659,1788.5,0.0,0.07,0.142,0.040,0.953,3,16
171709,1776.0,0.0,0.04,0.144,0.040,0.955,3,16
171759,1766.6,0.0,0.09,0.139,0.036,0.973,3,16
171810,1786.8,0.0,0.09,0.139,0.036,0.973,3,16
171859,1769.5,0.0,0.04,0.140,0.045,0.958,3,16
171909,1768.1,0.0,0.01,0.128,0.047,0.972,3,16
171960,1780.7,0.0,0.02,0.140,0.032,0.974,3,16
172011,1779.4,0.0,0.04,0.143,0.037,1.000,3,16
172061,1762.0,0.0,0.05,0.143,0.042,0.956,3,16
172111,1761.9,0.0,0.05,0.143,0.042,0.956,3,16
172161,1803.6,0.0,0.06,0.127,0.049,0.970,3,16
172211,1840.3,0.0,0.06,0.147,0.037,1.003,3,16
172261,1884.8,0.0,0.08,0.139,0.046,0.960,3,16
172311,1883.8,0.0,0.05,0.142,0.039,0.959,3,16
172361,1907.5,0.0,0.09,0.141,0.038,0.979,3,16
172411,1913.0,0.0,0.09,0.141,0.038,0.979,3,16
172461,1910.7,0.0,0.11,0.138,0.041,0.955,3,16
172512,1895.3,0.0,0.06,0.140,0.038,0.998,3,16
172562,1908.8,0.0,0.06,0.143,0.036,0.958,3,16
172612,1893.5,0.0,0.04,0.142,0.038,0.991,3,16
172662,1910.3,0.0,0.04,0.129,0.047,0.975,3,16
172712,1904.1,0.0,0.04,0.129,0.047,0.975,3,16
172762,1900.6,0.0,0.09,0.137,0.042,0.999,3,16
172812,1891.4,0.0,0.04,0.137,0.036,0.979,3,16
172862,1908.5,0.0,0.02,0.139,0.042,0.992,3,16
172912,1909.2,0.0,0.05,0.139,0.043,0.967,3,16
172962,1902.3,0.0,0.08,0.135,0.041,0.994,3,16
173013,1884.7,0.0,0.08,0.135,0.041,0.994,3,16
173063,1881.0,0.0,0.08,0.136,0.043,0.988,3,16
173113,1870.7,0.0,0.05,0.129,0.040,0.972,3,16
173163,1887.6,0.0,0.08,0.139,0.044,0.994,3,16
173213,1879.0,0.0,0.07,0.138,0.050,0.955,3,16
173263,1857.9,0.0,0.04,0.141,0.039,1.002,3,16
173313,1851.1,0.0,0.04,0.141,0.039,1.002,3,16
173363,1867.8,0.0,0.06,0.129,0.037,1.007,3,16
173413,1874.5,0.0,0.06,0.129,0.037,1.007,3,16
173463,1842.9,0.0,0.07,0.139,0.043,0.973,3,16
173514,1837.6,0.0,0.07,0.139,0.043,0.973,3,16
173564,1845.2,0.0,0.03,0.136,0.036,0.966,3,16
173614,1849.3,0.0,0.03,0.136,0.036,0.966,3,16
173664,1845.9,0.0,0.04,0.140,0.037,0.968,3,16
173714,1826.0,0.0,0.02,0.138,0.038,0.965,3,16
173764,1829.9,0.0,0.02,0.139,0.039,0.967,3,16
173814,1837.3,0.0,0.04,0.131,0.038,0.994,3,16
173864,1834.4,0.0,0.06,0.147,0.033,1.009,3,16
173914,1816.6,0.0,0.06,0.147,0.033,1.009,3,16
173964,1821.9,0.0,0.07,0.133,0.045,0.968,3,16
174015,1865.2,0.0,0.02,0.130,0.040,0.971,3,16
174065,1942.1,0.0,0.07,0.129,0.047,0.992,3,16
174115,2119.0,0.0,0.07,0.129,0.047,0.992,3,16
174165,2193.0,0.0,0.10,0.142,0.040,0.966,3,16
174215,2297.4,0.0,0.10,0.142,0.040,0.966,3,16
174265,2361.3,50.2,0.03,0.107,0.034,0.955,3,16
174315,2237.6,447.2,0.05,0.114,0.030,0.980,3,16
174365,2196.3,338.7,0.06,0.194,0.049,0.980,3,16
174415,2217.9,323.2,0.06,0.342,0.026,1.074,3,16
174465,2252.8,196.7,0.26,0.245,0.066,0.886,3,16
174516,2265.6,196.7,0.43,0.242,0.030,0.968,3,16
174566,2259.7,129.4,0.43,0.242,0.030,0.968,3,16
174616,2242.1,114.1,0.56,0.284,0.037,1.067,3,16
174666,2272.0,114.1,0.56,0.198,0.076,1.011,3,16
174716,2265.1,130.6,0.56,0.198,0.076,1.011,3,16
174766,2267.3,174.5,0.85,0.237,0.048,0.944,3,16
174816,2284.1,139.2,0.85,0.237,0.048,0.944,3,16
174866,2296.7,139.2,1.00,0.245,0.068,0.947,3,16
174916,2289.5,229.0,1.07,0.201,0.015,1.026,3,16
174966,2255.0,229.0,0.98,0.202,0.039,1.036,3,16
175019,2268.9,173.6,0.98,0.202,0.039,1.036,3,16
175069,2279.9,181.5,0.98,0.202,0.039,1.036,3,16
175119,2288.1,185.6,1.08,0.191,0.076,0.933,3,16
175175,2280.9,246.7,1.08,0.191,0.076,0.933,3,16
175225,2282.1,179.9,1.32,0.145,0.048,0.903,3,16
175275,2255.6,276.3,1.41,0.200,-0.032,1.011,3,16
175325,2251.8,216.2,1.41,0.200,-0.032,1.011,3,16
175375,2237.6,282.4,1.28,0.272,0.078,0.998,3,16
175425,2250.0,282.4,1.46,0.304,0.113,0.929,3,16
175475,2246.6,379.9,1.46,0.304,0.113,0.929,3,16
175527,2262.2,329.3,1.95,0.202,0.050,0.936,3,16
175577,2241.4,324.9,1.94,0.218,0.023,0.983,3,16
175627,2238.0,182.0,1.94,0.218,0.023,0.983,3,16
175677,2255.3,423.2,1.73,0.205,0.005,0.999,3,16
175727,2275.7,266.1,1.76,0.155,-0.013,0.960,3,16
175778,2272.9,401.3,2.02,0.168,-0.031,0.930,3,16
175827,2278.3,361.1,2.23,0.173,-0.032,0.950,3,16
175877,2285.4,302.1,2.23,0.173,-0.032,0.950,3,16
175930,2280.9,306.3,2.23,0.173,-0.032,0.950,3,16
175979,2264.1,333.0,2.40,0.217,0.082,0.962,3,16
176030,2272.0,212.9,2.13,0.243,0.074,0.976,3,16
176081,2298.8,508.3,2.29,0.260,0.013,0.960,3,16
176130,2286.6,473.2,2.29,0.260,0.013,0.960,3,16
176180,2277.6,291.2,2.63,0.251,-0.027,0.980,3,16
176232,2282.4,436.9,2.63,0.251,-0.027,0.980,3,16
176281,2257.8,352.8,2.30,0.246,0.046,1.012,3,16
176331,2256.1,471.5,2.31,0.212,0.016,0.909,3,16
176382,2254.1,395.4,2.40,0.176,0.010,0.935,3,16
176431,2266.5,383.9,2.78,0.211,-0.006,1.001,3,16
176481,2265.0,541.8,2.71,0.210,0.067,1.003,3,16
176535,2258.4,236.5,2.71,0.210,0.067,1.003,3,16
176584,2247.3,613.7,2.95,0.257,0.039,0.970,3,16
176634,2255.6,269.9,2.60,0.161,-0.020,0.920,3,16
176684,2262.0,519.9,2.58,0.218,-0.025,0.992,3,16
176734,2267.9,310.7,2.49,0.158,-0.019,0.915,3,16
176784,2280.0,510.2,2.96,0.282,-0.008,0.987,3,16
176834,2273.2,376.3,2.96,0.282,-0.008,0.987,3,16
176884,2287.5,497.1,2.88,0.240,0.029,0.951,3,16
176934,2290.2,558.8,2.88,0.240,0.029,0.951,3,16
176984,2277.1,284.4,2.80,0.176,0.015,0.908,3,16
177038,2281.4,540.6,2.82,0.235,0.003,0.992,3,16
177087,2284.1,332.7,2.82,0.235,0.003,0.992,3,16
177137,2247.3,496.2,2.82,0.235,0.003,0.992,3,16
177188,2230.7,313.8,2.82,0.235,0.003,0.992,3,16
177237,2201.5,581.2,3.18,0.216,0.002,0.974,3,16
177287,2208.9,370.0,2.87,0.268,-0.025,1.043,3,16
177338,2224.4,564.4,2.75,0.201,-0.027,0.928,3,16
177387,2216.6,317.2,2.71,0.167,-0.007,0.977,3,16
177437,2212.8,566.3,3.06,0.195,-0.028,1.086,3,16
177488,2212.8,407.0,3.06,0.195,-0.028,1.086,3,16
177538,2195.4,442.3,3.24,0.197,-0.027,0.983,3,16
177588,2226.5,362.8,3.24,0.197,-0.027,0.983,3,16
177638,2242.3,588.7,3.24,0.197,-0.027,0.983,3,16
177688,2245.2,327.4,3.25,0.245,0.055,0.877,3,16
177739,2181.8,556.8,3.51,0.173,-0.004,0.987,3,16
177788,2230.1,331.2,3.51,0.173,-0.004,0.987,3,16
177838,2239.4,580.1,3.60,0.187,-0.023,1.029,3,16
177888,2220.8,417.5,3.31,0.173,-0.019,1.014,3,16
177938,2184.8,471.0,3.31,0.173,-0.019,1.014,3,16
177988,2143.6,440.0,3.79,0.189,0.009,1.029,3,16
178039,2104.5,526.3,3.36,0.236,0.022,1.041,3,16
178089,2029.4,331.8,3.36,0.236,0.022,1.041,3,16
178139,2041.9,474.9,3.15,0.187,0.053,0.854,3,16
178189,2043.8,333.9,3.39,0.173,0.054,0.885,3,16
178239,2061.1,480.7,3.55,0.170,0.068,0.888,3,16
178289,2048.6,336.2,3.59,0.143,0.055,0.894,3,16
178340,2042.8,460.9,3.17,0.083,0.010,1.006,3,16
178389,2041.8,356.2,3.17,0.083,0.010,1.006,3,16
178439,2036.2,441.7,3.17,0.083,0.010,1.006,3,16
178489,2063.6,379.3,3.63,0.072,-0.017,0.941,3,16
178540,2068.0,359.2,3.63,0.072,-0.017,0.941,3,16
178590,2091.7,438.0,3.24,0.122,0.029,0.965,3,16
178640,2035.3,263.1,3.10,0.044,0.027,0.974,3,16
178690,2043.6,410.8,3.10,0.044,0.027,0.974,3,16
178740,2050.4,363.0,2.79,0.055,0.020,1.028,3,16
178790,2060.4,249.1,2.91,0.052,0.003,1.042,3,16
178840,2077.6,378.0,2.91,0.052,0.003,1.042,3,16
178890,2067.5,268.9,2.74,0.036,0.000,0.977,3,16
178940,2059.8,178.7,2.74,0.036,0.000,0.977,3,16
178990,2041.6,245.6,2.74,0.036,0.000,0.977,3,16
179041,2040.5,221.4,2.18,0.020,0.066,0.957,3,16
179091,2046.0,224.1,2.13,0.024,0.068,0.936,3,16
179141,2052.3,224.1,1.98,0.052,0.010,0.983,3,16
179191,2085.4,164.0,2.11,0.042,0.006,0.990,3,16
179241,2074.3,256.0,1.74,0.054,0.021,1.011,3,15
179291,2060.4,256.0,1.74,0.054,0.021,1.011,3,15
179341,2065.8,135.1,1.51,0.048,0.073,0.903,3,16
179391,2050.7,246.3,1.52,0.058,0.054,0.902,3,16
179441,2058.3,111.0,1.52,0.058,0.054,0.902,3,16
179491,2079.6,269.5,1.79,0.051,-0.016,0.978,3,16
179542,2096.9,269.5,1.25,0.028,0.034,1.037,3,16
179599,2099.7,108.8,1.25,0.028,0.034,1.037,3,16
179648,2099.7,183.5,1.18,0.042,0.073,1.002,3,16
179698,2106.5,183.5,1.35,0.041,0.061,0.959,3,16
179752,2108.2,96.5,1.35,0.041,0.061,0.959,3,16
179801,2081.7,322.3,1.23,0.045,0.032,1.001,3,16
179851,2051.9,322.3,0.95,0.058,0.042,1.035,3,16
179901,2053.3,97.9,0.95,0.058,0.042,1.035,3,16
179951,2068.2,164.5,0.58,0.069,0.049,0.952,3,16
180001,2131.4,164.5,0.75,0.054,0.043,0.994,3,16
180052,2166.7,101.5,0.75,0.054,0.043,0.994,3,16
180102,2186.1,195.2,1.02,0.086,0.058,0.993,3,16
180152,2169.5,172.3,0.80,0.130,0.051,0.977,3,16
180203,2144.3,133.2,0.80,0.130,0.051,0.977,3,16
180253,2180.1,205.1,0.83,0.197,0.027,1.018,3,16
180303,2165.0,205.1,1.15,0.150,0.007,0.961,3,16
180353,2143.0,251.5,1.15,0.150,0.007,0.961,3,16
180403,2150.5,251.5,1.15,0.150,0.007,0.961,3,16
180453,2158.7,200.1,1.39,0.092,0.032,0.999,3,16
180503,2165.8,214.4,1.39,0.092,0.032,0.999,3,16
180559,2158.2,246.0,1.12,0.106,0.032,0.944,3,16
180609,2167.7,286.5,1.07,0.120,0.048,0.945,3,16
180660,2183.3,201.7,1.34,0.121,0.044,1.036,3,16
180709,2170.6,251.4,1.34,0.121,0.044,1.036,3,16
180759,2161.8,263.4,1.34,0.121,0.044,1.036,3,16
180810,2173.7,303.5,1.34,0.121,0.044,1.036,3,16
180859,2161.9,222.2,1.70,0.108,0.070,0.934,3,16
180909,2166.5,335.4,1.96,0.131,0.045,0.980,3,16
180960,2163.9,338.9,1.71,0.084,0.005,1.007,3,16
181009,2155.6,219.2,1.71,0.084,0.005,1.007,3,16
181060,2185.6,409.8,2.34,0.142,0.000,1.043,3,16
181111,2175.2,230.4,2.34,0.142,0.000,1.043,3,16
181161,2197.0,395.9,2.42,0.068,0.030,0.968,3,16
181211,2184.2,327.7,2.42,0.068,0.030,0.968,3,16
181262,2167.7,272.5,2.19,0.014,0.015,0.953,3,16
181311,2177.6,360.4,2.17,-0.003,0.026,0.898,3,16
181361,2178.1,463.3,2.42,0.049,0.022,0.969,3,16
181413,2159.1,362.0,2.42,0.049,0.022,0.969,3,16
181462,2164.4,429.1,1.97,0.172,0.050,0.970,3,16
181512,2162.9,299.7,2.49,0.192,-0.046,0.915,3,15
181563,2165.0,484.7,2.66,0.117,-0.040,0.960,3,15
181613,2173.0,355.1,2.66,0.117,-0.040,0.960,3,15
181663,2167.9,521.9,3.00,0.143,0.073,1.026,3,15
181713,2187.6,496.7,3.00,0.143,0.073,1.026,3,15
181763,2183.6,363.9,3.00,0.143,0.073,1.026,3,15
181813,2180.9,477.9,2.93,0.143,0.028,1.065,3,16
181863,2186.8,381.0,3.08,0.159,-0.016,1.008,3,15
181913,2196.2,570.4,3.08,0.159,-0.016,1.008,3,15
181963,2175.3,442.6,3.54,0.131,0.050,1.017,3,16
182013,2157.3,434.8,3.54,0.131,0.050,1.017,3,16
182064,2156.2,547.2,3.46,0.068,0.067,1.003,3,16
182114,2164.0,432.1,3.46,0.068,0.067,1.003,3,16
182165,2164.4,570.3,3.60,0.100,0.064,1.055,3,16
182214,2173.0,443.7,3.51,0.076,0.045,0.992,3,16
182264,2196.1,541.6,3.81,0.139,-0.002,0.921,3,16
182315,2190.3,525.1,3.81,0.139,-0.002,0.921,3,16
182364,2184.1,479.1,4.15,0.064,0.054,0.852,3,16
182414,2182.3,572.5,3.51,0.150,0.115,0.910,3,16
182464,2175.6,490.6,3.68,0.162,0.078,0.948,3,16
182514,2150.9,584.2,3.68,0.162,0.078,0.948,3,16
182565,2175.0,499.7,3.68,0.162,0.078,0.948,3,16
182615,2179.6,536.0,3.68,0.162,0.078,0.948,3,16
182665,2180.4,578.6,4.00,0.146,0.048,0.967,3,16
182715,2208.6,490.6,4.18,0.163,0.043,0.993,3,16
182765,2168.5,580.3,3.96,0.167,0.051,0.988,3,16
182815,2195.1,599.7,3.96,0.167,0.051,0.988,3,16
182865,2189.5,564.4,4.14,0.142,0.009,0.879,3,16
182915,2170.8,550.5,4.14,0.142,0.009,0.879,3,16
182965,2172.7,562.6,4.57,0.142,-0.029,0.989,3,16
183015,2197.2,535.3,4.57,0.142,-0.029,0.989,3,16
183066,2182.0,595.6,4.39,0.097,0.050,0.918,3,16
183116,2141.7,566.0,4.31,0.112,0.054,1.023,3,16
183166,2085.7,557.1,4.33,0.109,0.072,1.046,3,16
183216,2022.4,561.2,4.33,0.109,0.072,1.046,3,16
183266,2009.1,539.2,4.58,0.065,0.044,0.974,3,16
183316,1962.7,538.5,4.21,0.070,0.073,1.010,3,16
183366,1924.6,547.9,4.21,0.045,0.014,1.018,3,16
183416,1893.6,524.2,4.21,0.045,0.014,1.018,3,16
183466,1865.6,512.5,4.45,0.026,0.009,0.946,3,16
183516,1860.8,494.0,4.45,0.026,0.009,0.946,3,16
183567,1846.0,468.4,4.42,-0.001,0.022,0.914,3,16
183617,1826.1,469.7,4.29,0.007,0.029,0.909,3,16
183667,1824.9,477.6,3.88,-0.021,-0.017,0.956,3,16
183717,1841.0,429.7,3.88,-0.021,-0.017,0.956,3,16
183767,1828.8,423.5,3.94,-0.031,-0.020,0.971,3,15
183817,1804.9,401.7,3.94,-0.031,-0.020,0.971,3,15
183867,1816.6,366.2,4.02,-0.016,-0.027,0.988,3,15
183917,1840.0,378.6,3.09,-0.044,-0.017,0.953,3,16
183967,1836.9,392.1,3.41,-0.049,0.001,0.941,3,16
184017,1841.3,322.5,3.41,-0.049,0.001,0.941,3,16
184078,1827.8,332.1,3.04,-0.016,-0.046,0.981,3,16
184128,1842.9,358.4,3.20,-0.027,-0.065,0.953,3,16
184179,1862.5,270.0,2.89,-0.026,-0.072,0.997,3,16
184228,1852.6,252.6,2.89,-0.026,-0.072,0.997,3,16
184278,1852.0,321.2,2.35,-0.045,-0.025,1.030,3,16
184328,1835.3,257.9,2.35,-0.045,-0.025,1.030,3,16
184379,1829.0,195.1,2.18,-0.041,-0.049,1.035,3,16
184429,1852.6,265.3,2.43,-0.059,-0.040,0.960,3,16
184479,1853.3,219.6,2.26,-0.034,-0.037,1.041,3,16
184529,1835.1,202.8,2.17,-0.040,-0.046,0.974,3,16
184580,1827.8,261.7,1.76,-0.038,-0.048,0.978,3,16
184633,1852.4,205.0,1.76,-0.038,-0.048,0.978,3,16
184682,1846.9,160.5,1.43,-0.033,-0.079,1.002,3,16
184732,1825.9,160.5,1.78,-0.046,-0.087,0.987,3,16
184782,1819.1,171.4,1.82,-0.046,-0.078,1.004,3,16
184832,1821.2,159.4,1.82,-0.046,-0.078,1.004,3,16
184882,1842.7,141.1,1.44,-0.069,-0.076,1.005,3,16
184933,1870.1,141.1,1.44,-0.069,-0.076,1.005,3,16
184982,1859.1,128.4,1.16,-0.063,-0.064,0.989,3,16
185032,1861.3,128.4,0.97,-0.067,-0.061,1.001,3,16
185083,1890.7,78.7,0.90,-0.061,-0.057,0.975,3,14
185134,1904.2,78.7,0.87,-0.079,-0.062,0.949,3,15
185184,1910.0,78.7,0.92,-0.057,-0.087,1.004,3,16
185234,1893.4,70.5,0.92,-0.057,-0.087,1.004,3,16
185284,1885.7,70.5,0.92,-0.057,-0.087,1.004,3,16
185334,1905.7,70.5,0.60,-0.047,-0.062,0.997,3,16
185384,1894.1,70.5,0.35,-0.055,-0.063,0.976,3,16
185434,1875.5,70.5,0.35,-0.055,-0.063,0.976,3,16
185484,1879.6,70.5,0.28,-0.025,-0.062,0.984,3,16
185534,1923.1,70.5,0.28,-0.025,-0.062,0.984,3,16
185587,1997.9,70.5,0.23,-0.036,-0.059,0.968,3,16
185637,2091.2,70.5,0.08,-0.021,-0.070,1.002,3,15
185687,2122.8,70.5,0.08,-0.021,-0.070,1.002,3,15
185737,2122.8,70.5,0.08,-0.021,-0.070,1.002,3,15
185787,2105.4,70.5,0.05,0.006,-0.068,0.980,3,15
185838,2111.0,70.5,0.07,0.026,-0.061,0.979,3,16
185887,2098.6,70.5,0.07,0.026,-0.061,0.979,3,16
185937,2093.5,70.5,0.11,0.035,-0.060,0.994,3,16
185988,2104.1,70.5,0.03,0.040,-0.059,0.986,3,16
186037,2109.1,70.5,0.03,0.040,-0.059,0.986,3,16
186088,2123.1,70.5,0.08,0.049,-0.066,0.981,3,16
186138,2116.9,70.5,0.05,0.032,-0.057,1.000,3,16
186188,2094.8,10.8,0.05,0.032,-0.057,1.000,3,16
186238,2089.4,10.8,0.02,0.021,-0.055,0.983,3,16
186288,2083.6,10.8,0.09,0.051,-0.058,0.994,3,16
186338,2084.5,10.8,0.05,0.036,-0.059,0.986,3,16
186388,2112.5,10.8,0.04,0.034,-0.072,0.989,3,16
186438,2142.0,10.8,0.12,0.027,-0.061,0.986,3,16
186488,2166.6,10.8,0.12,0.027,-0.061,0.986,3,16
186538,2192.5,10.8,0.16,0.046,-0.060,1.007,3,16
186589,2190.6,24.1,0.03,0.056,-0.062,0.982,3,16
186639,2175.6,24.1,0.03,0.056,-0.062,0.982,3,16
186689,2146.9,24.1,0.03,0.056,-0.062,0.982,3,16
186739,2139.4,24.1,0.12,0.136,-0.079,1.004,3,16
186789,2116.2,44.4,0.12,0.136,-0.079,1.004,3,16
186839,2144.5,44.4,0.21,0.127,-0.072,0.978,3,16
186889,2171.2,95.4,0.46,0.084,-0.040,0.973,3,16
186939,2157.0,95.4,0.46,0.084,-0.040,0.973,3,16
186989,2162.2,100.5,0.44,0.114,-0.069,1.000,3,16
187039,2171.9,100.5,0.43,0.100,-0.080,0.966,3,16
187090,2190.3,98.5,0.43,0.100,-0.080,0.966,3,16
187140,2193.4,98.5,0.66,0.058,-0.056,0.953,3,16
187190,2171.6,111.2,0.69,0.103,-0.046,0.987,3,16
187240,2175.4,174.1,0.70,0.087,-0.048,0.974,3,16
187290,2157.6,174.1,0.70,0.087,-0.048,0.974,3,16
187340,2134.2,175.5,0.70,0.087,-0.048,0.974,3,16
187390,2143.8,164.7,0.92,0.096,-0.069,1.018,3,16
187440,2173.3,174.1,0.83,0.132,-0.055,1.024,3,16
187490,2187.0,156.1,0.91,0.133,-0.046,0.968,3,16
187540,2190.3,398.3,1.14,0.084,-0.039,0.931,3,16
187591,2181.8,398.3,1.14,0.084,-0.039,0.931,3,16
187641,2185.1,372.6,1.64,0.103,-0.040,0.952,3,16
187691,2164.7,393.5,1.64,0.103,-0.040,0.952,3,16
187741,2137.3,397.0,1.62,0.205,-0.074,1.018,3,16
187791,2140.1,437.0,1.87,0.150,-0.051,1.000,3,16
187841,2166.8,340.4,1.87,0.150,-0.051,1.000,3,16
187891,2147.1,379.7,2.23,0.138,-0.032,1.049,3,16
187941,2173.1,206.3,2.09,0.099,-0.048,0.977,3,16
187991,2189.2,516.7,2.09,0.099,-0.048,0.977,3,16
188041,2172.7,272.0,2.29,0.226,-0.043,1.074,3,16
188092,2179.4,452.1,2.41,0.142,-0.042,0.945,3,16
188142,2180.5,481.7,2.68,0.097,-0.054,0.920,3,16
188192,2169.4,345.4,2.72,0.126,-0.058,0.891,3,16
188242,2143.5,498.4,2.89,0.159,-0.044,0.909,3,16
188292,2136.6,417.7,2.89,0.159,-0.044,0.909,3,16
188342,2137.2,510.3,2.89,0.159,-0.044,0.909,3,16
188392,2150.0,436.4,3.11,0.143,-0.050,0.987,3,16
188442,2153.4,558.9,3.33,0.195,-0.079,0.975,3,15
188492,2102.6,436.9,3.33,0.195,-0.079,0.975,3,15
188542,2044.4,495.7,3.44,0.160,-0.072,0.959,3,16
188595,1995.0,466.5,3.44,0.160,-0.072,0.959,3,16
188644,1957.4,464.3,3.44,0.160,-0.072,0.959,3,16
188694,1920.3,515.1,3.50,0.152,-0.050,0.992,3,16
188752,1887.0,507.0,3.50,0.152,-0.050,0.992,3,16
188801,1890.9,513.8,3.98,0.025,-0.061,0.933,3,16
188851,1877.2,489.7,3.86,-0.001,-0.084,0.966,3,16
188902,1852.5,476.0,3.74,0.000,-0.081,0.967,3,16
188951,1829.6,487.6,3.74,0.000,-0.081,0.967,3,16
189001,1851.2,511.1,4.27,-0.063,-0.087,0.990,3,16
189052,1834.9,506.8,4.27,-0.063,-0.087,0.990,3,16
189104,1838.3,472.2,3.77,-0.058,-0.088,1.025,3,16
189154,1821.9,477.4,3.77,-0.058,-0.088,1.025,3,16
189204,1801.6,430.0,3.77,-0.058,-0.088,1.025,3,16
189254,1822.5,481.6,3.77,-0.058,-0.088,1.025,3,16
189304,1823.9,440.4,3.83,-0.108,-0.059,0.970,3,16
189354,1804.0,454.9,3.83,-0.108,-0.059,0.970,3,16
189404,1808.4,435.4,4.05,-0.120,-0.041,1.058,3,16
189454,1802.4,436.5,3.88,-0.109,-0.040,1.094,3,16
189504,1807.1,393.8,3.88,-0.109,-0.040,1.094,3,16
189554,1788.5,448.4,3.55,-0.079,-0.090,0.912,3,16
189605,1800.2,405.1,3.22,-0.065,-0.043,0.800,3,16
189657,1827.8,463.9,3.22,-0.065,-0.043,0.800,3,16
189706,1831.8,439.4,3.54,-0.065,-0.043,0.800,3,16
189756,1813.6,443.8,3.22,-0.014,-0.068,1.051,3,16
189811,1808.8,417.8,3.03,-0.035,-0.068,1.063,3,16
189860,1825.2,443.4,3.17,-0.068,-0.112,1.061,3,16
189910,1830.4,389.1,3.37,-0.046,-0.118,1.148,3,16
189960,1814.9,429.6,3.37,-0.046,-0.118,1.148,3,16
190010,1803.9,414.8,3.06,-0.044,-0.088,0.920,3,16
190060,1821.8,402.4,3.06,-0.044,-0.088,0.920,3,16
190115,1827.9,424.7,2.96,-0.023,-0.097,0.965,3,16
190164,1827.4,390.8,3.19,-0.021,-0.120,0.925,3,16
190214,1808.0,393.0,3.28,-0.012,-0.123,1.026,3,16
190264,1819.0,417.6,3.25,-0.044,-0.114,1.024,3,16
190314,1849.1,387.8,3.25,-0.044,-0.114,1.024,3,16
190364,1848.5,381.6,2.96,-0.055,-0.087,1.061,3,16
190414,1804.7,398.1,3.19,-0.067,-0.108,0.972,3,16
190464,1818.4,357.7,3.07,-0.066,-0.100,0.979,3,16
190514,1835.9,358.6,2.70,-0.082,-0.110,0.927,3,16
190564,1838.3,360.6,2.72,-0.030,-0.090,1.033,3,16
190615,1820.9,357.8,2.72,-0.030,-0.090,1.033,3,16
190665,1813.2,361.1,2.69,-0.059,-0.083,0.970,3,15
190715,1829.2,343.3,2.34,-0.053,-0.141,1.005,3,15
190765,1825.3,351.6,2.25,-0.063,-0.150,0.965,3,16
190815,1805.5,344.0,2.43,-0.005,-0.111,1.001,3,16
190865,1818.5,321.5,2.57,-0.021,-0.072,1.023,3,16
190915,1846.3,343.7,2.57,-0.021,-0.072,1.023,3,16
190965,1847.5,282.9,2.63,-0.039,-0.113,1.018,3,16
191015,1836.5,279.7,2.49,-0.067,-0.160,0.963,3,16
191065,1814.4,325.7,2.51,-0.079,-0.146,0.997,3,16
191116,1816.3,306.8,2.76,-0.034,-0.134,0.997,3,16
191166,1835.7,1187.6,2.71,-0.039,-0.077,0.914,3,16
191216,1826.7,278.1,2.71,-0.039,-0.077,0.914,3,16
191266,1806.4,265.5,2.49,-0.070,-0.078,0.973,3,16
191316,1809.7,288.8,2.53,-0.105,-0.105,1.066,3,16
191366,1837.4,238.4,2.44,-0.137,-0.150,1.142,3,16
191416,1830.7,223.8,2.44,-0.137,-0.150,1.142,3,16
191466,1809.5,206.9,2.07,-0.184,-0.158,1.012,3,16
191516,1810.8,181.3,2.07,-0.184,-0.158,1.012,3,16
191566,1830.9,174.8,1.68,-0.131,-0.144,0.871,3,16
191617,1827.4,182.9,1.68,-0.131,-0.144,0.871,3,16
191667,1807.5,171.7,1.66,-0.065,-0.126,0.898,3,16
191717,1813.2,171.4,1.49,-0.022,-0.086,0.971,3,16
191767,1831.2,160.2,1.60,-0.064,-0.036,1.047,3,16
191817,1835.0,160.2,1.60,-0.064,-0.036,1.047,3,16
191867,1819.8,139.7,1.43,-0.077,-0.103,1.028,3,16
191917,1815.6,132.1,1.00,-0.080,-0.150,1.035,3,16
191967,1837.6,132.1,0.81,-0.076,-0.179,1.012,3,16
192017,1849.7,129.0,0.78,-0.071,-0.169,0.968,3,16
192067,1868.9,129.0,0.78,-0.071,-0.169,0.968,3,16
192118,1859.1,100.0,0.78,-0.071,-0.169,0.968,3,16
192175,1897.2,100.0,1.50,-0.064,-0.146,1.004,3,16
192225,1968.6,100.0,1.25,-0.104,-0.120,0.991,3,16
192277,2002.1,100.0,1.25,-0.104,-0.120,0.991,3,16
192326,2045.4,100.0,0.77,-0.133,-0.110,0.963,3,16
192376,2069.5,100.0,0.10,-0.135,-0.112,0.973,3,16
192427,2060.7,100.0,0.10,-0.135,-0.112,0.973,3,16
192476,2089.5,100.0,0.11,-0.133,-0.128,0.951,3,16
192526,2106.9,100.0,0.06,-0.116,-0.126,0.981,3,16
192578,2122.3,20.8,0.06,-0.116,-0.126,0.981,3,16
192630,2116.0,20.8,0.04,-0.078,-0.128,0.994,3,16
192680,2125.5,20.8,0.13,-0.044,-0.113,0.970,3,16
192731,2124.9,20.8,0.13,-0.044,-0.113,0.970,3,16
192780,2112.0,20.8,0.27,0.001,-0.125,0.981,3,16
192830,2109.0,20.8,0.16,0.022,-0.138,0.975,3,16
192880,2094.3,20.8,0.16,0.022,-0.138,0.975,3,16
192931,2117.7,20.8,0.05,0.040,-0.149,0.983,3,16
192981,2198.6,26.9,0.05,0.040,-0.149,0.983,3,16
193034,2182.8,312.0,0.05,0.040,-0.149,0.983,3,16
193083,2351.6,312.0,0.16,0.054,-0.145,0.975,3,16
193134,2489.5,138.6,0.14,0.029,-0.131,0.983,3,16
193186,2465.7,113.0,0.14,0.121,-0.136,1.014,3,16
193235,2467.9,206.9,0.09,0.118,-0.146,0.930,3,16
193285,2472.9,220.5,0.03,0.141,-0.162,0.942,3,16
193335,2482.9,278.0,0.03,0.141,-0.162,0.942,3,16
193385,2477.0,162.8,0.25,0.120,-0.144,0.966,3,16
193435,2518.8,267.8,0.86,0.223,-0.172,1.054,3,16
193486,2417.0,339.1,1.21,0.213,-0.190,1.064,3,16
193535,2331.3,321.4,1.20,0.192,-0.187,1.008,3,16
193585,2185.0,561.1,1.05,0.206,-0.172,0.978,3,16
193641,2049.2,392.3,1.05,0.206,-0.172,0.978,3,16
193690,1987.4,277.4,2.15,0.242,-0.181,0.831,3,16
193740,1987.9,389.1,2.34,0.213,-0.177,0.846,3,16
193791,1943.1,313.4,2.50,0.145,-0.127,0.847,3,16
193840,1906.5,284.6,2.39,0.124,-0.139,0.870,3,16
193890,1878.2,330.3,2.63,0.050,-0.058,0.974,3,15
193940,1850.8,290.7,2.63,0.050,-0.058,0.974,3,15
193990,1863.4,245.5,2.55,0.013,-0.043,1.064,3,14
194040,1848.9,291.6,2.54,-0.130,-0.153,1.061,3,14
194090,1823.8,230.3,2.06,-0.137,-0.155,0.974,3,14
194141,1798.3,206.9,1.82,-0.164,-0.130,0.951,3,14
194191,1818.0,172.7,1.85,-0.144,-0.109,0.922,3,14
194241,1826.4,171.4,1.85,-0.144,-0.109,0.922,3,14
194291,1811.5,171.9,1.87,-0.100,-0.122,1.053,3,16
194341,1872.4,171.9,1.49,-0.074,-0.145,1.081,3,16
194391,1914.9,121.2,0.92,-0.033,-0.106,0.889,3,16
194441,1909.5,122.5,0.92,-0.033,-0.106,0.889,3,16
194491,2018.0,122.5,1.19,-0.048,-0.062,0.928,3,16
194541,2118.0,101.6,1.19,-0.048,-0.062,0.928,3,16
194591,2148.0,101.6,1.14,-0.052,-0.141,1.025,3,16
194642,2134.9,134.6,0.89,-0.041,-0.189,1.023,3,15
194692,2140.3,134.6,0.77,-0.015,-0.180,1.072,3,15
194742,2133.2,106.5,0.63,0.024,-0.175,1.017,3,15
194792,2135.9,106.5,0.63,0.086,-0.138,0.971,3,16
194842,2167.3,105.8,0.72,0.090,-0.140,0.951,3,16
194892,2179.7,105.8,0.72,0.090,-0.140,0.951,3,16
194942,2182.3,93.6,0.64,0.078,-0.154,0.974,3,16
194992,2176.8,205.8,0.59,0.070,-0.133,0.992,3,16
195042,2175.0,247.2,0.59,0.070,-0.133,0.992,3,16
195092,2155.7,102.2,0.64,0.125,-0.154,0.987,3,15
195143,2154.9,102.2,0.87,0.098,-0.175,0.936,3,15
195193,2163.8,121.7,0.87,0.098,-0.175,0.936,3,15
195243,2164.1,209.0,0.90,0.070,-0.152,0.951,3,16
195293,2159.9,196.1,0.83,0.107,-0.113,0.996,3,16
195343,2155.5,196.1,0.82,0.128,-0.109,1.002,3,15
195393,2189.9,131.7,0.88,0.100,-0.136,0.949,3,16
195443,2190.2,133.8,1.14,0.087,-0.143,0.921,3,15
195493,2198.3,174.1,1.14,0.087,-0.143,0.921,3,15
195543,2182.6,249.8,1.26,0.129,-0.149,0.990,3,15
195593,2181.9,213.3,1.26,0.129,-0.149,0.990,3,15
195654,2196.8,147.0,1.26,0.129,-0.149,0.990,3,15
195705,2211.0,227.4,0.86,0.157,-0.141,1.058,3,16
195755,2180.2,199.9,1.50,0.055,-0.133,0.936,3,16
195805,2174.5,245.6,1.66,0.053,-0.133,0.985,3,16
195855,2171.4,266.5,1.65,0.118,-0.166,0.991,3,16
195905,2172.6,185.4,1.33,0.141,-0.163,0.950,3,16
195955,2156.8,346.6,1.33,0.141,-0.163,0.950,3,16
196005,2173.3,280.4,1.64,0.115,-0.099,0.939,3,16
196055,2209.3,232.2,1.91,0.132,-0.118,0.985,3,16
196105,2210.3,405.4,2.06,0.131,-0.115,1.034,3,16
196163,2201.8,302.5,2.15,0.142,-0.139,1.036,3,16
196213,2198.4,281.7,2.16,0.092,-0.119,1.017,3,16
196263,2187.2,443.8,1.93,0.105,-0.098,0.963,3,16
196313,2138.0,296.5,1.93,0.105,-0.098,0.963,3,16
196363,2104.7,244.8,2.02,0.125,-0.035,0.962,3,16
196413,2028.0,340.6,2.36,0.140,-0.019,0.957,3,16
196463,1975.6,328.3,2.47,0.086,-0.025,0.951,3,16
196513,1972.4,323.2,2.25,0.056,-0.071,0.963,3,16
196563,1936.5,342.3,2.29,0.102,-0.021,1.019,3,16
196613,1913.9,299.3,2.29,0.102,-0.021,1.019,3,16
196664,1887.8,335.5,2.60,0.016,-0.053,0.982,3,16
196714,1852.7,271.9,2.60,0.016,-0.053,0.982,3,16
196764,1859.0,198.4,2.63,-0.031,-0.092,0.960,3,16
196814,1854.1,261.6,2.36,-0.040,-0.096,0.950,3,15
196864,1832.7,337.8,2.36,-0.040,-0.096,0.950,3,15
196914,1817.9,267.0,2.36,-0.040,-0.096,0.950,3,15
196964,1830.5,267.0,2.46,-0.031,-0.108,1.059,3,15
197015,1828.3,130.0,2.46,-0.031,-0.108,1.059,3,15
197064,1818.1,218.9,2.02,-0.075,-0.135,0.971,3,16
197114,1793.5,218.9,1.97,-0.127,-0.129,0.931,3,16
197166,1787.2,110.1,1.52,-0.172,-0.113,1.005,3,16
197215,1804.5,110.1,1.52,-0.172,-0.113,1.005,3,16
197265,1812.0,110.1,1.11,-0.218,-0.096,1.012,3,16
197315,1796.9,110.1,0.89,-0.235,-0.104,0.952,3,15
197365,1779.1,110.1,0.64,-0.271,-0.110,0.941,3,16
197415,1803.7,110.1,0.16,-0.181,-0.113,1.017,3,16
197465,1803.2,110.1,0.16,-0.095,-0.098,1.031,3,16
197515,1784.0,110.1,0.16,-0.095,-0.098,1.031,3,16
197565,1805.0,110.1,0.22,0.023,-0.077,0.983,3,16
197615,1804.7,110.1,0.13,0.049,-0.085,0.994,3,16
197666,1807.8,110.1,0.09,0.086,-0.090,0.967,3,16
197716,1791.3,110.1,0.06,0.088,-0.086,0.966,3,16
197766,1793.3,110.1,0.10,0.051,-0.113,1.003,3,16
197816,1808.0,110.1,0.10,0.051,-0.113,1.003,3,16
197866,1812.5,110.1,0.09,0.013,-0.088,0.976,3,16
197916,1795.7,110.1,0.09,0.013,-0.088,0.976,3,16
197966,1793.9,110.1,0.11,0.013,-0.074,0.985,3,16
198016,1816.6,110.1,0.20,0.026,-0.093,1.018,3,16
198066,1802.7,110.1,0.15,0.034,-0.094,0.977,3,16
198116,1777.4,110.1,0.15,0.034,-0.094,0.977,3,16
198167,1788.9,0.0,0.07,0.043,-0.102,0.972,3,16
198217,1804.2,0.0,0.11,0.051,-0.093,1.011,3,16
198267,1810.4,0.0,0.13,0.037,-0.084,0.988,3,16
198317,1795.1,0.0,0.13,0.031,-0.085,0.980,3,16
198367,1786.0,0.0,0.10,0.032,-0.086,0.972,3,16
198417,1790.2,0.0,0.10,0.032,-0.086,0.972,3,16
198467,1783.6,0.0,0.15,0.044,-0.093,1.012,3,16
198517,1762.3,0.0,0.11,0.033,-0.089,0.990,3,16
198567,1786.0,0.0,0.01,0.033,-0.090,0.963,3,16
198617,1788.1,0.0,0.05,0.034,-0.100,0.986,3,16
198668,1771.5,0.0,0.11,0.039,-0.095,1.010,3,16
198718,1785.0,0.0,0.11,0.039,-0.095,1.010,3,16
198768,1796.8,0.0,0.02,0.033,-0.089,0.962,3,16
198818,1798.8,0.0,0.14,0.030,-0.083,0.974,3,16
198868,1783.0,0.0,0.16,0.037,-0.086,0.960,3,16
198918,1784.3,0.0,0.05,0.025,-0.092,0.985,3,16
198968,1796.4,0.0,0.07,0.027,-0.086,0.974,3,16
199018,1804.4,0.0,0.07,0.027,-0.086,0.974,3,16
199068,1789.8,0.0,0.12,0.031,-0.094,1.011,3,16
199118,1786.0,0.0,0.12,0.031,-0.094,1.011,3,16
199176,1777.8,0.0,0.04,0.023,-0.094,0.979,3,16
199226,1797.1,0.0,0.06,0.024,-0.087,0.982,3,16
199276,1798.2,0.0,0.04,0.030,-0.091,0.998,3,16
199327,1780.6,0.0,0.04,0.030,-0.091,0.998,3,16
199376,1782.0,0.0,0.07,0.024,-0.090,0.975,3,16
199426,1805.5,0.0,0.17,0.033,-0.088,0.980,3,16
199477,1801.8,0.0,0.17,0.033,-0.088,0.980,3,16
199526,1781.7,0.0,0.06,0.038,-0.099,0.986,3,16
199576,1789.5,0.0,0.12,0.034,-0.083,0.983,3,16
199627,1798.7,0.0,0.12,0.034,-0.083,0.983,3,16
199679,1795.8,0.0,0.09,0.042,-0.100,1.011,3,16
199729,1778.1,0.0,0.00,0.031,-0.092,0.996,3,16
199779,1788.4,0.0,0.00,0.031,-0.092,0.996,3,16
199829,1803.0,0.0,0.10,0.034,-0.082,0.956,3,16
199879,1806.5,0.0,0.19,0.027,-0.081,0.994,3,16
199929,1806.5,0.0,0.19,0.027,-0.081,0.994,3,16
199979,1806.5,0.0,0.16,0.036,-0.090,0.963,3,16
200029,1806.5,0.0,0.22,0.042,-0.080,0.943,3,16
200079,1806.5,0.0,0.22,0.042,-0.080,0.943,3,16
200129,1806.5,0.0,0.12,0.032,-0.083,0.985,3,16
200180,1806.5,0.0,0.06,0.015,-0.130,1.007,3,16
200231,1806.5,0.0,0.06,0.015,-0.130,1.007,3,16
200280,1806.5,0.0,0.06,0.020,-0.104,0.982,3,16
200330,1806.5,0.0,0.16,0.039,-0.068,0.962,3,16
200380,1806.5,0.0,0.16,0.039,-0.068,0.962,3,16
200430,1806.5,0.0,0.03,0.035,-0.074,0.975,3,16
200480,1806.5,0.0,0.26,0.033,-0.099,0.981,3,16
200531,1806.5,0.0,0.26,0.033,-0.099,0.981,3,16
200580,1806.5,0.0,0.21,0.046,-0.098,0.990,3,16
200630,1806.5,0.0,0.10,0.025,-0.081,0.983,3,16
200682,1806.5,0.0,0.07,0.028,-0.090,0.982,3,16
200731,1806.5,0.0,0.21,0.033,-0.095,0.989,3,16
200781,1806.5,0.0,0.12,0.034,-0.096,0.979,3,16
200831,1806.5,0.0,0.12,0.034,-0.096,0.979,3,16
200881,1806.5,0.0,0.21,0.032,-0.084,0.972,3,16
200931,1806.5,0.0,0.17,0.028,-0.081,0.989,3,16
200981,1806.5,0.0,0.17,0.028,-0.081,0.989,3,16
201031,1806.5,0.0,0.23,0.029,-0.088,0.971,3,16
201081,1806.5,0.0,0.19,0.030,-0.089,0.971,3,16
201131,1806.5,0.0,0.19,0.030,-0.089,0.971,3,16
201188,1806.5,0.0,0.11,0.029,-0.093,0.989,3,16
201238,1806.5,0.0,0.10,0.030,-0.093,0.958,3,16
201288,1806.5,0.0,0.06,0.037,-0.090,0.982,3,16
201338,1806.5,0.0,0.08,0.029,-0.088,0.961,3,16
201388,0.0,0.0,0.14,0.025,-0.091,0.995,3,16
201438,0.0,0.0,0.14,0.025,-0.091,0.995,3,16
201488,0.0,0.0,0.19,0.037,-0.090,1.011,3,16
201538,0.0,0.0,0.09,0.031,-0.092,0.973,3,16
201588,0.0,0.0,0.10,0.028,-0.092,0.959,3,16
201638,0.0,0.0,0.17,0.033,-0.095,1.004,3,16
201689,0.0,0.0,0.05,0.029,-0.091,0.979,3,16
201739,0.0,0.0,0.05,0.029,-0.091,0.979,3,16
201790,0.0,0.0,0.11,0.030,-0.091,0.984,3,16
201839,0.0,0.0,0.12,0.041,-0.090,1.008,3,16
201889,0.0,0.0,0.03,0.035,-0.092,0.971,3,16
201940,0.0,0.0,0.05,0.033,-0.094,1.000,3,16
201989,0.0,0.0,0.07,0.028,-0.095,0.971,3,16
202039,0.0,0.0,0.07,0.028,-0.095,0.971,3,16
202090,0.0,0.0,0.17,0.032,-0.089,0.982,3,16
202139,0.0,0.0,0.07,0.036,-0.090,0.984,3,16
202190,0.0,0.0,0.14,0.029,-0.088,0.985,3,16
202240,0.0,0.0,0.07,0.030,-0.091,0.994,3,16
202290,0.0,0.0,0.14,0.030,-0.090,0.983,3,16
202340,0.0,0.0,0.14,0.030,-0.090,0.983,3,16
202390,0.0,0.0,0.12,0.033,-0.093,0.976,3,16
202440,0.0,0.0,0.03,0.032,-0.092,0.985,3,16
202490,0.0,0.0,0.19,0.030,-0.091,0.980,3,16
202540,0.0,0.0,0.25,0.029,-0.090,0.991,3,16
202590,0.0,0.0,0.23,0.032,-0.089,0.982,3,16
202640,0.0,0.0,0.23,0.032,-0.089,0.982,3,16
202691,0.0,0.0,0.06,0.032,-0.093,0.981,3,16
202741,0.0,0.0,0.13,0.030,-0.092,0.985,3,16
202791,0.0,0.0,0.15,0.032,-0.091,0.980,3,16
202841,0.0,0.0,0.06,0.034,-0.090,0.985,3,16
202891,0.0,0.0,0.14,0.032,-0.090,0.986,3,16
202941,0.0,0.0,0.14,0.032,-0.090,0.986,3,16
202991,0.0,0.0,0.07,0.028,-0.093,0.986,3,16
203041,0.0,0.0,0.11,0.033,-0.093,0.983,3,16
203091,0.0,0.0,0.08,0.033,-0.090,0.983,3,16
203141,0.0,0.0,0.02,0.035,-0.089,0.987,3,16
203192,0.0,0.0,0.02,0.030,-0.089,0.979,3,16
203242,0.0,0.0,0.04,0.027,-0.088,0.981,3,16
203292,0.0,0.0,0.04,0.027,-0.088,0.981,3,16
203342,0.0,0.0,0.02,0.033,-0.094,0.988,3,16
203392,0.0,0.0,0.06,0.033,-0.100,0.984,3,16
203442,0.0,0.0,0.05,0.034,-0.101,0.983,3,16
203492,0.0,0.0,0.01,0.031,-0.095,0.984,3,16
203542,0.0,0.0,0.04,0.029,-0.084,0.984,3,16
203592,0.0,0.0,0.04,0.029,-0.084,0.984,3,16
203642,0.0,0.0,0.11,0.032,-0.088,0.984,3,16
203693,0.0,0.0,0.12,0.032,-0.094,0.982,3,16
203743,0.0,0.0,0.01,0.032,-0.095,0.984,3,16
203793,0.0,0.0,0.07,0.034,-0.092,0.984,3,16
203843,0.0,0.0,0.18,0.033,-0.089,0.983,3,16
203893,0.0,0.0,0.18,0.033,-0.089,0.983,3,16
203943,0.0,0.0,0.25,0.028,-0.084,0.983,3,16
203993,0.0,0.0,0.21,0.026,-0.089,0.986,3,16
204043,0.0,0.0,0.14,0.028,-0.097,0.986,3,16
204093,0.0,0.0,0.10,0.031,-0.101,0.987,3,16
204143,0.0,0.0,0.09,0.037,-0.094,0.981,3,16
204194,0.0,0.0,0.09,0.037,-0.094,0.981,3,16
204244,0.0,0.0,0.17,0.032,-0.082,0.982,3,16
204294,0.0,0.0,0.08,0.029,-0.085,0.987,3,16
204344,0.0,0.0,0.08,0.027,-0.091,0.982,3,16
204394,0.0,0.0,0.11,0.031,-0.098,0.983,3,16
204444,0.0,0.0,0.03,0.036,-0.091,0.985,3,16
204494,0.0,0.0,0.03,0.036,-0.091,0.985,3,16
204544,0.0,0.0,0.16,0.028,-0.088,0.983,3,16
204594,0.0,0.0,0.11,0.026,-0.090,0.985,3,16
204644,0.0,0.0,0.13,0.029,-0.092,0.984,3,16
204704,0.0,0.0,0.07,0.035,-0.093,0.984,3,16
204754,0.0,0.0,0.06,0.035,-0.092,0.983,3,16
204804,0.0,0.0,0.02,0.032,-0.092,0.983,3,16
204854,0.0,0.0,0.06,0.030,-0.091,0.984,3,16
204904,0.0,0.0,0.16,0.031,-0.092,0.984,3,16
204954,0.0,0.0,0.16,0.031,-0.092,0.984,3,16
205004,0.0,0.0,0.11,0.032,-0.092,0.983,3,16
205054,0.0,0.0,0.10,0.030,-0.092,0.983,3,16
205104,0.0,0.0,0.16,0.030,-0.091,0.984,3,16
205154,0.0,0.0,0.17,0.030,-0.091,0.984,3,16
205205,0.0,0.0,0.17,0.029,-0.077,0.978,3,16
205255,0.0,0.0,0.17,0.029,-0.077,0.978,3,16
205305,0.0,0.0,0.11,0.033,-0.108,0.998,3,16
205355,0.0,0.0,0.10,0.026,-0.114,0.991,3,16
205406,0.0,0.0,0.15,0.034,-0.097,0.992,3,16
205455,0.0,0.0,0.02,0.029,-0.084,0.963,3,16
205505,0.0,0.0,0.07,0.033,-0.085,0.969,3,16
205556,0.0,0.0,0.07,0.033,-0.085,0.969,3,16
205606,0.0,0.0,0.15,0.031,-0.093,0.984,3,16
205656,0.0,0.0,0.11,0.030,-0.105,0.992,3,16
205707,0.0,0.0,0.11,0.030,-0.105,0.992,3,16
205757,0.0,0.0,0.06,0.032,-0.085,0.989,3,16
205807,0.0,0.0,0.07,0.029,-0.083,0.990,3,16
205859,0.0,0.0,0.07,0.029,-0.083,0.990,3,16
205909,0.0,0.0,0.08,0.022,-0.089,0.981,3,16
205959,0.0,0.0,0.11,0.020,-0.099,0.977,3,16
206009,0.0,0.0,0.03,0.022,-0.097,0.991,3,16
206059,0.0,0.0,0.06,0.026,-0.094,0.986,3,16
206109,0.0,0.0,0.20,0.036,-0.088,0.985,3,16
206159,0.0,0.0,0.20,0.036,-0.088,0.985,3,16
206213,0.0,0.0,0.23,0.038,-0.091,0.987,3,16
206263,0.0,0.0,0.08,0.036,-0.093,0.983,3,16
206313,0.0,0.0,0.34,0.033,-0.092,0.979,3,16
206363,0.0,0.0,0.25,0.034,-0.091,0.980,3,16
206413,0.0,0.0,0.04,0.040,-0.088,0.988,3,16
206463,0.0,0.0,0.09,0.046,-0.084,0.984,3,16
206513,0.0,0.0,0.09,0.046,-0.084,0.984,3,16
206563,0.0,0.0,0.10,0.034,-0.100,0.993,3,16
206613,0.0,0.0,0.12,0.031,-0.105,0.974,3,16
206663,0.0,0.0,0.17,0.030,-0.100,0.996,3,16
206714,0.0,0.0,0.04,0.026,-0.081,0.975,3,16
206764,0.0,0.0,0.17,0.031,-0.094,0.984,3,15
206814,0.0,0.0,0.17,0.031,-0.094,0.984,3,15
206864,0.0,0.0,0.09,0.035,-0.097,0.986,3,16
206914,0.0,0.0,0.09,0.035,-0.097,0.986,3,16
206964,0.0,0.0,0.13,0.034,-0.095,0.983,3,16
207014,0.0,0.0,0.06,0.030,-0.089,0.986,3,16
207064,0.0,0.0,0.08,0.028,-0.091,0.982,3,16
207114,0.0,0.0,0.08,0.028,-0.091,0.982,3,16
207164,0.0,0.0,0.03,0.030,-0.095,0.983,3,16
207215,0.0,0.0,0.03,0.030,-0.095,0.983,3,16
207265,0.0,0.0,0.06,0.033,-0.092,0.984,3,16
207315,0.0,0.0,0.06,0.034,-0.090,0.983,3,16
207365,0.0,0.0,0.02,0.031,-0.093,0.984,3,16
207415,0.0,0.0,0.02,0.031,-0.093,0.984,3,16
207465,0.0,0.0,0.06,0.031,-0.093,0.983,3,16
207515,0.0,0.0,0.03,0.031,-0.093,0.984,3,16
207565,0.0,0.0,0.08,0.031,-0.092,0.983,3,16
207615,0.0,0.0,0.11,0.032,-0.091,0.984,3,16
207665,0.0,0.0,0.04,0.031,-0.092,0.985,3,16
207716,0.0,0.0,0.04,0.031,-0.092,0.985,3,16
207766,0.0,0.0,0.10,0.029,-0.094,0.986,3,16
207816,0.0,0.0,0.03,0.028,-0.092,0.979,3,16
207866,0.0,0.0,0.09,0.033,-0.091,0.985,3,16
207916,0.0,0.0,0.02,0.034,-0.092,0.985,3,16
207966,0.0,0.0,0.06,0.031,-0.092,0.980,3,16
208016,0.0,0.0,0.06,0.031,-0.092,0.980,3,16
208066,0.0,0.0,0.06,0.032,-0.092,0.981,3,16
208116,0.0,0.0,0.06,0.031,-0.093,0.987,3,16
208166,0.0,0.0,0.05,0.028,-0.094,0.984,3,16
208217,0.0,0.0,0.06,0.030,-0.091,0.983,3,16
208267,0.0,0.0,0.06,0.034,-0.090,0.984,3,16
208317,0.0,0.0,0.06,0.034,-0.090,0.984,3,16
208367,0.0,0.0,0.02,0.033,-0.093,0.986,3,16
208417,0.0,0.0,0.04,0.030,-0.094,0.984,3,16
208467,0.0,0.0,0.07,0.030,-0.094,0.982,3,16
208517,0.0,0.0,0.04,0.031,-0.091,0.986,3,16
208567,0.0,0.0,0.11,0.032,-0.091,0.983,3,16
208617,0.0,0.0,0.11,0.032,-0.091,0.983,3,16
208667,0.0,0.0,0.02,0.031,-0.094,0.983,3,16
208718,0.0,0.0,0.02,0.031,-0.094,0.983,3,16
208768,0.0,0.0,0.01,0.030,-0.093,0.984,3,16
208818,0.0,0.0,0.03,0.030,-0.091,0.983,3,16
208868,0.0,0.0,0.03,0.032,-0.092,0.983,3,16
208918,0.0,0.0,0.03,0.032,-0.092,0.983,3,16
208968,0.0,0.0,0.12,0.032,-0.093,0.983,3,16
209018,0.0,0.0,0.04,0.031,-0.092,0.983,3,16
209068,0.0,0.0,0.02,0.031,-0.092,0.983,3,16
209118,0.0,0.0,0.10,0.031,-0.093,0.984,3,16
209168,0.0,0.0,0.07,0.031,-0.092,0.983,3,16
209219,0.0,0.0,0.07,0.031,-0.092,0.983,3,16
209269,0.0,0.0,0.08,0.031,-0.091,0.984,3,16
209319,0.0,0.0,0.06,0.031,-0.091,0.983,3,16
209369,0.0,0.0,0.12,0.031,-0.092,0.983,3,16
209419,0.0,0.0,0.04,0.031,-0.094,0.983,3,16
209469,0.0,0.0,0.03,0.032,-0.094,0.984,3,16
209519,0.0,0.0,0.03,0.032,-0.094,0.984,3,16
209569,0.0,0.0,0.02,0.032,-0.090,0.983,3,16
209619,0.0,0.0,0.08,0.032,-0.090,0.984,3,16
209669,0.0,0.0,0.06,0.031,-0.090,0.983,3,16
209730,0.0,0.0,0.01,0.032,-0.093,0.983,3,16
209780,0.0,0.0,0.07,0.031,-0.094,0.984,3,16
209830,0.0,0.0,0.07,0.031,-0.094,0.984,3,16
209880,0.0,0.0,0.06,0.030,-0.090,0.983,3,16
209930,0.0,0.0,0.00,0.031,-0.090,0.984,3,16
209980,0.0,0.0,0.00,0.031,-0.090,0.984,3,16
210030,0.0,0.0,0.07,0.031,-0.096,0.984,3,15
210080,0.0,0.0,0.07,0.032,-0.095,0.982,3,16
210130,0.0,0.0,0.07,0.032,-0.095,0.982,3,16
210180,0.0,0.0,0.09,0.033,-0.090,0.983,3,15
210231,0.0,0.0,0.02,0.032,-0.089,0.983,3,15
210282,0.0,0.0,0.02,0.032,-0.089,0.983,3,15
210331,0.0,0.0,0.01,0.030,-0.093,0.984,3,16
210381,0.0,0.0,0.02,0.031,-0.094,0.983,3,16
210432,0.0,0.0,0.02,0.031,-0.094,0.983,3,16
210481,0.0,0.0,0.02,0.032,-0.090,0.983,3,16
210531,0.0,0.0,0.02,0.031,-0.091,0.984,3,16
210582,0.0,0.0,0.02,0.031,-0.091,0.984,3,16
210631,0.0,0.0,0.04,0.031,-0.093,0.984,3,16
210681,0.0,0.0,0.02,0.031,-0.093,0.984,3,16
210733,0.0,0.0,0.02,0.031,-0.093,0.984,3,16
210782,0.0,0.0,0.03,0.031,-0.091,0.983,3,16
210832,0.0,0.0,0.06,0.031,-0.092,0.983,3,16
210882,0.0,0.0,0.06,0.031,-0.092,0.983,3,16
210932,0.0,0.0,0.04,0.031,-0.094,0.984,3,16
210982,0.0,0.0,0.05,0.032,-0.092,0.983,3,16
211032,0.0,0.0,0.05,0.032,-0.092,0.983,3,16
211082,0.0,0.0,0.09,0.033,-0.092,0.984,3,16
211132,0.0,0.0,0.07,0.032,-0.093,0.983,3,16
211182,0.0,0.0,0.07,0.032,-0.093,0.983,3,16
211239,0.0,0.0,0.15,0.030,-0.092,0.984,3,16
211289,0.0,0.0,0.02,0.030,-0.090,0.984,3,16
211339,0.0,0.0,0.02,0.030,-0.090,0.984,3,16
211389,0.0,0.0,0.04,0.031,-0.091,0.984,3,16
211439,0.0,0.0,0.09,0.032,-0.094,0.984,3,16
211489,0.0,0.0,0.02,0.032,-0.093,0.983,3,16
211539,0.0,0.0,0.02,0.032,-0.093,0.983,3,16
211589,0.0,0.0,0.09,0.032,-0.092,0.983,3,16
211639,0.0,0.0,0.09,0.032,-0.092,0.983,3,16
211689,0.0,0.0,0.08,0.031,-0.092,0.984,3,16
211740,0.0,0.0,0.11,0.031,-0.093,0.984,3,16
211790,0.0,0.0,0.11,0.031,-0.093,0.984,3,16
211841,0.0,0.0,0.11,0.031,-0.093,0.984,3,16
211890,0.0,0.0,0.15,0.032,-0.093,0.984,3,16
211940,0.0,0.0,0.15,0.032,-0.093,0.984,3,16
211991,0.0,0.0,0.06,0.031,-0.091,0.983,3,16
212040,0.0,0.0,0.11,0.031,-0.092,0.984,3,16
212090,0.0,0.0,0.05,0.031,-0.092,0.983,3,16
212141,0.0,0.0,0.07,0.032,-0.092,0.983,3,16
212190,0.0,0.0,0.12,0.032,-0.093,0.984,3,16
212241,0.0,0.0,0.12,0.032,-0.093,0.984,3,16
212291,0.0,0.0,0.06,0.032,-0.093,0.984,3,16
212341,0.0,0.0,0.05,0.031,-0.092,0.984,3,16
212391,0.0,0.0,0.13,0.031,-0.092,0.983,3,16
212441,0.0,0.0,0.13,0.031,-0.092,0.983,3,16
212491,0.0,0.0,0.03,0.032,-0.093,0.984,3,16
212541,0.0,0.0,0.03,0.032,-0.093,0.984,3,16
212591,0.0,0.0,0.04,0.032,-0.092,0.983,3,16
212641,0.0,0.0,0.07,0.032,-0.091,0.983,3,16
212691,0.0,0.0,0.04,0.031,-0.092,0.983,3,16
212742,0.0,0.0,0.10,0.031,-0.093,0.984,3,16
212792,0.0,0.0,0.03,0.031,-0.093,0.983,3,16
212842,0.0,0.0,0.03,0.031,-0.093,0.983,3,16
212892,0.0,0.0,0.08,0.032,-0.092,0.983,3,16
212942,0.0,0.0,0.10,0.031,-0.092,0.983,3,16
212992,0.0,0.0,0.08,0.031,-0.092,0.983,3,16
213042,0.0,0.0,0.08,0.031,-0.092,0.983,3,16
213092,0.0,0.0,0.04,0.031,-0.092,0.983,3,16
213142,0.0,0.0,0.04,0.031,-0.092,0.983,3,16
213192,0.0,0.0,0.08,0.031,-0.092,0.983,3,16
213243,0.0,0.0,0.05,0.033,-0.093,0.983,3,16
213293,0.0,0.0,0.01,0.034,-0.093,0.986,3,16
213343,0.0,0.0,0.01,0.034,-0.093,0.986,3,16
213393,0.0,0.0,0.17,0.031,-0.092,0.984,3,16
213443,0.0,0.0,0.17,0.031,-0.092,0.984,3,16
213493,0.0,0.0,0.11,0.029,-0.091,0.982,3,16
213543,0.0,0.0,0.05,0.032,-0.091,0.984,3,16
213593,0.0,0.0,0.08,0.033,-0.092,0.983,3,16
213643,0.0,0.0,0.08,0.033,-0.092,0.983,3,16
213693,0.0,0.0,0.09,0.031,-0.095,0.983,3,16
213744,0.0,0.0,0.09,0.031,-0.095,0.983,3,16
213794,0.0,0.0,0.05,0.030,-0.093,0.985,3,16
213844,0.0,0.0,0.06,0.031,-0.091,0.983,3,16
213894,0.0,0.0,0.04,0.033,-0.092,0.985,3,16
213944,0.0,0.0,0.04,0.033,-0.092,0.985,3,16
213994,0.0,0.0,0.11,0.032,-0.094,0.983,3,16
214044,0.0,0.0,0.11,0.032,-0.094,0.983,3,16
214094,0.0,0.0,0.08,0.031,-0.094,0.979,3,16
214144,0.0,0.0,0.05,0.031,-0.091,0.984,3,16
214194,0.0,0.0,0.14,0.031,-0.087,0.985,3,16
214245,0.0,0.0,0.14,0.031,-0.087,0.985,3,16
214303,0.0,0.0,0.10,0.033,-0.092,0.985,3,16
214353,0.0,0.0,0.09,0.032,-0.094,0.983,3,16
214403,0.0,0.0,0.09,0.032,-0.094,0.983,3,16
214453,0.0,0.0,0.13,0.031,-0.092,0.982,3,16
214503,0.0,0.0,0.08,0.032,-0.090,0.983,3,16
214553,0.0,0.0,0.08,0.032,-0.090,0.983,3,16
214603,0.0,0.0,0.02,0.031,-0.092,0.984,3,16
214653,0.0,0.0,0.13,0.031,-0.091,0.984,3,16
214703,0.0,0.0,0.13,0.031,-0.091,0.984,3,16
214756,0.0,0.0,0.03,0.032,-0.091,0.984,3,16
214806,0.0,0.0,0.08,0.032,-0.091,0.983,3,16
214857,0.0,0.0,0.08,0.032,-0.091,0.983,3,16
214906,0.0,0.0,0.16,0.031,-0.090,0.984,3,16
214956,0.0,0.0,0.09,0.030,-0.090,0.984,3,16
215007,0.0,0.0,0.06,0.031,-0.091,0.984,3,16
215056,0.0,0.0,0.13,0.031,-0.093,0.984,3,16
215106,0.0,0.0,0.07,0.037,-0.104,0.975,3,16
215157,0.0,0.0,0.07,0.037,-0.104,0.975,3,16
215206,0.0,0.0,0.08,0.034,-0.079,0.988,3,16
215257,0.0,0.0,0.05,0.035,-0.080,0.978,3,16
215307,0.0,0.0,0.01,0.034,-0.101,0.985,3,16
215357,0.0,0.0,0.06,0.041,-0.113,0.990,3,16
215407,0.0,0.0,0.08,0.045,-0.088,0.987,3,16
215457,0.0,0.0,0.08,0.045,-0.088,0.987,3,16
215507,0.0,0.0,0.04,0.039,-0.085,0.979,3,16
215557,0.0,0.0,0.10,0.016,-0.085,0.988,3,16
215607,0.0,0.0,0.08,0.007,-0.090,0.984,3,16
215657,0.0,0.0,0.08,0.004,-0.096,0.988,3,16
215707,0.0,0.0,0.07,0.011,-0.092,0.985,3,16
215758,0.0,0.0,0.07,0.011,-0.092,0.985,3,16
215808,0.0,0.0,0.07,0.017,-0.093,0.988,3,16
215858,0.0,0.0,0.06,0.031,-0.101,0.981,3,16
215910,0.0,0.0,0.04,0.041,-0.093,0.977,3,16
215960,0.0,0.0,0.05,0.048,-0.081,0.979,3,16
216010,0.0,0.0,0.18,0.052,-0.080,0.987,3,16
216060,0.0,0.0,0.18,0.052,-0.080,0.987,3,16
216110,0.0,0.0,0.06,0.050,-0.098,0.982,3,16
216160,0.0,0.0,0.07,0.034,-0.090,0.983,3,16
216210,0.0,0.0,0.03,0.029,-0.086,0.983,3,16
216264,0.0,0.0,0.01,0.025,-0.087,0.984,3,16
216314,0.0,0.0,0.21,0.025,-0.091,0.985,3,16
216364,0.0,0.0,0.21,0.025,-0.091,0.985,3,16
216414,0.0,0.0,0.15,0.031,-0.092,0.984,3,16
216464,0.0,0.0,0.04,0.034,-0.092,0.984,3,16
216514,0.0,0.0,0.14,0.034,-0.090,0.983,3,16
216564,0.0,0.0,0.21,0.033,-0.089,0.984,3,16
216614,0.0,0.0,0.24,0.031,-0.090,0.983,3,16
216664,0.0,0.0,0.24,0.031,-0.090,0.983,3,16
216714,0.0,0.0,0.13,0.030,-0.091,0.984,3,16
216765,0.0,0.0,0.10,0.032,-0.091,0.983,3,16
216815,0.0,0.0,0.09,0.032,-0.091,0.984,3,16
216865,0.0,0.0,0.13,0.032,-0.090,0.984,3,16
216915,0.0,0.0,0.08,0.031,-0.090,0.984,3,16
216965,0.0,0.0,0.08,0.031,-0.090,0.984,3,16
217015,0.0,0.0,0.05,0.031,-0.092,0.984,3,16
217065,0.0,0.0,0.01,0.031,-0.091,0.983,3,16
217115,0.0,0.0,0.06,0.031,-0.090,0.980,3,16
217165,0.0,0.0,0.06,0.031,-0.090,0.980,3,16
217215,0.0,0.0,0.04,0.031,-0.092,0.982,3,16
217266,0.0,0.0,0.04,0.031,-0.092,0.982,3,16
217316,0.0,0.0,0.03,0.033,-0.092,0.985,3,16
217366,0.0,0.0,0.05,0.035,-0.088,0.983,3,16
217416,0.0,0.0,0.06,0.033,-0.089,0.984,3,16
217466,0.0,0.0,0.12,0.031,-0.091,0.986,3,16
217516,0.0,0.0,0.07,0.025,-0.091,0.987,3,16
217566,0.0,0.0,0.07,0.025,-0.091,0.987,3,16
217616,0.0,0.0,0.09,0.025,-0.091,0.983,3,16
217666,0.0,0.0,0.14,0.035,-0.086,0.981,3,16
217716,0.0,0.0,0.08,0.039,-0.083,0.981,3,16
217767,0.0,0.0,0.07,0.041,-0.085,0.979,3,16
217817,0.0,0.0,0.16,0.038,-0.092,0.980,3,16
217867,0.0,0.0,0.16,0.038,-0.092,0.980,3,16
217917,0.0,0.0,0.05,0.037,-0.094,0.982,3,16
217967,0.0,0.0,0.06,0.032,-0.090,0.981,3,16
218017,0.0,0.0,0.08,0.031,-0.088,0.984,3,16
218067,0.0,0.0,0.15,0.027,-0.085,0.986,3,16
218117,0.0,0.0,0.08,0.024,-0.088,0.991,3,16
218167,0.0,0.0,0.08,0.024,-0.088,0.991,3,16
218217,0.0,0.0,0.01,0.025,-0.091,0.986,3,16
218268,0.0,0.0,0.03,0.028,-0.091,0.984,3,16
218318,0.0,0.0,0.12,0.032,-0.090,0.982,3,16
218368,0.0,0.0,0.12,0.032,-0.090,0.982,3,16
218418,0.0,0.0,0.03,0.035,-0.087,0.983,3,16
218468,0.0,0.0,0.09,0.032,-0.088,0.984,3,16
218518,0.0,0.0,0.09,0.032,-0.088,0.984,3,16
218568,0.0,0.0,0.09,0.029,-0.089,0.984,3,16
218618,0.0,0.0,0.05,0.030,-0.088,0.984,3,16
218668,0.0,0.0,0.09,0.030,-0.088,0.984,3,16
218718,0.0,0.0,0.08,0.032,-0.089,0.984,3,16
218769,0.0,0.0,0.08,0.032,-0.089,0.984,3,16
218819,0.0,0.0,0.08,0.032,-0.089,0.984,3,16
218869,0.0,0.0,0.01,0.032,-0.089,0.983,3,16
218919,0.0,0.0,0.04,0.031,-0.089,0.985,3,16
218969,0.0,0.0,0.02,0.031,-0.088,0.984,3,16
219019,0.0,0.0,0.03,0.030,-0.088,0.984,3,16
219069,0.0,0.0,0.03,0.031,-0.088,0.984,3,16
219119,0.0,0.0,0.03,0.031,-0.088,0.984,3,16
219169,0.0,0.0,0.03,0.031,-0.088,0.984,3,16
219219,0.0,0.0,0.04,0.031,-0.088,0.984,3,16
219270,0.0,0.0,0.04,0.031,-0.088,0.984,3,16
219320,0.0,0.0,0.06,0.031,-0.088,0.984,3,16
219370,0.0,0.0,0.09,0.032,-0.088,0.984,3,16
219420,0.0,0.0,0.09,0.032,-0.088,0.984,3,16
219470,0.0,0.0,0.09,0.031,-0.088,0.984,3,16
219520,0.0,0.0,0.07,0.031,-0.088,0.983,3,16
219570,0.0,0.0,0.07,0.031,-0.088,0.983,3,16
219620,0.0,0.0,0.05,0.031,-0.088,0.983,3,16
219670,0.0,0.0,0.07,0.031,-0.088,0.984,3,16
219720,0.0,0.0,0.07,0.031,-0.088,0.984,3,16
219781,0.0,0.0,0.06,0.031,-0.088,0.984,3,16
219831,0.0,0.0,0.09,0.031,-0.088,0.984,3,16
219881,0.0,0.0,0.09,0.031,-0.088,0.984,3,16
219931,0.0,0.0,0.06,0.032,-0.088,0.984,3,16
219981,0.0,0.0,0.11,0.031,-0.088,0.984,3,16
220031,0.0,0.0,0.05,0.031,-0.088,0.984,3,16
220081,0.0,0.0,0.03,0.030,-0.088,0.984,3,16
220131,0.0,0.0,0.05,0.031,-0.088,0.984,3,16
220181,0.0,0.0,0.05,0.031,-0.088,0.984,3,16
220231,0.0,0.0,0.02,0.031,-0.088,0.984,3,16
220282,0.0,0.0,0.03,0.031,-0.088,0.983,3,16
220334,0.0,0.0,0.03,0.031,-0.088,0.983,3,16
220383,0.0,0.0,0.06,0.031,-0.089,0.984,3,16
220433,0.0,0.0,0.06,0.031,-0.088,0.984,3,16
220483,0.0,0.0,0.06,0.031,-0.088,0.984,3,16
220533,0.0,0.0,0.04,0.031,-0.088,0.984,3,16
220583,0.0,0.0,0.05,0.031,-0.088,0.984,3,16
220633,0.0,0.0,0.03,0.031,-0.088,0.984,3,16
220683,0.0,0.0,0.06,0.031,-0.088,0.984,3,16
220733,0.0,0.0,0.08,0.031,-0.088,0.983,3,16
220788,0.0,0.0,0.08,0.031,-0.088,0.983,3,16
220837,0.0,0.0,0.02,0.031,-0.088,0.984,3,16
220887,0.0,0.0,0.02,0.031,-0.089,0.984,3,16
220938,0.0,0.0,0.06,0.031,-0.089,0.984,3,16
220987,0.0,0.0,0.08,0.031,-0.089,0.984,3,16
221037,0.0,0.0,0.03,0.031,-0.088,0.984,3,16
221088,0.0,0.0,0.03,0.031,-0.088,0.984,3,16
221137,0.0,0.0,0.04,0.031,-0.088,0.983,3,16
221187,0.0,0.0,0.07,0.032,-0.089,0.986,3,16
221237,0.0,0.0,0.07,0.032,-0.089,0.986,3,16
221288,0.0,0.0,0.05,0.031,-0.089,0.984,3,16
221338,0.0,0.0,0.05,0.029,-0.087,0.985,3,16
221388,0.0,0.0,0.03,0.033,-0.087,0.987,3,16
221438,0.0,0.0,0.03,0.033,-0.087,0.987,3,16
221488,0.0,0.0,0.03,0.033,-0.090,0.986,3,16
221538,0.0,0.0,0.05,0.031,-0.089,0.985,3,16
221588,0.0,0.0,0.03,0.031,-0.088,0.980,3,16
221638,0.0,0.0,0.08,0.029,-0.088,0.984,3,16
221688,0.0,0.0,0.04,0.030,-0.088,0.985,3,16
221738,0.0,0.0,0.04,0.030,-0.088,0.985,3,16
221789,0.0,0.0,0.04,0.034,-0.088,0.983,3,16
221840,0.0,0.0,0.06,0.032,-0.089,0.987,3,16
221889,0.0,0.0,0.06,0.030,-0.088,0.984,3,16
221939,0.0,0.0,0.03,0.030,-0.087,0.982,3,16
221989,0.0,0.0,0.03,0.033,-0.087,0.984,3,16
222039,0.0,0.0,0.03,0.033,-0.087,0.984,3,16
222089,0.0,0.0,0.05,0.033,-0.089,0.988,3,16
222140,0.0,0.0,0.06,0.030,-0.090,0.985,3,16
222189,0.0,0.0,0.02,0.028,-0.090,0.983,3,16
222239,0.0,0.0,0.07,0.029,-0.088,0.984,3,16
222291,0.0,0.0,0.02,0.031,-0.086,0.984,3,16
222340,0.0,0.0,0.02,0.031,-0.086,0.984,3,16
222390,0.0,0.0,0.20,0.032,-0.088,0.983,3,16
222440,0.0,0.0,0.17,0.032,-0.090,0.983,3,16
222490,0.0,0.0,0.12,0.032,-0.090,0.984,3,16
222540,0.0,0.0,0.08,0.032,-0.090,0.984,3,16
222591,0.0,0.0,0.00,0.031,-0.088,0.984,3,16
222640,0.0,0.0,0.07,0.031,-0.087,0.984,3,16
222690,0.0,0.0,0.10,0.030,-0.087,0.984,3,16
222740,0.0,0.0,0.09,0.030,-0.088,0.985,3,16
222792,0.0,0.0,0.05,0.029,-0.088,0.987,3,16
222842,0.0,0.0,0.06,0.028,-0.088,0.986,3,16
222892,0.0,0.0,0.06,0.031,-0.088,0.979,3,16
222942,0.0,0.0,0.06,0.031,-0.088,0.979,3,16
222992,0.0,0.0,0.11,0.035,-0.090,0.985,3,16
223042,0.0,0.0,0.06,0.035,-0.089,0.982,3,16
223092,0.0,0.0,0.05,0.034,-0.090,0.985,3,16
223142,0.0,0.0,0.11,0.032,-0.089,0.985,3,16
223192,0.0,0.0,0.08,0.029,-0.089,0.986,3,16
223242,0.0,0.0,0.08,0.029,-0.089,0.986,3,16
223293,0.0,0.0,0.06,0.031,-0.084,0.983,3,16
223343,0.0,0.0,0.06,0.031,-0.084,0.983,3,16
223393,0.0,0.0,0.04,0.030,-0.084,0.983,3,16
223443,0.0,0.0,0.06,0.029,-0.087,0.983,3,16
223493,0.0,0.0,0.04,0.030,-0.092,0.983,3,16
223543,0.0,0.0,0.04,0.030,-0.092,0.983,3,16
223593,0.0,0.0,0.08,0.032,-0.092,0.985,3,16
223643,0.0,0.0,0.06,0.032,-0.087,0.985,3,16
223693,0.0,0.0,0.11,0.032,-0.083,0.988,3,16
223743,0.0,0.0,0.10,0.035,-0.079,0.985,3,16
223794,0.0,0.0,0.08,0.035,-0.088,0.984,3,16
223844,0.0,0.0,0.08,0.035,-0.088,0.984,3,16
223894,0.0,0.0,0.08,0.034,-0.091,0.983,3,16
223944,0.0,0.0,0.06,0.032,-0.090,0.984,3,16
223994,0.0,0.0,0.06,0.031,-0.089,0.983,3,16
224044,0.0,0.0,0.03,0.032,-0.086,0.984,3,16
224094,0.0,0.0,0.07,0.033,-0.086,0.983,3,16
224144,0.0,0.0,0.07,0.033,-0.086,0.983,3,16
224194,0.0,0.0,0.09,0.033,-0.087,0.984,3,16
224244,0.0,0.0,0.05,0.033,-0.088,0.983,3,16
224295,0.0,0.0,0.09,0.033,-0.087,0.984,3,16
224345,0.0,0.0,0.04,0.034,-0.087,0.984,3,16
224395,0.0,0.0,0.05,0.033,-0.086,0.984,3,16
224445,0.0,0.0,0.05,0.033,-0.086,0.984,3,16
224495,0.0,0.0,0.05,0.033,-0.087,0.984,3,16
224545,0.0,0.0,0.01,0.033,-0.087,0.984,3,16
224595,0.0,0.0,0.02,0.032,-0.087,0.984,3,16
224645,0.0,0.0,0.04,0.033,-0.087,0.984,3,16
224695,0.0,0.0,0.03,0.033,-0.087,0.984,3,16
224745,0.0,0.0,0.03,0.033,-0.087,0.984,3,16
224804,0.0,0.0,0.14,0.033,-0.087,0.984,3,16
224854,0.0,0.0,0.01,0.033,-0.087,0.984,3,16
224904,0.0,0.0,0.01,0.033,-0.087,0.984,3,16
224954,0.0,0.0,0.09,0.033,-0.086,0.984,3,16
225004,0.0,0.0,0.06,0.033,-0.087,0.984,3,16
225055,0.0,0.0,0.06,0.033,-0.087,0.984,3,16
225106,0.0,0.0,0.06,0.033,-0.087,0.984,3,16
225156,0.0,0.0,0.04,0.033,-0.087,0.985,3,16
225206,0.0,0.0,0.04,0.033,-0.087,0.985,3,16
225256,0.0,0.0,0.02,0.032,-0.087,0.984,3,16
225307,0.0,0.0,0.01,0.032,-0.087,0.983,3,16
225358,0.0,0.0,0.01,0.032,-0.087,0.983,3,16
225407,0.0,0.0,0.05,0.033,-0.087,0.984,3,16
225457,0.0,0.0,0.02,0.032,-0.087,0.983,3,16
225508,0.0,0.0,0.03,0.033,-0.087,0.984,3,16
225557,0.0,0.0,0.01,0.033,-0.087,0.984,3,16
225607,0.0,0.0,0.02,0.033,-0.087,0.984,3,16
225657,0.0,0.0,0.02,0.033,-0.087,0.984,3,16
225707,0.0,0.0,0.04,0.033,-0.087,0.984,3,16
225757,0.0,0.0,0.04,0.033,-0.087,0.984,3,16
225809,0.0,0.0,0.08,0.033,-0.087,0.984,3,16
225859,0.0,0.0,0.04,0.033,-0.087,0.984,3,16
225909,0.0,0.0,0.03,0.033,-0.087,0.984,3,16
225961,0.0,0.0,0.03,0.033,-0.087,0.984,3,16
226011,0.0,0.0,0.08,0.032,-0.086,0.984,3,16
226061,0.0,0.0,0.08,0.033,-0.086,0.984,3,16
226111,0.0,0.0,0.11,0.032,-0.087,0.983,3,16
226161,0.0,0.0,0.07,0.033,-0.087,0.984,3,16
226211,0.0,0.0,0.08,0.032,-0.087,0.984,3,16
226261,0.0,0.0,0.08,0.032,-0.087,0.984,3,16
226315,0.0,0.0,0.04,0.032,-0.087,0.984,3,16
226365,0.0,0.0,0.02,0.032,-0.087,0.984,3,16
226415,0.0,0.0,0.08,0.032,-0.087,0.983,3,16
226465,0.0,0.0,0.10,0.033,-0.087,0.984,3,16
226515,0.0,0.0,0.05,0.033,-0.087,0.984,3,16
226565,0.0,0.0,0.05,0.033,-0.087,0.984,3,16
226615,0.0,0.0,0.07,0.033,-0.087,0.984,3,16
226665,0.0,0.0,0.01,0.033,-0.087,0.984,3,16
226715,0.0,0.0,0.07,0.033,-0.087,0.984,3,16
226765,0.0,0.0,0.02,0.033,-0.087,0.984,3,16
226817,0.0,0.0,0.08,0.033,-0.087,0.984,3,16
226867,0.0,0.0,0.08,0.033,-0.087,0.984,3,16
226917,0.0,0.0,0.07,0.033,-0.087,0.984,3,16
226967,0.0,0.0,0.05,0.033,-0.087,0.984,3,16
227017,0.0,0.0,0.04,0.033,-0.087,0.984,3,16
227067,0.0,0.0,0.04,0.033,-0.087,0.984,3,16
227117,0.0,0.0,0.03,0.033,-0.087,0.983,3,16
227167,0.0,0.0,0.03,0.033,-0.087,0.983,3,16
227217,0.0,0.0,0.04,0.033,-0.087,0.984,3,16
227267,0.0,0.0,0.05,0.033,-0.087,0.984,3,16
227318,0.0,0.0,0.02,0.033,-0.087,0.984,3,16
227368,0.0,0.0,0.05,0.033,-0.087,0.984,3,16
227418,0.0,0.0,0.09,0.033,-0.087,0.984,3,16
227468,0.0,0.0,0.09,0.033,-0.087,0.984,3,16
227518,0.0,0.0,0.06,0.033,-0.087,0.984,3,16
227568,0.0,0.0,0.02,0.033,-0.087,0.984,3,16
227618,0.0,0.0,0.03,0.033,-0.087,0.984,3,16
227668,0.0,0.0,0.04,0.033,-0.087,0.984,3,16
227718,0.0,0.0,0.05,0.033,-0.087,0.983,3,16
227768,0.0,0.0,0.05,0.033,-0.087,0.983,3,16
227819,0.0,0.0,0.04,0.032,-0.087,0.984,3,16
227869,0.0,0.0,0.02,0.032,-0.087,0.984,3,16
227919,0.0,0.0,0.06,0.032,-0.087,0.984,3,16
227969,0.0,0.0,0.08,0.033,-0.087,0.984,3,16
228019,0.0,0.0,0.07,0.033,-0.087,0.984,3,16
228069,0.0,0.0,0.10,0.032,-0.087,0.984,3,16
228119,0.0,0.0,0.10,0.032,-0.087,0.984,3,16
228169,0.0,0.0,0.05,0.032,-0.087,0.984,3,16
228219,0.0,0.0,0.06,0.033,-0.087,0.983,3,16
228269,0.0,0.0,0.05,0.033,-0.087,0.984,3,16
228320,0.0,0.0,0.01,0.033,-0.087,0.984,3,16
228370,0.0,0.0,0.05,0.033,-0.087,0.983,3,16
228420,0.0,0.0,0.05,0.033,-0.087,0.983,3,16
228470,0.0,0.0,0.03,0.033,-0.087,0.984,3,16
228520,0.0,0.0,0.04,0.033,-0.087,0.984,3,16
228570,0.0,0.0,0.06,0.032,-0.087,0.982,3,16
228620,0.0,0.0,0.06,0.031,-0.087,0.983,3,16
228670,0.0,0.0,0.09,0.035,-0.088,0.986,3,16
228720,0.0,0.0,0.09,0.035,-0.088,0.986,3,16
228770,0.0,0.0,0.03,0.033,-0.088,0.982,3,16
228821,0.0,0.0,0.06,0.032,-0.087,0.983,3,16
228871,0.0,0.0,0.14,0.031,-0.087,0.985,3,16
228921,0.0,0.0,0.05,0.035,-0.087,0.983,3,16
228971,0.0,0.0,0.06,0.032,-0.088,0.984,3,16
229021,0.0,0.0,0.06,0.032,-0.088,0.984,3,16
229071,0.0,0.0,0.09,0.026,-0.085,0.984,3,16
229121,0.0,0.0,0.11,0.027,-0.084,0.982,3,16
229171,0.0,0.0,0.04,0.035,-0.087,0.984,3,16
229221,0.0,0.0,0.08,0.039,-0.090,0.983,3,16
229271,0.0,0.0,0.09,0.033,-0.087,0.983,3,16
229324,0.0,0.0,0.09,0.033,-0.087,0.983,3,16
229374,0.0,0.0,0.01,0.031,-0.085,0.983,3,16
229424,0.0,0.0,0.09,0.031,-0.085,0.984,3,16
229478,0.0,0.0,0.07,0.032,-0.085,0.983,3,16
229527,0.0,0.0,0.03,0.032,-0.088,0.985,3,16
229577,0.0,0.0,0.03,0.032,-0.087,0.983,3,16
229628,0.0,0.0,0.03,0.032,-0.087,0.983,3,16
229677,0.0,0.0,0.07,0.034,-0.087,0.982,3,16
229727,0.0,0.0,0.03,0.034,-0.087,0.983,3,16
229778,0.0,0.0,0.13,0.034,-0.087,0.983,3,16
229832,0.0,0.0,0.08,0.033,-0.086,0.986,3,16
229882,0.0,0.0,0.10,0.032,-0.087,0.986,3,16
229932,0.0,0.0,0.10,0.032,-0.087,0.986,3,16
229982,0.0,0.0,0.10,0.032,-0.087,0.986,3,16
230032,0.0,0.0,0.06,0.029,-0.087,0.986,3,16
230083,0.0,0.0,0.06,0.029,-0.087,0.986,3,16
230132,0.0,0.0,0.10,0.034,-0.085,0.985,3,16
230182,0.0,0.0,0.05,0.035,-0.085,0.983,3,16
230233,0.0,0.0,0.05,0.035,-0.085,0.983,3,16
230282,0.0,0.0,0.03,0.032,-0.090,0.982,3,16
230333,0.0,0.0,0.07,0.031,-0.089,0.984,3,16
230383,0.0,0.0,0.07,0.031,-0.089,0.984,3,16
230433,0.0,0.0,0.03,0.033,-0.084,0.984,3,16
230483,0.0,0.0,0.08,0.032,-0.088,0.984,3,16
230534,0.0,0.0,0.08,0.032,-0.088,0.984,3,16
230584,0.0,0.0,0.08,0.032,-0.089,0.984,3,16
230634,0.0,0.0,0.14,0.033,-0.087,0.984,3,16
230684,0.0,0.0,0.14,0.033,-0.087,0.984,3,16
230734,0.0,0.0,0.07,0.033,-0.085,0.984,3,16
230784,0.0,0.0,0.08,0.032,-0.087,0.982,3,16
230838,0.0,0.0,0.03,0.031,-0.089,0.983,3,16
230889,0.0,0.0,0.07,0.029,-0.090,0.983,3,16
230939,0.0,0.0,0.11,0.032,-0.087,0.982,3,16
230989,0.0,0.0,0.11,0.032,-0.087,0.982,3,16
231039,0.0,0.0,0.12,0.034,-0.087,0.986,3,16
231089,0.0,0.0,0.04,0.033,-0.088,0.982,3,16
231139,0.0,0.0,0.04,0.032,-0.089,0.984,3,16
231189,0.0,0.0,0.06,0.032,-0.088,0.988,3,16
231239,0.0,0.0,0.14,0.032,-0.086,0.986,3,16
231289,0.0,0.0,0.14,0.032,-0.086,0.986,3,16
231341,0.0,0.0,0.06,0.030,-0.086,0.983,3,16
231391,0.0,0.0,0.03,0.030,-0.087,0.984,3,16
231441,0.0,0.0,0.03,0.033,-0.088,0.983,3,16
231491,0.0,0.0,0.04,0.034,-0.088,0.983,3,16
231541,0.0,0.0,0.02,0.032,-0.088,0.984,3,16
231591,0.0,0.0,0.01,0.030,-0.086,0.983,3,16
231641,0.0,0.0,0.01,0.030,-0.086,0.983,3,16
231691,0.0,0.0,0.06,0.031,-0.086,0.985,3,16
231741,0.0,0.0,0.05,0.032,-0.088,0.985,3,16
231791,0.0,0.0,0.05,0.032,-0.088,0.985,3,16
231842,0.0,0.0,0.02,0.033,-0.088,0.983,3,16
231892,0.0,0.0,0.02,0.033,-0.088,0.983,3,16
231943,0.0,0.0,0.03,0.031,-0.086,0.985,3,16
231992,0.0,0.0,0.06,0.031,-0.087,0.984,3,16
232042,0.0,0.0,0.04,0.031,-0.088,0.984,3,16
232093,0.0,0.0,0.09,0.032,-0.088,0.984,3,16
232142,0.0,0.0,0.03,0.032,-0.088,0.984,3,16
232192,0.0,0.0,0.03,0.032,-0.088,0.984,3,16
232243,0.0,0.0,0.05,0.032,-0.088,0.983,3,16
232292,0.0,0.0,0.04,0.032,-0.087,0.984,3,16
232343,0.0,0.0,0.03,0.032,-0.087,0.984,3,16
232393,0.0,0.0,0.03,0.032,-0.087,0.984,3,16
232443,0.0,0.0,0.09,0.032,-0.088,0.984,3,16
232493,0.0,0.0,0.09,0.032,-0.088,0.984,3,16
232543,0.0,0.0,0.10,0.032,-0.088,0.984,3,16
232593,0.0,0.0,0.08,0.031,-0.087,0.983,3,16
232643,0.0,0.0,0.02,0.031,-0.087,0.984,3,16
232693,0.0,0.0,0.07,0.032,-0.087,0.984,3,16
232743,0.0,0.0,0.13,0.032,-0.088,0.984,3,16
232793,0.0,0.0,0.13,0.032,-0.088,0.984,3,16
232844,0.0,0.0,0.12,0.032,-0.088,0.984,3,16
232894,0.0,0.0,0.05,0.032,-0.088,0.983,3,16
232944,0.0,0.0,0.10,0.032,-0.088,0.984,3,16
232994,0.0,0.0,0.02,0.032,-0.088,0.983,3,16
233044,0.0,0.0,0.05,0.032,-0.087,0.985,3,16
233094,0.0,0.0,0.08,0.032,-0.087,0.983,3,16
233144,0.0,0.0,0.08,0.032,-0.087,0.983,3,16
233194,0.0,0.0,0.06,0.031,-0.088,0.984,3,16
233244,0.0,0.0,0.01,0.031,-0.088,0.984,3,16
233294,0.0,0.0,0.03,0.031,-0.088,0.984,3,16
233345,0.0,0.0,0.01,0.032,-0.087,0.984,3,16
233395,0.0,0.0,0.03,0.033,-0.088,0.984,3,16
233445,0.0,0.0,0.03,0.033,-0.088,0.984,3,16
233495,0.0,0.0,0.07,0.032,-0.088,0.984,3,16
233545,0.0,0.0,0.08,0.032,-0.088,0.984,3,16
233595,0.0,0.0,0.03,0.031,-0.088,0.984,3,16
233645,0.0,0.0,0.09,0.030,-0.089,0.984,3,16
233695,0.0,0.0,0.13,0.032,-0.088,0.984,3,16
233745,0.0,0.0,0.13,0.032,-0.088,0.984,3,16
233795,0.0,0.0,0.06,0.033,-0.086,0.983,3,16
233846,0.0,0.0,0.13,0.033,-0.087,0.983,3,16
233896,0.0,0.0,0.07,0.032,-0.088,0.983,3,16
233946,0.0,0.0,0.06,0.032,-0.089,0.984,3,16
233996,0.0,0.0,0.15,0.032,-0.087,0.984,3,16
234046,0.0,0.0,0.15,0.032,-0.087,0.984,3,16
234096,0.0,0.0,0.03,0.032,-0.087,0.984,3,16
234146,0.0,0.0,0.08,0.032,-0.088,0.984,3,16
234196,0.0,0.0,0.08,0.032,-0.088,0.984,3,16
234246,0.0,0.0,0.01,0.032,-0.089,0.983,3,16
234296,0.0,0.0,0.03,0.032,-0.088,0.984,3,16
234355,0.0,0.0,0.03,0.032,-0.087,0.984,3,16
234405,0.0,0.0,0.09,0.032,-0.087,0.984,3,16
234455,0.0,0.0,0.06,0.032,-0.089,0.984,3,16
234505,0.0,0.0,0.06,0.032,-0.089,0.984,3,16
234555,0.0,0.0,0.09,0.032,-0.088,0.984,3,16
234605,0.0,0.0,0.04,0.032,-0.086,0.984,3,16
234656,0.0,0.0,0.04,0.032,-0.086,0.984,3,16
234707,0.0,0.0,0.03,0.032,-0.086,0.984,3,16
234757,0.0,0.0,0.09,0.032,-0.088,0.984,3,16
234807,0.0,0.0,0.09,0.032,-0.088,0.984,3,16
234859,0.0,0.0,0.07,0.032,-0.088,0.984,3,16
234909,0.0,0.0,0.12,0.031,-0.087,0.984,3,16
234959,0.0,0.0,0.15,0.031,-0.087,0.984,3,16
235009,0.0,0.0,0.09,0.032,-0.088,0.983,3,16
235059,0.0,0.0,0.08,0.032,-0.089,0.984,3,16
235110,0.0,0.0,0.08,0.032,-0.089,0.984,3,16
235159,0.0,0.0,0.13,0.032,-0.088,0.984,3,16
235209,0.0,0.0,0.06,0.032,-0.087,0.983,3,16
235259,0.0,0.0,0.06,0.032,-0.087,0.983,3,16
235309,0.0,0.0,0.06,0.032,-0.088,0.985,3,16
235360,0.0,0.0,0.04,0.032,-0.089,0.984,3,16
235412,0.0,0.0,0.04,0.032,-0.089,0.984,3,16
235461,0.0,0.0,0.15,0.032,-0.088,0.984,3,16
235511,0.0,0.0,0.04,0.032,-0.087,0.983,3,16
235562,0.0,0.0,0.06,0.031,-0.087,0.984,3,16
235611,0.0,0.0,0.01,0.031,-0.087,0.984,3,16
235661,0.0,0.0,0.07,0.032,-0.088,0.984,3,16
235712,0.0,0.0,0.07,0.032,-0.088,0.984,3,16
235761,0.0,0.0,0.06,0.032,-0.087,0.984,3,16
235811,0.0,0.0,0.04,0.032,-0.087,0.984,3,16
235865,0.0,0.0,0.05,0.032,-0.087,0.984,3,16
235914,0.0,0.0,0.09,0.032,-0.087,0.984,3,16
235964,0.0,0.0,0.13,0.032,-0.088,0.984,3,16
236014,0.0,0.0,0.13,0.032,-0.088,0.984,3,16
236064,0.0,0.0,0.03,0.032,-0.088,0.983,3,16
236114,0.0,0.0,0.03,0.032,-0.087,0.984,3,16
236164,0.0,0.0,0.04,0.031,-0.087,0.983,3,16
236214,0.0,0.0,0.04,0.031,-0.088,0.984,3,16
236264,0.0,0.0,0.09,0.031,-0.088,0.985,3,16
236315,0.0,0.0,0.09,0.031,-0.088,0.985,3,16
236368,0.0,0.0,0.10,0.032,-0.087,0.984,3,16
236418,0.0,0.0,0.05,0.033,-0.087,0.983,3,16
236468,0.0,0.0,0.07,0.033,-0.088,0.984,3,16
236518,0.0,0.0,0.07,0.033,-0.088,0.984,3,16
236568,0.0,0.0,0.09,0.031,-0.087,0.983,3,16
236618,0.0,0.0,0.01,0.032,-0.088,0.984,3,16
236668,0.0,0.0,0.01,0.032,-0.088,0.984,3,16
236718,0.0,0.0,0.09,0.032,-0.089,0.984,3,16
236768,0.0,0.0,0.06,0.032,-0.089,0.984,3,16
236818,0.0,0.0,0.06,0.032,-0.088,0.983,3,16
236869,0.0,0.0,0.02,0.032,-0.086,0.984,3,16
236919,0.0,0.0,0.08,0.032,-0.088,0.984,3,16
236969,0.0,0.0,0.08,0.032,-0.088,0.984,3,16
237019,0.0,0.0,0.06,0.032,-0.089,0.984,3,16
237069,0.0,0.0,0.09,0.032,-0.089,0.984,3,16
237119,0.0,0.0,0.04,0.032,-0.088,0.984,3,16
237169,0.0,0.0,0.03,0.032,-0.087,0.984,3,16
237219,0.0,0.0,0.07,0.031,-0.087,0.984,3,16
237269,0.0,0.0,0.07,0.031,-0.087,0.984,3,16
237319,0.0,0.0,0.02,0.032,-0.088,0.984,3,16
237370,0.0,0.0,0.04,0.032,-0.088,0.984,3,16
237420,0.0,0.0,0.09,0.032,-0.088,0.983,3,16
237470,0.0,0.0,0.04,0.032,-0.087,0.984,3,16
237520,0.0,0.0,0.03,0.032,-0.088,0.984,3,16
237570,0.0,0.0,0.03,0.032,-0.088,0.984,3,16
237620,0.0,0.0,0.02,0.032,-0.088,0.983,3,16
237670,0.0,0.0,0.02,0.032,-0.088,0.984,3,16
237720,0.0,0.0,0.05,0.032,-0.088,0.984,3,16
237770,0.0,0.0,0.12,0.032,-0.087,0.984,3,16
237820,0.0,0.0,0.06,0.031,-0.087,0.984,3,16
237871,0.0,0.0,0.06,0.031,-0.087,0.984,3,16
237921,0.0,0.0,0.05,0.032,-0.088,0.984,3,16
237971,0.0,0.0,0.00,0.032,-0.088,0.984,3,16
238021,0.0,0.0,0.03,0.032,-0.088,0.984,3,16
238071,0.0,0.0,0.05,0.032,-0.087,0.984,3,16
238121,0.0,0.0,0.02,0.032,-0.087,0.984,3,16
238171,0.0,0.0,0.02,0.032,-0.087,0.984,3,16
238221,0.0,0.0,0.07,0.032,-0.088,0.984,3,16
238271,0.0,0.0,0.05,0.032,-0.088,0.984,3,16
238321,0.0,0.0,0.03,0.032,-0.087,0.984,3,16
238375,0.0,0.0,0.09,0.032,-0.087,0.984,3,16
238425,0.0,0.0,0.09,0.032,-0.088,0.984,3,16
238478,0.0,0.0,0.09,0.032,-0.088,0.984,3,16
238528,0.0,0.0,0.02,0.032,-0.088,0.984,3,16
238578,0.0,0.0,0.10,0.032,-0.087,0.984,3,16
238628,0.0,0.0,0.10,0.032,-0.087,0.984,3,16
238678,0.0,0.0,0.04,0.031,-0.088,0.984,3,16
238728,0.0,0.0,0.08,0.032,-0.088,0.984,3,16
238778,0.0,0.0,0.08,0.032,-0.088,0.984,3,16
238828,0.0,0.0,0.04,0.032,-0.088,0.984,3,16
238879,0.0,0.0,0.03,0.032,-0.087,0.984,3,16
238932,0.0,0.0,0.03,0.032,-0.087,0.984,3,16
238981,0.0,0.0,0.07,0.032,-0.087,0.984,3,16
239031,0.0,0.0,0.07,0.032,-0.088,0.984,3,16
239081,0.0,0.0,0.07,0.032,-0.088,0.984,3,16
239131,0.0,0.0,0.04,0.031,-0.088,0.984,3,16
239181,0.0,0.0,0.13,0.032,-0.087,0.984,3,16
239231,0.0,0.0,0.13,0.032,-0.087,0.984,3,16
239282,0.0,0.0,0.11,0.033,-0.086,0.984,3,16
239332,0.0,0.0,0.03,0.032,-0.088,0.984,3,16
239384,0.0,0.0,0.03,0.032,-0.088,0.984,3,16
239433,0.0,0.0,0.15,0.031,-0.089,0.984,3,16
239483,0.0,0.0,0.10,0.030,-0.088,0.983,3,16
239535,0.0,0.0,0.10,0.030,-0.088,0.983,3,16
239584,0.0,0.0,0.04,0.032,-0.087,0.983,3,16
239634,0.0,0.0,0.06,0.032,-0.087,0.984,3,16
239684,0.0,0.0,0.06,0.032,-0.087,0.984,3,16
239734,0.0,0.0,0.07,0.032,-0.089,0.984,3,16
239784,0.0,0.0,0.07,0.032,-0.087,0.984,3,16
239834,0.0,0.0,0.07,0.032,-0.087,0.984,3,16
239892,0.0,0.0,0.06,0.032,-0.086,0.984,3,16
239942,0.0,0.0,0.04,0.031,-0.089,0.983,3,16
239992,0.0,0.0,0.04,0.031,-0.089,0.983,3,16
240042,0.0,0.0,0.05,0.031,-0.090,0.983,3,16
240092,0.0,0.0,0.03,0.033,-0.089,0.984,3,16
240142,0.0,0.0,0.06,0.033,-0.087,0.984,3,16
240192,0.0,0.0,0.08,0.031,-0.085,0.983,3,16
240242,0.0,0.0,0.06,0.031,-0.086,0.984,3,16
240292,0.0,0.0,0.06,0.031,-0.086,0.984,3,16
240342,0.0,0.0,0.06,0.031,-0.088,0.983,3,16
240393,0.0,0.0,0.01,0.032,-0.088,0.983,3,16
240443,0.0,0.0,0.05,0.032,-0.087,0.984,3,16
240493,0.0,0.0,0.05,0.032,-0.087,0.984,3,16
240543,0.0,0.0,0.08,0.032,-0.088,0.984,3,16
240593,0.0,0.0,0.08,0.032,-0.088,0.984,3,16
240643,0.0,0.0,0.06,0.032,-0.089,0.984,3,16
240693,0.0,0.0,0.01,0.032,-0.088,0.984,3,16
240743,0.0,0.0,0.06,0.032,-0.087,0.984,3,16
240793,0.0,0.0,0.06,0.032,-0.087,0.984,3,16
240843,0.0,0.0,0.01,0.032,-0.088,0.984,3,16
240894,0.0,0.0,0.01,0.032,-0.088,0.984,3,16
240944,0.0,0.0,0.04,0.032,-0.088,0.984,3,16
240994,0.0,0.0,0.05,0.032,-0.088,0.984,3,16
241044,0.0,0.0,0.03,0.032,-0.087,0.984,3,16
241094,0.0,0.0,0.03,0.032,-0.087,0.984,3,16
241144,0.0,0.0,0.06,0.032,-0.088,0.984,3,16
241194,0.0,0.0,0.06,0.032,-0.088,0.984,3,16
241244,0.0,0.0,0.03,0.032,-0.087,0.984,3,16
241294,0.0,0.0,0.02,0.032,-0.087,0.984,3,16
241344,0.0,0.0,0.02,0.032,-0.087,0.984,3,16
241395,0.0,0.0,0.02,0.032,-0.087,0.984,3,16
241445,0.0,0.0,0.04,0.032,-0.087,0.984,3,16
241495,0.0,0.0,0.04,0.032,-0.087,0.984,3,16
241545,0.0,0.0,0.05,0.032,-0.087,0.984,3,16
241595,0.0,0.0,0.07,0.032,-0.087,0.984,3,16
241645,0.0,0.0,0.10,0.032,-0.088,0.984,3,16
241695,0.0,0.0,0.04,0.032,-0.088,0.984,3,16
241745,0.0,0.0,0.06,0.032,-0.088,0.984,3,16
241795,0.0,0.0,0.06,0.032,-0.088,0.984,3,16
241845,0.0,0.0,0.05,0.032,-0.088,0.984,3,16
241896,0.0,0.0,0.11,0.032,-0.087,0.984,3,16
241946,0.0,0.0,0.01,0.032,-0.088,0.984,3,16
241996,0.0,0.0,0.01,0.032,-0.088,0.984,3,16
242046,0.0,0.0,0.07,0.031,-0.088,0.984,3,16
242096,0.0,0.0,0.07,0.031,-0.088,0.984,3,16
242146,0.0,0.0,0.09,0.032,-0.087,0.984,3,16
242196,0.0,0.0,0.04,0.032,-0.088,0.984,3,16
242246,0.0,0.0,0.04,0.032,-0.088,0.984,3,16
242296,0.0,0.0,0.04,0.032,-0.088,0.984,3,16
242346,0.0,0.0,0.05,0.032,-0.087,0.983,3,16
242397,0.0,0.0,0.05,0.032,-0.087,0.983,3,16
242447,0.0,0.0,0.05,0.033,-0.087,0.984,3,16
242497,0.0,0.0,0.04,0.033,-0.088,0.984,3,16
242547,0.0,0.0,0.01,0.030,-0.088,0.984,3,16
242597,0.0,0.0,0.01,0.030,-0.088,0.984,3,16
242647,0.0,0.0,0.12,0.031,-0.088,0.983,3,16
242697,0.0,0.0,0.12,0.031,-0.088,0.983,3,16
242747,0.0,0.0,0.02,0.033,-0.087,0.984,3,16
242797,0.0,0.0,0.12,0.032,-0.088,0.984,3,16
242847,0.0,0.0,0.06,0.031,-0.089,0.983,3,16
242900,0.0,0.0,0.06,0.031,-0.089,0.983,3,16
242949,0.0,0.0,0.06,0.031,-0.089,0.983,3,16
242999,0.0,0.0,0.09,0.032,-0.088,0.984,3,16
243056,0.0,0.0,0.09,0.032,-0.088,0.984,3,16
243106,0.0,0.0,0.12,0.032,-0.087,0.983,3,16
243156,0.0,0.0,0.05,0.032,-0.088,0.984,3,16
243206,0.0,0.0,0.05,0.032,-0.088,0.984,3,16
243256,0.0,0.0,0.03,0.032,-0.088,0.984,3,16
243306,0.0,0.0,0.03,0.032,-0.088,0.984,3,16
243356,0.0,0.0,0.03,0.032,-0.088,0.984,3,16
243408,0.0,0.0,0.09,0.032,-0.087,0.984,3,16
243458,0.0,0.0,0.14,0.032,-0.087,0.984,3,16
243509,0.0,0.0,0.14,0.032,-0.087,0.984,3,16
243558,0.0,0.0,0.06,0.032,-0.087,0.984,3,16
243608,0.0,0.0,0.10,0.032,-0.088,0.984,3,16
243658,0.0,0.0,0.10,0.032,-0.088,0.984,3,16
243708,0.0,0.0,0.08,0.032,-0.088,0.984,3,16
243758,0.0,0.0,0.06,0.032,-0.087,0.984,3,16
243808,0.0,0.0,0.06,0.032,-0.087,0.984,3,16
243858,0.0,0.0,0.04,0.032,-0.087,0.984,3,16
243909,0.0,0.0,0.06,0.032,-0.088,0.984,3,16
243960,0.0,0.0,0.06,0.032,-0.087,0.984,3,16
244009,0.0,0.0,0.08,0.032,-0.087,0.984,3,16
244059,0.0,0.0,0.01,0.032,-0.087,0.984,3,16
244111,0.0,0.0,0.01,0.032,-0.087,0.984,3,16
244160,0.0,0.0,0.04,0.032,-0.088,0.984,3,16
244210,0.0,0.0,0.18,0.032,-0.088,0.983,3,16
244260,0.0,0.0,0.11,0.032,-0.088,0.983,3,16
244310,0.0,0.0,0.11,0.032,-0.087,0.984,3,16
244360,0.0,0.0,0.09,0.032,-0.088,0.984,3,16
244414,0.0,0.0,0.09,0.032,-0.088,0.984,3,16
244465,0.0,0.0,0.05,0.032,-0.088,0.984,3,16
244515,0.0,0.0,0.12,0.032,-0.088,0.984,3,16
244565,0.0,0.0,0.02,0.032,-0.088,0.984,3,16
244615,0.0,0.0,0.06,0.031,-0.088,0.984,3,16
244665,0.0,0.0,0.08,0.031,-0.087,0.984,3,16
244715,0.0,0.0,0.08,0.031,-0.087,0.984,3,16
244765,0.0,0.0,0.02,0.032,-0.087,0.983,3,16
244815,0.0,0.0,0.04,0.032,-0.087,0.984,3,16
244865,0.0,0.0,0.08,0.032,-0.088,0.984,3,16
244917,0.0,0.0,0.14,0.032,-0.088,0.984,3,16
244967,0.0,0.0,0.06,0.032,-0.087,0.984,3,16
245017,0.0,0.0,0.06,0.032,-0.087,0.984,3,16
245067,0.0,0.0,0.05,0.031,-0.088,0.984,3,16
245117,0.0,0.0,0.10,0.032,-0.088,0.984,3,16
245167,0.0,0.0,0.02,0.032,-0.088,0.984,3,16
245217,0.0,0.0,0.10,0.032,-0.088,0.984,3,16
245267,0.0,0.0,0.05,0.032,-0.088,0.983,3,16
245317,0.0,0.0,0.05,0.032,-0.088,0.983,3,16
245367,0.0,0.0,0.06,0.031,-0.087,0.984,3,16
245418,0.0,0.0,0.06,0.031,-0.086,0.984,3,16
245468,0.0,0.0,0.10,0.032,-0.087,0.984,3,16
245519,0.0,0.0,0.09,0.032,-0.087,0.984,3,16
245568,0.0,0.0,0.11,0.032,-0.088,0.984,3,16
245618,0.0,0.0,0.11,0.032,-0.088,0.984,3,16
245669,0.0,0.0,0.06,0.031,-0.088,0.984,3,16
245718,0.0,0.0,0.08,0.031,-0.087,0.984,3,16
245768,0.0,0.0,0.10,0.031,-0.087,0.984,3,16
245819,0.0,0.0,0.01,0.032,-0.087,0.984,3,16
245868,0.0,0.0,0.07,0.032,-0.088,0.984,3,16
245919,0.0,0.0,0.07,0.032,-0.088,0.984,3,16
245969,0.0,0.0,0.04,0.032,-0.087,0.984,3,16
246019,0.0,0.0,0.08,0.032,-0.088,0.984,3,16
246069,0.0,0.0,0.11,0.032,-0.088,0.984,3,16
246119,0.0,0.0,0.02,0.032,-0.088,0.984,3,16
246169,0.0,0.0,0.09,0.032,-0.088,0.984,3,16
246219,0.0,0.0,0.09,0.032,-0.088,0.984,3,16
246269,0.0,0.0,0.11,0.032,-0.088,0.985,3,16
246319,0.0,0.0,0.04,0.032,-0.089,0.985,3,16
246369,0.0,0.0,0.06,0.032,-0.088,0.985,3,16
246420,0.0,0.0,0.09,0.032,-0.087,0.983,3,16
246470,0.0,0.0,0.06,0.032,-0.086,0.984,3,16
246520,0.0,0.0,0.06,0.032,-0.086,0.984,3,16
246570,0.0,0.0,0.15,0.031,-0.089,0.983,3,16
246620,0.0,0.0,0.07,0.031,-0.089,0.984,3,16
246670,0.0,0.0,0.04,0.031,-0.089,0.983,3,16
246720,0.0,0.0,0.10,0.032,-0.088,0.983,3,16
246770,0.0,0.0,0.06,0.032,-0.087,0.984,3,16
246820,0.0,0.0,0.06,0.032,-0.087,0.984,3,16
246870,0.0,0.0,0.05,0.032,-0.088,0.983,3,16
246921,0.0,0.0,0.04,0.032,-0.089,0.983,3,16
246971,0.0,0.0,0.00,0.032,-0.088,0.983,3,16
247021,0.0,0.0,0.10,0.032,-0.088,0.984,3,16
247071,0.0,0.0,0.05,0.032,-0.088,0.983,3,16
247121,0.0,0.0,0.05,0.032,-0.088,0.983,3,16
247171,0.0,0.0,0.01,0.031,-0.088,0.984,3,16
247221,0.0,0.0,0.11,0.031,-0.088,0.984,3,16
247271,0.0,0.0,0.13,0.032,-0.088,0.984,3,16
247321,0.0,0.0,0.13,0.032,-0.088,0.984,3,16
247371,0.0,0.0,0.06,0.031,-0.088,0.984,3,16
247422,0.0,0.0,0.06,0.031,-0.088,0.984,3,16
247472,0.0,0.0,0.07,0.031,-0.088,0.984,3,16
247522,0.0,0.0,0.03,0.032,-0.088,0.984,3,16
247572,0.0,0.0,0.06,0.031,-0.088,0.984,3,16
247622,0.0,0.0,0.05,0.031,-0.088,0.984,3,16
247672,0.0,0.0,0.06,0.032,-0.089,0.984,3,16
247722,0.0,0.0,0.06,0.032,-0.089,0.984,3,16
247772,0.0,0.0,0.09,0.032,-0.089,0.984,3,16
247822,0.0,0.0,0.11,0.031,-0.087,0.984,3,16
247872,0.0,0.0,0.04,0.031,-0.087,0.984,3,16
247923,0.0,0.0,0.04,0.031,-0.087,0.984,3,16
247982,0.0,0.0,0.08,0.031,-0.088,0.984,3,16
248032,0.0,0.0,0.11,0.032,-0.089,0.984,3,16
248083,0.0,0.0,0.11,0.032,-0.089,0.984,3,16
248132,0.0,0.0,0.05,0.032,-0.088,0.984,3,16
248182,0.0,0.0,0.04,0.030,-0.088,0.984,3,16
248233,0.0,0.0,0.04,0.030,-0.088,0.984,3,16
248282,0.0,0.0,0.18,0.032,-0.089,0.984,3,16
248332,0.0,0.0,0.05,0.032,-0.088,0.983,3,16
248384,0.0,0.0,0.05,0.032,-0.088,0.983,3,16
248436,0.0,0.0,0.07,0.032,-0.088,0.984,3,16
248486,0.0,0.0,0.07,0.032,-0.090,0.983,3,16
248538,0.0,0.0,0.07,0.032,-0.090,0.983,3,16
248588,0.0,0.0,0.09,0.032,-0.089,0.985,3,16
248638,0.0,0.0,0.10,0.033,-0.086,0.983,3,16
248688,0.0,0.0,0.03,0.032,-0.086,0.985,3,16
248738,0.0,0.0,0.08,0.031,-0.087,0.983,3,16
248788,0.0,0.0,0.04,0.031,-0.088,0.985,3,16
248838,0.0,0.0,0.04,0.031,-0.088,0.985,3,16
248888,0.0,0.0,0.02,0.031,-0.087,0.983,3,16
248939,0.0,0.0,0.04,0.032,-0.087,0.984,3,16
248990,0.0,0.0,0.02,0.032,-0.087,0.984,3,16
249039,0.0,0.0,0.08,0.031,-0.088,0.984,3,16
249089,0.0,0.0,0.09,0.031,-0.088,0.985,3,16
249140,0.0,0.0,0.09,0.031,-0.088,0.985,3,16
249189,0.0,0.0,0.09,0.032,-0.087,0.984,3,16
249239,0.0,0.0,0.14,0.031,-0.087,0.984,3,16
249290,0.0,0.0,0.12,0.032,-0.088,0.984,3,16
249339,0.0,0.0,0.08,0.032,-0.088,0.983,3,16
249389,0.0,0.0,0.03,0.032,-0.089,0.983,3,16
249441,0.0,0.0,0.03,0.032,-0.089,0.983,3,16
249490,0.0,0.0,0.05,0.032,-0.086,0.984,3,16
249540,0.0,0.0,0.05,0.031,-0.087,0.984,3,16
249590,0.0,0.0,0.05,0.031,-0.089,0.984,3,16
249640,0.0,0.0,0.06,0.031,-0.089,0.984,3,16
249690,0.0,0.0,0.03,0.031,-0.089,0.984,3,16
249740,0.0,0.0,0.03,0.031,-0.089,0.984,3,16
249790,0.0,0.0,0.08,0.032,-0.087,0.984,3,16
249840,0.0,0.0,0.03,0.032,-0.087,0.984,3,16
249890,0.0,0.0,0.04,0.031,-0.087,0.984,3,16
249942,0.0,0.0,0.01,0.031,-0.088,0.984,3,16
249992,0.0,0.0,0.05,0.032,-0.088,0.984,3,16
250042,0.0,0.0,0.05,0.032,-0.088,0.984,3,16
250092,0.0,0.0,0.11,0.032,-0.088,0.984,3,16
250142,0.0,0.0,0.02,0.032,-0.088,0.984,3,16
250192,0.0,0.0,0.08,0.031,-0.088,0.984,3,16
250242,0.0,0.0,0.01,0.031,-0.088,0.984,3,16
250292,0.0,0.0,0.03,0.031,-0.088,0.984,3,16
250342,0.0,0.0,0.03,0.031,-0.088,0.984,3,16
250392,0.0,0.0,0.06,0.032,-0.088,0.984,3,16
250443,0.0,0.0,0.12,0.032,-0.088,0.984,3,16
250493,0.0,0.0,0.11,0.031,-0.088,0.984,3,16
250543,0.0,0.0,0.04,0.031,-0.088,0.984,3,16
250593,0.0,0.0,0.17,0.032,-0.088,0.984,3,16
250643,0.0,0.0,0.17,0.032,-0.088,0.984,3,16
250693,0.0,0.0,0.05,0.032,-0.088,0.984,3,16
250743,0.0,0.0,0.06,0.031,-0.088,0.984,3,16
250793,0.0,0.0,0.05,0.031,-0.088,0.984,3,16
250843,0.0,0.0,0.05,0.031,-0.088,0.984,3,16
250893,0.0,0.0,0.11,0.031,-0.089,0.984,3,16
250944,0.0,0.0,0.11,0.031,-0.089,0.984,3,16
250994,0.0,0.0,0.05,0.031,-0.087,0.983,3,16
251044,0.0,0.0,0.06,0.032,-0.088,0.984,3,16
251094,0.0,0.0,0.04,0.032,-0.088,0.984,3,16
251144,0.0,0.0,0.03,0.032,-0.087,0.984,3,16
251194,0.0,0.0,0.04,0.031,-0.088,0.983,3,16
251244,0.0,0.0,0.04,0.031,-0.088,0.983,3,16
251294,0.0,0.0,0.06,0.031,-0.089,0.984,3,16
251344,0.0,0.0,0.08,0.032,-0.088,0.984,3,16
251394,0.0,0.0,0.08,0.032,-0.087,0.984,3,16
251445,0.0,0.0,0.08,0.032,-0.087,0.984,3,16
251495,0.0,0.0,0.05,0.031,-0.088,0.984,3,16
251545,0.0,0.0,0.05,0.031,-0.088,0.984,3,16
251595,0.0,0.0,0.09,0.032,-0.088,0.984,3,16
251645,0.0,0.0,0.02,0.032,-0.087,0.984,3,16
251695,0.0,0.0,0.05,0.032,-0.087,0.984,3,16
251745,0.0,0.0,0.05,0.031,-0.088,0.984,3,16
251795,0.0,0.0,0.08,0.031,-0.089,0.984,3,16
251845,0.0,0.0,0.08,0.031,-0.089,0.984,3,16
251895,0.0,0.0,0.05,0.032,-0.088,0.984,3,16
251946,0.0,0.0,0.04,0.032,-0.087,0.984,3,16
251996,0.0,0.0,0.09,0.032,-0.088,0.984,3,16
252046,0.0,0.0,0.09,0.032,-0.088,0.984,3,16
252096,0.0,0.0,0.07,0.031,-0.088,0.984,3,16
252146,0.0,0.0,0.07,0.031,-0.088,0.984,3,16
252196,0.0,0.0,0.08,0.032,-0.088,0.984,3,16
252246,0.0,0.0,0.08,0.032,-0.088,0.984,3,16
252296,0.0,0.0,0.10,0.032,-0.088,0.984,3,16
252346,0.0,0.0,0.06,0.032,-0.088,0.984,3,16
252396,0.0,0.0,0.12,0.032,-0.088,0.984,3,16
252447,0.0,0.0,0.12,0.032,-0.088,0.984,3,16
252497,0.0,0.0,0.08,0.032,-0.088,0.984,3,16
252547,0.0,0.0,0.09,0.031,-0.088,0.984,3,16
252597,0.0,0.0,0.07,0.031,-0.088,0.984,3,16
252647,0.0,0.0,0.07,0.031,-0.088,0.984,3,16
252697,0.0,0.0,0.04,0.032,-0.088,0.984,3,16
252747,0.0,0.0,0.04,0.032,-0.088,0.984,3,16
252797,0.0,0.0,0.08,0.032,-0.088,0.984,3,16
252847,0.0,0.0,0.02,0.032,-0.088,0.984,3,16
252897,0.0,0.0,0.03,0.032,-0.088,0.983,3,16
252948,0.0,0.0,0.01,0.032,-0.088,0.984,3,16
252998,0.0,0.0,0.03,0.032,-0.087,0.984,3,16
253048,0.0,0.0,0.02,0.032,-0.088,0.984,3,16
253098,0.0,0.0,0.02,0.032,-0.088,0.984,3,16
253148,0.0,0.0,0.07,0.032,-0.088,0.983,3,16
253198,0.0,0.0,0.04,0.032,-0.088,0.984,3,16
253248,0.0,0.0,0.01,0.032,-0.088,0.984,3,16
253298,0.0,0.0,0.08,0.032,-0.088,0.984,3,16
253348,0.0,0.0,0.06,0.032,-0.088,0.984,3,16
253398,0.0,0.0,0.06,0.032,-0.088,0.984,3,16
253459,0.0,0.0,0.12,0.031,-0.088,0.984,3,16
253509,0.0,0.0,0.03,0.032,-0.088,0.983,3,16
253559,0.0,0.0,0.03,0.032,-0.088,0.983,3,16
253609,0.0,0.0,0.08,0.032,-0.089,0.983,3,16
253659,0.0,0.0,0.05,0.032,-0.088,0.986,3,15
253709,0.0,0.0,0.03,0.031,-0.088,0.981,3,15
253759,0.0,0.0,0.03,0.031,-0.088,0.981,3,15
253809,0.0,0.0,0.38,0.032,-0.086,0.988,3,15
253859,0.0,0.0,0.38,0.032,-0.086,0.988,3,15
253909,0.0,0.0,0.21,0.031,-0.089,0.983,3,15
253960,0.0,0.0,0.07,0.032,-0.089,0.983,3,15
254011,0.0,0.0,0.11,0.032,-0.088,0.983,3,15
254060,0.0,0.0,0.11,0.032,-0.087,0.986,3,16
254110,0.0,0.0,0.05,0.032,-0.087,0.984,3,16
254162,0.0,0.0,0.05,0.032,-0.087,0.984,3,16
254211,0.0,0.0,0.13,0.031,-0.089,0.984,3,16
254261,0.0,0.0,0.21,0.033,-0.088,0.984,3,16
254312,0.0,0.0,0.15,0.032,-0.088,0.983,3,16
254361,0.0,0.0,0.15,0.032,-0.088,0.983,3,16
254411,0.0,0.0,0.14,0.030,-0.088,0.984,3,16
254462,0.0,0.0,0.14,0.030,-0.088,0.984,3,16
254512,0.0,0.0,0.06,0.031,-0.088,0.983,3,16
254562,0.0,0.0,0.11,0.032,-0.088,0.983,3,16
254614,0.0,0.0,0.03,0.032,-0.088,0.983,3,16
254663,0.0,0.0,0.11,0.032,-0.088,0.982,3,16
254713,0.0,0.0,0.07,0.031,-0.087,0.983,3,16
254764,0.0,0.0,0.07,0.031,-0.087,0.983,3,16
254813,0.0,0.0,0.06,0.031,-0.088,0.985,3,16
254863,0.0,0.0,0.02,0.033,-0.089,0.983,3,16
254914,0.0,0.0,0.09,0.034,-0.088,0.984,3,16
254968,0.0,0.0,0.04,0.034,-0.087,0.984,3,16
255018,0.0,0.0,0.05,0.033,-0.087,0.984,3,16
255068,0.0,0.0,0.14,0.028,-0.087,0.984,3,16
255118,0.0,0.0,0.14,0.028,-0.087,0.984,3,16
255168,0.0,0.0,0.06,0.032,-0.088,0.984,3,16
255218,0.0,0.0,0.05,0.035,-0.089,0.983,3,16
255268,0.0,0.0,0.01,0.036,-0.089,0.985,3,16
255318,0.0,0.0,0.05,0.033,-0.088,0.984,3,16
255368,0.0,0.0,0.08,0.029,-0.087,0.985,3,16
255418,0.0,0.0,0.08,0.029,-0.087,0.985,3,16
255469,0.0,0.0,0.02,0.032,-0.088,0.984,3,16
255519,0.0,0.0,0.06,0.034,-0.088,0.984,3,16
255570,0.0,0.0,0.04,0.033,-0.087,0.983,3,16
255619,0.0,0.0,0.09,0.031,-0.087,0.984,3,16
255669,0.0,0.0,0.08,0.031,-0.088,0.983,3,16
255720,0.0,0.0,0.08,0.031,-0.088,0.983,3,16
255769,0.0,0.0,0.06,0.032,-0.089,0.984,3,16
255819,0.0,0.0,0.07,0.032,-0.088,0.984,3,16
255870,0.0,0.0,0.10,0.032,-0.088,0.984,3,16
255919,0.0,0.0,0.22,0.032,-0.088,0.984,3,16
255970,0.0,0.0,0.12,0.031,-0.088,0.984,3,16
256020,0.0,0.0,0.12,0.031,-0.088,0.984,3,16
256070,0.0,0.0,0.02,0.031,-0.088,0.983,3,16
256120,0.0,0.0,0.13,0.032,-0.088,0.984,3,16
256170,0.0,0.0,0.21,0.032,-0.088,0.983,3,16
256220,0.0,0.0,0.17,0.032,-0.088,0.984,3,16
256270,0.0,0.0,0.05,0.031,-0.087,0.983,3,16
256320,0.0,0.0,0.05,0.031,-0.087,0.983,3,16
256370,0.0,0.0,0.08,0.032,-0.088,0.986,3,16
256420,0.0,0.0,0.10,0.032,-0.088,0.983,3,16
256471,0.0,0.0,0.06,0.032,-0.088,0.983,3,16
256521,0.0,0.0,0.02,0.032,-0.088,0.982,3,16
256571,0.0,0.0,0.07,0.032,-0.088,0.986,3,16
256621,0.0,0.0,0.07,0.032,-0.088,0.986,3,16
256671,0.0,0.0,0.07,0.031,-0.088,0.984,3,16
256721,0.0,0.0,0.04,0.031,-0.088,0.985,3,16
256771,0.0,0.0,0.09,0.031,-0.087,0.983,3,16
256821,0.0,0.0,0.02,0.032,-0.087,0.984,3,16
256871,0.0,0.0,0.04,0.032,-0.088,0.983,3,16
256921,0.0,0.0,0.04,0.032,-0.088,0.983,3,16
256972,0.0,0.0,0.04,0.032,-0.088,0.983,3,16
257022,0.0,0.0,0.10,0.032,-0.089,0.983,3,16
257072,0.0,0.0,0.10,0.031,-0.089,0.984,3,16
257122,0.0,0.0,0.10,0.031,-0.089,0.984,3,16
257172,0.0,0.0,0.10,0.032,-0.088,0.984,3,16
257222,0.0,0.0,0.10,0.032,-0.088,0.984,3,16
257272,0.0,0.0,0.04,0.032,-0.088,0.984,3,16
257322,0.0,0.0,0.10,0.032,-0.088,0.984,3,16
257372,0.0,0.0,0.10,0.032,-0.088,0.984,3,16
257422,0.0,0.0,0.06,0.031,-0.088,0.984,3,16
257473,0.0,0.0,0.08,0.032,-0.088,0.984,3,16
257523,0.0,0.0,0.08,0.032,-0.088,0.984,3,16
257573,0.0,0.0,0.06,0.032,-0.088,0.984,3,16
257623,0.0,0.0,0.02,0.032,-0.088,0.984,3,16
257673,0.0,0.0,0.08,0.032,-0.088,0.984,3,16
257723,0.0,0.0,0.06,0.032,-0.088,0.984,3,16
257773,0.0,0.0,0.02,0.032,-0.088,0.984,3,16
257823,0.0,0.0,0.02,0.032,-0.088,0.984,3,16
257873,0.0,0.0,0.02,0.031,-0.088,0.984,3,16
257923,0.0,0.0,0.03,0.031,-0.088,0.984,3,16
257983,0.0,0.0,0.06,0.032,-0.088,0.984,3,16
258032,0.0,0.0,0.10,0.032,-0.088,0.984,3,16
258082,0.0,0.0,0.06,0.032,-0.088,0.984,3,16
258132,0.0,0.0,0.06,0.032,-0.088,0.984,3,16
258182,0.0,0.0,0.08,0.031,-0.088,0.984,3,16
258232,0.0,0.0,0.08,0.032,-0.088,0.984,3,16
258283,0.0,0.0,0.08,0.032,-0.088,0.984,3,16
258334,0.0,0.0,0.04,0.032,-0.088,0.984,3,16
258384,0.0,0.0,0.20,0.032,-0.088,0.984,3,16
258434,0.0,0.0,0.20,0.032,-0.088,0.984,3,16
258486,0.0,0.0,0.06,0.032,-0.088,0.983,3,16
258536,0.0,0.0,0.06,0.032,-0.088,0.983,3,16
258586,0.0,0.0,0.06,0.032,-0.088,0.983,3,16
258636,0.0,0.0,0.05,0.032,-0.088,0.984,3,16
258686,0.0,0.0,0.11,0.031,-0.088,0.984,3,16
258736,0.0,0.0,0.11,0.031,-0.088,0.984,3,16
258786,0.0,0.0,0.06,0.031,-0.087,0.984,3,16
258836,0.0,0.0,0.02,0.032,-0.088,0.984,3,16
258886,0.0,0.0,0.02,0.032,-0.088,0.984,3,16
258936,0.0,0.0,0.04,0.032,-0.088,0.984,3,16
258987,0.0,0.0,0.08,0.031,-0.087,0.984,3,16
259039,0.0,0.0,0.08,0.031,-0.087,0.984,3,16
259089,0.0,0.0,0.15,0.032,-0.088,0.984,3,16
259139,0.0,0.0,0.08,0.032,-0.088,0.984,3,16
259189,0.0,0.0,0.09,0.031,-0.088,0.984,3,16
259239,0.0,0.0,0.03,0.031,-0.088,0.984,3,16
259289,0.0,0.0,0.07,0.032,-0.087,0.984,3,16
259339,0.0,0.0,0.07,0.032,-0.087,0.984,3,16
259389,0.0,0.0,0.04,0.032,-0.088,0.984,3,16
259439,0.0,0.0,0.02,0.031,-0.088,0.984,3,16
259492,0.0,0.0,0.06,0.031,-0.088,0.984,3,16
259541,0.0,0.0,0.09,0.032,-0.087,0.984,3,16
259591,0.0,0.0,0.11,0.032,-0.088,0.984,3,16
259641,0.0,0.0,0.11,0.032,-0.088,0.984,3,16
259691,0.0,0.0,0.11,0.032,-0.088,0.984,3,16
259741,0.0,0.0,0.06,0.032,-0.088,0.984,3,16
259791,0.0,0.0,0.06,0.032,-0.088,0.984,3,16
259841,0.0,0.0,0.06,0.032,-0.088,0.984,3,16
259891,0.0,0.0,0.11,0.032,-0.088,0.984,3,16
259942,0.0,0.0,0.11,0.032,-0.088,0.984,3,16
259994,0.0,0.0,0.08,0.032,-0.088,0.984,3,16
260044,0.0,0.0,0.02,0.032,-0.088,0.983,3,16
260094,0.0,0.0,0.05,0.032,-0.088,0.984,3,16
260144,0.0,0.0,0.04,0.032,-0.088,0.984,3,16
260194,0.0,0.0,0.06,0.032,-0.087,0.984,3,16
260244,0.0,0.0,0.06,0.032,-0.087,0.984,3,16
260294,0.0,0.0,0.07,0.032,-0.088,0.984,3,16
260344,0.0,0.0,0.08,0.032,-0.088,0.984,3,16
260394,0.0,0.0,0.12,0.032,-0.088,0.984,3,16
260444,0.0,0.0,0.12,0.032,-0.088,0.984,3,16
260495,0.0,0.0,0.14,0.032,-0.088,0.984,3,16
260545,0.0,0.0,0.14,0.032,-0.088,0.984,3,16
260595,0.0,0.0,0.04,0.032,-0.088,0.984,3,16
260645,0.0,0.0,0.03,0.032,-0.088,0.984,3,16
260695,0.0,0.0,0.07,0.032,-0.088,0.984,3,16
260745,0.0,0.0,0.05,0.032,-0.088,0.984,3,16
260795,0.0,0.0,0.02,0.032,-0.088,0.984,3,16
260845,0.0,0.0,0.02,0.032,-0.088,0.984,3,16
260895,0.0,0.0,0.06,0.031,-0.088,0.984,3,16
260945,0.0,0.0,0.05,0.032,-0.088,0.984,3,16
260996,0.0,0.0,0.07,0.032,-0.088,0.984,3,16
261046,0.0,0.0,0.08,0.032,-0.088,0.984,3,16
261096,0.0,0.0,0.06,0.032,-0.088,0.984,3,16
261146,0.0,0.0,0.06,0.032,-0.088,0.984,3,16
261196,0.0,0.0,0.06,0.031,-0.088,0.984,3,16
261246,0.0,0.0,0.12,0.032,-0.088,0.984,3,16
261296,0.0,0.0,0.08,0.032,-0.088,0.984,3,16
261346,0.0,0.0,0.08,0.032,-0.088,0.984,3,16
261396,0.0,0.0,0.06,0.031,-0.088,0.984,3,16
261446,0.0,0.0,0.06,0.031,-0.088,0.984,3,16
261497,0.0,0.0,0.06,0.032,-0.088,0.984,3,16
261547,0.0,0.0,0.06,0.032,-0.088,0.984,3,16
261597,0.0,0.0,0.11,0.032,-0.088,0.984,3,16
261647,0.0,0.0,0.11,0.032,-0.088,0.984,3,16
261697,0.0,0.0,0.05,0.031,-0.088,0.984,3,16
261747,0.0,0.0,0.05,0.031,-0.088,0.984,3,16
261797,0.0,0.0,0.05,0.031,-0.088,0.984,3,16
261847,0.0,0.0,0.05,0.032,-0.087,0.984,3,16
261897,0.0,0.0,0.06,0.032,-0.088,0.984,3,16
261947,0.0,0.0,0.06,0.032,-0.088,0.984,3,16
261998,0.0,0.0,0.10,0.032,-0.088,0.984,3,16
262048,0.0,0.0,0.10,0.032,-0.088,0.984,3,16
262098,0.0,0.0,0.14,0.032,-0.088,0.984,3,16
262148,0.0,0.0,0.07,0.032,-0.088,0.984,3,16
262198,0.0,0.0,0.03,0.032,-0.088,0.984,3,16
262248,0.0,0.0,0.04,0.032,-0.088,0.984,3,16
262298,0.0,0.0,0.02,0.031,-0.088,0.984,3,16
262348,0.0,0.0,0.02,0.031,-0.088,0.984,3,16
262398,0.0,0.0,0.05,0.032,-0.088,0.984,3,16
262448,0.0,0.0,0.12,0.032,-0.088,0.984,3,16
262499,0.0,0.0,0.10,0.032,-0.088,0.984,3,16
262549,0.0,0.0,0.04,0.032,-0.088,0.984,3,16
262599,0.0,0.0,0.05,0.032,-0.088,0.984,3,16
262649,0.0,0.0,0.04,0.032,-0.088,0.984,3,16
262699,0.0,0.0,0.04,0.032,-0.088,0.984,3,16
262749,0.0,0.0,0.09,0.032,-0.088,0.983,3,16
262799,0.0,0.0,0.05,0.031,-0.088,0.984,3,16
262849,0.0,0.0,0.05,0.031,-0.088,0.984,3,16
262899,0.0,0.0,0.11,0.031,-0.088,0.983,3,16
262949,0.0,0.0,0.05,0.032,-0.088,0.984,3,16
263004,0.0,0.0,0.05,0.032,-0.088,0.984,3,16
263054,0.0,0.0,0.04,0.032,-0.088,0.984,3,16
263104,0.0,0.0,0.04,0.031,-0.088,0.984,3,16
263156,0.0,0.0,0.09,0.031,-0.088,0.983,3,16
263205,0.0,0.0,0.03,0.032,-0.088,0.984,3,16
263255,0.0,0.0,0.03,0.032,-0.088,0.984,3,16
263308,0.0,0.0,0.03,0.032,-0.088,0.984,3,16
263358,0.0,0.0,0.06,0.032,-0.087,0.984,3,16
263408,0.0,0.0,0.03,0.031,-0.088,0.984,3,16
263458,0.0,0.0,0.06,0.031,-0.088,0.984,3,16
263511,0.0,0.0,0.12,0.032,-0.088,0.984,3,16
263561,0.0,0.0,0.05,0.032,-0.088,0.984,3,16
263611,0.0,0.0,0.04,0.032,-0.088,0.984,3,16
263661,0.0,0.0,0.05,0.032,-0.088,0.984,3,16
263711,0.0,0.0,0.02,0.031,-0.088,0.984,3,16
263761,0.0,0.0,0.02,0.031,-0.088,0.984,3,16
263811,0.0,0.0,0.05,0.032,-0.088,0.984,3,16
263861,0.0,0.0,0.06,0.032,-0.088,0.984,3,16
263911,0.0,0.0,0.02,0.032,-0.088,0.984,3,16
263961,0.0,0.0,0.04,0.031,-0.088,0.984,3,16
264012,0.0,0.0,0.11,0.031,-0.088,0.984,3,16
264062,0.0,0.0,0.11,0.031,-0.088,0.984,3,16
264112,0.0,0.0,0.04,0.032,-0.088,0.984,3,16
264162,0.0,0.0,0.07,0.032,-0.088,0.984,3,16
264212,0.0,0.0,0.06,0.032,-0.088,0.984,3,16
264262,0.0,0.0,0.07,0.032,-0.088,0.984,3,16
264312,0.0,0.0,0.08,0.032,-0.088,0.984,3,16
264362,0.0,0.0,0.08,0.032,-0.088,0.984,3,16
264412,0.0,0.0,0.13,0.032,-0.088,0.984,3,16
264462,0.0,0.0,0.05,0.031,-0.088,0.984,3,16
264515,0.0,0.0,0.02,0.031,-0.088,0.984,3,16
264565,0.0,0.0,0.08,0.032,-0.087,0.984,3,16
264615,0.0,0.0,0.04,0.032,-0.088,0.985,3,16
264667,0.0,0.0,0.04,0.032,-0.088,0.985,3,16
264716,0.0,0.0,0.08,0.032,-0.088,0.984,3,16
264766,0.0,0.0,0.04,0.032,-0.088,0.984,3,16
264817,0.0,0.0,0.07,0.032,-0.088,0.984,3,16
264866,0.0,0.0,0.05,0.032,-0.088,0.983,3,16
264916,0.0,0.0,0.05,0.032,-0.088,0.984,3,16
264967,0.0,0.0,0.05,0.032,-0.088,0.984,3,16
265019,0.0,0.0,0.09,0.032,-0.088,0.984,3,16
265069,0.0,0.0,0.04,0.032,-0.088,0.983,3,16
265119,0.0,0.0,0.10,0.032,-0.088,0.984,3,16
265169,0.0,0.0,0.08,0.031,-0.088,0.984,3,16
265219,0.0,0.0,0.02,0.032,-0.088,0.984,3,16
265269,0.0,0.0,0.03,0.032,-0.088,0.984,3,16
265319,0.0,0.0,0.03,0.032,-0.088,0.984,3,16
265369,0.0,0.0,0.04,0.032,-0.088,0.983,3,16
265419,0.0,0.0,0.08,0.031,-0.088,0.984,3,16
265469,0.0,0.0,0.00,0.032,-0.088,0.984,3,16
265520,0.0,0.0,0.02,0.032,-0.087,0.985,3,16
265570,0.0,0.0,0.03,0.031,-0.087,0.984,3,16
265621,0.0,0.0,0.03,0.031,-0.087,0.984,3,16
265670,0.0,0.0,0.05,0.031,-0.088,0.984,3,16
265720,0.0,0.0,0.04,0.032,-0.088,0.984,3,16
265771,0.0,0.0,0.05,0.032,-0.088,0.984,3,16
265820,0.0,0.0,0.02,0.031,-0.087,0.983,3,16
265870,0.0,0.0,0.07,0.032,-0.088,0.984,3,16
265921,0.0,0.0,0.07,0.032,-0.088,0.984,3,16
265970,0.0,0.0,0.04,0.032,-0.088,0.984,3,16
266021,0.0,0.0,0.07,0.032,-0.088,0.984,3,16
266071,0.0,0.0,0.09,0.032,-0.088,0.984,3,16
266121,0.0,0.0,0.03,0.032,-0.088,0.984,3,16
266171,0.0,0.0,0.04,0.031,-0.088,0.984,3,16
266221,0.0,0.0,0.04,0.031,-0.088,0.984,3,16
266271,0.0,0.0,0.04,0.031,-0.088,0.984,3,16
266321,0.0,0.0,0.08,0.032,-0.088,0.984,3,16
266371,0.0,0.0,0.04,0.032,-0.088,0.984,3,16
266421,0.0,0.0,0.04,0.032,-0.088,0.984,3,16
266471,0.0,0.0,0.03,0.032,-0.088,0.984,3,16
266522,0.0,0.0,0.03,0.032,-0.088,0.984,3,16
266572,0.0,0.0,0.02,0.032,-0.088,0.984,3,16
266622,0.0,0.0,0.03,0.032,-0.088,0.984,3,16
266672,0.0,0.0,0.08,0.032,-0.088,0.984,3,16
266722,0.0,0.0,0.05,0.031,-0.088,0.984,3,16
266772,0.0,0.0,0.05,0.031,-0.088,0.984,3,16
266822,0.0,0.0,0.05,0.031,-0.088,0.984,3,16
266872,0.0,0.0,0.08,0.032,-0.088,0.984,3,16
266922,0.0,0.0,0.05,0.032,-0.088,0.984,3,16
266972,0.0,0.0,0.06,0.032,-0.088,0.984,3,16
267023,0.0,0.0,0.04,0.031,-0.088,0.984,3,16
267073,0.0,0.0,0.02,0.032,-0.088,0.984,3,16
267123,0.0,0.0,0.02,0.032,-0.088,0.984,3,16
267173,0.0,0.0,0.02,0.032,-0.088,0.984,3,16
267223,0.0,0.0,0.06,0.032,-0.088,0.984,3,16
267273,0.0,0.0,0.08,0.032,-0.088,0.984,3,16
267323,0.0,0.0,0.06,0.032,-0.088,0.984,3,16
267373,0.0,0.0,0.08,0.031,-0.088,0.984,3,16
267423,0.0,0.0,0.08,0.031,-0.088,0.984,3,16
267473,0.0,0.0,0.05,0.031,-0.088,0.984,3,16
267524,0.0,0.0,0.08,0.031,-0.088,0.984,3,16
267574,0.0,0.0,0.05,0.032,-0.088,0.984,3,16
267624,0.0,0.0,0.07,0.032,-0.088,0.984,3,16
267674,0.0,0.0,0.08,0.032,-0.088,0.984,3,16
267724,0.0,0.0,0.08,0.032,-0.088,0.984,3,16
267774,0.0,0.0,0.06,0.031,-0.088,0.984,3,16
267824,0.0,0.0,0.08,0.031,-0.088,0.984,3,16
267874,0.0,0.0,0.03,0.032,-0.088,0.984,3,16
267924,0.0,0.0,0.13,0.032,-0.088,0.984,3,16
267974,0.0,0.0,0.09,0.031,-0.088,0.984,3,16
268035,0.0,0.0,0.09,0.031,-0.088,0.984,3,16
268084,0.0,0.0,0.13,0.031,-0.088,0.984,3,16
268134,0.0,0.0,0.09,0.031,-0.088,0.984,3,16
268185,0.0,0.0,0.09,0.031,-0.088,0.984,3,16
268234,0.0,0.0,0.04,0.031,-0.088,0.984,3,16
268284,0.0,0.0,0.04,0.031,-0.087,0.984,3,16
268336,0.0,0.0,0.04,0.031,-0.087,0.984,3,16
268385,0.0,0.0,0.04,0.032,-0.087,0.984,3,16
268435,0.0,0.0,0.10,0.034,-0.088,0.984,3,16
268485,0.0,0.0,0.10,0.034,-0.088,0.984,3,16
268537,0.0,0.0,0.06,0.034,-0.088,0.984,3,16
268587,0.0,0.0,0.08,0.032,-0.088,0.985,3,16
268637,0.0,0.0,0.08,0.032,-0.088,0.985,3,16
268687,0.0,0.0,0.09,0.030,-0.090,0.984,3,16
268737,0.0,0.0,0.05,0.031,-0.090,0.984,3,16
268787,0.0,0.0,0.05,0.031,-0.090,0.984,3,16
268837,0.0,0.0,0.07,0.032,-0.087,0.983,3,16
268887,0.0,0.0,0.06,0.032,-0.087,0.981,3,16
268938,0.0,0.0,0.06,0.032,-0.087,0.981,3,16
268987,0.0,0.0,0.09,0.032,-0.089,0.984,3,16
269038,0.0,0.0,0.09,0.031,-0.089,0.982,3,16
269090,0.0,0.0,0.14,0.031,-0.088,0.984,3,16
269139,0.0,0.0,0.15,0.031,-0.088,0.984,3,16
269189,0.0,0.0,0.09,0.032,-0.089,0.984,3,16
269240,0.0,0.0,0.09,0.032,-0.089,0.984,3,16
269289,0.0,0.0,0.25,0.032,-0.088,0.984,3,16
269339,0.0,0.0,0.22,0.031,-0.088,0.984,3,16
269390,0.0,0.0,0.26,0.031,-0.088,0.984,3,16
269439,0.0,0.0,0.18,0.031,-0.088,0.984,3,16
269489,0.0,0.0,0.07,0.032,-0.088,0.984,3,16
269540,0.0,0.0,0.07,0.032,-0.088,0.984,3,16
269590,0.0,0.0,0.15,0.032,-0.088,0.984,3,16
269640,0.0,0.0,0.05,0.031,-0.088,0.984,3,16
269690,0.0,0.0,0.21,0.031,-0.088,0.984,3,16
269740,0.0,0.0,0.16,0.031,-0.089,0.984,3,16
269790,0.0,0.0,0.06,0.032,-0.088,0.984,3,16
269840,0.0,0.0,0.06,0.032,-0.088,0.984,3,16
269890,0.0,0.0,0.06,0.032,-0.088,0.984,3,16
269940,0.0,0.0,0.11,0.031,-0.088,0.984,3,16
269990,0.0,0.0,0.10,0.031,-0.089,0.984,3,16
270044,0.0,0.0,0.10,0.031,-0.089,0.984,3,16
270094,0.0,0.0,0.11,0.032,-0.088,0.984,3,16
270144,0.0,0.0,0.11,0.032,-0.088,0.984,3,16
270194,0.0,0.0,0.03,0.032,-0.088,0.984,3,16
270244,0.0,0.0,0.06,0.032,-0.088,0.984,3,16
270294,0.0,0.0,0.06,0.032,-0.088,0.983,3,16
270344,0.0,0.0,0.05,0.031,-0.088,0.984,3,16
270394,0.0,0.0,0.04,0.031,-0.088,0.984,3,16
270444,0.0,0.0,0.04,0.031,-0.088,0.984,3,16
270494,0.0,0.0,0.10,0.031,-0.088,0.984,3,16
270545,0.0,0.0,0.02,0.031,-0.088,0.984,3,16
270595,0.0,0.0,0.04,0.031,-0.088,0.984,3,16
270645,0.0,0.0,0.02,0.031,-0.088,0.984,3,16
270695,0.0,0.0,0.04,0.031,-0.089,0.984,3,16
270745,0.0,0.0,0.04,0.031,-0.089,0.984,3,16
270795,0.0,0.0,0.07,0.031,-0.089,0.984,3,16
270845,0.0,0.0,0.06,0.031,-0.088,0.984,3,16
270895,0.0,0.0,0.11,0.032,-0.088,0.984,3,16
270945,0.0,0.0,0.07,0.031,-0.088,0.984,3,16
270995,0.0,0.0,0.03,0.031,-0.088,0.984,3,16
271046,0.0,0.0,0.03,0.031,-0.088,0.984,3,16
271096,0.0,0.0,0.11,0.032,-0.088,0.984,3,16
271146,0.0,0.0,0.12,0.031,-0.089,0.984,3,16
271196,0.0,0.0,0.05,0.031,-0.089,0.984,3,16
271246,0.0,0.0,0.03,0.031,-0.089,0.983,3,16
271296,0.0,0.0,0.13,0.032,-0.088,0.984,3,16
271346,0.0,0.0,0.13,0.032,-0.088,0.984,3,16
271396,0.0,0.0,0.10,0.032,-0.088,0.984,3,16
271446,0.0,0.0,0.13,0.031,-0.088,0.984,3,16
271496,0.0,0.0,0.09,0.031,-0.088,0.984,3,16
271547,0.0,0.0,0.04,0.031,-0.088,0.984,3,16
271597,0.0,0.0,0.04,0.031,-0.088,0.983,3,16
271647,0.0,0.0,0.04,0.031,-0.088,0.983,3,16
271697,0.0,0.0,0.15,0.032,-0.089,0.983,3,16
271747,0.0,0.0,0.05,0.032,-0.089,0.984,3,16
271797,0.0,0.0,0.10,0.032,-0.088,0.984,3,16
271847,0.0,0.0,0.09,0.031,-0.088,0.984,3,16
271897,0.0,0.0,0.17,0.031,-0.089,0.984,3,16
271947,0.0,0.0,0.17,0.031,-0.089,0.984,3,16
271997,0.0,0.0,0.11,0.031,-0.089,0.984,3,16
272048,0.0,0.0,0.16,0.031,-0.089,0.985,3,16
272098,0.0,0.0,0.06,0.030,-0.090,0.982,3,16
272148,0.0,0.0,0.03,0.032,-0.089,0.985,3,16
272198,0.0,0.0,0.21,0.032,-0.086,0.979,3,16
272248,0.0,0.0,0.21,0.032,-0.086,0.979,3,16
272298,0.0,0.0,0.00,0.031,-0.089,0.986,3,16
272348,0.0,0.0,0.04,0.031,-0.089,0.986,3,16
272398,0.0,0.0,0.15,0.031,-0.088,0.984,3,16
272448,0.0,0.0,0.05,0.032,-0.087,0.981,3,16
272498,0.0,0.0,0.10,0.031,-0.089,0.985,3,16
272549,0.0,0.0,0.10,0.031,-0.089,0.985,3,16
272599,0.0,0.0,0.06,0.031,-0.089,0.984,3,16
272649,0.0,0.0,0.10,0.031,-0.088,0.985,3,16
272699,0.0,0.0,0.04,0.031,-0.088,0.983,3,16
272749,0.0,0.0,0.04,0.030,-0.089,0.982,3,16
272799,0.0,0.0,0.02,0.031,-0.090,0.983,3,16
272849,0.0,0.0,0.02,0.031,-0.090,0.983,3,16
272899,0.0,0.0,0.09,0.032,-0.091,0.984,3,16
272949,0.0,0.0,0.07,0.028,-0.091,0.984,3,16
272999,0.0,0.0,0.09,0.027,-0.090,0.981,3,16
273050,0.0,0.0,0.01,0.028,-0.085,0.984,3,16
273100,0.0,0.0,0.00,0.034,-0.078,0.985,3,16
273150,0.0,0.0,0.00,0.034,-0.078,0.985,3,16
273200,0.0,0.0,0.11,0.037,-0.084,0.983,3,16
273250,0.0,0.0,0.07,0.037,-0.099,0.981,3,16
273300,0.0,0.0,0.08,0.028,-0.095,0.983,3,16
273350,0.0,0.0,0.08,0.028,-0.095,0.983,3,16
273400,0.0,0.0,0.08,0.025,-0.083,0.987,3,16
273450,0.0,0.0,0.08,0.025,-0.083,0.987,3,16
273500,0.0,0.0,0.07,0.032,-0.081,0.986,3,16
273561,0.0,0.0,0.04,0.036,-0.097,0.982,3,16
273611,0.0,0.0,0.03,0.030,-0.095,0.984,3,16
273661,0.0,0.0,0.03,0.030,-0.095,0.984,3,16
273712,0.0,0.0,0.06,0.028,-0.082,0.986,3,16
273762,0.0,0.0,0.09,0.034,-0.080,0.983,3,16
273813,0.0,0.0,0.09,0.037,-0.083,0.984,3,16
273863,0.0,0.0,0.09,0.037,-0.083,0.984,3,16
273913,0.0,0.0,0.06,0.034,-0.095,0.982,3,16
273966,0.0,0.0,0.06,0.034,-0.095,0.982,3,16
274015,0.0,0.0,0.04,0.027,-0.092,0.984,3,16
274066,0.0,0.0,0.05,0.027,-0.084,0.986,3,16
274117,0.0,0.0,0.06,0.029,-0.085,0.985,3,16
274167,0.0,0.0,0.02,0.033,-0.088,0.981,3,16
274217,0.0,0.0,0.04,0.034,-0.090,0.983,3,16
274267,0.0,0.0,0.04,0.034,-0.090,0.983,3,16
274317,0.0,0.0,0.04,0.031,-0.088,0.985,3,16
274367,0.0,0.0,0.08,0.030,-0.087,0.984,3,16
274417,0.0,0.0,0.03,0.030,-0.086,0.983,3,16
274467,0.0,0.0,0.10,0.031,-0.088,0.984,3,16
274517,0.0,0.0,0.09,0.032,-0.091,0.983,3,16
274570,0.0,0.0,0.09,0.032,-0.091,0.983,3,16
274619,0.0,0.0,0.02,0.031,-0.088,0.985,3,16
274669,0.0,0.0,0.03,0.031,-0.085,0.984,3,16
274719,0.0,0.0,0.10,0.031,-0.085,0.984,3,16
274769,0.0,0.0,0.03,0.031,-0.087,0.983,3,16
274819,0.0,0.0,0.03,0.032,-0.092,0.984,3,16
274869,0.0,0.0,0.03,0.032,-0.092,0.984,3,16
274919,0.0,0.0,0.00,0.031,-0.092,0.984,3,16
274969,0.0,0.0,0.04,0.031,-0.090,0.983,3,16
275019,0.0,0.0,0.03,0.031,-0.087,0.984,3,16
275070,0.0,0.0,0.07,0.031,-0.087,0.984,3,16
275120,0.0,0.0,0.07,0.030,-0.089,0.984,3,16
275170,0.0,0.0,0.07,0.030,-0.089,0.984,3,16
275220,0.0,0.0,0.02,0.030,-0.090,0.983,3,16
275270,0.0,0.0,0.01,0.032,-0.087,0.984,3,16
275320,0.0,0.0,0.01,0.032,-0.088,0.984,3,16
275370,0.0,0.0,0.02,0.032,-0.089,0.984,3,16
275420,0.0,0.0,0.07,0.031,-0.090,0.983,3,16
275470,0.0,0.0,0.07,0.031,-0.090,0.983,3,16
275520,0.0,0.0,0.06,0.031,-0.088,0.984,3,16
275571,0.0,0.0,0.09,0.032,-0.088,0.984,3,16
275621,0.0,0.0,0.07,0.031,-0.088,0.984,3,16
275671,0.0,0.0,0.04,0.031,-0.089,0.984,3,16
275721,0.0,0.0,0.08,0.031,-0.089,0.984,3,16
275771,0.0,0.0,0.08,0.031,-0.089,0.984,3,16
275821,0.0,0.0,0.05,0.032,-0.088,0.984,3,16
275871,0.0,0.0,0.07,0.031,-0.088,0.984,3,16
275921,0.0,0.0,0.03,0.031,-0.088,0.984,3,16
275971,0.0,0.0,0.04,0.031,-0.089,0.984,3,16
276021,0.0,0.0,0.03,0.031,-0.089,0.984,3,16
276072,0.0,0.0,0.11,0.031,-0.088,0.984,3,16
276122,0.0,0.0,0.11,0.031,-0.088,0.984,3,16
276172,0.0,0.0,0.02,0.031,-0.088,0.984,3,16
276222,0.0,0.0,0.04,0.031,-0.089,0.984,3,16
276272,0.0,0.0,0.07,0.031,-0.089,0.984,3,16
276322,0.0,0.0,0.04,0.031,-0.089,0.984,3,16
276372,0.0,0.0,0.04,0.031,-0.089,0.984,3,16
276422,0.0,0.0,0.04,0.031,-0.088,0.983,3,16
276472,0.0,0.0,0.02,0.031,-0.087,0.984,3,16
276522,0.0,0.0,0.07,0.031,-0.088,0.984,3,16
276573,0.0,0.0,0.05,0.031,-0.089,0.984,3,16
276623,0.0,0.0,0.06,0.031,-0.088,0.984,3,16
276673,0.0,0.0,0.03,0.031,-0.087,0.984,3,16
276723,0.0,0.0,0.03,0.031,-0.087,0.984,3,16
276773,0.0,0.0,0.06,0.031,-0.090,0.985,3,16
276823,0.0,0.0,0.09,0.032,-0.091,0.984,3,16
276873,0.0,0.0,0.09,0.032,-0.091,0.984,3,16
276923,0.0,0.0,0.02,0.031,-0.092,0.982,3,16
276973,0.0,0.0,0.07,0.030,-0.088,0.985,3,16
277023,0.0,0.0,0.07,0.030,-0.088,0.985,3,16
277074,0.0,0.0,0.01,0.032,-0.085,0.984,3,16
277124,0.0,0.0,0.05,0.032,-0.092,0.982,3,16
277174,0.0,0.0,0.05,0.032,-0.092,0.982,3,16
277224,0.0,0.0,0.07,0.030,-0.090,0.984,3,16
277274,0.0,0.0,0.07,0.030,-0.090,0.984,3,16
277324,0.0,0.0,0.04,0.031,-0.087,0.985,3,16
277374,0.0,0.0,0.08,0.032,-0.088,0.984,3,16
277424,0.0,0.0,0.04,0.032,-0.090,0.984,3,16
277474,0.0,0.0,0.04,0.032,-0.090,0.984,3,16
277524,0.0,0.0,0.05,0.031,-0.090,0.984,3,16
277575,0.0,0.0,0.05,0.031,-0.090,0.984,3,16
277625,0.0,0.0,0.04,0.031,-0.088,0.984,3,16
277675,0.0,0.0,0.07,0.031,-0.088,0.984,3,16
277725,0.0,0.0,0.01,0.031,-0.089,0.984,3,16
277775,0.0,0.0,0.01,0.031,-0.089,0.984,3,16
277825,0.0,0.0,0.11,0.031,-0.087,0.984,3,16
277875,0.0,0.0,0.11,0.031,-0.087,0.984,3,16
277925,0.0,0.0,0.04,0.030,-0.086,0.981,3,16
277975,0.0,0.0,0.08,0.033,-0.083,0.988,3,16
278025,0.0,0.0,0.05,0.033,-0.082,0.983,3,16
278081,0.0,0.0,0.05,0.033,-0.082,0.983,3,16
278130,0.0,0.0,0.04,0.029,-0.097,0.987,3,16
278180,0.0,0.0,0.06,0.029,-0.093,0.982,3,16
278232,0.0,0.0,0.06,0.029,-0.093,0.982,3,16
278281,0.0,0.0,0.09,0.031,-0.094,0.982,3,16
278331,0.0,0.0,0.04,0.031,-0.091,0.984,3,16
278382,0.0,0.0,0.04,0.031,-0.091,0.984,3,16
278431,0.0,0.0,0.06,0.030,-0.084,0.983,3,16
278481,0.0,0.0,0.05,0.031,-0.083,0.981,3,16
278531,0.0,0.0,0.05,0.031,-0.083,0.981,3,16
278589,0.0,0.0,0.05,0.033,-0.085,0.979,3,16
278639,0.0,0.0,0.05,0.033,-0.095,0.981,3,16
278691,0.0,0.0,0.05,0.033,-0.095,0.981,3,16
278740,0.0,0.0,0.03,0.028,-0.098,0.986,3,16
278790,0.0,0.0,0.09,0.030,-0.086,0.983,3,16
278841,0.0,0.0,0.02,0.031,-0.084,0.985,3,16
278890,0.0,0.0,0.03,0.033,-0.087,0.983,3,16
278940,0.0,0.0,0.04,0.032,-0.094,0.984,3,16
278991,0.0,0.0,0.04,0.032,-0.094,0.984,3,16
279040,0.0,0.0,0.07,0.030,-0.092,0.984,3,16
279091,0.0,0.0,0.06,0.030,-0.087,0.984,3,16
279141,0.0,0.0,0.04,0.031,-0.088,0.983,3,16
279191,0.0,0.0,0.04,0.031,-0.088,0.983,3,16
279241,0.0,0.0,0.05,0.032,-0.091,0.984,3,16
279293,0.0,0.0,0.05,0.032,-0.091,0.984,3,16
279342,0.0,0.0,0.06,0.031,-0.091,0.984,3,16
279392,0.0,0.0,0.08,0.030,-0.088,0.984,3,16
279443,0.0,0.0,0.02,0.031,-0.088,0.984,3,16
279492,0.0,0.0,0.07,0.032,-0.090,0.984,3,16
279542,0.0,0.0,0.06,0.031,-0.091,0.984,3,16
279593,0.0,0.0,0.06,0.031,-0.091,0.984,3,16
279643,0.0,0.0,0.02,0.030,-0.090,0.984,3,16
279693,0.0,0.0,0.03,0.031,-0.089,0.984,3,16
279743,0.0,0.0,0.10,0.031,-0.089,0.983,3,16
279793,0.0,0.0,0.10,0.031,-0.089,0.983,3,16
279844,0.0,0.0,0.04,0.031,-0.091,0.984,3,16
279893,0.0,0.0,0.04,0.031,-0.091,0.984,3,16
279943,0.0,0.0,0.06,0.030,-0.090,0.984,3,16
279993,0.0,0.0,0.05,0.031,-0.089,0.983,3,16
280043,0.0,0.0,0.08,0.031,-0.090,0.984,3,16
280095,0.0,0.0,0.07,0.031,-0.091,0.984,3,16
280145,0.0,0.0,0.03,0.031,-0.090,0.983,3,16
280195,0.0,0.0,0.03,0.031,-0.090,0.983,3,16
280245,0.0,0.0,0.13,0.031,-0.089,0.984,3,16
280295,0.0,0.0,0.11,0.031,-0.090,0.984,3,16
280345,0.0,0.0,0.08,0.031,-0.090,0.984,3,16
280395,0.0,0.0,0.08,0.031,-0.090,0.984,3,16
280445,0.0,0.0,0.04,0.031,-0.090,0.983,3,16
280495,0.0,0.0,0.04,0.031,-0.090,0.983,3,16
280545,0.0,0.0,0.06,0.031,-0.089,0.984,3,16
280596,0.0,0.0,0.08,0.031,-0.090,0.984,3,16
280646,0.0,0.0,0.06,0.031,-0.090,0.984,3,16
280696,0.0,0.0,0.04,0.031,-0.090,0.984,3,16
280746,0.0,0.0,0.04,0.031,-0.090,0.984,3,16
280796,0.0,0.0,0.04,0.031,-0.090,0.984,3,16
280846,0.0,0.0,0.04,0.031,-0.089,0.984,3,16
280896,0.0,0.0,0.08,0.031,-0.090,0.984,3,16
280946,0.0,0.0,0.09,0.031,-0.091,0.983,3,16
280996,0.0,0.0,0.09,0.031,-0.091,0.983,3,16
281046,0.0,0.0,0.04,0.032,-0.090,0.984,3,16
281097,0.0,0.0,0.04,0.032,-0.090,0.984,3,16
281147,0.0,0.0,0.10,0.031,-0.089,0.983,3,16
281197,0.0,0.0,0.04,0.031,-0.089,0.984,3,16
281247,0.0,0.0,0.01,0.031,-0.090,0.983,3,16
281297,0.0,0.0,0.09,0.032,-0.090,0.983,3,16
281347,0.0,0.0,0.01,0.031,-0.090,0.983,3,16
281397,0.0,0.0,0.01,0.031,-0.090,0.983,3,16
281447,0.0,0.0,0.09,0.030,-0.089,0.984,3,16
281497,0.0,0.0,0.02,0.031,-0.090,0.984,3,16
281547,0.0,0.0,0.03,0.031,-0.090,0.983,3,16
281598,0.0,0.0,0.03,0.031,-0.090,0.983,3,16
281648,0.0,0.0,0.04,0.032,-0.090,0.984,3,16
281698,0.0,0.0,0.04,0.032,-0.090,0.984,3,16
281748,0.0,0.0,0.04,0.031,-0.090,0.984,3,16
281798,0.0,0.0,0.02,0.031,-0.090,0.984,3,16
281848,0.0,0.0,0.05,0.031,-0.090,0.984,3,16
281898,0.0,0.0,0.01,0.031,-0.089,0.984,3,16
281948,0.0,0.0,0.04,0.031,-0.089,0.984,3,16
281998,0.0,0.0,0.04,0.031,-0.089,0.984,3,16
282048,0.0,0.0,0.08,0.031,-0.090,0.984,3,16
282099,0.0,0.0,0.02,0.031,-0.090,0.984,3,16
282149,0.0,0.0,0.06,0.031,-0.090,0.984,3,16
282199,0.0,0.0,0.06,0.031,-0.090,0.984,3,16
282249,0.0,0.0,0.06,0.031,-0.090,0.984,3,16
282299,0.0,0.0,0.06,0.031,-0.090,0.984,3,16
282349,0.0,0.0,0.05,0.031,-0.090,0.984,3,16
282399,0.0,0.0,0.06,0.031,-0.090,0.984,3,16
282449,0.0,0.0,0.04,0.031,-0.090,0.983,3,16
282499,0.0,0.0,0.01,0.031,-0.089,0.984,3,16
282549,0.0,0.0,0.06,0.031,-0.090,0.984,3,16
282600,0.0,0.0,0.06,0.031,-0.090,0.984,3,16
282650,0.0,0.0,0.01,0.031,-0.090,0.983,3,16
282700,0.0,0.0,0.01,0.031,-0.090,0.983,3,16
282750,0.0,0.0,0.04,0.031,-0.089,0.983,3,16
282800,0.0,0.0,0.04,0.031,-0.089,0.983,3,16
282850,0.0,0.0,0.03,0.031,-0.090,0.983,3,16
282900,0.0,0.0,0.03,0.031,-0.090,0.983,3,16
282950,0.0,0.0,0.06,0.031,-0.090,0.984,3,16
283000,0.0,0.0,0.02,0.031,-0.090,0.983,3,16
283050,0.0,0.0,0.07,0.031,-0.090,0.984,3,16
283101,0.0,0.0,0.08,0.031,-0.089,0.983,3,16
283151,0.0,0.0,0.05,0.031,-0.090,0.984,3,16
283201,0.0,0.0,0.05,0.031,-0.090,0.984,3,16
283251,0.0,0.0,0.04,0.031,-0.090,0.983,3,16
283301,0.0,0.0,0.02,0.031,-0.090,0.983,3,16
283351,0.0,0.0,0.04,0.031,-0.090,0.984,3,16
283401,0.0,0.0,0.04,0.031,-0.090,0.984,3,16
283451,0.0,0.0,0.07,0.031,-0.090,0.983,3,16
283501,0.0,0.0,0.07,0.031,-0.090,0.983,3,16
283551,0.0,0.0,0.06,0.031,-0.090,0.983,3,16
283611,0.0,0.0,0.09,0.031,-0.090,0.984,3,16
283661,0.0,0.0,0.09,0.031,-0.090,0.983,3,16
283711,0.0,0.0,0.06,0.031,-0.090,0.983,3,16
283761,0.0,0.0,0.06,0.031,-0.090,0.984,3,16
283811,0.0,0.0,0.07,0.031,-0.090,0.984,3,16
283861,0.0,0.0,0.07,0.031,-0.090,0.984,3,16
283911,0.0,0.0,0.02,0.031,-0.090,0.984,3,16
283961,0.0,0.0,0.06,0.031,-0.090,0.983,3,16
284011,0.0,0.0,0.06,0.031,-0.090,0.983,3,16
284061,0.0,0.0,0.04,0.031,-0.090,0.983,3,16
284112,0.0,0.0,0.05,0.031,-0.090,0.984,3,16
284163,0.0,0.0,0.02,0.031,-0.090,0.984,3,16
284213,0.0,0.0,0.05,0.031,-0.090,0.984,3,16
284263,0.0,0.0,0.07,0.031,-0.090,0.984,3,16
284313,0.0,0.0,0.07,0.031,-0.090,0.984,3,16
284363,0.0,0.0,0.07,0.031,-0.090,0.984,3,16
284413,0.0,0.0,0.05,0.031,-0.090,0.984,3,16
284463,0.0,0.0,0.08,0.031,-0.090,0.984,3,16
284513,0.0,0.0,0.06,0.031,-0.090,0.984,3,16
284563,0.0,0.0,0.07,0.031,-0.090,0.984,3,16
284614,0.0,0.0,0.07,0.031,-0.090,0.984,3,16
284664,0.0,0.0,0.04,0.031,-0.090,0.984,3,16
284714,0.0,0.0,0.06,0.031,-0.090,0.983,3,16
284767,0.0,0.0,0.02,0.031,-0.090,0.984,3,16
284816,0.0,0.0,0.01,0.031,-0.090,0.984,3,16
284866,0.0,0.0,0.04,0.031,-0.090,0.984,3,16
284917,0.0,0.0,0.04,0.031,-0.090,0.984,3,16
284966,0.0,0.0,0.08,0.031,-0.090,0.983,3,16
285016,0.0,0.0,0.03,0.031,-0.090,0.984,3,16
285067,0.0,0.0,0.03,0.031,-0.090,0.984,3,16
285120,0.0,0.0,0.02,0.031,-0.090,0.984,3,16
285170,0.0,0.0,0.04,0.031,-0.090,0.984,3,16
285221,0.0,0.0,0.04,0.031,-0.090,0.984,3,16
285270,0.0,0.0,0.03,0.031,-0.090,0.984,3,16
285320,0.0,0.0,0.06,0.031,-0.090,0.984,3,16
285371,0.0,0.0,0.04,0.031,-0.090,0.983,3,16
285420,0.0,0.0,0.04,0.031,-0.090,0.984,3,16
285470,0.0,0.0,0.11,0.031,-0.090,0.984,3,16
285521,0.0,0.0,0.11,0.031,-0.090,0.984,3,16
285570,0.0,0.0,0.05,0.031,-0.090,0.984,3,16
285621,0.0,0.0,0.07,0.031,-0.090,0.984,3,16
285671,0.0,0.0,0.03,0.031,-0.090,0.984,3,16
285721,0.0,0.0,0.07,0.031,-0.090,0.984,3,16
285771,0.0,0.0,0.05,0.031,-0.090,0.983,3,16
285821,0.0,0.0,0.05,0.031,-0.090,0.983,3,16
285871,0.0,0.0,0.09,0.031,-0.090,0.984,3,16
285921,0.0,0.0,0.04,0.031,-0.090,0.983,3,16
285971,0.0,0.0,0.03,0.031,-0.089,0.984,3,16
286021,0.0,0.0,0.01,0.031,-0.089,0.983,3,16
286071,0.0,0.0,0.07,0.031,-0.090,0.984,3,16
286122,0.0,0.0,0.05,0.031,-0.090,0.983,3,16
286172,0.0,0.0,0.05,0.031,-0.090,0.983,3,16
286222,0.0,0.0,0.11,0.031,-0.090,0.983,3,16
286272,0.0,0.0,0.06,0.031,-0.090,0.984,3,16
286322,0.0,0.0,0.05,0.031,-0.090,0.984,3,16
286372,0.0,0.0,0.03,0.031,-0.090,0.984,3,16
286422,0.0,0.0,0.03,0.031,-0.090,0.984,3,16
286472,0.0,0.0,0.04,0.031,-0.090,0.984,3,16
286522,0.0,0.0,0.02,0.031,-0.090,0.984,3,16
286572,0.0,0.0,0.01,0.031,-0.090,0.984,3,16
286623,0.0,0.0,0.02,0.031,-0.090,0.984,3,16
286673,0.0,0.0,0.05,0.031,-0.090,0.984,3,16
286723,0.0,0.0,0.02,0.031,-0.090,0.984,3,16
286773,0.0,0.0,0.02,0.031,-0.090,0.984,3,16
286823,0.0,0.0,0.09,0.031,-0.090,0.984,3,16
286873,0.0,0.0,0.02,0.031,-0.090,0.983,3,16
286923,0.0,0.0,0.06,0.031,-0.090,0.984,3,16
286973,0.0,0.0,0.06,0.031,-0.090,0.984,3,16
287023,0.0,0.0,0.09,0.031,-0.090,0.984,3,16
287073,0.0,0.0,0.09,0.031,-0.090,0.984,3,16
287124,0.0,0.0,0.07,0.031,-0.090,0.984,3,16
287174,0.0,0.0,0.06,0.031,-0.090,0.984,3,16
287224,0.0,0.0,0.04,0.031,-0.090,0.984,3,16
287274,0.0,0.0,0.01,0.031,-0.090,0.984,3,16
287324,0.0,0.0,0.02,0.031,-0.090,0.984,3,16
287374,0.0,0.0,0.02,0.031,-0.090,0.984,3,16
287424,0.0,0.0,0.06,0.031,-0.090,0.984,3,16
287474,0.0,0.0,0.05,0.031,-0.090,0.984,3,16
287524,0.0,0.0,0.03,0.031,-0.089,0.983,3,16
287574,0.0,0.0,0.06,0.031,-0.090,0.983,3,16
287625,0.0,0.0,0.02,0.031,-0.090,0.984,3,16
287675,0.0,0.0,0.02,0.031,-0.090,0.984,3,16
287725,0.0,0.0,0.09,0.031,-0.089,0.984,3,16
287775,0.0,0.0,0.04,0.031,-0.089,0.984,3,16
287825,0.0,0.0,0.08,0.031,-0.090,0.983,3,16
287875,0.0,0.0,0.05,0.031,-0.090,0.984,3,16
287925,0.0,0.0,0.09,0.031,-0.090,0.984,3,16
287975,0.0,0.0,0.09,0.031,-0.090,0.984,3,16
288025,0.0,0.0,0.08,0.031,-0.090,0.984,3,16
288075,0.0,0.0,0.06,0.031,-0.090,0.984,3,16
288126,0.0,0.0,0.06,0.031,-0.090,0.984,3,16
288176,0.0,0.0,0.05,0.031,-0.090,0.984,3,16
288226,0.0,0.0,0.02,0.031,-0.089,0.984,3,16
288276,0.0,0.0,0.02,0.031,-0.089,0.984,3,16
288326,0.0,0.0,0.08,0.031,-0.090,0.984,3,16
288376,0.0,0.0,0.05,0.031,-0.090,0.984,3,16
288426,0.0,0.0,0.04,0.032,-0.090,0.984,3,16
288476,0.0,0.0,0.02,0.031,-0.090,0.984,3,16
288526,0.0,0.0,0.03,0.031,-0.090,0.984,3,16
288576,0.0,0.0,0.03,0.031,-0.090,0.984,3,16
288637,0.0,0.0,0.10,0.031,-0.090,0.984,3,16
288687,0.0,0.0,0.08,0.031,-0.090,0.984,3,16
288737,0.0,0.0,0.08,0.031,-0.090,0.984,3,16
288787,0.0,0.0,0.03,0.031,-0.090,0.984,3,16
288837,0.0,0.0,0.04,0.031,-0.090,0.984,3,16
288887,0.0,0.0,0.04,0.031,-0.090,0.984,3,16
288937,0.0,0.0,0.04,0.031,-0.090,0.983,3,16
288987,0.0,0.0,0.07,0.031,-0.090,0.984,3,16
289037,0.0,0.0,0.07,0.031,-0.090,0.984,3,16
289087,0.0,0.0,0.02,0.031,-0.089,0.983,3,16
289138,0.0,0.0,0.01,0.031,-0.089,0.983,3,16
289189,0.0,0.0,0.01,0.031,-0.089,0.983,3,16
289238,0.0,0.0,0.05,0.031,-0.090,0.984,3,16
289288,0.0,0.0,0.02,0.031,-0.090,0.984,3,16
289338,0.0,0.0,0.02,0.031,-0.090,0.984,3,16
289388,0.0,0.0,0.03,0.031,-0.090,0.984,3,16
289438,0.0,0.0,0.05,0.031,-0.088,0.983,3,16
289489,0.0,0.0,0.05,0.031,-0.088,0.983,3,16
289538,0.0,0.0,0.06,0.031,-0.091,0.984,3,16
289588,0.0,0.0,0.06,0.031,-0.094,0.984,3,16
289639,0.0,0.0,0.06,0.031,-0.094,0.984,3,16
289689,0.0,0.0,0.08,0.031,-0.094,0.986,3,16
289739,0.0,0.0,0.03,0.029,-0.087,0.983,3,16
289789,0.0,0.0,0.03,0.029,-0.087,0.983,3,16
289839,0.0,0.0,0.04,0.031,-0.085,0.981,3,16
289889,0.0,0.0,0.05,0.033,-0.093,0.985,3,16
289939,0.0,0.0,0.05,0.033,-0.093,0.985,3,16
289989,0.0,0.0,0.02,0.031,-0.091,0.985,3,16
290039,0.0,0.0,0.07,0.030,-0.088,0.984,3,16
290089,0.0,0.0,0.07,0.030,-0.088,0.984,3,16
290146,0.0,0.0,0.07,0.031,-0.088,0.984,3,16
290196,0.0,0.0,0.03,0.031,-0.091,0.983,3,16
290246,0.0,0.0,0.04,0.031,-0.090,0.984,3,16
290296,0.0,0.0,0.04,0.031,-0.090,0.984,3,16
290346,0.0,0.0,0.04,0.031,-0.088,0.984,3,16
290396,0.0,0.0,0.05,0.031,-0.089,0.983,3,16
290446,0.0,0.0,0.06,0.031,-0.090,0.984,3,16
290496,0.0,0.0,0.05,0.031,-0.091,0.984,3,16
290546,0.0,0.0,0.10,0.031,-0.090,0.984,3,16
290596,0.0,0.0,0.10,0.031,-0.090,0.984,3,16
290647,0.0,0.0,0.03,0.031,-0.089,0.984,3,16
290697,0.0,0.0,0.03,0.031,-0.089,0.984,3,16
290748,0.0,0.0,0.07,0.031,-0.090,0.984,3,16
290797,0.0,0.0,0.05,0.031,-0.090,0.984,3,16
290847,0.0,0.0,0.04,0.031,-0.090,0.984,3,16
290898,0.0,0.0,0.04,0.031,-0.090,0.984,3,16
290947,0.0,0.0,0.07,0.031,-0.089,0.982,3,16
290997,0.0,0.0,0.05,0.033,-0.089,0.986,3,16
291048,0.0,0.0,0.08,0.031,-0.089,0.983,3,16
291097,0.0,0.0,0.14,0.032,-0.090,0.987,3,16
291148,0.0,0.0,0.15,0.031,-0.090,0.983,3,16
291198,0.0,0.0,0.15,0.031,-0.090,0.983,3,16
291248,0.0,0.0,0.11,0.031,-0.089,0.985,3,16
291298,0.0,0.0,0.06,0.032,-0.089,0.985,3,16
291348,0.0,0.0,0.02,0.032,-0.089,0.984,3,16
291398,0.0,0.0,0.10,0.032,-0.090,0.983,3,16
291448,0.0,0.0,0.03,0.031,-0.089,0.985,3,16
291498,0.0,0.0,0.03,0.031,-0.089,0.985,3,16
291548,0.0,0.0,0.13,0.031,-0.089,0.984,3,16
291598,0.0,0.0,0.07,0.031,-0.090,0.985,3,16
291649,0.0,0.0,0.07,0.031,-0.090,0.984,3,16
291699,0.0,0.0,0.10,0.031,-0.090,0.984,3,16
291749,0.0,0.0,0.02,0.031,-0.089,0.983,3,16
291799,0.0,0.0,0.02,0.031,-0.089,0.983,3,16
291849,0.0,0.0,0.10,0.031,-0.089,0.984,3,16
291899,0.0,0.0,0.14,0.031,-0.089,0.983,3,16
291949,0.0,0.0,0.13,0.031,-0.090,0.984,3,16
291999,0.0,0.0,0.00,0.032,-0.090,0.983,3,16
292049,0.0,0.0,0.06,0.030,-0.089,0.984,3,16
292099,0.0,0.0,0.06,0.030,-0.089,0.984,3,16
292150,0.0,0.0,0.07,0.032,-0.090,0.984,3,16
292200,0.0,0.0,0.05,0.033,-0.090,0.984,3,16
292250,0.0,0.0,0.07,0.033,-0.089,0.984,3,16
292300,0.0,0.0,0.09,0.030,-0.088,0.985,3,16
292350,0.0,0.0,0.06,0.029,-0.090,0.985,3,16
292400,0.0,0.0,0.06,0.029,-0.090,0.985,3,16
292450,0.0,0.0,0.04,0.030,-0.090,0.984,3,16
292500,0.0,0.0,0.04,0.030,-0.089,0.983,3,16
292550,0.0,0.0,0.02,0.032,-0.090,0.984,3,16
292600,0.0,0.0,0.04,0.033,-0.090,0.984,3,16
292651,0.0,0.0,0.04,0.031,-0.089,0.983,3,16
292701,0.0,0.0,0.04,0.031,-0.089,0.983,3,16
292751,0.0,0.0,0.03,0.031,-0.088,0.984,3,16
292801,0.0,0.0,0.03,0.031,-0.088,0.983,3,16
292851,0.0,0.0,0.03,0.031,-0.088,0.984,3,16
292901,0.0,0.0,0.02,0.030,-0.089,0.983,3,16
292951,0.0,0.0,0.06,0.030,-0.090,0.984,3,16
293001,0.0,0.0,0.06,0.030,-0.090,0.984,3,16
293051,0.0,0.0,0.11,0.032,-0.090,0.983,3,16
293101,0.0,0.0,0.11,0.032,-0.089,0.984,3,16
293152,0.0,0.0,0.14,0.031,-0.087,0.983,3,16
293202,0.0,0.0,0.09,0.029,-0.088,0.985,3,16
293252,0.0,0.0,0.09,0.030,-0.093,0.984,3,16
293302,0.0,0.0,0.09,0.030,-0.093,0.984,3,16
293352,0.0,0.0,0.03,0.032,-0.088,0.984,3,16
293402,0.0,0.0,0.02,0.033,-0.086,0.984,3,16
293452,0.0,0.0,0.04,0.033,-0.085,0.984,3,16
293502,0.0,0.0,0.03,0.031,-0.091,0.984,3,16
293552,0.0,0.0,0.03,0.029,-0.092,0.984,3,16
293602,0.0,0.0,0.03,0.029,-0.092,0.984,3,16
293662,0.0,0.0,0.04,0.028,-0.089,0.984,3,16
293712,0.0,0.0,0.06,0.034,-0.091,0.983,3,16
293762,0.0,0.0,0.06,0.034,-0.091,0.983,3,16
293812,0.0,0.0,0.07,0.032,-0.094,0.983,3,16
293862,0.0,0.0,0.17,0.028,-0.084,0.985,3,16
293912,0.0,0.0,0.17,0.028,-0.084,0.985,3,16
293962,0.0,0.0,0.15,0.031,-0.084,0.984,3,16
294012,0.0,0.0,0.04,0.033,-0.098,0.981,3,16
294062,0.0,0.0,0.04,0.033,-0.098,0.981,3,16
294112,0.0,0.0,0.11,0.033,-0.090,0.984,3,16
294163,0.0,0.0,0.09,0.030,-0.084,0.984,3,16
294214,0.0,0.0,0.09,0.030,-0.084,0.984,3,16
294263,0.0,0.0,0.06,0.028,-0.086,0.982,3,16
294313,0.0,0.0,0.06,0.033,-0.092,0.984,3,16
294364,0.0,0.0,0.06,0.033,-0.092,0.984,3,16
294414,0.0,0.0,0.04,0.034,-0.091,0.984,3,16
294464,0.0,0.0,0.11,0.027,-0.089,0.983,3,16
294514,0.0,0.0,0.11,0.027,-0.089,0.983,3,16
294564,0.0,0.0,0.08,0.026,-0.089,0.984,3,16
294614,0.0,0.0,0.07,0.035,-0.091,0.984,3,16
294665,0.0,0.0,0.06,0.038,-0.092,0.982,3,16
294715,0.0,0.0,0.08,0.039,-0.090,0.984,3,16
294765,0.0,0.0,0.06,0.028,-0.087,0.983,3,16
294815,0.0,0.0,0.06,0.028,-0.087,0.983,3,16
294865,0.0,0.0,0.06,0.025,-0.087,0.985,3,16
294915,0.0,0.0,0.07,0.027,-0.091,0.983,3,16
294967,0.0,0.0,0.09,0.033,-0.091,0.983,3,16
295017,0.0,0.0,0.06,0.035,-0.090,0.984,3,16
295067,0.0,0.0,0.03,0.034,-0.090,0.983,3,16
295117,0.0,0.0,0.03,0.034,-0.090,0.983,3,16
295171,0.0,0.0,0.16,0.030,-0.091,0.983,3,16
295221,0.0,0.0,0.03,0.028,-0.088,0.984,3,16
295271,0.0,0.0,0.08,0.031,-0.089,0.984,3,16
295321,0.0,0.0,0.12,0.032,-0.091,0.983,3,16
295371,0.0,0.0,0.04,0.031,-0.090,0.984,3,16
295421,0.0,0.0,0.04,0.031,-0.090,0.984,3,16
295471,0.0,0.0,0.07,0.030,-0.089,0.983,3,16
295521,0.0,0.0,0.05,0.031,-0.089,0.984,3,16
295571,0.0,0.0,0.04,0.032,-0.089,0.983,3,16
295621,0.0,0.0,0.04,0.032,-0.090,0.983,3,16
295672,0.0,0.0,0.02,0.032,-0.090,0.984,3,16
295722,0.0,0.0,0.02,0.032,-0.090,0.984,3,16
295772,0.0,0.0,0.11,0.030,-0.089,0.985,3,16
295822,0.0,0.0,0.07,0.030,-0.091,0.984,3,16
295872,0.0,0.0,0.05,0.030,-0.090,0.984,3,16
295922,0.0,0.0,0.11,0.030,-0.089,0.983,3,16
295972,0.0,0.0,0.06,0.031,-0.089,0.984,3,16
296022,0.0,0.0,0.06,0.031,-0.089,0.984,3,16
296072,0.0,0.0,0.07,0.032,-0.090,0.983,3,16
296122,0.0,0.0,0.04,0.030,-0.090,0.985,3,16
296173,0.0,0.0,0.02,0.030,-0.089,0.984,3,16
296223,0.0,0.0,0.02,0.030,-0.090,0.984,3,16
296273,0.0,0.0,0.06,0.032,-0.090,0.984,3,16
296323,0.0,0.0,0.06,0.032,-0.090,0.984,3,16
296373,0.0,0.0,0.04,0.031,-0.089,0.984,3,16
296423,0.0,0.0,0.10,0.030,-0.089,0.983,3,16
296473,0.0,0.0,0.03,0.031,-0.090,0.984,3,16
296523,0.0,0.0,0.05,0.033,-0.091,0.984,3,16
296573,0.0,0.0,0.12,0.033,-0.091,0.984,3,16
296623,0.0,0.0,0.12,0.033,-0.091,0.984,3,16
296674,0.0,0.0,0.08,0.030,-0.090,0.984,3,16
296724,0.0,0.0,0.08,0.029,-0.089,0.983,3,16
296774,0.0,0.0,0.09,0.030,-0.090,0.984,3,16
296824,0.0,0.0,0.08,0.031,-0.090,0.984,3,16
296874,0.0,0.0,0.08,0.032,-0.089,0.984,3,16
296924,0.0,0.0,0.08,0.032,-0.089,0.984,3,16
296974,0.0,0.0,0.04,0.030,-0.089,0.984,3,16
297024,0.0,0.0,0.03,0.030,-0.091,0.983,3,16
297074,0.0,0.0,0.10,0.032,-0.090,0.984,3,16
297124,0.0,0.0,0.17,0.032,-0.090,0.983,3,16
297175,0.0,0.0,0.05,0.032,-0.089,0.983,3,16
297225,0.0,0.0,0.05,0.032,-0.089,0.983,3,16
297275,0.0,0.0,0.04,0.031,-0.090,0.982,3,16
297325,0.0,0.0,0.04,0.031,-0.090,0.986,3,16
297375,0.0,0.0,0.07,0.031,-0.090,0.982,3,16
297425,0.0,0.0,0.00,0.030,-0.089,0.984,3,16
297475,0.0,0.0,0.06,0.031,-0.088,0.983,3,16
297525,0.0,0.0,0.06,0.031,-0.088,0.983,3,16
297575,0.0,0.0,0.04,0.033,-0.090,0.985,3,16
297625,0.0,0.0,0.06,0.031,-0.091,0.983,3,16
297676,0.0,0.0,0.03,0.029,-0.090,0.984,3,16
297726,0.0,0.0,0.09,0.028,-0.089,0.983,3,16
297776,0.0,0.0,0.15,0.031,-0.088,0.984,3,16
297826,0.0,0.0,0.04,0.033,-0.089,0.984,3,16
297876,0.0,0.0,0.04,0.033,-0.089,0.984,3,16
297926,0.0,0.0,0.09,0.031,-0.091,0.984,3,16
297976,0.0,0.0,0.13,0.030,-0.091,0.983,3,16
298026,0.0,0.0,0.22,0.030,-0.091,0.984,3,16
298076,0.0,0.0,0.23,0.031,-0.089,0.984,3,16
298126,0.0,0.0,0.21,0.033,-0.089,0.984,3,16
298177,0.0,0.0,0.21,0.033,-0.089,0.984,3,16
298227,0.0,0.0,0.13,0.031,-0.091,0.984,3,16
298277,0.0,0.0,0.02,0.028,-0.092,0.984,3,16
298327,0.0,0.0,0.11,0.028,-0.089,0.984,3,16
298377,0.0,0.0,0.04,0.034,-0.086,0.983,3,16
298427,0.0,0.0,0.05,0.034,-0.090,0.982,3,16
298477,0.0,0.0,0.05,0.034,-0.090,0.982,3,16
298527,0.0,0.0,0.08,0.028,-0.096,0.983,3,16
298577,0.0,0.0,0.04,0.029,-0.091,0.986,3,16
298627,0.0,0.0,0.11,0.030,-0.084,0.985,3,16
298688,0.0,0.0,0.11,0.032,-0.087,0.982,3,16
298738,0.0,0.0,0.23,0.032,-0.096,0.984,3,16
298788,0.0,0.0,0.16,0.031,-0.094,0.985,3,16
298838,0.0,0.0,0.02,0.031,-0.089,0.983,3,16
298888,0.0,0.0,0.18,0.030,-0.087,0.985,3,16
298938,0.0,0.0,0.18,0.030,-0.087,0.985,3,16
298988,0.0,0.0,0.05,0.028,-0.088,0.984,3,16
299038,0.0,0.0,0.07,0.029,-0.089,0.984,3,16
299088,0.0,0.0,0.03,0.033,-0.092,0.982,3,16
299138,0.0,0.0,0.02,0.035,-0.093,0.984,3,16
299189,0.0,0.0,0.05,0.031,-0.089,0.983,3,16
299240,0.0,0.0,0.05,0.031,-0.089,0.983,3,16
299289,0.0,0.0,0.02,0.028,-0.087,0.984,3,16
299339,0.0,0.0,0.02,0.032,-0.092,0.983,3,16
299390,0.0,0.0,0.02,0.033,-0.093,0.984,3,16
299439,0.0,0.0,0.05,0.032,-0.090,0.984,3,16
299489,0.0,0.0,0.04,0.030,-0.087,0.985,3,16
299541,0.0,0.0,0.04,0.030,-0.087,0.985,3,16
299590,0.0,0.0,0.01,0.030,-0.089,0.985,3,16
299640,0.0,0.0,0.05,0.031,-0.092,0.983,3,16
299694,0.0,0.0,0.04,0.032,-0.091,0.984,3,16
299743,0.0,0.0,0.02,0.031,-0.089,0.984,3,16
299793,0.0,0.0,0.05,0.031,-0.087,0.984,3,16
299845,0.0,0.0,0.05,0.031,-0.087,0.984,3,16
299894,0.0,0.0,0.05,0.031,-0.090,0.984,3,16
299944,0.0,0.0,0.05,0.031,-0.090,0.984,3,16
299996,0.0,0.0,0.06,0.031,-0.091,0.984,3,16
300045,0.0,0.0,0.04,0.032,-0.091,0.983,3,16
300095,0.0,0.0,0.03,0.031,-0.089,0.983,3,16
300146,0.0,0.0,0.03,0.031,-0.089,0.983,3,16
300199,0.0,0.0,0.06,0.029,-0.088,0.983,3,16
300248,0.0,0.0,0.02,0.034,-0.091,0.983,3,16
300298,0.0,0.0,0.09,0.036,-0.092,0.983,3,16
300349,0.0,0.0,0.02,0.036,-0.091,0.983,3,16
300398,0.0,0.0,0.08,0.029,-0.088,0.985,3,16
300448,0.0,0.0,0.07,0.024,-0.088,0.984,3,16
300499,0.0,0.0,0.07,0.024,-0.088,0.984,3,16
300548,0.0,0.0,0.10,0.028,-0.092,0.984,3,16
300598,0.0,0.0,0.06,0.034,-0.092,0.984,3,16
300649,0.0,0.0,0.03,0.036,-0.091,0.983,3,16
300699,0.0,0.0,0.14,0.034,-0.087,0.983,3,16
300749,0.0,0.0,0.09,0.030,-0.089,0.983,3,16
300799,0.0,0.0,0.09,0.030,-0.089,0.983,3,16
300849,0.0,0.0,0.04,0.029,-0.090,0.983,3,16
300899,0.0,0.0,0.02,0.029,-0.090,0.984,3,16
300949,0.0,0.0,0.06,0.030,-0.091,0.985,3,16
300999,0.0,0.0,0.10,0.031,-0.091,0.984,3,16
301049,0.0,0.0,0.07,0.030,-0.091,0.984,3,16
301099,0.0,0.0,0.07,0.030,-0.091,0.984,3,16
301149,0.0,0.0,0.12,0.030,-0.091,0.984,3,16
301200,0.0,0.0,0.15,0.031,-0.089,0.983,3,16
301250,0.0,0.0,0.13,0.032,-0.086,0.984,3,16
301300,0.0,0.0,0.20,0.031,-0.085,0.983,3,16
301350,0.0,0.0,0.13,0.029,-0.091,0.983,3,16
301400,0.0,0.0,0.13,0.029,-0.091,0.983,3,16
301450,0.0,0.0,0.18,0.035,-0.092,0.985,3,16
301500,0.0,0.0,0.16,0.034,-0.088,0.983,3,16
301550,0.0,0.0,0.08,0.032,-0.086,0.983,3,16
301600,0.0,0.0,0.07,0.027,-0.090,0.984,3,16
301650,0.0,0.0,0.07,0.031,-0.092,0.984,3,16
301701,0.0,0.0,0.07,0.031,-0.092,0.984,3,16
301751,0.0,0.0,0.06,0.033,-0.089,0.983,3,16
301801,0.0,0.0,0.06,0.032,-0.088,0.984,3,16
301851,0.0,0.0,0.06,0.032,-0.088,0.984,3,16
301901,0.0,0.0,0.08,0.028,-0.090,0.984,3,16
301951,0.0,0.0,0.16,0.030,-0.089,0.984,3,16
302001,0.0,0.0,0.16,0.030,-0.089,0.984,3,16
302051,0.0,0.0,0.10,0.033,-0.089,0.983,3,16
302101,0.0,0.0,0.07,0.033,-0.089,0.983,3,16
302151,0.0,0.0,0.12,0.031,-0.090,0.984,3,16
302202,0.0,0.0,0.04,0.029,-0.090,0.984,3,16
302252,0.0,0.0,0.12,0.032,-0.090,0.983,3,16
302302,0.0,0.0,0.12,0.032,-0.090,0.983,3,16
302352,0.0,0.0,0.05,0.032,-0.089,0.984,3,16
302402,0.0,0.0,0.01,0.032,-0.089,0.984,3,16
302452,0.0,0.0,0.05,0.031,-0.088,0.982,3,16
302502,0.0,0.0,0.04,0.030,-0.089,0.984,3,16
302552,0.0,0.0,0.05,0.030,-0.090,0.985,3,16
302602,0.0,0.0,0.05,0.030,-0.090,0.985,3,16
302652,0.0,0.0,0.07,0.031,-0.093,0.985,3,16
302703,0.0,0.0,0.03,0.029,-0.091,0.979,3,16
302759,0.0,0.0,0.05,0.031,-0.089,0.982,3,16
302809,0.0,0.0,0.02,0.033,-0.082,0.975,3,16
302859,0.0,0.0,0.06,0.033,-0.091,0.982,3,16
302909,0.0,0.0,0.06,0.033,-0.091,0.982,3,16
302959,0.0,0.0,0.04,0.024,-0.096,0.987,3,16
303009,0.0,0.0,0.04,0.025,-0.083,0.979,3,16
303059,0.0,0.0,0.04,0.025,-0.083,0.979,3,16
303109,0.0,0.0,0.03,0.039,-0.092,0.981,3,16
303159,0.0,0.0,0.07,0.040,-0.098,0.979,3,16
303212,0.0,0.0,0.07,0.040,-0.098,0.979,3,16
303261,0.0,0.0,0.08,0.032,-0.091,0.980,3,16
303311,0.0,0.0,0.05,0.026,-0.084,0.985,3,16
303361,0.0,0.0,0.05,0.026,-0.084,0.985,3,16
303411,0.0,0.0,0.03,0.030,-0.091,0.984,3,16
303461,0.0,0.0,0.04,0.034,-0.094,0.983,3,16
303511,0.0,0.0,0.04,0.034,-0.094,0.983,3,16
303561,0.0,0.0,0.04,0.032,-0.089,0.984,3,16
303611,0.0,0.0,0.03,0.030,-0.089,0.982,3,16
303661,0.0,0.0,0.03,0.030,-0.089,0.982,3,16
303714,0.0,0.0,0.01,0.031,-0.091,0.984,3,16
303764,0.0,0.0,0.03,0.031,-0.091,0.982,3,16
303815,0.0,0.0,0.03,0.031,-0.091,0.982,3,16
303864,0.0,0.0,0.05,0.031,-0.089,0.983,3,16
303914,0.0,0.0,0.07,0.031,-0.090,0.984,3,16
303965,0.0,0.0,0.07,0.031,-0.090,0.984,3,16
304014,0.0,0.0,0.09,0.031,-0.091,0.983,3,16
304064,0.0,0.0,0.09,0.031,-0.089,0.983,3,16
304115,0.0,0.0,0.09,0.031,-0.089,0.983,3,16
304164,0.0,0.0,0.09,0.031,-0.089,0.984,3,16
304215,0.0,0.0,0.09,0.031,-0.090,0.984,3,16
304265,0.0,0.0,0.09,0.031,-0.090,0.984,3,16
304315,0.0,0.0,0.02,0.031,-0.090,0.983,3,16
304365,0.0,0.0,0.01,0.031,-0.090,0.984,3,16
304415,0.0,0.0,0.01,0.031,-0.090,0.984,3,16
304465,0.0,0.0,0.07,0.031,-0.089,0.983,3,16
304515,0.0,0.0,0.04,0.031,-0.090,0.983,3,16
304565,0.0,0.0,0.04,0.031,-0.090,0.983,3,16
304615,0.0,0.0,0.06,0.031,-0.090,0.984,3,16
304665,0.0,0.0,0.03,0.031,-0.090,0.983,3,16
304716,0.0,0.0,0.03,0.031,-0.090,0.983,3,16
304766,0.0,0.0,0.05,0.031,-0.090,0.984,3,16
304816,0.0,0.0,0.02,0.031,-0.090,0.984,3,16
304868,0.0,0.0,0.04,0.031,-0.090,0.984,3,16
304918,0.0,0.0,0.01,0.031,-0.090,0.984,3,16
304968,0.0,0.0,0.02,0.031,-0.090,0.984,3,16
305018,0.0,0.0,0.02,0.031,-0.090,0.984,3,16
305068,0.0,0.0,0.06,0.031,-0.090,0.984,3,16
305118,0.0,0.0,0.09,0.031,-0.090,0.984,3,16
305168,0.0,0.0,0.10,0.031,-0.090,0.983,3,16
305222,0.0,0.0,0.07,0.031,-0.090,0.984,3,16
305272,0.0,0.0,0.09,0.031,-0.089,0.984,3,16
305322,0.0,0.0,0.09,0.031,-0.089,0.984,3,16
305372,0.0,0.0,0.01,0.031,-0.090,0.984,3,16
305422,0.0,0.0,0.05,0.031,-0.090,0.983,3,16
305472,0.0,0.0,0.05,0.031,-0.090,0.984,3,16
305522,0.0,0.0,0.05,0.031,-0.090,0.984,3,16
305572,0.0,0.0,0.02,0.031,-0.090,0.984,3,16
305623,0.0,0.0,0.02,0.031,-0.090,0.984,3,16
305672,0.0,0.0,0.02,0.031,-0.089,0.984,3,16
305723,0.0,0.0,0.02,0.031,-0.090,0.984,3,16
305773,0.0,0.0,0.04,0.031,-0.090,0.984,3,16
305823,0.0,0.0,0.07,0.032,-0.090,0.984,3,16
305873,0.0,0.0,0.04,0.031,-0.090,0.984,3,16
305923,0.0,0.0,0.04,0.031,-0.090,0.984,3,16
305973,0.0,0.0,0.03,0.031,-0.090,0.983,3,16
306023,0.0,0.0,0.02,0.031,-0.090,0.984,3,16
306073,0.0,0.0,0.02,0.031,-0.090,0.984,3,16
306123,0.0,0.0,0.03,0.031,-0.090,0.984,3,16
306173,0.0,0.0,0.04,0.031,-0.090,0.984,3,16
306224,0.0,0.0,0.04,0.031,-0.090,0.984,3,16
306274,0.0,0.0,0.06,0.031,-0.090,0.984,3,16
306324,0.0,0.0,0.09,0.031,-0.090,0.983,3,16
306374,0.0,0.0,0.07,0.031,-0.090,0.983,3,16
306424,0.0,0.0,0.06,0.031,-0.090,0.983,3,16
306474,0.0,0.0,0.03,0.031,-0.089,0.984,3,16
306524,0.0,0.0,0.03,0.031,-0.089,0.984,3,16
306574,0.0,0.0,0.04,0.031,-0.090,0.983,3,16
306624,0.0,0.0,0.06,0.031,-0.090,0.983,3,16
306674,0.0,0.0,0.04,0.031,-0.090,0.984,3,16
306725,0.0,0.0,0.05,0.031,-0.089,0.983,3,16
306775,0.0,0.0,0.04,0.031,-0.090,0.984,3,16
306825,0.0,0.0,0.04,0.031,-0.090,0.984,3,16
306875,0.0,0.0,0.03,0.031,-0.090,0.984,3,16
306925,0.0,0.0,0.07,0.032,-0.090,0.984,3,16
306975,0.0,0.0,0.01,0.032,-0.090,0.984,3,16
307025,0.0,0.0,0.00,0.031,-0.089,0.984,3,16
307075,0.0,0.0,0.01,0.030,-0.089,0.984,3,16
307125,0.0,0.0,0.01,0.030,-0.089,0.984,3,16
307175,0.0,0.0,0.04,0.031,-0.091,0.984,3,16
307226,0.0,0.0,0.09,0.032,-0.089,0.984,3,16
307276,0.0,0.0,0.05,0.031,-0.088,0.984,3,16
307326,0.0,0.0,0.09,0.030,-0.089,0.984,3,16
307376,0.0,0.0,0.08,0.030,-0.091,0.983,3,16
307426,0.0,0.0,0.08,0.030,-0.091,0.983,3,16
307476,0.0,0.0,0.04,0.031,-0.090,0.983,3,16
307526,0.0,0.0,0.09,0.032,-0.090,0.983,3,16
307576,0.0,0.0,0.04,0.032,-0.090,0.984,3,16
307626,0.0,0.0,0.04,0.031,-0.091,0.984,3,16
307676,0.0,0.0,0.09,0.031,-0.091,0.984,3,16
307727,0.0,0.0,0.09,0.031,-0.091,0.984,3,16
307777,0.0,0.0,0.06,0.032,-0.091,0.983,3,16
307827,0.0,0.0,0.04,0.031,-0.088,0.984,3,16
307877,0.0,0.0,0.08,0.029,-0.087,0.982,3,16
307927,0.0,0.0,0.09,0.030,-0.088,0.984,3,16
307977,0.0,0.0,0.05,0.031,-0.091,0.983,3,16
308027,0.0,0.0,0.05,0.031,-0.091,0.983,3,16
308077,0.0,0.0,0.06,0.032,-0.092,0.985,3,16
308127,0.0,0.0,0.12,0.031,-0.090,0.983,3,16
308177,0.0,0.0,0.08,0.031,-0.089,0.983,3,16
308228,0.0,0.0,0.02,0.031,-0.089,0.985,3,16
308278,0.0,0.0,0.02,0.031,-0.090,0.984,3,16
308328,0.0,0.0,0.01,0.030,-0.090,0.983,3,16
308378,0.0,0.0,0.01,0.030,-0.090,0.983,3,16
308428,0.0,0.0,0.03,0.031,-0.090,0.984,3,16
308478,0.0,0.0,0.06,0.031,-0.090,0.983,3,16
308528,0.0,0.0,0.05,0.032,-0.090,0.984,3,16
308578,0.0,0.0,0.03,0.031,-0.089,0.983,3,16
308628,0.0,0.0,0.02,0.030,-0.089,0.983,3,16
308678,0.0,0.0,0.02,0.030,-0.089,0.983,3,16
308739,0.0,0.0,0.07,0.031,-0.090,0.984,3,16
308789,0.0,0.0,0.04,0.031,-0.089,0.983,3,16
308839,0.0,0.0,0.04,0.031,-0.089,0.983,3,16
308889,0.0,0.0,0.04,0.031,-0.090,0.984,3,16
308939,0.0,0.0,0.02,0.031,-0.090,0.984,3,16
308989,0.0,0.0,0.05,0.030,-0.090,0.983,3,16
309039,0.0,0.0,0.05,0.030,-0.090,0.983,3,16
309089,0.0,0.0,0.05,0.032,-0.090,0.984,3,16
309139,0.0,0.0,0.05,0.032,-0.090,0.984,3,16
309189,0.0,0.0,0.02,0.032,-0.090,0.983,3,16
309240,0.0,0.0,0.02,0.030,-0.092,0.986,3,16
309292,0.0,0.0,0.08,0.029,-0.089,0.980,3,16
309341,0.0,0.0,0.08,0.029,-0.089,0.980,3,16
309391,0.0,0.0,0.09,0.032,-0.089,0.980,3,16
309441,0.0,0.0,0.09,0.032,-0.089,0.980,3,16
309491,0.0,0.0,0.03,0.031,-0.092,0.986,3,16
309541,0.0,0.0,0.02,0.030,-0.092,0.987,3,16
309592,0.0,0.0,0.02,0.031,-0.093,0.986,3,16
309641,0.0,0.0,0.02,0.031,-0.093,0.986,3,16
309691,0.0,0.0,0.03,0.032,-0.089,0.984,3,16
309744,0.0,0.0,0.03,0.032,-0.089,0.984,3,16
309794,0.0,0.0,0.02,0.031,-0.087,0.982,3,16
309844,0.0,0.0,0.04,0.031,-0.091,0.984,3,16
309896,0.0,0.0,0.04,0.032,-0.092,0.983,3,16
309945,0.0,0.0,0.02,0.031,-0.091,0.982,3,16
309995,0.0,0.0,0.01,0.030,-0.088,0.985,3,16
310046,0.0,0.0,0.01,0.030,-0.088,0.985,3,16
310095,0.0,0.0,0.04,0.032,-0.089,0.985,3,16
310145,0.0,0.0,0.07,0.032,-0.092,0.984,3,16
310196,0.0,0.0,0.12,0.032,-0.092,0.982,3,16
310248,0.0,0.0,0.06,0.031,-0.090,0.983,3,16
310298,0.0,0.0,0.04,0.031,-0.089,0.984,3,16
310348,0.0,0.0,0.08,0.033,-0.092,0.983,3,16
310398,0.0,0.0,0.08,0.033,-0.092,0.983,3,16
310448,0.0,0.0,0.17,0.030,-0.091,0.984,3,16
310498,0.0,0.0,0.22,0.029,-0.088,0.984,3,16
310548,0.0,0.0,0.05,0.030,-0.087,0.984,3,16
310598,0.0,0.0,0.13,0.032,-0.090,0.983,3,16
310648,0.0,0.0,0.04,0.031,-0.091,0.983,3,16
310698,0.0,0.0,0.04,0.031,-0.091,0.983,3,16
310749,0.0,0.0,0.13,0.031,-0.089,0.984,3,16
310799,0.0,0.0,0.10,0.031,-0.089,0.984,3,16
310850,0.0,0.0,0.01,0.031,-0.089,0.983,3,16
310899,0.0,0.0,0.04,0.031,-0.090,0.983,3,16
310949,0.0,0.0,0.03,0.031,-0.090,0.985,3,16
311000,0.0,0.0,0.03,0.031,-0.090,0.985,3,16
311049,0.0,0.0,0.07,0.030,-0.089,0.984,3,16
311099,0.0,0.0,0.03,0.030,-0.089,0.984,3,16
311150,0.0,0.0,0.01,0.031,-0.090,0.983,3,16
311199,0.0,0.0,0.06,0.031,-0.090,0.984,3,16
311250,0.0,0.0,0.04,0.032,-0.089,0.983,3,16
311300,0.0,0.0,0.04,0.032,-0.089,0.983,3,16
311350,0.0,0.0,0.05,0.030,-0.090,0.983,3,16
311400,0.0,0.0,0.04,0.030,-0.091,0.984,3,16
311450,0.0,0.0,0.04,0.030,-0.091,0.984,3,16
311500,0.0,0.0,0.10,0.032,-0.092,0.984,3,16
311550,0.0,0.0,0.18,0.032,-0.090,0.982,3,16
311600,0.0,0.0,0.18,0.032,-0.090,0.982,3,16
311650,0.0,0.0,0.04,0.030,-0.089,0.983,3,16
311700,0.0,0.0,0.02,0.030,-0.087,0.984,3,16
311751,0.0,0.0,0.11,0.029,-0.087,0.984,3,16
311801,0.0,0.0,0.04,0.033,-0.092,0.982,3,16
311851,0.0,0.0,0.13,0.032,-0.091,0.984,3,16
311901,0.0,0.0,0.13,0.032,-0.091,0.984,3,16
311951,0.0,0.0,0.07,0.030,-0.088,0.986,3,16
312001,0.0,0.0,0.05,0.029,-0.088,0.983,3,16
312051,0.0,0.0,0.07,0.030,-0.090,0.983,3,16
312101,0.0,0.0,0.03,0.031,-0.091,0.984,3,16
312151,0.0,0.0,0.03,0.032,-0.091,0.984,3,16
312201,0.0,0.0,0.03,0.032,-0.091,0.984,3,16
312252,0.0,0.0,0.03,0.031,-0.089,0.984,3,16
312302,0.0,0.0,0.03,0.031,-0.089,0.984,3,16
312352,0.0,0.0,0.01,0.030,-0.090,0.983,3,16
312402,0.0,0.0,0.07,0.031,-0.091,0.984,3,16
312452,0.0,0.0,0.04,0.031,-0.090,0.984,3,16
312502,0.0,0.0,0.04,0.031,-0.090,0.984,3,16
312552,0.0,0.0,0.06,0.030,-0.089,0.983,3,16
312602,0.0,0.0,0.06,0.030,-0.090,0.983,3,16
312652,0.0,0.0,0.06,0.030,-0.090,0.983,3,16
312702,0.0,0.0,0.06,0.031,-0.090,0.983,3,16
312753,0.0,0.0,0.05,0.031,-0.090,0.984,3,16
312803,0.0,0.0,0.05,0.031,-0.090,0.984,3,16
312853,0.0,0.0,0.09,0.031,-0.090,0.983,3,16
312903,0.0,0.0,0.04,0.031,-0.090,0.984,3,16
312953,0.0,0.0,0.01,0.031,-0.090,0.984,3,16
313003,0.0,0.0,0.04,0.032,-0.090,0.984,3,16
313053,0.0,0.0,0.04,0.030,-0.090,0.984,3,16
313103,0.0,0.0,0.04,0.030,-0.090,0.984,3,16
313153,0.0,0.0,0.03,0.029,-0.090,0.984,3,16
313203,0.0,0.0,0.07,0.030,-0.090,0.984,3,16
313257,0.0,0.0,0.04,0.031,-0.090,0.984,3,16
313307,0.0,0.0,0.03,0.033,-0.091,0.984,3,16
313357,0.0,0.0,0.16,0.032,-0.090,0.983,3,16
313410,0.0,0.0,0.16,0.032,-0.090,0.983,3,16
313460,0.0,0.0,0.13,0.029,-0.089,0.983,3,16
313510,0.0,0.0,0.01,0.031,-0.090,0.986,3,16
313560,0.0,0.0,0.01,0.031,-0.090,0.986,3,16
313610,0.0,0.0,0.12,0.032,-0.091,0.983,3,16
313660,0.0,0.0,0.05,0.032,-0.090,0.980,3,16
313710,0.0,0.0,0.05,0.032,-0.090,0.980,3,16
313764,0.0,0.0,0.09,0.031,-0.089,0.988,3,16
313814,0.0,0.0,0.05,0.031,-0.089,0.982,3,16
313864,0.0,0.0,0.05,0.031,-0.089,0.982,3,16
313914,0.0,0.0,0.05,0.032,-0.090,0.987,3,16
313964,0.0,0.0,0.13,0.031,-0.090,0.984,3,16
314014,0.0,0.0,0.13,0.031,-0.090,0.984,3,16
314064,0.0,0.0,0.06,0.030,-0.090,0.982,3,16
314114,0.0,0.0,0.05,0.031,-0.089,0.985,3,16
314164,0.0,0.0,0.05,0.031,-0.089,0.985,3,16
314214,0.0,0.0,0.10,0.031,-0.090,0.983,3,16
314265,0.0,0.0,0.08,0.031,-0.090,0.984,3,16
314316,0.0,0.0,0.08,0.031,-0.090,0.984,3,16
314365,0.0,0.0,0.06,0.031,-0.089,0.984,3,16
314415,0.0,0.0,0.00,0.030,-0.089,0.984,3,16
314465,0.0,0.0,0.00,0.030,-0.089,0.984,3,16
314515,0.0,0.0,0.07,0.030,-0.090,0.984,3,16
314565,0.0,0.0,0.08,0.031,-0.090,0.983,3,16
314616,0.0,0.0,0.08,0.031,-0.090,0.983,3,16
314665,0.0,0.0,0.08,0.031,-0.089,0.984,3,16
314715,0.0,0.0,0.05,0.031,-0.090,0.984,3,16
314767,0.0,0.0,0.05,0.031,-0.090,0.984,3,16
314817,0.0,0.0,0.04,0.031,-0.090,0.984,3,16
314867,0.0,0.0,0.03,0.031,-0.089,0.984,3,16
314919,0.0,0.0,0.03,0.031,-0.089,0.984,3,16
314969,0.0,0.0,0.06,0.031,-0.090,0.984,3,16
315019,0.0,0.0,0.04,0.031,-0.090,0.983,3,16
315069,0.0,0.0,0.11,0.031,-0.090,0.984,3,16
315119,0.0,0.0,0.06,0.031,-0.090,0.984,3,16
315169,0.0,0.0,0.05,0.031,-0.090,0.983,3,16
315219,0.0,0.0,0.05,0.031,-0.090,0.983,3,16
315273,0.0,0.0,0.07,0.031,-0.089,0.984,3,16
315323,0.0,0.0,0.08,0.032,-0.090,0.983,3,16
315373,0.0,0.0,0.07,0.032,-0.090,0.983,3,16
315423,0.0,0.0,0.02,0.031,-0.090,0.983,3,16
315473,0.0,0.0,0.06,0.031,-0.090,0.984,3,16
315523,0.0,0.0,0.06,0.031,-0.090,0.984,3,16
315573,0.0,0.0,0.07,0.031,-0.089,0.984,3,16
315623,0.0,0.0,0.02,0.031,-0.090,0.984,3,16
315673,0.0,0.0,0.04,0.031,-0.090,0.984,3,16
315723,0.0,0.0,0.04,0.031,-0.090,0.984,3,16
315774,0.0,0.0,0.04,0.031,-0.090,0.984,3,16
315824,0.0,0.0,0.04,0.031,-0.090,0.984,3,16
315874,0.0,0.0,0.03,0.031,-0.089,0.984,3,16
315924,0.0,0.0,0.01,0.032,-0.090,0.984,3,16
315974,0.0,0.0,0.07,0.031,-0.090,0.984,3,16
316024,0.0,0.0,0.08,0.031,-0.090,0.984,3,16
316074,0.0,0.0,0.05,0.031,-0.090,0.984,3,16
316124,0.0,0.0,0.05,0.031,-0.090,0.984,3,16
316174,0.0,0.0,0.08,0.031,-0.090,0.984,3,16
316224,0.0,0.0,0.03,0.031,-0.090,0.984,3,16
316275,0.0,0.0,0.06,0.031,-0.090,0.983,3,16
316325,0.0,0.0,0.03,0.031,-0.090,0.984,3,16
316375,0.0,0.0,0.01,0.031,-0.089,0.984,3,16
316425,0.0,0.0,0.01,0.031,-0.089,0.984,3,16
316475,0.0,0.0,0.09,0.031,-0.090,0.984,3,16
316525,0.0,0.0,0.07,0.031,-0.090,0.984,3,16
316575,0.0,0.0,0.02,0.031,-0.090,0.984,3,16
316625,0.0,0.0,0.01,0.031,-0.090,0.984,3,16
316675,0.0,0.0,0.01,0.031,-0.090,0.984,3,16
316725,0.0,0.0,0.01,0.031,-0.090,0.984,3,16
316776,0.0,0.0,0.01,0.031,-0.090,0.984,3,16
316826,0.0,0.0,0.04,0.031,-0.090,0.984,3,16
316876,0.0,0.0,0.06,0.031,-0.089,0.984,3,16
316926,0.0,0.0,0.04,0.031,-0.090,0.984,3,16
316976,0.0,0.0,0.04,0.031,-0.090,0.984,3,16
317026,0.0,0.0,0.04,0.031,-0.090,0.984,3,16
317076,0.0,0.0,0.02,0.031,-0.090,0.984,3,16
317126,0.0,0.0,0.01,0.031,-0.090,0.984,3,16
317176,0.0,0.0,0.06,0.031,-0.090,0.984,3,16
317226,0.0,0.0,0.06,0.031,-0.090,0.984,3,16
317277,0.0,0.0,0.07,0.031,-0.090,0.984,3,16
317327,0.0,0.0,0.07,0.031,-0.090,0.984,3,16
317377,0.0,0.0,0.00,0.031,-0.090,0.984,3,16
317427,0.0,0.0,0.02,0.031,-0.090,0.984,3,16
317477,0.0,0.0,0.01,0.031,-0.090,0.984,3,16
317527,0.0,0.0,0.01,0.031,-0.090,0.984,3,16
317577,0.0,0.0,0.02,0.031,-0.090,0.984,3,16
317627,0.0,0.0,0.02,0.031,-0.090,0.984,3,16
317677,0.0,0.0,0.02,0.031,-0.090,0.984,3,16
317727,0.0,0.0,0.01,0.031,-0.090,0.984,3,16
317778,0.0,0.0,0.04,0.031,-0.090,0.984,3,16
317828,0.0,0.0,0.04,0.031,-0.090,0.984,3,16
317878,0.0,0.0,0.08,0.031,-0.090,0.984,3,16
317928,0.0,0.0,0.08,0.031,-0.090,0.984,3,16
317978,0.0,0.0,0.04,0.031,-0.090,0.984,3,16
318028,0.0,0.0,0.04,0.032,-0.090,0.984,3,16
318078,0.0,0.0,0.04,0.031,-0.090,0.984,3,16
318128,0.0,0.0,0.04,0.031,-0.090,0.984,3,16
318178,0.0,0.0,0.04,0.031,-0.090,0.984,3,16
318228,0.0,0.0,0.04,0.031,-0.090,0.984,3,16
318279,0.0,0.0,0.01,0.031,-0.090,0.983,3,16
318329,0.0,0.0,0.06,0.031,-0.090,0.983,3,16
318379,0.0,0.0,0.15,0.031,-0.090,0.984,3,16
318429,0.0,0.0,0.06,0.031,-0.090,0.984,3,16
318479,0.0,0.0,0.09,0.031,-0.090,0.984,3,16
318529,0.0,0.0,0.02,0.031,-0.090,0.983,3,16
318579,0.0,0.0,0.02,0.031,-0.090,0.983,3,16
318629,0.0,0.0,0.08,0.031,-0.090,0.984,3,16
318679,0.0,0.0,0.04,0.031,-0.090,0.984,3,16
318729,0.0,0.0,0.04,0.031,-0.090,0.984,3,16
318790,0.0,0.0,0.04,0.031,-0.090,0.984,3,16
318840,0.0,0.0,0.03,0.031,-0.089,0.984,3,16
318890,0.0,0.0,0.01,0.031,-0.090,0.983,3,16
318940,0.0,0.0,0.02,0.031,-0.090,0.983,3,16
318990,0.0,0.0,0.05,0.031,-0.089,0.984,3,16
319040,0.0,0.0,0.05,0.031,-0.089,0.984,3,16
319090,0.0,0.0,0.04,0.031,-0.089,0.984,3,16
319140,0.0,0.0,0.04,0.031,-0.090,0.984,3,16
319190,0.0,0.0,0.05,0.031,-0.090,0.984,3,16
319240,0.0,0.0,0.02,0.031,-0.090,0.984,3,16
319291,0.0,0.0,0.04,0.031,-0.089,0.984,3,16
319342,0.0,0.0,0.04,0.031,-0.089,0.984,3,16
319392,0.0,0.0,0.17,0.031,-0.089,0.984,3,16
319442,0.0,0.0,0.04,0.031,-0.090,0.984,3,16
319492,0.0,0.0,0.03,0.031,-0.090,0.984,3,16
319542,0.0,0.0,0.08,0.031,-0.090,0.984,3,16
319592,0.0,0.0,0.06,0.032,-0.089,0.984,3,16
319642,0.0,0.0,0.06,0.032,-0.089,0.984,3,16
319692,0.0,0.0,0.05,0.031,-0.090,0.984,3,16
319742,0.0,0.0,0.06,0.031,-0.090,0.984,3,16
319795,0.0,0.0,0.04,0.031,-0.090,0.984,3,16
319845,0.0,0.0,0.09,0.031,-0.090,0.983,3,16
319895,0.0,0.0,0.03,0.031,-0.090,0.984,3,16
319946,0.0,0.0,0.03,0.031,-0.090,0.984,3,16
319996,0.0,0.0,0.06,0.031,-0.089,0.984,3,16
320046,0.0,0.0,0.06,0.031,-0.090,0.984,3,16
320097,0.0,0.0,0.05,0.031,-0.090,0.983,3,16
320146,0.0,0.0,0.02,0.031,-0.090,0.984,3,16
320196,0.0,0.0,0.05,0.031,-0.089,0.984,3,16
320246,0.0,0.0,0.05,0.031,-0.089,0.984,3,16
320297,0.0,0.0,0.06,0.031,-0.090,0.984,3,16
320347,0.0,0.0,0.09,0.031,-0.090,0.984,3,16
320397,0.0,0.0,0.03,0.031,-0.090,0.984,3,16
320447,0.0,0.0,0.02,0.031,-0.090,0.984,3,16
320497,0.0,0.0,0.05,0.031,-0.090,0.984,3,16
320547,0.0,0.0,0.05,0.031,-0.090,0.984,3,16
320597,0.0,0.0,0.04,0.031,-0.090,0.984,3,16
320647,0.0,0.0,0.08,0.031,-0.090,0.984,3,16
320697,0.0,0.0,0.11,0.031,-0.090,0.984,3,16
320747,0.0,0.0,0.01,0.032,-0.089,0.984,3,16
320798,0.0,0.0,0.15,0.031,-0.089,0.984,3,16
320848,0.0,0.0,0.15,0.031,-0.089,0.984,3,16
320898,0.0,0.0,0.11,0.031,-0.090,0.984,3,16
320948,0.0,0.0,0.04,0.031,-0.090,0.984,3,16
320998,0.0,0.0,0.03,0.032,-0.090,0.984,3,16
321048,0.0,0.0,0.02,0.031,-0.089,0.983,3,16
321098,0.0,0.0,0.01,0.031,-0.089,0.984,3,16
321148,0.0,0.0,0.01,0.031,-0.089,0.984,3,16
321198,0.0,0.0,0.01,0.031,-0.090,0.983,3,16
321248,0.0,0.0,0.12,0.031,-0.090,0.984,3,16
321299,0.0,0.0,0.02,0.031,-0.090,0.984,3,16
321349,0.0,0.0,0.04,0.031,-0.090,0.984,3,16
321399,0.0,0.0,0.02,0.031,-0.090,0.984,3,16
321449,0.0,0.0,0.06,0.031,-0.090,0.984,3,16
321499,0.0,0.0,0.06,0.031,-0.090,0.984,3,16
321549,0.0,0.0,0.09,0.031,-0.090,0.984,3,16
321599,0.0,0.0,0.12,0.031,-0.090,0.984,3,16
321649,0.0,0.0,0.04,0.032,-0.090,0.984,3,16
321699,0.0,0.0,0.06,0.031,-0.090,0.984,3,16
321749,0.0,0.0,0.08,0.031,-0.090,0.984,3,16
321801,0.0,0.0,0.08,0.031,-0.090,0.984,3,16
321850,0.0,0.0,0.03,0.031,-0.090,0.984,3,16
321900,0.0,0.0,0.06,0.031,-0.090,0.984,3,16
321951,0.0,0.0,0.04,0.031,-0.090,0.984,3,16
322000,0.0,0.0,0.04,0.031,-0.089,0.984,3,16
322050,0.0,0.0,0.11,0.031,-0.089,0.984,3,16
322101,0.0,0.0,0.11,0.031,-0.089,0.984,3,16
322150,0.0,0.0,0.01,0.031,-0.090,0.984,3,16
322200,0.0,0.0,0.08,0.031,-0.090,0.984,3,16
322251,0.0,0.0,0.09,0.031,-0.090,0.984,3,16
322301,0.0,0.0,0.06,0.031,-0.090,0.984,3,16
322351,0.0,0.0,0.09,0.031,-0.090,0.984,3,16
322401,0.0,0.0,0.09,0.031,-0.090,0.984,3,16
322451,0.0,0.0,0.04,0.031,-0.090,0.984,3,16
322501,0.0,0.0,0.01,0.031,-0.090,0.984,3,16
322551,0.0,0.0,0.05,0.031,-0.089,0.984,3,16
322601,0.0,0.0,0.06,0.031,-0.089,0.984,3,16
322651,0.0,0.0,0.05,0.031,-0.091,0.984,3,16
322701,0.0,0.0,0.05,0.031,-0.091,0.984,3,16
322751,0.0,0.0,0.07,0.031,-0.090,0.984,3,16
322802,0.0,0.0,0.06,0.031,-0.089,0.984,3,16
322852,0.0,0.0,0.07,0.031,-0.089,0.984,3,16
322902,0.0,0.0,0.08,0.031,-0.089,0.984,3,16
322952,0.0,0.0,0.07,0.031,-0.090,0.984,3,16
323002,0.0,0.0,0.07,0.031,-0.090,0.984,3,16
323052,0.0,0.0,0.07,0.031,-0.090,0.984,3,16
323102,0.0,0.0,0.09,0.031,-0.090,0.984,3,16
323152,0.0,0.0,0.01,0.031,-0.090,0.984,3,16
323202,0.0,0.0,0.06,0.031,-0.089,0.984,3,16
323252,0.0,0.0,0.05,0.031,-0.089,0.984,3,16
323303,0.0,0.0,0.05,0.031,-0.089,0.984,3,16
323353,0.0,0.0,0.06,0.031,-0.090,0.984,3,16
323403,0.0,0.0,0.05,0.031,-0.090,0.984,3,16
323453,0.0,0.0,0.02,0.031,-0.090,0.984,3,16
323503,0.0,0.0,0.04,0.031,-0.090,0.984,3,16
323553,0.0,0.0,0.07,0.031,-0.090,0.984,3,16
323603,0.0,0.0,0.07,0.031,-0.090,0.984,3,16
323653,0.0,0.0,0.05,0.031,-0.090,0.984,3,16
323703,0.0,0.0,0.02,0.031,-0.090,0.984,3,16
323753,0.0,0.0,0.02,0.031,-0.090,0.984,3,16
323804,0.0,0.0,0.05,0.031,-0.090,0.984,3,16
323854,0.0,0.0,0.09,0.031,-0.089,0.984,3,16
323904,0.0,0.0,0.09,0.031,-0.089,0.984,3,16
323954,0.0,0.0,0.04,0.032,-0.090,0.984,3,16
324004,0.0,0.0,0.03,0.032,-0.090,0.985,3,16
324054,0.0,0.0,0.07,0.032,-0.089,0.983,3,16
324104,0.0,0.0,0.19,0.030,-0.090,0.984,3,16
324154,0.0,0.0,0.15,0.030,-0.091,0.983,3,16
324204,0.0,0.0,0.15,0.030,-0.091,0.983,3,16
324254,0.0,0.0,0.08,0.034,-0.088,0.984,3,16
324305,0.0,0.0,0.13,0.033,-0.086,0.983,3,16
324361,0.0,0.0,0.12,0.029,-0.088,0.985,3,16
324411,0.0,0.0,0.14,0.028,-0.095,0.985,3,16
324461,0.0,0.0,0.04,0.035,-0.094,0.983,3,16
324511,0.0,0.0,0.04,0.035,-0.094,0.983,3,16
324561,0.0,0.0,0.09,0.031,-0.084,0.984,3,16
324611,0.0,0.0,0.03,0.030,-0.088,0.985,3,16
324661,0.0,0.0,0.03,0.030,-0.088,0.985,3,16
324711,0.0,0.0,0.25,0.032,-0.093,0.983,3,16
324761,0.0,0.0,0.25,0.032,-0.093,0.989,3,16
324813,0.0,0.0,0.25,0.032,-0.093,0.989,3,16
324863,0.0,0.0,0.15,0.032,-0.083,0.983,3,16
324913,0.0,0.0,0.10,0.033,-0.092,0.979,3,16
324963,0.0,0.0,0.10,0.033,-0.092,0.979,3,16
325013,0.0,0.0,0.04,0.031,-0.099,0.987,3,16
325063,0.0,0.0,0.11,0.031,-0.083,0.987,3,16
325113,0.0,0.0,0.11,0.031,-0.083,0.987,3,16
325163,0.0,0.0,0.08,0.033,-0.088,0.983,3,16
325213,0.0,0.0,0.15,0.032,-0.096,0.985,3,16
325263,0.0,0.0,0.15,0.032,-0.096,0.985,3,16
325316,0.0,0.0,0.04,0.028,-0.089,0.984,3,16
325366,0.0,0.0,0.18,0.029,-0.083,0.983,3,16
325416,0.0,0.0,0.18,0.029,-0.083,0.983,3,16
325466,0.0,0.0,0.08,0.030,-0.087,0.982,3,16
325516,0.0,0.0,0.18,0.032,-0.094,0.984,3,16
325567,0.0,0.0,0.18,0.032,-0.094,0.984,3,16
325616,0.0,0.0,0.09,0.029,-0.089,0.984,3,16
325666,0.0,0.0,0.09,0.030,-0.084,0.981,3,16
325717,0.0,0.0,0.09,0.030,-0.084,0.981,3,16
325766,0.0,0.0,0.15,0.035,-0.089,0.983,3,16
325817,0.0,0.0,0.21,0.032,-0.094,0.986,3,16
325867,0.0,0.0,0.21,0.032,-0.094,0.986,3,16
325917,0.0,0.0,0.10,0.026,-0.088,0.982,3,16
325967,0.0,0.0,0.07,0.027,-0.088,0.985,3,16
326021,0.0,0.0,0.07,0.027,-0.088,0.985,3,16
326070,0.0,0.0,0.07,0.034,-0.092,0.982,3,16
326120,0.0,0.0,0.03,0.032,-0.091,0.984,3,16
326170,0.0,0.0,0.03,0.032,-0.091,0.984,3,16
326220,0.0,0.0,0.12,0.030,-0.088,0.984,3,16
326270,0.0,0.0,0.09,0.029,-0.091,0.983,3,16
326322,0.0,0.0,0.09,0.029,-0.091,0.983,3,16
326372,0.0,0.0,0.11,0.031,-0.091,0.984,3,16
326422,0.0,0.0,0.13,0.035,-0.090,0.984,3,16
326472,0.0,0.0,0.13,0.035,-0.090,0.984,3,16
326522,0.0,0.0,0.09,0.032,-0.092,0.982,3,16
326572,0.0,0.0,0.07,0.031,-0.091,0.985,3,16
326622,0.0,0.0,0.14,0.030,-0.089,0.984,3,16
326672,0.0,0.0,0.19,0.030,-0.085,0.983,3,16
326722,0.0,0.0,0.13,0.031,-0.083,0.984,3,16
326772,0.0,0.0,0.13,0.031,-0.083,0.984,3,16
326824,0.0,0.0,0.23,0.032,-0.087,0.983,3,16
326874,0.0,0.0,0.24,0.028,-0.090,0.985,3,16
326924,0.0,0.0,0.19,0.026,-0.091,0.981,3,16
326974,0.0,0.0,0.05,0.027,-0.089,0.984,3,16
327024,0.0,0.0,0.11,0.033,-0.090,0.986,3,16
327075,0.0,0.0,0.10,0.034,-0.098,0.984,3,16
327124,0.0,0.0,0.10,0.034,-0.098,0.984,3,16
327174,0.0,0.0,0.08,0.034,-0.096,0.986,3,16
327224,0.0,0.0,0.08,0.030,-0.087,0.981,3,16
327274,0.0,0.0,0.04,0.031,-0.083,0.984,3,16
327325,0.0,0.0,0.16,0.030,-0.087,0.982,3,16
327375,0.0,0.0,0.10,0.032,-0.094,0.986,3,16
327425,0.0,0.0,0.10,0.032,-0.094,0.986,3,16
327475,0.0,0.0,0.11,0.031,-0.092,0.984,3,16
327525,0.0,0.0,0.04,0.030,-0.088,0.983,3,16
327575,0.0,0.0,0.14,0.030,-0.087,0.982,3,16
327625,0.0,0.0,0.03,0.030,-0.090,0.984,3,16
327675,0.0,0.0,0.00,0.031,-0.091,0.983,3,16
327725,0.0,0.0,0.00,0.031,-0.091,0.983,3,16
327775,0.0,0.0,0.10,0.031,-0.090,0.983,3,16
327826,0.0,0.0,0.10,0.031,-0.090,0.983,3,16
327876,0.0,0.0,0.14,0.031,-0.088,0.983,3,16
327926,0.0,0.0,0.03,0.030,-0.089,0.984,3,16
327976,0.0,0.0,0.15,0.030,-0.091,0.983,3,16
328026,0.0,0.0,0.15,0.030,-0.091,0.983,3,16
328076,0.0,0.0,0.08,0.031,-0.088,0.983,3,16
328126,0.0,0.0,0.11,0.031,-0.089,0.983,3,16
328176,0.0,0.0,0.09,0.031,-0.090,0.984,3,16
328226,0.0,0.0,0.14,0.030,-0.091,0.983,3,16
328276,0.0,0.0,0.05,0.031,-0.087,0.985,3,16
328327,0.0,0.0,0.05,0.031,-0.087,0.985,3,16
328377,0.0,0.0,0.27,0.031,-0.086,0.983,3,16
328427,0.0,0.0,0.32,0.031,-0.088,0.981,3,16
328477,0.0,0.0,0.22,0.029,-0.094,0.985,3,16
328527,0.0,0.0,0.03,0.027,-0.094,0.982,3,16
328577,0.0,0.0,0.21,0.035,-0.085,0.984,3,15
328627,0.0,0.0,0.21,0.035,-0.085,0.984,3,15
328677,0.0,0.0,0.07,0.036,-0.088,0.986,3,15
328727,0.0,0.0,0.07,0.030,-0.091,0.985,3,16
328777,0.0,0.0,0.04,0.027,-0.092,0.983,3,16
328828,0.0,0.0,0.08,0.029,-0.092,0.984,3,16
328878,0.0,0.0,0.14,0.034,-0.087,0.983,3,15
328928,0.0,0.0,0.14,0.034,-0.087,0.983,3,15
328978,0.0,0.0,0.05,0.033,-0.088,0.984,3,15
329028,0.0,0.0,0.06,0.031,-0.091,0.984,3,16
329078,0.0,0.0,0.07,0.029,-0.092,0.983,3,16
329128,0.0,0.0,0.02,0.029,-0.090,0.984,3,16
329178,0.0,0.0,0.08,0.030,-0.088,0.983,3,16
329228,0.0,0.0,0.08,0.030,-0.088,0.983,3,16
329278,0.0,0.0,0.14,0.031,-0.090,0.985,3,16
329329,0.0,0.0,0.14,0.031,-0.090,0.985,3,16
329379,0.0,0.0,0.04,0.031,-0.093,0.985,3,16
329429,0.0,0.0,0.12,0.031,-0.092,0.984,3,16
329479,0.0,0.0,0.11,0.031,-0.087,0.983,3,15
329529,0.0,0.0,0.11,0.031,-0.087,0.983,3,15
329579,0.0,0.0,0.09,0.030,-0.089,0.983,3,15
329629,0.0,0.0,0.06,0.031,-0.092,0.984,3,15
329679,0.0,0.0,0.06,0.031,-0.092,0.984,3,15
329729,0.0,0.0,0.13,0.032,-0.091,0.982,3,16
329779,0.0,0.0,0.13,0.029,-0.089,0.984,3,16
329830,0.0,0.0,0.13,0.029,-0.089,0.984,3,16
329880,0.0,0.0,0.13,0.030,-0.091,0.984,3,16
329930,0.0,0.0,0.11,0.032,-0.091,0.984,3,16
329980,0.0,0.0,0.03,0.032,-0.090,0.984,3,16
330030,0.0,0.0,0.11,0.030,-0.088,0.983,3,16
330080,0.0,0.0,0.14,0.030,-0.091,0.983,3,16
330130,0.0,0.0,0.14,0.030,-0.091,0.983,3,16
330180,0.0,0.0,0.14,0.032,-0.093,0.984,3,16
330230,0.0,0.0,0.05,0.033,-0.093,0.983,3,16
330280,0.0,0.0,0.03,0.030,-0.090,0.983,3,16
330341,0.0,0.0,0.07,0.027,-0.087,0.984,3,16
330391,0.0,0.0,0.23,0.031,-0.089,0.984,3,16
330441,0.0,0.0,0.23,0.031,-0.089,0.984,3,16
330491,0.0,0.0,0.10,0.035,-0.093,0.984,3,16
330541,0.0,0.0,0.24,0.030,-0.089,0.982,3,16
330591,0.0,0.0,0.24,0.030,-0.089,0.982,3,16
330641,0.0,0.0,0.09,0.029,-0.090,0.982,3,16
330691,0.0,0.0,0.06,0.029,-0.091,0.984,3,16
330741,0.0,0.0,0.06,0.029,-0.091,0.984,3,16
330791,0.0,0.0,0.18,0.029,-0.090,0.985,3,16
330842,0.0,0.0,0.23,0.032,-0.086,0.982,3,16
330892,0.0,0.0,0.23,0.032,-0.086,0.982,3,16
330942,0.0,0.0,0.07,0.030,-0.090,0.982,3,16
330992,0.0,0.0,0.13,0.031,-0.094,0.983,3,16
331042,0.0,0.0,0.13,0.031,-0.094,0.983,3,16
331092,0.0,0.0,0.08,0.032,-0.089,0.984,3,16
331142,0.0,0.0,0.05,0.030,-0.088,0.983,3,16
331192,0.0,0.0,0.05,0.030,-0.088,0.983,3,16
331242,0.0,0.0,0.18,0.031,-0.093,0.983,3,15
331292,0.0,0.0,0.01,0.031,-0.092,0.983,3,14
331344,0.0,0.0,0.01,0.031,-0.092,0.983,3,14
331394,0.0,0.0,0.13,0.031,-0.089,0.984,3,15
331444,0.0,0.0,0.06,0.028,-0.088,0.983,3,16
331496,0.0,0.0,0.09,0.029,-0.090,0.983,3,16
331545,0.0,0.0,0.04,0.032,-0.092,0.985,3,16
331595,0.0,0.0,0.13,0.034,-0.090,0.983,3,16
331646,0.0,0.0,0.13,0.034,-0.090,0.983,3,16
331695,0.0,0.0,0.17,0.027,-0.087,0.983,3,16
331745,0.0,0.0,0.07,0.033,-0.092,0.984,3,16
331796,0.0,0.0,0.02,0.034,-0.093,0.983,3,16
331850,0.0,0.0,0.06,0.032,-0.091,0.983,3,16
331900,0.0,0.0,0.07,0.028,-0.088,0.984,3,16
331950,0.0,0.0,0.07,0.028,-0.088,0.984,3,16
332000,0.0,0.0,0.09,0.027,-0.088,0.985,3,16
332050,0.0,0.0,0.10,0.033,-0.090,0.983,3,16
332100,0.0,0.0,0.04,0.033,-0.089,0.983,3,16
332150,0.0,0.0,0.05,0.032,-0.089,0.983,3,16
332200,0.0,0.0,0.02,0.030,-0.092,0.985,3,16
332250,0.0,0.0,0.02,0.030,-0.092,0.985,3,16
332300,0.0,0.0,0.04,0.032,-0.091,0.983,3,16
332351,0.0,0.0,0.07,0.031,-0.089,0.983,3,16
332401,0.0,0.0,0.10,0.029,-0.090,0.984,3,16
332452,0.0,0.0,0.13,0.028,-0.090,0.984,3,16
332501,0.0,0.0,0.05,0.028,-0.090,0.984,3,16
332551,0.0,0.0,0.05,0.028,-0.090,0.984,3,16
332602,0.0,0.0,0.18,0.030,-0.092,0.984,3,16
332651,0.0,0.0,0.13,0.035,-0.092,0.985,3,16
332701,0.0,0.0,0.15,0.034,-0.091,0.981,3,16
332752,0.0,0.0,0.11,0.031,-0.088,0.981,3,16
332801,0.0,0.0,0.01,0.027,-0.088,0.984,3,16
332852,0.0,0.0,0.01,0.027,-0.088,0.984,3,16
332902,0.0,0.0,0.15,0.031,-0.091,0.984,3,16
332952,0.0,0.0,0.26,0.036,-0.090,0.982,3,16
333002,0.0,0.0,0.29,0.036,-0.089,0.984,3,16
333052,0.0,0.0,0.23,0.032,-0.090,0.983,3,16
333102,0.0,0.0,0.07,0.028,-0.090,0.982,3,16
333152,0.0,0.0,0.07,0.028,-0.090,0.982,3,16
333202,0.0,0.0,0.21,0.028,-0.090,0.984,3,16
333252,0.0,0.0,0.05,0.032,-0.089,0.982,3,16
333302,0.0,0.0,0.02,0.034,-0.090,0.984,3,16
333353,0.0,0.0,0.02,0.034,-0.090,0.984,3,16
333403,0.0,0.0,0.09,0.031,-0.088,0.984,3,16
333453,0.0,0.0,0.09,0.031,-0.088,0.984,3,16
333503,0.0,0.0,0.10,0.027,-0.092,0.984,3,16
333553,0.0,0.0,0.08,0.030,-0.093,0.984,3,16
333603,0.0,0.0,0.10,0.035,-0.090,0.984,3,16
333653,0.0,0.0,0.11,0.037,-0.089,0.984,3,16
333703,0.0,0.0,0.07,0.031,-0.089,0.984,3,16
333753,0.0,0.0,0.07,0.031,-0.089,0.984,3,16
333803,0.0,0.0,0.08,0.027,-0.089,0.984,3,16
333854,0.0,0.0,0.07,0.029,-0.089,0.983,3,16
333904,0.0,0.0,0.04,0.031,-0.090,0.984,3,16
333954,0.0,0.0,0.09,0.033,-0.090,0.983,3,16
334004,0.0,0.0,0.04,0.032,-0.089,0.983,3,16
334054,0.0,0.0,0.04,0.032,-0.089,0.983,3,16
334104,0.0,0.0,0.05,0.028,-0.090,0.984,3,16
334154,0.0,0.0,0.08,0.032,-0.089,0.984,3,16
334204,0.0,0.0,0.05,0.034,-0.088,0.983,3,16
334254,0.0,0.0,0.04,0.034,-0.089,0.984,3,16
334304,0.0,0.0,0.04,0.031,-0.091,0.984,3,16
334355,0.0,0.0,0.04,0.029,-0.089,0.985,3,16
334405,0.0,0.0,0.04,0.029,-0.089,0.985,3,16
334455,0.0,0.0,0.03,0.030,-0.088,0.983,3,16
334505,0.0,0.0,0.05,0.032,-0.089,0.983,3,16
334555,0.0,0.0,0.04,0.033,-0.089,0.984,3,16
334605,0.0,0.0,0.07,0.030,-0.090,0.985,3,16
334655,0.0,0.0,0.07,0.030,-0.090,0.985,3,16
334705,0.0,0.0,0.08,0.030,-0.088,0.983,3,16
334755,0.0,0.0,0.03,0.033,-0.090,0.985,3,16
334805,0.0,0.0,0.13,0.032,-0.091,0.984,3,16
334864,0.0,0.0,0.04,0.031,-0.091,0.985,3,16
334914,0.0,0.0,0.11,0.029,-0.089,0.983,3,16
334964,0.0,0.0,0.12,0.030,-0.090,0.984,3,16
335015,0.0,0.0,0.12,0.030,-0.090,0.984,3,16
335066,0.0,0.0,0.11,0.032,-0.091,0.984,3,16
335116,0.0,0.0,0.02,0.032,-0.090,0.984,3,16
335166,0.0,0.0,0.02,0.032,-0.090,0.984,3,16
335216,0.0,0.0,0.01,0.029,-0.090,0.984,3,16
335266,0.0,0.0,0.04,0.029,-0.090,0.984,3,16
335317,0.0,0.0,0.04,0.029,-0.091,0.983,3,16
335369,0.0,0.0,0.06,0.030,-0.091,0.983,3,16
335419,0.0,0.0,0.03,0.031,-0.091,0.983,3,16
335471,0.0,0.0,0.03,0.031,-0.091,0.983,3,16
335520,0.0,0.0,0.11,0.029,-0.091,0.983,3,16
335570,0.0,0.0,0.06,0.029,-0.091,0.983,3,16
335621,0.0,0.0,0.11,0.029,-0.091,0.981,3,16
335670,0.0,0.0,0.06,0.030,-0.091,0.982,3,16
335720,0.0,0.0,0.06,0.031,-0.091,0.982,3,16
335771,0.0,0.0,0.06,0.031,-0.091,0.982,3,16
335820,0.0,0.0,0.03,0.029,-0.092,0.984,3,16
335871,0.0,0.0,0.03,0.029,-0.092,0.984,3,16
335923,0.0,0.0,0.03,0.030,-0.092,0.984,3,16
335972,0.0,0.0,0.10,0.031,-0.092,0.983,3,16
336022,0.0,0.0,0.06,0.030,-0.092,0.984,3,16
336073,0.0,0.0,0.06,0.030,-0.092,0.984,3,16
336122,0.0,0.0,0.03,0.029,-0.092,0.984,3,16
336172,0.0,0.0,0.04,0.029,-0.091,0.983,3,16
336223,0.0,0.0,0.06,0.030,-0.091,0.982,3,16
336272,0.0,0.0,0.05,0.030,-0.091,0.983,3,16
336322,0.0,0.0,0.07,0.029,-0.092,0.984,3,16
336373,0.0,0.0,0.07,0.029,-0.092,0.984,3,16
336423,0.0,0.0,0.09,0.030,-0.092,0.983,3,16
336473,0.0,0.0,0.01,0.032,-0.091,0.983,3,16
336523,0.0,0.0,0.05,0.032,-0.092,0.984,3,16
336573,0.0,0.0,0.06,0.031,-0.092,0.984,3,16
336623,0.0,0.0,0.10,0.029,-0.091,0.983,3,16
336673,0.0,0.0,0.10,0.029,-0.091,0.983,3,16
336723,0.0,0.0,0.05,0.031,-0.091,0.983,3,16
336773,0.0,0.0,0.11,0.031,-0.091,0.984,3,16
336823,0.0,0.0,0.11,0.030,-0.091,0.984,3,16
336874,0.0,0.0,0.11,0.030,-0.091,0.984,3,16
336924,0.0,0.0,0.05,0.031,-0.091,0.985,3,16
336975,0.0,0.0,0.05,0.031,-0.091,0.985,3,16
337025,0.0,0.0,0.16,0.031,-0.091,0.983,3,16
337075,0.0,0.0,0.15,0.030,-0.090,0.985,3,16
337125,0.0,0.0,0.15,0.030,-0.091,0.982,3,16
337175,0.0,0.0,0.15,0.030,-0.091,0.982,3,16
337225,0.0,0.0,0.04,0.031,-0.091,0.985,3,16
337276,0.0,0.0,0.04,0.031,-0.091,0.985,3,16
337325,0.0,0.0,0.04,0.030,-0.091,0.984,3,16
337377,0.0,0.0,0.22,0.030,-0.090,0.983,3,16
337427,0.0,0.0,0.06,0.031,-0.092,0.983,3,16
337477,0.0,0.0,0.06,0.031,-0.092,0.983,3,16
337527,0.0,0.0,0.06,0.031,-0.092,0.983,3,16
337577,0.0,0.0,0.06,0.031,-0.092,0.983,3,16
337627,0.0,0.0,0.01,0.033,-0.091,0.984,3,16
337677,0.0,0.0,0.06,0.029,-0.090,0.984,3,16
337728,0.0,0.0,0.11,0.029,-0.092,0.984,3,16
337777,0.0,0.0,0.16,0.030,-0.092,0.984,3,16
337827,0.0,0.0,0.08,0.031,-0.090,0.983,3,16
337878,0.0,0.0,0.03,0.031,-0.090,0.984,3,16
337928,0.0,0.0,0.03,0.031,-0.090,0.984,3,16
337978,0.0,0.0,0.13,0.031,-0.092,0.983,3,16
338028,0.0,0.0,0.08,0.031,-0.092,0.984,3,16
338078,0.0,0.0,0.05,0.030,-0.091,0.984,3,16
338128,0.0,0.0,0.09,0.030,-0.089,0.984,3,16
338178,0.0,0.0,0.06,0.031,-0.092,0.984,3,16
338228,0.0,0.0,0.06,0.031,-0.092,0.984,3,16
338278,0.0,0.0,0.04,0.030,-0.092,0.983,3,16
338328,0.0,0.0,0.04,0.030,-0.091,0.983,3,16
338379,0.0,0.0,0.04,0.030,-0.091,0.983,3,16
338429,0.0,0.0,0.11,0.031,-0.090,0.983,3,16
338479,0.0,0.0,0.04,0.030,-0.090,0.984,3,16
338529,0.0,0.0,0.04,0.030,-0.090,0.984,3,16
338579,0.0,0.0,0.05,0.030,-0.091,0.983,3,16
338629,0.0,0.0,0.04,0.031,-0.093,0.983,3,16
338679,0.0,0.0,0.04,0.031,-0.092,0.983,3,16
338729,0.0,0.0,0.05,0.031,-0.090,0.983,3,16
338779,0.0,0.0,0.04,0.031,-0.090,0.984,3,16
338829,0.0,0.0,0.04,0.031,-0.090,0.984,3,16
338880,0.0,0.0,0.00,0.031,-0.092,0.983,3,16
338930,0.0,0.0,0.03,0.031,-0.092,0.983,3,16
338980,0.0,0.0,0.07,0.031,-0.092,0.983,3,16
339030,0.0,0.0,0.10,0.030,-0.090,0.984,3,16
339080,0.0,0.0,0.03,0.030,-0.090,0.984,3,16
339130,0.0,0.0,0.03,0.030,-0.090,0.984,3,16
339180,0.0,0.0,0.05,0.031,-0.092,0.983,3,16
339230,0.0,0.0,0.03,0.030,-0.092,0.983,3,16
339280,0.0,0.0,0.09,0.031,-0.092,0.984,3,16
339330,0.0,0.0,0.04,0.031,-0.090,0.983,3,16
339381,0.0,0.0,0.06,0.031,-0.091,0.983,3,16
339431,0.0,0.0,0.06,0.031,-0.091,0.983,3,16
339481,0.0,0.0,0.04,0.030,-0.091,0.983,3,16
339531,0.0,0.0,0.02,0.031,-0.091,0.984,3,16
339581,0.0,0.0,0.04,0.031,-0.091,0.983,3,16
339631,0.0,0.0,0.08,0.031,-0.091,0.983,3,16
339681,0.0,0.0,0.07,0.030,-0.092,0.983,3,16
339731,0.0,0.0,0.07,0.030,-0.092,0.983,3,16
339781,0.0,0.0,0.01,0.030,-0.092,0.983,3,16
339831,0.0,0.0,0.01,0.030,-0.092,0.983,3,16
339891,0.0,0.0,0.01,0.030,-0.092,0.983,3,16
339940,0.0,0.0,0.07,0.031,-0.091,0.983,3,16
339990,0.0,0.0,0.01,0.030,-0.090,0.983,3,16
340040,0.0,0.0,0.09,0.031,-0.092,0.984,3,16
340090,0.0,0.0,0.09,0.031,-0.092,0.984,3,16
340140,0.0,0.0,0.03,0.030,-0.090,0.984,3,16
340191,0.0,0.0,0.03,0.030,-0.090,0.984,3,16
340241,0.0,0.0,0.05,0.031,-0.091,0.983,3,16
340291,0.0,0.0,0.00,0.031,-0.091,0.983,3,16
340341,0.0,0.0,0.15,0.030,-0.091,0.983,3,16
340394,0.0,0.0,0.15,0.031,-0.090,0.984,3,16
340444,0.0,0.0,0.17,0.031,-0.090,0.983,3,16
340497,0.0,0.0,0.17,0.031,-0.090,0.983,3,16
340546,0.0,0.0,0.05,0.030,-0.091,0.983,3,16
340596,0.0,0.0,0.04,0.030,-0.091,0.983,3,16
340647,0.0,0.0,0.03,0.031,-0.091,0.984,3,16
340696,0.0,0.0,0.08,0.030,-0.091,0.983,3,16
340746,0.0,0.0,0.08,0.031,-0.092,0.984,3,16
340797,0.0,0.0,0.08,0.031,-0.092,0.984,3,16
340846,0.0,0.0,0.03,0.031,-0.091,0.983,3,16
340897,0.0,0.0,0.05,0.030,-0.091,0.983,3,16
340947,0.0,0.0,0.05,0.030,-0.091,0.983,3,16
340997,0.0,0.0,0.04,0.030,-0.091,0.983,3,16
341047,0.0,0.0,0.02,0.031,-0.091,0.984,3,16
341098,0.0,0.0,0.02,0.031,-0.091,0.984,3,16
341148,0.0,0.0,0.00,0.030,-0.091,0.983,3,16
341198,0.0,0.0,0.05,0.030,-0.091,0.983,3,16
341248,0.0,0.0,0.05,0.030,-0.091,0.983,3,16
341298,0.0,0.0,0.03,0.031,-0.091,0.983,3,16
341348,0.0,0.0,0.10,0.032,-0.090,0.983,3,16
341401,0.0,0.0,0.10,0.032,-0.090,0.983,3,16
341450,0.0,0.0,0.08,0.030,-0.091,0.984,3,16
341500,0.0,0.0,0.03,0.029,-0.092,0.984,3,16
341550,0.0,0.0,0.03,0.029,-0.092,0.984,3,16
341600,0.0,0.0,0.05,0.030,-0.092,0.983,3,16
341650,0.0,0.0,0.08,0.032,-0.090,0.985,3,16
341700,0.0,0.0,0.08,0.032,-0.090,0.985,3,16
341750,0.0,0.0,0.10,0.031,-0.090,0.984,3,16
341800,0.0,0.0,0.00,0.030,-0.092,0.984,3,16
341850,0.0,0.0,0.02,0.030,-0.091,0.984,3,16
341901,0.0,0.0,0.09,0.031,-0.091,0.983,3,16
341951,0.0,0.0,0.05,0.031,-0.090,0.983,3,16
342001,0.0,0.0,0.10,0.031,-0.091,0.984,3,16
342051,0.0,0.0,0.10,0.031,-0.091,0.984,3,16
342101,0.0,0.0,0.03,0.031,-0.091,0.984,3,16
342151,0.0,0.0,0.05,0.031,-0.091,0.984,3,16
342201,0.0,0.0,0.05,0.031,-0.091,0.984,3,16
342251,0.0,0.0,0.06,0.031,-0.091,0.984,3,16
342301,0.0,0.0,0.06,0.030,-0.091,0.984,3,16
342351,0.0,0.0,0.06,0.030,-0.091,0.984,3,16
342402,0.0,0.0,0.10,0.030,-0.091,0.984,3,16
342452,0.0,0.0,0.08,0.031,-0.091,0.983,3,16
342502,0.0,0.0,0.04,0.031,-0.091,0.983,3,16
342552,0.0,0.0,0.07,0.030,-0.091,0.984,3,16
342602,0.0,0.0,0.07,0.030,-0.091,0.984,3,16
342652,0.0,0.0,0.07,0.030,-0.091,0.984,3,16
342702,0.0,0.0,0.08,0.031,-0.091,0.984,3,16
342752,0.0,0.0,0.10,0.031,-0.091,0.983,3,16
342802,0.0,0.0,0.08,0.031,-0.090,0.984,3,16
342852,0.0,0.0,0.10,0.030,-0.091,0.984,3,16
342903,0.0,0.0,0.12,0.030,-0.091,0.984,3,16
342953,0.0,0.0,0.12,0.030,-0.091,0.984,3,16
343003,0.0,0.0,0.17,0.031,-0.091,0.984,3,16
343053,0.0,0.0,0.12,0.031,-0.091,0.984,3,16
343103,0.0,0.0,0.11,0.031,-0.091,0.984,3,16
343153,0.0,0.0,0.08,0.031,-0.091,0.984,3,16
343203,0.0,0.0,0.11,0.030,-0.091,0.984,3,15
343253,0.0,0.0,0.11,0.030,-0.091,0.984,3,15
343303,0.0,0.0,0.09,0.031,-0.092,0.982,3,15
343353,0.0,0.0,0.05,0.031,-0.091,0.984,3,15
343404,0.0,0.0,0.07,0.031,-0.090,0.984,3,15
343454,0.0,0.0,0.15,0.030,-0.090,0.984,3,15
343504,0.0,0.0,0.01,0.030,-0.091,0.982,3,15
343554,0.0,0.0,0.01,0.030,-0.091,0.982,3,15
343604,0.0,0.0,0.04,0.029,-0.091,0.984,3,15
343654,0.0,0.0,0.09,0.031,-0.089,0.985,3,15
343704,0.0,0.0,0.10,0.032,-0.089,0.984,3,15
343754,0.0,0.0,0.06,0.032,-0.092,0.984,3,16
343804,0.0,0.0,0.14,0.030,-0.093,0.984,3,16
343854,0.0,0.0,0.14,0.030,-0.093,0.984,3,16
343905,0.0,0.0,0.14,0.029,-0.088,0.983,3,16
343955,0.0,0.0,0.09,0.030,-0.088,0.984,3,16
344005,0.0,0.0,0.04,0.031,-0.090,0.984,3,16
344055,0.0,0.0,0.11,0.033,-0.092,0.984,3,16
344105,0.0,0.0,0.10,0.032,-0.092,0.983,3,16
344155,0.0,0.0,0.10,0.032,-0.092,0.983,3,16
344205,0.0,0.0,0.04,0.027,-0.089,0.984,3,16
344255,0.0,0.0,0.06,0.029,-0.089,0.985,3,16
344305,0.0,0.0,0.06,0.029,-0.089,0.985,3,16
344355,0.0,0.0,0.13,0.034,-0.094,0.983,3,16
344406,0.0,0.0,0.10,0.029,-0.092,0.985,3,16
344456,0.0,0.0,0.10,0.029,-0.092,0.985,3,16
344506,0.0,0.0,0.06,0.029,-0.089,0.984,3,16
344556,0.0,0.0,0.05,0.031,-0.089,0.983,3,16
344606,0.0,0.0,0.03,0.031,-0.091,0.983,3,16
344656,0.0,0.0,0.08,0.032,-0.091,0.984,3,16
344706,0.0,0.0,0.06,0.032,-0.091,0.984,3,16
344756,0.0,0.0,0.06,0.032,-0.091,0.984,3,16
344806,0.0,0.0,0.01,0.030,-0.091,0.983,3,16
344856,0.0,0.0,0.05,0.030,-0.091,0.984,3,16
344915,0.0,0.0,0.07,0.029,-0.091,0.984,3,16
344965,0.0,0.0,0.04,0.031,-0.090,0.984,3,16
345015,0.0,0.0,0.17,0.032,-0.091,0.984,3,16
345065,0.0,0.0,0.17,0.032,-0.091,0.984,3,16
345115,0.0,0.0,0.04,0.030,-0.092,0.983,3,16
345165,0.0,0.0,0.15,0.030,-0.092,0.983,3,16
345215,0.0,0.0,0.15,0.030,-0.092,0.983,3,16
345265,0.0,0.0,0.05,0.032,-0.090,0.984,3,16
345315,0.0,0.0,0.04,0.031,-0.090,0.984,3,16
345365,0.0,0.0,0.04,0.031,-0.090,0.984,3,16
345417,0.0,0.0,0.05,0.030,-0.091,0.984,3,16
345467,0.0,0.0,0.09,0.031,-0.091,0.984,3,16
345517,0.0,0.0,0.09,0.031,-0.091,0.984,3,16
345567,0.0,0.0,0.06,0.031,-0.091,0.983,3,16
345617,0.0,0.0,0.05,0.030,-0.091,0.984,3,16
345667,0.0,0.0,0.05,0.030,-0.091,0.984,3,16
345717,0.0,0.0,0.04,0.030,-0.091,0.985,3,16
345767,0.0,0.0,0.10,0.031,-0.090,0.982,3,16
345818,0.0,0.0,0.10,0.031,-0.090,0.982,3,16
345867,0.0,0.0,0.03,0.031,-0.090,0.984,3,16
345918,0.0,0.0,0.15,0.031,-0.092,0.984,3,16
345969,0.0,0.0,0.15,0.031,-0.092,0.984,3,16
346018,0.0,0.0,0.12,0.032,-0.091,0.985,3,16
346068,0.0,0.0,0.07,0.030,-0.091,0.984,3,16
346119,0.0,0.0,0.07,0.030,-0.091,0.984,3,16
346168,0.0,0.0,0.30,0.030,-0.092,0.984,3,16
346218,0.0,0.0,0.18,0.031,-0.090,0.983,3,16
346269,0.0,0.0,0.18,0.031,-0.090,0.983,3,16
346318,0.0,0.0,0.09,0.033,-0.090,0.983,3,16
346368,0.0,0.0,0.13,0.029,-0.091,0.983,3,16
346420,0.0,0.0,0.13,0.029,-0.091,0.983,3,16
346469,0.0,0.0,0.11,0.028,-0.091,0.982,3,16
346519,0.0,0.0,0.13,0.030,-0.093,0.984,3,16
346569,0.0,0.0,0.13,0.030,-0.093,0.984,3,16
346619,0.0,0.0,0.06,0.033,-0.091,0.983,3,16
346669,0.0,0.0,0.03,0.029,-0.089,0.983,3,16
346719,0.0,0.0,0.03,0.029,-0.089,0.983,3,16
346769,0.0,0.0,0.11,0.030,-0.093,0.985,3,16
346819,0.0,0.0,0.09,0.033,-0.091,0.984,3,16
346869,0.0,0.0,0.09,0.033,-0.091,0.984,3,16
346926,0.0,0.0,0.08,0.030,-0.090,0.982,3,16
346976,0.0,0.0,0.13,0.030,-0.092,0.983,3,16
347026,0.0,0.0,0.11,0.030,-0.092,0.983,3,16
347076,0.0,0.0,0.11,0.030,-0.092,0.983,3,16
347126,0.0,0.0,0.24,0.032,-0.091,0.984,3,15
347176,0.0,0.0,0.24,0.032,-0.091,0.984,3,15
347226,0.0,0.0,0.31,0.032,-0.089,0.985,3,16
347276,0.0,0.0,0.16,0.030,-0.091,0.983,3,16
347326,0.0,0.0,0.18,0.031,-0.093,0.982,3,16
347376,0.0,0.0,0.18,0.031,-0.093,0.982,3,16
347427,0.0,0.0,0.07,0.031,-0.092,0.984,3,16
347477,0.0,0.0,0.07,0.031,-0.092,0.984,3,16
347527,0.0,0.0,0.15,0.030,-0.091,0.984,3,15
347577,0.0,0.0,0.13,0.030,-0.090,0.983,3,16
347627,0.0,0.0,0.13,0.031,-0.090,0.983,3,16
347677,0.0,0.0,0.13,0.031,-0.090,0.983,3,16
347727,0.0,0.0,0.07,0.031,-0.092,0.983,3,16
347777,0.0,0.0,0.07,0.031,-0.092,0.983,3,16
347827,0.0,0.0,0.07,0.029,-0.090,0.982,3,16
347877,0.0,0.0,0.13,0.032,-0.090,0.984,3,16
347928,0.0,0.0,0.04,0.033,-0.092,0.985,3,16
347978,0.0,0.0,0.12,0.031,-0.093,0.983,3,16
348028,0.0,0.0,0.05,0.029,-0.090,0.983,3,16
348078,0.0,0.0,0.05,0.029,-0.090,0.983,3,16
348128,0.0,0.0,0.06,0.031,-0.090,0.984,3,16
348178,0.0,0.0,0.11,0.032,-0.092,0.984,3,16
348228,0.0,0.0,0.07,0.030,-0.092,0.983,3,16
348278,0.0,0.0,0.07,0.030,-0.092,0.983,3,16
348328,0.0,0.0,0.09,0.030,-0.090,0.984,3,16
348378,0.0,0.0,0.09,0.030,-0.090,0.984,3,16
348429,0.0,0.0,0.20,0.031,-0.090,0.984,3,16
348479,0.0,0.0,0.06,0.031,-0.092,0.984,3,16
348529,0.0,0.0,0.06,0.031,-0.091,0.984,3,16
348579,0.0,0.0,0.06,0.031,-0.091,0.984,3,16
348629,0.0,0.0,0.05,0.029,-0.089,0.983,3,16
348679,0.0,0.0,0.05,0.029,-0.089,0.983,3,16
348729,0.0,0.0,0.09,0.030,-0.093,0.984,3,16
348779,0.0,0.0,0.08,0.032,-0.092,0.984,3,16
348829,0.0,0.0,0.08,0.032,-0.090,0.984,3,16
348879,0.0,0.0,0.08,0.032,-0.090,0.984,3,16
348930,0.0,0.0,0.10,0.030,-0.090,0.983,3,16
348980,0.0,0.0,0.10,0.030,-0.090,0.983,3,16
349030,0.0,0.0,0.09,0.030,-0.092,0.984,3,16
349080,0.0,0.0,0.12,0.031,-0.091,0.983,3,16
349130,0.0,0.0,0.15,0.030,-0.090,0.984,3,16
349180,0.0,0.0,0.15,0.030,-0.090,0.984,3,16
349230,0.0,0.0,0.03,0.030,-0.091,0.984,3,16
349280,0.0,0.0,0.03,0.030,-0.091,0.984,3,16
349330,0.0,0.0,0.10,0.031,-0.092,0.984,3,16
349380,0.0,0.0,0.04,0.031,-0.091,0.983,3,16
349431,0.0,0.0,0.13,0.030,-0.091,0.983,3,16
349481,0.0,0.0,0.13,0.030,-0.091,0.983,3,16
349531,0.0,0.0,0.02,0.030,-0.091,0.984,3,16
349581,0.0,0.0,0.02,0.030,-0.091,0.984,3,16
349631,0.0,0.0,0.07,0.030,-0.090,0.983,3,16
349681,0.0,0.0,0.11,0.031,-0.091,0.984,3,16
349731,0.0,0.0,0.06,0.031,-0.091,0.984,3,16
349781,0.0,0.0,0.06,0.031,-0.091,0.984,3,16
349831,0.0,0.0,0.08,0.031,-0.092,0.983,3,16
349881,0.0,0.0,0.08,0.031,-0.092,0.983,3,16
349932,0.0,0.0,0.06,0.031,-0.092,0.984,3,16
349982,0.0,0.0,0.06,0.031,-0.091,0.983,3,16
350032,0.0,0.0,0.05,0.030,-0.090,0.982,3,16
350082,0.0,0.0,0.05,0.030,-0.090,0.982,3,16
350132,0.0,0.0,0.02,0.029,-0.090,0.984,3,16
350182,0.0,0.0,0.02,0.029,-0.090,0.984,3,16
350232,0.0,0.0,0.08,0.032,-0.092,0.983,3,16
350282,0.0,0.0,0.05,0.031,-0.091,0.984,3,16
350332,0.0,0.0,0.19,0.030,-0.091,0.984,3,16
350382,0.0,0.0,0.19,0.030,-0.091,0.984,3,16
350443,0.0,0.0,0.06,0.031,-0.091,0.983,3,16
350493,0.0,0.0,0.10,0.031,-0.091,0.984,3,16
350544,0.0,0.0,0.04,0.031,-0.091,0.983,3,16
350594,0.0,0.0,0.09,0.030,-0.091,0.983,3,16
350644,0.0,0.0,0.06,0.029,-0.090,0.986,3,16
350694,0.0,0.0,0.06,0.029,-0.090,0.986,3,16
350744,0.0,0.0,0.02,0.031,-0.092,0.992,3,16
350794,0.0,0.0,0.05,0.031,-0.090,0.975,3,16
350844,0.0,0.0,0.09,0.037,-0.090,0.999,3,16
350894,0.0,0.0,0.06,0.033,-0.090,0.968,3,16
350945,0.0,0.0,0.02,0.029,-0.092,0.987,3,16
350997,0.0,0.0,0.02,0.029,-0.092,0.987,3,16
351047,0.0,0.0,0.12,0.029,-0.092,0.991,3,16
351097,0.0,0.0,0.04,0.032,-0.091,0.978,3,16
351148,0.0,0.0,0.05,0.031,-0.091,0.980,3,16
351197,0.0,0.0,0.02,0.031,-0.091,0.985,3,16
351247,0.0,0.0,0.06,0.030,-0.091,0.979,3,16
351298,0.0,0.0,0.06,0.030,-0.091,0.979,3,16
351347,0.0,0.0,0.12,0.030,-0.090,0.985,3,16
351397,0.0,0.0,0.03,0.031,-0.091,0.984,3,16
351449,0.0,0.0,0.09,0.031,-0.091,0.984,3,16
351499,0.0,0.0,0.11,0.031,-0.091,0.982,3,16
351549,0.0,0.0,0.04,0.031,-0.091,0.984,3,16
351599,0.0,0.0,0.04,0.031,-0.091,0.984,3,16
351649,0.0,0.0,0.09,0.031,-0.090,0.983,3,16
351699,0.0,0.0,0.08,0.030,-0.091,0.983,3,16
351749,0.0,0.0,0.08,0.031,-0.091,0.984,3,16
351799,0.0,0.0,0.05,0.030,-0.091,0.984,3,16
351849,0.0,0.0,0.04,0.030,-0.090,0.983,3,16
351899,0.0,0.0,0.04,0.030,-0.090,0.983,3,16
351952,0.0,0.0,0.09,0.031,-0.091,0.983,3,16
352002,0.0,0.0,0.06,0.032,-0.093,0.983,3,16
352052,0.0,0.0,0.12,0.031,-0.091,0.984,3,16
352102,0.0,0.0,0.20,0.030,-0.090,0.984,3,16
352152,0.0,0.0,0.13,0.030,-0.089,0.983,3,16
352202,0.0,0.0,0.13,0.030,-0.089,0.983,3,16
352252,0.0,0.0,0.11,0.030,-0.092,0.983,3,16
352302,0.0,0.0,0.05,0.031,-0.092,0.983,3,16
352352,0.0,0.0,0.10,0.031,-0.090,0.983,3,16
352402,0.0,0.0,0.10,0.030,-0.089,0.984,3,16
352453,0.0,0.0,0.05,0.030,-0.090,0.983,3,16
352503,0.0,0.0,0.09,0.031,-0.091,0.983,3,16
352553,0.0,0.0,0.09,0.031,-0.091,0.983,3,16
352603,0.0,0.0,0.12,0.031,-0.091,0.984,3,16
352653,0.0,0.0,0.06,0.031,-0.091,0.984,3,16
352703,0.0,0.0,0.09,0.031,-0.091,0.983,3,16
352753,0.0,0.0,0.09,0.030,-0.091,0.983,3,16
352803,0.0,0.0,0.15,0.030,-0.091,0.983,3,16
352853,0.0,0.0,0.15,0.030,-0.091,0.983,3,16
352903,0.0,0.0,0.13,0.030,-0.091,0.984,3,16
352954,0.0,0.0,0.13,0.030,-0.091,0.983,3,16
353004,0.0,0.0,0.15,0.031,-0.090,0.983,3,16
353054,0.0,0.0,0.09,0.031,-0.090,0.984,3,16
353105,0.0,0.0,0.09,0.027,-0.093,0.976,3,16
353155,0.0,0.0,0.09,0.027,-0.093,0.976,3,16
353205,0.0,0.0,0.06,0.030,-0.090,0.965,3,16
353255,0.0,0.0,0.06,0.031,-0.093,1.000,3,16
353305,0.0,0.0,0.06,0.031,-0.093,1.000,3,16
353355,0.0,0.0,0.03,0.029,-0.092,0.971,3,16
353405,0.0,0.0,0.10,0.031,-0.091,1.002,3,16
353456,0.0,0.0,0.10,0.031,-0.091,1.002,3,16
353506,0.0,0.0,0.19,0.030,-0.091,0.970,3,16
353556,0.0,0.0,0.12,0.031,-0.091,0.979,3,16
353606,0.0,0.0,0.09,0.032,-0.091,0.993,3,16
353656,0.0,0.0,0.03,0.031,-0.091,0.984,3,16
353706,0.0,0.0,0.02,0.030,-0.091,0.978,3,16
353756,0.0,0.0,0.02,0.030,-0.091,0.978,3,16
353806,0.0,0.0,0.09,0.031,-0.090,0.985,3,16
353856,0.0,0.0,0.08,0.031,-0.090,0.982,3,16
353906,0.0,0.0,0.03,0.031,-0.090,0.983,3,16
353957,0.0,0.0,0.10,0.032,-0.092,0.985,3,16
354007,0.0,0.0,0.04,0.029,-0.091,0.984,3,16
354057,0.0,0.0,0.04,0.029,-0.091,0.984,3,16
354107,0.0,0.0,0.07,0.028,-0.090,0.986,3,16
354157,0.0,0.0,0.03,0.027,-0.090,0.980,3,16
354207,0.0,0.0,0.09,0.033,-0.091,0.986,3,16
354257,0.0,0.0,0.04,0.033,-0.092,0.982,3,16
354307,0.0,0.0,0.14,0.030,-0.090,0.985,3,16
354357,0.0,0.0,0.14,0.030,-0.090,0.985,3,16
354407,0.0,0.0,0.06,0.031,-0.091,0.986,3,15
354458,0.0,0.0,0.14,0.030,-0.092,0.983,3,15
354514,0.0,0.0,0.04,0.030,-0.093,0.985,3,15
354563,0.0,0.0,0.03,0.030,-0.092,0.981,3,16
354613,0.0,0.0,0.02,0.029,-0.088,0.984,3,16
354663,0.0,0.0,0.02,0.029,-0.088,0.984,3,16
354713,0.0,0.0,0.07,0.028,-0.087,0.984,3,16
354763,0.0,0.0,0.08,0.030,-0.089,0.983,3,16
354814,0.0,0.0,0.03,0.033,-0.092,0.985,3,16
354863,0.0,0.0,0.03,0.034,-0.094,0.983,3,16
354913,0.0,0.0,0.04,0.031,-0.091,0.984,3,16
354966,0.0,0.0,0.04,0.031,-0.091,0.984,3,16
355015,0.0,0.0,0.03,0.026,-0.090,0.984,3,16
355065,0.0,0.0,0.05,0.031,-0.092,0.983,3,16
355116,0.0,0.0,0.05,0.031,-0.092,0.983,3,16
355165,0.0,0.0,0.00,0.033,-0.088,0.984,3,16
355215,0.0,0.0,0.03,0.032,-0.088,0.985,3,16
355268,0.0,0.0,0.03,0.032,-0.088,0.985,3,16
355318,0.0,0.0,0.09,0.030,-0.093,0.984,3,16
355368,0.0,0.0,0.03,0.029,-0.093,0.982,3,16
355418,0.0,0.0,0.03,0.029,-0.093,0.982,3,16
355470,0.0,0.0,0.02,0.031,-0.089,0.984,3,16
355520,0.0,0.0,0.07,0.031,-0.088,0.983,3,16
355572,0.0,0.0,0.02,0.031,-0.092,0.984,3,16
355621,0.0,0.0,0.02,0.031,-0.092,0.984,3,16
355671,0.0,0.0,0.08,0.030,-0.090,0.984,3,16
355723,0.0,0.0,0.08,0.030,-0.090,0.984,3,16
355772,0.0,0.0,0.02,0.030,-0.088,0.983,3,16
355822,0.0,0.0,0.05,0.032,-0.092,0.984,3,16
355872,0.0,0.0,0.05,0.032,-0.092,0.984,3,16
355922,0.0,0.0,0.05,0.032,-0.092,0.984,3,16
355973,0.0,0.0,0.08,0.031,-0.091,0.983,3,16
356024,0.0,0.0,0.08,0.031,-0.091,0.983,3,16
356073,0.0,0.0,0.02,0.031,-0.089,0.983,3,16
356123,0.0,0.0,0.08,0.031,-0.090,0.985,3,16
356175,0.0,0.0,0.03,0.030,-0.093,0.983,3,16
356224,0.0,0.0,0.03,0.030,-0.094,0.983,3,16
356274,0.0,0.0,0.10,0.030,-0.090,0.983,3,16
356325,0.0,0.0,0.10,0.030,-0.090,0.983,3,16
356374,0.0,0.0,0.06,0.031,-0.088,0.984,3,16
356424,0.0,0.0,0.02,0.030,-0.091,0.984,3,16
356476,0.0,0.0,0.05,0.029,-0.092,0.984,3,16
356525,0.0,0.0,0.03,0.030,-0.091,0.984,3,16
356575,0.0,0.0,0.07,0.030,-0.090,0.983,3,16
356625,0.0,0.0,0.07,0.030,-0.090,0.983,3,16
356675,0.0,0.0,0.06,0.032,-0.091,0.984,3,16
356725,0.0,0.0,0.09,0.031,-0.091,0.984,3,16
356775,0.0,0.0,0.06,0.031,-0.090,0.984,3,16
356825,0.0,0.0,0.04,0.030,-0.090,0.983,3,16
356875,0.0,0.0,0.06,0.030,-0.092,0.983,3,16
356925,0.0,0.0,0.06,0.030,-0.092,0.983,3,16
356977,0.0,0.0,0.03,0.030,-0.090,0.984,3,16
357027,0.0,0.0,0.06,0.030,-0.089,0.984,3,16
357077,0.0,0.0,0.06,0.031,-0.090,0.983,3,16
357127,0.0,0.0,0.08,0.032,-0.092,0.984,3,16
357177,0.0,0.0,0.04,0.032,-0.093,0.983,3,16
357227,0.0,0.0,0.06,0.031,-0.090,0.984,3,16
357277,0.0,0.0,0.06,0.031,-0.090,0.984,3,16
357327,0.0,0.0,0.04,0.029,-0.089,0.984,3,16
357377,0.0,0.0,0.15,0.029,-0.091,0.984,3,16
357427,0.0,0.0,0.16,0.030,-0.093,0.984,3,16
357478,0.0,0.0,0.30,0.033,-0.091,0.983,3,16
357528,0.0,0.0,0.20,0.030,-0.086,0.983,3,16
357579,0.0,0.0,0.20,0.030,-0.086,0.983,3,16
357628,0.0,0.0,0.07,0.031,-0.093,0.984,3,16
357678,0.0,0.0,0.05,0.032,-0.095,0.984,3,16
357729,0.0,0.0,0.05,0.032,-0.095,0.984,3,16
357778,0.0,0.0,0.04,0.030,-0.092,0.983,3,16
357828,0.0,0.0,0.07,0.028,-0.088,0.983,3,16
357879,0.0,0.0,0.07,0.028,-0.088,0.983,3,16
357928,0.0,0.0,0.10,0.031,-0.092,0.984,3,16
357979,0.0,0.0,0.06,0.032,-0.094,0.984,3,16
358029,0.0,0.0,0.06,0.032,-0.093,0.983,3,16
358079,0.0,0.0,0.19,0.031,-0.088,0.984,3,16
358129,0.0,0.0,0.08,0.030,-0.090,0.983,3,16
358179,0.0,0.0,0.08,0.030,-0.090,0.983,3,16
358229,0.0,0.0,0.09,0.030,-0.091,0.982,3,16
358279,0.0,0.0,0.08,0.031,-0.091,0.983,3,16
358329,0.0,0.0,0.08,0.031,-0.091,0.983,3,16
358379,0.0,0.0,0.20,0.031,-0.093,0.984,3,16
358429,0.0,0.0,0.08,0.029,-0.090,0.984,3,16
358480,0.0,0.0,0.08,0.029,-0.090,0.984,3,16
358530,0.0,0.0,0.08,0.031,-0.090,0.983,3,16
358580,0.0,0.0,0.03,0.031,-0.091,0.983,3,16
358630,0.0,0.0,0.17,0.032,-0.093,0.983,3,16
358680,0.0,0.0,0.15,0.031,-0.091,0.984,3,16
358730,0.0,0.0,0.04,0.028,-0.089,0.983,3,16
358780,0.0,0.0,0.04,0.028,-0.089,0.983,3,16
358830,0.0,0.0,0.15,0.029,-0.090,0.983,3,16
358880,0.0,0.0,0.15,0.029,-0.090,0.983,3,16
358930,0.0,0.0,0.12,0.032,-0.091,0.983,3,16
358981,0.0,0.0,0.07,0.033,-0.091,0.983,3,16
359031,0.0,0.0,0.01,0.030,-0.093,0.984,3,16
359081,0.0,0.0,0.01,0.030,-0.093,0.984,3,16
359131,0.0,0.0,0.14,0.029,-0.092,0.983,3,16
359181,0.0,0.0,0.18,0.029,-0.091,0.984,3,16
359231,0.0,0.0,0.19,0.030,-0.090,0.983,3,16
359281,0.0,0.0,0.18,0.033,-0.091,0.984,3,16
359331,0.0,0.0,0.08,0.030,-0.090,0.984,3,16
359381,0.0,0.0,0.08,0.030,-0.090,0.984,3,16
359431,0.0,0.0,0.22,0.028,-0.090,0.983,3,16
359482,0.0,0.0,0.28,0.028,-0.091,0.984,3,16
359532,0.0,0.0,0.15,0.031,-0.091,0.984,3,16
359582,0.0,0.0,0.05,0.034,-0.090,0.983,3,16
359632,0.0,0.0,0.09,0.034,-0.090,0.982,3,16
359682,0.0,0.0,0.09,0.034,-0.090,0.982,3,16
359732,0.0,0.0,0.11,0.029,-0.090,0.987,3,16
359782,0.0,0.0,0.02,0.027,-0.089,0.984,3,16
359832,0.0,0.0,0.02,0.026,-0.089,0.983,3,16
359882,0.0,0.0,0.00,0.030,-0.096,0.982,3,16
359932,0.0,0.0,0.12,0.036,-0.090,0.985,3,16
359983,0.0,0.0,0.12,0.036,-0.090,0.985,3,16
360033,0.0,0.0,0.02,0.032,-0.085,0.984,3,16
360083,0.0,0.0,0.04,0.028,-0.089,0.985,3,16
360133,0.0,0.0,0.08,0.025,-0.093,0.983,3,16
360183,0.0,0.0,0.11,0.026,-0.094,0.984,3,16
360233,0.0,0.0,0.05,0.032,-0.089,0.983,3,16
360283,0.0,0.0,0.05,0.032,-0.089,0.983,3,16
360333,0.0,0.0,0.06,0.035,-0.086,0.983,3,16
360383,0.0,0.0,0.15,0.033,-0.091,0.984,3,16
360433,0.0,0.0,0.18,0.031,-0.095,0.984,3,16
360493,0.0,0.0,0.04,0.028,-0.092,0.983,3,16
360543,0.0,0.0,0.20,0.030,-0.089,0.985,3,16
360593,0.0,0.0,0.20,0.030,-0.089,0.985,3,16
360643,0.0,0.0,0.10,0.031,-0.091,0.982,3,16
360693,0.0,0.0,0.06,0.032,-0.091,0.982,3,16
360743,0.0,0.0,0.06,0.032,-0.091,0.982,3,16
360793,0.0,0.0,0.14,0.031,-0.089,0.984,3,16
360843,0.0,0.0,0.07,0.028,-0.091,0.982,3,16
360893,0.0,0.0,0.07,0.028,-0.091,0.982,3,16
360943,0.0,0.0,0.05,0.031,-0.094,0.986,3,16
360994,0.0,0.0,0.02,0.032,-0.090,0.984,3,16
361045,0.0,0.0,0.02,0.032,-0.090,0.984,3,16
361094,0.0,0.0,0.16,0.029,-0.090,0.983,3,16
361144,0.0,0.0,0.11,0.031,-0.092,0.982,3,16
361196,0.0,0.0,0.07,0.034,-0.092,0.986,3,16
361245,0.0,0.0,0.02,0.034,-0.089,0.984,3,16
361295,0.0,0.0,0.01,0.032,-0.087,0.982,3,16
361345,0.0,0.0,0.01,0.032,-0.087,0.982,3,16
361395,0.0,0.0,0.17,0.027,-0.093,0.984,3,16
361445,0.0,0.0,0.11,0.030,-0.094,0.983,3,16
361496,0.0,0.0,0.11,0.030,-0.094,0.983,3,16
361546,0.0,0.0,0.08,0.033,-0.089,0.983,3,16
361596,0.0,0.0,0.14,0.031,-0.089,0.984,3,16
361648,0.0,0.0,0.03,0.030,-0.091,0.984,3,16
361698,0.0,0.0,0.06,0.031,-0.092,0.983,3,16
361748,0.0,0.0,0.09,0.031,-0.090,0.985,3,16
361798,0.0,0.0,0.09,0.031,-0.090,0.985,3,16
361848,0.0,0.0,0.07,0.030,-0.090,0.984,3,16
361898,0.0,0.0,0.06,0.029,-0.091,0.983,3,16
361948,0.0,0.0,0.05,0.030,-0.092,0.986,3,16
362002,0.0,0.0,0.15,0.032,-0.092,0.983,3,16
362052,0.0,0.0,0.04,0.033,-0.092,0.981,3,16
362103,0.0,0.0,0.04,0.033,-0.092,0.981,3,16
362152,0.0,0.0,0.03,0.031,-0.090,0.984,3,16
362202,0.0,0.0,0.12,0.029,-0.089,0.985,3,16
362252,0.0,0.0,0.12,0.030,-0.089,0.985,3,16
362302,0.0,0.0,0.08,0.030,-0.092,0.983,3,16
362352,0.0,0.0,0.04,0.031,-0.093,0.983,3,16
362402,0.0,0.0,0.04,0.031,-0.093,0.983,3,16
362452,0.0,0.0,0.10,0.031,-0.089,0.985,3,16
362503,0.0,0.0,0.08,0.029,-0.089,0.983,3,16
362553,0.0,0.0,0.13,0.030,-0.093,0.984,3,16
362603,0.0,0.0,0.08,0.033,-0.095,0.983,3,16
362653,0.0,0.0,0.03,0.035,-0.095,0.985,3,16
362703,0.0,0.0,0.03,0.035,-0.095,0.985,3,16
362753,0.0,0.0,0.02,0.032,-0.087,0.982,3,16
362803,0.0,0.0,0.08,0.027,-0.089,0.984,3,16
362853,0.0,0.0,0.10,0.027,-0.092,0.985,3,16
362903,0.0,0.0,0.05,0.027,-0.094,0.984,3,16
362953,0.0,0.0,0.04,0.032,-0.092,0.984,3,16
363004,0.0,0.0,0.04,0.032,-0.092,0.984,3,16
363054,0.0,0.0,0.06,0.033,-0.087,0.984,3,16
363104,0.0,0.0,0.06,0.031,-0.091,0.982,3,16
363154,0.0,0.0,0.06,0.031,-0.093,0.982,3,16
363204,0.0,0.0,0.06,0.031,-0.093,0.982,3,16
363254,0.0,0.0,0.05,0.031,-0.091,0.983,3,16
363304,0.0,0.0,0.05,0.031,-0.091,0.983,3,16
363354,0.0,0.0,0.14,0.031,-0.090,0.984,3,16
363404,0.0,0.0,0.02,0.029,-0.092,0.983,3,16
363454,0.0,0.0,0.19,0.030,-0.092,0.982,3,16
363505,0.0,0.0,0.21,0.030,-0.091,0.983,3,16
363555,0.0,0.0,0.21,0.030,-0.091,0.983,3,16
363606,0.0,0.0,0.21,0.030,-0.091,0.983,3,16
363655,0.0,0.0,0.09,0.032,-0.091,0.984,3,16
363705,0.0,0.0,0.08,0.029,-0.091,0.982,3,16
363755,0.0,0.0,0.27,0.027,-0.091,0.983,3,16
363805,0.0,0.0,0.27,0.027,-0.091,0.983,3,16
363855,0.0,0.0,0.06,0.037,-0.092,0.985,3,16
363905,0.0,0.0,0.06,0.037,-0.092,0.985,3,16
363955,0.0,0.0,0.13,0.035,-0.090,0.983,3,15
364006,0.0,0.0,0.06,0.025,-0.091,0.984,3,16
364056,0.0,0.0,0.14,0.024,-0.092,0.985,3,16
364106,0.0,0.0,0.01,0.028,-0.091,0.986,3,16
364156,0.0,0.0,0.14,0.033,-0.088,0.982,3,16
364206,0.0,0.0,0.14,0.033,-0.088,0.982,3,16
364256,0.0,0.0,0.20,0.031,-0.088,0.982,3,16
364306,0.0,0.0,0.07,0.030,-0.093,0.985,3,16
364356,0.0,0.0,0.13,0.030,-0.094,0.983,3,16
364406,0.0,0.0,0.13,0.030,-0.094,0.983,3,16
364456,0.0,0.0,0.08,0.032,-0.090,0.983,3,16
364507,0.0,0.0,0.03,0.031,-0.089,0.983,3,16
364557,0.0,0.0,0.03,0.031,-0.089,0.983,3,16
364607,0.0,0.0,0.08,0.030,-0.091,0.984,3,16
364657,0.0,0.0,0.08,0.030,-0.090,0.984,3,16
364707,0.0,0.0,0.02,0.030,-0.090,0.982,3,16
364757,0.0,0.0,0.06,0.032,-0.092,0.983,3,16
364807,0.0,0.0,0.06,0.032,-0.092,0.983,3,16
364857,0.0,0.0,0.08,0.030,-0.091,0.985,3,16
364907,0.0,0.0,0.11,0.026,-0.090,0.985,3,16
364957,0.0,0.0,0.07,0.028,-0.091,0.984,3,16
365008,0.0,0.0,0.07,0.033,-0.092,0.984,3,16
365058,0.0,0.0,0.09,0.035,-0.090,0.983,3,16
365108,0.0,0.0,0.05,0.033,-0.090,0.983,3,16
365158,0.0,0.0,0.05,0.033,-0.090,0.983,3,16
365208,0.0,0.0,0.13,0.030,-0.092,0.985,3,16
365258,0.0,0.0,0.06,0.029,-0.092,0.984,3,16
365308,0.0,0.0,0.04,0.029,-0.091,0.983,3,16
365358,0.0,0.0,0.07,0.030,-0.090,0.984,3,16
365408,0.0,0.0,0.09,0.030,-0.090,0.984,3,16
365458,0.0,0.0,0.09,0.030,-0.090,0.984,3,16
365520,0.0,0.0,0.01,0.031,-0.091,0.983,3,16
365570,0.0,0.0,0.05,0.032,-0.090,0.983,3,16
365620,0.0,0.0,0.05,0.032,-0.090,0.983,3,16
365670,0.0,0.0,0.07,0.030,-0.091,0.983,3,16
365720,0.0,0.0,0.04,0.031,-0.092,0.984,3,16
365771,0.0,0.0,0.04,0.031,-0.091,0.984,3,16
365820,0.0,0.0,0.07,0.030,-0.090,0.984,3,16
365870,0.0,0.0,0.05,0.030,-0.090,0.984,3,16
365921,0.0,0.0,0.05,0.030,-0.090,0.984,3,16
365970,0.0,0.0,0.04,0.032,-0.092,0.983,3,16
366021,0.0,0.0,0.12,0.031,-0.090,0.984,3,16
366071,0.0,0.0,0.09,0.030,-0.091,0.983,3,16
366121,0.0,0.0,0.11,0.030,-0.092,0.984,3,16
366171,0.0,0.0,0.11,0.030,-0.091,0.985,3,16
366222,0.0,0.0,0.11,0.030,-0.091,0.985,3,16
366271,0.0,0.0,0.21,0.028,-0.090,0.984,3,16
366321,0.0,0.0,0.09,0.025,-0.090,0.985,3,16
366371,0.0,0.0,0.17,0.030,-0.092,0.983,3,16
366421,0.0,0.0,0.17,0.032,-0.092,0.980,3,16
366471,0.0,0.0,0.41,0.037,-0.091,0.984,3,15
366525,0.0,0.0,0.41,0.037,-0.091,0.984,3,15
366576,0.0,0.0,0.06,0.038,-0.091,0.988,3,16
366626,0.0,0.0,0.21,0.029,-0.091,0.984,3,16
366676,0.0,0.0,0.06,0.026,-0.090,0.985,3,16
366726,0.0,0.0,0.12,0.026,-0.090,0.981,3,16
366776,0.0,0.0,0.09,0.030,-0.090,0.986,3,16
366826,0.0,0.0,0.09,0.030,-0.090,0.986,3,16
366876,0.0,0.0,0.09,0.031,-0.091,0.985,3,16
366926,0.0,0.0,0.11,0.032,-0.091,0.982,3,16
366976,0.0,0.0,0.14,0.032,-0.091,0.982,3,16
367028,0.0,0.0,0.07,0.032,-0.090,0.985,3,16
367078,0.0,0.0,0.11,0.030,-0.093,0.982,3,16
367128,0.0,0.0,0.03,0.030,-0.090,0.983,3,16
367178,0.0,0.0,0.03,0.030,-0.090,0.983,3,16
367228,0.0,0.0,0.03,0.030,-0.091,0.984,3,16
367278,0.0,0.0,0.03,0.030,-0.091,0.984,3,16
367328,0.0,0.0,0.03,0.030,-0.091,0.984,3,16
367378,0.0,0.0,0.04,0.031,-0.091,0.984,3,16
367429,0.0,0.0,0.05,0.032,-0.089,0.985,3,16
367478,0.0,0.0,0.05,0.032,-0.089,0.985,3,16
367529,0.0,0.0,0.06,0.030,-0.092,0.983,3,16
367579,0.0,0.0,0.06,0.031,-0.096,0.986,3,16
367630,0.0,0.0,0.13,0.032,-0.091,0.982,3,16
367679,0.0,0.0,0.09,0.034,-0.087,0.989,3,16
367729,0.0,0.0,0.12,0.028,-0.092,0.980,3,16
367780,0.0,0.0,0.12,0.028,-0.092,0.980,3,16
367829,0.0,0.0,0.07,0.030,-0.096,0.977,3,16
367879,0.0,0.0,0.12,0.033,-0.091,0.993,3,16
367930,0.0,0.0,0.09,0.032,-0.087,0.993,3,16
367979,0.0,0.0,0.07,0.032,-0.089,0.991,3,16
368030,0.0,0.0,0.19,0.031,-0.092,0.976,3,16
368080,0.0,0.0,0.19,0.031,-0.092,0.976,3,16
368130,0.0,0.0,0.12,0.032,-0.092,0.992,3,16
368180,0.0,0.0,0.16,0.029,-0.090,0.983,3,16
368230,0.0,0.0,0.06,0.027,-0.089,0.980,3,16
368280,0.0,0.0,0.11,0.031,-0.092,0.985,3,16
368330,0.0,0.0,0.03,0.033,-0.091,0.985,3,16
368380,0.0,0.0,0.03,0.033,-0.091,0.985,3,16
368430,0.0,0.0,0.07,0.029,-0.088,0.984,3,16
368480,0.0,0.0,0.04,0.029,-0.088,0.984,3,16
368531,0.0,0.0,0.05,0.028,-0.091,0.983,3,16
368581,0.0,0.0,0.03,0.031,-0.094,0.983,3,16
368631,0.0,0.0,0.05,0.034,-0.094,0.982,3,16
368681,0.0,0.0,0.05,0.034,-0.094,0.982,3,16
368731,0.0,0.0,0.04,0.033,-0.092,0.984,3,16
368781,0.0,0.0,0.07,0.028,-0.089,0.981,3,16
368831,0.0,0.0,0.13,0.026,-0.088,0.985,3,16
368881,0.0,0.0,0.10,0.029,-0.090,0.984,3,16
368931,0.0,0.0,0.07,0.034,-0.093,0.984,3,16
368981,0.0,0.0,0.07,0.034,-0.093,0.984,3,16
369032,0.0,0.0,0.08,0.032,-0.090,0.984,3,16
369082,0.0,0.0,0.05,0.030,-0.090,0.984,3,16
369132,0.0,0.0,0.01,0.029,-0.091,0.982,3,16
369182,0.0,0.0,0.07,0.029,-0.091,0.984,3,16
369232,0.0,0.0,0.14,0.031,-0.090,0.983,3,16
369282,0.0,0.0,0.14,0.031,-0.090,0.983,3,16
369332,0.0,0.0,0.03,0.031,-0.092,0.983,3,16
369382,0.0,0.0,0.04,0.036,-0.096,0.986,3,16
369432,0.0,0.0,0.08,0.036,-0.094,0.983,3,16
369482,0.0,0.0,0.08,0.036,-0.094,0.983,3,16
369533,0.0,0.0,0.11,0.020,-0.088,0.983,3,16
369583,0.0,0.0,0.11,0.020,-0.088,0.983,3,16
369633,0.0,0.0,0.09,0.038,-0.091,0.992,3,16
369683,0.0,0.0,0.03,0.045,-0.087,0.978,3,16
369733,0.0,0.0,0.08,0.050,-0.087,0.981,3,16
369783,0.0,0.0,0.17,0.032,-0.096,0.980,3,16
369833,0.0,0.0,0.13,0.021,-0.085,0.981,3,16
369883,0.0,0.0,0.13,0.021,-0.085,0.981,3,16
369933,0.0,0.0,0.10,0.024,-0.087,0.979,3,16
369983,0.0,0.0,0.09,0.031,-0.095,0.988,3,16
370034,0.0,0.0,0.09,0.036,-0.099,0.983,3,16
370087,0.0,0.0,0.09,0.036,-0.099,0.983,3,16
370137,0.0,0.0,0.09,0.026,-0.086,0.971,3,16
370191,0.0,0.0,0.09,0.026,-0.086,0.971,3,16
370240,0.0,0.0,0.04,0.026,-0.093,0.988,3,16
370290,0.0,0.0,0.09,0.039,-0.090,0.992,3,16
370341,0.0,0.0,0.09,0.039,-0.090,0.992,3,16
370390,0.0,0.0,0.05,0.034,-0.080,0.970,3,16
370440,0.0,0.0,0.13,0.028,-0.094,1.004,3,16
370490,0.0,0.0,0.13,0.028,-0.094,1.004,3,16
370547,0.0,0.0,0.15,0.022,-0.095,0.985,3,16
370597,0.0,0.0,0.09,0.020,-0.082,0.990,3,16
370649,0.0,0.0,0.17,0.020,-0.079,0.981,3,16
370699,0.0,0.0,0.13,0.023,-0.083,0.982,3,16
370749,0.0,0.0,0.15,0.020,-0.092,0.984,3,16
370799,0.0,0.0,0.15,0.020,-0.092,0.984,3,16
370849,0.0,0.0,0.11,0.027,-0.094,0.983,3,16
370899,0.0,0.0,0.14,0.041,-0.089,0.982,3,16
370949,0.0,0.0,0.12,0.038,-0.081,0.985,3,16
370999,0.0,0.0,0.12,0.031,-0.076,0.986,3,16
371050,0.0,0.0,0.07,0.024,-0.086,0.989,3,16
371100,0.0,0.0,0.07,0.024,-0.086,0.989,3,16
371150,0.0,0.0,0.13,0.019,-0.089,0.989,3,16
371200,0.0,0.0,0.07,0.015,-0.079,0.985,3,16
371251,0.0,0.0,0.04,0.020,-0.079,0.977,3,16
371300,0.0,0.0,0.06,0.032,-0.086,0.978,3,16
371350,0.0,0.0,0.05,0.042,-0.086,0.983,3,16
371401,0.0,0.0,0.05,0.042,-0.086,0.983,3,16
371450,0.0,0.0,0.14,0.037,-0.064,0.972,3,16
371500,0.0,0.0,0.13,0.031,-0.069,0.995,3,16
371552,0.0,0.0,0.05,0.026,-0.076,1.014,3,16
371601,0.0,0.0,0.07,0.022,-0.083,1.022,3,16
371651,0.0,0.0,0.09,0.023,-0.080,0.986,3,16
371701,0.0,0.0,0.09,0.023,-0.080,0.986,3,16
371751,0.0,0.0,0.19,0.033,-0.082,0.998,3,16
371801,0.0,0.0,0.02,0.045,-0.087,0.969,3,16
371851,0.0,0.0,0.09,0.039,-0.087,0.969,3,16
371901,0.0,0.0,0.19,0.026,-0.089,0.960,3,16
371951,0.0,0.0,0.04,0.011,-0.087,0.965,3,16
372001,0.0,110.1,0.04,0.011,-0.087,0.965,3,16
372053,0.0,110.1,0.05,0.032,-0.088,0.979,3,16
372103,0.0,110.1,0.06,0.047,-0.084,0.984,3,16
372153,0.0,110.1,0.04,0.045,-0.091,0.986,3,16
372203,0.0,110.1,0.13,0.041,-0.093,0.981,3,16
372253,0.0,110.1,0.11,0.037,-0.097,0.992,3,16
372303,0.0,110.1,0.11,0.037,-0.097,0.992,3,16
372353,0.0,110.1,0.08,0.028,-0.088,0.989,3,16
372403,0.0,110.1,0.21,0.026,-0.088,0.974,3,16
372453,0.0,110.1,0.06,0.031,-0.090,0.983,3,16
372503,0.0,110.1,0.03,0.029,-0.091,0.975,3,16
372554,0.0,110.1,0.12,0.026,-0.088,0.988,3,16
372604,0.0,110.1,0.12,0.026,-0.088,0.988,3,16
372654,0.0,110.1,0.27,0.030,-0.092,0.990,3,16
372704,0.0,110.1,0.34,0.032,-0.088,0.984,3,16
372754,0.0,110.1,0.25,0.034,-0.087,0.988,3,16
372804,0.0,110.1,0.23,0.035,-0.089,0.990,3,16
372854,0.0,110.1,0.15,0.032,-0.092,0.979,3,15
372904,0.0,110.1,0.15,0.032,-0.092,0.979,3,15
372954,0.0,110.1,0.27,0.032,-0.090,0.981,3,15
373004,0.0,0.0,0.06,0.034,-0.089,0.990,3,15
373055,0.0,0.0,0.28,0.035,-0.090,0.977,3,15
373105,0.0,0.0,0.20,0.033,-0.086,0.976,3,15
373155,0.0,0.0,0.46,0.022,-0.096,0.987,3,16
373205,0.0,0.0,0.46,0.022,-0.096,0.987,3,16
373255,0.0,0.0,0.16,0.031,-0.092,0.994,3,16
373305,0.0,0.0,0.04,0.052,-0.078,0.981,3,16
373355,0.0,0.0,0.10,0.052,-0.083,0.983,3,16
373405,0.0,0.0,0.15,0.044,-0.096,0.973,3,16
373455,0.0,0.0,0.19,0.024,-0.103,0.984,3,16
373505,0.0,0.0,0.19,0.024,-0.103,0.984,3,16
373556,0.0,0.0,0.22,0.016,-0.091,0.988,3,16
373606,0.0,0.0,0.21,0.017,-0.077,0.986,3,16
373656,0.0,0.0,0.20,0.027,-0.084,0.984,3,16
373706,0.0,0.0,0.16,0.039,-0.091,0.985,3,16
373756,0.0,0.0,0.07,0.049,-0.092,0.980,3,16
373806,0.0,0.0,0.07,0.049,-0.092,0.980,3,16
373856,0.0,0.0,0.04,0.029,-0.089,0.988,3,16
373906,0.0,0.0,0.10,0.026,-0.087,0.985,3,16
373956,0.0,0.0,0.11,0.033,-0.086,0.982,3,16
374006,0.0,0.0,0.04,0.037,-0.088,0.974,3,16
374057,0.0,0.0,0.08,0.023,-0.096,0.982,3,16
374107,0.0,0.0,0.08,0.023,-0.096,0.982,3,16
374157,0.0,0.0,0.05,0.020,-0.092,0.988,3,16
374207,0.0,0.0,0.18,0.035,-0.083,0.987,3,16
374257,0.0,0.0,0.12,0.041,-0.084,0.983,3,16
374307,0.0,0.0,0.03,0.042,-0.091,0.982,3,16
374357,0.0,0.0,0.08,0.034,-0.094,0.980,3,16
374407,0.0,0.0,0.08,0.034,-0.094,0.980,3,16
374457,0.0,0.0,0.03,0.030,-0.081,0.980,3,16
374507,0.0,0.0,0.04,0.034,-0.089,0.987,3,16
374558,0.0,0.0,0.05,0.035,-0.095,0.982,3,16
374608,0.0,0.0,0.18,0.030,-0.097,0.987,3,16
374658,0.0,0.0,0.14,0.025,-0.087,0.982,3,16
374708,0.0,0.0,0.09,0.027,-0.084,0.985,3,16
374758,0.0,0.0,0.09,0.027,-0.084,0.985,3,16
374808,0.0,0.0,0.22,0.043,-0.088,0.981,3,16
374858,0.0,0.0,0.11,0.043,-0.090,0.988,3,16
374908,0.0,0.0,0.12,0.038,-0.090,0.984,3,16
374958,0.0,0.0,0.04,0.025,-0.084,0.982,3,16
375008,0.0,0.0,0.08,0.027,-0.089,0.986,3,16
375059,0.0,0.0,0.08,0.027,-0.089,0.986,3,16
375109,0.0,0.0,0.23,0.035,-0.094,0.987,3,16
375159,0.0,0.0,0.21,0.036,-0.091,0.981,3,16
375209,0.0,0.0,0.12,0.037,-0.087,0.981,3,16
375259,0.0,0.0,0.06,0.036,-0.088,0.990,3,16
375309,0.0,0.0,0.06,0.038,-0.090,0.974,3,16
375359,0.0,0.0,0.06,0.038,-0.090,0.974,3,16
375409,0.0,0.0,0.03,0.031,-0.083,0.980,3,16
375459,0.0,0.0,0.14,0.030,-0.089,0.993,3,16
375509,0.0,0.0,0.15,0.027,-0.093,0.989,3,15
375570,0.0,0.0,0.03,0.038,-0.096,0.979,3,15
375620,0.0,0.0,0.04,0.037,-0.083,0.985,3,15
375670,0.0,0.0,0.03,0.034,-0.085,0.982,3,15
375720,0.0,0.0,0.09,0.034,-0.091,0.982,3,15
375770,0.0,0.0,0.09,0.034,-0.097,0.981,3,15
375820,0.0,0.0,0.09,0.034,-0.097,0.981,3,15
375870,0.0,0.0,0.04,0.034,-0.087,0.987,3,14
375920,0.0,0.0,0.08,0.030,-0.087,0.982,3,14
375970,0.0,0.0,0.02,0.029,-0.089,0.986,3,15
376020,0.0,0.0,0.12,0.025,-0.090,0.989,3,15
376071,0.0,0.0,0.11,0.032,-0.091,0.987,3,15
376121,0.0,0.0,0.11,0.032,-0.091,0.987,3,15
376171,0.0,0.0,0.11,0.041,-0.092,0.989,3,16
376221,0.0,0.0,0.30,0.034,-0.091,0.976,3,16
376272,0.0,0.0,0.19,0.033,-0.093,0.977,3,16
376321,0.0,0.0,0.17,0.032,-0.094,0.981,3,16
376371,0.0,0.0,0.19,0.036,-0.091,0.985,3,16
376422,0.0,0.0,0.19,0.036,-0.091,0.985,3,16
376471,0.0,0.0,0.09,0.037,-0.093,0.974,3,16
376521,0.0,0.0,0.11,0.034,-0.095,0.982,3,16
376572,0.0,0.0,0.12,0.025,-0.094,0.982,3,16
376622,0.0,0.0,0.14,0.019,-0.093,0.971,3,16
376672,0.0,0.0,0.09,0.023,-0.084,0.973,3,16
376722,0.0,0.0,0.09,0.023,-0.084,0.973,3,16
376772,0.0,0.0,0.10,0.041,-0.097,0.995,3,16
376822,0.0,0.0,0.06,0.046,-0.104,0.985,3,16
376872,0.0,0.0,0.07,0.043,-0.090,1.001,3,16
376922,0.0,0.0,0.04,0.026,-0.079,0.979,3,16
376972,0.0,0.0,0.36,0.015,-0.082,0.974,3,16
377022,0.0,0.0,0.36,0.015,-0.082,0.974,3,16
377079,0.0,0.0,0.24,0.035,-0.098,0.979,3,16
377129,0.0,0.0,0.23,0.033,-0.099,0.967,3,16
377179,0.0,0.0,0.36,0.019,-0.096,0.983,3,16
377229,0.0,0.0,0.25,0.005,-0.097,0.977,3,16
377279,0.0,0.0,0.27,0.013,-0.085,1.022,3,16
377329,0.0,0.0,0.08,0.030,-0.093,0.999,3,16
377379,0.0,0.0,0.08,0.030,-0.093,0.999,3,16
377429,0.0,0.0,0.05,0.045,-0.102,0.947,3,16
377479,0.0,0.0,0.06,0.043,-0.093,0.998,3,16
377529,0.0,0.0,0.19,0.027,-0.090,0.969,3,16
377580,0.0,0.0,0.14,0.019,-0.096,1.005,3,16
377630,0.0,0.0,0.25,0.028,-0.091,0.993,3,16
377681,0.0,0.0,0.25,0.028,-0.091,0.993,3,16
377730,0.0,0.0,0.26,0.032,-0.086,0.994,3,16
377780,0.0,0.0,0.21,0.031,-0.094,1.000,3,16
377831,0.0,0.0,0.18,0.027,-0.096,0.991,3,16
377880,0.0,0.0,0.32,0.019,-0.092,0.971,3,15
377930,0.0,0.0,0.15,0.015,-0.089,1.006,3,16
377981,0.0,0.0,0.15,0.015,-0.089,1.006,3,16
378030,0.0,0.0,0.19,0.019,-0.105,1.055,3,16
378081,0.0,0.0,0.19,0.019,-0.105,1.055,3,16
378131,0.0,0.0,0.60,0.023,-0.095,1.005,3,16
378181,0.0,0.0,0.51,0.027,-0.086,0.952,3,16
378231,0.0,0.0,0.12,0.043,-0.089,0.928,3,16
378281,0.0,0.0,0.12,0.043,-0.089,0.928,3,16
378331,0.0,0.0,0.26,0.055,-0.094,0.938,3,16
378381,0.0,0.0,0.32,0.059,-0.097,0.964,3,16
378431,0.0,0.0,0.37,0.057,-0.099,0.968,3,16
378481,0.0,0.0,0.14,0.041,-0.095,0.984,3,16
378531,0.0,0.0,0.23,0.031,-0.090,0.983,3,16
378582,0.0,0.0,0.23,0.031,-0.090,0.983,3,16
378632,0.0,0.0,0.49,0.037,-0.095,0.982,3,16
378682,0.0,0.0,0.31,0.042,-0.097,0.983,3,16
378732,0.0,0.0,0.26,0.045,-0.095,0.983,3,16
378782,0.0,0.0,0.26,0.045,-0.095,0.983,3,16
378832,0.0,0.0,0.24,0.043,-0.093,0.981,3,16
378882,0.0,0.0,0.24,0.043,-0.093,0.981,3,16
378932,0.0,0.0,0.13,0.039,-0.095,0.983,3,16
378982,0.0,0.0,0.11,0.040,-0.094,0.983,3,16
379032,0.0,0.0,0.11,0.042,-0.093,0.984,3,16
379083,0.0,0.0,0.07,0.043,-0.094,0.982,3,16
379133,0.0,0.0,0.04,0.041,-0.095,0.983,3,16
379183,0.0,0.0,0.04,0.041,-0.095,0.983,3,16
379233,0.0,0.0,0.11,0.041,-0.093,0.983,3,16
379283,0.0,0.0,0.06,0.041,-0.093,0.983,3,16
379333,0.0,0.0,0.06,0.041,-0.093,0.983,3,16
379383,0.0,0.0,0.12,0.041,-0.094,0.983,3,16
379433,0.0,0.0,0.16,0.041,-0.094,0.983,3,16
379483,0.0,0.0,0.16,0.041,-0.094,0.983,3,16
379533,0.0,0.0,0.12,0.042,-0.094,0.983,3,16
379584,0.0,0.0,0.06,0.042,-0.094,0.983,3,16
379634,0.0,0.0,0.14,0.042,-0.094,0.983,3,16
379684,0.0,0.0,0.23,0.041,-0.094,0.983,3,16
379734,0.0,0.0,0.06,0.041,-0.094,0.983,3,16
379784,0.0,0.0,0.06,0.041,-0.094,0.983,3,16
379834,0.0,0.0,0.15,0.041,-0.095,0.983,3,16
379884,0.0,0.0,0.08,0.041,-0.094,0.983,3,16
379935,0.0,0.0,0.08,0.041,-0.094,0.983,3,16
379984,0.0,0.0,0.08,0.041,-0.094,0.983,3,16
380034,0.0,0.0,0.19,0.041,-0.093,0.983,3,16
380094,0.0,0.0,0.19,0.041,-0.093,0.983,3,16
380143,0.0,0.0,0.05,0.042,-0.094,0.983,3,16
380193,0.0,0.0,0.08,0.042,-0.094,0.983,3,16
380244,0.0,0.0,0.08,0.042,-0.094,0.983,3,16
380293,0.0,0.0,0.11,0.042,-0.094,0.983,3,16
380343,0.0,0.0,0.10,0.041,-0.094,0.983,3,16
380393,0.0,0.0,0.10,0.041,-0.094,0.983,3,16
380443,0.0,0.0,0.07,0.041,-0.094,0.983,3,16
380493,0.0,0.0,0.02,0.041,-0.094,0.983,3,16
380543,0.0,0.0,0.02,0.041,-0.094,0.983,3,16
380595,0.0,0.0,0.06,0.042,-0.094,0.982,3,16
380645,0.0,0.0,0.09,0.041,-0.094,0.983,3,16
380695,0.0,0.0,0.09,0.041,-0.094,0.983,3,16
380745,0.0,0.0,0.06,0.041,-0.094,0.983,3,16
380795,0.0,0.0,0.10,0.041,-0.094,0.983,3,16
380845,0.0,0.0,0.10,0.041,-0.094,0.983,3,16
380895,0.0,0.0,0.15,0.041,-0.094,0.983,3,16
380945,0.0,0.0,0.08,0.041,-0.094,0.983,3,16
380995,0.0,0.0,0.08,0.041,-0.094,0.983,3,16
381045,0.0,0.0,0.19,0.041,-0.094,0.983,3,16
381096,0.0,0.0,0.05,0.042,-0.094,0.983,3,16
381146,0.0,0.0,0.05,0.042,-0.094,0.983,3,16
381196,0.0,0.0,0.10,0.042,-0.093,0.983,3,16
381246,0.0,0.0,0.08,0.042,-0.093,0.983,3,16
381296,0.0,0.0,0.08,0.042,-0.093,0.983,3,16
381346,0.0,0.0,0.11,0.041,-0.094,0.983,3,16
381396,0.0,0.0,0.12,0.042,-0.094,0.983,3,16
381446,0.0,0.0,0.12,0.042,-0.094,0.983,3,16
381496,0.0,0.0,0.12,0.042,-0.094,0.983,3,16
381546,0.0,0.0,0.08,0.042,-0.094,0.983,3,16
381599,0.0,0.0,0.08,0.042,-0.094,0.983,3,16
381648,0.0,0.0,0.16,0.041,-0.094,0.983,3,16
381698,0.0,0.0,0.07,0.042,-0.094,0.983,3,16
381748,0.0,0.0,0.07,0.042,-0.094,0.983,3,16
381798,0.0,0.0,0.12,0.042,-0.094,0.983,3,16
381848,0.0,0.0,0.09,0.042,-0.094,0.983,3,16
381902,0.0,0.0,0.09,0.042,-0.094,0.983,3,16
381951,0.0,0.0,0.04,0.041,-0.094,0.983,3,16
382001,0.0,0.0,0.11,0.042,-0.094,0.982,3,16
382053,0.0,0.0,0.10,0.042,-0.094,0.982,3,16
382105,0.0,0.0,0.10,0.042,-0.094,0.982,3,16
382155,0.0,0.0,0.08,0.042,-0.094,0.984,3,16
382205,0.0,0.0,0.08,0.042,-0.094,0.984,3,16
382255,0.0,0.0,0.05,0.042,-0.093,0.983,3,16
382305,0.0,0.0,0.11,0.042,-0.094,0.983,3,16
382355,0.0,0.0,0.15,0.042,-0.094,0.983,3,16
382405,0.0,0.0,0.15,0.042,-0.094,0.983,3,16
382455,0.0,0.0,0.13,0.042,-0.093,0.983,3,16
382505,0.0,0.0,0.13,0.042,-0.093,0.983,3,16
382555,0.0,0.0,0.18,0.042,-0.094,0.983,3,16
382606,0.0,0.0,0.21,0.042,-0.094,0.983,3,16
382656,0.0,0.0,0.13,0.042,-0.094,0.983,3,16
382706,0.0,0.0,0.13,0.042,-0.094,0.983,3,16
382756,0.0,0.0,0.17,0.042,-0.094,0.983,3,16
382806,0.0,0.0,0.17,0.042,-0.094,0.983,3,16
382856,0.0,0.0,0.20,0.042,-0.094,0.983,3,16
382906,0.0,0.0,0.08,0.042,-0.093,0.983,3,16
382956,0.0,0.0,0.06,0.042,-0.094,0.983,3,16
383006,0.0,0.0,0.06,0.042,-0.094,0.983,3,16
383056,0.0,0.0,0.26,0.042,-0.094,0.983,3,16
383107,0.0,0.0,0.26,0.042,-0.094,0.983,3,16
383157,0.0,0.0,0.09,0.042,-0.094,0.983,3,16
383207,0.0,0.0,0.09,0.035,-0.106,0.970,3,16
383257,0.0,0.0,0.15,0.042,-0.104,0.988,3,16
383307,0.0,0.0,0.15,0.042,-0.104,0.988,3,16
383357,0.0,0.0,0.08,0.053,-0.073,1.001,3,16
383407,0.0,0.0,0.08,0.053,-0.073,1.001,3,16
383457,0.0,0.0,0.06,0.045,-0.066,0.974,3,16
383507,0.0,0.0,0.04,0.037,-0.108,0.978,3,16
383557,0.0,0.0,0.07,0.034,-0.111,0.986,3,16
383608,0.0,0.0,0.07,0.034,-0.111,0.986,3,16
383658,0.0,0.0,0.06,0.037,-0.071,0.980,3,16
383708,0.0,0.0,0.06,0.037,-0.071,0.980,3,16
383758,0.0,0.0,0.05,0.040,-0.070,0.995,3,16
383808,0.0,0.0,0.03,0.042,-0.108,0.975,3,16
383858,0.0,0.0,0.05,0.047,-0.101,0.986,3,16
383908,0.0,0.0,0.05,0.047,-0.101,0.986,3,16
383958,0.0,0.0,0.13,0.042,-0.080,0.985,3,16
384008,0.0,0.0,0.04,0.040,-0.088,0.986,3,16
384058,0.0,0.0,0.06,0.039,-0.097,0.978,3,16
384109,0.0,0.0,0.10,0.041,-0.098,0.985,3,16
384159,0.0,0.0,0.07,0.042,-0.089,0.980,3,16
384209,0.0,0.0,0.07,0.042,-0.089,0.980,3,16
384259,0.0,0.0,0.06,0.042,-0.090,0.983,3,16
384309,0.0,0.0,0.06,0.042,-0.090,0.983,3,16
384359,0.0,0.0,0.06,0.042,-0.090,0.983,3,16
384409,0.0,0.0,0.06,0.042,-0.098,0.983,3,16
384459,0.0,0.0,0.02,0.042,-0.088,0.982,3,16
384509,0.0,0.0,0.02,0.042,-0.088,0.982,3,16
384559,0.0,0.0,0.02,0.041,-0.094,0.983,3,16
384610,0.0,0.0,0.02,0.041,-0.094,0.983,3,16
384660,0.0,0.0,0.01,0.042,-0.094,0.983,3,16
384710,0.0,0.0,0.06,0.042,-0.091,0.983,3,16
384760,0.0,0.0,0.04,0.042,-0.094,0.983,3,16
384810,0.0,0.0,0.04,0.042,-0.094,0.983,3,16
384860,0.0,0.0,0.04,0.042,-0.094,0.983,3,16
384910,0.0,0.0,0.03,0.042,-0.092,0.983,3,16
384960,0.0,0.0,0.05,0.042,-0.091,0.983,3,16
385010,0.0,0.0,0.06,0.042,-0.094,0.983,3,16
385060,0.0,0.0,0.08,0.042,-0.093,0.983,3,16
385119,0.0,0.0,0.08,0.042,-0.093,0.983,3,16
385168,0.0,0.0,0.03,0.042,-0.092,0.983,3,16
385218,0.0,0.0,0.06,0.042,-0.094,0.983,3,16
385269,0.0,0.0,0.06,0.042,-0.094,0.983,3,16
385320,0.0,0.0,0.04,0.042,-0.093,0.983,3,16
385370,0.0,0.0,0.01,0.042,-0.092,0.983,3,16
385420,0.0,0.0,0.01,0.042,-0.092,0.983,3,16
385470,0.0,0.0,0.07,0.042,-0.093,0.983,3,16
385520,0.0,0.0,0.04,0.042,-0.094,0.983,3,16
385570,0.0,0.0,0.04,0.042,-0.094,0.983,3,16
385623,0.0,0.0,0.02,0.042,-0.093,0.983,3,16
385673,0.0,0.0,0.04,0.042,-0.093,0.983,3,16
385726,0.0,0.0,0.04,0.042,-0.093,0.983,3,16
385775,0.0,0.0,0.08,0.042,-0.094,0.983,3,16
385825,0.0,0.0,0.05,0.042,-0.093,0.983,3,16
385876,0.0,0.0,0.06,0.042,-0.093,0.983,3,16
385925,0.0,0.0,0.03,0.042,-0.093,0.983,3,16
385975,0.0,0.0,0.06,0.042,-0.093,0.983,3,16
386026,0.0,0.0,0.06,0.042,-0.093,0.983,3,16
386075,0.0,0.0,0.08,0.042,-0.093,0.983,3,16
386126,0.0,0.0,0.06,0.042,-0.093,0.983,3,16
386177,0.0,0.0,0.03,0.042,-0.093,0.983,3,16
386227,0.0,0.0,0.04,0.042,-0.093,0.983,3,16
386277,0.0,0.0,0.02,0.042,-0.093,0.983,3,16
386327,0.0,0.0,0.02,0.042,-0.093,0.983,3,16
386377,0.0,0.0,0.01,0.042,-0.093,0.983,3,16
386427,0.0,0.0,0.04,0.045,-0.092,0.982,3,16
386477,0.0,0.0,0.03,0.044,-0.093,0.984,3,16
386527,0.0,0.0,0.04,0.041,-0.093,0.981,3,16
386577,0.0,0.0,0.03,0.039,-0.093,0.985,3,16
386628,0.0,0.0,0.03,0.039,-0.093,0.985,3,16
386678,0.0,0.0,0.03,0.039,-0.093,0.985,3,16
386728,0.0,0.0,0.06,0.039,-0.094,0.983,3,16
386778,0.0,0.0,0.02,0.042,-0.094,0.984,3,16
386828,0.0,0.0,0.01,0.046,-0.092,0.982,3,16
386878,0.0,0.0,0.05,0.045,-0.093,0.983,3,16
386928,0.0,0.0,0.05,0.045,-0.093,0.983,3,16
386978,0.0,0.0,0.04,0.038,-0.094,0.982,3,16
387028,0.0,0.0,0.11,0.040,-0.092,0.982,3,16
387078,0.0,0.0,0.01,0.044,-0.091,0.983,3,16
387129,0.0,0.0,0.01,0.044,-0.091,0.983,3,16
387179,0.0,0.0,0.13,0.046,-0.093,0.982,3,16
387231,0.0,0.0,0.13,0.046,-0.093,0.982,3,16
387280,0.0,0.0,0.03,0.041,-0.094,0.982,3,16
387330,0.0,0.0,0.08,0.041,-0.092,0.983,3,16
387380,0.0,0.0,0.08,0.041,-0.092,0.983,3,16
387430,0.0,0.0,0.08,0.041,-0.092,0.983,3,16
387480,0.0,0.0,0.02,0.043,-0.093,0.981,3,16
387531,0.0,0.0,0.02,0.043,-0.093,0.981,3,16
387580,0.0,0.0,0.09,0.043,-0.096,0.982,3,16
387631,0.0,0.0,0.11,0.041,-0.091,0.983,3,16
387681,0.0,0.0,0.07,0.041,-0.092,0.984,3,16
387732,0.0,0.0,0.02,0.042,-0.095,0.982,3,16
387781,0.0,0.0,0.02,0.043,-0.094,0.983,3,16
387832,0.0,0.0,0.02,0.043,-0.094,0.983,3,16
387882,0.0,0.0,0.02,0.041,-0.093,0.982,3,16
387931,0.0,0.0,0.02,0.042,-0.095,0.982,3,16
387981,0.0,0.0,0.03,0.043,-0.092,0.983,3,16
388032,0.0,0.0,0.03,0.043,-0.092,0.983,3,16
388081,0.0,0.0,0.04,0.042,-0.093,0.982,3,16
388132,0.0,0.0,0.04,0.042,-0.093,0.982,3,16
388182,0.0,0.0,0.04,0.043,-0.094,0.982,3,16
388232,0.0,0.0,0.09,0.043,-0.093,0.982,3,16
388282,0.0,0.0,0.06,0.042,-0.093,0.983,3,16
388332,0.0,0.0,0.03,0.042,-0.093,0.983,3,16
388382,0.0,0.0,0.04,0.042,-0.094,0.983,3,16
388432,0.0,0.0,0.04,0.042,-0.094,0.983,3,16
388482,0.0,0.0,0.08,0.043,-0.093,0.983,3,16
388532,0.0,0.0,0.07,0.043,-0.093,0.983,3,16
388582,0.0,0.0,0.04,0.042,-0.093,0.983,3,16
388633,0.0,0.0,0.05,0.042,-0.093,0.983,3,16
388683,0.0,0.0,0.03,0.043,-0.093,0.983,3,16
388733,0.0,0.0,0.03,0.043,-0.093,0.983,3,16
388783,0.0,0.0,0.04,0.042,-0.094,0.982,3,16
388833,0.0,0.0,0.01,0.042,-0.094,0.982,3,16
388883,0.0,0.0,0.02,0.042,-0.093,0.983,3,16
388933,0.0,0.0,0.08,0.042,-0.092,0.983,3,16
388983,0.0,0.0,0.09,0.042,-0.093,0.983,3,16
389033,0.0,0.0,0.09,0.042,-0.093,0.983,3,16
389083,0.0,0.0,0.05,0.043,-0.094,0.982,3,16
389134,0.0,0.0,0.06,0.043,-0.093,0.982,3,16
389184,0.0,0.0,0.04,0.042,-0.092,0.982,3,16
389234,0.0,0.0,0.04,0.042,-0.093,0.983,3,16
389284,0.0,0.0,0.06,0.042,-0.094,0.982,3,16
389334,0.0,0.0,0.03,0.042,-0.094,0.983,3,16
389384,0.0,0.0,0.03,0.042,-0.094,0.983,3,16
389434,0.0,0.0,0.03,0.043,-0.092,0.983,3,16
389484,0.0,0.0,0.08,0.044,-0.093,0.983,3,16
389534,0.0,0.0,0.06,0.043,-0.095,0.983,3,16
389584,0.0,0.0,0.02,0.040,-0.097,0.983,3,16
