timestamp_ms,pri_rpm,sec_rpm,speed_mph,g_x,g_y,g_z,fix_status,sat_count
629,0.0,0.0,0.00,0.000,0.000,0.000,0,0
679,0.0,0.0,0.00,0.000,0.000,0.000,0,0
729,0.0,0.0,0.00,0.000,0.000,0.000,0,0
779,0.0,0.0,0.00,0.000,0.000,0.000,0,0
829,0.0,0.0,0.00,0.000,0.000,0.000,0,0
879,0.0,0.0,0.00,0.000,0.000,0.000,0,0
929,0.0,0.0,0.00,0.000,0.000,0.000,0,0
979,0.0,0.0,0.00,0.000,0.000,0.000,0,0
1029,0.0,0.0,0.00,0.000,0.000,0.000,0,0
1079,0.0,0.0,0.00,0.000,0.000,0.000,0,0
1129,0.0,0.0,0.00,0.000,0.000,0.000,0,0
1179,0.0,0.0,0.00,0.000,0.000,0.000,0,0
1229,0.0,0.0,0.00,0.000,0.000,0.000,0,0
1279,0.0,0.0,0.00,0.000,0.000,0.000,0,0
1329,0.0,0.0,0.00,0.000,0.000,0.000,0,0
1379,0.0,0.0,0.00,0.000,0.000,0.000,0,0
1429,0.0,0.0,0.00,0.000,0.000,0.000,0,0
1479,0.0,0.0,0.00,0.000,0.000,0.000,0,0
1529,0.0,0.0,0.00,0.000,0.000,0.000,0,0
1579,0.0,0.0,0.00,0.000,0.000,0.000,0,0
1629,0.0,0.0,0.00,0.000,0.000,0.000,0,0
1679,0.0,0.0,0.00,0.000,0.000,0.000,0,0
1729,0.0,0.0,0.00,0.000,0.000,0.000,0,0
1779,0.0,0.0,0.00,0.000,0.000,0.000,0,0
1829,0.0,0.0,0.00,0.000,0.000,0.000,0,0
1879,0.0,0.0,0.00,0.000,0.000,0.000,0,0
1929,0.0,0.0,0.00,0.000,0.000,0.000,0,0
1979,0.0,0.0,0.00,0.000,0.000,0.000,0,0
2029,0.0,0.0,0.00,0.000,0.000,0.000,0,0
2079,0.0,0.0,0.00,0.000,0.000,0.000,0,0
2129,0.0,0.0,0.00,0.000,0.000,0.000,0,0
2179,0.0,0.0,0.00,0.000,0.000,0.000,0,0
2229,0.0,0.0,0.00,0.000,0.000,0.000,0,0
2279,0.0,0.0,0.00,0.000,0.000,0.000,0,0
2329,0.0,0.0,0.00,0.000,0.000,0.000,0,0
2379,0.0,0.0,0.00,0.000,0.000,0.000,0,0
2429,0.0,0.0,0.00,0.000,0.000,0.000,0,0
2480,0.0,0.0,0.00,0.000,0.000,0.000,0,0
2529,0.0,0.0,0.00,0.000,0.000,0.000,0,0
2580,0.0,0.0,0.00,0.000,0.000,0.000,0,0
2632,0.0,0.0,0.00,0.000,0.000,0.000,0,0
2682,0.0,0.0,0.00,0.000,0.000,0.000,0,0
2732,0.0,0.0,0.00,0.000,0.000,0.000,0,0
2782,0.0,0.0,0.00,0.000,0.000,0.000,0,0
2832,0.0,0.0,0.00,0.000,0.000,0.000,0,0
2882,0.0,0.0,0.00,0.000,0.000,0.000,0,0
2932,0.0,0.0,0.00,0.000,0.000,0.000,0,0
2982,0.0,0.0,0.00,0.000,0.000,0.000,0,0
3032,0.0,0.0,0.00,0.000,0.000,0.000,0,0
3082,0.0,0.0,0.00,0.000,0.000,0.000,0,0
3133,0.0,0.0,0.00,0.000,0.000,0.000,0,0
3183,0.0,0.0,0.00,0.000,0.000,0.000,0,0
3233,0.0,0.0,0.00,0.000,0.000,0.000,0,0
3283,0.0,0.0,0.00,0.000,0.000,0.000,0,0
3333,0.0,0.0,0.00,1.020,0.003,0.002,87,0
3383,0.0,0.0,0.00,0.027,0.025,0.980,0,0
3433,0.0,0.0,0.00,0.026,0.022,0.984,0,0
3484,0.0,0.0,0.00,0.026,0.019,0.987,0,0
3533,0.0,0.0,0.00,0.027,0.016,0.989,0,0
3583,0.0,0.0,0.00,0.028,0.016,0.988,0,0
3638,0.0,0.0,0.00,0.029,0.017,0.988,0,0
3688,0.0,0.0,0.00,0.029,0.017,0.987,0,0
3738,0.0,0.0,0.00,0.029,0.017,0.987,0,0
3788,0.0,0.0,0.00,0.027,0.018,0.986,0,0
3838,0.0,0.0,0.00,0.026,0.018,0.986,0,0
3888,0.0,0.0,0.00,0.026,0.017,0.986,0,0
3938,0.0,0.0,0.00,0.027,0.017,0.986,0,0
3988,0.0,0.0,0.00,0.029,0.016,0.986,0,0
4038,0.0,0.0,0.00,0.030,0.015,0.984,0,0
4088,0.0,0.0,0.00,0.030,0.016,0.986,0,0
4138,0.0,0.0,0.00,0.029,0.018,0.986,0,0
4188,0.0,0.0,0.00,0.030,0.019,0.985,0,0
4238,0.0,0.0,0.00,0.031,0.019,0.985,0,0
4289,0.0,0.0,0.00,0.031,0.020,0.984,0,0
4339,0.0,0.0,0.00,0.028,0.017,0.984,0,0
4389,0.0,0.0,0.00,0.027,0.016,0.983,0,0
4439,0.0,0.0,0.00,0.028,0.015,0.984,0,0
4489,0.0,0.0,0.00,0.028,0.016,0.985,0,0
4539,0.0,0.0,0.00,0.027,0.018,0.985,0,0
4594,0.0,0.0,0.00,0.029,0.019,0.984,0,0
4644,0.0,0.0,0.00,0.029,0.016,0.984,0,0
4694,0.0,0.0,0.00,0.029,0.016,0.984,0,0
4744,0.0,0.0,0.00,0.029,0.015,0.986,0,0
4794,0.0,0.0,0.00,0.028,0.016,0.985,0,0
4844,0.0,0.0,0.00,0.028,0.019,0.984,0,0
4894,0.0,0.0,0.00,0.029,0.019,0.984,0,0
4944,0.0,0.0,0.00,0.029,0.018,0.983,0,0
4999,0.0,0.0,0.00,0.029,0.018,0.983,0,0
5048,0.0,0.0,0.00,0.028,0.014,0.983,0,0
5098,0.0,0.0,0.00,0.027,0.016,0.983,0,0
5148,0.0,0.0,0.00,0.028,0.018,0.983,0,0
5198,0.0,0.0,0.00,0.030,0.021,0.983,0,0
5248,0.0,0.0,0.00,0.034,0.022,0.983,0,0
5298,0.0,0.0,0.00,0.034,0.022,0.983,0,0
5348,0.0,0.0,0.00,0.032,0.013,0.983,0,0
5398,0.0,0.0,0.00,0.028,0.011,0.982,0,0
5449,0.0,0.0,0.00,0.025,0.013,0.983,0,0
5498,0.0,0.0,0.00,0.023,0.017,0.983,0,0
5548,0.0,0.0,0.00,0.027,0.021,0.983,0,0
5598,0.0,0.0,0.00,0.029,0.017,0.983,0,0
5648,0.0,0.0,0.00,0.029,0.015,0.983,0,0
5699,0.0,0.0,0.00,0.029,0.015,0.984,0,0
5748,0.0,0.0,0.00,0.025,0.019,0.982,0,0
5798,0.0,0.0,0.00,0.027,0.017,0.983,0,0
5848,0.0,0.0,0.00,0.028,0.015,0.982,0,0
5898,0.0,0.0,0.00,0.028,0.015,0.982,0,0
5948,0.0,0.0,5.79,0.030,0.019,0.983,3,5
5998,0.0,0.0,3.56,0.029,0.017,0.983,3,6
6049,0.0,0.0,2.97,0.028,0.015,0.982,3,6
6098,0.0,0.0,1.54,0.028,0.015,0.983,3,6
6149,0.0,0.0,0.33,0.028,0.018,0.982,3,6
6199,0.0,0.0,0.36,0.028,0.019,0.984,3,6
6249,0.0,0.0,0.09,0.025,0.018,0.985,3,6
6299,0.0,0.0,2.56,0.024,0.018,0.983,3,8
6349,0.0,0.0,4.42,0.028,0.018,0.980,3,8
6399,0.0,0.0,4.71,0.032,0.019,0.982,3,8
6454,0.0,0.0,5.02,0.034,0.018,0.982,3,8
6503,0.0,0.0,4.92,0.031,0.015,0.983,3,8
6553,0.0,0.0,4.54,0.029,0.016,0.984,3,8
6604,0.0,0.0,4.13,0.024,0.017,0.983,3,8
6654,0.0,0.0,3.90,0.022,0.017,0.984,3,8
6704,0.0,0.0,3.55,0.019,0.017,0.985,3,12
6754,0.0,0.0,3.42,0.021,0.018,0.982,3,13
6804,0.0,0.0,2.96,0.025,0.019,0.983,3,14
6854,0.0,0.0,2.39,0.030,0.018,0.981,3,14
6904,0.0,0.0,1.96,0.040,0.018,0.982,3,13
6954,0.0,0.0,1.88,0.040,0.018,0.982,3,13
7009,0.0,0.0,1.66,0.038,0.018,0.984,3,13
7058,0.0,0.0,1.51,0.035,0.017,0.983,3,13
7108,0.0,0.0,1.05,0.028,0.016,0.983,3,14
7159,0.0,0.0,0.83,0.024,0.017,0.982,3,14
7209,0.0,0.0,0.51,0.024,0.018,0.982,3,15
7259,0.0,0.0,0.41,0.025,0.018,0.984,3,14
7309,0.0,0.0,0.32,0.022,0.014,0.983,3,13
7359,0.0,0.0,0.38,0.025,0.016,0.983,3,13
7414,0.0,0.0,0.28,0.030,0.017,0.982,3,13
7463,0.0,0.0,0.31,0.030,0.020,0.984,3,13
7515,0.0,0.0,0.31,0.030,0.020,0.984,3,13
7567,0.0,0.0,0.28,0.022,0.015,0.984,3,13
7616,0.0,0.0,0.21,0.028,0.016,0.981,3,14
7667,0.0,0.0,0.21,0.028,0.016,0.981,3,14
7717,0.0,0.0,0.21,0.028,0.016,0.981,3,14
7767,0.0,0.0,0.09,0.032,0.019,0.983,3,13
7817,0.0,0.0,0.19,0.006,0.010,0.986,3,13
7867,0.0,0.0,0.28,-0.019,0.010,0.986,3,13
7917,802.7,0.0,0.28,-0.019,0.010,0.986,3,13
7967,1055.3,0.0,0.17,-0.017,0.011,0.988,3,13
8017,997.3,0.0,0.17,-0.017,0.011,0.988,3,13
8067,932.0,0.0,0.20,0.029,0.033,0.998,3,14
8117,932.0,0.0,0.07,0.058,0.002,0.962,3,13
8168,880.9,0.0,0.15,0.060,0.002,1.012,3,14
8218,803.5,0.0,0.15,0.060,0.002,1.012,3,14
8268,803.5,0.0,0.21,0.083,0.042,1.002,3,14
8318,741.9,0.0,0.21,0.083,0.042,1.002,3,14
8368,741.9,0.0,0.11,0.075,0.033,0.997,3,13
8418,653.5,0.0,0.06,0.067,0.010,0.970,3,14
8471,931.3,0.0,0.06,0.067,0.010,0.970,3,14
8520,1112.0,0.0,0.09,0.060,0.020,0.983,3,14
8570,1060.1,0.0,0.13,0.037,0.029,0.998,3,13
8622,999.0,0.0,0.13,0.037,0.029,0.998,3,13
8674,1000.7,0.0,0.13,0.026,0.007,0.980,3,13
8724,1000.7,0.0,0.09,-0.003,0.012,0.974,3,13
8775,952.8,0.0,0.10,0.000,0.019,0.977,3,13
8824,903.1,0.0,0.11,-0.006,0.016,0.995,3,13
8874,827.2,0.0,0.11,0.002,0.013,1.000,3,13
8925,827.2,0.0,0.11,0.014,0.017,0.981,3,13
8974,996.3,0.0,0.11,0.014,0.017,0.981,3,13
9024,1023.0,0.0,0.12,0.032,0.022,0.978,3,14
9075,1043.2,0.0,0.10,0.038,0.019,0.966,3,14
9124,1004.7,0.0,0.09,0.040,0.016,0.970,3,13
9175,1096.6,0.0,0.11,0.045,0.016,0.974,3,13
9225,1084.4,0.0,0.03,0.037,0.017,0.970,3,13
9275,1120.5,0.0,0.03,0.037,0.017,0.970,3,13
9325,1120.5,0.0,0.08,0.035,0.014,0.972,3,13
9375,1090.6,0.0,0.08,0.025,0.018,0.978,3,13
9425,1141.9,0.0,0.04,0.031,0.017,0.987,3,13
9475,1118.7,0.0,0.06,0.022,0.019,0.972,3,13
9525,1156.8,0.0,0.06,0.026,0.016,0.997,3,13
9575,1129.2,0.0,0.06,0.026,0.016,0.997,3,13
9625,1199.0,0.0,0.10,0.031,0.017,0.982,3,13
9676,1182.6,0.0,0.04,0.024,0.018,0.996,3,12
9726,1210.1,0.0,0.04,0.024,0.018,0.996,3,12
9776,1180.4,0.0,0.12,0.029,0.023,0.967,3,14
9826,1233.2,0.0,0.23,0.044,0.015,0.996,3,13
9876,1211.6,0.0,0.23,0.044,0.015,0.996,3,13
9926,1260.3,0.0,0.06,0.034,0.014,0.978,3,13
9976,1238.0,0.0,0.07,0.025,0.022,0.957,3,13
10026,1273.1,0.0,0.05,0.032,0.018,0.969,3,13
10076,1280.6,0.0,0.06,0.028,0.021,0.998,3,13
10126,1253.8,0.0,0.10,0.028,0.015,0.993,3,13
10177,1271.3,0.0,0.10,0.028,0.015,0.993,3,13
10227,1239.0,0.0,0.09,0.033,0.013,0.982,3,12
10277,1252.1,0.0,0.07,0.030,0.016,0.993,3,12
10327,1217.4,0.0,0.04,0.032,0.015,0.971,3,13
10377,1267.4,0.0,0.09,0.035,0.021,0.991,3,13
10427,1229.1,0.0,0.05,0.026,0.017,0.966,3,14
10477,1273.9,0.0,0.05,0.026,0.017,0.966,3,14
10527,1222.9,0.0,0.05,0.032,0.014,0.981,3,14
10577,1278.5,0.0,0.05,0.031,0.016,0.990,3,15
10627,1260.2,0.0,0.02,0.031,0.018,0.978,3,15
10678,1292.3,0.0,0.05,0.027,0.022,0.977,3,15
10728,1264.3,0.0,0.05,0.027,0.022,0.977,3,15
10778,1287.9,0.0,0.05,0.027,0.022,0.977,3,15
10828,1257.2,0.0,0.10,0.031,0.016,0.972,3,15
10879,1304.5,0.0,0.10,0.031,0.016,0.972,3,15
10928,1281.0,0.0,0.05,0.033,0.018,0.988,3,14
10978,1302.6,0.0,0.15,0.024,0.017,0.961,3,15
11028,1317.8,0.0,0.07,0.031,0.018,0.987,3,15
11078,1284.6,0.0,0.07,0.031,0.018,0.987,3,15
11128,1334.1,0.0,0.09,0.035,0.017,0.995,3,15
11179,1310.6,0.0,0.05,0.029,0.019,0.993,3,15
11229,1346.4,0.0,0.05,0.029,0.019,0.993,3,15
11279,1319.8,0.0,0.08,0.026,0.013,0.975,3,15
11329,1361.5,0.0,0.06,0.036,0.016,0.992,3,15
11379,1336.4,0.0,0.06,0.036,0.016,0.992,3,15
11429,1355.4,0.0,0.04,0.029,0.019,0.979,3,15
11479,1366.2,0.0,0.09,0.028,0.019,0.972,3,15
11529,1331.5,0.0,0.09,0.028,0.019,0.972,3,15
11579,1352.6,0.0,0.15,0.037,0.014,1.000,3,14
11629,1321.5,0.0,0.06,0.023,0.021,0.970,3,14
11680,1331.4,0.0,0.06,0.023,0.021,0.970,3,14
11730,1297.1,0.0,0.07,0.030,0.020,0.994,3,13
11780,1337.5,0.0,0.08,0.030,0.016,0.992,3,13
11830,1312.3,0.0,0.08,0.030,0.016,0.992,3,13
11880,1325.6,0.0,0.09,0.038,0.014,0.999,3,13
11930,1359.4,0.0,0.08,0.028,0.019,0.992,3,13
11980,1332.0,0.0,0.08,0.028,0.019,0.992,3,13
12030,1376.8,0.0,0.15,0.031,0.020,0.983,3,13
12080,1352.7,0.0,0.14,0.036,0.018,0.990,3,12
12130,1376.9,0.0,0.08,0.032,0.021,0.984,3,12
12191,1380.7,0.0,0.21,0.024,0.018,0.966,3,12
12241,1353.9,0.0,0.11,0.036,0.017,0.993,3,11
12291,1385.7,0.0,0.11,0.036,0.017,0.993,3,11
12341,1358.0,0.0,0.02,0.028,0.017,0.973,3,11
12391,1391.5,0.0,0.08,0.024,0.017,0.973,3,12
12441,1364.9,0.0,0.08,0.024,0.017,0.973,3,12
12491,1361.8,0.0,0.05,0.032,0.016,0.983,3,13
12541,1393.8,0.0,0.08,0.025,0.022,0.964,3,13
12591,1364.4,0.0,0.08,0.025,0.022,0.964,3,13
12641,1716.3,0.0,0.04,0.030,0.024,0.971,3,13
12692,1758.3,0.0,0.09,0.037,0.015,1.039,3,13
12746,2100.5,0.0,0.10,0.030,0.016,1.033,3,13
12796,2435.1,0.0,0.13,0.044,0.018,1.039,3,13
12846,2605.3,657.2,0.16,-0.006,0.027,1.049,0,0
12896,2732.7,195.5,0.16,-0.006,0.027,1.049,0,0
12946,2787.1,462.3,0.16,-0.006,0.027,1.049,0,0
12996,2782.9,626.2,0.18,0.342,0.087,0.939,3,14
13048,2768.5,531.3,0.18,0.305,0.100,1.013,3,14
13098,2769.3,523.8,0.17,0.462,0.029,0.975,3,13
13148,2784.4,428.2,0.60,0.482,0.007,0.896,3,15
13201,2803.2,697.4,0.60,0.482,0.007,0.896,3,15
13252,2812.4,610.6,1.90,0.523,0.125,0.933,3,15
13301,2780.2,741.4,3.10,0.514,0.094,0.916,3,15
13351,2747.1,768.3,4.11,0.577,0.071,0.971,3,15
13402,2794.2,765.3,4.11,0.577,0.071,0.971,3,15
13451,2841.6,775.6,4.68,0.520,0.027,0.839,3,14
13501,2832.5,778.1,4.68,0.520,0.027,0.839,3,14
13552,2837.4,862.9,4.68,0.520,0.027,0.839,3,14
13601,2846.8,866.9,5.54,0.450,0.055,0.882,3,14
13651,2857.7,905.7,5.57,0.456,0.092,1.047,3,15
13703,2849.1,901.1,5.76,0.433,0.016,1.006,3,14
13753,2882.7,965.1,6.33,0.391,0.035,1.036,3,13
13803,2910.5,940.8,6.33,0.391,0.035,1.036,3,13
13853,2872.5,982.0,6.99,0.318,0.103,0.899,3,14
13903,2848.1,1007.0,7.33,0.226,0.012,0.779,3,15
13953,2750.1,970.3,7.16,0.243,0.022,0.575,3,15
14003,2624.9,948.8,7.16,0.243,0.022,0.575,3,15
14053,2527.9,936.7,8.30,0.304,0.055,0.898,3,16
14103,2444.1,939.2,8.30,0.304,0.055,0.898,3,16
14153,2370.4,955.3,8.32,0.156,0.092,1.103,3,16
14204,2386.7,958.9,8.13,-0.023,0.170,1.267,3,16
14254,2441.0,1036.1,8.13,-0.023,0.170,1.267,3,16
14304,2489.5,1035.5,8.13,-0.023,0.170,1.267,3,16
14354,2511.4,1059.9,8.01,-0.023,0.103,1.069,3,15
14404,2507.2,1038.7,8.01,-0.023,0.103,1.069,3,15
14454,2525.5,1070.3,8.04,0.049,0.108,1.024,3,14
14504,2539.5,1059.7,7.85,0.108,0.092,0.886,3,15
14554,2519.9,1011.3,7.53,0.060,0.106,0.869,3,15
14604,2493.1,1020.2,7.34,0.050,0.012,0.988,3,15
14654,2549.5,1027.7,7.34,0.015,0.070,0.990,3,14
14705,2621.2,1063.2,7.34,0.015,0.070,0.990,3,14
14755,2597.4,1026.8,7.45,0.107,0.142,0.919,3,13
14805,2583.6,1047.0,7.91,0.239,0.159,0.984,3,14
14855,2578.3,1090.6,7.77,0.240,0.020,1.205,3,14
14905,2618.9,1056.7,7.77,0.240,0.020,1.205,3,14
14955,2619.6,1062.7,7.45,0.153,0.060,0.613,3,14
15005,2652.5,1117.7,7.45,0.153,0.060,0.613,3,14
15055,2679.3,1117.2,8.13,0.117,0.149,1.054,3,14
15105,2685.4,1147.4,8.15,0.243,0.100,1.298,3,15
15155,2631.3,1104.5,7.99,0.257,-0.044,1.189,3,15
15214,2588.9,1081.5,7.99,0.257,-0.044,1.189,3,15
15264,2590.3,1110.5,8.01,0.100,0.077,0.873,3,15
15314,2612.2,1107.4,8.45,0.172,0.056,0.907,3,13
15364,2658.9,1159.7,8.45,0.172,0.056,0.907,3,13
15414,2662.5,1151.3,8.64,0.281,-0.015,0.923,3,13
15464,2649.8,1167.7,8.76,0.118,0.009,0.764,3,14
15514,2630.3,1120.3,8.76,0.118,0.009,0.764,3,14
15564,2630.4,1117.2,8.92,0.130,0.050,0.942,3,14
15614,2619.1,1163.7,8.87,0.238,0.111,1.136,3,13
15664,2642.7,1172.2,8.87,0.238,0.111,1.136,3,13
15717,2653.0,1163.9,8.92,0.164,0.140,0.978,3,13
15767,2645.6,1227.9,9.01,0.166,0.113,0.968,3,14
15818,2671.4,1227.0,9.01,0.166,0.113,0.968,3,14
15867,2661.2,1231.5,9.45,0.223,0.160,0.975,3,15
15917,2651.2,1219.5,9.52,0.171,0.136,0.746,3,15
15968,2632.8,1188.9,9.52,0.171,0.136,0.746,3,15
16017,2672.4,1204.2,9.38,0.104,0.113,0.813,3,15
16067,2663.9,1169.2,9.82,0.129,0.095,0.844,3,14
16118,2631.6,1208.6,9.82,0.129,0.095,0.844,3,14
16167,2649.5,1217.7,10.08,0.086,0.140,0.926,3,15
16218,2663.6,1250.2,10.00,0.146,0.069,0.978,3,15
16268,2766.9,1339.8,10.00,0.146,0.069,0.978,3,15
16318,2863.0,1422.7,10.00,0.146,0.069,0.978,3,15
16368,2860.0,1416.8,10.05,0.180,-0.014,0.949,3,15
16419,2860.0,1448.2,10.05,0.180,-0.014,0.949,3,15
16468,2860.0,1354.8,9.95,-0.614,-0.371,1.612,3,14
16518,2860.0,1164.3,8.84,0.079,-0.239,1.916,3,13
16572,2860.0,1084.5,8.23,0.071,-0.138,1.455,3,14
16621,2860.0,1030.9,7.91,-0.165,0.086,0.912,3,15
16671,2860.0,1011.3,7.13,0.019,0.082,0.153,3,15
16723,2860.0,945.5,7.13,0.019,0.082,0.153,3,15
16772,2860.0,818.3,6.58,0.021,0.014,0.069,3,15
16822,2860.0,561.1,7.16,-0.493,0.354,-0.015,3,15
16873,2860.0,409.9,8.09,-1.061,0.261,0.098,3,16
16922,2860.0,123.5,8.43,-1.403,0.169,0.040,3,15
16972,2860.0,371.5,8.37,-1.407,-0.051,0.163,3,16
17023,2860.0,400.1,8.37,-1.407,-0.051,0.163,3,16
17072,2860.0,501.9,8.46,-1.223,-0.260,0.300,3,16
17122,2860.0,442.8,8.29,-0.373,-0.102,2.136,3,14
17173,2860.0,414.8,7.03,-0.089,-0.255,2.884,3,14
17225,2860.0,397.4,5.74,0.202,0.261,2.143,3,14
17275,2860.0,367.9,5.80,-0.022,0.020,1.041,3,14
17326,2860.0,335.0,5.80,-0.022,0.020,1.041,3,14
17375,2860.0,365.4,5.35,-0.176,0.060,0.414,3,14
17425,2860.0,736.9,4.85,-0.138,-0.016,0.687,3,15
17475,2860.0,565.6,4.35,-0.310,-0.103,0.730,3,15
17525,2860.0,372.9,4.35,-0.310,-0.103,0.730,3,15
17575,2860.0,521.6,5.16,-0.445,-0.087,0.986,3,15
17626,2860.0,467.7,5.16,-0.445,-0.087,0.986,3,15
17675,2860.0,414.8,4.49,-0.149,-0.274,1.594,3,16
17726,2860.0,469.8,3.92,0.100,-0.223,1.285,3,16
17776,2860.0,517.4,4.25,0.127,-0.177,1.036,3,16
17826,2860.0,489.8,4.07,0.096,-0.124,0.824,3,16
17876,0.0,516.2,3.71,-0.017,-0.165,0.741,3,16
17926,0.0,512.5,3.71,-0.017,-0.165,0.741,3,16
17976,0.0,450.1,4.00,-0.023,-0.112,0.833,3,16
18026,0.0,488.2,3.60,-0.015,-0.084,1.092,3,16
18076,0.0,497.9,3.64,-0.008,-0.076,1.070,3,16
18126,0.0,461.0,3.37,0.002,-0.100,1.091,3,16
18176,0.0,463.0,3.37,0.002,-0.100,1.091,3,16
18228,0.0,459.4,3.37,0.002,-0.100,1.091,3,16
18277,0.0,436.6,3.63,-0.029,-0.144,0.962,3,15
18327,0.0,438.7,4.07,0.000,-0.149,1.053,3,15
18377,0.0,402.3,3.64,-0.006,-0.155,1.046,3,16
18427,0.0,444.0,3.43,-0.015,-0.115,0.986,3,16
18477,0.0,417.6,3.73,-0.070,-0.042,0.919,3,16
18527,0.0,427.5,3.73,-0.070,-0.042,0.919,3,16
18577,0.0,420.9,3.73,-0.070,-0.042,0.919,3,16
18627,0.0,405.3,3.73,-0.070,-0.042,0.919,3,16
18677,0.0,372.7,3.69,-0.063,-0.041,1.132,3,16
18728,0.0,353.0,3.69,-0.063,-0.041,1.132,3,16
18778,0.0,328.1,2.63,-0.094,-0.064,0.944,3,15
18828,0.0,367.0,2.63,-0.094,-0.064,0.944,3,15
18878,0.0,385.9,2.78,-0.087,-0.035,0.793,3,15
18928,0.0,354.5,3.00,-0.040,-0.047,0.782,3,16
18978,0.0,373.1,2.39,0.008,-0.143,1.016,3,16
19028,0.0,346.3,2.39,0.008,-0.143,1.016,3,16
19078,0.0,338.0,2.39,0.008,-0.143,1.016,3,16
19128,0.0,331.0,2.39,0.008,-0.143,1.016,3,16
19178,0.0,320.5,2.60,-0.065,-0.136,1.209,3,16
19229,0.0,312.7,2.27,-0.043,-0.166,1.091,3,15
19279,0.0,296.2,2.12,-0.059,-0.078,0.867,3,15
19329,0.0,292.6,2.12,-0.059,-0.078,0.867,3,15
19379,0.0,304.2,2.46,-0.020,-0.016,0.814,3,15
19429,0.0,327.3,2.46,-0.020,-0.016,0.814,3,15
19479,0.0,312.0,2.47,0.013,-0.073,0.990,3,15
19529,0.0,320.5,2.41,0.058,-0.079,1.066,3,15
19579,0.0,325.2,2.44,0.046,-0.051,0.986,3,15
19629,0.0,321.5,2.44,0.046,-0.051,0.986,3,15
19679,0.0,322.6,2.37,0.001,-0.006,0.920,3,14
19730,0.0,278.9,2.37,0.001,-0.006,0.920,3,14
19780,0.0,265.5,2.60,-0.020,-0.054,0.944,3,16
19830,0.0,298.5,2.44,-0.046,-0.093,1.006,3,16
19880,0.0,244.6,2.33,-0.058,-0.037,1.043,3,16
19930,0.0,257.3,2.33,-0.058,-0.037,1.043,3,16
19980,0.0,290.0,2.34,-0.051,0.008,1.018,3,16
20030,0.0,272.0,2.34,-0.051,0.008,1.018,3,16
20080,0.0,313.2,2.26,0.022,-0.041,0.947,3,16
20130,0.0,303.0,2.18,0.038,-0.069,0.930,3,16
20180,0.0,288.8,2.53,-0.052,-0.068,0.993,3,16
20231,0.0,296.3,2.53,-0.052,-0.068,0.993,3,16
20281,0.0,265.4,2.20,-0.097,-0.081,1.049,3,16
20331,0.0,248.1,2.20,-0.097,-0.081,1.049,3,16
20381,0.0,245.9,2.12,-0.069,-0.049,1.093,3,16
20431,0.0,241.8,2.25,-0.106,-0.024,0.972,3,16
20481,0.0,249.4,2.32,-0.107,0.018,0.920,3,16
20531,0.0,229.1,2.32,-0.107,0.018,0.920,3,16
20581,0.0,246.3,2.15,-0.059,0.026,0.965,3,16
20631,0.0,263.4,2.15,-0.059,0.026,0.965,3,16
20681,0.0,249.7,1.68,-0.054,-0.001,0.985,3,16
20742,0.0,238.6,1.86,-0.048,0.015,0.943,3,16
20792,0.0,251.6,2.24,-0.008,0.005,0.987,3,15
20842,0.0,254.7,2.24,-0.008,0.005,0.987,3,15
20892,0.0,243.6,2.18,-0.051,0.019,0.973,3,15
20942,0.0,262.7,2.01,-0.044,0.050,0.992,3,16
20992,0.0,255.4,2.01,-0.044,0.050,0.992,3,16
21042,0.0,238.7,1.44,-0.019,0.006,1.050,3,16
21092,0.0,251.8,1.61,-0.024,0.033,0.940,3,16
21142,0.0,249.0,1.61,-0.024,0.033,0.940,3,16
21192,0.0,266.2,1.87,-0.038,0.095,0.886,3,16
21243,0.0,255.1,2.40,-0.011,0.048,0.957,3,15
21293,0.0,290.6,2.22,0.016,0.040,0.950,3,15
21343,0.0,295.0,2.18,0.017,0.030,0.950,3,13
21393,0.0,293.6,2.09,0.001,0.067,1.035,3,14
21443,0.0,274.9,2.09,0.001,0.067,1.035,3,14
21493,0.0,291.9,2.35,-0.023,0.007,1.073,3,15
21543,0.0,299.2,1.77,-0.026,-0.003,1.010,3,16
21593,0.0,265.2,2.15,-0.011,0.026,0.983,3,16
21643,0.0,257.8,2.18,-0.008,0.104,0.944,3,16
21693,0.0,246.2,2.00,-0.052,0.127,0.927,3,16
21744,0.0,249.9,2.00,-0.052,0.127,0.927,3,16
21794,0.0,271.6,2.03,-0.085,0.076,1.031,3,16
21844,0.0,261.3,2.03,-0.085,0.076,1.031,3,16
21894,0.0,232.1,2.26,-0.042,0.043,1.038,3,16
21944,0.0,262.9,2.26,-0.042,0.043,1.038,3,16
21994,0.0,275.4,2.24,0.038,0.125,0.877,3,16
22044,0.0,266.1,2.24,0.038,0.125,0.877,3,16
22094,0.0,267.0,2.24,0.038,0.125,0.877,3,16
22144,0.0,268.6,2.32,0.003,0.109,0.985,3,16
22194,0.0,247.4,2.27,-0.024,0.087,1.034,3,16
22251,0.0,227.1,2.14,-0.055,0.080,1.034,3,16
22301,0.0,274.2,1.46,-0.055,0.078,1.044,3,16
22351,0.0,271.3,1.46,-0.055,0.078,1.044,3,16
22401,0.0,269.2,1.79,-0.002,0.144,0.990,3,16
22451,0.0,253.0,1.53,-0.023,0.200,0.887,3,16
22501,0.0,252.6,1.53,-0.023,0.200,0.887,3,16
22551,0.0,248.6,1.53,-0.023,0.200,0.887,3,16
22601,0.0,225.4,2.23,-0.063,0.137,0.934,3,16
22651,0.0,284.6,2.23,-0.063,0.137,0.934,3,16
22701,0.0,252.3,1.98,-0.029,0.105,0.992,3,16
22752,0.0,238.7,2.08,-0.013,0.201,0.969,3,16
22802,0.0,264.8,1.85,-0.029,0.247,0.946,3,16
22853,0.0,243.0,1.88,-0.029,0.210,0.953,3,16
22902,0.0,249.9,2.07,-0.015,0.114,0.950,3,16
22952,0.0,276.8,2.07,-0.015,0.114,0.950,3,16
23003,0.0,268.5,2.15,-0.037,0.160,0.911,3,16
23052,0.0,282.0,2.27,-0.016,0.178,1.000,3,16
23102,0.0,266.7,2.30,-0.007,0.199,1.012,3,16
23153,0.0,253.5,2.23,-0.021,0.155,0.963,3,16
23202,0.0,292.6,2.31,-0.033,0.153,0.958,3,16
23253,0.0,245.4,2.31,-0.033,0.153,0.958,3,16
23303,0.0,257.1,2.27,-0.042,0.169,0.974,3,16
23353,0.0,314.7,2.38,-0.032,0.152,0.953,3,16
23403,0.0,298.2,2.50,-0.009,0.145,0.960,3,16
23453,0.0,292.8,2.63,0.014,0.169,0.943,3,16
23503,0.0,292.3,2.09,0.004,0.198,0.956,3,16
23553,0.0,310.0,2.03,-0.063,0.163,0.961,3,16
23604,0.0,314.6,2.03,-0.063,0.163,0.961,3,16
23654,0.0,338.0,2.50,-0.037,0.043,1.016,3,16
23704,0.0,302.9,2.33,-0.037,0.104,0.991,3,16
23755,0.0,289.4,2.38,-0.034,0.137,0.982,3,16
23805,0.0,298.2,2.51,-0.059,0.222,0.943,3,16
23855,0.0,296.0,2.50,-0.060,0.130,0.980,3,15
23905,0.0,319.9,2.50,-0.060,0.130,0.980,3,15
23955,0.0,334.4,2.79,-0.070,0.109,0.982,3,16
24005,0.0,273.8,2.79,-0.084,0.154,0.964,3,16
24055,0.0,260.3,2.28,-0.097,0.174,0.946,3,16
24105,0.0,292.0,2.31,-0.127,0.148,0.988,3,16
24155,0.0,281.7,2.48,-0.120,0.122,1.017,3,16
24205,0.0,287.4,2.48,-0.120,0.122,1.017,3,16
24256,0.0,316.3,2.49,-0.090,0.120,1.024,3,15
24306,0.0,294.3,1.99,-0.076,0.153,1.000,3,15
24356,0.0,291.4,1.85,-0.080,0.160,0.985,3,16
24406,0.0,315.7,2.24,-0.095,0.122,0.967,3,16
24456,0.0,252.1,2.00,-0.090,0.151,0.955,3,16
24506,0.0,291.8,2.00,-0.090,0.151,0.955,3,16
24556,0.0,278.6,2.02,-0.093,0.161,0.963,3,16
24606,0.0,276.9,2.02,-0.093,0.161,0.963,3,16
24656,0.0,282.4,2.02,-0.093,0.161,0.963,3,16
24706,0.0,296.4,2.37,-0.086,0.105,1.018,3,16
24757,0.0,273.2,1.93,-0.036,0.055,0.934,3,16
24813,0.0,283.2,1.93,-0.036,0.055,0.934,3,16
24862,0.0,279.2,2.43,-0.043,0.114,0.932,3,16
24912,0.0,271.3,2.43,-0.043,0.114,0.932,3,16
24966,0.0,247.8,2.43,-0.043,0.114,0.932,3,16
25015,0.0,266.2,2.13,-0.064,0.119,1.042,3,16
25065,0.0,257.5,1.96,-0.091,0.088,1.014,3,16
25115,0.0,250.5,2.05,-0.099,0.112,0.994,3,16
25165,0.0,224.3,2.05,-0.099,0.112,0.994,3,16
25215,0.0,215.0,2.37,-0.061,0.110,0.979,3,16
25266,0.0,233.6,2.37,-0.061,0.110,0.979,3,16
25316,0.0,258.5,1.95,-0.048,0.174,0.889,3,16
25366,0.0,255.0,1.91,-0.016,0.153,0.992,3,15
25416,0.0,235.3,1.83,-0.003,0.147,1.006,3,15
25466,0.0,241.5,1.70,-0.007,0.141,1.002,3,15
25516,0.0,271.6,1.87,-0.047,0.122,0.976,3,15
25567,0.0,251.6,1.87,-0.047,0.122,0.976,3,15
25616,0.0,223.0,1.94,-0.078,0.110,0.959,3,15
25666,0.0,214.0,1.62,-0.062,0.086,1.009,3,15
25717,0.0,214.0,1.28,-0.060,0.084,1.012,3,15
25769,0.0,201.7,1.25,-0.079,0.081,0.985,3,15
25819,0.0,201.7,1.09,-0.076,0.068,1.004,3,15
25869,0.0,188.6,1.09,-0.076,0.068,1.004,3,15
25919,0.0,181.0,1.13,-0.022,0.059,1.003,3,16
25969,0.0,186.7,1.31,-0.006,0.089,0.971,3,16
26019,0.0,191.3,1.34,-0.002,0.095,0.939,3,16
26069,0.0,170.7,1.34,-0.006,0.122,0.899,3,16
26119,0.0,139.0,1.13,-0.008,0.098,0.905,3,16
26169,0.0,139.0,1.13,-0.008,0.098,0.905,3,16
26219,0.0,141.7,1.49,-0.100,0.079,0.974,3,16
26270,0.0,141.7,1.32,-0.204,0.079,1.060,3,16
26322,0.0,100.2,1.15,-0.224,0.042,1.061,3,16
26372,0.0,100.2,1.21,-0.226,0.034,1.049,3,16
26422,0.0,100.2,0.90,-0.253,0.052,0.992,3,16
26472,0.0,100.2,0.90,-0.253,0.052,0.992,3,16
26522,0.0,100.2,0.59,-0.260,0.074,0.968,3,16
26572,0.0,100.2,0.18,-0.200,0.074,0.984,3,16
26622,0.0,100.2,0.08,-0.144,0.079,0.983,3,16
26672,0.0,100.2,0.11,-0.078,0.079,1.001,3,16
26722,0.0,100.2,0.34,0.015,0.081,0.968,3,16
26775,0.0,100.2,0.34,0.015,0.081,0.968,3,16
26824,0.0,100.2,0.14,0.039,0.081,0.968,3,16
26874,0.0,100.2,0.04,0.012,0.075,0.982,3,16
26924,0.0,100.2,0.08,-0.011,0.064,0.989,3,16
26974,0.0,100.2,0.09,-0.028,0.063,0.990,3,16
27024,0.0,100.2,0.07,-0.041,0.077,0.983,3,16
27074,0.0,100.2,0.07,-0.041,0.077,0.983,3,16
27124,0.0,100.2,0.03,-0.031,0.083,0.975,3,16
27174,0.0,100.2,0.11,-0.016,0.076,0.981,3,16
27224,0.0,100.2,0.11,-0.016,0.076,0.981,3,16
27275,0.0,100.2,0.07,-0.014,0.074,0.983,3,16
27325,0.0,0.0,0.04,-0.019,0.075,0.981,3,16
27375,0.0,0.0,0.04,-0.019,0.075,0.981,3,16
27425,0.0,0.0,0.04,-0.019,0.075,0.981,3,16
27475,0.0,0.0,0.04,-0.024,0.076,0.980,3,16
27526,0.0,0.0,0.04,-0.024,0.076,0.980,3,16
27576,0.0,0.0,0.01,-0.019,0.077,0.982,3,15
27626,0.0,0.0,0.16,-0.020,0.077,0.981,3,15
27676,0.0,0.0,0.05,-0.023,0.074,0.981,3,15
27726,0.0,0.0,0.05,-0.023,0.074,0.981,3,15
27778,0.0,0.0,0.06,-0.021,0.076,0.981,3,15
27828,0.0,0.0,0.06,-0.021,0.076,0.981,3,15
27878,0.0,0.0,0.11,-0.021,0.076,0.981,3,15
27928,0.0,0.0,0.09,-0.020,0.077,0.980,3,15
27978,0.0,0.0,0.02,-0.022,0.077,0.983,3,15
28028,0.0,0.0,0.02,-0.022,0.077,0.983,3,15
28078,0.0,0.0,0.03,-0.022,0.074,0.982,3,15
28128,0.0,0.0,0.15,-0.022,0.073,0.981,3,15
28178,0.0,0.0,0.13,-0.021,0.075,0.981,3,15
28228,0.0,0.0,0.33,-0.023,0.077,0.984,3,15
28279,0.0,0.0,0.24,-0.021,0.074,0.980,3,15
28329,0.0,0.0,0.24,-0.021,0.074,0.980,3,15
28379,0.0,0.0,0.10,-0.018,0.074,0.980,3,15
28429,0.0,0.0,0.10,-0.018,0.074,0.980,3,15
28479,0.0,0.0,0.09,-0.019,0.075,0.981,3,15
28529,0.0,0.0,0.18,-0.025,0.079,0.982,3,15
28579,0.0,0.0,0.31,-0.023,0.076,0.980,3,15
28629,0.0,0.0,0.31,-0.023,0.076,0.980,3,15
28679,0.0,0.0,0.05,-0.016,0.074,0.977,3,15
28729,0.0,0.0,0.09,-0.010,0.072,0.986,3,15
28780,0.0,0.0,0.08,-0.024,0.077,0.976,3,15
28830,0.0,0.0,0.11,-0.028,0.079,0.984,3,15
28880,0.0,0.0,0.04,-0.018,0.074,0.981,3,15
28930,0.0,0.0,0.04,-0.018,0.074,0.981,3,15
28980,0.0,0.0,0.12,-0.014,0.074,0.980,3,15
29030,0.0,0.0,0.02,-0.017,0.074,0.981,3,15
29080,0.0,0.0,0.08,-0.020,0.077,0.981,3,15
29130,0.0,0.0,0.06,-0.025,0.076,0.981,3,15
29180,0.0,0.0,0.05,-0.021,0.075,0.982,3,15
29230,0.0,0.0,0.05,-0.021,0.075,0.982,3,15
29281,0.0,0.0,0.05,-0.021,0.075,0.982,3,15
29331,0.0,0.0,0.05,-0.021,0.075,0.982,3,15
29381,0.0,0.0,0.05,-0.021,0.075,0.982,3,15
29431,0.0,0.0,0.03,-0.015,0.076,0.980,3,15
29481,0.0,0.0,0.16,-0.022,0.077,0.983,3,15
29531,0.0,0.0,0.16,-0.022,0.077,0.983,3,15
29581,0.0,0.0,0.01,-0.020,0.076,0.981,3,15
29631,0.0,0.0,0.16,-0.020,0.076,0.981,3,15
29681,0.0,0.0,0.11,-0.017,0.075,0.981,3,15
29731,0.0,0.0,0.17,-0.019,0.075,0.981,3,15
29782,0.0,0.0,0.06,-0.022,0.077,0.982,3,15
29832,0.0,0.0,0.06,-0.022,0.077,0.982,3,15
29882,0.0,0.0,0.11,-0.019,0.075,0.981,3,15
29932,0.0,0.0,0.07,-0.021,0.074,0.981,3,14
29982,0.0,0.0,0.07,-0.021,0.074,0.981,3,14
30032,0.0,0.0,0.06,-0.020,0.077,0.981,3,14
30082,0.0,0.0,0.21,-0.021,0.077,0.981,3,14
30132,0.0,0.0,0.21,-0.021,0.077,0.981,3,14
30182,0.0,0.0,0.21,-0.021,0.077,0.981,3,14
30232,0.0,0.0,0.09,-0.021,0.074,0.981,3,14
30291,0.0,0.0,0.09,-0.021,0.074,0.981,3,14
30341,0.0,0.0,0.07,-0.021,0.077,0.982,3,15
30391,0.0,0.0,0.02,-0.022,0.077,0.982,3,15
30441,0.0,0.0,0.02,-0.022,0.077,0.982,3,15
30491,0.0,0.0,0.06,-0.021,0.074,0.981,3,15
30541,0.0,0.0,0.07,-0.020,0.076,0.981,3,15
30591,0.0,0.0,0.07,-0.020,0.076,0.981,3,15
30641,0.0,0.0,0.02,-0.021,0.077,0.981,3,15
30691,0.0,0.0,0.06,-0.021,0.076,0.981,3,15
30741,0.0,0.0,0.06,-0.021,0.076,0.981,3,15
30795,0.0,0.0,0.13,-0.021,0.075,0.981,3,15
30845,0.0,0.0,0.08,-0.021,0.076,0.981,3,15
30898,0.0,0.0,0.08,-0.021,0.076,0.981,3,15
30947,0.0,0.0,0.07,-0.021,0.075,0.982,3,15
30997,0.0,0.0,0.05,-0.021,0.075,0.982,3,15
31047,0.0,0.0,0.05,-0.021,0.075,0.982,3,15
31097,0.0,0.0,0.05,-0.021,0.075,0.982,3,15
31147,0.0,0.0,0.04,-0.020,0.076,0.981,3,15
31200,0.0,0.0,0.06,-0.020,0.076,0.981,3,15
31250,0.0,0.0,0.09,-0.021,0.076,0.982,3,15
31301,0.0,0.0,0.05,-0.021,0.076,0.982,3,15
31351,0.0,0.0,0.09,-0.021,0.076,0.981,3,15
31401,0.0,0.0,0.09,-0.021,0.076,0.981,3,15
31451,0.0,0.0,0.09,-0.021,0.076,0.981,3,15
31501,0.0,0.0,0.03,-0.020,0.076,0.981,3,14
31551,0.0,0.0,0.03,-0.020,0.076,0.981,3,14
31601,0.0,0.0,0.05,-0.021,0.076,0.981,3,16
31652,0.0,0.0,0.05,-0.021,0.076,0.981,3,16
31702,0.0,0.0,0.07,-0.021,0.076,0.982,3,15
31752,0.0,0.0,0.04,-0.021,0.075,0.982,3,15
31804,0.0,0.0,0.08,-0.020,0.074,0.981,3,15
31853,0.0,0.0,0.06,-0.020,0.075,0.981,3,15
31903,0.0,0.0,0.06,-0.020,0.078,0.981,3,15
31953,0.0,0.0,0.06,-0.020,0.078,0.981,3,15
32003,0.0,0.0,0.15,-0.021,0.083,0.980,3,15
32053,0.0,0.0,0.15,-0.021,0.083,0.980,3,15
32104,0.0,0.0,0.08,-0.021,0.061,0.983,3,15
32153,0.0,0.0,0.08,-0.021,0.061,0.983,3,15
32203,0.0,0.0,0.10,-0.019,0.086,0.978,3,15
32253,0.0,0.0,0.10,-0.019,0.086,0.978,3,15
32304,0.0,0.0,0.08,-0.021,0.082,0.984,3,15
32354,0.0,0.0,0.08,-0.021,0.071,0.979,3,15
32404,0.0,0.0,0.08,-0.021,0.071,0.979,3,15
32454,0.0,0.0,0.08,-0.021,0.071,0.979,3,15
32504,0.0,0.0,0.07,-0.021,0.075,0.983,3,15
32554,0.0,0.0,0.07,-0.021,0.075,0.983,3,15
32604,0.0,0.0,0.08,-0.021,0.077,0.981,3,15
32654,0.0,0.0,0.03,-0.021,0.076,0.982,3,15
32704,0.0,0.0,0.10,-0.020,0.074,0.981,3,15
32754,0.0,0.0,0.13,-0.021,0.075,0.980,3,15
32805,0.0,0.0,0.10,-0.022,0.076,0.982,3,15
32855,0.0,0.0,0.10,-0.022,0.076,0.982,3,15
32905,0.0,0.0,0.04,-0.021,0.075,0.982,3,15
32955,0.0,0.0,0.04,-0.021,0.075,0.982,3,15
33005,0.0,0.0,0.05,-0.018,0.078,0.980,3,15
33055,0.0,0.0,0.05,-0.018,0.078,0.980,3,15
33105,0.0,0.0,0.13,-0.023,0.072,0.983,3,15
33155,0.0,0.0,0.13,-0.023,0.072,0.983,3,15
33205,0.0,0.0,0.07,-0.020,0.076,0.980,3,15
33255,0.0,0.0,0.11,-0.018,0.079,0.981,3,15
33306,0.0,0.0,0.04,-0.020,0.078,0.980,3,15
33356,0.0,0.0,0.12,-0.021,0.075,0.981,3,15
33406,0.0,0.0,0.15,-0.023,0.074,0.982,3,15
33456,0.0,0.0,0.15,-0.023,0.074,0.982,3,15
33506,0.0,0.0,0.01,-0.019,0.076,0.983,3,15
33556,0.0,0.0,0.08,-0.019,0.076,0.981,3,15
33606,0.0,0.0,0.11,-0.021,0.075,0.981,3,15
33656,0.0,0.0,0.11,-0.021,0.075,0.981,3,15
33706,0.0,0.0,0.09,-0.021,0.075,0.981,3,15
33756,0.0,0.0,0.09,-0.021,0.075,0.981,3,15
33807,0.0,0.0,0.09,-0.021,0.075,0.981,3,15
33857,0.0,0.0,0.08,-0.020,0.074,0.982,3,15
33907,0.0,0.0,0.03,-0.020,0.074,0.982,3,15
33957,0.0,0.0,0.08,-0.019,0.074,0.982,3,15
34007,0.0,0.0,0.09,-0.020,0.075,0.981,3,15
34057,0.0,0.0,0.09,-0.020,0.075,0.981,3,15
34107,0.0,0.0,0.04,-0.021,0.074,0.981,3,15
34157,0.0,0.0,0.04,-0.019,0.076,0.981,3,15
34207,0.0,0.0,0.10,-0.020,0.076,0.982,3,15
34257,0.0,0.0,0.10,-0.020,0.076,0.982,3,15
34318,0.0,0.0,0.10,-0.019,0.073,0.981,3,15
34368,0.0,0.0,0.03,-0.020,0.073,0.982,3,15
34418,0.0,0.0,0.06,-0.020,0.074,0.981,3,15
34468,0.0,0.0,0.07,-0.021,0.076,0.982,3,15
34518,0.0,0.0,0.08,-0.020,0.077,0.982,3,15
34568,0.0,0.0,0.08,-0.020,0.077,0.982,3,15
34618,0.0,0.0,0.18,-0.019,0.075,0.982,3,15
34668,0.0,0.0,0.04,-0.021,0.075,0.982,3,15
34718,0.0,0.0,0.06,-0.021,0.076,0.982,3,15
34768,0.0,0.0,0.12,-0.020,0.076,0.982,3,15
34819,0.0,0.0,0.06,-0.018,0.073,0.980,3,15
34870,0.0,0.0,0.06,-0.018,0.073,0.980,3,15
34919,0.0,0.0,0.05,-0.020,0.072,0.981,3,15
34969,0.0,0.0,0.12,-0.021,0.074,0.982,3,15
35020,0.0,0.0,0.12,-0.021,0.075,0.982,3,15
35069,0.0,0.0,0.09,-0.020,0.077,0.981,3,15
35119,0.0,0.0,0.03,-0.020,0.076,0.982,3,15
35170,0.0,0.0,0.03,-0.020,0.076,0.982,3,15
35219,0.0,0.0,0.07,-0.020,0.073,0.981,3,15
35269,0.0,0.0,0.11,-0.019,0.074,0.982,3,15
35320,0.0,0.0,0.07,-0.020,0.074,0.981,3,15
35370,0.0,0.0,0.19,-0.020,0.073,0.983,3,15
35420,0.0,0.0,0.12,-0.019,0.074,0.981,3,15
35471,0.0,0.0,0.12,-0.019,0.074,0.981,3,15
35520,0.0,0.0,0.08,-0.020,0.075,0.981,3,15
35570,0.0,0.0,0.02,-0.021,0.077,0.982,3,15
35620,0.0,0.0,0.02,-0.021,0.076,0.981,3,15
35670,0.0,0.0,0.02,-0.021,0.076,0.981,3,15
35720,0.0,0.0,0.08,-0.020,0.075,0.981,3,15
35771,0.0,0.0,0.08,-0.020,0.075,0.981,3,15
35827,0.0,0.0,0.02,-0.019,0.074,0.981,3,15
35877,0.0,0.0,0.07,-0.020,0.076,0.981,3,15
35927,0.0,0.0,0.04,-0.020,0.075,0.982,3,15
35977,0.0,0.0,0.04,-0.020,0.075,0.982,3,15
36027,0.0,0.0,0.08,-0.018,0.076,0.981,3,15
36078,0.0,0.0,0.04,-0.019,0.077,0.981,3,15
36127,0.0,0.0,0.04,-0.019,0.077,0.981,3,15
36177,0.0,0.0,0.02,-0.021,0.075,0.982,3,15
36227,0.0,0.0,0.04,-0.021,0.074,0.982,3,15
36277,0.0,0.0,0.09,-0.020,0.074,0.982,3,15
36328,0.0,0.0,0.04,-0.020,0.075,0.981,3,15
36378,0.0,0.0,0.05,-0.021,0.075,0.981,3,15
36429,0.0,0.0,0.05,-0.021,0.075,0.981,3,15
36478,0.0,0.0,0.08,-0.019,0.076,0.982,3,15
36528,0.0,0.0,0.05,-0.019,0.075,0.982,3,15
36578,0.0,0.0,0.18,-0.019,0.075,0.981,3,15
36628,0.0,0.0,0.14,-0.020,0.074,0.981,3,16
36678,0.0,0.0,0.06,-0.019,0.073,0.982,3,16
36728,0.0,0.0,0.06,-0.019,0.073,0.982,3,16
36778,0.0,0.0,0.04,-0.020,0.074,0.981,3,16
36829,0.0,0.0,0.09,-0.020,0.076,0.982,3,16
36879,0.0,0.0,0.16,-0.021,0.076,0.983,3,16
36929,0.0,0.0,0.13,-0.020,0.073,0.981,3,16
36979,0.0,0.0,0.09,-0.019,0.074,0.981,3,16
37029,0.0,0.0,0.09,-0.019,0.074,0.981,3,16
37079,0.0,0.0,0.17,-0.020,0.077,0.980,3,16
37129,0.0,0.0,0.12,-0.020,0.077,0.982,3,16
37179,0.0,0.0,0.03,-0.021,0.075,0.983,3,16
37229,0.0,0.0,0.17,-0.020,0.072,0.983,3,16
37279,0.0,0.0,0.07,-0.020,0.074,0.981,3,16
37330,0.0,0.0,0.07,-0.020,0.074,0.981,3,16
37380,0.0,0.0,0.08,-0.022,0.075,0.982,3,16
37430,0.0,0.0,0.06,-0.023,0.075,0.984,3,16
37480,0.0,0.0,0.04,-0.025,0.074,0.985,3,16
37530,0.0,0.0,0.09,-0.020,0.076,0.980,3,16
37580,0.0,0.0,0.04,-0.013,0.080,0.978,3,16
37630,0.0,0.0,0.04,-0.013,0.080,0.978,3,16
37680,0.0,0.0,0.03,-0.021,0.075,0.982,3,15
37730,0.0,0.0,0.05,-0.024,0.071,0.982,3,16
37780,0.0,0.0,0.04,-0.025,0.072,0.982,3,16
37831,0.0,0.0,0.03,-0.018,0.078,0.981,3,16
37881,0.0,0.0,0.07,-0.016,0.079,0.981,3,16
37931,0.0,0.0,0.12,-0.017,0.078,0.981,3,16
37981,0.0,0.0,0.08,-0.020,0.073,0.982,3,16
38031,0.0,0.0,0.02,-0.021,0.069,0.979,3,16
38081,0.0,0.0,0.02,-0.021,0.069,0.979,3,16
38131,0.0,0.0,0.09,-0.005,0.071,0.987,3,16
38181,2860.0,0.0,0.15,-0.017,0.081,0.979,3,16
38231,2860.0,0.0,0.16,-0.032,0.082,0.982,3,15
38281,552.7,0.0,0.17,-0.046,0.089,0.993,3,16
38332,857.8,0.0,0.11,0.011,0.098,0.992,3,16
38382,1178.7,100.2,0.11,0.011,0.098,0.992,3,16
38432,1325.4,100.2,0.09,0.022,0.069,1.002,3,16
38482,1289.3,100.2,0.09,0.022,0.069,1.002,3,16
38532,1230.8,100.2,0.09,0.022,0.069,1.002,3,16
38582,1193.7,100.2,0.18,0.000,0.059,0.984,3,16
38632,1132.2,100.2,0.12,-0.022,0.088,1.021,3,16
38682,1092.1,100.2,0.12,-0.022,0.088,1.021,3,16
38732,1027.1,100.2,0.24,-0.021,0.071,0.998,3,16
38782,985.0,100.2,0.33,-0.024,0.071,0.968,3,16
38833,985.0,100.2,0.31,-0.028,0.075,0.988,3,16
38883,916.2,100.2,0.10,-0.034,0.082,0.987,3,16
38933,1008.1,100.2,0.11,-0.037,0.074,0.992,3,16
38983,1002.4,100.2,0.11,-0.037,0.074,0.992,3,16
39033,957.3,100.2,0.10,-0.037,0.070,0.968,3,16
39083,957.3,100.2,0.14,-0.022,0.081,0.983,3,16
39133,885.8,100.2,0.06,-0.024,0.094,0.974,3,16
39183,998.7,100.2,0.11,-0.016,0.105,0.970,3,16
39233,1001.0,100.2,0.31,-0.016,0.085,0.957,3,16
39283,962.6,100.2,0.31,-0.016,0.085,0.957,3,16
39344,962.6,100.2,0.06,-0.017,0.052,0.956,3,16
39394,893.3,0.0,0.14,-0.020,0.067,0.975,3,16
39446,1042.3,0.0,0.28,-0.023,0.068,0.975,3,16
39495,1052.3,0.0,0.28,-0.029,0.080,0.952,3,16
39545,1025.9,0.0,0.13,-0.033,0.080,0.977,3,16
39595,963.7,0.0,0.13,-0.033,0.080,0.977,3,16
39645,1083.9,0.0,0.14,-0.034,0.077,0.979,3,16
39695,1084.5,0.0,0.05,-0.037,0.073,0.962,3,16
39746,1084.5,0.0,0.12,-0.040,0.069,0.955,3,16
39796,1061.6,0.0,0.12,-0.040,0.069,0.955,3,16
39847,1003.4,0.0,0.08,-0.021,0.077,0.989,3,15
39898,1108.6,0.0,0.08,-0.021,0.077,0.989,3,15
39948,1102.6,0.0,0.05,-0.023,0.079,0.976,3,15
39998,1107.8,0.0,0.08,-0.019,0.076,0.988,3,15
40048,1065.2,0.0,0.03,-0.024,0.077,0.978,3,16
40098,1119.3,0.0,0.00,-0.030,0.083,0.964,3,16
40148,1096.0,0.0,0.08,-0.027,0.081,0.950,3,16
40199,1161.6,0.0,0.08,-0.027,0.081,0.950,3,16
40248,1142.3,0.0,0.17,-0.024,0.072,0.974,3,16
40298,1166.0,0.0,0.05,-0.021,0.075,0.982,3,16
40352,1133.1,0.0,0.04,-0.020,0.076,0.992,3,16
40401,1181.2,0.0,0.15,-0.025,0.080,0.989,3,16
40451,1155.5,0.0,0.11,-0.015,0.082,1.010,3,16
40503,1203.0,0.0,0.11,-0.015,0.082,1.010,3,16
40552,1177.6,0.0,0.12,-0.019,0.073,0.981,3,16
40602,1215.2,0.0,0.20,-0.019,0.079,0.992,3,15
40653,1187.1,0.0,0.13,-0.021,0.087,0.981,3,14
40702,1246.9,0.0,0.16,-0.025,0.101,0.959,3,15
40752,1225.2,0.0,0.16,-0.025,0.101,0.959,3,15
40802,1260.4,0.0,0.16,-0.025,0.101,0.959,3,15
40853,1232.3,0.0,0.27,-0.016,0.087,0.957,3,15
40903,1282.2,0.0,0.06,-0.027,0.061,0.954,3,15
40953,1258.0,0.0,0.08,-0.026,0.068,0.966,3,15
41003,1280.6,0.0,0.05,-0.031,0.073,0.970,3,15
41053,1248.3,0.0,0.09,-0.026,0.081,0.991,3,15
41103,1300.0,0.0,0.09,-0.026,0.081,0.991,3,15
41153,1276.7,0.0,0.11,-0.031,0.078,0.979,3,15
41203,1306.6,0.0,0.16,-0.025,0.079,0.977,3,15
41253,1277.4,0.0,0.16,-0.025,0.079,0.977,3,15
41303,1316.3,0.0,0.16,-0.025,0.079,0.977,3,15
41354,1339.8,0.0,0.03,-0.016,0.078,0.993,3,15
41404,1316.5,0.0,0.03,-0.016,0.078,0.993,3,15
41454,1397.6,0.0,0.02,-0.019,0.077,0.978,3,15
41504,1386.1,0.0,0.07,-0.018,0.084,0.961,3,15
41554,1740.8,0.0,0.09,-0.026,0.083,0.972,3,15
41604,1852.0,0.0,0.28,-0.008,0.082,1.002,3,15
41654,2092.3,0.0,0.09,-0.039,0.076,1.017,3,15
41704,2142.2,0.0,0.09,-0.039,0.076,1.017,3,15
41754,2130.2,0.0,0.02,-0.005,0.072,1.060,3,15
41804,2251.0,0.0,0.11,-0.014,0.074,0.919,3,15
41855,2181.7,0.0,0.05,-0.010,0.078,0.999,3,15
41905,2248.6,0.0,0.05,-0.010,0.078,0.999,3,15
41955,2222.8,0.0,0.07,-0.047,0.087,0.989,3,16
42005,2304.1,0.0,0.09,-0.018,0.076,1.004,3,16
42055,2242.2,0.0,0.09,-0.018,0.076,1.004,3,16
42105,2275.1,0.0,0.08,-0.026,0.080,0.994,3,16
42155,2332.5,100.2,0.12,-0.014,0.082,0.975,3,16
42205,2370.7,463.4,0.12,-0.014,0.082,0.975,3,16
42255,2375.4,172.8,0.01,-0.009,0.076,0.950,3,16
42305,2401.5,172.8,0.06,0.197,0.135,0.955,3,16
42356,2395.0,104.6,0.06,0.197,0.135,0.955,3,16
42406,2406.9,227.1,0.40,0.220,0.203,0.961,3,16
42456,2403.0,319.7,0.82,0.212,0.168,0.904,3,16
42506,2427.2,180.2,1.14,0.267,0.118,0.966,3,16
42556,2433.2,426.3,1.54,0.258,0.144,0.932,3,16
42606,2424.3,472.1,1.89,0.247,0.196,0.926,3,16
42656,2423.7,509.8,1.89,0.247,0.196,0.926,3,16
42706,2436.1,425.1,2.24,0.331,0.180,0.961,3,16
42756,2416.2,536.4,2.58,0.307,0.179,0.921,3,16
42806,2423.9,672.6,2.73,0.265,0.206,0.984,3,16
42857,2401.2,638.6,2.81,0.262,0.173,0.941,3,16
42907,2434.3,678.6,3.04,0.274,0.087,0.868,3,16
42957,2421.3,701.2,3.04,0.274,0.087,0.868,3,16
43007,2311.2,652.5,4.37,0.297,-0.039,0.914,3,16
43057,2313.1,668.6,4.35,0.308,-0.206,0.957,3,16
43107,2340.6,681.2,4.57,0.289,-0.251,1.035,3,16
43157,2366.2,681.7,5.03,0.160,-0.218,0.994,3,15
43207,2293.8,656.0,4.98,0.013,-0.186,0.962,3,15
43257,2250.2,681.9,4.98,0.013,-0.186,0.962,3,15
43307,2174.3,653.7,5.46,0.037,-0.323,1.033,3,16
43358,2045.7,629.1,5.53,-0.015,-0.281,0.946,3,16
43408,2046.7,678.8,6.04,-0.121,-0.251,0.834,3,15
43458,2038.7,613.0,6.25,-0.249,-0.130,0.960,3,15
43508,2146.9,780.4,5.16,-0.380,-0.259,1.261,3,15
43558,2242.7,755.6,5.16,-0.380,-0.259,1.261,3,15
43608,2302.5,756.7,5.07,-0.342,-0.207,0.984,3,15
43658,2250.7,732.1,4.87,-0.327,-0.159,1.017,3,15
43708,2205.6,668.3,4.87,-0.327,-0.159,1.017,3,15
43758,2272.0,655.6,3.96,-0.086,-0.413,1.065,3,16
43808,2332.7,673.1,3.93,-0.051,-0.209,0.752,3,16
43864,2365.4,652.6,3.93,-0.051,-0.209,0.752,3,16
43913,2399.7,515.3,4.39,-0.152,-0.148,1.145,3,15
43963,2507.4,746.5,4.37,-0.103,-0.234,1.245,3,15
44013,2594.5,812.2,3.85,-0.113,-0.287,0.912,3,16
44063,2607.6,760.3,3.85,-0.113,-0.287,0.912,3,16
44113,2539.7,772.3,2.56,-0.080,-0.131,0.514,3,16
44166,2565.3,790.2,2.56,-0.080,-0.131,0.514,3,16
44215,2578.1,698.7,4.92,-0.117,-0.235,1.050,3,16
44265,2700.0,833.4,4.38,-0.015,-0.364,1.219,3,16
44316,2729.4,834.0,4.38,-0.015,-0.364,1.219,3,16
44370,2682.3,836.3,3.74,-0.007,-0.444,1.140,3,16
44420,2655.7,782.5,3.53,0.010,-0.121,0.963,3,16
44470,2665.2,765.5,3.53,0.010,-0.121,0.963,3,16
44520,2727.0,820.6,3.53,0.010,-0.121,0.963,3,16
44570,2760.7,855.5,3.72,0.038,-0.136,1.010,3,16
44620,2712.2,849.4,3.72,0.038,-0.136,1.010,3,16
44670,2709.9,751.3,3.82,0.177,-0.292,0.811,3,16
44720,2673.3,749.3,3.82,0.177,-0.292,0.811,3,16
44770,2568.8,522.4,3.94,0.114,-0.125,0.612,3,15
44820,2516.1,714.8,3.94,0.114,-0.125,0.612,3,15
44871,2549.3,764.3,4.58,-0.094,-0.138,0.907,3,14
44925,2606.1,853.0,4.58,-0.094,-0.138,0.907,3,14
44974,2572.2,813.5,4.50,-0.154,-0.402,1.443,3,14
45024,2550.9,865.2,3.76,0.100,-0.344,1.115,3,14
45076,2602.0,847.5,3.76,0.100,-0.344,1.115,3,14
45125,2600.2,829.1,4.82,-0.088,-0.322,0.792,3,15
45175,2622.3,857.6,4.24,-0.074,-0.371,0.970,3,16
45227,2628.8,874.5,4.24,-0.074,-0.371,0.970,3,16
45276,2630.9,735.2,4.47,0.012,-0.422,1.045,3,16
45326,2581.3,796.3,3.98,-0.098,-0.302,0.970,3,16
45377,2601.5,734.6,3.83,-0.059,-0.379,1.072,3,16
45427,2550.2,719.9,3.83,-0.059,-0.379,1.072,3,16
45477,2549.2,719.1,4.05,0.065,-0.253,0.917,3,16
45527,2569.0,716.6,3.99,0.264,-0.244,1.056,3,16
45578,2546.8,712.1,3.99,0.264,-0.244,1.056,3,16
45628,2554.1,738.1,3.94,0.254,-0.125,0.840,3,15
45678,2579.2,788.1,4.39,0.244,-0.189,0.768,3,15
45728,2627.4,839.2,4.57,0.150,-0.253,0.722,3,15
45778,2608.9,769.2,4.30,0.091,-0.260,0.937,3,16
45828,2589.1,796.2,4.12,0.072,-0.290,1.041,3,15
45880,2591.7,779.4,4.12,0.072,-0.290,1.041,3,15
45930,2591.0,816.1,4.17,0.084,-0.379,0.918,3,15
45980,2624.7,813.8,4.30,0.030,-0.324,0.986,3,15
46030,2593.9,796.9,4.48,0.027,-0.295,0.910,3,14
46080,2592.8,819.7,4.20,0.121,-0.284,0.932,3,15
46130,2609.9,770.1,4.48,0.137,-0.386,0.769,3,15
46180,2581.0,787.2,4.48,0.137,-0.386,0.769,3,15
46230,2604.3,823.2,4.72,0.135,-0.370,0.817,3,15
46280,2602.7,842.3,5.06,0.158,-0.358,0.974,3,15
46330,2646.1,850.2,5.35,0.136,-0.387,1.044,3,15
46381,2633.2,841.6,5.14,0.111,-0.358,1.149,3,15
46431,2636.4,843.5,4.77,-0.069,-0.384,1.069,3,15
46481,2618.3,821.3,4.77,-0.069,-0.384,1.069,3,15
46531,2607.2,823.6,4.98,-0.061,-0.354,1.026,3,15
46581,2571.5,776.6,4.96,0.008,-0.317,1.002,3,14
46631,2583.8,801.2,5.01,0.032,-0.322,1.041,3,15
46681,2588.8,778.3,4.92,0.042,-0.358,0.968,3,16
46731,2598.9,791.9,4.13,-0.014,-0.401,0.907,3,16
46781,2593.0,787.2,4.13,-0.014,-0.401,0.907,3,16
46831,2620.5,788.6,4.13,-0.014,-0.401,0.907,3,16
46882,2625.8,780.0,4.37,0.070,-0.396,0.891,3,16
46932,2645.6,838.2,4.37,0.070,-0.396,0.891,3,16
46982,2687.2,785.9,4.47,0.118,-0.366,0.935,3,16
47032,2742.2,894.3,4.47,0.118,-0.366,0.935,3,16
47082,2853.2,842.3,4.47,0.118,-0.366,0.935,3,16
47132,2952.3,894.7,4.32,0.098,-0.393,0.843,3,15
47183,3028.2,947.1,4.43,0.086,-0.399,0.787,3,16
47232,3015.7,978.9,4.66,0.058,-0.391,0.964,3,15
47282,2994.0,952.4,5.00,0.072,-0.395,0.877,3,15
47332,3014.9,958.0,4.86,0.099,-0.393,0.924,3,15
47383,3066.1,995.4,4.86,0.099,-0.393,0.924,3,15
47433,3074.7,1023.2,4.66,0.044,-0.360,0.915,3,16
47483,3010.8,1018.0,4.40,0.060,-0.271,0.935,3,15
47533,3048.9,1057.1,4.41,0.144,-0.269,0.918,3,16
47583,3074.2,1060.1,4.41,0.109,-0.178,0.859,3,16
47633,3029.2,1054.1,4.49,0.128,-0.155,0.936,3,16
47683,3005.9,973.0,4.49,0.128,-0.155,0.936,3,16
47733,3042.9,1019.4,4.33,0.114,0.010,1.104,3,16
47783,3043.7,961.2,3.82,0.093,0.045,1.067,3,16
47833,3000.0,936.9,3.97,0.082,-0.031,1.196,3,16
47895,3066.9,952.7,3.33,0.178,0.055,1.145,3,16
47945,3077.7,971.3,3.46,0.276,-0.038,0.863,3,16
47996,3003.6,885.5,3.46,0.276,-0.038,0.863,3,16
48045,3005.9,933.6,3.84,0.272,-0.052,0.845,3,15
48095,3089.0,949.7,4.44,0.247,-0.118,0.805,3,15
48145,3077.7,982.6,4.44,0.247,-0.118,0.805,3,15
48195,3054.7,978.9,4.61,0.194,-0.121,0.782,3,15
48245,3126.8,1041.4,5.09,0.232,0.163,0.624,3,16
48295,3112.4,1072.6,5.09,0.232,0.163,0.624,3,16
48345,3074.9,1043.4,6.06,0.186,0.128,0.944,3,16
48396,3045.4,1096.0,5.24,0.266,-0.072,1.116,3,16
48446,3083.2,1134.2,5.24,0.266,-0.072,1.116,3,16
48496,3079.3,1163.9,5.03,0.241,-0.115,1.044,3,16
48546,3056.9,1183.0,5.94,0.229,-0.019,1.127,3,16
48596,3067.6,1240.1,5.94,0.229,-0.019,1.127,3,16
48646,3068.9,1232.4,6.37,0.220,-0.173,1.300,3,16
48696,3086.3,1193.6,6.54,0.244,-0.220,0.995,3,16
48746,2995.1,1122.2,6.54,0.244,-0.220,0.995,3,16
48796,2850.0,1063.9,5.60,0.309,0.052,0.724,3,16
48846,2657.0,970.6,5.60,0.309,0.052,0.724,3,16
48899,2488.5,887.1,5.60,0.309,0.052,0.724,3,16
48948,2370.2,874.5,6.12,0.297,0.138,0.487,3,16
48998,2294.2,884.7,7.78,0.229,0.389,0.879,3,16
49049,2231.2,911.5,7.60,0.131,0.515,1.505,3,16
49098,2196.6,892.4,7.60,0.131,0.515,1.505,3,16
49148,2141.6,871.8,7.55,-0.105,0.251,0.971,3,16
49199,2104.4,880.6,7.55,-0.105,0.251,0.971,3,16
49249,2041.9,839.6,7.53,-0.129,0.334,0.768,3,16
49299,2053.2,809.7,6.87,-0.489,0.577,0.678,3,16
49349,2156.9,860.4,7.21,-0.856,0.348,0.856,3,15
49400,2118.7,821.9,7.21,-0.856,0.348,0.856,3,15
49450,2284.6,905.7,7.21,-0.856,0.348,0.856,3,15
49501,2484.2,791.7,7.21,-0.856,0.348,0.856,3,15
49550,2614.9,760.1,5.95,-0.882,0.355,1.683,3,16
49600,2743.2,735.0,4.05,-0.042,0.473,1.310,3,16
49651,2820.3,729.5,4.28,0.056,0.199,0.681,3,16
49701,2880.3,761.4,3.88,0.276,0.080,0.577,3,16
49751,3001.4,704.7,3.94,0.428,-0.012,0.807,3,16
49802,3068.9,942.6,3.94,0.428,-0.012,0.807,3,16
49852,3114.3,933.9,3.80,0.475,0.014,1.045,3,16
49903,3085.6,946.3,4.31,0.382,0.022,0.811,3,16
49953,3062.0,988.7,4.65,0.513,0.005,0.678,3,16
50003,3150.8,1033.2,4.65,0.513,0.005,0.678,3,16
50053,3188.3,1026.0,4.67,0.505,-0.063,0.759,3,16
50103,3038.1,939.1,4.67,0.505,-0.063,0.759,3,16
50153,3059.4,911.2,4.65,0.386,-0.082,0.877,3,16
50203,3047.7,925.6,5.41,0.034,-0.074,1.107,3,16
50254,3179.8,1034.7,5.39,-0.030,0.094,1.053,3,16
50303,3224.8,1259.1,5.00,0.122,0.120,0.990,3,15
50353,3054.2,1181.8,5.49,0.300,-0.050,0.829,3,16
50404,3140.9,1289.8,5.49,0.300,-0.050,0.829,3,16
50454,3216.8,1409.4,5.95,0.333,-0.172,1.079,3,16
50504,3070.9,1271.6,6.00,0.379,-0.073,1.269,3,16
50555,3066.4,1324.2,5.39,0.448,-0.010,1.554,3,16
50604,3151.1,1292.5,5.64,0.470,-0.065,1.437,3,16
50654,3093.4,1248.6,5.93,0.349,-0.159,0.852,3,16
50704,3114.1,1181.6,5.93,0.349,-0.159,0.852,3,16
50754,3140.7,1205.7,6.19,0.279,0.094,0.743,3,16
50804,3167.2,1212.9,6.32,0.344,0.130,0.702,3,16
50854,3150.4,1286.7,6.25,0.357,0.148,0.710,3,16
50906,3246.1,1361.3,6.35,0.384,0.136,0.907,3,16
50955,3166.2,1396.5,6.35,0.384,0.136,0.907,3,16
51005,2987.6,1278.6,6.35,0.384,0.136,0.907,3,16
51055,2797.1,1166.5,7.37,0.242,0.325,0.852,3,15
51105,2647.4,1111.4,7.37,0.242,0.325,0.852,3,15
51155,2518.9,1062.8,7.80,0.218,0.380,0.984,3,16
51205,2391.0,1051.0,7.80,0.218,0.380,0.984,3,16
51255,2333.0,1009.0,7.20,0.209,0.304,0.953,3,16
51305,2234.4,1012.9,7.20,0.209,0.304,0.953,3,16
51355,2209.0,960.2,7.76,-0.030,0.305,0.969,3,16
51406,2165.5,950.2,8.32,-0.029,0.259,0.958,3,16
51456,2260.5,977.9,8.97,-0.022,-0.046,0.940,3,16
51506,2305.6,972.8,8.97,-0.022,-0.046,0.940,3,16
51556,2361.5,997.8,7.72,-0.033,-0.199,0.667,3,16
51606,2435.7,984.9,7.72,-0.033,-0.199,0.667,3,16
51656,2592.9,1001.4,7.64,0.008,-0.247,0.779,3,16
51706,2721.0,1032.1,7.11,0.153,-0.200,1.336,3,16
51756,2869.9,1118.4,7.12,0.133,-0.031,1.257,3,16
51806,2926.4,1150.9,6.82,0.108,-0.004,0.943,3,16
51856,2931.3,1140.6,7.15,0.161,0.137,0.907,3,15
51907,2882.0,1195.6,7.15,0.161,0.137,0.907,3,15
51957,3001.1,1158.5,7.67,0.333,0.085,1.184,3,15
52007,3041.5,1250.3,7.67,0.210,0.071,1.357,3,16
52057,3108.3,1302.1,7.31,0.019,-0.075,0.801,3,16
52107,3169.9,1381.6,7.31,0.019,-0.075,0.801,3,16
52157,3169.2,1556.7,7.50,-0.090,0.162,0.496,3,16
52207,3133.5,1588.3,7.94,0.085,0.167,0.672,3,16
52257,3038.7,1463.1,7.72,0.064,0.168,0.545,3,16
52307,3160.1,1664.4,7.52,-0.006,-0.061,0.746,3,16
52357,3220.8,1598.0,7.52,-0.006,-0.061,0.746,3,16
52408,3080.7,1396.1,7.52,-0.006,-0.061,0.746,3,16
52458,3078.7,1309.6,6.33,0.304,0.307,1.200,3,16
52508,3117.2,1577.5,6.33,0.304,0.307,1.200,3,16
52558,3237.6,1701.3,7.07,0.044,0.275,1.271,3,16
52608,3201.7,1495.0,6.95,0.097,0.007,1.291,3,16
52658,3216.8,1734.6,6.83,0.187,-0.032,1.360,3,16
52708,3219.1,1752.5,6.83,0.187,-0.032,1.360,3,16
52758,3368.1,2270.1,6.95,0.079,0.119,1.154,3,16
52808,3420.2,1989.7,6.26,0.074,0.052,1.182,3,16
52858,3237.1,2211.9,6.00,0.379,0.035,1.038,3,16
52909,3339.6,2041.6,6.00,0.379,0.035,1.038,3,16
52959,3087.8,1649.1,6.22,0.441,0.157,1.002,3,16
53009,2685.0,1081.5,6.45,0.263,0.182,0.529,3,16
53059,2415.9,1039.2,7.31,0.114,0.142,0.552,3,16
53109,2244.4,1013.7,7.31,0.114,0.142,0.552,3,16
53159,2155.9,960.8,8.71,0.269,-0.089,0.631,3,15
53209,2139.6,957.7,9.58,-0.082,-0.672,1.412,3,15
53259,2088.6,930.1,9.44,0.065,-0.395,1.292,3,16
53309,2069.1,987.3,9.44,0.065,-0.395,1.292,3,16
53359,2065.8,1023.4,8.70,-0.204,-0.483,0.661,3,15
53410,2037.5,993.3,8.70,-0.204,-0.483,0.661,3,15
53462,2078.6,1014.7,8.08,-0.476,-0.447,0.773,3,15
53512,2381.9,1117.8,8.00,-0.463,-0.383,0.964,3,15
53562,2560.2,1208.2,7.71,-0.410,-0.600,0.980,3,15
53618,2822.3,1451.0,7.43,-0.385,-0.779,0.962,3,15
53667,2896.5,1323.8,7.28,-0.307,-0.747,0.934,3,15
53717,2899.5,1310.4,6.43,-0.122,-0.434,1.011,3,16
53768,3011.4,1394.3,6.43,-0.122,-0.434,1.011,3,16
53817,3063.3,1293.2,6.44,0.038,-0.420,1.291,3,15
53867,3125.2,1516.8,6.40,0.079,-0.380,1.078,3,15
53919,3127.4,1405.9,6.40,0.079,-0.380,1.078,3,15
53968,3134.5,1531.2,6.40,0.079,-0.380,1.078,3,15
54018,3008.9,1353.7,5.94,0.454,-0.159,1.075,3,15
54068,2989.2,1330.5,5.94,0.454,-0.159,1.075,3,15
54118,2944.6,1210.8,7.03,0.210,0.113,0.783,3,16
54168,2965.7,1212.9,7.62,0.260,0.194,0.903,3,16
54218,3019.5,1291.5,7.62,0.260,0.194,0.903,3,16
54268,3032.4,1194.3,7.87,0.403,0.294,0.979,3,15
54318,2993.3,1176.5,7.98,0.270,0.280,1.029,3,14
54368,3002.7,1259.4,7.98,0.270,0.280,1.029,3,14
54420,2959.6,1214.3,8.27,0.204,0.234,0.964,3,15
54470,2795.5,1154.7,8.77,0.238,0.228,0.909,3,15
54520,2648.3,1076.3,8.77,0.238,0.228,0.909,3,15
54570,2425.1,1010.9,8.56,0.028,0.131,0.785,3,15
54620,2312.4,971.6,8.58,-0.016,0.169,0.953,3,15
54670,2299.5,980.3,8.58,-0.016,0.169,0.953,3,15
54720,2238.3,935.6,8.58,-0.016,0.169,0.953,3,15
54770,2172.5,934.1,8.58,-0.016,0.169,0.953,3,15
54823,2110.5,895.9,8.58,-0.016,0.169,0.953,3,15
54872,2058.0,910.5,8.13,-0.093,0.203,0.923,3,14
54923,2018.8,869.9,8.40,-0.163,0.143,1.258,3,15
54974,1976.7,876.8,8.09,-0.163,0.143,1.258,3,15
55023,1988.9,1035.5,7.53,-0.209,0.058,1.273,3,14
55073,2062.5,901.4,6.67,-0.369,0.139,0.861,3,14
55123,2152.2,1042.5,6.67,-0.369,0.139,0.861,3,14
55173,2163.6,1030.1,6.67,-0.369,0.139,0.861,3,14
55223,2326.5,1169.7,6.55,-0.452,0.110,0.859,3,15
55278,2529.2,1154.9,6.67,-0.323,0.180,0.930,3,15
55327,2594.8,1167.8,6.20,-0.205,0.222,0.879,3,15
55377,2606.0,1104.9,5.63,-0.198,0.229,0.790,3,15
55428,2464.6,1020.6,5.84,-0.207,0.130,1.036,3,15
55478,2553.4,1035.7,6.28,-0.152,0.139,1.287,3,15
55528,2583.4,952.6,5.92,-0.165,0.346,1.263,3,14
55580,2585.3,990.5,5.81,-0.259,0.150,1.010,3,15
55629,2646.7,1079.4,5.84,-0.206,0.079,0.894,3,15
55679,2732.4,1244.6,5.43,-0.040,0.295,0.919,3,15
55729,2699.9,1161.8,6.14,-0.117,0.109,0.859,3,15
55779,2598.2,1097.2,6.14,-0.117,0.109,0.859,3,15
55829,2642.7,1093.7,6.14,-0.117,0.109,0.859,3,15
55879,2661.6,1059.0,6.23,-0.213,0.206,1.068,3,15
55931,2673.4,1089.7,6.23,-0.213,0.206,1.068,3,15
55981,2670.6,1109.0,6.11,-0.261,0.406,1.037,3,15
56031,2663.5,1210.5,7.50,-0.102,0.218,0.950,3,15
56081,2719.4,1179.1,7.50,-0.102,0.218,0.950,3,15
56131,2657.0,1242.1,7.14,-0.212,0.331,1.002,3,15
56181,2698.4,1239.6,7.48,-0.267,0.334,1.142,3,15
56231,2656.6,1163.2,7.45,-0.290,0.610,1.266,3,15
56281,2703.6,1317.2,7.68,-0.408,0.548,1.112,3,15
56331,2718.6,1338.7,6.39,-0.274,0.420,1.003,3,15
56381,2632.0,1242.7,6.39,-0.274,0.420,1.003,3,15
56432,2639.6,1223.7,6.39,-0.274,0.420,1.003,3,15
56482,2585.2,1153.4,6.33,-0.207,0.497,0.818,3,15
56532,2608.7,1192.2,6.33,-0.207,0.497,0.818,3,15
56582,2658.3,1116.2,6.63,-0.246,0.459,0.940,3,15
56632,2693.8,1203.1,6.16,-0.217,0.439,0.988,3,15
56682,2668.3,1130.2,6.16,-0.217,0.439,0.988,3,15
56732,2617.3,1140.1,6.30,-0.190,0.495,0.981,3,15
56782,2696.5,1185.3,7.22,-0.262,0.461,0.893,3,15
56832,2668.9,1179.1,7.91,-0.262,0.419,0.950,3,15
56882,2711.4,1298.9,7.14,-0.129,0.273,0.994,3,15
56933,2687.6,1172.3,7.23,-0.115,0.581,0.878,3,15
56983,2602.2,1188.6,7.23,-0.115,0.581,0.878,3,15
57033,2685.8,1191.9,7.85,-0.225,0.514,0.814,3,15
57083,2649.9,1181.1,7.47,-0.204,0.538,0.970,3,15
57133,2691.4,1225.2,7.18,-0.253,0.632,1.011,3,15
57183,2705.6,1181.8,7.76,-0.150,0.602,1.147,3,15
57233,2698.1,1236.9,7.76,-0.150,0.602,1.147,3,15
57283,2692.3,1193.3,7.76,-0.150,0.602,1.147,3,15
57333,2663.8,1160.6,7.90,-0.253,0.250,1.135,3,14
57383,2651.0,1087.4,7.76,-0.103,0.371,0.903,3,14
57434,2539.5,1050.5,7.27,0.085,0.466,0.748,3,14
57484,2439.8,996.8,6.28,-0.047,0.440,0.697,3,14
57534,2351.3,972.5,6.30,-0.129,0.561,0.902,3,14
57584,2361.3,968.0,6.30,-0.129,0.561,0.902,3,14
57634,2364.4,964.3,6.53,-0.230,0.433,0.965,3,15
57684,2389.6,973.0,6.52,-0.134,0.489,0.982,3,14
57734,2381.0,993.9,6.52,-0.134,0.489,0.982,3,14
57784,2341.2,923.1,6.39,0.000,0.205,1.056,3,15
57834,2314.0,963.1,6.17,0.067,0.138,1.026,3,15
57884,2307.5,919.8,6.17,0.067,0.138,1.026,3,15
57935,2178.8,842.3,6.17,0.067,0.138,1.026,3,15
57985,2057.3,790.3,6.38,0.105,0.191,1.021,3,16
58035,2039.6,789.5,6.38,0.109,0.175,0.943,3,15
58085,1986.9,779.8,6.81,0.089,-0.045,0.819,3,14
58135,1961.4,769.9,6.57,0.131,-0.328,0.939,3,15
58195,1933.2,770.2,6.57,0.131,-0.328,0.939,3,15
58244,1905.9,750.8,6.80,0.092,-0.152,1.065,3,15
58294,1884.2,724.2,6.44,0.010,-0.205,1.002,3,15
58344,1868.5,693.4,6.44,0.010,-0.205,1.002,3,15
58394,1808.1,621.6,5.76,-0.063,-0.109,0.905,3,16
58445,1750.5,561.4,5.75,-0.049,-0.062,0.975,3,15
58495,1726.6,551.8,5.75,-0.049,-0.062,0.975,3,15
58545,1727.7,520.6,5.48,-0.052,-0.011,0.970,3,15
58595,1716.0,511.8,4.99,-0.102,-0.026,0.950,3,16
58645,1694.2,469.1,4.99,-0.102,-0.026,0.950,3,16
58695,1702.9,419.6,4.78,-0.106,-0.036,0.996,3,16
58745,1693.8,404.7,4.52,-0.122,-0.005,1.002,3,16
58796,1671.6,365.7,4.52,-0.122,-0.005,1.002,3,16
58845,1673.0,326.0,3.71,-0.217,-0.021,1.014,3,15
58895,1672.9,241.6,3.37,-0.190,0.015,1.083,3,15
58946,1653.8,237.3,3.37,-0.190,0.015,1.083,3,15
58996,1647.4,233.2,2.36,-0.181,0.083,1.010,3,15
59046,1665.8,234.4,2.11,-0.194,0.041,0.972,3,16
59097,1669.9,181.1,1.91,-0.206,0.038,0.966,3,16
59146,1653.6,147.6,1.69,-0.202,-0.007,0.948,3,16
59196,1674.5,147.6,1.71,-0.197,0.005,0.970,3,15
59247,1671.1,147.6,1.71,-0.197,0.005,0.970,3,15
59296,1649.1,80.9,1.45,-0.210,0.020,1.009,3,16
59346,1662.2,80.9,0.94,-0.241,0.022,1.004,3,16
59397,1658.8,80.9,0.62,-0.231,0.027,1.012,3,16
59455,1638.1,80.9,0.39,-0.162,0.031,1.035,3,16
59505,1632.3,80.9,0.07,-0.082,0.026,1.011,3,16
59556,1649.2,80.9,0.07,-0.082,0.026,1.011,3,16
59605,1647.0,80.9,0.12,0.086,0.008,0.986,3,16
59655,1624.3,80.9,0.08,0.146,0.025,0.963,3,16
59705,1639.1,80.9,0.08,0.146,0.025,0.963,3,16
59755,1647.1,80.9,0.08,0.146,0.025,0.963,3,16
59805,1631.0,80.9,0.20,0.154,0.023,0.966,3,16
59855,1639.5,80.9,0.20,0.154,0.023,0.966,3,16
59905,1642.0,80.9,0.20,0.139,0.018,0.964,3,16
59956,1624.5,80.9,0.15,0.100,0.020,0.966,3,15
60007,1640.4,80.9,0.04,0.075,0.011,0.964,3,15
60056,1628.5,80.9,0.04,0.063,0.013,0.980,3,15
60106,1604.0,80.9,0.12,0.059,0.024,0.990,3,16
60156,1631.1,80.9,0.12,0.059,0.024,0.990,3,16
60206,1614.8,80.9,0.11,0.086,0.019,0.977,3,16
60256,1586.7,80.9,0.17,0.084,0.012,0.970,3,16
60306,1609.1,0.0,0.04,0.074,0.009,0.974,3,16
60356,1600.0,0.0,0.05,0.072,0.010,0.989,3,16
60406,1575.8,0.0,0.10,0.069,0.031,0.997,3,15
60457,1590.8,0.0,0.10,0.069,0.031,0.997,3,15
60507,1589.3,0.0,0.13,0.084,0.018,0.985,3,16
60557,1569.7,0.0,0.10,0.096,0.014,0.997,3,16
60607,1596.6,0.0,0.10,0.096,0.021,0.976,3,16
60657,1608.6,0.0,0.06,0.098,0.022,0.971,3,16
60707,1591.9,0.0,0.06,0.098,0.022,0.971,3,16
60757,1609.4,0.0,0.06,0.098,0.022,0.971,3,16
60807,1618.6,0.0,0.07,0.096,0.015,0.964,3,16
60857,1602.5,0.0,0.06,0.101,0.023,0.974,3,16
60907,1606.2,0.0,0.04,0.093,0.025,0.976,3,16
60958,1599.3,0.0,0.06,0.095,0.019,0.977,3,16
61008,1579.4,0.0,0.06,0.093,0.015,0.980,3,16
61058,1594.2,0.0,0.06,0.093,0.015,0.980,3,16
61108,1602.5,0.0,0.04,0.094,0.019,0.988,3,16
61158,1586.2,0.0,0.05,0.086,0.019,0.993,3,16
61208,1600.0,0.0,0.06,0.083,0.019,0.981,3,16
61258,1605.8,0.0,0.08,0.084,0.022,0.993,3,16
61308,1588.4,0.0,0.10,0.080,0.020,0.974,3,16
61358,1600.9,0.0,0.10,0.080,0.020,0.974,3,16
61408,1590.0,0.0,0.08,0.087,0.021,0.972,3,16
61459,1566.7,0.0,0.15,0.087,0.017,0.974,3,16
61509,1579.2,0.0,0.08,0.086,0.018,0.970,3,16
61559,1572.0,0.0,0.03,0.084,0.021,0.975,3,15
61609,1550.3,0.0,0.03,0.089,0.015,0.972,3,16
61659,1576.2,0.0,0.02,0.091,0.015,0.980,3,16
61709,1592.9,0.0,0.02,0.091,0.015,0.980,3,16
61759,1577.9,0.0,0.02,0.095,0.024,0.991,3,16
61809,1595.2,0.0,0.09,0.092,0.025,0.989,3,16
61859,1609.4,0.0,0.05,0.094,0.022,0.983,3,16
61909,1594.6,0.0,0.04,0.090,0.019,0.990,3,16
61960,1613.7,0.0,0.04,0.084,0.016,0.984,3,16
62010,1622.3,0.0,0.04,0.084,0.016,0.984,3,16
62060,1605.4,0.0,0.07,0.083,0.016,0.978,3,16
62110,1620.6,0.0,0.09,0.089,0.015,0.994,3,16
62160,1604.3,0.0,0.02,0.081,0.017,0.973,3,16
62210,1602.6,0.0,0.09,0.092,0.020,0.971,3,16
62260,1615.5,0.0,0.07,0.091,0.020,0.972,3,16
62310,1624.8,0.0,0.07,0.091,0.020,0.972,3,16
62360,1607.9,0.0,0.03,0.088,0.015,0.986,3,16
62410,1629.9,0.0,0.04,0.087,0.015,0.985,3,16
62467,1635.9,0.0,0.06,0.086,0.016,0.986,3,16
62517,1617.9,0.0,0.03,0.083,0.019,0.981,3,16
62567,1613.1,0.0,0.08,0.084,0.020,0.983,3,16
62619,1631.7,0.0,0.08,0.084,0.020,0.983,3,16
62671,1611.3,0.0,0.06,0.084,0.016,0.981,3,16
62721,1601.6,0.0,0.06,0.091,0.016,0.981,3,15
62771,1607.7,0.0,0.06,0.091,0.016,0.981,3,15
62821,1581.5,0.0,0.06,0.092,0.021,0.974,3,16
62871,1584.0,0.0,0.10,0.083,0.020,0.973,3,16
62921,1622.1,0.0,0.12,0.093,0.016,0.990,3,16
62979,1620.4,0.0,0.15,0.094,0.017,0.989,3,16
63029,1603.0,0.0,0.05,0.096,0.020,0.990,3,16
63079,1614.8,0.0,0.08,0.088,0.019,0.988,3,16
63129,1609.7,0.0,0.08,0.088,0.019,0.988,3,16
63179,1588.8,0.0,0.11,0.082,0.013,0.976,3,16
63229,1619.7,0.0,0.11,0.082,0.013,0.976,3,16
63279,1619.0,0.0,0.09,0.088,0.018,0.979,3,16
63329,1597.0,0.0,0.07,0.086,0.021,0.981,3,16
63380,1620.0,0.0,0.09,0.085,0.022,0.985,3,16
63429,1611.3,0.0,0.09,0.085,0.022,0.985,3,16
63480,1587.0,0.0,0.09,0.085,0.022,0.985,3,16
63530,1617.5,0.0,0.09,0.085,0.022,0.985,3,16
63580,1623.8,0.0,0.15,0.091,0.014,0.976,3,16
63630,1605.2,0.0,0.04,0.081,0.017,0.973,3,16
63681,1625.4,0.0,0.06,0.091,0.019,0.971,3,16
63730,1630.0,0.0,0.06,0.091,0.019,0.971,3,16
63780,1611.4,0.0,0.03,0.089,0.014,0.988,3,16
63830,1629.3,0.0,0.04,0.087,0.013,0.988,3,16
63880,1630.5,0.0,0.07,0.090,0.021,0.973,3,16
63930,1611.4,0.0,0.11,0.090,0.025,0.968,3,16
63981,1583.3,0.0,0.02,0.086,0.013,0.979,3,16
64032,1600.5,0.0,0.02,0.086,0.013,0.979,3,16
64081,1579.5,0.0,0.13,0.089,0.015,1.003,3,16
64131,1604.5,0.0,0.14,0.091,0.024,0.991,3,16
64182,1602.5,0.0,0.04,0.085,0.026,0.982,3,16
64231,1581.3,0.0,0.09,0.079,0.018,0.965,3,16
64281,1597.8,0.0,0.02,0.085,0.015,0.991,3,16
64332,1592.8,0.0,0.02,0.085,0.015,0.991,3,16
64381,1571.4,0.0,0.04,0.095,0.020,0.975,3,16
64431,1593.8,0.0,0.04,0.095,0.020,0.975,3,16
64482,1606.3,0.0,0.03,0.102,0.018,0.971,3,16
64532,1590.8,0.0,0.11,0.093,0.019,0.982,3,16
64582,1604.5,0.0,0.03,0.094,0.016,0.988,3,16
64632,1608.3,0.0,0.03,0.094,0.016,0.988,3,16
64682,1590.9,0.0,0.12,0.090,0.019,0.976,3,16
64732,1614.7,0.0,0.05,0.083,0.024,0.992,3,16
64782,1617.0,0.0,0.04,0.079,0.024,0.987,3,16
64832,1597.4,0.0,0.11,0.095,0.019,0.992,3,16
64882,1621.2,0.0,0.04,0.086,0.011,0.974,3,16
64932,1621.1,0.0,0.04,0.086,0.011,0.974,3,16
64983,1600.6,0.0,0.09,0.083,0.020,0.978,3,16
65033,1592.2,0.0,0.09,0.083,0.020,0.978,3,16
65083,1621.7,0.0,0.05,0.081,0.021,0.976,3,16
65133,1605.1,0.0,0.01,0.080,0.024,0.971,3,16
65183,1581.6,0.0,0.02,0.088,0.017,0.977,3,16
65233,1618.0,0.0,0.02,0.088,0.017,0.977,3,16
65283,1603.5,0.0,0.08,0.094,0.015,0.988,3,16
65333,1592.8,0.0,0.11,0.096,0.018,0.982,3,16
65383,1613.7,0.0,0.14,0.101,0.018,0.986,3,16
65433,1594.6,0.0,0.06,0.095,0.019,0.985,3,16
65484,1584.7,0.0,0.04,0.083,0.017,0.972,3,16
65534,1615.9,0.0,0.04,0.083,0.017,0.972,3,16
65584,1600.2,0.0,0.05,0.081,0.022,0.974,3,16
65634,1589.4,0.0,0.05,0.081,0.022,0.974,3,16
65684,1605.3,0.0,0.05,0.083,0.019,0.983,3,16
65734,1583.3,0.0,0.04,0.082,0.017,0.981,3,16
65784,1599.0,0.0,0.10,0.087,0.019,0.988,3,16
65834,1623.5,0.0,0.10,0.087,0.019,0.988,3,16
65884,1605.3,0.0,0.01,0.091,0.023,0.989,3,16
65934,1601.4,0.0,0.16,0.089,0.022,0.986,3,16
65985,1621.4,0.0,0.11,0.090,0.019,0.985,3,16
66035,1601.5,0.0,0.04,0.089,0.018,0.980,3,16
66085,1604.1,0.0,0.09,0.088,0.017,0.977,3,16
66135,1639.4,0.0,0.09,0.088,0.017,0.977,3,16
66185,1617.7,0.0,0.11,0.088,0.016,0.977,3,16
66235,1616.7,0.0,0.11,0.088,0.016,0.977,3,16
66285,1636.7,0.0,0.11,0.088,0.016,0.977,3,16
66335,1616.8,0.0,0.09,0.089,0.019,0.986,3,16
66385,1619.1,0.0,0.09,0.090,0.018,0.980,3,16
66435,1630.9,0.0,0.09,0.090,0.018,0.980,3,16
66496,1630.6,0.0,0.06,0.090,0.018,0.981,3,16
66546,1606.9,0.0,0.14,0.089,0.018,0.979,3,16
66596,1618.7,0.0,0.14,0.089,0.018,0.979,3,16
66646,1631.3,0.0,0.09,0.086,0.020,0.983,3,16
66696,1608.4,0.0,0.10,0.086,0.019,0.981,3,16
66746,1606.3,0.0,0.10,0.086,0.019,0.981,3,16
66796,1613.9,0.0,0.10,0.086,0.019,0.981,3,16
66846,1588.3,0.0,0.00,0.087,0.017,0.978,3,16
66896,1583.8,0.0,0.00,0.087,0.017,0.978,3,16
66946,1607.8,0.0,0.13,0.087,0.019,0.985,3,16
66997,1585.5,0.0,0.07,0.092,0.016,0.979,3,16
67048,1581.1,0.0,0.07,0.092,0.016,0.979,3,16
67097,1609.1,0.0,0.04,0.091,0.018,0.972,3,16
67147,1592.1,0.0,0.01,0.086,0.017,0.969,3,16
67198,1590.8,0.0,0.01,0.086,0.017,0.969,3,16
67247,1605.4,0.0,0.04,0.082,0.016,0.972,3,16
67297,1582.9,0.0,0.04,0.091,0.018,0.987,3,16
67348,1596.6,0.0,0.04,0.091,0.018,0.987,3,16
67397,1621.5,0.0,0.04,0.091,0.019,0.984,3,16
67447,1603.5,0.0,0.03,0.089,0.020,0.986,3,16
67499,1608.3,0.0,0.03,0.089,0.020,0.986,3,16
67548,1630.8,0.0,0.06,0.092,0.017,0.982,3,16
67598,1611.7,0.0,0.12,0.089,0.018,0.980,3,16
67648,1605.0,0.0,0.12,0.089,0.018,0.980,3,16
67698,1639.5,0.0,0.11,0.087,0.019,0.983,3,16
67748,1621.7,0.0,0.06,0.087,0.018,0.982,3,16
67798,1619.0,0.0,0.06,0.087,0.018,0.982,3,16
67848,1629.3,0.0,0.05,0.087,0.019,0.979,3,16
67898,1605.1,0.0,0.10,0.087,0.018,0.981,3,16
67948,1619.3,0.0,0.10,0.087,0.018,0.981,3,16
68005,1645.1,0.0,0.02,0.089,0.018,0.981,3,16
68055,1631.3,0.0,0.03,0.090,0.018,0.982,3,16
68105,1604.2,0.0,0.03,0.090,0.018,0.982,3,16
68155,1640.3,0.0,0.03,0.090,0.018,0.982,3,16
68205,1638.4,0.0,0.07,0.090,0.019,0.981,3,16
68256,1610.0,0.0,0.07,0.090,0.019,0.981,3,16
68305,1627.7,0.0,0.08,0.088,0.019,0.981,3,16
68355,1630.6,0.0,0.05,0.089,0.019,0.982,3,16
68405,1602.6,0.0,0.05,0.089,0.019,0.981,3,16
68455,1600.5,0.0,0.05,0.089,0.019,0.981,3,16
68507,1612.3,0.0,0.03,0.090,0.019,0.982,3,16
68557,1588.5,0.0,0.03,0.090,0.019,0.982,3,16
68607,1604.3,0.0,0.03,0.088,0.019,0.981,3,16
68657,1624.2,0.0,0.05,0.087,0.019,0.977,3,16
68707,1603.9,0.0,0.07,0.087,0.021,0.975,3,16
68757,1614.7,0.0,0.07,0.087,0.021,0.975,3,16
68807,1633.9,0.0,0.06,0.087,0.022,0.977,3,16
68857,1613.9,0.0,0.06,0.087,0.022,0.977,3,16
68907,1607.9,0.0,0.06,0.087,0.022,0.977,3,16
68957,1619.8,0.0,0.09,0.089,0.019,0.983,3,16
69008,1596.8,0.0,0.04,0.089,0.019,0.977,3,16
69058,1600.1,0.0,0.04,0.089,0.019,0.977,3,16
69108,1629.1,0.0,0.12,0.091,0.019,0.985,3,16
69158,1612.2,0.0,0.12,0.091,0.019,0.985,3,16
69208,1609.3,0.0,0.04,0.091,0.017,0.978,3,16
69258,1628.8,0.0,0.04,0.089,0.019,0.976,3,16
69308,1629.5,0.0,0.08,0.087,0.019,0.975,3,16
69358,1609.8,0.0,0.08,0.087,0.019,0.975,3,16
69408,1626.5,0.0,0.06,0.087,0.018,0.975,3,16
69458,1629.5,0.0,0.06,0.087,0.018,0.975,3,16
69509,1611.1,0.0,0.02,0.087,0.018,0.984,3,16
69559,1632.5,0.0,0.04,0.090,0.018,0.981,3,16
69610,1634.0,0.0,0.04,0.087,0.019,0.980,3,16
69659,1614.0,0.0,0.05,0.088,0.018,0.979,3,16
69709,1619.0,0.0,0.03,0.087,0.018,0.978,3,16
69759,1606.9,0.0,0.03,0.087,0.018,0.978,3,16
69809,1600.1,0.0,0.06,0.085,0.018,0.977,3,15
69859,1629.9,0.0,0.05,0.084,0.021,0.979,3,15
69909,1631.0,0.0,0.01,0.083,0.018,0.976,3,15
69959,1609.2,0.0,0.06,0.088,0.020,0.976,3,15
70010,1632.3,0.0,0.08,0.092,0.019,0.986,3,16
70060,1631.0,0.0,0.08,0.092,0.019,0.986,3,16
70110,1619.1,0.0,0.08,0.091,0.019,0.981,3,16
70160,1624.3,0.0,0.07,0.092,0.019,0.979,3,16
70210,1630.7,0.0,0.10,0.090,0.018,0.982,3,16
70260,1615.4,0.0,0.10,0.090,0.017,0.984,3,16
70310,1616.0,0.0,0.08,0.088,0.018,0.981,3,16
70360,1644.2,0.0,0.08,0.088,0.018,0.981,3,16
70410,1627.7,0.0,0.06,0.087,0.020,0.978,3,16
70460,1607.4,0.0,0.09,0.087,0.021,0.982,3,16
70511,1629.3,0.0,0.13,0.090,0.020,0.981,3,16
70561,1610.6,0.0,0.13,0.090,0.020,0.981,3,16
70611,1585.9,0.0,0.12,0.092,0.016,0.979,3,16
70661,1608.9,0.0,0.02,0.091,0.018,0.980,3,16
70711,1590.0,0.0,0.02,0.091,0.018,0.980,3,16
70761,1583.6,0.0,0.06,0.091,0.023,0.979,3,16
70811,1574.1,0.0,0.02,0.083,0.020,0.980,3,16
70861,1587.5,0.0,0.04,0.085,0.019,0.976,3,16
70911,1574.1,0.0,0.05,0.082,0.016,0.984,3,16
70961,1591.1,0.0,0.15,0.088,0.019,0.989,3,16
71015,1570.1,0.0,0.15,0.088,0.019,0.989,3,16
71064,1584.4,0.0,0.11,0.095,0.018,0.990,3,16
71114,1604.8,0.0,0.03,0.096,0.020,0.991,3,16
71168,1585.0,0.0,0.07,0.089,0.017,0.984,3,16
71217,1562.3,0.0,0.08,0.097,0.021,0.988,3,16
71267,1588.0,0.0,0.05,0.090,0.022,0.985,3,16
71318,1590.0,0.0,0.05,0.090,0.022,0.985,3,16
71367,1553.6,0.0,0.06,0.089,0.015,0.968,3,16
71417,1584.3,0.0,0.08,0.093,0.016,0.969,3,16
71467,1570.6,0.0,0.09,0.079,0.018,0.966,3,16
71525,1566.8,0.0,0.10,0.080,0.018,0.971,3,16
71575,1598.2,0.0,0.09,0.092,0.021,0.990,3,16
71625,1582.3,0.0,0.06,0.100,0.021,0.988,3,16
71675,1576.3,0.0,0.06,0.100,0.021,0.988,3,16
71725,1597.4,0.0,0.15,0.092,0.019,0.990,3,16
71775,1578.0,0.0,0.15,0.092,0.019,0.990,3,16
71825,1578.0,0.0,0.15,0.092,0.019,0.990,3,16
71875,1593.9,0.0,0.10,0.089,0.018,1.001,3,16
71926,1574.2,0.0,0.12,0.099,0.022,0.984,3,16
71976,1560.3,0.0,0.07,0.085,0.019,0.985,3,16
72027,1587.2,0.0,0.07,0.085,0.015,0.987,3,16
72078,1569.6,0.0,0.07,0.085,0.015,0.987,3,16
72128,1573.5,0.0,0.05,0.086,0.017,0.977,3,16
72178,1600.0,0.0,0.04,0.088,0.015,0.964,3,16
72228,1590.8,0.0,0.04,0.088,0.015,0.964,3,16
72278,1584.4,0.0,0.04,0.086,0.020,0.963,3,16
72328,1605.5,0.0,0.02,0.097,0.022,0.979,3,16
72378,1585.8,0.0,0.02,0.097,0.022,0.979,3,16
72428,1594.7,0.0,0.14,0.103,0.020,1.006,3,16
72478,1607.8,0.0,0.11,0.094,0.018,1.000,3,16
72530,1585.2,0.0,0.08,0.083,0.021,0.977,3,16
72579,1581.2,0.0,0.08,0.083,0.021,0.977,3,16
72629,1608.5,0.0,0.18,0.084,0.014,0.977,3,16
72679,1591.4,0.0,0.04,0.080,0.020,0.976,3,16
72730,1592.9,0.0,0.04,0.080,0.020,0.976,3,16
72780,1611.1,0.0,0.07,0.088,0.022,0.974,3,16
72830,1590.5,0.0,0.07,0.088,0.022,0.974,3,16
72880,1570.8,0.0,0.16,0.090,0.018,0.976,3,16
72930,1600.4,0.0,0.03,0.085,0.013,0.975,3,16
72980,1584.1,0.0,0.13,0.081,0.023,0.972,3,16
73031,1587.8,0.0,0.13,0.081,0.023,0.972,3,16
73081,1604.0,0.0,0.15,0.079,0.020,0.970,3,16
73131,1582.6,0.0,0.04,0.092,0.024,0.999,3,16
73181,1572.3,0.0,0.09,0.105,0.018,0.999,3,16
73231,1600.1,0.0,0.15,0.095,0.008,0.976,3,16
73281,1583.3,0.0,0.10,0.085,0.018,0.979,3,16
73331,1570.6,0.0,0.10,0.085,0.018,0.979,3,16
73381,1589.1,0.0,0.20,0.088,0.027,1.000,3,16
73431,1567.8,0.0,0.20,0.088,0.027,1.000,3,16
73481,1568.3,0.0,0.09,0.079,0.018,1.001,3,16
73532,1596.9,0.0,0.24,0.069,0.014,0.979,3,16
73582,1580.0,0.0,0.10,0.092,0.005,0.971,3,16
73632,1569.6,0.0,0.10,0.092,0.005,0.971,3,16
73682,1596.0,0.0,0.17,0.101,0.009,0.989,3,16
73732,1578.4,0.0,0.07,0.098,0.017,0.985,3,16
73783,1592.7,0.0,0.08,0.101,0.027,0.988,3,16
73832,1611.4,0.0,0.03,0.108,0.028,0.996,3,16
73882,1591.3,0.0,0.12,0.086,0.016,0.969,3,16
73933,1586.8,0.0,0.12,0.086,0.016,0.969,3,16
73982,1618.9,0.0,0.03,0.087,0.016,0.991,3,16
74033,1603.3,0.0,0.03,0.087,0.016,0.991,3,16
74083,1592.2,0.0,0.09,0.084,0.017,0.985,3,16
74133,1602.2,0.0,0.13,0.088,0.019,0.978,3,16
74183,1578.5,0.0,0.13,0.084,0.018,0.969,3,16
74233,1594.4,0.0,0.13,0.084,0.018,0.969,3,16
74283,1618.5,0.0,0.11,0.086,0.023,0.979,3,16
74333,1600.4,0.0,0.04,0.080,0.023,0.982,3,16
74383,1582.7,0.0,0.09,0.092,0.023,0.994,3,16
74433,1606.6,0.0,0.06,0.094,0.021,0.993,3,16
74483,1588.2,0.0,0.07,0.088,0.019,0.979,3,16
74534,1592.8,0.0,0.07,0.088,0.019,0.979,3,16
74584,1619.2,0.0,0.07,0.088,0.019,0.979,3,16
74634,1601.8,0.0,0.07,0.088,0.019,0.979,3,16
74684,1600.6,0.0,0.18,0.088,0.017,0.979,3,16
74734,1624.2,0.0,0.13,0.092,0.019,0.970,3,16
74784,1606.1,0.0,0.03,0.092,0.027,0.979,3,16
74834,1598.8,0.0,0.03,0.092,0.027,0.979,3,16
74884,1609.7,0.0,0.19,0.086,0.025,0.979,3,16
74934,1585.4,0.0,0.06,0.084,0.024,0.990,3,16
74984,1596.7,0.0,0.12,0.085,0.014,0.977,3,16
75035,1607.5,0.0,0.07,0.086,0.011,0.977,3,16
75085,1583.5,0.0,0.02,0.088,0.020,0.981,3,16
75135,1580.0,0.0,0.02,0.088,0.020,0.981,3,16
75185,1597.4,0.0,0.08,0.086,0.025,0.978,3,16
75235,1576.7,0.0,0.06,0.090,0.023,0.974,3,16
75285,1595.3,0.0,0.06,0.090,0.023,0.974,3,16
75335,1599.4,0.0,0.16,0.085,0.022,0.967,3,16
75385,1572.7,0.0,0.01,0.092,0.014,0.978,3,16
75435,1581.9,0.0,0.01,0.092,0.014,0.978,3,16
75485,1596.6,0.0,0.06,0.088,0.020,0.972,3,16
75536,1574.6,0.0,0.04,0.087,0.022,0.986,3,16
75586,1585.5,0.0,0.04,0.088,0.024,0.985,3,16
75636,1601.4,0.0,0.04,0.084,0.021,0.982,3,16
75686,1580.4,0.0,0.03,0.097,0.019,0.993,3,16
75736,1594.0,0.0,0.03,0.097,0.019,0.993,3,16
75786,1586.6,0.0,0.09,0.092,0.018,0.974,3,16
75836,1553.3,0.0,0.09,0.089,0.019,0.974,3,16
75886,1576.6,0.0,0.09,0.089,0.019,0.974,3,16
75936,1581.5,0.0,0.04,0.088,0.018,0.971,3,16
75986,1555.0,0.0,0.09,0.081,0.019,0.967,3,16
76042,1562.9,0.0,0.09,0.081,0.019,0.967,3,16
76091,1594.9,0.0,0.04,0.092,0.020,0.982,3,16
76141,1579.6,0.0,0.04,0.083,0.020,0.974,3,16
76193,1583.1,0.0,0.03,0.091,0.022,0.978,3,16
76242,1612.0,0.0,0.04,0.094,0.024,1.003,3,16
76292,1595.8,0.0,0.04,0.098,0.020,0.993,3,16
76343,1591.6,0.0,0.04,0.098,0.020,0.993,3,16
76392,1617.8,0.0,0.09,0.097,0.021,0.997,3,16
76442,1600.6,0.0,0.14,0.090,0.019,0.981,3,16
76493,1600.2,0.0,0.14,0.090,0.019,0.981,3,16
76547,1616.8,0.0,0.10,0.088,0.021,0.975,3,16
76597,1607.8,0.0,0.06,0.087,0.019,0.976,3,16
76647,1585.1,0.0,0.06,0.087,0.019,0.976,3,16
76697,1613.2,0.0,0.08,0.089,0.020,0.973,3,16
76747,1615.2,0.0,0.07,0.087,0.021,0.982,3,16
76797,1595.4,0.0,0.07,0.087,0.021,0.982,3,16
76847,1617.3,0.0,0.06,0.088,0.020,0.985,3,16
76897,1624.4,0.0,0.04,0.093,0.020,0.990,3,16
76947,1606.8,0.0,0.04,0.093,0.020,0.990,3,16
76997,1630.5,0.0,0.07,0.090,0.020,0.979,3,16
77048,1633.7,0.0,0.05,0.090,0.019,0.980,3,16
77099,1614.2,0.0,0.05,0.090,0.019,0.980,3,16
77148,1634.7,0.0,0.02,0.087,0.022,0.977,3,16
77198,1622.4,0.0,0.04,0.087,0.020,0.978,3,16
77249,1597.1,0.0,0.04,0.087,0.020,0.978,3,16
77298,1627.7,0.0,0.08,0.090,0.021,0.979,3,16
77348,1626.7,0.0,0.08,0.090,0.021,0.979,3,16
77399,1604.7,0.0,0.08,0.090,0.021,0.979,3,16
77448,1632.3,0.0,0.03,0.091,0.021,0.980,3,16
77498,1633.4,0.0,0.04,0.090,0.021,0.980,3,16
77551,1612.7,0.0,0.04,0.090,0.021,0.980,3,16
77600,1607.2,0.0,0.03,0.087,0.021,0.977,3,16
77650,1630.8,0.0,0.11,0.090,0.020,0.978,3,16
77702,1612.6,0.0,0.11,0.090,0.020,0.978,3,16
77751,1616.4,0.0,0.08,0.090,0.019,0.977,3,16
77801,1629.5,0.0,0.01,0.090,0.021,0.981,3,16
77852,1606.8,0.0,0.01,0.090,0.021,0.981,3,16
77902,1607.0,0.0,0.09,0.089,0.022,0.981,3,16
77952,1620.0,0.0,0.10,0.090,0.021,0.981,3,16
78002,1597.5,0.0,0.10,0.090,0.021,0.981,3,16
78056,1614.8,0.0,0.06,0.089,0.020,0.981,3,16
78106,1640.9,0.0,0.05,0.086,0.021,0.979,3,16
78156,1633.9,0.0,0.05,0.086,0.021,0.979,3,16
78206,1610.2,0.0,0.09,0.091,0.021,0.978,3,16
78256,1619.1,0.0,0.04,0.090,0.022,0.978,3,16
78306,1628.3,0.0,0.06,0.092,0.020,0.977,3,16
78356,1613.3,0.0,0.06,0.092,0.020,0.977,3,16
78406,1605.4,0.0,0.04,0.091,0.020,0.981,3,16
78456,1627.9,0.0,0.04,0.091,0.020,0.981,3,16
78506,1612.9,0.0,0.02,0.092,0.020,0.986,3,16
78558,1612.4,0.0,0.11,0.083,0.020,0.979,3,16
78608,1609.2,0.0,0.14,0.082,0.022,0.977,3,16
78658,1591.9,0.0,0.14,0.082,0.022,0.977,3,16
78708,1620.7,0.0,0.07,0.091,0.024,0.973,3,16
78758,1612.9,0.0,0.07,0.091,0.024,0.973,3,16
78808,1588.6,0.0,0.10,0.096,0.019,0.977,3,16
78858,1613.7,0.0,0.05,0.093,0.019,0.990,3,16
78908,1613.9,0.0,0.16,0.086,0.018,0.983,3,16
78958,1593.5,0.0,0.16,0.086,0.018,0.983,3,16
79008,1610.5,0.0,0.04,0.083,0.024,0.979,3,16
79059,1623.4,0.0,0.04,0.083,0.024,0.979,3,16
79109,1608.4,0.0,0.05,0.091,0.022,0.981,3,16
79159,1594.3,0.0,0.07,0.097,0.015,0.986,3,16
79209,1598.8,0.0,0.02,0.084,0.024,0.975,3,16
79259,1582.1,0.0,0.02,0.084,0.024,0.975,3,16
79309,1600.9,0.0,0.07,0.089,0.025,0.974,3,16
79359,1596.0,0.0,0.07,0.089,0.025,0.974,3,16
79409,1574.9,0.0,0.10,0.094,0.016,0.972,3,16
79459,1601.4,0.0,0.06,0.088,0.020,0.990,3,16
79509,1615.3,0.0,0.02,0.097,0.023,0.994,3,16
79560,1599.9,0.0,0.02,0.097,0.023,0.994,3,16
79610,1595.4,0.0,0.07,0.096,0.019,0.996,3,16
79660,1601.5,0.0,0.07,0.096,0.019,0.996,3,16
79710,1587.1,0.0,0.11,0.086,0.018,0.975,3,16
79760,1600.8,0.0,0.11,0.083,0.018,0.971,3,16
79810,1603.2,0.0,0.04,0.082,0.020,0.977,3,16
79860,1585.2,0.0,0.04,0.082,0.020,0.977,3,16
79910,1596.5,0.0,0.11,0.084,0.016,0.963,3,16
79960,1609.8,0.0,0.11,0.084,0.016,0.963,3,16
80010,1595.8,0.0,0.11,0.084,0.016,0.963,3,16
80061,1602.3,0.0,0.07,0.098,0.025,0.978,3,16
80111,1609.2,0.0,0.07,0.098,0.025,0.978,3,16
80161,1594.0,0.0,0.07,0.098,0.025,0.978,3,16
80211,1605.7,0.0,0.12,0.091,0.021,0.974,3,16
80261,1607.2,0.0,0.12,0.091,0.021,0.974,3,16
80311,1589.9,0.0,0.06,0.098,0.021,0.996,3,16
80361,1615.0,0.0,0.11,0.094,0.020,0.992,3,16
80411,1617.1,0.0,0.04,0.076,0.020,0.974,3,16
80461,1599.4,0.0,0.04,0.076,0.020,0.974,3,16
80511,1614.8,0.0,0.03,0.074,0.020,0.976,3,16
80562,1610.8,0.0,0.03,0.074,0.020,0.976,3,16
80612,1591.8,0.0,0.14,0.095,0.015,0.978,3,15
80662,1607.5,0.0,0.05,0.092,0.016,0.972,3,15
80712,1603.8,0.0,0.04,0.090,0.025,0.978,3,16
80762,1582.9,0.0,0.04,0.090,0.025,0.978,3,16
80812,1592.1,0.0,0.06,0.090,0.017,0.978,3,16
80862,1596.7,0.0,0.05,0.089,0.021,0.996,3,16
80912,1577.8,0.0,0.04,0.086,0.025,0.993,3,16
80962,1600.8,0.0,0.03,0.068,0.020,0.984,3,16
81012,1601.5,0.0,0.04,0.020,0.011,0.987,3,16
81067,1581.2,80.9,0.04,0.020,0.011,0.987,3,16
81117,1602.2,80.9,0.17,-0.039,0.018,0.985,3,16
81167,1595.5,80.9,0.17,-0.039,0.018,0.985,3,16
81221,1572.2,78.9,0.17,-0.039,0.018,0.985,3,16
81271,1580.1,121.9,0.41,-0.050,0.008,0.953,3,16
81321,1585.5,121.9,0.57,-0.051,0.002,0.953,3,16
81371,1558.6,134.9,0.57,-0.051,0.002,0.953,3,16
81421,1578.2,140.5,0.70,-0.001,0.004,0.991,3,15
81471,1578.7,159.3,0.86,0.039,0.014,1.019,3,15
81522,1558.8,159.3,0.86,0.039,0.014,1.019,3,15
81574,1589.6,161.5,1.08,0.044,0.005,0.954,3,15
81624,1580.4,175.9,1.01,0.055,-0.018,0.983,3,15
81674,1554.3,179.6,1.01,0.055,-0.018,0.983,3,15
81724,1585.1,206.4,1.29,0.049,-0.034,0.982,3,15
81774,1596.8,186.5,1.35,0.037,0.024,0.971,3,15
81825,1578.9,199.3,1.56,0.049,0.044,0.966,3,15
81875,1599.8,214.7,1.56,0.049,0.044,0.966,3,15
81925,1587.3,202.8,1.92,0.075,0.006,0.964,3,14
81978,1561.7,213.1,1.92,0.075,0.006,0.964,3,14
82027,1596.9,214.6,1.62,0.082,-0.019,0.986,3,14
82078,1601.1,230.5,1.44,0.102,-0.021,0.986,3,14
82129,1580.2,217.4,1.49,0.123,-0.028,0.987,3,14
82179,1588.1,210.1,1.60,0.128,-0.020,1.004,3,14
82229,1579.5,229.0,1.57,0.136,0.002,0.996,3,14
82279,1558.0,228.7,1.57,0.136,0.002,0.996,3,14
82329,1576.6,207.6,1.69,0.146,0.001,1.004,3,14
82379,1579.0,219.6,1.51,0.151,0.006,0.976,3,15
82429,1560.3,212.3,1.51,0.153,0.005,0.993,3,15
82479,1582.1,193.7,1.51,0.153,0.005,0.993,3,15
82529,1578.6,212.1,1.80,0.166,0.022,0.969,3,15
82581,1556.6,220.7,1.80,0.166,0.022,0.969,3,15
82630,1589.6,192.8,1.43,0.128,0.024,0.925,3,15
82680,1581.7,232.0,1.94,0.134,0.020,0.937,3,15
82731,1556.6,224.3,1.90,0.138,0.020,0.928,3,15
82781,1570.1,213.4,1.67,0.129,0.017,0.928,3,15
82831,1546.5,222.9,1.37,0.113,0.019,0.960,3,15
82881,1550.0,216.0,1.37,0.113,0.019,0.960,3,15
82931,1574.2,222.6,1.37,0.113,0.019,0.960,3,15
82981,1556.1,228.3,1.57,0.161,0.010,1.044,3,15
83032,1551.6,196.1,1.53,0.164,0.011,1.020,3,15
83084,1576.2,209.5,1.65,0.156,0.032,1.005,3,15
83134,1557.3,236.0,1.65,0.156,0.032,1.005,3,15
83184,1546.4,213.8,1.85,0.156,0.045,0.940,3,15
83234,1564.9,216.9,1.85,0.156,0.045,0.940,3,15
83284,1532.3,216.9,1.83,0.170,0.043,1.003,3,15
83334,1550.1,192.8,1.58,0.192,0.047,0.994,3,15
83384,1566.1,193.9,1.58,0.192,0.047,0.994,3,15
83434,1543.6,174.8,1.43,0.183,0.013,0.957,3,16
83484,1563.2,172.5,1.50,0.207,0.028,0.965,3,15
83534,1572.8,173.3,1.50,0.207,0.028,0.965,3,15
83585,1556.0,163.4,1.15,0.179,0.016,0.939,3,15
83635,1568.1,157.3,0.95,0.158,0.015,0.941,3,15
83685,1574.7,157.3,0.95,0.158,0.015,0.941,3,15
83735,1558.4,172.7,1.36,0.163,0.021,0.954,3,15
83785,1578.1,151.4,1.69,0.159,0.056,0.956,3,16
83835,1574.7,165.6,1.69,0.159,0.056,0.956,3,16
83885,1560.4,154.3,1.00,0.167,0.025,0.982,3,16
83935,1587.7,154.3,0.80,0.159,0.011,0.970,3,15
83985,1570.7,150.8,0.88,0.164,-0.002,1.007,3,15
84035,1574.6,144.6,1.07,0.147,0.031,0.992,3,16
84086,1587.6,144.6,1.07,0.167,0.014,0.984,3,16
84136,1564.4,140.5,1.07,0.167,0.014,0.984,3,16
84186,1569.4,130.0,1.12,0.170,0.004,0.982,3,16
84236,1585.5,130.0,1.10,0.166,0.015,0.959,3,16
84286,1563.3,121.4,1.10,0.166,0.015,0.959,3,16
84336,1572.8,119.6,1.08,0.149,0.046,0.957,3,15
84386,1591.9,119.6,1.03,0.154,0.054,0.967,3,16
84436,1572.0,110.9,1.03,0.154,0.054,0.967,3,16
84486,1585.4,110.9,1.03,0.164,0.043,0.968,3,16
84536,1585.3,97.9,1.05,0.181,0.033,0.977,3,16
84587,1556.1,97.9,0.92,0.180,0.030,0.965,3,16
84637,1575.6,97.9,0.69,0.159,0.034,0.963,3,16
84687,1601.2,86.7,0.59,0.162,0.052,0.984,3,16
84737,1583.5,86.7,0.59,0.162,0.052,0.984,3,16
84787,1579.7,73.5,0.58,0.173,0.053,0.998,3,15
84837,1602.1,73.5,0.61,0.161,0.048,0.990,3,15
84887,1582.7,73.5,0.61,0.161,0.048,0.990,3,15
84937,1602.7,70.5,0.55,0.145,0.039,0.966,3,15
84987,1589.8,70.5,0.59,0.146,0.051,0.990,3,15
85037,1563.1,70.5,0.59,0.146,0.051,0.990,3,15
85098,1577.7,66.2,0.65,0.134,0.046,0.992,3,16
85148,1589.5,66.2,0.72,0.084,0.040,0.960,3,16
85199,1591.3,88.7,0.72,0.084,0.040,0.960,3,16
85248,1571.2,88.7,0.64,0.065,0.041,0.961,3,16
85298,1604.0,107.8,0.73,0.073,0.047,0.995,3,16
85348,1588.7,107.8,0.82,0.085,0.042,1.006,3,16
85398,1582.2,108.3,0.88,0.090,0.042,0.993,3,16
85448,1590.4,108.3,0.90,0.125,0.054,1.009,3,16
85498,1594.6,111.6,0.90,0.125,0.054,1.009,3,16
85548,1584.1,125.2,0.92,0.118,0.044,0.966,3,16
85599,1600.9,125.2,0.86,0.102,0.031,0.964,3,16
85649,1579.5,124.0,0.86,0.102,0.031,0.964,3,16
85699,1576.6,124.7,0.86,0.102,0.031,0.964,3,16
85749,1594.3,124.7,0.95,0.093,0.022,0.951,3,16
85799,1574.2,128.7,0.95,0.093,0.022,0.951,3,16
85849,1579.5,135.2,0.94,0.107,0.023,0.961,3,16
85899,1605.9,135.2,0.94,0.107,0.023,0.961,3,16
85949,1587.6,132.5,0.92,0.091,0.014,0.965,3,16
85999,1587.5,138.1,0.92,0.091,0.014,0.965,3,16
86049,1606.9,138.1,1.11,0.132,0.044,1.017,3,16
86101,1586.3,135.9,1.11,0.132,0.044,1.017,3,16
86151,1588.5,128.1,1.06,0.151,0.056,1.011,3,16
86201,1606.3,128.1,0.86,0.158,0.028,0.999,3,16
86255,1604.1,126.9,0.83,0.155,0.027,1.009,3,16
86305,1583.4,135.7,1.01,0.145,0.035,0.998,3,15
86355,1592.7,135.7,1.16,0.093,0.034,0.936,3,15
86405,1609.1,122.6,1.16,0.093,0.034,0.936,3,15
86455,1592.5,141.8,0.99,0.092,0.049,0.975,3,15
86505,1612.1,141.8,0.83,0.116,0.039,0.970,3,16
86555,1624.3,128.3,0.93,0.108,0.038,0.966,3,16
86607,1605.5,128.3,1.10,0.120,0.033,0.980,3,16
86657,1630.6,122.6,1.10,0.120,0.033,0.980,3,16
86708,1625.0,121.9,1.24,0.138,0.055,1.016,3,16
86759,1602.2,121.9,1.32,0.134,0.046,1.004,3,16
86808,1630.0,111.9,1.04,0.131,0.026,0.977,3,15
86858,1623.2,111.9,0.83,0.148,0.031,0.975,3,15
86909,1609.9,103.5,0.83,0.148,0.031,0.975,3,15
86958,1618.4,103.5,0.78,0.162,0.038,0.974,3,15
87008,1619.2,93.4,0.73,0.154,0.035,0.966,3,15
87059,1601.1,93.4,0.73,0.154,0.035,0.966,3,15
87109,1620.3,93.4,0.70,0.154,0.057,0.972,3,15
87159,1625.7,81.7,0.73,0.160,0.055,0.974,3,16
87209,1607.8,81.7,0.72,0.175,0.059,0.974,3,16
87259,1626.1,81.7,0.73,0.181,0.056,0.991,3,16
87309,1619.6,50.7,0.65,0.194,0.049,0.968,3,16
87359,1597.8,50.7,0.65,0.194,0.049,0.968,3,16
87409,1596.3,50.7,0.58,0.184,0.047,0.966,3,16
87459,1607.6,50.7,0.41,0.180,0.046,0.971,3,16
87509,1583.9,50.7,0.35,0.177,0.048,0.973,3,16
87559,1584.6,50.7,0.24,0.168,0.045,0.956,3,16
87610,1614.3,50.7,0.11,0.172,0.044,0.982,3,16
87660,1598.1,50.7,0.11,0.172,0.044,0.982,3,16
87710,1586.8,50.7,0.04,0.163,0.043,0.967,3,16
87760,1607.5,24.0,0.02,0.154,0.043,0.990,3,15
87810,1587.7,24.0,0.09,0.149,0.044,0.987,3,15
87860,1603.2,24.0,0.11,0.143,0.044,0.984,3,15
87910,1612.3,24.0,0.22,0.143,0.041,0.991,3,16
87960,1587.3,24.0,0.22,0.143,0.041,0.991,3,16
88010,1588.8,24.0,0.23,0.129,0.043,0.972,3,16
88060,1598.2,24.0,0.26,0.126,0.038,0.977,3,16
88111,1575.0,29.5,0.26,0.124,0.038,0.972,3,15
88161,1574.8,29.5,0.21,0.111,0.040,0.967,3,15
88211,1572.5,29.5,0.26,0.106,0.046,0.970,3,15
88261,1542.6,29.5,0.26,0.106,0.046,0.970,3,15
88311,1573.7,29.5,0.24,0.101,0.042,0.967,3,15
88361,1580.4,29.5,0.22,0.092,0.045,0.991,3,15
88411,1561.8,29.5,0.11,0.085,0.041,0.982,3,15
88461,1587.6,29.5,0.11,0.088,0.043,0.989,3,15
88511,1585.5,29.5,0.13,0.083,0.042,0.971,3,15
88561,1590.8,29.5,0.13,0.083,0.042,0.971,3,15
88612,1582.6,29.5,0.03,0.095,0.040,0.991,3,15
88662,1597.3,29.5,0.04,0.082,0.038,0.959,3,15
88712,1578.7,29.5,0.07,0.106,0.040,1.011,3,15
88762,1593.5,29.5,0.01,0.095,0.040,0.965,3,15
88812,1591.7,29.5,0.06,0.099,0.044,0.959,3,15
88862,1572.1,29.5,0.06,0.099,0.044,0.959,3,15
88912,1604.4,29.5,0.13,0.110,0.044,0.965,3,15
88962,1586.8,29.5,0.05,0.117,0.045,0.958,3,15
89012,1555.7,29.5,0.04,0.122,0.041,0.957,3,15
89062,1575.6,29.5,0.12,0.130,0.043,0.980,3,15
89113,1564.5,0.0,0.04,0.128,0.041,0.970,3,16
89163,1540.0,0.0,0.04,0.128,0.041,0.970,3,16
89213,1564.7,0.0,0.08,0.127,0.046,0.990,3,15
89263,1546.8,0.0,0.05,0.131,0.045,0.999,3,16
89313,1559.7,0.0,0.11,0.134,0.042,1.005,3,16
89363,1572.0,0.0,0.03,0.110,0.041,0.963,3,16
89413,1549.1,0.0,0.05,0.123,0.038,0.987,3,16
89463,1542.8,0.0,0.05,0.123,0.038,0.987,3,16
89513,1568.4,0.0,0.09,0.108,0.038,0.956,3,16
89563,1549.2,0.0,0.17,0.110,0.045,0.951,3,16
89617,1538.7,0.0,0.10,0.112,0.051,0.952,3,16
89667,1569.9,0.0,0.13,0.096,0.044,0.970,3,15
89717,1554.3,0.0,0.06,0.092,0.032,0.962,3,15
89769,1561.3,0.0,0.06,0.092,0.032,0.962,3,15
89819,1567.5,0.0,0.13,0.107,0.032,0.941,3,15
89869,1539.8,0.0,0.08,0.135,0.049,0.946,3,15
89919,1570.1,0.0,0.08,0.135,0.049,0.946,3,15
89969,1586.9,0.0,0.09,0.135,0.055,0.955,3,15
90019,1571.2,0.0,0.02,0.129,0.027,0.966,3,15
90069,1584.5,0.0,0.02,0.129,0.027,0.966,3,15
90124,1593.1,0.0,0.08,0.103,0.045,0.993,3,15
90174,1577.5,0.0,0.06,0.087,0.042,0.988,3,15
90224,1565.0,0.0,0.06,0.087,0.042,0.988,3,15
90274,1591.6,0.0,0.02,0.092,0.035,0.993,3,15
90324,1574.3,0.0,0.06,0.111,0.043,0.997,3,15
90375,1583.7,0.0,0.06,0.111,0.043,0.997,3,15
90425,1607.9,0.0,0.05,0.128,0.050,0.989,3,15
90475,1590.0,0.0,0.01,0.131,0.031,0.957,3,15
90525,1582.5,0.0,0.06,0.125,0.037,0.959,3,15
90575,1587.5,0.0,0.09,0.124,0.044,0.961,3,15
90626,1573.5,0.0,0.08,0.109,0.040,0.964,3,15
90678,1563.8,0.0,0.08,0.109,0.040,0.964,3,15
90728,1568.0,0.0,0.09,0.107,0.044,0.959,3,15
90778,1554.2,0.0,0.06,0.111,0.043,0.975,3,15
90828,1573.9,0.0,0.15,0.108,0.044,0.965,3,15
90878,1565.2,0.0,0.06,0.102,0.038,0.953,3,15
90928,1541.7,0.0,0.06,0.111,0.041,0.986,3,15
90978,1566.7,0.0,0.06,0.111,0.041,0.986,3,15
91028,1569.5,0.0,0.13,0.116,0.040,0.978,3,15
91078,1549.8,0.0,0.08,0.118,0.046,1.003,3,15
91131,1573.8,0.0,0.01,0.123,0.047,1.008,3,15
91180,1587.9,0.0,0.01,0.123,0.047,1.008,3,15
91230,1572.3,0.0,0.01,0.123,0.047,1.008,3,15
91280,1594.4,0.0,0.01,0.123,0.047,1.008,3,15
91330,1575.8,0.0,0.04,0.131,0.045,1.020,3,15
91380,1573.5,0.0,0.02,0.125,0.039,0.987,3,15
91431,1588.6,0.0,0.05,0.111,0.036,0.951,3,15
91480,1567.4,0.0,0.07,0.114,0.040,0.962,3,15
91530,1572.1,0.0,0.14,0.117,0.047,0.976,3,15
91581,1595.6,0.0,0.14,0.117,0.047,0.976,3,15
91633,1577.1,0.0,0.02,0.114,0.045,0.966,3,15
91683,1582.0,0.0,0.11,0.112,0.039,0.954,3,15
91733,1599.1,0.0,0.05,0.107,0.041,0.953,3,15
91783,1578.0,0.0,0.11,0.117,0.041,0.978,3,15
91833,1591.1,0.0,0.01,0.128,0.048,1.007,3,15
91883,1613.7,0.0,0.01,0.128,0.048,1.007,3,15
91933,1594.9,0.0,0.06,0.123,0.046,0.999,3,15
91983,1569.5,0.0,0.07,0.120,0.040,0.996,3,15
92033,1593.2,0.0,0.04,0.113,0.039,0.973,3,15
92083,1574.8,0.0,0.04,0.113,0.039,0.973,3,15
92134,1585.8,0.0,0.08,0.111,0.041,0.970,3,15
92184,1600.7,0.0,0.08,0.111,0.041,0.970,3,15
92234,1579.2,0.0,0.08,0.108,0.040,0.955,3,15
92284,1578.2,0.0,0.04,0.118,0.043,0.968,3,15
92334,1609.2,0.0,0.12,0.114,0.040,0.962,3,15
92384,1593.5,0.0,0.20,0.120,0.043,0.958,3,15
92434,1604.7,0.0,0.12,0.116,0.040,0.984,3,15
92484,1617.4,0.0,0.12,0.116,0.040,0.984,3,15
92534,1595.0,0.0,0.09,0.120,0.041,0.985,3,15
92584,1605.3,0.0,0.03,0.112,0.040,0.969,3,15
92635,1633.1,0.0,0.10,0.110,0.038,0.964,3,15
92685,1622.7,0.0,0.10,0.110,0.038,0.964,3,15
92735,1597.1,0.0,0.08,0.113,0.045,0.975,3,15
92785,1617.9,0.0,0.08,0.113,0.045,0.975,3,15
92835,1619.0,0.0,0.04,0.111,0.044,0.971,3,15
92885,1603.5,0.0,0.07,0.115,0.041,0.967,3,15
92935,1628.8,0.0,0.01,0.117,0.039,0.966,3,15
92985,1638.5,0.0,0.03,0.120,0.040,0.983,3,15
93035,1621.1,0.0,0.02,0.120,0.040,0.982,3,15
93085,1637.5,0.0,0.02,0.120,0.040,0.982,3,15
93136,1641.7,0.0,0.04,0.117,0.044,0.983,3,15
93186,1623.9,0.0,0.11,0.111,0.043,0.976,3,15
93236,1614.8,0.0,0.04,0.112,0.043,0.977,3,15
93286,1612.7,0.0,0.04,0.112,0.043,0.977,3,15
93336,1597.1,0.0,0.04,0.114,0.042,0.981,3,15
93386,1599.1,0.0,0.04,0.114,0.042,0.981,3,15
93436,1608.1,0.0,0.03,0.111,0.040,0.970,3,15
93486,1594.1,0.0,0.11,0.116,0.040,0.976,3,15
93536,1624.2,0.0,0.07,0.125,0.042,0.993,3,15
93586,1618.9,0.0,0.12,0.114,0.042,0.967,3,15
93637,1595.0,0.0,0.07,0.116,0.042,0.959,3,15
93687,1623.6,0.0,0.07,0.116,0.042,0.959,3,15
93737,1622.9,0.0,0.03,0.118,0.040,0.982,3,15
93787,1601.9,0.0,0.13,0.112,0.039,0.965,3,15
93837,1630.2,0.0,0.04,0.108,0.040,0.971,3,15
93887,1619.1,0.0,0.04,0.108,0.040,0.971,3,15
93937,1593.3,0.0,0.17,0.115,0.043,0.968,3,15
93987,1624.0,0.0,0.17,0.115,0.043,0.968,3,15
94037,1611.4,0.0,0.11,0.115,0.041,0.978,3,15
94087,1583.9,0.0,0.07,0.119,0.041,0.978,3,15
94138,1599.2,0.0,0.06,0.120,0.040,0.988,3,15
94188,1612.0,0.0,0.08,0.121,0.039,0.990,3,15
94238,1589.7,0.0,0.14,0.111,0.041,0.971,3,15
94288,1589.2,0.0,0.13,0.113,0.042,0.974,3,15
94338,1595.1,0.0,0.13,0.113,0.042,0.974,3,15
94388,1568.8,0.0,0.13,0.114,0.042,0.965,3,15
94438,1588.0,0.0,0.10,0.107,0.041,0.965,3,15
94488,1598.4,0.0,0.10,0.107,0.041,0.965,3,15
94538,1575.0,0.0,0.04,0.119,0.043,0.989,3,15
94588,1590.2,0.0,0.08,0.113,0.042,0.981,3,15
94647,1581.4,0.0,0.08,0.113,0.042,0.981,3,15
94696,1559.0,0.0,0.06,0.116,0.040,0.978,3,15
94746,1567.0,0.0,0.09,0.126,0.039,1.005,3,15
94797,1592.6,0.0,0.08,0.122,0.044,1.007,3,15
94846,1575.3,0.0,0.11,0.121,0.045,1.005,3,15
94896,1575.9,0.0,0.05,0.107,0.041,0.955,3,15
94947,1597.7,0.0,0.05,0.107,0.041,0.955,3,15
94996,1579.2,0.0,0.04,0.109,0.040,0.963,3,15
95046,1580.2,0.0,0.09,0.112,0.040,0.950,3,15
95097,1598.1,0.0,0.09,0.112,0.040,0.950,3,15
95149,1577.7,0.0,0.08,0.103,0.040,0.951,3,15
95199,1584.8,0.0,0.08,0.118,0.039,0.954,3,15
95249,1605.9,0.0,0.10,0.107,0.045,0.956,3,15
95299,1586.9,0.0,0.13,0.115,0.047,0.953,3,15
95349,1586.6,0.0,0.05,0.116,0.045,0.977,3,15
95399,1609.8,0.0,0.05,0.116,0.045,0.977,3,15
95449,1591.4,0.0,0.02,0.121,0.042,1.003,3,15
95499,1579.7,0.0,0.12,0.117,0.043,0.985,3,15
95549,1607.4,0.0,0.05,0.118,0.042,0.985,3,15
95599,1591.0,0.0,0.10,0.121,0.039,1.000,3,15
95650,1591.6,0.0,0.01,0.120,0.042,0.955,3,15
95701,1608.1,0.0,0.01,0.120,0.042,0.955,3,15
95750,1587.0,0.0,0.11,0.113,0.043,0.969,3,15
95800,1590.8,0.0,0.03,0.110,0.039,0.958,3,15
95851,1612.3,0.0,0.08,0.109,0.045,0.962,3,15
95900,1593.7,0.0,0.12,0.112,0.044,0.970,3,15
95950,1603.7,0.0,0.06,0.116,0.044,0.970,3,15
96001,1623.6,0.0,0.06,0.116,0.044,0.970,3,15
96050,1604.2,0.0,0.10,0.117,0.043,0.986,3,15
96100,1612.2,0.0,0.08,0.119,0.040,0.990,3,15
96152,1617.9,0.0,0.04,0.120,0.040,0.987,3,15
96201,1592.5,0.0,0.04,0.119,0.042,0.988,3,15
96251,1592.6,0.0,0.02,0.114,0.042,0.975,3,15
96301,1610.9,0.0,0.02,0.114,0.042,0.975,3,15
96351,1591.0,0.0,0.02,0.114,0.043,0.977,3,15
96401,1595.2,0.0,0.02,0.113,0.040,0.967,3,15
96451,1616.3,0.0,0.05,0.118,0.043,0.980,3,15
96501,1597.3,0.0,0.04,0.113,0.042,0.974,3,15
96551,1579.2,0.0,0.15,0.117,0.044,0.988,3,15
96602,1602.5,0.0,0.15,0.117,0.044,0.988,3,15
96652,1584.7,0.0,0.05,0.119,0.045,0.989,3,15
96702,1569.9,0.0,0.05,0.115,0.044,0.981,3,15
96752,1593.1,0.0,0.05,0.115,0.044,0.981,3,15
96802,1574.4,0.0,0.05,0.115,0.044,0.981,3,15
96852,1566.0,0.0,0.05,0.112,0.038,0.966,3,16
96907,1590.5,0.0,0.05,0.112,0.038,0.966,3,16
96956,1592.1,0.0,0.06,0.114,0.045,0.964,3,16
97006,1588.9,0.0,0.06,0.113,0.044,0.957,3,16
97056,1611.6,0.0,0.03,0.113,0.040,0.967,3,16
97106,1600.6,0.0,0.04,0.120,0.043,0.965,3,16
97157,1599.4,0.0,0.19,0.114,0.041,0.985,3,16
97208,1617.9,0.0,0.19,0.114,0.041,0.985,3,16
97257,1597.8,0.0,0.11,0.117,0.041,0.979,3,16
97307,1604.0,0.0,0.07,0.121,0.043,0.998,3,16
97358,1605.3,0.0,0.04,0.114,0.042,0.971,3,16
97407,1577.0,0.0,0.09,0.116,0.042,0.974,3,16
97457,1584.2,0.0,0.06,0.116,0.043,0.976,3,16
97508,1604.1,0.0,0.06,0.116,0.043,0.976,3,16
97557,1584.4,0.0,0.06,0.117,0.044,0.967,3,16
97607,1567.1,0.0,0.13,0.117,0.042,0.967,3,16
97659,1591.7,0.0,0.06,0.114,0.041,0.986,3,16
97708,1574.0,0.0,0.03,0.117,0.041,0.959,3,16
97758,1587.8,0.0,0.07,0.113,0.042,0.979,3,16
97808,1606.8,0.0,0.07,0.113,0.042,0.979,3,16
97858,1586.8,0.0,0.03,0.122,0.046,1.006,3,16
97908,1588.3,0.0,0.07,0.122,0.045,1.002,3,16
97958,1612.2,0.0,0.05,0.115,0.043,0.981,3,16
98008,1594.0,0.0,0.07,0.120,0.042,0.997,3,16
98058,1598.2,0.0,0.05,0.122,0.043,0.996,3,16
98108,1621.0,0.0,0.05,0.122,0.043,0.996,3,16
98160,1617.5,0.0,0.07,0.112,0.040,0.968,3,16
98210,1596.6,0.0,0.09,0.111,0.040,0.957,3,16
98260,1616.4,0.0,0.08,0.109,0.045,0.961,3,16
98310,1629.5,0.0,0.02,0.109,0.041,0.962,3,16
98360,1611.6,0.0,0.15,0.113,0.043,0.974,3,16
98410,1617.6,0.0,0.07,0.116,0.044,0.983,3,16
98460,1611.4,0.0,0.07,0.116,0.044,0.983,3,16
98510,1592.1,0.0,0.18,0.118,0.043,0.986,3,16
98560,1610.7,0.0,0.17,0.117,0.040,0.970,3,16
98610,1608.4,0.0,0.09,0.112,0.040,0.972,3,16
98661,1587.7,0.0,0.11,0.119,0.044,0.971,3,16
98711,1603.4,0.0,0.07,0.113,0.042,0.974,3,16
98761,1603.6,0.0,0.07,0.113,0.042,0.974,3,16
98811,1584.5,0.0,0.14,0.116,0.039,0.959,3,16
98861,1607.8,0.0,0.14,0.112,0.045,0.964,3,16
98911,1606.0,0.0,0.19,0.115,0.043,0.975,3,16
98961,1584.9,0.0,0.06,0.119,0.046,0.999,3,16
99011,1610.6,0.0,0.17,0.119,0.046,0.995,3,16
99061,1603.7,0.0,0.17,0.119,0.046,0.995,3,16
99111,1582.3,0.0,0.10,0.117,0.040,0.994,3,16
99162,1609.8,0.0,0.13,0.120,0.042,0.993,3,16
99212,1606.9,0.0,0.04,0.120,0.040,0.999,3,16
99262,1585.0,0.0,0.13,0.113,0.042,0.971,3,16
99312,1602.2,0.0,0.11,0.113,0.039,0.960,3,16
99362,1600.3,0.0,0.11,0.113,0.039,0.960,3,16
99412,1580.2,0.0,0.09,0.109,0.040,0.957,3,16
99462,1600.6,0.0,0.03,0.116,0.042,0.970,3,16
99512,1601.3,0.0,0.02,0.116,0.042,0.970,3,16
99562,1582.0,0.0,0.02,0.114,0.045,0.992,3,16
99612,1613.1,0.0,0.12,0.122,0.038,1.001,3,16
99663,1602.0,0.0,0.12,0.122,0.038,1.001,3,16
99713,1575.5,0.0,0.08,0.122,0.042,1.002,3,16
99763,1598.0,0.0,0.10,0.123,0.039,1.003,3,16
99813,1595.0,0.0,0.07,0.121,0.047,1.000,3,16
99863,1574.6,0.0,0.02,0.110,0.042,0.968,3,16
99913,1594.9,0.0,0.10,0.104,0.044,0.964,3,16
99963,1575.8,0.0,0.10,0.104,0.044,0.964,3,16
100013,1580.7,0.0,0.08,0.110,0.040,0.970,3,16
100063,1597.1,0.0,0.14,0.111,0.042,0.959,3,16
100113,1576.2,0.0,0.06,0.118,0.041,0.957,3,16
100172,1572.9,0.0,0.09,0.117,0.043,0.974,3,16
100222,1594.5,0.0,0.09,0.117,0.044,0.970,3,16
100272,1600.1,0.0,0.09,0.117,0.044,0.970,3,16
100322,1582.3,0.0,0.10,0.117,0.043,0.992,3,16
100372,1596.3,0.0,0.05,0.123,0.041,1.003,3,16
100425,1597.4,0.0,0.05,0.123,0.041,1.003,3,16
100474,1581.5,0.0,0.16,0.126,0.041,1.007,3,16
100524,1599.6,0.0,0.10,0.109,0.040,0.952,3,16
100574,1605.7,0.0,0.10,0.109,0.040,0.952,3,16
100624,1591.2,0.0,0.04,0.103,0.043,0.955,3,16
100675,1592.0,0.0,0.09,0.107,0.042,0.964,3,16
100726,1605.0,0.0,0.09,0.107,0.042,0.964,3,16
100776,1592.7,0.0,0.19,0.120,0.040,0.956,3,16
100826,1597.6,0.0,0.10,0.116,0.041,0.977,3,16
100876,1603.0,0.0,0.10,0.116,0.041,0.977,3,16
100926,1587.4,0.0,0.11,0.118,0.043,0.969,3,16
100976,1598.2,0.0,0.19,0.121,0.044,0.997,3,16
101027,1585.2,0.0,0.19,0.121,0.044,0.997,3,16
101077,1561.6,0.0,0.05,0.115,0.044,0.991,3,16
101127,1581.7,0.0,0.09,0.124,0.042,1.005,3,16
101179,1593.5,0.0,0.09,0.124,0.042,1.005,3,16
101229,1578.0,0.0,0.06,0.109,0.044,0.966,3,16
101279,1589.2,0.0,0.12,0.110,0.043,0.962,3,16
101329,1584.2,0.0,0.12,0.110,0.043,0.962,3,16
101379,1579.6,0.0,0.09,0.105,0.042,0.957,3,16
101429,1591.2,0.0,0.07,0.114,0.041,0.953,3,16
101479,1590.6,0.0,0.07,0.114,0.041,0.953,3,16
101529,1570.6,0.0,0.11,0.111,0.045,0.956,3,16
101579,1585.4,0.0,0.07,0.119,0.043,0.978,3,16
101632,1594.8,0.0,0.08,0.120,0.042,0.975,3,16
101684,1579.3,0.0,0.14,0.120,0.045,1.001,3,16
101734,1587.7,0.0,0.07,0.117,0.046,0.991,3,16
101784,1593.7,0.0,0.07,0.117,0.046,0.991,3,16
101834,1572.8,0.0,0.05,0.128,0.041,1.010,3,16
101884,1600.8,0.0,0.05,0.108,0.041,0.963,3,16
101934,1573.2,0.0,0.15,0.110,0.042,0.970,3,16
101984,1538.3,0.0,0.15,0.110,0.042,0.970,3,16
102034,1568.1,0.0,0.06,0.112,0.041,0.972,3,16
102084,1551.6,0.0,0.06,0.112,0.041,0.972,3,16
102134,1546.0,0.0,0.16,0.113,0.042,0.951,3,16
102185,1565.1,0.0,0.10,0.106,0.045,0.954,3,16
102235,1545.0,0.0,0.10,0.106,0.045,0.954,3,16
102285,1555.5,0.0,0.10,0.111,0.038,0.968,3,16
102335,1581.7,0.0,0.10,0.111,0.038,0.968,3,16
102386,1564.6,0.0,0.11,0.113,0.039,0.953,3,16
102435,1545.2,0.0,0.03,0.117,0.043,0.983,3,16
102485,1577.6,0.0,0.09,0.122,0.046,1.007,3,16
102535,1562.3,0.0,0.09,0.122,0.046,1.007,3,16
102585,1573.6,0.0,0.07,0.123,0.045,1.007,3,16
102635,1580.7,0.0,0.10,0.111,0.042,0.964,3,16
102686,1564.7,0.0,0.11,0.121,0.040,0.990,3,16
102736,1574.3,0.0,0.11,0.121,0.040,0.990,3,16
102786,1579.8,0.0,0.08,0.106,0.040,0.957,3,16
102836,1563.4,0.0,0.08,0.106,0.040,0.957,3,16
102886,1589.2,0.0,0.08,0.106,0.040,0.957,3,16
102936,1584.5,0.0,0.10,0.109,0.043,0.963,3,16
102986,1559.2,0.0,0.16,0.108,0.043,0.951,3,16
103036,1591.0,0.0,0.18,0.103,0.044,0.954,3,16
103086,1602.2,0.0,0.15,0.113,0.039,0.949,3,15
103136,1585.3,0.0,0.10,0.112,0.040,0.953,3,15
103187,1598.5,0.0,0.10,0.112,0.040,0.953,3,15
103237,1591.3,0.0,0.06,0.112,0.043,0.961,3,15
103287,1569.8,0.0,0.05,0.115,0.045,0.981,3,15
103337,1598.3,0.0,0.07,0.118,0.044,0.982,3,15
103387,1597.1,0.0,0.09,0.123,0.037,1.007,3,16
103437,1575.3,0.0,0.12,0.119,0.043,1.007,3,16
103487,1595.8,0.0,0.12,0.119,0.043,1.007,3,16
103537,1612.5,0.0,0.12,0.112,0.042,0.960,3,16
103587,1588.4,0.0,0.07,0.117,0.045,0.986,3,16
103637,1607.5,0.0,0.04,0.122,0.042,1.004,3,16
103688,1599.1,0.0,0.12,0.110,0.041,0.962,3,16
103738,1583.4,0.0,0.04,0.112,0.043,0.962,3,16
103788,1590.0,0.0,0.04,0.112,0.043,0.962,3,16
103838,1583.5,0.0,0.06,0.114,0.043,0.959,3,16
103888,1560.8,0.0,0.04,0.119,0.044,0.970,3,16
103938,1574.6,0.0,0.10,0.110,0.040,0.966,3,16
103988,1552.6,0.0,0.05,0.116,0.045,0.983,3,16
104038,1552.1,0.0,0.04,0.119,0.044,0.980,3,16
104088,1570.2,0.0,0.04,0.119,0.044,0.980,3,16
104138,1549.6,0.0,0.05,0.124,0.045,1.009,3,16
104189,1550.8,0.0,0.10,0.121,0.044,1.005,3,16
104239,1571.4,0.0,0.01,0.119,0.042,0.997,3,16
104289,1551.9,0.0,0.07,0.127,0.047,1.011,3,15
104339,1556.2,0.0,0.06,0.112,0.039,0.974,3,16
104389,1587.8,0.0,0.06,0.112,0.039,0.974,3,16
104439,1572.7,0.0,0.05,0.119,0.041,0.994,3,16
104489,1569.9,0.0,0.05,0.119,0.041,0.994,3,16
104539,1597.1,0.0,0.05,0.119,0.041,0.994,3,16
104589,1580.2,0.0,0.02,0.115,0.044,0.953,3,16
104639,1589.5,0.0,0.10,0.112,0.042,0.950,3,16
104699,1597.7,0.0,0.10,0.112,0.042,0.950,3,16
104748,1582.6,0.0,0.00,0.118,0.041,0.956,3,15
104798,1600.0,0.0,0.09,0.114,0.042,0.981,3,15
104848,1610.3,0.0,0.09,0.114,0.042,0.981,3,15
104898,1586.2,0.0,0.04,0.122,0.045,1.005,3,15
104948,1603.6,0.0,0.05,0.123,0.046,0.995,3,15
104998,1617.7,0.0,0.08,0.117,0.044,0.981,3,15
105048,1595.8,0.0,0.04,0.119,0.042,0.994,3,15
105098,1585.8,0.0,0.04,0.119,0.042,0.994,3,15
105149,1600.0,0.0,0.04,0.119,0.042,0.994,3,15
105202,1578.7,0.0,0.05,0.120,0.041,0.996,3,15
105252,1565.8,0.0,0.04,0.113,0.040,0.961,3,15
105302,1584.7,0.0,0.04,0.113,0.040,0.961,3,15
105352,1564.9,0.0,0.09,0.111,0.040,0.962,3,16
105402,1554.6,0.0,0.10,0.117,0.043,0.974,3,15
105452,1582.5,0.0,0.10,0.117,0.043,0.974,3,15
105502,1565.8,0.0,0.05,0.115,0.043,0.986,3,15
105552,1549.4,0.0,0.04,0.125,0.044,1.008,3,16
105602,1578.9,0.0,0.05,0.128,0.040,1.012,3,16
105652,1562.3,0.0,0.07,0.110,0.038,0.971,3,16
105703,1546.8,0.0,0.11,0.117,0.041,0.990,3,16
105755,1572.8,0.0,0.11,0.117,0.041,0.990,3,16
105804,1555.2,0.0,0.13,0.125,0.045,1.005,3,15
105854,1536.6,0.0,0.05,0.106,0.040,0.959,3,15
105905,1561.6,0.0,0.06,0.108,0.038,0.968,3,15
105954,1546.0,0.0,0.10,0.105,0.045,0.953,3,15
106004,1560.1,0.0,0.07,0.104,0.044,0.954,3,15
106055,1561.8,0.0,0.07,0.104,0.044,0.954,3,15
106104,1543.7,0.0,0.15,0.107,0.041,0.950,3,15
106154,1572.2,0.0,0.02,0.121,0.041,0.974,3,15
106208,1588.1,0.0,0.02,0.121,0.041,0.974,3,15
106257,1572.9,0.0,0.05,0.112,0.038,0.955,3,16
106307,1585.7,0.0,0.03,0.124,0.044,0.985,3,16
106357,1586.5,0.0,0.12,0.115,0.044,0.994,3,16
106407,1582.4,0.0,0.12,0.115,0.044,0.994,3,16
106457,1598.0,0.0,0.13,0.120,0.045,0.994,3,16
106507,1601.8,0.0,0.11,0.116,0.044,0.987,3,16
106557,1583.3,0.0,0.08,0.107,0.040,0.958,3,16
106607,1604.0,0.0,0.02,0.120,0.042,1.010,3,16
106657,1609.9,0.0,0.03,0.117,0.043,0.987,3,15
106709,1592.6,0.0,0.03,0.117,0.043,0.987,3,15
106759,1614.1,0.0,0.03,0.113,0.042,0.966,3,16
106809,1610.9,0.0,0.02,0.110,0.041,0.963,3,16
106859,1589.9,0.0,0.11,0.114,0.040,0.957,3,16
106909,1609.5,0.0,0.13,0.110,0.040,0.956,3,16
106959,1614.9,0.0,0.07,0.114,0.042,0.973,3,16
107009,1597.5,0.0,0.07,0.114,0.042,0.973,3,16
107059,1621.4,0.0,0.08,0.116,0.042,0.972,3,16
107109,1612.8,0.0,0.05,0.118,0.044,0.969,3,16
107159,1589.3,0.0,0.07,0.112,0.044,0.986,3,16
107211,1613.3,0.0,0.10,0.119,0.042,0.992,3,16
107261,1604.1,0.0,0.03,0.120,0.043,0.992,3,15
107311,1579.6,0.0,0.03,0.120,0.043,0.992,3,15
107361,1599.8,0.0,0.10,0.114,0.043,0.969,3,15
107411,1604.8,0.0,0.05,0.114,0.041,0.973,3,15
107461,1587.2,0.0,0.06,0.113,0.040,0.962,3,15
107511,1611.6,0.0,0.04,0.117,0.043,0.974,3,15
107561,1609.0,0.0,0.07,0.117,0.042,0.972,3,15
107611,1588.0,0.0,0.07,0.117,0.042,0.972,3,15
107661,1604.6,0.0,0.06,0.117,0.043,0.989,3,15
107712,1607.9,0.0,0.06,0.117,0.043,0.989,3,15
107762,1589.7,0.0,0.03,0.116,0.043,0.982,3,15
107812,1610.6,0.0,0.10,0.122,0.041,0.996,3,15
107862,1609.6,0.0,0.10,0.122,0.041,0.996,3,15
107912,1589.7,0.0,0.10,0.122,0.041,0.996,3,15
107962,1609.1,0.0,0.05,0.114,0.042,0.970,3,15
108013,1616.3,0.0,0.05,0.114,0.042,0.970,3,15
108062,1599.7,0.0,0.06,0.114,0.042,0.962,3,15
108112,1604.8,0.0,0.05,0.116,0.042,0.964,3,15
108162,1607.7,0.0,0.04,0.112,0.039,0.966,3,15
108213,1591.3,0.0,0.04,0.112,0.039,0.966,3,15
108263,1612.9,0.0,0.05,0.117,0.043,0.980,3,15
108313,1598.7,0.0,0.04,0.114,0.041,0.981,3,15
108363,1572.3,0.0,0.06,0.119,0.043,0.981,3,15
108413,1594.3,0.0,0.04,0.121,0.042,0.999,3,15
108463,1604.6,0.0,0.03,0.120,0.043,0.995,3,15
108513,1588.3,0.0,0.03,0.120,0.043,0.995,3,15
108563,1598.3,0.0,0.11,0.115,0.043,0.978,3,15
108613,1594.7,0.0,0.01,0.112,0.039,0.962,3,15
108663,1604.7,0.0,0.03,0.119,0.042,0.960,3,15
108714,1621.8,0.0,0.02,0.118,0.041,0.957,3,15
108764,1628.0,0.0,0.07,0.112,0.041,0.957,3,15
108814,1609.5,0.0,0.07,0.112,0.041,0.957,3,15
108864,1620.1,0.0,0.13,0.116,0.045,0.975,3,15
108914,1621.8,0.0,0.12,0.117,0.043,0.975,3,15
108964,1604.5,0.0,0.12,0.117,0.043,0.975,3,15
109014,1633.1,0.0,0.09,0.118,0.043,0.985,3,15
109064,1635.5,0.0,0.05,0.115,0.042,0.976,3,15
109114,1617.1,0.0,0.05,0.115,0.042,0.976,3,15
109164,1618.0,0.0,0.06,0.117,0.043,0.979,3,15
109215,1646.2,0.0,0.02,0.115,0.041,0.973,3,15
109265,1630.0,0.0,0.04,0.114,0.041,0.975,3,15
109315,1621.5,0.0,0.05,0.117,0.042,0.976,3,15
109365,1627.2,0.0,0.02,0.116,0.043,0.973,3,15
109415,1606.7,0.0,0.02,0.116,0.043,0.973,3,15
109465,1599.7,0.0,0.05,0.116,0.042,0.977,3,15
109515,1606.0,0.0,0.09,0.117,0.043,0.978,3,15
109565,1580.2,0.0,0.06,0.115,0.042,0.975,3,15
109615,1583.5,0.0,0.06,0.115,0.041,0.979,3,15
109665,1593.4,0.0,0.02,0.114,0.042,0.974,3,15
109724,1590.3,0.0,0.02,0.114,0.042,0.974,3,15
109775,1583.5,0.0,0.01,0.119,0.038,0.964,3,15
109825,1607.8,0.0,0.09,0.113,0.039,0.957,3,15
109875,1600.7,0.0,0.09,0.113,0.039,0.957,3,15
109925,1577.7,0.0,0.06,0.117,0.043,0.976,3,15
109975,1595.7,0.0,0.04,0.116,0.043,0.989,3,15
110026,1602.5,0.0,0.04,0.116,0.043,0.989,3,15
110075,1585.3,0.0,0.06,0.114,0.046,0.989,3,15
110125,1586.0,0.0,0.06,0.123,0.040,1.000,3,15
110175,1598.8,0.0,0.06,0.123,0.040,1.000,3,15
110228,1584.5,0.0,0.02,0.111,0.043,0.965,3,15
110278,1587.6,0.0,0.07,0.111,0.042,0.964,3,15
110330,1573.1,0.0,0.02,0.114,0.042,0.959,3,16
110380,1551.3,0.0,0.07,0.105,0.043,0.966,3,16
110430,1579.0,0.0,0.03,0.117,0.041,0.951,3,15
110480,1577.2,0.0,0.03,0.117,0.041,0.951,3,15
110530,1555.9,0.0,0.01,0.118,0.043,0.978,3,15
110580,1568.3,0.0,0.02,0.121,0.042,0.972,3,15
110630,1545.5,0.0,0.02,0.121,0.042,0.972,3,15
110680,1563.2,0.0,0.02,0.121,0.042,0.972,3,15
110731,1590.1,0.0,0.09,0.114,0.046,0.986,3,15
110783,1573.6,0.0,0.09,0.114,0.046,0.986,3,15
110832,1567.7,0.0,0.03,0.125,0.041,1.015,3,15
110882,1582.1,0.0,0.11,0.116,0.042,0.980,3,16
110932,1560.5,0.0,0.06,0.121,0.042,1.000,3,15
110982,1579.8,0.0,0.03,0.125,0.041,1.006,3,15
111032,1590.7,0.0,0.06,0.109,0.042,0.960,3,15
111082,1567.4,0.0,0.06,0.109,0.042,0.960,3,15
111132,1564.3,0.0,0.05,0.103,0.044,0.954,3,15
111182,1588.1,0.0,0.05,0.106,0.042,0.964,3,15
111233,1569.9,0.0,0.05,0.106,0.042,0.964,3,15
111283,1575.1,0.0,0.09,0.110,0.043,0.955,3,15
111333,1605.1,0.0,0.03,0.113,0.044,0.958,3,15
111383,1589.6,0.0,0.03,0.113,0.044,0.958,3,15
111433,1578.7,0.0,0.06,0.117,0.040,0.975,3,15
111483,1597.9,0.0,0.02,0.114,0.039,0.966,3,15
111534,1578.2,0.0,0.05,0.122,0.041,1.002,3,15
111584,1571.0,0.0,0.01,0.124,0.042,1.003,3,15
111634,1586.0,0.0,0.04,0.111,0.044,0.964,3,15
111685,1564.8,0.0,0.06,0.111,0.042,0.967,3,15
111735,1562.6,0.0,0.06,0.111,0.042,0.967,3,15
111785,1578.2,0.0,0.09,0.113,0.041,0.978,3,16
111835,1557.1,0.0,0.09,0.113,0.041,0.978,3,16
111885,1583.1,0.0,0.11,0.108,0.040,0.959,3,16
111935,1595.9,0.0,0.10,0.106,0.041,0.961,3,16
111985,1580.1,0.0,0.06,0.116,0.043,0.957,3,16
112035,1597.2,0.0,0.06,0.116,0.043,0.957,3,16
112085,1597.4,0.0,0.06,0.112,0.040,0.967,3,16
112135,1578.0,0.0,0.09,0.119,0.043,0.961,3,16
112185,1608.7,0.0,0.03,0.119,0.045,0.988,3,16
112236,1616.7,0.0,0.00,0.120,0.042,0.981,3,16
112286,1598.8,0.0,0.06,0.123,0.041,1.002,3,16
112336,1619.8,0.0,0.06,0.123,0.041,1.002,3,16
112386,1615.0,0.0,0.05,0.114,0.043,0.973,3,16
112436,1593.8,0.0,0.05,0.114,0.043,0.973,3,16
112486,1622.3,0.0,0.03,0.116,0.043,0.984,3,16
112536,1622.5,0.0,0.04,0.113,0.040,0.966,3,16
112586,1601.9,0.0,0.08,0.112,0.041,0.967,3,16
112636,1615.8,0.0,0.08,0.112,0.041,0.967,3,16
112686,1598.3,0.0,0.01,0.112,0.041,0.966,3,16
112737,1571.6,0.0,0.07,0.113,0.042,0.960,3,16
112787,1598.8,0.0,0.05,0.118,0.042,0.976,3,16
112837,1593.9,0.0,0.02,0.118,0.044,0.972,3,16
112887,1571.7,0.0,0.09,0.123,0.042,0.995,3,16
112937,1595.5,0.0,0.09,0.123,0.042,0.995,3,16
112987,1586.5,0.0,0.06,0.112,0.043,0.972,3,16
113037,1562.4,0.0,0.06,0.112,0.043,0.972,3,16
113087,1590.8,0.0,0.06,0.117,0.042,0.992,3,16
113137,1601.2,0.0,0.04,0.109,0.039,0.964,3,16
113187,1584.1,0.0,0.08,0.116,0.044,0.960,3,16
113238,1610.7,0.0,0.08,0.116,0.044,0.960,3,16
113288,1613.2,0.0,0.09,0.113,0.043,0.955,3,16
113338,1592.2,0.0,0.06,0.118,0.044,0.974,3,16
113388,1609.1,0.0,0.04,0.113,0.040,0.968,3,16
113438,1610.8,0.0,0.04,0.113,0.040,0.968,3,16
113488,1592.7,0.0,0.09,0.109,0.038,0.958,3,16
113538,1612.5,0.0,0.09,0.109,0.038,0.958,3,16
113588,1616.9,0.0,0.09,0.120,0.041,0.999,3,16
113638,1598.5,0.0,0.07,0.112,0.045,0.962,3,16
113688,1603.3,0.0,0.07,0.112,0.045,0.962,3,16
113739,1596.3,0.0,0.04,0.116,0.040,0.975,3,16
113789,1576.4,0.0,0.02,0.116,0.041,0.967,3,16
113839,1599.6,0.0,0.02,0.116,0.041,0.967,3,16
113889,1604.5,0.0,0.02,0.115,0.039,0.966,3,16
113939,1586.5,0.0,0.02,0.119,0.042,0.963,3,16
113989,1610.1,0.0,0.05,0.111,0.041,0.964,3,16
114039,1614.9,0.0,0.02,0.120,0.042,0.979,3,16
114089,1595.7,0.0,0.08,0.122,0.042,1.001,3,16
114139,1617.2,0.0,0.08,0.122,0.042,1.001,3,16
114189,1617.9,0.0,0.06,0.120,0.046,0.996,3,16
114240,1599.2,0.0,0.06,0.120,0.046,0.996,3,16
114290,1628.6,0.0,0.04,0.115,0.043,0.981,3,16
114340,1623.0,0.0,0.10,0.118,0.042,0.990,3,16
114390,1599.9,0.0,0.02,0.113,0.040,0.970,3,16
114440,1608.9,0.0,0.02,0.113,0.040,0.970,3,16
114490,1619.3,0.0,0.06,0.112,0.040,0.967,3,16
114540,1596.2,0.0,0.06,0.117,0.043,0.980,3,16
114590,1599.0,0.0,0.06,0.117,0.043,0.981,3,16
114640,1613.0,0.0,0.03,0.119,0.042,0.989,3,16
114690,1590.9,0.0,0.01,0.120,0.041,0.988,3,16
114748,1589.1,0.0,0.01,0.120,0.041,0.988,3,16
114797,1613.4,0.0,0.05,0.122,0.041,0.991,3,16
114847,1595.9,0.0,0.01,0.113,0.044,0.971,3,16
114901,1588.0,0.0,0.01,0.113,0.044,0.971,3,16
114951,1606.6,0.0,0.07,0.117,0.043,0.976,3,16
115001,1608.9,0.0,0.01,0.116,0.041,0.967,3,16
115051,1590.6,0.0,0.01,0.116,0.041,0.967,3,16
115101,1618.0,0.0,0.04,0.112,0.039,0.965,3,16
115151,1616.6,0.0,0.09,0.117,0.042,0.981,3,16
115201,1595.2,0.0,0.09,0.117,0.042,0.981,3,16
115259,1614.5,0.0,0.12,0.120,0.041,0.980,3,16
115309,1627.7,0.0,0.06,0.123,0.042,0.997,3,16
115359,1612.8,0.0,0.06,0.123,0.042,0.997,3,16
115409,1630.6,0.0,0.03,0.123,0.042,0.989,3,16
115459,1637.7,0.0,0.04,0.116,0.042,0.974,3,16
115509,1620.8,0.0,0.04,0.117,0.041,0.975,3,16
115559,1622.0,0.0,0.04,0.117,0.041,0.975,3,16
115609,1639.7,0.0,0.06,0.115,0.041,0.973,3,16
115660,1619.5,0.0,0.06,0.115,0.041,0.973,3,16
115709,1610.4,0.0,0.07,0.115,0.042,0.975,3,16
115760,1616.2,0.0,0.05,0.116,0.042,0.977,3,16
115810,1590.5,0.0,0.10,0.115,0.043,0.979,3,16
115860,1595.5,0.0,0.10,0.115,0.043,0.979,3,16
115910,1624.4,0.0,0.06,0.115,0.042,0.977,3,16
115960,1607.9,0.0,0.06,0.115,0.042,0.977,3,16
116010,1579.2,0.0,0.07,0.110,0.042,0.972,3,16
116060,1609.3,0.0,0.08,0.114,0.041,0.971,3,16
116110,1593.8,0.0,0.03,0.110,0.041,0.968,3,16
116160,1596.3,0.0,0.03,0.110,0.041,0.968,3,16
116210,1607.5,0.0,0.03,0.110,0.041,0.968,3,16
116261,1584.7,0.0,0.03,0.110,0.041,0.968,3,16
116312,1594.5,0.0,0.03,0.113,0.045,0.971,3,16
116361,1622.8,0.0,0.03,0.120,0.045,0.996,3,16
116411,1606.8,0.0,0.01,0.123,0.042,0.991,3,16
116462,1611.5,0.0,0.05,0.119,0.044,0.996,3,16
116511,1638.1,0.0,0.07,0.116,0.043,0.982,3,16
116561,1621.3,0.0,0.07,0.116,0.043,0.982,3,16
116612,1618.1,0.0,0.03,0.111,0.041,0.972,3,16
116661,1648.2,0.0,0.05,0.114,0.041,0.969,3,16
116711,1631.6,0.0,0.04,0.114,0.042,0.972,3,16
116762,1602.8,0.0,0.04,0.114,0.042,0.972,3,16
116812,1627.2,0.0,0.08,0.116,0.041,0.975,3,16
116862,1612.3,0.0,0.08,0.116,0.041,0.975,3,16
116912,1585.4,0.0,0.03,0.116,0.043,0.973,3,16
116962,1596.6,0.0,0.00,0.114,0.042,0.976,3,16
117012,1592.2,0.0,0.09,0.116,0.042,0.986,3,16
117062,1572.3,0.0,0.09,0.116,0.042,0.986,3,16
117112,1595.4,0.0,0.07,0.112,0.043,0.971,3,16
117162,1587.8,0.0,0.07,0.112,0.043,0.971,3,16
117212,1563.8,0.0,0.03,0.113,0.039,0.958,3,16
117263,1588.4,0.0,0.03,0.119,0.044,0.971,3,16
117313,1570.6,0.0,0.02,0.112,0.039,0.969,3,16
117363,1575.2,0.0,0.02,0.112,0.039,0.969,3,16
117413,1603.4,0.0,0.05,0.110,0.042,0.960,3,16
117463,1587.3,0.0,0.05,0.110,0.042,0.960,3,16
117513,1593.5,0.0,0.03,0.120,0.042,0.982,3,16
117563,1613.1,0.0,0.03,0.122,0.042,1.006,3,16
117613,1593.8,0.0,0.03,0.104,0.045,0.960,3,16
117663,1598.7,0.0,0.03,0.104,0.045,0.960,3,16
117713,1615.9,0.0,0.05,0.109,0.043,0.970,3,16
117764,1613.8,0.0,0.05,0.109,0.043,0.970,3,16
117814,1593.8,0.0,0.04,0.112,0.040,0.973,3,16
117864,1613.6,0.0,0.08,0.114,0.041,0.959,3,15
117914,1619.2,0.0,0.04,0.111,0.044,0.965,3,15
117964,1601.3,0.0,0.04,0.111,0.044,0.965,3,15
118014,1616.6,0.0,0.09,0.118,0.045,0.975,3,15
118064,1627.3,0.0,0.09,0.118,0.045,0.975,3,15
118114,1611.9,0.0,0.03,0.122,0.045,0.991,3,16
118164,1622.3,0.0,0.02,0.118,0.043,0.975,3,16
118214,1616.9,0.0,0.08,0.117,0.042,0.979,3,16
118265,1596.7,0.0,0.08,0.117,0.042,0.979,3,16
118315,1616.1,0.0,0.06,0.110,0.041,0.974,3,16
118365,1605.7,0.0,0.06,0.110,0.041,0.974,3,16
118415,1581.4,0.0,0.03,0.108,0.042,0.974,3,16
118465,1604.7,0.0,0.03,0.109,0.039,0.968,3,16
118515,1608.0,0.0,0.06,0.118,0.043,0.980,3,16
118565,1589.2,0.0,0.06,0.118,0.043,0.980,3,16
118615,1610.0,0.0,0.02,0.120,0.043,0.977,3,16
118665,1608.1,0.0,0.02,0.120,0.043,0.977,3,16
118715,1588.2,0.0,0.09,0.124,0.042,0.998,3,16
118776,1561.6,0.0,0.01,0.115,0.043,0.973,3,16
118826,1602.6,0.0,0.03,0.114,0.044,0.983,3,16
118876,1589.8,0.0,0.03,0.114,0.044,0.983,3,16
118926,1583.1,0.0,0.11,0.110,0.042,0.971,3,16
118976,1582.5,0.0,0.11,0.110,0.042,0.971,3,16
119029,1567.4,0.0,0.03,0.116,0.037,0.964,3,16
119078,1593.2,0.0,0.03,0.115,0.044,0.965,3,16
119128,1595.8,0.0,0.04,0.116,0.041,0.973,3,16
119178,1577.0,0.0,0.04,0.116,0.041,0.973,3,16
119228,1601.2,0.0,0.04,0.111,0.039,0.966,3,16
119279,1601.0,0.0,0.07,0.119,0.045,0.985,3,16
119331,1581.1,0.0,0.03,0.116,0.041,0.982,3,16
119381,1579.4,0.0,0.07,0.126,0.040,1.009,3,16
119431,1589.6,0.0,0.07,0.121,0.045,1.005,3,15
119481,1565.8,0.0,0.07,0.121,0.045,1.005,3,15
119531,1590.3,0.0,0.03,0.113,0.042,0.982,3,16
119581,1578.3,0.0,0.05,0.109,0.039,0.963,3,15
119634,1551.8,0.0,0.05,0.111,0.043,0.969,3,16
119683,1572.4,0.0,0.05,0.113,0.046,0.961,3,16
119733,1579.4,0.0,0.02,0.118,0.044,0.961,3,16
119784,1562.3,0.0,0.02,0.118,0.044,0.961,3,16
119834,1581.8,0.0,0.07,0.113,0.041,0.957,3,16
119884,1582.4,0.0,0.02,0.112,0.044,0.959,3,16
119935,1563.1,0.0,0.04,0.115,0.045,0.981,3,16
119985,1596.0,0.0,0.05,0.118,0.042,0.980,3,16
120035,1609.2,0.0,0.08,0.122,0.044,1.012,3,16
120085,1593.3,0.0,0.08,0.122,0.044,1.012,3,16
120135,1600.1,0.0,0.04,0.119,0.048,0.999,3,16
120185,1590.8,0.0,0.04,0.126,0.040,1.009,3,16
120235,1570.4,0.0,0.04,0.123,0.044,1.006,3,16
120286,1583.5,0.0,0.03,0.112,0.041,0.966,3,16
120336,1589.1,0.0,0.02,0.113,0.039,0.972,3,16
120386,1572.4,0.0,0.02,0.113,0.039,0.972,3,16
120436,1593.0,0.0,0.04,0.113,0.041,0.958,3,16
120486,1600.7,0.0,0.08,0.107,0.041,0.959,3,16
120536,1581.0,0.0,0.12,0.115,0.044,0.979,3,16
120586,1586.8,0.0,0.04,0.115,0.045,0.958,3,16
120636,1582.7,0.0,0.10,0.121,0.042,1.007,3,16
120686,1560.1,0.0,0.10,0.121,0.042,1.007,3,16
120736,1593.5,0.0,0.06,0.119,0.048,0.997,3,16
120787,1578.6,0.0,0.07,0.118,0.047,0.986,3,16
120837,1554.0,0.0,0.02,0.124,0.043,1.006,3,16
120887,1593.2,0.0,0.02,0.124,0.043,1.006,3,16
120937,1580.1,0.0,0.06,0.124,0.044,1.010,3,16
120987,1564.9,0.0,0.08,0.116,0.041,0.989,3,16
121037,1595.0,0.0,0.08,0.116,0.041,0.989,3,16
121087,1563.4,0.0,0.04,0.123,0.044,0.999,3,16
121137,1572.7,0.0,0.04,0.113,0.043,0.968,3,16
121187,1575.4,0.0,0.03,0.111,0.039,0.963,3,16
121237,1545.8,0.0,0.06,0.116,0.041,0.959,3,16
121288,1558.6,0.0,0.10,0.108,0.040,0.957,3,16
121338,1585.1,0.0,0.10,0.108,0.040,0.957,3,16
121388,1568.2,0.0,0.10,0.112,0.044,0.956,3,16
121438,1582.7,0.0,0.06,0.111,0.039,0.955,3,16
121488,1589.6,0.0,0.04,0.119,0.041,0.982,3,16
121538,1564.2,0.0,0.03,0.123,0.045,1.008,3,16
121588,1568.3,0.0,0.04,0.115,0.044,0.990,3,16
121638,1584.7,0.0,0.04,0.115,0.044,0.990,3,16
121688,1563.9,0.0,0.04,0.125,0.042,1.010,3,16
121738,1584.1,0.0,0.04,0.125,0.042,1.010,3,16
121789,1590.5,0.0,0.04,0.125,0.042,1.010,3,16
121839,1573.2,0.0,0.03,0.124,0.046,1.010,3,16
121890,1600.1,0.0,0.02,0.116,0.044,0.983,3,16
121939,1595.0,0.0,0.02,0.116,0.044,0.983,3,16
121989,1572.6,0.0,0.04,0.108,0.042,0.963,3,16
122039,1586.9,0.0,0.06,0.111,0.039,0.950,3,16
122089,1591.3,0.0,0.06,0.111,0.039,0.950,3,16
122139,1574.2,0.0,0.03,0.104,0.042,0.953,3,16
122189,1573.3,0.0,0.06,0.115,0.044,0.963,3,16
122239,1576.8,0.0,0.06,0.115,0.044,0.963,3,16
122290,1561.9,0.0,0.05,0.113,0.045,0.976,3,16
122340,1593.4,0.0,0.03,0.121,0.043,0.980,3,16
122390,1598.9,0.0,0.08,0.126,0.044,1.013,3,16
122440,1579.6,0.0,0.03,0.121,0.043,1.004,3,16
122490,1608.6,0.0,0.07,0.119,0.043,0.989,3,16
122540,1604.7,0.0,0.07,0.119,0.043,0.989,3,16
122590,1581.9,0.0,0.06,0.109,0.040,0.962,3,16
122640,1605.8,0.0,0.07,0.109,0.040,0.958,3,16
122690,1611.6,0.0,0.06,0.111,0.040,0.952,3,16
122740,1594.0,0.0,0.08,0.105,0.042,0.954,3,16
122791,1619.3,0.0,0.07,0.120,0.044,0.969,3,16
122841,1634.1,0.0,0.07,0.120,0.044,0.969,3,16
122891,1619.1,0.0,0.04,0.119,0.042,0.960,3,16
122941,1631.9,0.0,0.04,0.117,0.043,0.982,3,16
122991,1618.9,0.0,0.06,0.119,0.041,0.983,3,16
123041,1595.4,0.0,0.04,0.119,0.042,0.987,3,16
123091,1621.4,0.0,0.14,0.118,0.042,0.990,3,16
123141,1614.5,0.0,0.14,0.118,0.042,0.990,3,16
123191,1590.8,0.0,0.09,0.114,0.041,0.974,3,16
123241,1612.4,0.0,0.13,0.115,0.043,0.974,3,16
123295,1613.0,0.0,0.10,0.114,0.045,0.970,3,16
123344,1593.8,0.0,0.08,0.114,0.042,0.968,3,16
123394,1608.6,0.0,0.02,0.117,0.043,0.972,3,16
123448,1631.1,0.0,0.02,0.117,0.043,0.972,3,16
123497,1612.9,0.0,0.08,0.118,0.043,0.972,3,15
123547,1600.0,0.0,0.08,0.113,0.042,0.982,3,15
123598,1623.8,0.0,0.08,0.113,0.042,0.982,3,15
123647,1606.3,0.0,0.08,0.113,0.041,0.971,3,15
123697,1566.7,0.0,0.05,0.117,0.044,0.988,3,15
123748,1598.0,0.0,0.05,0.117,0.044,0.988,3,15
123802,1582.4,0.0,0.04,0.113,0.041,0.975,3,15
123852,1553.3,0.0,0.06,0.114,0.040,0.964,3,15
123902,1584.7,0.0,0.06,0.114,0.040,0.964,3,15
123952,1569.3,0.0,0.06,0.114,0.040,0.964,3,15
124002,1554.6,0.0,0.03,0.118,0.042,0.975,3,15
124052,1572.4,0.0,0.03,0.118,0.042,0.975,3,15
124102,1552.1,0.0,0.05,0.113,0.039,0.971,3,15
124152,1563.8,0.0,0.20,0.116,0.046,0.989,3,15
124202,1589.1,0.0,0.20,0.116,0.046,0.989,3,15
124252,1571.5,0.0,0.09,0.116,0.043,1.011,3,15
124303,1578.6,0.0,0.25,0.117,0.045,1.012,3,15
124353,1597.4,0.0,0.24,0.125,0.041,0.991,3,15
124403,1577.4,0.0,0.17,0.136,0.041,0.992,3,15
124453,1579.4,0.0,0.10,0.122,0.044,0.951,3,15
124503,1594.7,0.0,0.10,0.122,0.044,0.951,3,15
124553,1573.5,0.0,0.07,0.117,0.042,0.954,3,15
124603,1588.9,0.0,0.13,0.108,0.044,0.956,3,15
124654,1580.8,0.0,0.12,0.111,0.040,0.997,3,15
124703,1558.8,0.0,0.07,0.102,0.037,0.966,3,15
124753,1584.3,0.0,0.13,0.108,0.038,0.961,3,15
124804,1585.0,0.0,0.13,0.108,0.038,0.961,3,15
124854,1564.6,0.0,0.09,0.113,0.041,0.982,3,15
124904,1576.4,0.0,0.08,0.121,0.045,0.995,3,15
124954,1576.1,0.0,0.10,0.125,0.048,0.995,3,15
125004,1557.7,0.0,0.09,0.119,0.049,0.979,3,15
125054,1581.7,0.0,0.09,0.119,0.049,0.979,3,15
125104,1582.7,0.0,0.09,0.119,0.049,0.979,3,15
125154,1563.2,0.0,0.11,0.128,0.044,1.009,3,15
125204,1584.1,0.0,0.12,0.121,0.042,0.987,3,15
125254,1600.3,0.0,0.07,0.104,0.042,0.956,3,15
125311,1582.7,0.0,0.04,0.107,0.044,0.963,3,15
125361,1599.8,0.0,0.06,0.106,0.041,0.961,3,15
125411,1605.7,0.0,0.06,0.106,0.041,0.961,3,15
125461,1589.6,0.0,0.07,0.104,0.042,0.960,3,15
125511,1597.6,0.0,0.03,0.114,0.046,0.986,3,15
125561,1595.4,0.0,0.04,0.117,0.045,0.983,3,15
125611,1569.6,0.0,0.11,0.116,0.044,0.978,3,15
125661,1596.2,0.0,0.02,0.117,0.042,0.977,3,15
125711,1605.7,0.0,0.02,0.117,0.042,0.977,3,15
125761,1589.6,0.0,0.09,0.120,0.042,0.973,3,15
125812,1606.1,0.0,0.09,0.120,0.042,0.973,3,15
125862,1606.4,0.0,0.07,0.123,0.046,1.004,3,15
125913,1587.5,0.0,0.10,0.120,0.045,1.001,3,15
125962,1600.0,0.0,0.13,0.113,0.043,0.985,3,15
126012,1604.0,0.0,0.13,0.113,0.043,0.985,3,15
126063,1587.8,0.0,0.01,0.113,0.042,0.974,3,15
126112,1601.0,0.0,0.05,0.117,0.045,0.967,3,16
126162,1574.1,0.0,0.04,0.114,0.038,0.962,3,16
126213,1542.9,0.0,0.03,0.116,0.041,0.963,3,16
126262,1568.5,0.0,0.09,0.115,0.039,0.964,3,15
126313,1568.8,0.0,0.11,0.115,0.052,0.984,3,15
126363,1548.6,0.0,0.11,0.115,0.052,0.984,3,15
126413,1579.5,0.0,0.06,0.110,0.044,0.984,3,15
126463,1564.0,0.0,0.02,0.113,0.038,1.022,3,15
126513,1577.4,0.0,0.02,0.113,0.038,1.022,3,15
126563,1577.4,0.0,0.02,0.129,0.037,0.995,3,15
126613,1577.4,0.0,0.02,0.129,0.037,0.995,3,15
126663,1577.4,0.0,0.02,0.129,0.037,0.995,3,15
126713,1577.4,0.0,0.04,0.121,0.050,0.970,3,15
126764,1577.4,0.0,0.05,0.124,0.044,0.984,3,15
126814,1577.4,0.0,0.05,0.124,0.044,0.984,3,15
126864,1577.4,0.0,0.03,0.115,0.039,0.984,3,15
126914,1577.4,0.0,0.05,0.116,0.042,0.992,3,15
126964,1577.4,0.0,0.04,0.115,0.045,0.988,3,15
127014,1577.4,0.0,0.17,0.114,0.041,0.973,3,15
127064,1577.4,0.0,0.07,0.119,0.041,0.987,3,15
127114,1577.4,0.0,0.07,0.119,0.041,0.987,3,15
127164,1577.4,0.0,0.11,0.117,0.045,0.988,3,15
127214,1577.4,0.0,0.04,0.114,0.044,0.978,3,15
127264,1577.4,0.0,0.08,0.111,0.043,0.979,3,15
127315,1577.4,0.0,0.08,0.111,0.043,0.979,3,15
127365,1577.4,0.0,0.05,0.091,0.042,0.981,3,15
127415,1577.4,29.5,0.05,0.091,0.042,0.981,3,15
127465,1577.4,29.5,0.05,0.060,0.038,0.978,3,14
127515,1577.4,29.5,0.37,0.061,0.039,0.980,3,14
127565,1577.4,29.5,0.37,0.061,0.039,0.980,3,14
127615,1577.4,29.5,0.39,0.063,0.048,0.977,3,14
127665,1577.4,46.4,0.45,0.074,0.041,0.979,3,14
127715,1577.4,46.4,0.45,0.074,0.041,0.979,3,14
127765,1577.4,70.2,0.53,0.086,0.037,0.985,3,14
127816,1577.4,70.2,0.57,0.086,0.041,0.970,3,15
127866,1577.4,70.2,0.57,0.086,0.041,0.970,3,15
127916,1577.4,80.6,0.66,0.086,0.044,0.992,3,15
127966,0.0,80.6,0.70,0.068,0.042,0.990,3,15
128016,0.0,99.2,0.70,0.068,0.042,0.990,3,15
128066,0.0,124.3,0.69,0.058,0.038,0.982,3,15
128116,0.0,124.3,0.69,0.050,0.044,0.980,3,15
128166,0.0,142.1,0.80,0.041,0.046,0.981,3,15
128216,0.0,171.7,0.92,0.032,0.055,0.965,3,15
128266,0.0,169.6,1.06,0.033,0.064,0.981,3,15
128327,0.0,182.7,1.06,0.033,0.064,0.981,3,15
128376,0.0,176.2,1.28,0.033,0.058,0.981,3,15
128426,0.0,213.0,1.30,0.023,0.035,0.955,3,15
128476,0.0,249.0,1.30,0.023,0.035,0.955,3,15
128526,0.0,240.4,1.67,0.073,0.073,0.984,3,15
128576,0.0,221.8,1.56,0.074,0.111,0.963,3,15
128628,0.0,234.2,1.56,0.074,0.111,0.963,3,15
128677,0.0,230.7,1.64,0.083,0.091,0.962,3,15
128727,0.0,238.6,1.74,0.106,0.056,0.977,3,16
128777,0.0,237.2,1.74,0.106,0.056,0.977,3,16
128829,0.0,242.1,1.58,0.117,0.081,0.990,3,16
128879,0.0,233.9,1.51,0.116,0.071,0.984,3,16
128929,0.0,244.0,1.51,0.116,0.071,0.984,3,16
128979,0.0,218.1,1.51,0.116,0.071,0.984,3,16
129029,0.0,246.5,1.85,0.110,0.063,0.998,3,16
129080,0.0,252.1,1.85,0.110,0.063,0.998,3,16
129129,0.0,224.7,2.02,0.069,0.069,0.987,3,16
129179,0.0,272.3,1.78,0.069,0.033,0.982,3,16
129231,0.0,247.8,1.78,0.069,0.033,0.982,3,16
129280,0.0,247.6,1.96,0.107,0.010,0.988,3,15
129331,0.0,233.8,2.04,0.120,0.027,0.993,3,16
129382,0.0,219.3,2.04,0.120,0.027,0.993,3,16
129432,0.0,245.4,1.53,0.140,0.024,1.039,3,15
129482,0.0,237.0,1.99,0.100,0.004,0.968,3,15
129532,0.0,218.4,2.08,0.065,0.012,0.930,3,15
129582,0.0,254.6,1.85,0.053,0.014,0.918,3,15
129632,0.0,224.7,1.83,0.066,0.018,0.980,3,15
129682,0.0,278.3,1.83,0.066,0.018,0.980,3,15
129732,0.0,282.0,2.08,0.062,0.031,0.993,3,15
129782,0.0,269.0,1.98,0.068,0.077,0.993,3,15
129835,0.0,282.4,1.98,0.068,0.077,0.993,3,15
129884,0.0,246.1,1.89,0.112,0.063,1.018,3,15
129934,0.0,246.3,1.89,0.112,0.063,1.018,3,15
129985,0.0,245.7,2.22,0.123,0.083,1.018,3,15
130035,0.0,265.2,2.22,0.123,0.083,1.018,3,15
130085,0.0,291.5,2.36,0.098,0.117,0.968,3,15
130136,0.0,228.8,2.36,0.098,0.117,0.968,3,15
130185,0.0,227.9,2.25,0.095,0.091,0.932,3,15
130235,0.0,248.9,1.48,0.119,0.019,0.979,3,15
130286,0.0,260.8,1.82,0.082,0.056,0.962,3,15
130339,0.0,243.3,1.82,0.082,0.056,0.962,3,15
130389,0.0,267.2,2.19,0.051,0.034,0.956,3,15
130439,0.0,235.7,2.19,0.051,0.034,0.956,3,15
130489,0.0,198.9,2.10,0.116,0.075,1.031,3,14
130539,0.0,236.7,1.62,0.155,0.146,1.046,3,14
130589,0.0,191.7,1.70,0.134,0.085,0.966,3,14
130639,0.0,206.3,1.70,0.134,0.085,0.966,3,14
130689,0.0,186.7,2.06,0.156,0.092,0.965,3,15
130739,0.0,175.4,1.85,0.160,0.093,0.984,3,15
130789,0.0,183.9,1.45,0.148,0.079,0.950,3,15
130840,0.0,176.5,1.03,0.094,-0.007,0.940,3,15
130890,0.0,176.5,1.50,0.102,-0.008,1.008,3,15
130940,0.0,159.8,1.50,0.102,-0.008,1.008,3,15
130990,0.0,170.2,1.46,0.148,0.044,1.013,3,15
131040,0.0,119.9,1.06,0.160,0.070,0.976,3,15
131090,0.0,119.9,0.94,0.200,0.072,0.990,3,15
131140,0.0,119.9,0.96,0.221,0.074,0.998,3,15
131190,0.0,93.3,1.15,0.203,0.059,0.954,3,15
131240,0.0,93.3,1.15,0.203,0.059,0.954,3,15
131290,0.0,93.3,0.58,0.173,0.049,0.946,3,15
131341,0.0,93.3,0.58,0.173,0.049,0.946,3,15
131391,0.0,49.0,0.50,0.163,0.016,0.971,3,15
131441,0.0,49.0,0.41,0.151,0.026,0.975,3,15
131491,0.0,49.0,0.20,0.140,0.062,0.983,3,15
131541,0.0,49.0,0.20,0.140,0.062,0.983,3,15
131591,0.0,49.0,0.02,0.124,0.052,0.967,3,15
131641,0.0,49.0,0.07,0.113,0.035,0.973,3,15
131691,0.0,49.0,0.14,0.105,0.032,0.974,3,15
131741,0.0,49.0,0.21,0.096,0.037,0.983,3,15
131791,0.0,49.0,0.11,0.076,0.044,0.980,3,15
131842,0.0,49.0,0.11,0.076,0.044,0.980,3,15
131892,0.0,49.0,0.19,0.065,0.039,0.990,3,15
131942,0.0,49.0,0.23,0.063,0.041,0.995,3,15
131992,0.0,49.0,0.21,0.068,0.044,0.997,3,15
132042,0.0,15.2,0.06,0.066,0.040,0.976,3,15
132092,0.0,15.2,0.18,0.085,0.040,1.016,3,15
132142,0.0,15.2,0.18,0.085,0.040,1.016,3,15
132192,0.0,54.1,0.25,0.130,0.055,1.131,3,15
132242,0.0,54.1,0.21,0.145,0.071,1.167,3,15
132292,0.0,54.1,0.26,0.156,0.109,1.172,3,15
132345,0.0,81.6,0.34,0.141,0.167,1.116,3,15
132395,0.0,81.6,0.82,0.128,0.214,0.965,3,15
132449,0.0,81.6,0.82,0.128,0.214,0.965,3,15
132498,0.0,81.6,0.62,0.113,0.134,0.883,3,15
132548,0.0,81.6,0.91,0.123,0.072,0.882,3,15
132599,0.0,81.6,1.18,0.091,0.062,0.821,3,15
132648,0.0,81.6,1.04,0.088,0.093,0.851,3,15
132698,0.0,81.6,0.95,0.135,0.096,0.922,3,15
132749,0.0,81.6,0.95,0.135,0.096,0.922,3,15
132798,0.0,81.6,1.20,0.158,0.006,0.869,3,15
132849,0.0,81.6,1.20,0.158,0.006,0.869,3,15
132901,0.0,81.6,1.20,0.158,0.006,0.869,3,15
132951,0.0,81.6,0.79,0.141,-0.211,0.819,3,14
133001,0.0,14.7,0.88,0.183,-0.325,1.038,3,14
133051,0.0,14.7,0.87,0.194,-0.138,1.127,3,15
133101,0.0,14.7,0.39,0.173,0.085,1.154,3,15
133151,0.0,14.7,0.46,0.069,0.290,1.027,3,15
133201,0.0,14.7,0.46,0.069,0.290,1.027,3,15
133251,0.0,14.7,0.21,0.062,0.133,0.970,3,15
133301,0.0,14.7,0.27,0.070,0.028,1.000,3,15
133354,0.0,14.7,0.13,0.058,0.036,1.003,3,15
133403,0.0,14.7,0.13,0.058,0.036,1.003,3,15
133453,0.0,14.7,0.20,0.097,0.096,1.106,3,15
133503,0.0,14.7,0.20,0.097,0.096,1.106,3,15
133553,0.0,14.7,0.05,0.141,0.122,1.175,3,15
133603,0.0,17.7,0.28,0.162,0.201,1.107,3,15
133653,0.0,17.7,0.53,0.146,0.210,0.966,3,15
133703,0.0,17.7,0.75,0.157,0.234,0.935,3,15
133753,0.0,17.7,0.87,0.168,0.207,0.885,3,15
133803,0.0,17.7,0.87,0.168,0.207,0.885,3,15
133854,0.0,40.6,0.87,0.168,0.207,0.885,3,15
133904,0.0,111.5,0.87,0.168,0.207,0.885,3,15
133954,0.0,111.5,0.87,0.168,0.207,0.885,3,15
134004,0.0,111.5,0.87,0.168,0.207,0.885,3,15
134054,0.0,111.5,0.97,0.163,0.187,0.900,3,15
134106,0.0,55.5,0.97,0.163,0.187,0.900,3,15
134155,0.0,55.5,0.94,0.144,0.102,0.872,3,15
134205,0.0,55.5,1.08,0.183,-0.395,0.893,3,15
134258,0.0,55.5,1.18,0.183,-0.395,0.893,3,15
134308,0.0,55.5,1.33,0.253,-0.346,1.205,3,15
134359,0.0,55.5,1.08,0.250,-0.329,1.229,3,15
134410,0.0,55.5,0.23,0.115,0.116,1.010,3,15
134459,0.0,55.5,0.23,0.115,0.116,1.010,3,15
134509,0.0,55.5,0.23,0.115,0.116,1.010,3,15
134560,0.0,55.5,0.46,0.115,0.116,1.010,3,15
134610,0.0,55.5,1.24,0.101,0.134,1.005,3,15
134660,0.0,55.5,0.51,0.104,0.120,1.009,3,15
134710,0.0,55.5,0.37,0.093,0.048,1.008,3,15
134760,0.0,55.5,0.37,0.093,0.048,1.008,3,15
134810,0.0,55.5,0.26,0.124,0.077,1.100,3,15
134861,0.0,55.5,0.26,0.124,0.077,1.100,3,15
134911,0.0,55.5,0.04,0.133,0.082,1.127,3,15
134961,0.0,55.5,0.48,0.148,0.264,1.032,3,15
135013,0.0,55.5,0.61,0.136,0.282,0.991,3,15
135062,0.0,10.6,1.07,0.148,0.301,0.887,3,15
135112,0.0,10.6,1.07,0.203,0.162,0.866,3,15
135163,0.0,10.6,1.07,0.203,0.162,0.866,3,15
135212,0.0,10.6,1.36,0.254,0.110,0.905,3,15
135262,0.0,10.6,1.14,0.256,-0.055,0.940,3,15
135312,0.0,36.7,1.04,0.137,-0.170,0.647,3,15
135364,0.0,36.7,1.04,0.137,-0.170,0.647,3,15
135413,0.0,36.7,0.58,0.032,-0.188,0.386,3,15
135463,0.0,36.7,0.45,0.074,-0.207,0.526,3,15
135514,0.0,36.7,0.52,0.216,-0.182,1.088,3,15
135563,0.0,37.2,0.37,0.285,-0.075,1.470,3,15
135613,0.0,37.2,0.37,0.285,-0.075,1.470,3,15
135664,0.0,37.2,0.37,0.285,-0.075,1.470,3,15
135713,0.0,37.2,0.21,0.089,0.114,1.039,3,15
135763,0.0,37.2,0.59,0.081,0.103,1.065,3,15
135814,0.0,37.2,0.59,0.081,0.103,1.065,3,15
135864,0.0,37.2,0.49,0.116,0.046,0.974,3,15
135914,0.0,37.2,0.40,0.106,0.058,0.964,3,15
135964,0.0,37.2,0.33,0.084,0.070,0.971,3,15
136014,0.0,37.2,0.18,0.074,0.041,0.990,3,15
136064,0.0,37.2,0.18,0.083,0.032,0.996,3,15
136114,0.0,37.2,0.14,0.091,0.039,0.994,3,15
136164,0.0,37.2,0.04,0.096,0.052,0.980,3,15
136214,0.0,37.2,0.04,0.096,0.052,0.980,3,15
136264,0.0,37.2,0.04,0.096,0.052,0.980,3,15
136314,0.0,13.7,0.08,0.137,0.067,1.015,3,15
136365,0.0,13.7,0.08,0.137,0.067,1.015,3,15
136415,0.0,13.7,0.05,0.246,0.130,1.291,3,15
136465,0.0,13.7,0.65,0.203,0.361,1.042,3,15
136515,0.0,13.7,0.78,0.189,0.249,0.784,3,15
136565,0.0,13.7,0.78,0.189,0.249,0.784,3,15
136615,0.0,13.7,0.90,0.222,0.103,0.778,3,15
136665,0.0,13.7,1.25,0.228,0.034,0.772,3,15
136715,0.0,13.7,1.26,0.203,-0.028,0.763,3,15
136765,0.0,13.7,1.30,0.103,-0.176,0.646,3,15
136815,0.0,19.6,1.16,0.133,-0.286,0.722,3,15
136866,0.0,19.6,1.16,0.133,-0.286,0.722,3,15
136916,0.0,138.9,0.81,0.253,-0.119,1.159,3,15
136966,0.0,138.9,0.85,0.251,-0.081,1.264,3,15
137016,0.0,138.9,0.63,0.196,-0.025,1.258,3,15
137066,0.0,138.9,0.49,0.128,0.021,1.090,3,14
137116,0.0,138.9,0.22,0.111,0.059,1.046,3,14
137166,0.0,138.9,0.22,0.111,0.059,1.046,3,14
137216,0.0,138.9,0.15,0.096,0.059,0.952,3,14
137266,0.0,138.9,0.09,0.099,0.054,0.936,3,15
137316,0.0,138.9,0.10,0.107,0.047,0.952,3,15
137367,0.0,138.9,0.26,0.131,0.022,0.997,3,15
137417,0.0,138.9,0.11,0.157,0.015,0.982,3,15
137467,0.0,17.0,0.11,0.157,0.015,0.982,3,15
137517,0.0,17.0,0.10,0.182,0.030,0.964,3,15
137567,0.0,17.0,0.05,0.188,0.034,0.967,3,15
137617,0.0,17.0,0.16,0.187,0.036,0.968,3,15
137667,0.0,17.0,0.09,0.188,0.040,0.970,3,15
137717,0.0,17.0,0.06,0.187,0.039,0.967,3,15
137767,0.0,17.0,0.06,0.187,0.039,0.967,3,15
137817,0.0,17.0,0.11,0.186,0.029,0.968,3,15
137868,0.0,17.0,0.11,0.186,0.029,0.968,3,15
137924,0.0,17.0,0.06,0.175,0.029,0.969,3,15
137973,0.0,17.0,0.05,0.162,0.035,0.972,3,15
138023,0.0,17.0,0.10,0.153,0.031,0.975,3,15
138074,0.0,17.0,0.10,0.153,0.031,0.975,3,15
138123,0.0,17.0,0.02,0.154,0.031,0.974,3,15
138173,0.0,17.0,0.13,0.161,0.029,0.973,3,15
138224,0.0,17.0,0.13,0.161,0.029,0.973,3,15
138273,0.0,17.0,0.06,0.167,0.030,0.971,3,15
138323,0.0,17.0,0.06,0.169,0.033,0.971,3,15
138375,0.0,17.0,0.06,0.169,0.033,0.971,3,15
138425,0.0,17.0,0.06,0.169,0.033,0.971,3,15
138475,0.0,0.0,0.05,0.167,0.033,0.971,3,15
138527,0.0,0.0,0.05,0.167,0.033,0.971,3,15
138576,0.0,0.0,0.12,0.162,0.031,0.972,3,15
138626,0.0,0.0,0.15,0.163,0.031,0.973,3,15
138677,0.0,0.0,0.15,0.163,0.031,0.973,3,15
138726,0.0,0.0,0.13,0.165,0.031,0.972,3,15
138776,0.0,0.0,0.13,0.164,0.031,0.972,3,15
138826,0.0,0.0,0.13,0.164,0.031,0.972,3,15
138879,0.0,0.0,0.09,0.163,0.031,0.972,3,15
138929,0.0,0.0,0.09,0.163,0.031,0.972,3,15
138979,0.0,0.0,0.09,0.163,0.031,0.972,3,15
139029,0.0,0.0,0.06,0.164,0.031,0.972,3,15
139079,0.0,0.0,0.08,0.164,0.031,0.972,3,15
139129,0.0,0.0,0.08,0.164,0.031,0.972,3,15
139179,0.0,0.0,0.06,0.163,0.031,0.971,3,15
139229,0.0,0.0,0.11,0.162,0.031,0.972,3,15
139279,0.0,0.0,0.11,0.162,0.031,0.972,3,15
139329,0.0,0.0,0.04,0.163,0.031,0.972,3,15
139380,0.0,0.0,0.04,0.164,0.031,0.972,3,15
139430,0.0,0.0,0.04,0.164,0.031,0.972,3,15
139480,0.0,0.0,0.01,0.165,0.031,0.971,3,15
139530,0.0,0.0,0.06,0.165,0.031,0.971,3,15
139580,0.0,0.0,0.06,0.165,0.031,0.971,3,15
139630,0.0,0.0,0.08,0.164,0.031,0.972,3,15
139680,0.0,0.0,0.00,0.163,0.031,0.972,3,15
139730,0.0,0.0,0.00,0.163,0.031,0.972,3,15
139780,0.0,0.0,0.06,0.163,0.030,0.972,3,15
139830,0.0,0.0,0.06,0.164,0.031,0.972,3,15
139881,0.0,0.0,0.06,0.164,0.031,0.972,3,15
139931,0.0,0.0,0.06,0.164,0.032,0.971,3,15
139981,0.0,0.0,0.10,0.164,0.031,0.972,3,15
140033,0.0,0.0,0.09,0.164,0.031,0.972,3,15
140083,0.0,0.0,0.05,0.163,0.030,0.972,3,15
140133,0.0,0.0,0.03,0.163,0.030,0.972,3,15
140183,0.0,0.0,0.03,0.163,0.030,0.972,3,15
140233,0.0,0.0,0.19,0.164,0.031,0.972,3,15
140283,0.0,0.0,0.06,0.163,0.032,0.971,3,15
140333,0.0,0.0,0.09,0.163,0.031,0.972,3,15
140387,0.0,0.0,0.04,0.163,0.031,0.972,3,15
140437,0.0,0.0,0.06,0.164,0.031,0.972,3,15
140487,0.0,0.0,0.06,0.164,0.031,0.972,3,15
140537,0.0,0.0,0.13,0.164,0.031,0.972,3,15
140587,0.0,0.0,0.18,0.164,0.031,0.972,3,15
140637,0.0,0.0,0.07,0.164,0.031,0.972,3,15
140687,0.0,0.0,0.06,0.164,0.031,0.972,3,15
140737,0.0,0.0,0.05,0.164,0.031,0.972,3,15
140787,0.0,0.0,0.05,0.164,0.031,0.972,3,15
140837,0.0,0.0,0.11,0.162,0.031,0.972,3,15
140889,0.0,0.0,0.10,0.163,0.031,0.972,3,15
140939,0.0,0.0,0.04,0.164,0.031,0.972,3,15
140989,0.0,0.0,0.12,0.164,0.031,0.972,3,15
141039,0.0,0.0,0.09,0.164,0.031,0.971,3,15
141089,0.0,0.0,0.09,0.164,0.031,0.971,3,15
141139,0.0,0.0,0.09,0.163,0.031,0.972,3,15
141189,0.0,0.0,0.09,0.163,0.031,0.972,3,15
141239,0.0,0.0,0.13,0.163,0.031,0.972,3,15
141289,0.0,0.0,0.13,0.163,0.031,0.972,3,15
141339,0.0,0.0,0.12,0.164,0.031,0.972,3,15
141390,0.0,0.0,0.12,0.164,0.031,0.972,3,15
141440,0.0,0.0,0.04,0.163,0.031,0.972,3,15
141490,0.0,0.0,0.03,0.164,0.031,0.971,3,15
141540,0.0,0.0,0.17,0.164,0.031,0.971,3,15
141590,0.0,0.0,0.05,0.164,0.031,0.971,3,15
141640,0.0,0.0,0.08,0.164,0.031,0.972,3,15
141690,0.0,0.0,0.08,0.164,0.031,0.972,3,15
141740,0.0,0.0,0.08,0.164,0.031,0.972,3,15
141790,0.0,0.0,0.07,0.164,0.031,0.972,3,15
141840,0.0,0.0,0.03,0.163,0.032,0.971,3,15
141891,0.0,0.0,0.03,0.163,0.032,0.971,3,15
141941,0.0,0.0,0.01,0.162,0.030,0.972,3,15
141991,0.0,0.0,0.01,0.162,0.030,0.972,3,15
142041,0.0,0.0,0.05,0.166,0.031,0.972,3,15
142091,0.0,0.0,0.05,0.166,0.031,0.972,3,15
142141,0.0,0.0,0.01,0.166,0.032,0.971,3,15
142191,0.0,0.0,0.17,0.165,0.032,0.971,3,15
142241,0.0,0.0,0.06,0.163,0.031,0.972,3,15
142292,0.0,0.0,0.02,0.164,0.030,0.971,3,15
142341,0.0,0.0,0.02,0.164,0.030,0.971,3,15
142392,0.0,0.0,0.04,0.164,0.032,0.971,3,15
142442,0.0,0.0,0.02,0.163,0.031,0.971,3,15
142492,0.0,0.0,0.02,0.163,0.031,0.971,3,15
142542,0.0,0.0,0.08,0.163,0.031,0.972,3,15
142592,0.0,0.0,0.08,0.163,0.031,0.972,3,15
142642,0.0,0.0,0.04,0.164,0.031,0.971,3,15
142692,0.0,0.0,0.12,0.165,0.032,0.971,3,15
142742,0.0,0.0,0.06,0.164,0.032,0.972,3,15
142792,0.0,0.0,0.10,0.164,0.032,0.972,3,15
142842,0.0,0.0,0.10,0.164,0.032,0.972,3,15
142893,0.0,0.0,0.10,0.164,0.031,0.972,3,15
142943,0.0,0.0,0.10,0.164,0.031,0.972,3,15
142993,0.0,0.0,0.06,0.164,0.031,0.972,3,15
143043,0.0,0.0,0.11,0.164,0.031,0.972,3,15
143093,0.0,0.0,0.09,0.164,0.031,0.972,3,15
143143,0.0,0.0,0.09,0.164,0.031,0.971,3,15
143193,0.0,0.0,0.08,0.164,0.031,0.972,3,15
143243,0.0,0.0,0.08,0.164,0.031,0.972,3,15
143293,0.0,0.0,0.08,0.164,0.031,0.972,3,15
143343,0.0,0.0,0.14,0.164,0.031,0.972,3,15
143404,0.0,0.0,0.08,0.164,0.031,0.971,3,15
143455,0.0,0.0,0.08,0.164,0.031,0.972,3,15
143505,0.0,0.0,0.08,0.163,0.031,0.972,3,15
143556,0.0,0.0,0.03,0.164,0.031,0.972,3,15
143605,0.0,0.0,0.08,0.164,0.031,0.972,3,15
143655,0.0,0.0,0.03,0.164,0.031,0.972,3,15
143705,0.0,0.0,0.03,0.164,0.031,0.972,3,15
143755,0.0,0.0,0.13,0.164,0.031,0.972,3,14
143805,0.0,0.0,0.03,0.163,0.032,0.972,3,14
143855,0.0,0.0,0.02,0.163,0.032,0.972,3,14
143913,0.0,0.0,0.08,0.163,0.031,0.971,3,14
143963,0.0,0.0,0.08,0.163,0.031,0.971,3,14
144013,0.0,0.0,0.05,0.164,0.031,0.971,3,14
144063,0.0,0.0,0.05,0.164,0.031,0.971,3,14
144113,0.0,0.0,0.04,0.164,0.031,0.972,3,14
144163,0.0,0.0,0.04,0.164,0.031,0.972,3,14
144213,0.0,0.0,0.10,0.164,0.031,0.972,3,14
144263,0.0,0.0,0.10,0.164,0.032,0.972,3,14
144313,0.0,0.0,0.07,0.162,0.029,0.972,3,14
144363,0.0,0.0,0.07,0.162,0.029,0.972,3,14
144414,0.0,0.0,0.10,0.160,0.036,0.974,3,14
144464,0.0,0.0,0.10,0.160,0.036,0.974,3,14
144514,0.0,0.0,0.10,0.160,0.036,0.974,3,14
144564,0.0,0.0,0.17,0.154,0.050,0.959,3,14
144615,0.0,0.0,0.28,0.147,0.039,0.965,3,14
144664,0.0,0.0,0.28,0.147,0.039,0.965,3,14
144714,0.0,0.0,0.30,0.156,0.020,0.970,3,14
144764,0.0,0.0,0.19,0.161,0.017,0.973,3,14
144814,0.0,0.0,0.13,0.167,0.010,0.982,3,14
144864,0.0,0.0,0.13,0.167,0.010,0.982,3,14
144915,0.0,0.0,0.15,0.161,0.014,0.983,3,14
144965,0.0,0.0,0.15,0.161,0.014,0.983,3,14
145015,0.0,0.0,0.04,0.159,0.049,0.976,3,14
145066,0.0,0.0,0.10,0.159,0.049,0.976,3,14
145115,0.0,0.0,0.13,0.158,0.043,0.969,3,15
145165,0.0,0.0,0.14,0.160,0.041,0.969,3,15
145215,0.0,0.0,0.14,0.160,0.041,0.969,3,15
145265,0.0,0.0,0.14,0.160,0.041,0.969,3,15
145315,0.0,17.0,0.11,0.188,0.052,0.985,3,15
145366,0.0,17.0,0.06,0.201,0.065,0.988,3,15
145417,0.0,17.0,0.04,0.248,0.094,0.983,3,15
145467,0.0,64.0,0.13,0.258,0.096,0.975,3,15
145517,0.0,64.0,0.45,0.269,0.060,0.944,3,15
145567,0.0,64.0,0.44,0.256,0.053,0.944,3,15
145617,0.0,73.6,0.53,0.238,0.057,0.949,3,15
145667,0.0,73.6,0.68,0.211,0.052,0.970,3,15
145717,0.0,98.0,0.68,0.211,0.052,0.970,3,15
145767,0.0,98.0,0.77,0.178,0.049,0.984,3,15
145817,0.0,98.0,0.84,0.161,0.041,0.960,3,15
145867,0.0,74.6,0.85,0.132,0.014,0.922,3,15
145918,0.0,74.6,0.80,0.085,-0.033,0.929,3,15
145968,0.0,74.6,0.66,0.063,-0.011,0.990,3,15
146018,0.0,74.6,0.66,0.063,-0.011,0.990,3,15
146068,0.0,74.6,0.51,0.040,0.015,0.994,3,15
146118,0.0,74.6,0.35,0.033,0.020,0.997,3,15
146168,0.0,74.6,0.35,0.033,0.020,0.997,3,15
146218,0.0,74.6,0.10,0.051,0.016,1.011,3,15
146268,0.0,74.6,0.15,0.111,0.032,0.999,3,15
146318,0.0,74.6,0.15,0.111,0.032,0.999,3,15
146368,0.0,74.6,0.11,0.192,0.051,0.978,3,15
146419,0.0,74.6,0.17,0.251,0.080,0.951,3,15
146475,0.0,74.6,0.17,0.251,0.080,0.951,3,15
146524,0.0,74.6,0.12,0.299,0.101,0.956,3,15
146574,0.0,14.2,0.29,0.304,0.091,0.956,3,15
146625,0.0,14.2,0.29,0.304,0.091,0.956,3,15
146674,0.0,14.2,0.39,0.264,0.063,0.945,3,15
146724,0.0,74.0,0.39,0.264,0.063,0.945,3,15
146778,0.0,74.0,0.39,0.264,0.063,0.945,3,15
146827,0.0,91.4,0.49,0.255,0.063,0.975,3,15
146877,0.0,108.3,0.75,0.237,0.092,0.966,3,16
146929,0.0,108.3,1.06,0.206,0.073,0.931,3,16
146979,0.0,101.7,1.06,0.174,0.045,0.907,3,15
147029,0.0,101.7,1.03,0.109,-0.018,0.928,3,15
147079,0.0,101.7,1.03,0.109,-0.018,0.928,3,15
147129,0.0,101.7,0.79,0.065,-0.010,0.965,3,15
147179,0.0,53.9,0.55,0.038,0.010,0.980,3,15
147229,0.0,53.9,0.52,0.037,0.005,0.997,3,15
147279,0.0,53.9,0.42,0.038,0.000,1.015,3,15
147329,0.0,53.9,0.31,0.033,0.007,1.012,3,15
147379,0.0,53.9,0.31,0.033,0.007,1.012,3,15
147437,0.0,53.9,0.03,0.051,0.028,0.998,3,15
147487,0.0,53.9,0.11,0.103,0.023,1.005,3,15
147537,0.0,53.9,0.19,0.135,0.029,1.016,3,15
147587,0.0,53.9,0.23,0.143,0.040,1.012,3,15
147637,0.0,53.9,0.40,0.166,0.070,0.970,3,15
147688,0.0,53.9,0.40,0.166,0.070,0.970,3,15
147737,0.0,53.9,0.24,0.190,0.063,0.969,3,15
147787,0.0,16.8,0.09,0.201,0.068,0.970,3,16
147838,0.0,16.8,0.10,0.206,0.076,0.952,3,15
147887,0.0,16.8,0.14,0.206,0.077,0.941,3,16
147938,0.0,16.8,0.13,0.208,0.071,0.943,3,16
147988,0.0,16.8,0.13,0.208,0.071,0.943,3,16
148038,0.0,16.8,0.10,0.199,0.062,0.962,3,16
148088,0.0,16.8,0.14,0.183,0.066,0.970,3,15
148138,0.0,16.8,0.05,0.180,0.063,0.968,3,15
148188,0.0,16.8,0.11,0.190,0.062,0.970,3,15
148238,0.0,16.8,0.09,0.224,0.073,0.969,3,15
148288,0.0,16.8,0.09,0.224,0.073,0.969,3,15
148338,0.0,18.1,0.03,0.260,0.085,0.957,3,15
148388,0.0,18.1,0.33,0.256,0.090,0.953,3,15
148439,0.0,75.0,0.33,0.256,0.090,0.953,3,15
148490,0.0,75.0,0.33,0.256,0.090,0.953,3,15
148539,0.0,75.0,0.50,0.246,0.083,0.969,3,15
148590,0.0,90.0,0.91,0.193,0.034,0.979,3,15
148640,0.0,90.0,0.91,0.193,0.034,0.979,3,15
148689,0.0,89.7,0.86,0.181,0.069,0.988,3,15
148739,0.0,89.7,0.73,0.170,0.080,0.973,3,15
148790,0.0,89.7,0.67,0.153,0.084,0.969,3,15
148839,0.0,71.3,0.71,0.109,0.063,0.954,3,16
148889,0.0,71.3,0.70,0.029,0.001,0.931,3,16
148940,0.0,71.3,0.70,0.029,0.001,0.931,3,16
148990,0.0,71.3,0.58,-0.011,-0.040,0.968,3,16
149040,0.0,71.3,0.47,-0.016,-0.037,0.977,3,16
149090,0.0,39.8,0.35,-0.008,-0.019,1.007,3,15
149140,0.0,39.8,0.17,0.013,-0.002,1.026,3,15
149190,0.0,39.8,0.38,0.058,0.025,1.012,3,15
149240,0.0,55.5,0.38,0.058,0.025,1.012,3,15
149290,0.0,55.5,0.43,0.086,0.036,0.989,3,16
149340,0.0,55.5,0.47,0.101,0.045,0.974,3,16
149390,0.0,78.2,0.43,0.119,0.052,0.975,3,16
149441,0.0,78.2,0.64,0.151,0.061,0.961,3,16
149491,0.0,78.2,0.64,0.151,0.061,0.961,3,16
149541,0.0,76.3,0.64,0.151,0.061,0.961,3,16
149591,0.0,76.3,0.52,0.182,0.049,0.970,3,16
149641,0.0,76.3,0.46,0.191,0.056,0.969,3,16
149691,0.0,50.6,0.56,0.204,0.068,0.966,3,16
149741,0.0,50.6,0.62,0.222,0.082,0.971,3,16
149791,0.0,50.6,0.48,0.245,0.084,0.969,3,16
149841,0.0,50.6,0.48,0.245,0.084,0.969,3,16
149891,0.0,50.6,0.23,0.265,0.088,0.959,3,16
149942,0.0,50.6,0.20,0.270,0.092,0.955,3,16
149992,0.0,50.6,0.18,0.277,0.102,0.955,3,16
150042,0.0,29.0,0.15,0.349,0.145,0.961,3,16
150092,0.0,29.0,0.48,0.394,0.139,0.949,3,16
150142,0.0,126.0,0.48,0.394,0.139,0.949,3,16
150192,0.0,189.3,0.83,0.355,0.081,0.960,3,15
150242,0.0,154.4,0.91,0.336,0.066,0.987,3,15
150292,0.0,217.9,1.10,0.297,0.088,0.989,3,15
150342,0.0,163.3,1.33,0.256,0.074,1.001,3,15
150392,0.0,163.3,1.64,0.135,0.051,0.947,3,14
150443,0.0,151.3,1.64,0.135,0.051,0.947,3,14
150493,0.0,151.3,1.43,0.013,0.009,0.904,3,14
150543,0.0,98.6,1.30,-0.049,-0.026,0.932,3,15
150593,0.0,98.6,1.32,-0.058,-0.048,0.972,3,15
150643,0.0,98.6,0.96,-0.094,-0.057,1.006,3,15
150693,0.0,98.6,0.38,-0.110,-0.032,1.006,3,16
150743,0.0,98.6,0.38,-0.110,-0.032,1.006,3,16
150793,0.0,41.4,0.15,-0.073,-0.011,1.000,3,16
150843,0.0,41.4,0.14,-0.037,-0.005,0.994,3,16
150893,0.0,83.6,0.22,-0.015,-0.003,0.976,3,16
150947,0.0,83.6,0.40,0.031,0.000,0.987,3,16
150997,0.0,96.1,0.65,0.084,0.005,0.978,3,16
151050,0.0,96.1,0.65,0.084,0.005,0.978,3,16
151100,0.0,100.8,0.90,0.119,0.030,0.972,3,16
151150,0.0,100.8,0.89,0.139,0.039,0.977,3,16
151200,0.0,93.4,0.89,0.139,0.039,0.977,3,16
151250,0.0,93.4,1.03,0.151,0.038,0.981,3,16
151300,0.0,92.3,1.07,0.167,0.053,0.974,3,16
151350,0.0,92.3,1.07,0.167,0.053,0.974,3,16
151400,0.0,92.3,0.87,0.178,0.067,0.961,3,16
151451,0.0,82.4,0.87,0.202,0.075,0.969,3,16
151503,0.0,82.4,0.87,0.202,0.075,0.969,3,16
151554,0.0,72.2,0.77,0.214,0.079,0.974,3,16
151604,0.0,72.2,0.69,0.219,0.087,0.960,3,16
151655,0.0,72.2,0.69,0.219,0.087,0.960,3,16
151704,0.0,72.2,0.46,0.236,0.059,0.963,3,15
151754,0.0,72.2,0.35,0.236,0.050,0.970,3,15
151804,0.0,72.2,0.35,0.236,0.050,0.970,3,15
151854,0.0,36.0,0.26,0.227,0.062,0.968,3,16
151904,0.0,36.0,0.20,0.217,0.067,0.967,3,16
151955,0.0,36.0,0.20,0.217,0.067,0.967,3,16
152005,0.0,36.0,0.13,0.200,0.060,0.967,3,16
152055,0.0,36.0,0.10,0.180,0.049,0.966,3,16
152105,0.0,36.0,0.10,0.180,0.049,0.966,3,16
152155,0.0,36.0,0.03,0.164,0.045,0.972,3,16
152205,0.0,36.0,0.12,0.158,0.039,0.972,3,16
152255,0.0,36.0,0.12,0.158,0.039,0.972,3,16
152305,0.0,36.0,0.12,0.158,0.039,0.972,3,16
152355,0.0,36.0,0.08,0.150,0.032,0.975,3,16
152405,0.0,36.0,0.08,0.150,0.032,0.975,3,16
152464,0.0,36.0,0.19,0.144,0.041,0.974,3,16
152514,0.0,36.0,0.22,0.153,0.039,0.973,3,15
152564,0.0,36.0,0.22,0.153,0.039,0.973,3,15
152614,0.0,36.0,0.20,0.161,0.037,0.973,3,15
152664,0.0,36.0,0.07,0.165,0.044,0.970,3,15
152714,0.0,36.0,0.05,0.167,0.046,0.970,3,15
152764,0.0,36.0,0.05,0.167,0.046,0.970,3,15
152814,0.0,36.0,0.05,0.167,0.045,0.970,3,15
152864,0.0,0.0,0.05,0.167,0.045,0.970,3,15
152914,0.0,0.0,0.08,0.159,0.041,0.972,3,15
152965,0.0,0.0,0.18,0.159,0.040,0.971,3,15
153015,0.0,0.0,0.09,0.161,0.040,0.972,3,15
153065,0.0,0.0,0.10,0.163,0.042,0.972,3,15
153115,0.0,0.0,0.07,0.161,0.043,0.972,3,15
153165,0.0,0.0,0.07,0.161,0.043,0.972,3,15
153215,0.0,0.0,0.04,0.159,0.041,0.972,3,15
153265,0.0,0.0,0.09,0.160,0.041,0.973,3,15
153315,0.0,0.0,0.13,0.160,0.042,0.972,3,15
153365,0.0,0.0,0.13,0.160,0.042,0.972,3,15
153415,0.0,0.0,0.03,0.161,0.042,0.971,3,15
153466,0.0,0.0,0.03,0.161,0.042,0.971,3,15
153516,0.0,0.0,0.03,0.161,0.042,0.971,3,15
153566,0.0,0.0,0.01,0.161,0.040,0.972,3,15
153616,0.0,0.0,0.13,0.160,0.042,0.972,3,15
153666,0.0,0.0,0.13,0.160,0.042,0.972,3,15
153716,0.0,0.0,0.05,0.161,0.041,0.972,3,15
153766,0.0,0.0,0.02,0.162,0.041,0.972,3,15
153816,0.0,0.0,0.08,0.161,0.041,0.972,3,15
153866,0.0,0.0,0.05,0.161,0.041,0.972,3,15
153916,0.0,0.0,0.09,0.160,0.041,0.972,3,15
153967,0.0,0.0,0.09,0.160,0.041,0.972,3,15
154017,0.0,0.0,0.15,0.160,0.041,0.972,3,15
154067,0.0,0.0,0.16,0.160,0.041,0.972,3,15
154117,0.0,0.0,0.06,0.161,0.042,0.971,3,15
154167,0.0,0.0,0.06,0.162,0.042,0.972,3,15
154217,0.0,0.0,0.15,0.161,0.041,0.972,3,15
154267,0.0,0.0,0.15,0.161,0.041,0.972,3,15
154317,0.0,0.0,0.04,0.160,0.041,0.972,3,15
154367,0.0,0.0,0.08,0.160,0.041,0.972,3,15
154417,0.0,0.0,0.08,0.160,0.041,0.972,3,15
154468,0.0,0.0,0.02,0.160,0.041,0.972,3,15
154518,0.0,0.0,0.08,0.159,0.041,0.972,3,15
154568,0.0,0.0,0.08,0.159,0.041,0.972,3,15
154618,0.0,0.0,0.15,0.162,0.041,0.971,3,15
154668,0.0,0.0,0.06,0.164,0.039,0.968,3,15
154718,0.0,0.0,0.06,0.166,0.035,0.970,3,15
154768,0.0,0.0,0.02,0.162,0.028,0.973,3,15
154818,0.0,0.0,0.08,0.156,0.039,0.972,3,15
154868,0.0,0.0,0.08,0.156,0.039,0.972,3,15
154918,0.0,0.0,0.06,0.162,0.039,0.972,3,15
154969,0.0,0.0,0.04,0.167,0.035,0.973,3,15
155019,0.0,0.0,0.11,0.168,0.029,0.974,3,15
155069,0.0,0.0,0.11,0.168,0.029,0.974,3,15
155119,0.0,0.0,0.11,0.168,0.029,0.974,3,15
155169,0.0,0.0,0.11,0.168,0.029,0.974,3,15
155219,0.0,0.0,0.11,0.168,0.029,0.974,3,15
155269,0.0,0.0,0.04,0.169,0.023,0.971,3,15
155319,0.0,0.0,0.04,0.169,0.023,0.971,3,15
155369,0.0,0.0,0.08,0.157,0.003,0.974,3,15
155419,0.0,0.0,0.10,0.149,0.091,0.975,3,15
155470,0.0,0.0,0.10,0.149,0.091,0.975,3,15
155520,0.0,0.0,0.10,0.149,0.091,0.975,3,15
155570,0.0,0.0,0.02,0.163,0.048,0.971,3,15
155628,0.0,0.0,0.02,0.163,0.048,0.971,3,15
155678,0.0,0.0,0.13,0.173,0.019,0.973,3,15
155728,0.0,0.0,0.12,0.170,0.036,0.972,3,15
155778,0.0,0.0,0.12,0.170,0.036,0.972,3,15
155828,0.0,0.0,0.02,0.161,0.034,0.970,3,15
155878,0.0,0.0,0.05,0.160,0.033,0.970,3,15
155928,0.0,0.0,0.05,0.160,0.033,0.970,3,15
155980,0.0,0.0,0.05,0.157,0.027,0.974,3,15
156030,0.0,0.0,0.06,0.157,0.034,0.973,3,15
156081,0.0,0.0,0.06,0.157,0.034,0.973,3,15
156131,0.0,0.0,0.02,0.165,0.031,0.972,3,15
156181,0.0,0.0,0.03,0.161,0.034,0.972,3,15
156233,0.0,0.0,0.03,0.161,0.034,0.972,3,15
156283,0.0,0.0,0.10,0.161,0.034,0.972,3,15
156333,0.0,0.0,0.04,0.167,0.034,0.969,3,15
156387,0.0,0.0,0.04,0.167,0.034,0.969,3,15
156437,0.0,0.0,0.06,0.193,0.035,0.961,3,15
156488,0.0,0.0,0.04,0.197,0.035,0.959,3,15
156539,0.0,0.0,0.08,0.239,0.042,0.942,3,15
156588,0.0,36.0,0.18,0.256,0.042,0.941,3,15
156638,0.0,36.0,0.53,0.260,0.045,0.965,3,15
156688,0.0,101.4,0.53,0.260,0.045,0.965,3,15
156738,0.0,124.9,0.66,0.260,0.051,0.994,3,15
156788,0.0,124.9,0.89,0.226,0.047,0.999,3,16
156840,0.0,129.8,0.89,0.203,0.034,0.983,3,16
156889,0.0,121.5,0.88,0.176,0.031,0.968,3,16
156939,0.0,121.5,1.12,0.133,0.025,0.967,3,16
156990,0.0,121.4,1.12,0.133,0.025,0.967,3,16
157041,0.0,135.1,1.02,0.121,0.037,0.989,3,16
157090,0.0,135.1,0.98,0.124,0.025,0.988,3,16
157140,0.0,130.5,1.04,0.126,0.026,0.963,3,16
157191,0.0,130.5,1.04,0.126,0.026,0.963,3,16
157240,0.0,131.8,1.14,0.142,0.027,0.983,3,16
157290,0.0,143.0,1.22,0.141,0.020,0.989,3,16
157341,0.0,143.7,1.19,0.140,0.033,0.977,3,15
157390,0.0,143.7,1.18,0.137,0.039,0.946,3,14
157440,0.0,155.7,1.25,0.163,0.022,0.984,3,14
157491,0.0,174.7,1.25,0.163,0.022,0.984,3,14
157541,0.0,163.0,1.18,0.168,0.022,0.992,3,15
157591,0.0,152.8,1.18,0.168,0.022,0.992,3,15
157641,0.0,152.8,1.29,0.141,0.023,0.965,3,15
157691,0.0,150.7,1.62,0.084,0.016,0.983,3,15
157741,0.0,178.2,1.18,0.082,0.039,1.026,3,15
157791,0.0,157.9,1.18,0.082,0.039,1.026,3,15
157841,0.0,141.7,1.18,0.082,0.039,1.026,3,15
157891,0.0,141.7,0.97,0.083,0.042,1.004,3,15
157941,0.0,157.6,0.94,0.086,0.042,0.978,3,15
157992,0.0,142.8,0.87,0.094,0.060,0.980,3,13
158042,0.0,155.6,1.16,0.104,0.034,0.997,3,14
158092,0.0,155.6,1.16,0.104,0.034,0.997,3,14
158142,0.0,152.6,1.27,0.126,0.054,0.964,3,15
158192,0.0,164.5,1.17,0.139,0.064,0.950,3,15
158242,0.0,186.0,1.20,0.156,0.077,0.949,3,15
158292,0.0,170.3,1.60,0.170,0.073,0.952,3,15
158342,0.0,180.1,1.40,0.123,0.039,0.967,3,15
158392,0.0,168.9,1.40,0.123,0.039,0.967,3,15
158442,0.0,168.9,1.42,0.102,0.028,0.986,3,15
158493,0.0,174.2,1.42,0.102,0.028,0.986,3,15
158543,0.0,173.2,1.35,0.070,0.044,0.992,3,15
158593,0.0,167.3,1.31,0.072,0.081,0.960,3,15
158643,0.0,170.8,1.36,0.126,0.087,0.981,3,15
158693,0.0,168.0,1.36,0.126,0.087,0.981,3,15
158743,0.0,161.5,1.36,0.126,0.087,0.981,3,15
158793,0.0,161.5,1.24,0.128,0.070,0.995,3,15
158843,0.0,179.5,1.07,0.121,0.057,0.980,3,15
158893,0.0,160.7,1.38,0.109,0.051,0.988,3,15
158943,0.0,170.0,1.63,0.124,0.053,1.006,3,15
158994,0.0,161.1,1.30,0.134,0.043,1.020,3,15
159044,0.0,161.1,1.22,0.114,0.028,0.990,3,15
159094,0.0,152.1,1.22,0.114,0.028,0.990,3,15
159144,0.0,127.0,1.43,0.082,0.053,0.972,3,15
159194,0.0,127.0,1.00,0.035,0.068,0.945,3,15
159244,0.0,110.3,0.77,0.036,0.061,0.986,3,15
159294,0.0,110.3,0.77,0.036,0.061,0.986,3,15
159344,0.0,80.0,0.46,0.070,0.046,0.972,3,15
159394,0.0,80.0,0.46,0.070,0.046,0.972,3,15
159444,0.0,80.0,0.36,0.113,0.048,0.972,3,15
159505,0.0,90.1,0.59,0.176,0.058,0.983,3,15
159555,0.0,111.4,0.72,0.227,0.063,0.966,3,15
159605,0.0,111.4,0.72,0.227,0.063,0.966,3,15
159655,0.0,139.3,0.72,0.227,0.063,0.966,3,15
159705,0.0,153.7,0.78,0.260,0.059,0.970,3,15
159756,0.0,159.3,0.78,0.260,0.059,0.970,3,15
159805,0.0,159.3,1.01,0.223,0.058,0.975,3,15
159855,0.0,118.1,0.71,0.132,0.066,0.957,3,15
159907,0.0,118.1,0.71,0.132,0.066,0.957,3,15
159956,0.0,88.8,0.98,0.055,0.057,0.961,3,15
160007,0.0,88.8,0.82,0.060,0.052,0.980,3,15
160057,0.0,88.8,0.74,0.074,0.057,0.975,3,15
160107,0.0,69.2,0.79,0.096,0.072,0.973,3,15
160157,0.0,69.2,0.74,0.124,0.070,0.975,3,15
160207,0.0,69.2,0.74,0.124,0.070,0.975,3,15
160257,0.0,64.1,0.62,0.140,0.060,0.977,3,15
160307,0.0,64.1,0.41,0.135,0.065,0.959,3,15
160357,0.0,64.1,0.41,0.143,0.070,0.948,3,16
160407,0.0,66.0,0.48,0.165,0.074,0.950,3,15
160457,0.0,66.0,0.56,0.202,0.078,0.973,3,15
160509,0.0,102.4,0.56,0.202,0.078,0.973,3,15
160559,0.0,102.4,0.68,0.250,0.076,0.993,3,15
160609,0.0,115.5,0.68,0.250,0.076,0.993,3,15
160659,0.0,156.1,0.82,0.241,0.090,0.966,3,15
160709,0.0,157.1,0.82,0.241,0.090,0.966,3,15
160759,0.0,157.1,0.84,0.201,0.071,0.956,3,15
160813,0.0,139.5,0.84,0.201,0.071,0.956,3,15
160862,0.0,126.6,1.00,0.139,0.059,0.965,3,15
160912,0.0,126.6,1.08,0.120,0.064,0.968,3,15
160963,0.0,139.8,1.20,0.151,0.056,0.965,3,15
161016,0.0,147.1,1.39,0.171,0.049,0.974,3,15
161066,0.0,148.9,1.14,0.143,0.079,0.965,3,15
161116,0.0,148.9,1.14,0.143,0.079,0.965,3,15
161166,0.0,135.2,1.21,0.111,0.081,0.971,3,15
161216,0.0,135.2,1.09,0.059,0.067,1.015,3,15
161266,0.0,102.0,0.95,0.035,0.081,1.004,3,15
161316,0.0,102.0,0.85,0.013,0.092,0.988,3,15
161366,0.0,80.6,0.81,0.009,0.106,0.979,3,15
161416,0.0,80.6,0.81,0.009,0.106,0.979,3,15
161466,0.0,80.6,0.81,0.037,0.083,0.973,3,15
161517,0.0,80.6,0.48,0.055,0.063,0.971,3,15
161567,0.0,80.6,0.37,0.053,0.089,0.984,3,15
161617,0.0,45.0,0.37,0.053,0.089,0.984,3,15
161667,0.0,45.0,0.27,0.047,0.098,0.984,3,16
161717,0.0,45.0,0.27,0.047,0.098,0.984,3,16
161767,0.0,45.0,0.34,0.043,0.087,0.981,3,16
161817,0.0,45.0,0.06,0.052,0.077,0.980,3,16
161867,0.0,45.0,0.11,0.071,0.094,0.982,3,16
161917,0.0,45.0,0.11,0.071,0.094,0.982,3,16
161967,0.0,45.0,0.02,0.096,0.088,0.976,3,16
162018,0.0,45.0,0.02,0.096,0.088,0.976,3,16
162068,0.0,45.0,0.07,0.124,0.080,0.973,3,16
162118,0.0,45.0,0.05,0.142,0.095,0.973,3,16
162168,0.0,45.0,0.04,0.143,0.096,0.972,3,16
162218,0.0,45.0,0.04,0.143,0.096,0.972,3,16
162268,0.0,45.0,0.06,0.143,0.084,0.971,3,16
162318,0.0,45.0,0.06,0.143,0.084,0.971,3,16
162368,0.0,45.0,0.10,0.142,0.084,0.971,3,16
162418,0.0,45.0,0.04,0.137,0.092,0.973,3,16
162468,0.0,45.0,0.05,0.129,0.091,0.973,3,15
162519,0.0,45.0,0.05,0.129,0.091,0.973,3,15
162569,0.0,45.0,0.03,0.124,0.088,0.973,3,15
162619,0.0,0.0,0.03,0.124,0.088,0.973,3,15
162669,0.0,0.0,0.04,0.125,0.092,0.973,3,15
162719,0.0,0.0,0.03,0.126,0.089,0.972,3,15
162769,0.0,0.0,0.02,0.126,0.089,0.974,3,15
162819,0.0,0.0,0.02,0.126,0.089,0.974,3,15
162869,0.0,0.0,0.11,0.126,0.089,0.973,3,15
162919,0.0,0.0,0.11,0.126,0.089,0.973,3,15
162969,0.0,0.0,0.01,0.126,0.089,0.972,3,15
163028,0.0,0.0,0.18,0.127,0.092,0.973,3,15
163078,0.0,0.0,0.06,0.127,0.091,0.972,3,15
163128,0.0,0.0,0.06,0.127,0.091,0.972,3,15
163178,0.0,0.0,0.11,0.126,0.089,0.973,3,15
163228,0.0,0.0,0.09,0.125,0.090,0.973,3,15
163279,0.0,0.0,0.09,0.125,0.090,0.973,3,15
163328,0.0,0.0,0.05,0.125,0.091,0.973,3,15
163378,0.0,0.0,0.05,0.125,0.091,0.973,3,15
163429,0.0,0.0,0.05,0.125,0.091,0.973,3,15
163479,0.0,0.0,0.05,0.126,0.091,0.973,3,15
163530,0.0,0.0,0.05,0.128,0.090,0.973,3,15
163581,0.0,0.0,0.05,0.128,0.090,0.973,3,15
163630,0.0,0.0,0.00,0.128,0.091,0.973,3,15
163680,0.0,0.0,0.02,0.127,0.092,0.973,3,15
163730,0.0,0.0,0.02,0.127,0.092,0.973,3,15
163780,0.0,0.0,0.07,0.128,0.090,0.972,3,15
163830,0.0,0.0,0.07,0.128,0.090,0.973,3,16
163881,0.0,0.0,0.07,0.128,0.090,0.973,3,16
163930,0.0,0.0,0.08,0.127,0.091,0.973,3,16
163980,0.0,0.0,0.05,0.127,0.091,0.973,3,16
164031,0.0,0.0,0.05,0.127,0.091,0.973,3,16
164081,0.0,0.0,0.07,0.127,0.091,0.973,3,16
164131,0.0,0.0,0.04,0.127,0.091,0.972,3,16
164181,0.0,0.0,0.04,0.127,0.091,0.972,3,16
164232,0.0,0.0,0.06,0.127,0.091,0.973,3,16
164282,0.0,0.0,0.13,0.127,0.092,0.973,3,15
164332,0.0,0.0,0.13,0.127,0.092,0.973,3,15
164382,0.0,0.0,0.10,0.127,0.091,0.973,3,15
164432,0.0,0.0,0.07,0.128,0.091,0.972,3,15
164482,0.0,0.0,0.07,0.128,0.091,0.972,3,15
164538,0.0,0.0,0.05,0.127,0.091,0.973,3,15
164588,0.0,0.0,0.04,0.127,0.091,0.973,3,15
164640,0.0,0.0,0.09,0.127,0.091,0.973,3,15
164689,0.0,0.0,0.06,0.127,0.091,0.973,3,15
164739,0.0,0.0,0.02,0.127,0.091,0.973,3,15
164789,0.0,0.0,0.02,0.127,0.091,0.973,3,15
164839,0.0,0.0,0.03,0.126,0.091,0.973,3,16
164889,0.0,0.0,0.12,0.127,0.091,0.973,3,15
164939,0.0,0.0,0.13,0.127,0.091,0.973,3,15
164989,0.0,0.0,0.09,0.127,0.091,0.973,3,15
165040,0.0,0.0,0.04,0.128,0.091,0.972,3,15
165090,0.0,0.0,0.04,0.128,0.091,0.972,3,15
165140,0.0,0.0,0.04,0.128,0.090,0.973,3,15
165190,0.0,0.0,0.06,0.127,0.091,0.973,3,15
165240,0.0,0.0,0.02,0.127,0.091,0.972,3,15
165290,0.0,0.0,0.09,0.127,0.091,0.972,3,15
165340,0.0,0.0,0.11,0.130,0.091,0.972,3,15
165390,0.0,0.0,0.11,0.130,0.091,0.972,3,15
165440,0.0,0.0,0.01,0.130,0.091,0.972,3,15
165490,0.0,0.0,0.16,0.127,0.090,0.973,3,15
165541,0.0,0.0,0.04,0.124,0.090,0.973,3,15
165591,0.0,0.0,0.10,0.123,0.091,0.972,3,15
165641,0.0,0.0,0.03,0.124,0.092,0.973,3,15
165691,0.0,0.0,0.03,0.124,0.092,0.973,3,15
165741,0.0,0.0,0.10,0.127,0.090,0.972,3,16
165791,0.0,0.0,0.07,0.125,0.092,0.973,3,16
165841,0.0,0.0,0.05,0.124,0.092,0.974,3,16
165891,0.0,0.0,0.03,0.123,0.093,0.973,3,16
165941,0.0,0.0,0.04,0.123,0.091,0.971,3,16
165991,0.0,0.0,0.04,0.123,0.091,0.971,3,16
166042,0.0,0.0,0.07,0.121,0.089,0.975,3,16
166092,0.0,0.0,0.07,0.117,0.092,0.975,3,16
166142,0.0,0.0,0.07,0.117,0.092,0.975,3,16
166192,0.0,0.0,0.07,0.117,0.092,0.975,3,16
166242,0.0,0.0,0.09,0.118,0.090,0.971,3,16
166292,0.0,0.0,0.09,0.118,0.090,0.971,3,16
166342,0.0,0.0,0.08,0.124,0.090,0.972,3,16
166392,0.0,0.0,0.04,0.127,0.091,0.973,3,16
166442,0.0,0.0,0.21,0.128,0.091,0.973,3,16
166492,0.0,0.0,0.19,0.129,0.092,0.972,3,16
166543,0.0,0.0,0.09,0.131,0.091,0.971,3,16
166593,0.0,45.0,0.09,0.131,0.091,0.971,3,16
166643,0.0,45.0,0.15,0.135,0.090,0.972,3,16
166693,0.0,45.0,0.15,0.138,0.089,0.972,3,16
166743,0.0,45.0,0.12,0.140,0.090,0.972,3,16
166793,0.0,45.0,0.06,0.139,0.092,0.972,3,16
166843,0.0,45.0,0.08,0.135,0.094,0.971,3,16
166893,0.0,45.0,0.08,0.135,0.094,0.971,3,16
166943,0.0,45.0,0.08,0.135,0.094,0.971,3,16
166993,0.0,45.0,0.14,0.130,0.089,0.972,3,16
167045,0.0,45.0,0.12,0.123,0.089,0.974,3,16
167094,0.0,45.0,0.05,0.120,0.091,0.973,3,16
167144,0.0,45.0,0.30,0.123,0.092,0.973,3,16
167194,0.0,45.0,0.30,0.123,0.092,0.973,3,16
167244,0.0,45.0,0.34,0.131,0.087,0.972,3,16
167294,0.0,45.0,0.24,0.135,0.089,0.972,3,16
167344,0.0,45.0,0.20,0.136,0.091,0.973,3,16
167394,0.0,45.0,0.23,0.135,0.091,0.972,3,16
167444,0.0,45.0,0.12,0.132,0.093,0.972,3,16
167494,0.0,45.0,0.12,0.132,0.093,0.972,3,16
167545,0.0,45.0,0.11,0.125,0.095,0.973,3,15
167595,0.0,0.0,0.11,0.119,0.088,0.973,3,15
167645,0.0,0.0,0.09,0.117,0.087,0.973,3,15
167695,0.0,0.0,0.08,0.117,0.089,0.973,3,15
167745,0.0,0.0,0.11,0.119,0.090,0.974,3,15
167795,0.0,0.0,0.05,0.125,0.087,0.974,3,16
167845,0.0,0.0,0.05,0.125,0.087,0.974,3,16
167895,0.0,0.0,0.12,0.127,0.089,0.972,3,16
167945,0.0,0.0,0.09,0.127,0.094,0.972,3,16
167995,0.0,0.0,0.03,0.126,0.096,0.973,3,16
168056,0.0,0.0,0.14,0.125,0.094,0.972,3,16
168106,0.0,0.0,0.08,0.125,0.088,0.971,3,16
168156,0.0,0.0,0.09,0.125,0.089,0.973,3,16
168206,0.0,0.0,0.06,0.126,0.091,0.973,3,16
168256,0.0,0.0,0.03,0.127,0.094,0.972,3,16
168306,0.0,0.0,0.03,0.127,0.094,0.972,3,16
168356,0.0,0.0,0.03,0.128,0.093,0.974,3,16
168406,0.0,0.0,0.09,0.128,0.093,0.973,3,16
168456,0.0,0.0,0.05,0.128,0.093,0.973,3,16
168506,0.0,0.0,0.07,0.126,0.092,0.972,3,16
168557,0.0,0.0,0.12,0.126,0.093,0.971,3,16
168608,0.0,0.0,0.12,0.126,0.093,0.971,3,16
168657,0.0,0.0,0.16,0.128,0.095,0.972,3,16
168707,0.0,0.0,0.09,0.129,0.097,0.973,3,16
168758,0.0,0.0,0.11,0.130,0.096,0.972,3,16
168807,0.0,0.0,0.05,0.132,0.094,0.972,3,16
168857,0.0,0.0,0.18,0.139,0.087,0.970,3,16
168907,0.0,0.0,0.18,0.139,0.087,0.970,3,16
168957,0.0,0.0,0.10,0.144,0.087,0.970,3,16
169007,0.0,0.0,0.18,0.155,0.092,0.969,3,16
169058,0.0,0.0,0.18,0.161,0.096,0.969,3,16
169108,0.0,0.0,0.03,0.164,0.096,0.967,3,16
169158,0.0,0.0,0.06,0.164,0.099,0.971,3,16
169208,0.0,0.0,0.06,0.164,0.099,0.971,3,16
169258,0.0,0.0,0.09,0.152,0.098,0.973,3,16
169308,0.0,0.0,0.11,0.133,0.093,0.967,3,16
169358,0.0,0.0,0.05,0.123,0.094,0.970,3,16
169408,0.0,0.0,0.03,0.115,0.093,0.973,3,16
169458,0.0,0.0,0.02,0.114,0.093,0.977,3,16
169508,0.0,45.0,0.02,0.114,0.093,0.977,3,16
169559,0.0,45.0,0.02,0.114,0.093,0.977,3,16
169609,0.0,45.0,0.15,0.115,0.098,0.977,3,16
169662,0.0,45.0,0.14,0.111,0.101,0.974,3,16
169711,0.0,45.0,0.17,0.098,0.093,0.970,3,16
169761,0.0,45.0,0.09,0.083,0.081,0.975,3,16
169812,0.0,45.0,0.09,0.083,0.081,0.975,3,16
169863,0.0,45.0,0.15,0.082,0.093,0.977,3,16
169913,0.0,45.0,0.07,0.097,0.088,0.973,3,16
169963,0.0,45.0,0.22,0.105,0.084,0.971,3,16
170013,0.0,45.0,0.21,0.112,0.081,0.970,3,16
170064,0.0,45.0,0.11,0.129,0.100,0.977,3,16
170114,0.0,45.0,0.11,0.129,0.100,0.977,3,16
170164,0.0,45.0,0.09,0.134,0.108,0.974,3,16
170214,0.0,45.0,0.12,0.137,0.105,0.970,3,16
170265,0.0,45.0,0.16,0.139,0.096,0.970,3,16
170315,0.0,45.0,0.13,0.141,0.090,0.972,3,16
170365,0.0,45.0,0.12,0.141,0.093,0.971,3,16
170415,0.0,45.0,0.10,0.140,0.097,0.970,3,16
170465,0.0,45.0,0.10,0.140,0.097,0.970,3,16
170515,0.0,0.0,0.07,0.140,0.093,0.971,3,16
170566,0.0,0.0,0.02,0.138,0.092,0.972,3,16
170616,0.0,0.0,0.09,0.134,0.094,0.972,3,16
170666,0.0,0.0,0.05,0.128,0.095,0.972,3,16
170716,0.0,0.0,0.05,0.122,0.091,0.973,3,16
170766,0.0,0.0,0.05,0.122,0.091,0.973,3,16
170816,0.0,0.0,0.09,0.120,0.092,0.973,3,16
170866,0.0,0.0,0.06,0.118,0.094,0.974,3,16
170916,0.0,0.0,0.05,0.117,0.095,0.973,3,16
170966,0.0,0.0,0.05,0.119,0.092,0.973,3,16
171016,0.0,0.0,0.08,0.123,0.091,0.973,3,16
171067,0.0,0.0,0.08,0.123,0.091,0.973,3,16
171117,0.0,0.0,0.04,0.124,0.095,0.973,3,16
171167,0.0,0.0,0.06,0.125,0.095,0.973,3,16
171217,0.0,0.0,0.04,0.125,0.094,0.973,3,16
171267,0.0,0.0,0.08,0.126,0.093,0.972,3,16
171317,0.0,0.0,0.02,0.126,0.094,0.972,3,16
171367,0.0,0.0,0.02,0.126,0.094,0.972,3,16
171417,0.0,0.0,0.08,0.127,0.094,0.972,3,16
171467,0.0,0.0,0.05,0.127,0.093,0.972,3,16
171517,0.0,0.0,0.04,0.127,0.094,0.972,3,16
171568,0.0,0.0,0.03,0.125,0.094,0.972,3,16
171618,0.0,0.0,0.06,0.125,0.093,0.973,3,16
171668,0.0,0.0,0.06,0.125,0.093,0.973,3,16
171718,0.0,0.0,0.11,0.125,0.093,0.972,3,16
171768,0.0,0.0,0.05,0.126,0.095,0.972,3,16
171818,0.0,0.0,0.04,0.126,0.095,0.972,3,16
171868,0.0,0.0,0.02,0.127,0.094,0.972,3,16
171918,0.0,0.0,0.06,0.127,0.094,0.972,3,16
171968,0.0,0.0,0.06,0.127,0.094,0.972,3,16
172018,0.0,0.0,0.03,0.126,0.094,0.972,3,16
172069,0.0,0.0,0.06,0.124,0.094,0.972,3,16
172119,0.0,0.0,0.09,0.122,0.092,0.973,3,16
172169,0.0,0.0,0.10,0.119,0.092,0.973,3,16
172219,0.0,0.0,0.05,0.118,0.092,0.973,3,16
172269,0.0,0.0,0.05,0.118,0.092,0.973,3,16
172319,0.0,0.0,0.02,0.123,0.091,0.971,3,16
172369,0.0,0.0,0.01,0.127,0.092,0.971,3,16
172419,0.0,0.0,0.04,0.130,0.095,0.972,3,16
172469,0.0,0.0,0.03,0.132,0.102,0.973,3,16
172519,0.0,0.0,0.04,0.131,0.097,0.972,3,16
172570,0.0,0.0,0.04,0.131,0.097,0.972,3,16
172620,0.0,0.0,0.02,0.126,0.091,0.973,3,16
172670,0.0,0.0,0.02,0.124,0.091,0.973,3,16
172720,0.0,0.0,0.12,0.123,0.093,0.972,3,16
172770,0.0,0.0,0.07,0.123,0.095,0.972,3,16
172820,0.0,0.0,0.02,0.125,0.096,0.972,3,16
172870,0.0,0.0,0.02,0.125,0.096,0.972,3,16
172920,0.0,0.0,0.06,0.126,0.094,0.972,3,16
172970,0.0,0.0,0.08,0.127,0.093,0.972,3,16
173020,0.0,0.0,0.07,0.126,0.096,0.972,3,16
173071,0.0,0.0,0.03,0.126,0.095,0.972,3,16
173121,0.0,0.0,0.04,0.126,0.094,0.972,3,16
173171,0.0,0.0,0.04,0.126,0.094,0.972,3,16
173221,0.0,0.0,0.07,0.127,0.093,0.973,3,16
173271,0.0,0.0,0.07,0.127,0.094,0.972,3,16
173321,0.0,0.0,0.03,0.127,0.095,0.972,3,16
173371,0.0,0.0,0.06,0.125,0.096,0.972,3,16
173421,0.0,0.0,0.11,0.125,0.094,0.973,3,16
173471,0.0,0.0,0.11,0.125,0.094,0.973,3,16
173521,0.0,0.0,0.05,0.124,0.092,0.972,3,16
173572,0.0,0.0,0.11,0.124,0.095,0.973,3,16
173628,0.0,0.0,0.11,0.124,0.095,0.973,3,16
173677,0.0,0.0,0.01,0.125,0.096,0.972,3,16
173727,0.0,0.0,0.05,0.125,0.094,0.972,3,16
173778,0.0,0.0,0.05,0.125,0.094,0.972,3,16
173827,0.0,0.0,0.03,0.127,0.092,0.972,3,16
173877,0.0,0.0,0.03,0.130,0.093,0.972,3,16
173928,0.0,0.0,0.03,0.130,0.093,0.972,3,16
173977,0.0,0.0,0.05,0.129,0.097,0.973,3,16
174027,0.0,0.0,0.05,0.125,0.094,0.973,3,16
174080,0.0,0.0,0.05,0.125,0.094,0.973,3,16
174130,0.0,0.0,0.04,0.124,0.091,0.972,3,16
174180,0.0,0.0,0.06,0.124,0.094,0.973,3,16
174230,0.0,0.0,0.06,0.124,0.094,0.973,3,16
174280,0.0,0.0,0.01,0.126,0.096,0.972,3,16
174330,0.0,0.0,0.04,0.126,0.095,0.972,3,16
174380,0.0,0.0,0.04,0.126,0.095,0.972,3,16
174430,0.0,0.0,0.04,0.127,0.094,0.973,3,16
174480,0.0,0.0,0.04,0.127,0.094,0.973,3,16
174530,0.0,0.0,0.04,0.127,0.094,0.973,3,16
174584,0.0,0.0,0.09,0.127,0.093,0.972,3,16
174634,0.0,0.0,0.04,0.127,0.095,0.972,3,16
174684,0.0,0.0,0.04,0.127,0.095,0.972,3,16
174734,0.0,0.0,0.06,0.126,0.094,0.972,3,16
174784,0.0,0.0,0.07,0.125,0.093,0.972,3,16
174834,0.0,0.0,0.07,0.125,0.093,0.972,3,16
174884,0.0,0.0,0.09,0.127,0.094,0.972,3,16
174934,0.0,0.0,0.05,0.127,0.094,0.972,3,16
174984,0.0,0.0,0.05,0.127,0.094,0.972,3,16
175034,0.0,0.0,0.11,0.126,0.094,0.972,3,16
175085,0.0,0.0,0.06,0.126,0.093,0.972,3,16
175137,0.0,0.0,0.11,0.126,0.094,0.972,3,16
175186,0.0,0.0,0.09,0.126,0.094,0.972,3,16
175236,0.0,0.0,0.08,0.127,0.094,0.972,3,16
175287,0.0,0.0,0.08,0.127,0.094,0.972,3,16
175336,0.0,0.0,0.13,0.127,0.094,0.972,3,16
175386,0.0,0.0,0.13,0.126,0.094,0.973,3,16
175437,0.0,0.0,0.10,0.126,0.094,0.973,3,16
175486,0.0,0.0,0.06,0.126,0.094,0.972,3,16
175536,0.0,0.0,0.05,0.126,0.094,0.972,3,16
175589,0.0,0.0,0.05,0.126,0.094,0.972,3,16
175639,0.0,0.0,0.07,0.127,0.094,0.972,3,16
175689,0.0,0.0,0.04,0.127,0.094,0.972,3,16
175739,0.0,0.0,0.05,0.126,0.094,0.973,3,16
175789,0.0,0.0,0.05,0.126,0.094,0.973,3,16
175839,0.0,0.0,0.03,0.126,0.093,0.972,3,16
175889,0.0,0.0,0.01,0.126,0.093,0.972,3,16
175939,0.0,0.0,0.04,0.126,0.094,0.972,3,16
175989,0.0,0.0,0.04,0.125,0.094,0.972,3,16
176039,0.0,0.0,0.02,0.126,0.093,0.972,3,16
176091,0.0,0.0,0.02,0.126,0.093,0.972,3,16
176141,0.0,0.0,0.03,0.126,0.093,0.973,3,16
176191,0.0,0.0,0.03,0.126,0.093,0.973,3,16
176241,0.0,0.0,0.02,0.126,0.094,0.973,3,16
176291,0.0,0.0,0.07,0.125,0.094,0.972,3,16
176341,0.0,0.0,0.09,0.125,0.094,0.972,3,16
176391,0.0,0.0,0.09,0.125,0.094,0.972,3,16
176441,0.0,0.0,0.11,0.126,0.094,0.972,3,16
176491,0.0,0.0,0.13,0.127,0.094,0.972,3,16
176541,0.0,0.0,0.12,0.128,0.095,0.972,3,16
176592,0.0,0.0,0.05,0.128,0.094,0.972,3,16
176642,0.0,0.0,0.06,0.128,0.094,0.972,3,16
176692,0.0,0.0,0.06,0.128,0.094,0.972,3,16
176742,0.0,0.0,0.07,0.127,0.094,0.972,3,16
176792,0.0,0.0,0.05,0.126,0.093,0.972,3,16
176843,0.0,0.0,0.02,0.126,0.094,0.972,3,16
176892,0.0,0.0,0.04,0.125,0.094,0.972,3,16
176942,0.0,0.0,0.07,0.126,0.094,0.973,3,16
176993,0.0,0.0,0.07,0.126,0.094,0.973,3,16
177042,0.0,0.0,0.06,0.126,0.093,0.972,3,16
177093,0.0,0.0,0.06,0.126,0.093,0.972,3,16
177143,0.0,0.0,0.04,0.127,0.094,0.972,3,16
177193,0.0,0.0,0.06,0.127,0.094,0.972,3,16
177243,0.0,0.0,0.02,0.127,0.094,0.972,3,16
177293,0.0,0.0,0.02,0.127,0.094,0.972,3,16
177343,0.0,0.0,0.06,0.127,0.094,0.972,3,16
177393,0.0,0.0,0.06,0.127,0.094,0.972,3,16
177443,0.0,0.0,0.07,0.127,0.094,0.972,3,16
177493,0.0,0.0,0.05,0.127,0.095,0.972,3,16
177543,0.0,0.0,0.05,0.127,0.094,0.972,3,16
177594,0.0,0.0,0.05,0.127,0.094,0.972,3,16
177644,0.0,0.0,0.02,0.127,0.094,0.972,3,16
177694,0.0,0.0,0.05,0.127,0.094,0.972,3,16
177744,0.0,0.0,0.06,0.127,0.094,0.972,3,16
177794,0.0,0.0,0.07,0.126,0.094,0.972,3,16
177844,0.0,0.0,0.08,0.126,0.094,0.972,3,16
177894,0.0,0.0,0.08,0.126,0.094,0.972,3,16
177944,0.0,0.0,0.03,0.127,0.094,0.972,3,16
177994,0.0,0.0,0.04,0.127,0.093,0.972,3,16
178044,0.0,0.0,0.05,0.127,0.093,0.972,3,16
178095,0.0,0.0,0.05,0.127,0.094,0.972,3,16
178145,0.0,0.0,0.09,0.126,0.094,0.972,3,16
178195,0.0,0.0,0.09,0.126,0.094,0.972,3,16
178245,0.0,0.0,0.12,0.125,0.094,0.972,3,16
178295,0.0,0.0,0.13,0.126,0.094,0.972,3,16
178345,0.0,0.0,0.11,0.127,0.094,0.972,3,16
178395,0.0,0.0,0.08,0.127,0.094,0.972,3,16
178445,0.0,0.0,0.04,0.126,0.094,0.972,3,16
178495,0.0,0.0,0.04,0.126,0.094,0.972,3,16
178545,0.0,0.0,0.07,0.126,0.094,0.972,3,16
178596,0.0,0.0,0.07,0.126,0.094,0.972,3,16
178646,0.0,0.0,0.10,0.126,0.094,0.972,3,16
178696,0.0,0.0,0.13,0.127,0.094,0.972,3,16
178746,0.0,0.0,0.11,0.127,0.094,0.972,3,16
178796,0.0,0.0,0.11,0.127,0.094,0.972,3,16
178846,0.0,0.0,0.08,0.126,0.094,0.972,3,16
178896,0.0,0.0,0.07,0.125,0.094,0.972,3,16
178946,0.0,0.0,0.04,0.125,0.094,0.972,3,16
178996,0.0,0.0,0.03,0.125,0.093,0.972,3,16
179046,0.0,0.0,0.05,0.126,0.094,0.972,3,16
179100,0.0,0.0,0.05,0.126,0.094,0.972,3,16
179149,0.0,0.0,0.04,0.127,0.094,0.972,3,16
179199,0.0,0.0,0.04,0.127,0.095,0.972,3,16
179253,0.0,0.0,0.06,0.128,0.094,0.972,3,16
179302,0.0,0.0,0.07,0.128,0.092,0.972,3,16
179352,0.0,0.0,0.04,0.127,0.094,0.972,3,16
179403,0.0,0.0,0.04,0.127,0.094,0.972,3,16
179452,0.0,0.0,0.02,0.127,0.095,0.972,3,16
179502,0.0,0.0,0.06,0.127,0.094,0.972,3,16
179553,0.0,0.0,0.06,0.127,0.094,0.972,3,16
179607,0.0,0.0,0.03,0.127,0.094,0.972,3,16
179657,0.0,0.0,0.04,0.127,0.094,0.972,3,16
179708,0.0,0.0,0.04,0.127,0.094,0.972,3,16
179757,0.0,0.0,0.02,0.127,0.094,0.972,3,16
179807,0.0,0.0,0.05,0.126,0.095,0.972,3,16
179857,0.0,0.0,0.05,0.126,0.095,0.972,3,16
179907,0.0,0.0,0.03,0.127,0.094,0.972,3,16
179957,0.0,0.0,0.06,0.127,0.093,0.972,3,16
180007,0.0,0.0,0.06,0.127,0.093,0.972,3,16
180057,0.0,0.0,0.06,0.127,0.093,0.972,3,16
180108,0.0,0.0,0.07,0.126,0.093,0.972,3,16
180158,0.0,0.0,0.07,0.126,0.093,0.972,3,16
180208,0.0,0.0,0.09,0.126,0.095,0.972,3,16
180258,0.0,0.0,0.04,0.127,0.096,0.972,3,16
180308,0.0,0.0,0.04,0.127,0.096,0.972,3,16
180358,0.0,0.0,0.06,0.127,0.093,0.972,3,16
180408,0.0,0.0,0.05,0.126,0.092,0.972,3,16
180459,0.0,0.0,0.05,0.126,0.092,0.972,3,16
180508,0.0,0.0,0.05,0.126,0.094,0.972,3,16
180558,0.0,0.0,0.06,0.126,0.096,0.972,3,16
180610,0.0,0.0,0.06,0.126,0.096,0.972,3,16
180659,0.0,0.0,0.14,0.127,0.094,0.972,3,16
180709,0.0,0.0,0.06,0.127,0.094,0.972,3,16
180759,0.0,0.0,0.06,0.127,0.094,0.972,3,16
180809,0.0,0.0,0.04,0.126,0.094,0.972,3,16
180859,0.0,0.0,0.03,0.126,0.094,0.972,3,16
180909,0.0,0.0,0.03,0.126,0.094,0.972,3,16
180959,0.0,0.0,0.09,0.127,0.093,0.972,3,16
181009,0.0,0.0,0.11,0.127,0.093,0.972,3,16
181059,0.0,0.0,0.11,0.127,0.093,0.972,3,16
181116,0.0,0.0,0.07,0.126,0.093,0.972,3,16
181166,0.0,0.0,0.03,0.125,0.097,0.972,3,16
181216,0.0,0.0,0.03,0.125,0.097,0.972,3,16
181266,0.0,0.0,0.07,0.125,0.097,0.973,3,16
181316,0.0,0.0,0.04,0.124,0.092,0.972,3,16
181366,0.0,0.0,0.06,0.126,0.090,0.972,3,16
181416,0.0,0.0,0.04,0.127,0.089,0.972,3,16
181466,0.0,0.0,0.09,0.129,0.092,0.972,3,16
181516,0.0,0.0,0.09,0.129,0.092,0.972,3,16
181566,0.0,0.0,0.09,0.129,0.095,0.971,3,16
181617,0.0,0.0,0.04,0.130,0.095,0.973,3,16
181667,0.0,0.0,0.05,0.129,0.093,0.973,3,16
181717,0.0,0.0,0.04,0.128,0.092,0.972,3,16
181767,0.0,0.0,0.08,0.126,0.093,0.971,3,16
181817,0.0,0.0,0.08,0.126,0.093,0.971,3,16
181867,0.0,0.0,0.09,0.127,0.096,0.973,3,16
181917,0.0,0.0,0.06,0.127,0.096,0.972,3,16
181967,0.0,0.0,0.10,0.127,0.094,0.972,3,16
182017,0.0,0.0,0.18,0.126,0.092,0.971,3,16
182067,0.0,0.0,0.03,0.129,0.090,0.972,3,16
182118,0.0,0.0,0.03,0.129,0.090,0.972,3,16
182168,0.0,0.0,0.13,0.130,0.092,0.972,3,16
182218,0.0,0.0,0.09,0.127,0.101,0.973,3,16
182268,0.0,0.0,0.08,0.122,0.103,0.974,3,16
182318,0.0,0.0,0.07,0.120,0.099,0.974,3,16
182368,0.0,0.0,0.25,0.122,0.085,0.972,3,16
182418,0.0,0.0,0.25,0.122,0.085,0.972,3,16
182468,0.0,0.0,0.21,0.125,0.089,0.971,3,16
182518,0.0,0.0,0.06,0.125,0.092,0.974,3,16
182568,0.0,0.0,0.15,0.124,0.091,0.974,3,16
182619,0.0,0.0,0.17,0.123,0.091,0.972,3,16
182669,0.0,0.0,0.12,0.124,0.096,0.971,3,16
182719,0.0,0.0,0.12,0.124,0.096,0.971,3,16
182769,0.0,0.0,0.14,0.126,0.097,0.973,3,16
182819,0.0,0.0,0.14,0.126,0.097,0.973,3,16
182869,0.0,0.0,0.08,0.130,0.094,0.972,3,16
182919,0.0,0.0,0.08,0.130,0.094,0.972,3,16
182969,0.0,0.0,0.01,0.132,0.091,0.972,3,16
183019,0.0,0.0,0.01,0.132,0.091,0.972,3,16
183069,0.0,0.0,0.06,0.132,0.094,0.971,3,16
183120,0.0,0.0,0.09,0.131,0.095,0.972,3,16
183170,0.0,0.0,0.07,0.131,0.093,0.972,3,16
183220,0.0,0.0,0.07,0.131,0.093,0.972,3,16
183270,0.0,0.0,0.05,0.130,0.093,0.972,3,16
183320,0.0,0.0,0.05,0.130,0.093,0.972,3,16
183370,0.0,0.0,0.04,0.130,0.093,0.972,3,16
183420,0.0,0.0,0.10,0.129,0.094,0.972,3,16
183470,0.0,0.0,0.04,0.128,0.093,0.972,3,16
183520,0.0,0.0,0.04,0.128,0.093,0.972,3,16
183570,0.0,0.0,0.10,0.128,0.092,0.972,3,16
183621,0.0,0.0,0.10,0.128,0.092,0.972,3,16
183671,0.0,0.0,0.07,0.128,0.093,0.972,3,16
183721,0.0,0.0,0.05,0.128,0.094,0.972,3,16
183771,0.0,0.0,0.03,0.129,0.093,0.972,3,16
183821,0.0,0.0,0.03,0.129,0.093,0.972,3,16
183871,0.0,0.0,0.08,0.129,0.093,0.972,3,16
183921,0.0,0.0,0.07,0.129,0.093,0.972,3,16
183971,0.0,0.0,0.07,0.129,0.093,0.972,3,16
184021,0.0,0.0,0.04,0.129,0.094,0.972,3,16
184071,0.0,0.0,0.02,0.129,0.093,0.972,3,16
184122,0.0,0.0,0.02,0.129,0.093,0.972,3,16
184172,0.0,0.0,0.02,0.129,0.093,0.972,3,16
184222,0.0,0.0,0.06,0.128,0.093,0.972,3,16
184272,0.0,0.0,0.11,0.128,0.093,0.972,3,16
184322,0.0,0.0,0.04,0.128,0.093,0.972,3,16
184372,0.0,0.0,0.07,0.128,0.094,0.972,3,16
184422,0.0,0.0,0.07,0.128,0.094,0.972,3,16
184472,0.0,0.0,0.12,0.129,0.093,0.972,3,16
184522,0.0,0.0,0.05,0.128,0.093,0.972,3,16
184572,0.0,0.0,0.05,0.128,0.093,0.972,3,16
184633,0.0,0.0,0.06,0.129,0.093,0.972,3,16
184683,0.0,0.0,0.04,0.129,0.093,0.972,3,16
184733,0.0,0.0,0.06,0.129,0.093,0.972,3,16
184783,0.0,0.0,0.05,0.130,0.092,0.972,3,16
184833,0.0,0.0,0.06,0.131,0.095,0.972,3,16
184883,0.0,0.0,0.06,0.131,0.095,0.972,3,16
184933,0.0,0.0,0.06,0.133,0.095,0.972,3,16
184983,0.0,0.0,0.08,0.132,0.092,0.971,3,16
185033,0.0,0.0,0.18,0.130,0.091,0.972,3,16
185083,0.0,0.0,0.17,0.129,0.092,0.972,3,16
185134,0.0,0.0,0.06,0.126,0.093,0.972,3,16
185185,0.0,0.0,0.06,0.126,0.093,0.972,3,16
185235,0.0,0.0,0.11,0.125,0.093,0.972,3,16
185285,0.0,0.0,0.07,0.125,0.092,0.973,3,16
185338,0.0,0.0,0.09,0.126,0.092,0.973,3,16
185387,0.0,0.0,0.13,0.128,0.092,0.972,3,16
185437,0.0,0.0,0.08,0.130,0.092,0.972,3,16
185488,0.0,0.0,0.08,0.130,0.092,0.972,3,16
185537,0.0,0.0,0.05,0.131,0.095,0.972,3,16
185587,0.0,0.0,0.07,0.130,0.094,0.971,3,16
185638,0.0,0.0,0.07,0.130,0.094,0.971,3,16
185688,0.0,0.0,0.05,0.129,0.089,0.971,3,16
185738,0.0,0.0,0.09,0.130,0.092,0.972,3,16
185788,0.0,0.0,0.09,0.130,0.092,0.972,3,16
185838,0.0,0.0,0.06,0.131,0.095,0.972,3,16
185888,0.0,0.0,0.08,0.132,0.096,0.972,3,16
185939,0.0,0.0,0.14,0.131,0.093,0.972,3,16
185989,0.0,0.0,0.15,0.129,0.092,0.972,3,16
186039,0.0,0.0,0.01,0.124,0.091,0.973,3,16
186089,0.0,0.0,0.01,0.124,0.091,0.973,3,16
186140,0.0,0.0,0.09,0.123,0.094,0.973,3,16
186190,0.0,0.0,0.10,0.122,0.096,0.973,3,16
186241,0.0,0.0,0.06,0.123,0.094,0.973,3,16
186290,0.0,0.0,0.08,0.125,0.091,0.972,3,16
186340,0.0,45.0,0.06,0.130,0.091,0.972,3,16
186390,0.0,45.0,0.04,0.132,0.094,0.972,3,16
186440,0.0,45.0,0.04,0.132,0.094,0.972,3,16
186490,0.0,45.0,0.06,0.132,0.097,0.971,3,16
186540,0.0,45.0,0.07,0.133,0.096,0.971,3,16
186590,0.0,45.0,0.12,0.133,0.094,0.971,3,16
186641,0.0,45.0,0.29,0.133,0.093,0.971,3,16
186691,0.0,45.0,0.12,0.130,0.096,0.972,3,16
186741,0.0,45.0,0.12,0.130,0.096,0.972,3,16
186791,0.0,45.0,0.05,0.128,0.095,0.972,3,16
186842,0.0,45.0,0.04,0.127,0.094,0.972,3,16
186891,0.0,45.0,0.02,0.126,0.094,0.973,3,16
186941,0.0,45.0,0.02,0.126,0.094,0.973,3,16
186991,0.0,45.0,0.06,0.126,0.093,0.973,3,16
187041,0.0,45.0,0.06,0.126,0.093,0.973,3,16
187091,0.0,45.0,0.12,0.127,0.092,0.972,3,16
187142,0.0,45.0,0.12,0.127,0.092,0.972,3,16
187192,0.0,45.0,0.25,0.129,0.095,0.972,3,16
187242,0.0,45.0,0.06,0.130,0.095,0.972,3,16
187292,0.0,45.0,0.14,0.130,0.092,0.971,3,15
187342,0.0,0.0,0.14,0.130,0.092,0.971,3,15
187392,0.0,0.0,0.25,0.131,0.093,0.971,3,15
187442,0.0,0.0,0.15,0.130,0.095,0.972,3,15
187492,0.0,0.0,0.16,0.129,0.097,0.972,3,15
187542,0.0,0.0,0.10,0.127,0.095,0.972,3,15
187592,0.0,0.0,0.15,0.127,0.093,0.972,3,15
187644,0.0,0.0,0.15,0.127,0.093,0.972,3,15
187693,0.0,0.0,0.05,0.128,0.094,0.972,3,15
187743,0.0,0.0,0.06,0.130,0.095,0.972,3,15
187794,0.0,0.0,0.11,0.131,0.095,0.972,3,15
187843,0.0,0.0,0.08,0.130,0.094,0.971,3,15
187893,0.0,0.0,0.06,0.128,0.092,0.972,3,15
187944,0.0,0.0,0.06,0.128,0.092,0.972,3,15
187993,0.0,0.0,0.11,0.127,0.093,0.973,3,15
188043,0.0,0.0,0.08,0.127,0.096,0.972,3,15
188094,0.0,0.0,0.09,0.127,0.098,0.972,3,15
188144,0.0,0.0,0.06,0.129,0.097,0.972,3,15
188194,0.0,0.0,0.10,0.130,0.092,0.972,3,15
188244,0.0,0.0,0.10,0.130,0.092,0.972,3,15
188294,0.0,0.0,0.02,0.129,0.091,0.972,3,15
188344,0.0,0.0,0.02,0.129,0.091,0.972,3,15
188394,0.0,0.0,0.03,0.128,0.093,0.972,3,15
188444,0.0,0.0,0.11,0.127,0.096,0.971,3,15
188494,0.0,0.0,0.05,0.129,0.095,0.972,3,15
188544,0.0,0.0,0.05,0.129,0.095,0.972,3,15
188594,0.0,0.0,0.04,0.130,0.093,0.972,3,15
188645,0.0,0.0,0.02,0.130,0.093,0.972,3,15
188695,0.0,0.0,0.04,0.130,0.093,0.972,3,15
188745,0.0,0.0,0.12,0.129,0.093,0.971,3,15
188795,0.0,0.0,0.20,0.129,0.093,0.972,3,15
188845,0.0,0.0,0.20,0.129,0.093,0.972,3,15
188895,0.0,0.0,0.12,0.129,0.095,0.973,3,15
188945,0.0,0.0,0.10,0.127,0.098,0.974,3,15
188995,0.0,0.0,0.14,0.125,0.098,0.973,3,15
189045,0.0,0.0,0.08,0.122,0.093,0.973,3,15
189095,0.0,0.0,0.07,0.127,0.090,0.972,3,15
189146,0.0,0.0,0.07,0.127,0.090,0.972,3,15
189196,0.0,0.0,0.06,0.131,0.093,0.971,3,14
189246,0.0,0.0,0.05,0.132,0.095,0.971,3,14
189296,0.0,0.0,0.10,0.133,0.097,0.972,3,14
189346,0.0,0.0,0.06,0.132,0.096,0.972,3,14
189396,0.0,0.0,0.07,0.131,0.095,0.972,3,14
189446,0.0,0.0,0.07,0.131,0.095,0.972,3,14
189496,0.0,0.0,0.07,0.128,0.093,0.972,3,14
189546,0.0,0.0,0.05,0.127,0.093,0.973,3,14
189596,0.0,0.0,0.09,0.126,0.093,0.972,3,14
189647,0.0,0.0,0.09,0.126,0.093,0.973,3,14
189697,0.0,0.0,0.16,0.126,0.093,0.972,3,14
189747,0.0,0.0,0.16,0.126,0.093,0.972,3,14
189797,0.0,0.0,0.06,0.127,0.096,0.973,3,14
189847,0.0,0.0,0.06,0.127,0.095,0.972,3,14
189897,0.0,0.0,0.06,0.128,0.093,0.971,3,14
189947,0.0,0.0,0.04,0.134,0.092,0.972,3,14
189997,0.0,0.0,0.02,0.136,0.095,0.972,3,14
190047,0.0,0.0,0.02,0.136,0.095,0.972,3,14
190097,0.0,0.0,0.08,0.136,0.097,0.970,3,14
190148,0.0,0.0,0.08,0.136,0.097,0.970,3,14
190204,0.0,0.0,0.05,0.134,0.093,0.972,3,14
190254,0.0,0.0,0.09,0.131,0.093,0.972,3,14
190304,0.0,0.0,0.07,0.128,0.094,0.972,3,14
190354,0.0,0.0,0.07,0.128,0.094,0.972,3,14
190404,0.0,0.0,0.08,0.128,0.094,0.972,3,14
190454,0.0,0.0,0.04,0.130,0.095,0.972,3,14
190504,0.0,0.0,0.04,0.130,0.095,0.972,3,14
190554,0.0,0.0,0.04,0.130,0.093,0.972,3,14
190604,0.0,0.0,0.09,0.130,0.093,0.972,3,14
190657,0.0,0.0,0.09,0.130,0.093,0.972,3,14
190706,0.0,0.0,0.03,0.129,0.095,0.972,3,14
190756,0.0,0.0,0.04,0.130,0.093,0.973,3,14
190806,0.0,0.0,0.04,0.130,0.093,0.973,3,14
190856,0.0,0.0,0.11,0.131,0.094,0.973,3,14
190906,0.0,0.0,0.01,0.131,0.091,0.972,3,14
190956,0.0,0.0,0.01,0.131,0.091,0.972,3,14
191006,0.0,0.0,0.03,0.132,0.094,0.970,3,14
191056,0.0,0.0,0.09,0.128,0.103,0.973,3,14
191106,0.0,0.0,0.09,0.128,0.103,0.973,3,14
191157,0.0,0.0,0.09,0.128,0.103,0.973,3,14
191207,0.0,0.0,0.09,0.123,0.098,0.975,3,14
191257,0.0,0.0,0.09,0.123,0.098,0.975,3,14
191307,0.0,0.0,0.14,0.123,0.087,0.972,3,14
191357,0.0,0.0,0.10,0.128,0.093,0.972,3,14
191408,0.0,0.0,0.10,0.128,0.093,0.972,3,14
191457,0.0,0.0,0.08,0.131,0.096,0.971,3,14
191507,0.0,0.0,0.14,0.132,0.094,0.971,3,14
191558,0.0,0.0,0.14,0.132,0.094,0.971,3,14
191607,0.0,0.0,0.13,0.133,0.093,0.972,3,14
191658,0.0,0.0,0.08,0.132,0.092,0.971,3,14
191708,0.0,0.0,0.08,0.132,0.092,0.971,3,14
191758,0.0,0.0,0.13,0.134,0.092,0.972,3,14
191808,0.0,0.0,0.11,0.136,0.093,0.973,3,14
191858,0.0,0.0,0.11,0.136,0.093,0.973,3,14
191908,0.0,0.0,0.02,0.137,0.096,0.972,3,14
191958,0.0,0.0,0.03,0.134,0.095,0.971,3,14
192008,0.0,0.0,0.03,0.134,0.095,0.971,3,14
192058,0.0,0.0,0.05,0.129,0.092,0.972,3,14
192108,0.0,0.0,0.05,0.129,0.092,0.972,3,14
192159,0.0,0.0,0.05,0.129,0.092,0.972,3,14
192209,0.0,0.0,0.05,0.128,0.092,0.973,3,14
192259,0.0,0.0,0.04,0.127,0.096,0.973,3,14
192309,0.0,0.0,0.04,0.127,0.096,0.973,3,14
192359,0.0,0.0,0.05,0.129,0.091,0.971,3,14
192409,0.0,0.0,0.04,0.130,0.091,0.972,3,14
192459,0.0,0.0,0.04,0.130,0.091,0.972,3,14
192509,0.0,0.0,0.05,0.133,0.094,0.973,3,14
192559,0.0,0.0,0.13,0.132,0.096,0.971,3,14
192610,0.0,0.0,0.13,0.132,0.096,0.971,3,14
192667,0.0,0.0,0.24,0.130,0.093,0.972,3,14
192717,0.0,0.0,0.19,0.130,0.091,0.974,3,14
192767,0.0,0.0,0.19,0.130,0.091,0.974,3,14
192817,0.0,0.0,0.11,0.130,0.093,0.972,3,14
192867,0.0,0.0,0.09,0.130,0.096,0.972,3,14
192917,0.0,0.0,0.05,0.131,0.095,0.972,3,14
192967,0.0,0.0,0.08,0.131,0.093,0.972,3,14
193017,0.0,0.0,0.15,0.131,0.093,0.972,3,14
193067,0.0,0.0,0.15,0.131,0.093,0.972,3,14
193117,0.0,0.0,0.07,0.129,0.094,0.971,3,15
193168,0.0,0.0,0.11,0.129,0.094,0.974,3,15
193218,0.0,0.0,0.07,0.130,0.093,0.972,3,15
193268,0.0,0.0,0.06,0.130,0.093,0.972,3,15
193318,0.0,0.0,0.06,0.130,0.093,0.972,3,15
193368,0.0,0.0,0.06,0.130,0.093,0.972,3,15
193418,0.0,0.0,0.06,0.130,0.094,0.972,3,15
193468,0.0,0.0,0.13,0.130,0.094,0.973,3,14
193519,0.0,0.0,0.05,0.130,0.093,0.971,3,14
193568,0.0,0.0,0.05,0.130,0.093,0.971,3,14
193618,0.0,0.0,0.15,0.125,0.092,0.972,3,15
193669,0.0,0.0,0.15,0.125,0.092,0.972,3,15
193719,0.0,0.0,0.15,0.125,0.092,0.972,3,15
193769,0.0,0.0,0.33,0.125,0.095,0.972,3,15
193819,0.0,0.0,0.14,0.129,0.092,0.974,3,15
193869,0.0,0.0,0.14,0.129,0.092,0.974,3,15
193919,0.0,0.0,0.02,0.131,0.091,0.974,3,15
193970,0.0,0.0,0.02,0.131,0.091,0.974,3,15
194019,0.0,0.0,0.21,0.131,0.096,0.969,3,15
194069,0.0,0.0,0.22,0.133,0.096,0.971,3,15
194120,0.0,0.0,0.04,0.137,0.089,0.971,3,15
194172,0.0,0.0,0.02,0.136,0.088,0.971,3,15
194222,0.0,0.0,0.10,0.135,0.093,0.972,3,15
194272,0.0,0.0,0.10,0.135,0.097,0.972,3,15
194322,0.0,0.0,0.10,0.135,0.097,0.972,3,15
194372,0.0,0.0,0.09,0.130,0.091,0.973,3,15
194422,0.0,0.0,0.08,0.128,0.091,0.973,3,15
194472,0.0,0.0,0.08,0.128,0.091,0.973,3,15
194522,0.0,0.0,0.08,0.128,0.091,0.973,3,15
194572,0.0,0.0,0.04,0.129,0.094,0.972,3,15
194622,0.0,0.0,0.04,0.129,0.094,0.972,3,15
194673,0.0,0.0,0.07,0.129,0.093,0.972,3,15
194723,0.0,0.0,0.04,0.130,0.093,0.972,3,15
194773,0.0,0.0,0.04,0.130,0.093,0.972,3,15
194823,0.0,0.0,0.07,0.131,0.092,0.972,3,15
194873,0.0,0.0,0.08,0.132,0.093,0.971,3,15
194923,0.0,0.0,0.08,0.132,0.093,0.971,3,15
194973,0.0,0.0,0.14,0.133,0.093,0.972,3,15
195023,0.0,0.0,0.06,0.133,0.092,0.972,3,15
195073,0.0,0.0,0.02,0.132,0.093,0.973,3,15
195123,0.0,0.0,0.07,0.131,0.094,0.972,3,15
195174,0.0,0.0,0.11,0.130,0.093,0.971,3,15
195230,0.0,0.0,0.11,0.130,0.093,0.971,3,15
195279,0.0,0.0,0.04,0.129,0.091,0.973,3,15
195329,0.0,0.0,0.04,0.129,0.092,0.972,3,15
195379,0.0,0.0,0.17,0.130,0.094,0.971,3,15
195429,0.0,0.0,0.11,0.131,0.093,0.973,3,15
195479,0.0,0.0,0.09,0.130,0.092,0.973,3,15
195530,0.0,0.0,0.09,0.130,0.092,0.973,3,15
195579,0.0,0.0,0.06,0.129,0.094,0.972,3,15
195629,0.0,0.0,0.07,0.129,0.094,0.972,3,15
195685,0.0,45.0,0.09,0.129,0.093,0.971,3,15
195734,0.0,45.0,0.02,0.130,0.091,0.973,3,15
195784,0.0,45.0,0.02,0.131,0.093,0.973,3,15
195834,0.0,45.0,0.07,0.130,0.094,0.971,3,15
195884,0.0,45.0,0.01,0.130,0.092,0.971,3,15
195934,0.0,45.0,0.08,0.128,0.090,0.972,3,15
195984,0.0,45.0,0.08,0.128,0.090,0.972,3,15
196034,0.0,45.0,0.10,0.128,0.091,0.973,3,15
196084,0.0,45.0,0.13,0.128,0.093,0.973,3,15
196134,0.0,45.0,0.07,0.128,0.092,0.972,3,15
196192,0.0,45.0,0.03,0.128,0.091,0.972,3,15
196242,0.0,45.0,0.05,0.128,0.091,0.971,3,15
196292,0.0,45.0,0.10,0.129,0.091,0.972,3,15
196342,0.0,45.0,0.10,0.129,0.091,0.972,3,15
196392,0.0,45.0,0.07,0.134,0.091,0.973,3,15
196442,0.0,45.0,0.02,0.134,0.090,0.970,3,15
196492,0.0,45.0,0.06,0.135,0.090,0.971,3,15
196542,0.0,45.0,0.10,0.136,0.091,0.971,3,15
196592,0.0,10.6,0.16,0.137,0.090,0.972,3,15
196642,0.0,10.6,0.16,0.137,0.090,0.972,3,15
196693,0.0,10.6,0.12,0.139,0.091,0.973,3,15
196743,0.0,10.6,0.10,0.140,0.089,0.973,3,15
196793,0.0,10.6,0.10,0.142,0.087,0.973,3,15
196843,0.0,10.6,0.08,0.143,0.088,0.969,3,15
196893,0.0,10.6,0.04,0.143,0.093,0.968,3,15
196943,0.0,10.6,0.04,0.143,0.093,0.968,3,15
196993,0.0,10.6,0.13,0.144,0.090,0.972,3,15
197043,0.0,10.6,0.11,0.143,0.087,0.971,3,15
197093,0.0,10.6,0.04,0.142,0.086,0.972,3,15
197143,0.0,10.6,0.22,0.142,0.088,0.972,3,15
197194,0.0,10.6,0.18,0.144,0.090,0.973,3,15
197245,0.0,10.6,0.18,0.144,0.090,0.973,3,15
197294,0.0,10.6,0.18,0.143,0.088,0.971,3,15
197344,0.0,10.6,0.15,0.143,0.086,0.971,3,15
197395,0.0,10.6,0.02,0.144,0.087,0.970,3,15
197444,0.0,10.6,0.08,0.142,0.090,0.970,3,15
197494,0.0,10.6,0.17,0.141,0.089,0.972,3,15
197545,0.0,10.6,0.17,0.141,0.089,0.972,3,15
197594,0.0,0.0,0.20,0.143,0.086,0.972,3,15
197644,0.0,0.0,0.11,0.143,0.085,0.971,3,15
197695,0.0,0.0,0.09,0.143,0.085,0.971,3,15
197745,0.0,0.0,0.14,0.143,0.089,0.970,3,15
197795,0.0,0.0,0.03,0.143,0.091,0.971,3,15
197845,0.0,0.0,0.03,0.143,0.091,0.971,3,15
197895,0.0,0.0,0.17,0.144,0.089,0.971,3,15
197945,0.0,0.0,0.04,0.144,0.087,0.972,3,15
197995,0.0,0.0,0.08,0.144,0.086,0.972,3,15
198045,0.0,0.0,0.05,0.143,0.086,0.971,3,15
198095,0.0,0.0,0.20,0.142,0.088,0.971,3,15
198145,0.0,0.0,0.20,0.142,0.088,0.971,3,15
198196,0.0,0.0,0.13,0.142,0.090,0.971,3,15
198246,0.0,0.0,0.10,0.142,0.089,0.971,3,15
198296,0.0,0.0,0.08,0.142,0.088,0.972,3,15
198346,0.0,0.0,0.07,0.143,0.084,0.973,3,15
198396,0.0,0.0,0.07,0.142,0.085,0.969,3,15
198446,0.0,0.0,0.07,0.142,0.085,0.969,3,15
198496,0.0,0.0,0.04,0.143,0.089,0.971,3,15
198546,0.0,0.0,0.04,0.143,0.089,0.971,3,15
198596,0.0,0.0,0.02,0.143,0.089,0.970,3,15
198646,0.0,0.0,0.04,0.144,0.087,0.971,3,14
198697,0.0,10.6,0.03,0.144,0.087,0.972,3,14
198747,0.0,10.6,0.03,0.144,0.087,0.972,3,14
198797,0.0,10.6,0.13,0.143,0.087,0.971,3,14
198847,0.0,10.6,0.05,0.143,0.088,0.971,3,14
198897,0.0,10.6,0.15,0.142,0.087,0.970,3,15
198947,0.0,10.6,0.05,0.141,0.087,0.971,3,15
198997,0.0,10.6,0.07,0.141,0.087,0.971,3,15
199047,0.0,10.6,0.07,0.141,0.087,0.971,3,15
199097,0.0,10.6,0.07,0.141,0.086,0.971,3,15
199147,0.0,10.6,0.04,0.141,0.086,0.971,3,15
199198,0.0,10.6,0.16,0.142,0.087,0.971,3,15
199248,0.0,10.6,0.06,0.143,0.088,0.970,3,15
199298,0.0,10.6,0.07,0.144,0.088,0.972,3,15
199348,0.0,10.6,0.07,0.144,0.088,0.972,3,15
199398,0.0,10.6,0.03,0.146,0.088,0.971,3,15
199448,0.0,10.6,0.03,0.146,0.088,0.971,3,15
199498,0.0,10.6,0.03,0.146,0.088,0.971,3,15
199548,0.0,10.6,0.43,0.146,0.085,0.970,3,15
199598,0.0,10.6,0.26,0.143,0.088,0.970,3,15
199648,0.0,10.6,0.26,0.143,0.088,0.970,3,15
199709,0.0,0.0,0.09,0.144,0.089,0.972,3,15
199759,0.0,0.0,0.06,0.144,0.085,0.970,3,15
199809,0.0,0.0,0.06,0.144,0.085,0.970,3,15
199859,0.0,0.0,0.32,0.143,0.084,0.970,3,15
199909,0.0,0.0,0.11,0.144,0.089,0.971,3,15
199959,0.0,0.0,0.11,0.144,0.089,0.971,3,15
200009,0.0,0.0,0.20,0.145,0.089,0.971,3,15
200059,0.0,0.0,0.14,0.144,0.084,0.971,3,15
200109,0.0,0.0,0.14,0.144,0.084,0.971,3,15
200159,0.0,0.0,0.20,0.144,0.085,0.970,3,15
200210,0.0,0.0,0.37,0.144,0.088,0.969,3,15
200261,0.0,0.0,0.37,0.144,0.088,0.969,3,15
200310,0.0,0.0,0.07,0.146,0.090,0.971,3,15
200360,0.0,0.0,0.20,0.146,0.086,0.973,3,15
200411,0.0,0.0,0.20,0.146,0.086,0.973,3,15
200460,0.0,0.0,0.21,0.143,0.084,0.971,3,15
200510,0.0,0.0,0.04,0.143,0.089,0.972,3,15
200561,0.0,0.0,0.04,0.143,0.089,0.972,3,15
200610,0.0,0.0,0.14,0.143,0.089,0.970,3,15
200660,0.0,0.0,0.11,0.143,0.086,0.970,3,15
200712,0.0,0.0,0.11,0.143,0.086,0.970,3,15
200761,0.0,0.0,0.07,0.145,0.085,0.971,3,15
200811,0.0,0.0,0.22,0.145,0.086,0.970,3,15
200861,0.0,0.0,0.15,0.146,0.085,0.970,3,15
200911,0.0,0.0,0.09,0.145,0.086,0.971,3,15
200961,0.0,0.0,0.06,0.145,0.088,0.972,3,15
201011,0.0,0.0,0.06,0.145,0.088,0.972,3,15
201061,0.0,0.0,0.06,0.144,0.086,0.971,3,15
201111,0.0,0.0,0.11,0.144,0.086,0.971,3,15
201161,0.0,0.0,0.03,0.144,0.086,0.971,3,15
201218,0.0,0.0,0.07,0.144,0.087,0.971,3,15
201268,0.0,0.0,0.03,0.146,0.087,0.971,3,15
201318,0.0,0.0,0.03,0.146,0.087,0.971,3,15
201368,0.0,0.0,0.07,0.145,0.086,0.971,3,15
201418,0.0,0.0,0.04,0.145,0.085,0.971,3,15
201468,0.0,0.0,0.08,0.145,0.086,0.971,3,15
201518,0.0,0.0,0.10,0.145,0.086,0.971,3,15
201568,0.0,0.0,0.05,0.146,0.087,0.971,3,15
201618,0.0,0.0,0.05,0.146,0.087,0.971,3,15
201668,0.0,0.0,0.03,0.145,0.087,0.971,3,15
201719,0.0,0.0,0.11,0.145,0.086,0.971,3,15
201769,0.0,0.0,0.06,0.145,0.087,0.971,3,15
201819,0.0,0.0,0.12,0.145,0.087,0.971,3,15
201869,0.0,0.0,0.12,0.144,0.086,0.971,3,15
201919,0.0,0.0,0.12,0.144,0.086,0.971,3,15
201969,0.0,0.0,0.07,0.143,0.084,0.972,3,15
202019,0.0,0.0,0.06,0.144,0.086,0.972,3,15
202069,0.0,0.0,0.17,0.145,0.088,0.970,3,15
202119,0.0,0.0,0.21,0.146,0.090,0.971,3,15
202169,0.0,0.0,0.14,0.146,0.086,0.971,3,15
202220,0.0,0.0,0.18,0.144,0.084,0.972,3,15
202270,0.0,0.0,0.18,0.144,0.084,0.972,3,15
202320,0.0,0.0,0.12,0.143,0.086,0.971,3,15
202370,0.0,0.0,0.08,0.146,0.087,0.971,3,15
202420,0.0,0.0,0.14,0.148,0.089,0.970,3,15
202470,0.0,0.0,0.09,0.149,0.086,0.971,3,15
202520,0.0,0.0,0.17,0.147,0.083,0.972,3,15
202570,0.0,0.0,0.17,0.147,0.083,0.972,3,15
202620,0.0,0.0,0.14,0.144,0.085,0.971,3,15
202670,0.0,0.0,0.11,0.143,0.088,0.971,3,15
202721,0.0,0.0,0.08,0.143,0.089,0.971,3,15
202771,0.0,0.0,0.31,0.144,0.085,0.972,3,15
202821,0.0,0.0,0.14,0.146,0.085,0.971,3,15
202871,0.0,0.0,0.14,0.146,0.085,0.971,3,15
202921,0.0,0.0,0.10,0.147,0.087,0.971,3,15
202971,0.0,0.0,0.25,0.147,0.086,0.971,3,15
203021,0.0,0.0,0.14,0.146,0.085,0.972,3,15
203071,0.0,0.0,0.05,0.144,0.086,0.970,3,15
203121,0.0,0.0,0.01,0.145,0.089,0.970,3,15
203171,0.0,0.0,0.01,0.145,0.089,0.970,3,15
203222,0.0,0.0,0.09,0.146,0.087,0.971,3,15
203272,0.0,0.0,0.16,0.147,0.085,0.970,3,15
203322,0.0,0.0,0.12,0.148,0.085,0.971,3,15
203372,0.0,0.0,0.10,0.146,0.086,0.971,3,15
203422,0.0,0.0,0.14,0.145,0.086,0.971,3,15
203472,0.0,0.0,0.14,0.145,0.086,0.971,3,15
203522,0.0,0.0,0.06,0.144,0.085,0.971,3,15
203572,0.0,0.0,0.07,0.144,0.086,0.971,3,15
203622,0.0,0.0,0.09,0.144,0.086,0.970,3,15
203672,0.0,0.0,0.09,0.145,0.086,0.971,3,15
203723,0.0,0.0,0.17,0.146,0.085,0.971,3,15
203773,0.0,0.0,0.17,0.146,0.085,0.971,3,15
203823,0.0,0.0,0.14,0.147,0.085,0.970,3,15
203873,0.0,0.0,0.17,0.148,0.085,0.970,3,15
203923,0.0,0.0,0.09,0.148,0.085,0.970,3,15
203973,0.0,0.0,0.04,0.146,0.086,0.971,3,15
204023,0.0,0.0,0.00,0.145,0.087,0.971,3,15
204073,0.0,0.0,0.00,0.145,0.087,0.971,3,15
204123,0.0,0.0,0.02,0.145,0.085,0.971,3,15
204173,0.0,0.0,0.03,0.145,0.085,0.971,3,15
204224,0.0,0.0,0.08,0.144,0.085,0.970,3,15
204274,0.0,0.0,0.23,0.145,0.087,0.970,3,15
204324,0.0,0.0,0.27,0.148,0.085,0.971,3,15
204374,0.0,0.0,0.27,0.148,0.085,0.971,3,15
204424,0.0,0.0,0.15,0.148,0.085,0.971,3,15
204474,0.0,0.0,0.03,0.147,0.086,0.970,3,15
204524,0.0,0.0,0.07,0.146,0.087,0.971,3,15
204574,0.0,0.0,0.15,0.146,0.085,0.971,3,15
204624,0.0,0.0,0.13,0.145,0.085,0.971,3,15
204674,0.0,0.0,0.13,0.145,0.085,0.971,3,15
204735,0.0,0.0,0.13,0.146,0.087,0.971,3,15
204785,0.0,0.0,0.12,0.147,0.085,0.971,3,15
204836,0.0,0.0,0.12,0.147,0.085,0.971,3,15
204886,0.0,0.0,0.12,0.146,0.084,0.971,3,15
204936,0.0,0.0,0.01,0.146,0.087,0.970,3,15
204986,0.0,0.0,0.01,0.146,0.087,0.970,3,15
205036,0.0,0.0,0.01,0.146,0.087,0.970,3,15
205086,0.0,0.0,0.10,0.147,0.085,0.971,3,15
205136,0.0,0.0,0.10,0.147,0.085,0.971,3,15
205186,0.0,0.0,0.07,0.145,0.084,0.971,3,15
205237,0.0,0.0,0.07,0.145,0.085,0.971,3,15
205290,0.0,0.0,0.07,0.145,0.085,0.971,3,15
205339,0.0,0.0,0.12,0.145,0.087,0.971,3,15
205389,0.0,0.0,0.12,0.147,0.087,0.971,3,15
205440,0.0,0.0,0.12,0.147,0.087,0.971,3,15
205489,0.0,0.0,0.06,0.146,0.083,0.972,3,15
205539,0.0,0.0,0.09,0.145,0.084,0.969,3,15
205589,0.0,0.0,0.09,0.145,0.084,0.969,3,15
205639,0.0,0.0,0.04,0.146,0.087,0.970,3,15
205689,0.0,0.0,0.06,0.146,0.086,0.973,3,15
205742,0.0,0.0,0.06,0.146,0.086,0.973,3,15
205792,0.0,0.0,0.06,0.146,0.083,0.971,3,15
205842,0.0,0.0,0.04,0.146,0.086,0.970,3,15
205894,0.0,0.0,0.07,0.147,0.087,0.971,3,15
205943,0.0,0.0,0.13,0.147,0.086,0.971,3,15
205993,0.0,0.0,0.05,0.147,0.085,0.971,3,15
206043,0.0,0.0,0.13,0.146,0.082,0.972,3,15
206093,0.0,0.0,0.13,0.146,0.082,0.972,3,15
206143,0.0,0.0,0.02,0.144,0.086,0.972,3,15
206193,0.0,0.0,0.02,0.144,0.086,0.972,3,15
206244,0.0,0.0,0.14,0.144,0.088,0.970,3,15
206294,0.0,0.0,0.08,0.145,0.087,0.971,3,15
206344,0.0,0.0,0.12,0.146,0.084,0.971,3,15
206394,0.0,0.0,0.12,0.146,0.084,0.971,3,15
206444,0.0,0.0,0.05,0.147,0.085,0.971,3,15
206494,0.0,0.0,0.06,0.148,0.086,0.970,3,15
206544,0.0,0.0,0.06,0.148,0.087,0.970,3,15
206594,0.0,0.0,0.02,0.147,0.087,0.971,3,15
206644,0.0,0.0,0.06,0.147,0.084,0.970,3,15
206694,0.0,0.0,0.06,0.147,0.084,0.970,3,15
206745,0.0,0.0,0.04,0.146,0.085,0.971,3,15
206795,0.0,0.0,0.04,0.146,0.085,0.971,3,15
206845,0.0,0.0,0.05,0.146,0.086,0.971,3,15
206895,0.0,0.0,0.07,0.145,0.085,0.970,3,15
206945,0.0,0.0,0.09,0.146,0.086,0.971,3,15
206995,0.0,0.0,0.09,0.146,0.086,0.971,3,15
207045,0.0,0.0,0.21,0.146,0.088,0.970,3,15
207095,0.0,0.0,0.23,0.146,0.087,0.971,3,15
207145,0.0,0.0,0.04,0.145,0.082,0.969,3,15
207195,0.0,0.0,0.21,0.146,0.080,0.972,3,15
207246,0.0,0.0,0.22,0.148,0.087,0.971,3,15
207296,0.0,0.0,0.22,0.148,0.087,0.971,3,15
207346,0.0,0.0,0.12,0.147,0.087,0.970,3,15
207396,0.0,0.0,0.12,0.147,0.087,0.970,3,15
207446,0.0,0.0,0.19,0.148,0.087,0.970,3,15
207496,0.0,0.0,0.08,0.149,0.084,0.970,3,15
207546,0.0,0.0,0.03,0.147,0.082,0.970,3,15
207596,0.0,0.0,0.03,0.147,0.082,0.970,3,15
207646,0.0,0.0,0.02,0.144,0.089,0.972,3,15
207696,0.0,0.0,0.07,0.145,0.087,0.969,3,15
207747,0.0,0.0,0.07,0.145,0.084,0.970,3,15
207797,0.0,0.0,0.07,0.145,0.084,0.970,3,15
207847,0.0,0.0,0.07,0.146,0.080,0.973,3,15
207897,0.0,0.0,0.07,0.146,0.080,0.973,3,15
207947,0.0,0.0,0.19,0.150,0.087,0.970,3,15
207997,0.0,0.0,0.15,0.149,0.084,0.970,3,15
208047,0.0,0.0,0.04,0.148,0.083,0.969,3,15
208097,0.0,0.0,0.04,0.145,0.085,0.972,3,15
208147,0.0,0.0,0.07,0.147,0.084,0.971,3,15
208197,0.0,0.0,0.07,0.147,0.084,0.971,3,15
208248,0.0,0.0,0.04,0.149,0.083,0.970,3,15
208298,0.0,0.0,0.07,0.148,0.084,0.970,3,15
208348,0.0,0.0,0.08,0.148,0.085,0.972,3,15
208398,0.0,0.0,0.02,0.146,0.085,0.972,3,15
208448,0.0,0.0,0.09,0.145,0.087,0.971,3,15
208498,0.0,0.0,0.09,0.145,0.087,0.971,3,15
208548,0.0,0.0,0.11,0.146,0.083,0.971,3,15
208598,0.0,0.0,0.11,0.146,0.083,0.971,3,15
208648,0.0,0.0,0.09,0.146,0.082,0.971,3,15
208698,0.0,0.0,0.07,0.143,0.084,0.973,3,15
208749,0.0,0.0,0.03,0.144,0.089,0.972,3,15
208799,0.0,0.0,0.03,0.144,0.089,0.972,3,15
208849,0.0,0.0,0.14,0.153,0.088,0.969,3,15
208899,0.0,0.0,0.03,0.153,0.083,0.970,3,15
208949,0.0,0.0,0.04,0.152,0.079,0.971,3,15
208999,0.0,0.0,0.04,0.147,0.085,0.970,3,15
209049,0.0,0.0,0.08,0.146,0.093,0.970,3,15
209099,0.0,0.0,0.08,0.146,0.093,0.970,3,15
209149,0.0,0.0,0.06,0.149,0.084,0.969,3,15
209199,0.0,0.0,0.06,0.149,0.084,0.969,3,15
209258,0.0,0.0,0.09,0.152,0.080,0.970,3,15
209308,0.0,0.0,0.10,0.150,0.085,0.970,3,15
209358,0.0,0.0,0.06,0.144,0.090,0.971,3,15
209408,0.0,0.0,0.06,0.144,0.090,0.971,3,15
209458,0.0,0.0,0.09,0.146,0.084,0.971,3,15
209508,0.0,0.0,0.01,0.150,0.083,0.970,3,15
209558,0.0,0.0,0.01,0.150,0.083,0.970,3,15
209608,0.0,0.0,0.08,0.149,0.086,0.970,3,15
209658,0.0,0.0,0.08,0.148,0.087,0.970,3,15
209708,0.0,0.0,0.08,0.148,0.087,0.970,3,15
209760,0.0,0.0,0.10,0.148,0.084,0.971,3,15
209810,0.0,0.0,0.06,0.148,0.084,0.971,3,15
209860,0.0,0.0,0.06,0.148,0.084,0.971,3,15
209910,0.0,0.0,0.09,0.148,0.085,0.971,3,15
209960,0.0,0.0,0.15,0.148,0.086,0.971,3,15
210010,0.0,0.0,0.15,0.148,0.086,0.971,3,15
210060,0.0,0.0,0.02,0.148,0.085,0.970,3,15
210110,0.0,0.0,0.06,0.148,0.085,0.970,3,15
210160,0.0,0.0,0.06,0.148,0.085,0.970,3,15
210210,0.0,0.0,0.12,0.148,0.085,0.970,3,15
210261,0.0,0.0,0.22,0.148,0.084,0.971,3,15
210312,0.0,0.0,0.22,0.148,0.084,0.971,3,15
210361,0.0,0.0,0.20,0.148,0.085,0.971,3,15
210411,0.0,0.0,0.17,0.147,0.086,0.970,3,15
210462,0.0,0.0,0.17,0.147,0.086,0.970,3,15
210511,0.0,0.0,0.08,0.147,0.086,0.971,3,15
210561,0.0,0.0,0.04,0.147,0.085,0.971,3,15
210611,0.0,0.0,0.04,0.147,0.085,0.971,3,15
210661,0.0,0.0,0.21,0.148,0.083,0.970,3,15
210711,0.0,0.0,0.09,0.148,0.086,0.971,3,14
210763,0.0,0.0,0.08,0.148,0.087,0.971,3,14
210812,0.0,0.0,0.17,0.148,0.087,0.971,3,14
210862,0.0,0.0,0.02,0.148,0.086,0.971,3,14
210912,0.0,0.0,0.02,0.148,0.086,0.971,3,14
210962,0.0,0.0,0.03,0.148,0.084,0.971,3,14
211012,0.0,0.0,0.04,0.148,0.084,0.971,3,14
211062,0.0,0.0,0.04,0.148,0.084,0.971,3,14
211112,0.0,0.0,0.04,0.148,0.084,0.971,3,14
211162,0.0,0.0,0.07,0.148,0.085,0.970,3,14
211215,0.0,0.0,0.07,0.148,0.085,0.970,3,14
211269,0.0,0.0,0.05,0.148,0.085,0.970,3,15
211319,0.0,0.0,0.06,0.148,0.084,0.971,3,15
211369,0.0,0.0,0.10,0.148,0.084,0.971,3,15
211419,0.0,0.0,0.10,0.148,0.084,0.971,3,15
211469,0.0,0.0,0.02,0.148,0.087,0.970,3,15
211519,0.0,0.0,0.02,0.148,0.087,0.970,3,15
211569,0.0,0.0,0.11,0.149,0.087,0.970,3,15
211619,0.0,0.0,0.07,0.149,0.085,0.970,3,15
211669,0.0,0.0,0.09,0.149,0.083,0.971,3,15
211719,0.0,0.0,0.09,0.149,0.084,0.971,3,15
211770,0.0,0.0,0.04,0.148,0.086,0.970,3,15
211820,0.0,0.0,0.04,0.148,0.086,0.970,3,15
211870,0.0,0.0,0.15,0.147,0.088,0.970,3,15
211920,0.0,0.0,0.09,0.148,0.086,0.971,3,15
211970,0.0,0.0,0.09,0.149,0.084,0.970,3,15
212020,0.0,0.0,0.08,0.149,0.083,0.971,3,15
212070,0.0,0.0,0.10,0.149,0.085,0.970,3,15
212120,0.0,0.0,0.10,0.149,0.085,0.970,3,15
212170,0.0,0.0,0.07,0.148,0.085,0.970,3,15
212220,0.0,0.0,0.02,0.146,0.085,0.971,3,15
212271,0.0,0.0,0.04,0.146,0.085,0.971,3,15
212321,0.0,0.0,0.01,0.146,0.085,0.971,3,15
212371,0.0,0.0,0.14,0.148,0.085,0.971,3,15
212421,0.0,0.0,0.14,0.148,0.085,0.971,3,15
212471,0.0,0.0,0.12,0.148,0.087,0.971,3,15
212521,0.0,0.0,0.09,0.150,0.086,0.970,3,15
212571,0.0,0.0,0.08,0.150,0.084,0.971,3,15
212621,0.0,0.0,0.08,0.149,0.082,0.972,3,15
212671,0.0,0.0,0.04,0.147,0.085,0.971,3,15
212721,0.0,0.0,0.04,0.147,0.085,0.971,3,15
212772,0.0,0.0,0.07,0.149,0.091,0.969,3,15
212822,0.0,0.0,0.03,0.150,0.089,0.970,3,15
212872,0.0,0.0,0.08,0.151,0.087,0.970,3,15
212922,0.0,0.0,0.13,0.151,0.084,0.969,3,15
212972,0.0,0.0,0.14,0.149,0.082,0.971,3,15
213022,0.0,0.0,0.14,0.149,0.082,0.971,3,15
213072,0.0,0.0,0.24,0.147,0.084,0.971,3,15
213122,0.0,0.0,0.06,0.147,0.087,0.971,3,15
213172,0.0,0.0,0.12,0.148,0.087,0.970,3,15
213222,0.0,0.0,0.14,0.149,0.087,0.970,3,15
213273,0.0,0.0,0.09,0.151,0.083,0.971,3,14
213323,0.0,0.0,0.08,0.147,0.083,0.971,3,15
213373,0.0,0.0,0.08,0.147,0.083,0.971,3,15
213423,0.0,0.0,0.06,0.145,0.085,0.971,3,15
213473,0.0,0.0,0.05,0.145,0.086,0.971,3,15
213523,0.0,0.0,0.11,0.147,0.086,0.971,3,15
213573,0.0,0.0,0.14,0.150,0.085,0.971,3,15
213623,0.0,0.0,0.06,0.150,0.084,0.970,3,15
213673,0.0,0.0,0.06,0.150,0.084,0.970,3,15
213723,0.0,0.0,0.09,0.149,0.084,0.970,3,15
213774,0.0,0.0,0.05,0.148,0.085,0.970,3,15
213824,0.0,0.0,0.07,0.148,0.086,0.970,3,15
213874,0.0,0.0,0.10,0.148,0.085,0.971,3,15
213924,0.0,0.0,0.09,0.148,0.084,0.971,3,15
213974,0.0,0.0,0.09,0.148,0.084,0.971,3,15
214024,0.0,0.0,0.07,0.148,0.084,0.971,3,15
214074,0.0,0.0,0.12,0.148,0.085,0.970,3,15
214124,0.0,0.0,0.14,0.150,0.085,0.969,3,15
214174,0.0,0.0,0.05,0.151,0.085,0.974,3,15
214224,0.0,0.0,0.33,0.143,0.084,0.971,3,15
214275,0.0,0.0,0.33,0.143,0.084,0.971,3,15
214325,0.0,0.0,0.24,0.141,0.083,0.970,3,15
214375,0.0,0.0,0.07,0.145,0.085,0.971,3,15
214425,0.0,0.0,0.15,0.152,0.087,0.975,3,15
214475,0.0,0.0,0.08,0.155,0.087,0.968,3,15
214525,0.0,0.0,0.07,0.149,0.081,0.970,3,15
214575,0.0,0.0,0.07,0.149,0.081,0.970,3,15
214625,0.0,0.0,0.03,0.150,0.082,0.971,3,15
214675,0.0,0.0,0.12,0.149,0.085,0.971,3,15
214725,0.0,0.0,0.16,0.148,0.086,0.971,3,15
214786,0.0,0.0,0.23,0.148,0.085,0.970,3,15
214836,0.0,0.0,0.03,0.150,0.085,0.971,3,15
214888,0.0,0.0,0.10,0.149,0.085,0.971,3,15
214937,0.0,0.0,0.18,0.148,0.084,0.971,3,15
214987,0.0,0.0,0.17,0.147,0.086,0.971,3,15
215037,0.0,0.0,0.17,0.147,0.086,0.971,3,15
215087,0.0,0.0,0.11,0.148,0.085,0.970,3,15
215137,0.0,0.0,0.12,0.149,0.083,0.970,3,15
215187,0.0,0.0,0.12,0.149,0.083,0.970,3,15
215237,0.0,0.0,0.17,0.149,0.083,0.971,3,15
215288,0.0,0.0,0.18,0.149,0.085,0.970,3,15
215341,0.0,0.0,0.18,0.149,0.085,0.970,3,15
215390,0.0,0.0,0.07,0.149,0.086,0.970,3,15
215440,0.0,0.0,0.13,0.148,0.084,0.970,3,15
215491,0.0,0.0,0.07,0.148,0.084,0.971,3,15
215540,0.0,0.0,0.03,0.147,0.084,0.970,3,15
215590,0.0,0.0,0.12,0.148,0.085,0.971,3,15
215641,0.0,0.0,0.12,0.148,0.085,0.971,3,15
215690,0.0,0.0,0.16,0.149,0.085,0.970,3,15
215740,0.0,0.0,0.07,0.150,0.084,0.971,3,15
215791,0.0,0.0,0.07,0.150,0.084,0.971,3,15
215841,0.0,0.0,0.13,0.149,0.085,0.970,3,15
215891,0.0,0.0,0.02,0.146,0.085,0.971,3,15
215942,0.0,0.0,0.02,0.146,0.085,0.971,3,15
215992,0.0,0.0,0.12,0.147,0.085,0.971,3,15
216042,0.0,0.0,0.09,0.150,0.084,0.970,3,15
216092,0.0,0.0,0.13,0.151,0.083,0.970,3,15
216142,0.0,0.0,0.13,0.151,0.083,0.970,3,15
216192,0.0,0.0,0.06,0.151,0.085,0.970,3,15
216243,0.0,0.0,0.06,0.151,0.085,0.970,3,15
216295,0.0,0.0,0.11,0.147,0.085,0.971,3,15
216345,0.0,0.0,0.06,0.148,0.084,0.971,3,15
216395,0.0,0.0,0.06,0.148,0.084,0.971,3,15
216445,0.0,0.0,0.08,0.149,0.084,0.970,3,15
216495,0.0,0.0,0.05,0.149,0.085,0.970,3,15
216545,0.0,0.0,0.04,0.148,0.084,0.971,3,15
216595,0.0,0.0,0.04,0.148,0.084,0.971,3,15
216645,0.0,0.0,0.04,0.148,0.084,0.971,3,15
216695,0.0,0.0,0.04,0.148,0.085,0.971,3,15
216745,0.0,0.0,0.15,0.148,0.085,0.970,3,15
216796,0.0,0.0,0.11,0.149,0.084,0.970,3,15
216846,0.0,0.0,0.12,0.149,0.083,0.970,3,15
216896,0.0,0.0,0.12,0.149,0.083,0.970,3,15
216946,0.0,0.0,0.07,0.149,0.085,0.970,3,15
216996,0.0,0.0,0.08,0.148,0.085,0.970,3,15
217046,0.0,0.0,0.10,0.148,0.086,0.971,3,15
217096,0.0,0.0,0.10,0.149,0.084,0.971,3,15
217146,0.0,0.0,0.05,0.149,0.083,0.971,3,15
217196,0.0,0.0,0.05,0.149,0.083,0.971,3,15
217246,0.0,0.0,0.09,0.147,0.086,0.970,3,15
217297,0.0,0.0,0.03,0.147,0.085,0.971,3,15
217347,0.0,0.0,0.12,0.148,0.084,0.970,3,15
217397,0.0,0.0,0.04,0.149,0.084,0.971,3,15
217447,0.0,0.0,0.08,0.149,0.085,0.970,3,15
217497,0.0,0.0,0.08,0.149,0.085,0.970,3,15
217547,0.0,0.0,0.14,0.149,0.084,0.970,3,15
217597,0.0,0.0,0.07,0.149,0.084,0.971,3,15
217647,0.0,0.0,0.05,0.148,0.084,0.971,3,15
217697,0.0,0.0,0.10,0.148,0.085,0.971,3,15
217747,0.0,0.0,0.10,0.149,0.085,0.971,3,15
217798,0.0,0.0,0.10,0.149,0.085,0.971,3,15
217848,0.0,0.0,0.12,0.149,0.085,0.970,3,15
217898,0.0,0.0,0.15,0.149,0.083,0.971,3,14
217948,0.0,0.0,0.09,0.148,0.083,0.971,3,14
217998,0.0,0.0,0.05,0.148,0.085,0.971,3,14
218048,0.0,0.0,0.10,0.148,0.085,0.970,3,14
218098,0.0,0.0,0.10,0.148,0.085,0.970,3,14
218148,0.0,0.0,0.06,0.149,0.083,0.970,3,14
218198,0.0,0.0,0.06,0.149,0.083,0.970,3,14
218248,0.0,0.0,0.09,0.149,0.084,0.971,3,14
218299,0.0,0.0,0.08,0.148,0.085,0.971,3,14
218349,0.0,0.0,0.07,0.148,0.085,0.971,3,14
218399,0.0,0.0,0.07,0.148,0.085,0.971,3,14
218449,0.0,0.0,0.07,0.148,0.084,0.970,3,14
218499,0.0,0.0,0.13,0.148,0.084,0.970,3,14
218549,0.0,0.0,0.07,0.148,0.085,0.971,3,14
218599,0.0,0.0,0.13,0.148,0.085,0.971,3,14
218649,0.0,0.0,0.05,0.149,0.084,0.970,3,14
218699,0.0,0.0,0.05,0.149,0.084,0.970,3,14
218749,0.0,0.0,0.05,0.148,0.084,0.970,3,14
218800,0.0,0.0,0.05,0.148,0.084,0.970,3,14
218850,0.0,0.0,0.09,0.148,0.084,0.970,3,14
218900,0.0,0.0,0.09,0.148,0.084,0.970,3,14
218950,0.0,0.0,0.02,0.148,0.085,0.970,3,14
219000,0.0,0.0,0.02,0.148,0.085,0.970,3,14
219050,0.0,0.0,0.10,0.148,0.084,0.970,3,14
219100,0.0,0.0,0.04,0.148,0.084,0.971,3,14
219150,0.0,0.0,0.04,0.148,0.084,0.970,3,14
219200,0.0,0.0,0.09,0.148,0.085,0.970,3,14
219250,0.0,0.0,0.02,0.149,0.084,0.971,3,14
219309,0.0,0.0,0.02,0.149,0.084,0.971,3,14
219359,0.0,0.0,0.09,0.149,0.084,0.971,3,14
219409,0.0,0.0,0.12,0.149,0.084,0.971,3,14
219459,0.0,0.0,0.12,0.149,0.084,0.971,3,14
219509,0.0,0.0,0.12,0.149,0.084,0.971,3,14
219559,0.0,0.0,0.06,0.149,0.085,0.970,3,14
219609,0.0,0.0,0.06,0.149,0.085,0.970,3,14
219659,0.0,0.0,0.12,0.148,0.085,0.970,3,14
219709,0.0,0.0,0.06,0.148,0.085,0.971,3,14
219759,0.0,0.0,0.06,0.148,0.085,0.971,3,14
219811,0.0,0.0,0.04,0.148,0.085,0.971,3,14
219861,0.0,0.0,0.04,0.149,0.085,0.971,3,14
219911,0.0,0.0,0.04,0.149,0.085,0.971,3,14
219961,0.0,0.0,0.11,0.149,0.084,0.970,3,14
220011,0.0,0.0,0.03,0.149,0.085,0.970,3,14
220061,0.0,0.0,0.08,0.149,0.085,0.970,3,14
220111,0.0,0.0,0.06,0.149,0.085,0.971,3,14
220161,0.0,0.0,0.09,0.148,0.085,0.970,3,14
220211,0.0,0.0,0.09,0.148,0.085,0.970,3,14
220261,0.0,0.0,0.17,0.148,0.085,0.970,3,14
220312,0.0,0.0,0.08,0.149,0.084,0.970,3,14
220363,0.0,0.0,0.04,0.150,0.085,0.971,3,14
220412,0.0,0.0,0.03,0.150,0.084,0.971,3,14
220462,0.0,0.0,0.04,0.146,0.084,0.971,3,14
220513,0.0,0.0,0.04,0.146,0.084,0.971,3,14
220562,0.0,0.0,0.11,0.144,0.084,0.973,3,14
220612,0.0,0.0,0.11,0.144,0.084,0.971,3,14
220663,0.0,0.0,0.14,0.146,0.085,0.971,3,14
220712,0.0,0.0,0.08,0.148,0.085,0.969,3,14
220762,0.0,0.0,0.05,0.153,0.085,0.970,3,14
220814,0.0,0.0,0.05,0.153,0.085,0.970,3,14
220863,0.0,0.0,0.10,0.153,0.084,0.970,3,14
220913,0.0,0.0,0.10,0.149,0.084,0.971,3,15
220963,0.0,0.0,0.06,0.147,0.085,0.971,3,15
221013,0.0,0.0,0.14,0.146,0.085,0.971,3,15
221063,0.0,0.0,0.09,0.146,0.085,0.971,3,15
221113,0.0,0.0,0.09,0.146,0.085,0.971,3,15
221163,0.0,0.0,0.11,0.149,0.084,0.970,3,15
221213,0.0,0.0,0.07,0.150,0.084,0.970,3,15
221263,0.0,0.0,0.09,0.149,0.084,0.970,3,15
221320,0.0,0.0,0.13,0.149,0.084,0.970,3,15
221370,0.0,0.0,0.08,0.149,0.085,0.970,3,15
221420,0.0,0.0,0.08,0.149,0.085,0.970,3,15
221470,0.0,0.0,0.03,0.149,0.084,0.970,3,15
221520,0.0,0.0,0.11,0.148,0.085,0.971,3,15
221570,0.0,0.0,0.05,0.148,0.085,0.970,3,15
221620,0.0,0.0,0.10,0.147,0.085,0.971,3,15
221670,0.0,0.0,0.10,0.147,0.085,0.971,3,15
221720,0.0,0.0,0.10,0.147,0.085,0.971,3,15
221770,0.0,0.0,0.09,0.149,0.084,0.971,3,16
221821,0.0,0.0,0.03,0.149,0.085,0.970,3,16
221871,0.0,0.0,0.04,0.149,0.084,0.971,3,16
221921,0.0,0.0,0.06,0.148,0.084,0.971,3,16
221971,0.0,0.0,0.07,0.148,0.085,0.971,3,16
222021,0.0,0.0,0.07,0.148,0.085,0.971,3,16
222071,0.0,0.0,0.09,0.150,0.085,0.970,3,16
222121,0.0,0.0,0.07,0.149,0.084,0.970,3,16
222171,0.0,0.0,0.09,0.148,0.085,0.971,3,16
222221,0.0,0.0,0.15,0.148,0.084,0.971,3,16
222271,0.0,0.0,0.10,0.147,0.084,0.971,3,16
222322,0.0,0.0,0.10,0.147,0.084,0.971,3,16
222372,0.0,0.0,0.04,0.148,0.085,0.970,3,16
222422,0.0,0.0,0.02,0.149,0.086,0.970,3,16
222472,0.0,0.0,0.04,0.149,0.085,0.971,3,16
222522,0.0,0.0,0.02,0.148,0.084,0.971,3,16
222572,0.0,0.0,0.13,0.148,0.083,0.970,3,16
222622,0.0,0.0,0.13,0.148,0.083,0.970,3,16
222672,0.0,0.0,0.08,0.150,0.085,0.971,3,16
222722,0.0,0.0,0.03,0.149,0.085,0.970,3,16
222772,0.0,0.0,0.12,0.148,0.085,0.970,3,16
222823,0.0,0.0,0.02,0.148,0.085,0.970,3,16
222873,0.0,0.0,0.09,0.148,0.084,0.970,3,16
222923,0.0,0.0,0.09,0.148,0.084,0.970,3,16
222973,0.0,0.0,0.10,0.149,0.084,0.970,3,16
223023,0.0,0.0,0.13,0.149,0.084,0.970,3,16
223073,0.0,0.0,0.12,0.150,0.084,0.970,3,16
223123,0.0,0.0,0.04,0.149,0.085,0.971,3,16
223173,0.0,0.0,0.01,0.148,0.085,0.971,3,16
223223,0.0,0.0,0.01,0.148,0.085,0.971,3,16
223273,0.0,0.0,0.06,0.148,0.084,0.970,3,16
223324,0.0,0.0,0.11,0.149,0.084,0.970,3,16
223374,0.0,0.0,0.07,0.149,0.085,0.970,3,16
223424,0.0,0.0,0.02,0.149,0.085,0.970,3,16
223474,0.0,0.0,0.04,0.148,0.085,0.971,3,16
223524,0.0,0.0,0.07,0.148,0.084,0.971,3,16
223574,0.0,0.0,0.07,0.148,0.084,0.971,3,16
223624,0.0,0.0,0.02,0.149,0.083,0.970,3,16
223674,0.0,0.0,0.06,0.149,0.084,0.970,3,16
223724,0.0,0.0,0.19,0.149,0.084,0.970,3,16
223774,0.0,0.0,0.08,0.148,0.085,0.971,3,16
223825,0.0,0.0,0.01,0.148,0.085,0.970,3,16
223875,0.0,0.0,0.01,0.148,0.085,0.970,3,16
223925,0.0,0.0,0.08,0.149,0.084,0.970,3,16
223975,0.0,0.0,0.17,0.149,0.084,0.970,3,16
224025,0.0,0.0,0.05,0.149,0.085,0.970,3,16
224075,0.0,0.0,0.07,0.148,0.085,0.970,3,16
224125,0.0,0.0,0.10,0.149,0.084,0.971,3,16
224175,0.0,0.0,0.10,0.149,0.084,0.971,3,16
224225,0.0,0.0,0.06,0.149,0.084,0.971,3,16
224275,0.0,0.0,0.04,0.149,0.084,0.971,3,16
224326,0.0,0.0,0.07,0.148,0.084,0.971,3,16
224376,0.0,0.0,0.13,0.149,0.084,0.971,3,16
224426,0.0,0.0,0.06,0.149,0.084,0.970,3,16
224476,0.0,0.0,0.06,0.149,0.084,0.970,3,16
224526,0.0,0.0,0.03,0.148,0.085,0.970,3,16
224576,0.0,0.0,0.11,0.148,0.084,0.970,3,16
224626,0.0,0.0,0.02,0.148,0.084,0.970,3,16
224676,0.0,0.0,0.12,0.149,0.084,0.970,3,16
224726,0.0,0.0,0.01,0.149,0.084,0.970,3,16
224776,0.0,0.0,0.01,0.149,0.084,0.970,3,16
224829,0.0,0.0,0.09,0.149,0.085,0.970,3,16
224879,0.0,0.0,0.19,0.148,0.085,0.971,3,16
224933,0.0,0.0,0.01,0.148,0.085,0.971,3,16
224982,0.0,0.0,0.08,0.149,0.084,0.971,3,16
225032,0.0,0.0,0.08,0.149,0.084,0.971,3,16
225085,0.0,0.0,0.10,0.149,0.084,0.970,3,16
225135,0.0,0.0,0.11,0.149,0.085,0.970,3,16
225185,0.0,0.0,0.11,0.149,0.085,0.970,3,16
225235,0.0,0.0,0.07,0.149,0.085,0.970,3,16
225285,0.0,0.0,0.09,0.148,0.085,0.970,3,16
225336,0.0,0.0,0.12,0.148,0.085,0.970,3,16
225387,0.0,0.0,0.13,0.149,0.085,0.970,3,16
225436,0.0,0.0,0.09,0.149,0.085,0.970,3,16
225486,0.0,0.0,0.09,0.149,0.084,0.971,3,16
225536,0.0,0.0,0.09,0.149,0.084,0.971,3,16
225586,0.0,0.0,0.20,0.148,0.085,0.970,3,16
225636,0.0,0.0,0.11,0.148,0.085,0.970,3,16
225686,0.0,0.0,0.09,0.149,0.084,0.970,3,16
225736,0.0,0.0,0.11,0.149,0.084,0.970,3,16
225786,0.0,0.0,0.31,0.149,0.085,0.971,3,16
225837,0.0,0.0,0.31,0.149,0.085,0.971,3,16
225887,0.0,0.0,0.06,0.149,0.085,0.971,3,16
225937,0.0,0.0,0.11,0.149,0.084,0.971,3,16
225987,0.0,0.0,0.17,0.148,0.084,0.971,3,16
226037,0.0,0.0,0.17,0.148,0.084,0.971,3,16
226087,0.0,0.0,0.11,0.149,0.085,0.970,3,16
226137,0.0,0.0,0.11,0.149,0.085,0.970,3,16
226187,0.0,0.0,0.07,0.148,0.086,0.971,3,16
226237,0.0,0.0,0.09,0.149,0.084,0.970,3,16
226287,0.0,0.0,0.04,0.150,0.083,0.970,3,16
226344,0.0,0.0,0.05,0.150,0.082,0.971,3,16
226394,0.0,0.0,0.11,0.148,0.085,0.971,3,16
226445,0.0,0.0,0.11,0.148,0.085,0.971,3,16
226495,0.0,0.0,0.08,0.147,0.088,0.971,3,16
226545,0.0,0.0,0.02,0.148,0.084,0.971,3,16
226595,0.0,0.0,0.04,0.148,0.082,0.970,3,16
226645,0.0,0.0,0.04,0.148,0.082,0.970,3,16
226695,0.0,0.0,0.18,0.148,0.083,0.971,3,16
226745,0.0,0.0,0.18,0.148,0.083,0.971,3,16
226795,0.0,0.0,0.11,0.151,0.086,0.971,3,16
226846,0.0,0.0,0.09,0.150,0.085,0.970,3,16
226896,0.0,0.0,0.06,0.148,0.084,0.971,3,16
226946,0.0,0.0,0.03,0.147,0.084,0.971,3,16
226996,0.0,0.0,0.09,0.149,0.084,0.970,3,16
227046,0.0,0.0,0.09,0.149,0.084,0.970,3,16
227096,0.0,0.0,0.12,0.151,0.085,0.971,3,16
227146,0.0,0.0,0.07,0.148,0.085,0.970,3,16
227196,0.0,0.0,0.07,0.148,0.085,0.970,3,16
227246,0.0,0.0,0.07,0.148,0.085,0.970,3,16
227296,0.0,0.0,0.05,0.147,0.085,0.971,3,16
227347,0.0,0.0,0.04,0.150,0.085,0.970,3,16
227397,0.0,0.0,0.04,0.150,0.085,0.970,3,16
227447,0.0,0.0,0.09,0.148,0.082,0.971,3,16
227497,0.0,0.0,0.12,0.146,0.083,0.971,3,16
227547,0.0,0.0,0.10,0.145,0.085,0.971,3,16
227597,0.0,0.0,0.19,0.148,0.086,0.970,3,16
227647,0.0,0.0,0.11,0.151,0.085,0.970,3,16
227697,0.0,0.0,0.11,0.151,0.085,0.970,3,16
227747,0.0,0.0,0.07,0.151,0.083,0.970,3,16
227797,0.0,0.0,0.10,0.150,0.084,0.970,3,16
227848,0.0,0.0,0.10,0.150,0.084,0.970,3,16
227898,0.0,0.0,0.11,0.148,0.085,0.971,3,16
227948,0.0,0.0,0.12,0.147,0.086,0.973,3,16
227998,0.0,0.0,0.12,0.147,0.086,0.973,3,16
228048,0.0,0.0,0.06,0.150,0.085,0.970,3,16
228098,0.0,0.0,0.05,0.153,0.081,0.969,3,16
228148,0.0,0.0,0.19,0.152,0.076,0.969,3,16
228198,0.0,0.0,0.09,0.148,0.081,0.972,3,16
228248,0.0,0.0,0.03,0.146,0.096,0.971,3,16
228298,0.0,0.0,0.03,0.146,0.096,0.971,3,16
228349,0.0,0.0,0.04,0.147,0.087,0.971,3,16
228399,0.0,0.0,0.04,0.149,0.079,0.970,3,16
228449,0.0,0.0,0.04,0.149,0.079,0.970,3,16
228499,0.0,0.0,0.17,0.152,0.076,0.970,3,16
228549,0.0,0.0,0.19,0.149,0.089,0.970,3,16
228599,0.0,0.0,0.19,0.149,0.089,0.970,3,16
228649,0.0,0.0,0.06,0.148,0.089,0.970,3,15
228699,0.0,0.0,0.03,0.148,0.084,0.971,3,15
228749,0.0,0.0,0.08,0.149,0.078,0.971,3,16
228799,0.0,0.0,0.12,0.151,0.081,0.970,3,16
228850,0.0,0.0,0.09,0.148,0.090,0.971,3,16
228900,0.0,0.0,0.09,0.148,0.090,0.971,3,16
228950,0.0,0.0,0.23,0.147,0.086,0.971,3,16
229000,0.0,0.0,0.17,0.148,0.082,0.970,3,16
229050,0.0,0.0,0.17,0.148,0.082,0.970,3,16
229100,0.0,0.0,0.12,0.150,0.081,0.970,3,15
229150,0.0,0.0,0.25,0.146,0.086,0.967,3,15
229200,0.0,0.0,0.25,0.146,0.086,0.967,3,15
229250,0.0,0.0,0.10,0.144,0.088,0.971,3,15
229300,0.0,0.0,0.15,0.145,0.085,0.971,3,15
229351,0.0,10.6,0.18,0.148,0.079,0.973,3,15
229401,0.0,10.6,0.13,0.152,0.080,0.972,3,15
229451,0.0,10.6,0.08,0.152,0.086,0.969,3,15
229501,0.0,10.6,0.08,0.152,0.086,0.969,3,15
229551,0.0,10.6,0.12,0.151,0.086,0.971,3,15
229601,0.0,10.6,0.12,0.150,0.085,0.971,3,15
229651,0.0,10.6,0.12,0.150,0.085,0.971,3,15
229701,0.0,10.6,0.05,0.147,0.083,0.971,3,15
229751,0.0,10.6,0.06,0.147,0.084,0.971,3,15
229801,0.0,10.6,0.06,0.147,0.084,0.971,3,15
229862,0.0,10.6,0.17,0.143,0.088,0.964,3,15
229912,0.0,10.6,0.15,0.143,0.094,0.973,3,15
229962,0.0,10.6,0.15,0.143,0.094,0.973,3,15
230012,0.0,10.6,0.15,0.143,0.094,0.973,3,15
230062,0.0,10.6,0.10,0.148,0.075,0.979,3,15
230114,0.0,10.6,0.10,0.148,0.075,0.979,3,15
230163,0.0,10.6,0.17,0.153,0.084,0.967,3,15
230213,0.0,10.6,0.03,0.154,0.090,0.970,3,15
230264,0.0,10.6,0.03,0.154,0.090,0.970,3,15
230314,0.0,10.6,0.11,0.152,0.086,0.971,3,15
230365,0.0,0.0,0.06,0.148,0.092,0.970,3,15
230418,0.0,0.0,0.06,0.148,0.092,0.970,3,15
230467,0.0,0.0,0.08,0.145,0.089,0.970,3,15
230517,0.0,0.0,0.03,0.147,0.074,0.973,3,15
230568,0.0,0.0,0.03,0.148,0.073,0.974,3,15
230617,0.0,0.0,0.08,0.150,0.080,0.973,3,15
230667,0.0,0.0,0.29,0.151,0.085,0.970,3,15
230719,0.0,0.0,0.29,0.151,0.085,0.970,3,15
230768,0.0,0.0,0.10,0.151,0.085,0.971,3,15
230818,0.0,0.0,0.16,0.151,0.086,0.972,3,15
230870,0.0,0.0,0.09,0.150,0.087,0.970,3,15
230919,0.0,0.0,0.12,0.149,0.084,0.970,3,15
230969,0.0,0.0,0.32,0.148,0.082,0.970,3,15
231019,0.0,0.0,0.32,0.148,0.082,0.970,3,15
231069,0.0,0.0,0.33,0.148,0.086,0.971,3,15
231119,0.0,0.0,0.21,0.150,0.086,0.970,3,15
231169,0.0,0.0,0.08,0.150,0.085,0.970,3,15
231219,0.0,0.0,0.02,0.150,0.083,0.970,3,15
231269,0.0,0.0,0.10,0.149,0.083,0.971,3,15
231319,0.0,0.0,0.10,0.149,0.083,0.971,3,15
231371,0.0,0.0,0.06,0.149,0.086,0.971,3,15
231421,0.0,0.0,0.11,0.149,0.085,0.970,3,15
231471,0.0,0.0,0.06,0.149,0.085,0.970,3,15
231521,0.0,0.0,0.08,0.149,0.084,0.970,3,15
231571,0.0,0.0,0.00,0.150,0.084,0.970,3,15
231621,0.0,0.0,0.00,0.150,0.084,0.970,3,15
231671,0.0,0.0,0.13,0.150,0.084,0.970,3,15
231721,0.0,0.0,0.09,0.149,0.085,0.971,3,15
231771,0.0,0.0,0.06,0.149,0.084,0.971,3,15
231821,0.0,0.0,0.10,0.149,0.084,0.971,3,15
231872,0.0,0.0,0.08,0.149,0.084,0.971,3,15
231922,0.0,0.0,0.08,0.149,0.084,0.971,3,15
231972,0.0,0.0,0.02,0.150,0.085,0.971,3,15
232022,0.0,0.0,0.07,0.149,0.085,0.971,3,15
232072,0.0,0.0,0.04,0.149,0.084,0.971,3,15
232122,0.0,0.0,0.08,0.149,0.084,0.971,3,15
232172,0.0,0.0,0.10,0.149,0.084,0.971,3,15
232222,0.0,0.0,0.10,0.149,0.084,0.971,3,15
232272,0.0,0.0,0.09,0.149,0.085,0.971,3,15
232322,0.0,0.0,0.12,0.149,0.085,0.970,3,15
232373,0.0,0.0,0.11,0.149,0.084,0.970,3,15
232423,0.0,0.0,0.15,0.149,0.084,0.971,3,15
232473,0.0,0.0,0.04,0.150,0.082,0.971,3,15
232523,0.0,0.0,0.04,0.150,0.082,0.971,3,15
232573,0.0,0.0,0.09,0.150,0.085,0.970,3,15
232623,0.0,0.0,0.09,0.150,0.086,0.970,3,15
232673,0.0,0.0,0.06,0.148,0.086,0.971,3,15
232723,0.0,0.0,0.11,0.148,0.085,0.971,3,15
232773,0.0,0.0,0.11,0.148,0.085,0.971,3,15
232823,0.0,0.0,0.11,0.148,0.085,0.971,3,15
232874,0.0,0.0,0.15,0.149,0.082,0.970,3,15
232924,0.0,0.0,0.06,0.149,0.086,0.971,3,15
232974,0.0,0.0,0.12,0.149,0.088,0.970,3,15
233024,0.0,0.0,0.09,0.150,0.088,0.969,3,15
233074,0.0,0.0,0.04,0.151,0.081,0.971,3,15
233124,0.0,0.0,0.04,0.151,0.081,0.971,3,15
233174,0.0,0.0,0.15,0.149,0.085,0.969,3,15
233224,0.0,0.0,0.09,0.147,0.087,0.971,3,15
233274,0.0,0.0,0.06,0.146,0.086,0.972,3,15
233324,0.0,0.0,0.08,0.147,0.085,0.973,3,15
233375,0.0,0.0,0.06,0.150,0.083,0.970,3,15
233425,0.0,0.0,0.06,0.150,0.083,0.970,3,15
233475,0.0,0.0,0.10,0.150,0.084,0.970,3,15
233525,0.0,0.0,0.12,0.152,0.085,0.970,3,15
233575,0.0,0.0,0.21,0.152,0.085,0.970,3,15
233625,0.0,0.0,0.19,0.150,0.085,0.971,3,15
233675,0.0,0.0,0.02,0.147,0.084,0.971,3,15
233725,0.0,0.0,0.02,0.147,0.084,0.971,3,15
233775,0.0,0.0,0.10,0.148,0.084,0.971,3,15
233825,0.0,0.0,0.16,0.151,0.085,0.970,3,15
233876,0.0,0.0,0.09,0.151,0.085,0.970,3,15
233926,0.0,0.0,0.09,0.151,0.085,0.970,3,15
233976,0.0,0.0,0.13,0.151,0.084,0.972,3,15
234026,0.0,0.0,0.13,0.151,0.084,0.972,3,15
234076,0.0,0.0,0.03,0.145,0.081,0.971,3,15
234126,0.0,0.0,0.05,0.144,0.085,0.971,3,15
234176,0.0,0.0,0.09,0.148,0.091,0.973,3,15
234226,0.0,0.0,0.09,0.150,0.090,0.966,3,15
234276,0.0,0.0,0.09,0.150,0.081,0.971,3,15
234326,0.0,0.0,0.09,0.150,0.081,0.971,3,15
234377,0.0,0.0,0.05,0.148,0.085,0.974,3,15
234427,0.0,0.0,0.09,0.151,0.088,0.972,3,15
234477,0.0,0.0,0.05,0.155,0.086,0.971,3,15
234527,0.0,0.0,0.05,0.155,0.086,0.971,3,15
234577,0.0,0.0,0.07,0.159,0.083,0.965,3,15
234627,0.0,0.0,0.15,0.148,0.079,0.966,3,15
234677,0.0,0.0,0.15,0.148,0.079,0.966,3,15
234727,0.0,0.0,0.06,0.145,0.088,0.979,3,15
234777,0.0,0.0,0.04,0.152,0.093,0.979,3,15
234827,0.0,0.0,0.12,0.159,0.091,0.973,3,15
234888,0.0,0.0,0.12,0.160,0.079,0.961,3,15
234938,0.0,0.0,0.10,0.149,0.077,0.971,3,15
234988,0.0,0.0,0.10,0.149,0.077,0.971,3,15
235038,0.0,0.0,0.10,0.149,0.077,0.971,3,15
235088,0.0,0.0,0.06,0.142,0.088,0.975,3,15
235139,0.0,0.0,0.06,0.142,0.088,0.975,3,15
235188,0.0,0.0,0.03,0.148,0.093,0.971,3,16
235238,0.0,0.0,0.09,0.157,0.076,0.970,3,16
235289,0.0,0.0,0.08,0.157,0.079,0.970,3,16
235339,0.0,0.0,0.08,0.155,0.085,0.970,3,16
235390,0.0,0.0,0.08,0.151,0.089,0.970,3,16
235443,0.0,0.0,0.08,0.151,0.089,0.970,3,16
235492,0.0,0.0,0.08,0.149,0.083,0.972,3,15
235542,0.0,0.0,0.09,0.152,0.083,0.970,3,15
235592,0.0,0.0,0.08,0.153,0.085,0.970,3,15
235642,0.0,0.0,0.08,0.153,0.085,0.970,3,15
235692,0.0,0.0,0.04,0.153,0.084,0.968,3,15
235743,0.0,0.0,0.04,0.153,0.084,0.968,3,15
235792,0.0,0.0,0.03,0.151,0.082,0.971,3,15
235842,0.0,0.0,0.16,0.153,0.086,0.973,3,15
235895,0.0,0.0,0.10,0.155,0.088,0.970,3,15
235944,0.0,0.0,0.08,0.155,0.086,0.968,3,15
235994,0.0,0.0,0.07,0.151,0.081,0.971,3,15
236044,0.0,0.0,0.07,0.151,0.081,0.971,3,15
236094,0.0,0.0,0.15,0.151,0.084,0.971,3,15
236144,0.0,0.0,0.07,0.152,0.087,0.969,3,14
236194,0.0,0.0,0.12,0.153,0.085,0.970,3,14
236244,0.0,0.0,0.12,0.153,0.085,0.970,3,14
236294,0.0,0.0,0.02,0.154,0.082,0.970,3,14
236344,0.0,0.0,0.02,0.154,0.082,0.970,3,14
236397,0.0,0.0,0.05,0.152,0.083,0.970,3,14
236447,0.0,0.0,0.01,0.151,0.085,0.972,3,14
236497,0.0,0.0,0.03,0.153,0.086,0.971,3,14
236547,0.0,0.0,0.06,0.153,0.086,0.969,3,14
236597,0.0,0.0,0.03,0.153,0.084,0.970,3,14
236647,0.0,0.0,0.08,0.152,0.084,0.970,3,14
236697,0.0,0.0,0.08,0.152,0.084,0.970,3,14
236747,0.0,0.0,0.02,0.153,0.084,0.971,3,14
236797,0.0,0.0,0.05,0.155,0.087,0.971,3,14
236847,0.0,0.0,0.05,0.155,0.087,0.971,3,14
236898,0.0,0.0,0.06,0.163,0.083,0.969,3,14
236948,0.0,0.0,0.04,0.156,0.079,0.964,3,14
236998,0.0,0.0,0.04,0.156,0.079,0.964,3,14
237048,0.0,0.0,0.07,0.143,0.087,0.981,3,14
237098,0.0,0.0,0.04,0.139,0.092,0.982,3,14
237148,0.0,0.0,0.02,0.146,0.089,0.977,3,14
237198,0.0,0.0,0.12,0.148,0.075,0.955,3,14
237248,0.0,0.0,0.05,0.148,0.079,0.984,3,14
237298,0.0,0.0,0.05,0.148,0.079,0.984,3,14
237348,0.0,0.0,0.12,0.156,0.095,0.980,3,14
237399,0.0,0.0,0.08,0.155,0.084,0.955,3,14
237449,0.0,0.0,0.08,0.155,0.084,0.955,3,14
237499,0.0,0.0,0.10,0.155,0.079,0.961,3,14
237549,0.0,0.0,0.04,0.158,0.082,0.975,3,14
237599,0.0,0.0,0.04,0.158,0.082,0.975,3,14
237649,0.0,0.0,0.07,0.158,0.090,0.968,3,14
237699,0.0,0.0,0.09,0.156,0.088,0.965,3,14
237749,0.0,0.0,0.04,0.153,0.080,0.963,3,14
237799,0.0,0.0,0.19,0.148,0.082,0.980,3,14
237849,0.0,0.0,0.06,0.157,0.091,0.975,3,14
237900,0.0,0.0,0.06,0.157,0.091,0.975,3,14
237950,0.0,0.0,0.06,0.157,0.091,0.975,3,14
238000,0.0,0.0,0.09,0.150,0.078,0.971,3,14
238050,0.0,0.0,0.13,0.153,0.078,0.980,3,14
238100,0.0,0.0,0.05,0.156,0.083,0.979,3,14
238150,0.0,0.0,0.05,0.156,0.083,0.979,3,14
238200,0.0,0.0,0.09,0.148,0.092,0.964,3,14
238250,0.0,0.0,0.10,0.150,0.078,0.972,3,14
238300,0.0,0.0,0.09,0.151,0.075,0.972,3,14
238350,0.0,0.0,0.17,0.151,0.079,0.974,3,14
238401,0.0,0.0,0.08,0.148,0.087,0.970,3,14
238451,0.0,0.0,0.02,0.151,0.086,0.968,3,14
238501,0.0,0.0,0.02,0.151,0.086,0.968,3,14
238551,0.0,0.0,0.04,0.155,0.078,0.970,3,14
238601,0.0,0.0,0.16,0.155,0.074,0.973,3,14
238651,0.0,0.0,0.16,0.155,0.074,0.973,3,14
238701,0.0,0.0,0.13,0.152,0.087,0.968,3,14
238751,0.0,0.0,0.04,0.155,0.091,0.970,3,14
238801,0.0,0.0,0.04,0.155,0.091,0.970,3,14
238851,0.0,0.0,0.14,0.157,0.082,0.970,3,14
238902,0.0,0.0,0.11,0.154,0.081,0.966,3,14
238952,0.0,0.0,0.06,0.155,0.081,0.972,3,14
239002,0.0,0.0,0.02,0.153,0.082,0.969,3,14
239052,0.0,0.0,0.02,0.153,0.082,0.969,3,14
239102,0.0,0.0,0.02,0.153,0.082,0.969,3,14
239152,0.0,0.0,0.04,0.152,0.083,0.965,3,14
239202,0.0,0.0,0.09,0.147,0.084,0.965,3,14
239252,0.0,0.0,0.07,0.147,0.086,0.975,3,14
239302,0.0,0.0,0.03,0.156,0.087,0.971,3,14
239352,0.0,0.0,0.03,0.152,0.083,0.953,3,14
239412,0.0,0.0,0.03,0.152,0.083,0.953,3,14
239462,0.0,0.0,0.05,0.157,0.077,0.986,3,14
239512,0.0,0.0,0.07,0.160,0.095,0.970,3,14
239562,0.0,0.0,0.07,0.160,0.095,0.970,3,14
239612,0.0,0.0,0.13,0.157,0.084,0.960,3,14
239662,0.0,0.0,0.14,0.163,0.077,0.973,3,14
239713,0.0,0.0,0.09,0.161,0.087,0.970,3,14
239763,0.0,0.0,0.02,0.156,0.088,0.966,3,14
239813,0.0,0.0,0.04,0.153,0.081,0.971,3,14
239863,0.0,0.0,0.04,0.153,0.081,0.971,3,14
239916,0.0,0.0,0.07,0.152,0.078,0.972,3,14
239966,0.0,0.0,0.04,0.150,0.082,0.971,3,14
240018,0.0,0.0,0.09,0.149,0.084,0.969,3,14
240067,0.0,0.0,0.07,0.148,0.079,0.969,3,14
240117,0.0,0.0,0.16,0.153,0.084,0.972,3,14
240168,0.0,0.0,0.16,0.153,0.084,0.972,3,14
240217,0.0,0.0,0.16,0.159,0.085,0.970,3,14
240267,0.0,0.0,0.11,0.154,0.076,0.966,3,14
240318,0.0,0.0,0.13,0.152,0.080,0.970,3,14
240367,0.0,0.0,0.11,0.150,0.081,0.975,3,14
240418,0.0,0.0,0.07,0.154,0.086,0.978,3,14
240470,0.0,0.0,0.07,0.154,0.086,0.978,3,14
240519,0.0,0.0,0.06,0.158,0.086,0.964,3,14
240569,0.0,0.0,0.07,0.158,0.079,0.967,3,14
240620,0.0,0.0,0.06,0.160,0.077,0.974,3,14
240669,0.0,0.0,0.05,0.164,0.085,0.975,3,14
240719,0.0,0.0,0.02,0.157,0.089,0.967,3,14
240770,0.0,0.0,0.02,0.157,0.089,0.967,3,14
240819,0.0,0.0,0.06,0.153,0.081,0.973,3,14
240869,0.0,0.0,0.04,0.153,0.077,0.967,3,15
240920,0.0,0.0,0.04,0.153,0.077,0.967,3,15
240970,0.0,0.0,0.04,0.153,0.077,0.967,3,15
241020,0.0,0.0,0.10,0.150,0.079,0.972,3,15
241070,0.0,0.0,0.10,0.150,0.079,0.972,3,15
241120,0.0,0.0,0.10,0.150,0.079,0.972,3,15
241170,0.0,0.0,0.05,0.152,0.093,0.979,3,15
241220,0.0,0.0,0.09,0.151,0.090,0.962,3,15
241270,0.0,0.0,0.09,0.154,0.066,0.965,3,15
241320,0.0,0.0,0.11,0.158,0.070,0.974,3,15
241370,0.0,0.0,0.11,0.158,0.070,0.974,3,15
241422,0.0,0.0,0.08,0.158,0.093,0.972,3,15
241472,0.0,0.0,0.16,0.156,0.077,0.971,3,15
241523,0.0,0.0,0.16,0.156,0.073,0.973,3,15
241572,0.0,0.0,0.17,0.155,0.076,0.972,3,15
241622,0.0,0.0,0.18,0.154,0.080,0.970,3,15
241673,0.0,0.0,0.18,0.154,0.080,0.970,3,15
241722,0.0,0.0,0.10,0.153,0.085,0.972,3,15
241772,0.0,0.0,0.15,0.155,0.081,0.971,3,15
241822,0.0,0.0,0.19,0.155,0.079,0.969,3,15
241872,0.0,0.0,0.16,0.155,0.079,0.971,3,15
241923,0.0,0.0,0.06,0.155,0.083,0.971,3,15
241973,0.0,0.0,0.15,0.154,0.081,0.970,3,15
242023,0.0,0.0,0.15,0.154,0.081,0.970,3,15
242073,0.0,0.0,0.03,0.153,0.080,0.970,3,15
242123,0.0,0.0,0.03,0.154,0.082,0.969,3,15
242173,0.0,0.0,0.06,0.154,0.085,0.970,3,15
242223,0.0,0.0,0.12,0.154,0.086,0.970,3,15
242273,0.0,0.0,0.10,0.151,0.083,0.967,3,15
242323,0.0,0.0,0.10,0.151,0.083,0.967,3,15
242373,0.0,0.0,0.06,0.153,0.080,0.967,3,15
242424,0.0,0.0,0.09,0.151,0.083,0.975,3,15
242474,0.0,0.0,0.03,0.154,0.083,0.972,3,15
242524,0.0,0.0,0.05,0.152,0.078,0.973,3,15
242574,0.0,0.0,0.06,0.152,0.075,0.968,3,15
242624,0.0,0.0,0.06,0.152,0.075,0.968,3,15
242674,0.0,0.0,0.15,0.147,0.093,0.968,3,15
242724,0.0,0.0,0.11,0.143,0.089,0.971,3,15
242774,0.0,0.0,0.15,0.142,0.080,0.978,3,15
242824,0.0,0.0,0.10,0.156,0.062,0.975,3,15
242874,0.0,0.0,0.18,0.155,0.077,0.965,3,15
242925,0.0,0.0,0.18,0.155,0.077,0.965,3,15
242975,0.0,0.0,0.08,0.147,0.090,0.971,3,15
243025,0.0,0.0,0.08,0.151,0.081,0.977,3,15
243075,0.0,0.0,0.13,0.163,0.072,0.978,3,15
243125,0.0,10.6,0.13,0.170,0.071,0.963,3,15
243175,0.0,10.6,0.18,0.174,0.078,0.972,3,14
243225,0.0,10.6,0.18,0.174,0.078,0.972,3,14
243275,0.0,10.6,0.08,0.176,0.073,0.967,3,14
243325,0.0,10.6,0.09,0.175,0.071,0.964,3,14
243375,0.0,10.6,0.11,0.173,0.077,0.963,3,14
243426,0.0,10.6,0.11,0.168,0.089,0.964,3,14
243476,0.0,10.6,0.11,0.159,0.089,0.969,3,14
243526,0.0,10.6,0.11,0.159,0.089,0.969,3,14
243576,0.0,10.6,0.09,0.157,0.063,0.973,3,14
243626,0.0,10.6,0.10,0.157,0.065,0.972,3,14
243676,0.0,10.6,0.10,0.155,0.078,0.970,3,14
243726,0.0,10.6,0.08,0.157,0.086,0.970,3,14
243776,0.0,10.6,0.02,0.160,0.075,0.971,3,15
243826,0.0,10.6,0.02,0.160,0.075,0.971,3,15
243876,0.0,10.6,0.02,0.160,0.075,0.971,3,15
243927,0.0,10.6,0.05,0.161,0.073,0.968,3,15
243977,0.0,10.6,0.05,0.161,0.073,0.968,3,15
244027,0.0,10.6,0.20,0.159,0.080,0.970,3,15
244077,0.0,10.6,0.06,0.157,0.078,0.970,3,15
244127,0.0,0.0,0.06,0.157,0.078,0.970,3,15
244177,0.0,0.0,0.06,0.158,0.076,0.970,3,14
244227,0.0,0.0,0.02,0.159,0.077,0.970,3,14
244277,0.0,0.0,0.04,0.160,0.077,0.970,3,14
244327,0.0,0.0,0.11,0.158,0.077,0.970,3,14
244377,0.0,0.0,0.06,0.158,0.078,0.971,3,15
244428,0.0,0.0,0.06,0.158,0.078,0.971,3,15
244478,0.0,0.0,0.06,0.160,0.079,0.969,3,14
244528,0.0,0.0,0.13,0.160,0.078,0.969,3,14
244578,0.0,0.0,0.03,0.160,0.076,0.969,3,14
244628,0.0,0.0,0.08,0.159,0.075,0.970,3,14
244678,0.0,0.0,0.23,0.157,0.079,0.970,3,15
244728,0.0,0.0,0.23,0.157,0.079,0.970,3,15
244778,0.0,0.0,0.02,0.159,0.080,0.971,3,15
244828,0.0,0.0,0.09,0.159,0.078,0.971,3,15
244878,0.0,0.0,0.14,0.159,0.076,0.970,3,15
244939,0.0,0.0,0.21,0.158,0.076,0.969,3,15
244989,0.0,0.0,0.10,0.159,0.078,0.970,3,15
245039,0.0,0.0,0.06,0.160,0.079,0.970,3,15
245089,0.0,0.0,0.07,0.160,0.079,0.969,3,15
245139,0.0,0.0,0.03,0.157,0.078,0.970,3,15
245191,0.0,0.0,0.03,0.157,0.078,0.970,3,15
245240,0.0,0.0,0.07,0.157,0.076,0.971,3,15
245290,0.0,0.0,0.06,0.159,0.075,0.969,3,15
245340,0.0,0.0,0.03,0.160,0.076,0.970,3,15
245390,0.0,0.0,0.05,0.160,0.078,0.970,3,15
245441,0.0,0.0,0.04,0.160,0.079,0.969,3,15
245493,0.0,0.0,0.04,0.160,0.079,0.969,3,15
245543,0.0,0.0,0.17,0.159,0.076,0.970,3,15
245593,0.0,0.0,0.06,0.157,0.077,0.970,3,15
245643,0.0,0.0,0.09,0.158,0.079,0.970,3,15
245693,0.0,0.0,0.03,0.158,0.080,0.970,3,15
245743,0.0,0.0,0.11,0.160,0.078,0.970,3,15
245793,0.0,0.0,0.11,0.160,0.078,0.970,3,15
245843,0.0,0.0,0.06,0.159,0.076,0.970,3,15
245893,0.0,0.0,0.12,0.159,0.076,0.970,3,15
245947,0.0,0.0,0.12,0.159,0.076,0.970,3,15
245996,0.0,0.0,0.04,0.159,0.078,0.971,3,15
246046,0.0,0.0,0.10,0.159,0.078,0.969,3,15
246098,0.0,0.0,0.05,0.158,0.076,0.970,3,15
246147,0.0,0.0,0.05,0.158,0.076,0.970,3,15
246197,0.0,0.0,0.14,0.158,0.078,0.970,3,15
246248,0.0,0.0,0.08,0.158,0.078,0.970,3,15
246297,0.0,0.0,0.07,0.159,0.078,0.970,3,15
246347,0.0,0.0,0.10,0.160,0.076,0.970,3,15
246397,0.0,0.0,0.03,0.159,0.076,0.970,3,15
246448,0.0,0.0,0.03,0.159,0.076,0.970,3,15
246498,0.0,0.0,0.15,0.158,0.076,0.970,3,15
246548,0.0,0.0,0.07,0.158,0.077,0.970,3,15
246598,0.0,0.0,0.11,0.158,0.078,0.969,3,15
246648,0.0,0.0,0.11,0.158,0.078,0.969,3,15
246698,0.0,0.0,0.02,0.160,0.078,0.969,3,15
246748,0.0,0.0,0.02,0.160,0.078,0.969,3,15
246798,0.0,0.0,0.04,0.159,0.077,0.970,3,15
246848,0.0,0.0,0.06,0.157,0.077,0.970,3,15
246898,0.0,0.0,0.06,0.157,0.077,0.970,3,15
246949,0.0,0.0,0.04,0.158,0.076,0.970,3,15
246999,0.0,0.0,0.13,0.160,0.078,0.970,3,15
247049,0.0,0.0,0.13,0.160,0.078,0.970,3,15
247099,0.0,0.0,0.19,0.159,0.079,0.970,3,15
247149,0.0,0.0,0.25,0.159,0.077,0.971,3,15
247199,0.0,0.0,0.19,0.158,0.077,0.969,3,15
247249,0.0,0.0,0.17,0.158,0.076,0.970,3,15
247299,0.0,0.0,0.02,0.158,0.077,0.970,3,15
247349,0.0,0.0,0.02,0.158,0.077,0.970,3,15
247399,0.0,0.0,0.19,0.159,0.078,0.969,3,15
247450,0.0,0.0,0.19,0.159,0.078,0.969,3,15
247500,0.0,0.0,0.14,0.159,0.077,0.970,3,15
247550,0.0,0.0,0.14,0.160,0.078,0.970,3,15
247600,0.0,0.0,0.11,0.159,0.079,0.970,3,15
247650,0.0,0.0,0.11,0.159,0.079,0.970,3,15
247700,0.0,0.0,0.24,0.159,0.073,0.972,3,15
247750,0.0,0.0,0.23,0.158,0.069,0.969,3,15
247800,0.0,0.0,0.11,0.156,0.083,0.964,3,15
247850,0.0,0.0,0.07,0.151,0.097,0.963,3,15
247900,0.0,0.0,0.12,0.158,0.067,0.967,3,15
247951,0.0,0.0,0.12,0.158,0.067,0.967,3,15
248001,0.0,0.0,0.05,0.162,0.074,0.971,3,15
248051,0.0,0.0,0.03,0.160,0.078,0.968,3,15
248101,0.0,0.0,0.13,0.161,0.079,0.967,3,15
248151,0.0,0.0,0.07,0.159,0.079,0.971,3,15
248201,0.0,0.0,0.07,0.155,0.067,0.975,3,15
248251,0.0,0.0,0.07,0.155,0.067,0.975,3,15
248301,0.0,0.0,0.09,0.155,0.059,0.971,3,15
248351,0.0,0.0,0.09,0.154,0.083,0.965,3,15
248401,0.0,0.0,0.06,0.157,0.093,0.969,3,15
248452,0.0,0.0,0.09,0.160,0.095,0.977,3,15
248502,0.0,0.0,0.12,0.161,0.060,0.972,3,15
248552,0.0,0.0,0.12,0.161,0.060,0.972,3,15
248602,0.0,0.0,0.13,0.162,0.074,0.968,3,15
248652,0.0,0.0,0.25,0.160,0.080,0.966,3,15
248702,0.0,0.0,0.15,0.162,0.082,0.970,3,15
248752,0.0,0.0,0.09,0.161,0.081,0.971,3,15
248802,0.0,0.0,0.09,0.158,0.075,0.967,3,15
248852,0.0,0.0,0.09,0.158,0.075,0.967,3,15
248902,0.0,0.0,0.06,0.155,0.068,0.972,3,15
248953,0.0,0.0,0.06,0.155,0.068,0.972,3,15
249003,0.0,0.0,0.04,0.155,0.080,0.969,3,15
249053,0.0,0.0,0.13,0.158,0.095,0.963,3,15
249103,0.0,0.0,0.14,0.162,0.067,0.968,3,15
249153,0.0,0.0,0.14,0.162,0.067,0.968,3,15
249203,0.0,0.0,0.06,0.163,0.068,0.971,3,15
249253,0.0,0.0,0.16,0.162,0.077,0.968,3,15
249303,0.0,0.0,0.09,0.160,0.079,0.969,3,15
249353,0.0,0.0,0.11,0.156,0.082,0.971,3,15
249403,0.0,0.0,0.11,0.156,0.082,0.971,3,15
249460,0.0,0.0,0.11,0.156,0.082,0.971,3,15
249510,0.0,0.0,0.13,0.155,0.080,0.971,3,15
249560,0.0,0.0,0.04,0.161,0.073,0.969,3,15
249611,0.0,0.0,0.04,0.161,0.073,0.969,3,15
249660,0.0,0.0,0.13,0.160,0.075,0.968,3,15
249710,0.0,0.0,0.08,0.156,0.091,0.967,3,15
249761,0.0,0.0,0.08,0.156,0.091,0.967,3,15
249810,0.0,0.0,0.04,0.158,0.059,0.973,3,15
249860,0.0,0.0,0.04,0.161,0.072,0.970,3,15
249910,0.0,0.0,0.04,0.161,0.072,0.970,3,15
249964,0.0,0.0,0.10,0.160,0.082,0.969,3,15
250014,0.0,0.0,0.02,0.159,0.081,0.970,3,15
250064,0.0,0.0,0.02,0.159,0.081,0.970,3,15
250114,0.0,0.0,0.08,0.160,0.064,0.978,3,15
250164,0.0,0.0,0.06,0.156,0.082,0.972,3,15
250214,0.0,0.0,0.06,0.156,0.082,0.972,3,15
250264,0.0,0.0,0.08,0.157,0.100,0.962,3,15
250314,0.0,0.0,0.09,0.162,0.067,0.966,3,15
250364,0.0,0.0,0.09,0.162,0.067,0.966,3,15
250414,0.0,0.0,0.03,0.162,0.073,0.968,3,15
250465,0.0,0.0,0.10,0.167,0.083,0.971,3,15
250516,0.0,0.0,0.09,0.169,0.080,0.975,3,15
250565,0.0,0.0,0.06,0.166,0.081,0.972,3,15
250615,0.0,0.0,0.12,0.152,0.074,0.964,3,15
250666,0.0,0.0,0.12,0.152,0.074,0.964,3,15
250715,0.0,0.0,0.06,0.164,0.071,0.969,3,15
250765,0.0,0.0,0.19,0.163,0.081,0.981,3,15
250816,0.0,0.0,0.05,0.148,0.086,0.966,3,15
250865,0.0,0.0,0.02,0.141,0.100,0.953,3,15
250915,0.0,0.0,0.06,0.162,0.075,0.986,3,15
250967,0.0,0.0,0.06,0.162,0.075,0.986,3,15
251016,0.0,0.0,0.09,0.125,0.079,0.954,3,15
251066,0.0,0.0,0.07,0.148,0.073,0.980,3,15
251116,0.0,0.0,0.07,0.148,0.073,0.980,3,15
251166,0.0,0.0,0.10,0.142,0.073,0.995,3,15
251216,0.0,0.0,0.05,0.135,0.083,0.959,3,15
251267,0.0,0.0,0.05,0.135,0.083,0.959,3,15
251316,0.0,0.0,0.08,0.148,0.082,0.966,3,15
251366,0.0,0.0,0.08,0.164,0.075,0.964,3,15
251416,0.0,0.0,0.08,0.164,0.075,0.964,3,15
251473,0.0,0.0,0.03,0.178,0.073,0.968,3,15
251523,0.0,0.0,0.06,0.178,0.082,0.965,3,15
251573,0.0,0.0,0.06,0.178,0.082,0.965,3,15
251623,0.0,0.0,0.06,0.176,0.074,0.964,3,15
251673,0.0,0.0,0.09,0.168,0.072,0.970,3,15
251723,0.0,0.0,0.12,0.163,0.077,0.969,3,15
251773,0.0,0.0,0.05,0.156,0.080,0.969,3,15
251823,0.0,0.0,0.21,0.151,0.074,0.972,3,15
251873,0.0,0.0,0.21,0.151,0.074,0.972,3,15
251923,0.0,0.0,0.12,0.153,0.073,0.973,3,15
251974,0.0,0.0,0.02,0.158,0.075,0.970,3,15
252024,0.0,0.0,0.16,0.160,0.074,0.969,3,15
252075,0.0,0.0,0.13,0.162,0.073,0.969,3,15
252124,0.0,0.0,0.13,0.162,0.076,0.970,3,15
252174,0.0,0.0,0.13,0.162,0.076,0.970,3,15
252224,0.0,0.0,0.13,0.162,0.076,0.970,3,15
252274,0.0,0.0,0.10,0.160,0.075,0.969,3,15
252324,0.0,0.0,0.06,0.159,0.074,0.971,3,15
252375,0.0,0.0,0.05,0.159,0.075,0.970,3,15
252425,0.0,0.0,0.14,0.160,0.075,0.969,3,15
252476,0.0,0.0,0.14,0.160,0.075,0.969,3,15
252526,0.0,0.0,0.14,0.161,0.075,0.970,3,14
252576,0.0,0.0,0.08,0.159,0.075,0.970,3,15
252626,0.0,0.0,0.24,0.159,0.075,0.970,3,14
252676,0.0,0.0,0.17,0.159,0.075,0.970,3,14
252726,0.0,0.0,0.04,0.161,0.075,0.969,3,15
252776,0.0,0.0,0.04,0.161,0.075,0.969,3,15
252826,0.0,0.0,0.05,0.160,0.075,0.970,3,14
252876,0.0,0.0,0.12,0.159,0.075,0.970,3,13
252926,0.0,0.0,0.12,0.160,0.075,0.970,3,13
252977,0.0,0.0,0.08,0.160,0.075,0.970,3,13
253027,0.0,0.0,0.19,0.160,0.075,0.970,3,13
253077,0.0,0.0,0.19,0.160,0.075,0.970,3,13
253127,0.0,0.0,0.12,0.160,0.075,0.970,3,14
253177,0.0,0.0,0.09,0.160,0.074,0.970,3,14
253227,0.0,0.0,0.09,0.160,0.075,0.970,3,14
253277,0.0,0.0,0.14,0.160,0.075,0.970,3,14
253327,0.0,0.0,0.05,0.160,0.076,0.970,3,14
253377,0.0,0.0,0.05,0.160,0.076,0.970,3,14
253427,0.0,0.0,0.06,0.159,0.075,0.970,3,14
253478,0.0,0.0,0.04,0.160,0.075,0.970,3,14
253528,0.0,0.0,0.16,0.160,0.075,0.970,3,15
253578,0.0,0.0,0.21,0.160,0.075,0.970,3,15
253628,0.0,0.0,0.10,0.161,0.075,0.970,3,15
253678,0.0,0.0,0.10,0.161,0.075,0.970,3,15
253728,0.0,0.0,0.15,0.160,0.075,0.970,3,15
253778,0.0,0.0,0.09,0.160,0.075,0.970,3,14
253828,0.0,0.0,0.01,0.160,0.075,0.969,3,14
253878,0.0,0.0,0.08,0.160,0.075,0.970,3,14
253928,0.0,0.0,0.02,0.159,0.075,0.971,3,14
253979,0.0,0.0,0.04,0.161,0.074,0.969,3,14
254029,0.0,0.0,0.04,0.161,0.074,0.969,3,14
254079,0.0,0.0,0.02,0.161,0.075,0.970,3,14
254129,0.0,0.0,0.09,0.160,0.076,0.970,3,14
254179,0.0,0.0,0.09,0.160,0.076,0.970,3,14
254229,0.0,0.0,0.04,0.159,0.075,0.969,3,14
254279,0.0,0.0,0.04,0.159,0.075,0.969,3,14
254329,0.0,0.0,0.02,0.159,0.075,0.970,3,14
254379,0.0,0.0,0.11,0.160,0.075,0.971,3,14
254429,0.0,0.0,0.08,0.161,0.075,0.970,3,14
254488,0.0,0.0,0.08,0.161,0.075,0.970,3,14
254537,0.0,0.0,0.04,0.160,0.075,0.969,3,14
254587,0.0,0.0,0.04,0.160,0.075,0.971,3,15
254637,0.0,0.0,0.04,0.160,0.075,0.971,3,15
254687,0.0,0.0,0.15,0.159,0.075,0.969,3,15
254737,0.0,0.0,0.25,0.158,0.076,0.970,3,15
254788,0.0,0.0,0.25,0.158,0.076,0.970,3,15
254838,0.0,0.0,0.09,0.159,0.075,0.970,3,15
254888,0.0,0.0,0.07,0.162,0.074,0.969,3,15
254938,0.0,0.0,0.07,0.162,0.074,0.969,3,15
254989,0.0,0.0,0.07,0.162,0.074,0.969,3,15
255039,0.0,0.0,0.22,0.162,0.075,0.969,3,15
255089,0.0,0.0,0.22,0.162,0.075,0.969,3,15
255139,0.0,0.0,0.04,0.159,0.075,0.970,3,15
255189,0.0,0.0,0.07,0.159,0.075,0.970,3,15
255240,0.0,0.0,0.04,0.161,0.075,0.970,3,15
255290,0.0,0.0,0.04,0.161,0.075,0.970,3,15
255340,0.0,0.0,0.06,0.161,0.075,0.970,3,15
255390,0.0,0.0,0.06,0.161,0.075,0.970,3,15
255440,0.0,0.0,0.09,0.160,0.075,0.970,3,15
255491,0.0,0.0,0.07,0.158,0.075,0.970,3,15
255541,0.0,0.0,0.09,0.159,0.075,0.970,3,15
255591,0.0,0.0,0.18,0.160,0.075,0.970,3,15
255641,0.0,0.0,0.05,0.161,0.075,0.969,3,15
255691,0.0,0.0,0.05,0.161,0.075,0.969,3,15
255741,0.0,0.0,0.12,0.160,0.075,0.970,3,15
255791,0.0,0.0,0.09,0.159,0.075,0.971,3,15
255845,0.0,0.0,0.05,0.159,0.075,0.970,3,15
255894,0.0,0.0,0.04,0.159,0.075,0.970,3,15
255944,0.0,0.0,0.03,0.161,0.075,0.970,3,15
255997,0.0,0.0,0.03,0.161,0.075,0.970,3,15
256046,0.0,0.0,0.06,0.160,0.075,0.970,3,15
256096,0.0,0.0,0.13,0.160,0.075,0.970,3,15
256146,0.0,0.0,0.11,0.159,0.075,0.970,3,15
256196,0.0,0.0,0.07,0.159,0.075,0.970,3,15
256246,0.0,0.0,0.04,0.160,0.075,0.970,3,15
256296,0.0,0.0,0.04,0.160,0.075,0.970,3,15
256346,0.0,0.0,0.07,0.160,0.075,0.970,3,15
256396,0.0,0.0,0.04,0.160,0.075,0.970,3,15
256446,0.0,0.0,0.06,0.160,0.075,0.969,3,15
256498,0.0,0.0,0.08,0.160,0.075,0.969,3,15
256548,0.0,0.0,0.04,0.160,0.075,0.970,3,15
256598,0.0,0.0,0.04,0.160,0.075,0.970,3,15
256648,0.0,0.0,0.02,0.160,0.075,0.970,3,15
256698,0.0,0.0,0.09,0.160,0.075,0.970,3,15
256749,0.0,0.0,0.04,0.160,0.075,0.970,3,15
256798,0.0,0.0,0.17,0.159,0.075,0.970,3,15
256848,0.0,0.0,0.08,0.160,0.075,0.970,3,15
256898,0.0,0.0,0.08,0.160,0.075,0.970,3,15
256948,0.0,0.0,0.01,0.160,0.075,0.970,3,15
256999,0.0,0.0,0.02,0.160,0.075,0.970,3,15
257049,0.0,0.0,0.07,0.160,0.075,0.970,3,15
257099,0.0,0.0,0.02,0.160,0.075,0.970,3,15
257149,0.0,0.0,0.15,0.160,0.075,0.970,3,15
257199,0.0,0.0,0.15,0.160,0.075,0.970,3,15
257249,0.0,0.0,0.06,0.160,0.075,0.970,3,15
257299,0.0,0.0,0.12,0.160,0.075,0.970,3,15
257349,0.0,0.0,0.09,0.160,0.075,0.970,3,15
257399,0.0,0.0,0.12,0.160,0.075,0.970,3,15
257449,0.0,0.0,0.11,0.160,0.075,0.970,3,15
257500,0.0,0.0,0.11,0.160,0.075,0.970,3,15
257550,0.0,0.0,0.04,0.160,0.075,0.970,3,15
257600,0.0,0.0,0.13,0.160,0.075,0.970,3,15
257650,0.0,0.0,0.08,0.160,0.075,0.971,3,15
257700,0.0,0.0,0.08,0.160,0.075,0.970,3,15
257750,0.0,0.0,0.08,0.160,0.075,0.970,3,15
257800,0.0,0.0,0.08,0.160,0.075,0.970,3,15
257850,0.0,0.0,0.01,0.160,0.076,0.970,3,15
257900,0.0,0.0,0.10,0.160,0.074,0.971,3,15
257950,0.0,0.0,0.11,0.161,0.074,0.970,3,15
258002,0.0,0.0,0.18,0.161,0.074,0.969,3,15
258052,0.0,0.0,0.15,0.160,0.075,0.971,3,15
258102,0.0,0.0,0.06,0.159,0.077,0.971,3,15
258152,0.0,0.0,0.02,0.159,0.078,0.970,3,15
258202,0.0,0.0,0.09,0.160,0.075,0.970,3,15
258252,0.0,0.0,0.09,0.160,0.075,0.970,3,15
258302,0.0,0.0,0.09,0.160,0.075,0.970,3,15
258352,0.0,0.0,0.12,0.161,0.073,0.970,3,15
258402,0.0,0.0,0.12,0.161,0.073,0.970,3,15
258452,0.0,0.0,0.06,0.160,0.075,0.970,3,15
258503,0.0,0.0,0.08,0.160,0.076,0.970,3,15
258553,0.0,0.0,0.06,0.160,0.074,0.970,3,15
258603,0.0,0.0,0.06,0.160,0.074,0.970,3,15
258653,0.0,0.0,0.25,0.161,0.075,0.970,3,15
258703,0.0,0.0,0.22,0.161,0.075,0.970,3,15
258753,0.0,0.0,0.23,0.160,0.076,0.970,3,15
258803,0.0,0.0,0.08,0.159,0.076,0.970,3,15
258853,0.0,0.0,0.03,0.160,0.074,0.970,3,15
258903,0.0,0.0,0.03,0.160,0.074,0.970,3,15
258953,0.0,0.0,0.06,0.161,0.074,0.969,3,15
259004,0.0,0.0,0.06,0.161,0.074,0.969,3,15
259054,0.0,0.0,0.11,0.160,0.076,0.969,3,15
259104,0.0,0.0,0.11,0.160,0.077,0.970,3,15
259154,0.0,0.0,0.07,0.159,0.075,0.970,3,15
259204,0.0,0.0,0.07,0.159,0.075,0.970,3,15
259254,0.0,0.0,0.11,0.159,0.074,0.970,3,15
259304,0.0,0.0,0.07,0.160,0.074,0.970,3,15
259354,0.0,0.0,0.00,0.161,0.074,0.969,3,15
259404,0.0,0.0,0.06,0.161,0.076,0.970,3,15
259454,0.0,0.0,0.09,0.159,0.076,0.970,3,15
259513,0.0,0.0,0.09,0.159,0.076,0.970,3,15
259562,0.0,0.0,0.09,0.160,0.075,0.970,3,15
259612,0.0,0.0,0.07,0.160,0.074,0.970,3,15
259663,0.0,0.0,0.07,0.160,0.074,0.970,3,15
259712,0.0,0.0,0.04,0.161,0.075,0.970,3,15
259762,0.0,0.0,0.07,0.160,0.075,0.970,3,15
259813,0.0,0.0,0.07,0.160,0.075,0.970,3,15
259862,0.0,0.0,0.06,0.159,0.075,0.970,3,15
259912,0.0,0.0,0.01,0.160,0.075,0.970,3,15
259963,0.0,0.0,0.01,0.160,0.075,0.970,3,15
260015,0.0,0.0,0.03,0.161,0.075,0.970,3,15
260065,0.0,0.0,0.13,0.161,0.075,0.970,3,15
260115,0.0,0.0,0.13,0.161,0.075,0.970,3,15
260165,0.0,0.0,0.03,0.160,0.075,0.970,3,15
260215,0.0,0.0,0.05,0.160,0.075,0.970,3,15
260265,0.0,0.0,0.05,0.160,0.075,0.970,3,15
260315,0.0,0.0,0.08,0.160,0.075,0.970,3,15
260365,0.0,0.0,0.10,0.160,0.075,0.970,3,15
260415,0.0,0.0,0.10,0.160,0.075,0.970,3,15
260465,0.0,0.0,0.01,0.160,0.075,0.970,3,15
260516,0.0,0.0,0.01,0.160,0.075,0.970,3,15
260567,0.0,0.0,0.01,0.160,0.075,0.970,3,15
260616,0.0,0.0,0.12,0.160,0.075,0.970,3,15
260666,0.0,0.0,0.03,0.160,0.075,0.970,3,15
260716,0.0,0.0,0.03,0.160,0.075,0.970,3,15
260766,0.0,0.0,0.01,0.160,0.075,0.970,3,15
260816,0.0,0.0,0.10,0.160,0.075,0.970,3,15
260866,0.0,0.0,0.10,0.160,0.075,0.970,3,15
260916,0.0,0.0,0.13,0.160,0.075,0.970,3,15
260966,0.0,0.0,0.09,0.160,0.075,0.970,3,15
261018,0.0,0.0,0.09,0.160,0.075,0.970,3,15
261067,0.0,0.0,0.03,0.160,0.075,0.970,3,15
261117,0.0,0.0,0.12,0.160,0.075,0.970,3,15
261167,0.0,0.0,0.12,0.160,0.075,0.970,3,15
261217,0.0,0.0,0.04,0.160,0.075,0.970,3,15
261267,0.0,0.0,0.13,0.160,0.075,0.970,3,15
261317,0.0,0.0,0.13,0.160,0.075,0.970,3,15
261367,0.0,0.0,0.13,0.160,0.075,0.970,3,15
261417,0.0,0.0,0.06,0.160,0.075,0.970,3,15
261468,0.0,0.0,0.06,0.160,0.075,0.970,3,15
261518,0.0,0.0,0.07,0.160,0.075,0.970,3,15
261568,0.0,0.0,0.04,0.160,0.076,0.970,3,15
261620,0.0,0.0,0.04,0.160,0.076,0.970,3,15
261669,0.0,0.0,0.12,0.160,0.075,0.970,3,15
261719,0.0,0.0,0.06,0.161,0.075,0.970,3,15
261770,0.0,0.0,0.06,0.161,0.075,0.970,3,15
261819,0.0,0.0,0.06,0.159,0.075,0.970,3,15
261869,0.0,0.0,0.07,0.158,0.075,0.970,3,15
261920,0.0,0.0,0.07,0.158,0.075,0.970,3,15
261969,0.0,0.0,0.08,0.160,0.075,0.969,3,15
262020,0.0,0.0,0.01,0.162,0.075,0.969,3,15
262070,0.0,0.0,0.01,0.162,0.075,0.969,3,15
262120,0.0,0.0,0.04,0.162,0.075,0.970,3,15
262170,0.0,0.0,0.03,0.161,0.075,0.970,3,15
262222,0.0,0.0,0.03,0.161,0.075,0.970,3,15
262271,0.0,0.0,0.03,0.159,0.075,0.970,3,15
262321,0.0,0.0,0.10,0.158,0.075,0.970,3,15
262372,0.0,0.0,0.06,0.160,0.075,0.970,3,15
262421,0.0,0.0,0.06,0.160,0.075,0.970,3,15
262471,0.0,0.0,0.06,0.161,0.075,0.970,3,15
262523,0.0,0.0,0.06,0.161,0.075,0.970,3,15
262572,0.0,0.0,0.03,0.160,0.074,0.969,3,15
262622,0.0,0.0,0.08,0.160,0.074,0.969,3,15
262672,0.0,0.0,0.04,0.159,0.075,0.970,3,15
262722,0.0,0.0,0.04,0.159,0.075,0.970,3,15
262772,0.0,0.0,0.07,0.160,0.075,0.970,3,15
262822,0.0,0.0,0.07,0.160,0.075,0.970,3,15
262872,0.0,0.0,0.15,0.160,0.075,0.970,3,15
262922,0.0,0.0,0.19,0.160,0.075,0.970,3,15
262972,0.0,0.0,0.13,0.160,0.075,0.970,3,15
263024,0.0,0.0,0.13,0.160,0.075,0.970,3,15
263074,0.0,0.0,0.03,0.161,0.075,0.969,3,15
263124,0.0,0.0,0.03,0.161,0.075,0.969,3,15
263174,0.0,0.0,0.09,0.160,0.075,0.970,3,15
263224,0.0,0.0,0.11,0.159,0.075,0.970,3,15
263274,0.0,0.0,0.11,0.159,0.075,0.970,3,15
263324,0.0,0.0,0.11,0.159,0.075,0.970,3,15
263374,0.0,0.0,0.03,0.162,0.075,0.970,3,15
263424,0.0,0.0,0.03,0.162,0.075,0.970,3,15
263474,0.0,0.0,0.14,0.156,0.075,0.970,3,15
263526,0.0,0.0,0.21,0.158,0.075,0.970,3,15
263576,0.0,0.0,0.02,0.162,0.075,0.970,3,15
263626,0.0,0.0,0.02,0.162,0.075,0.970,3,15
263676,0.0,0.0,0.05,0.163,0.076,0.969,3,15
263726,0.0,0.0,0.05,0.163,0.076,0.969,3,15
263776,0.0,0.0,0.03,0.162,0.074,0.969,3,15
263826,0.0,0.0,0.07,0.158,0.076,0.970,3,15
263876,0.0,0.0,0.06,0.157,0.076,0.970,3,15
263926,0.0,0.0,0.06,0.157,0.076,0.970,3,15
263976,0.0,0.0,0.11,0.159,0.074,0.970,3,15
264027,0.0,0.0,0.11,0.159,0.074,0.970,3,15
264077,0.0,0.0,0.06,0.162,0.074,0.969,3,15
264127,0.0,0.0,0.06,0.162,0.074,0.969,3,15
264177,0.0,0.0,0.15,0.161,0.075,0.970,3,15
264227,0.0,0.0,0.15,0.161,0.075,0.970,3,15
264277,0.0,0.0,0.02,0.160,0.074,0.970,3,15
264327,0.0,0.0,0.02,0.160,0.074,0.970,3,15
264377,0.0,0.0,0.28,0.160,0.074,0.970,3,15
264427,0.0,0.0,0.17,0.159,0.076,0.970,3,15
264477,0.0,0.0,0.15,0.161,0.077,0.970,3,15
264528,0.0,0.0,0.15,0.161,0.077,0.970,3,15
264578,0.0,0.0,0.17,0.159,0.074,0.969,3,15
264628,0.0,0.0,0.17,0.159,0.074,0.969,3,15
264678,0.0,0.0,0.20,0.159,0.074,0.970,3,15
264728,0.0,0.0,0.13,0.160,0.076,0.970,3,15
264778,0.0,0.0,0.18,0.162,0.074,0.969,3,15
264828,0.0,0.0,0.18,0.162,0.074,0.969,3,15
264878,0.0,0.0,0.18,0.162,0.074,0.969,3,15
264928,0.0,0.0,0.18,0.162,0.074,0.969,3,15
264978,0.0,0.0,0.10,0.160,0.074,0.969,3,15
265029,0.0,0.0,0.01,0.159,0.076,0.970,3,15
265079,0.0,0.0,0.04,0.160,0.076,0.970,3,15
265129,0.0,0.0,0.04,0.160,0.076,0.970,3,15
265179,0.0,0.0,0.06,0.161,0.074,0.970,3,15
265229,0.0,0.0,0.06,0.161,0.074,0.970,3,15
265279,0.0,0.0,0.14,0.160,0.075,0.970,3,15
265329,0.0,0.0,0.05,0.159,0.076,0.970,3,15
265379,0.0,0.0,0.12,0.160,0.074,0.970,3,15
265429,0.0,0.0,0.12,0.160,0.074,0.970,3,15
265479,0.0,0.0,0.05,0.161,0.075,0.970,3,15
265530,0.0,0.0,0.05,0.161,0.075,0.970,3,15
265580,0.0,0.0,0.07,0.160,0.075,0.970,3,15
265630,0.0,0.0,0.08,0.160,0.075,0.970,3,15
265680,0.0,0.0,0.03,0.160,0.076,0.970,3,15
265730,0.0,0.0,0.02,0.160,0.075,0.970,3,15
265780,0.0,0.0,0.05,0.160,0.075,0.970,3,15
265830,0.0,0.0,0.05,0.160,0.075,0.970,3,15
265880,0.0,0.0,0.06,0.160,0.075,0.970,3,15
265930,0.0,0.0,0.04,0.161,0.075,0.970,3,15
265980,0.0,0.0,0.07,0.160,0.075,0.970,3,15
266034,0.0,0.0,0.07,0.160,0.075,0.970,3,15
266083,0.0,0.0,0.07,0.160,0.075,0.970,3,15
266133,0.0,0.0,0.11,0.159,0.075,0.970,3,15
266190,0.0,0.0,0.11,0.159,0.075,0.970,3,15
266239,0.0,0.0,0.02,0.161,0.075,0.970,3,15
266289,0.0,0.0,0.08,0.161,0.075,0.970,3,15
266340,0.0,0.0,0.04,0.161,0.075,0.970,3,15
266390,0.0,0.0,0.08,0.159,0.075,0.970,3,15
266440,0.0,0.0,0.06,0.159,0.075,0.970,3,15
266490,0.0,0.0,0.06,0.159,0.075,0.970,3,15
266543,0.0,0.0,0.04,0.161,0.075,0.970,3,15
266593,0.0,0.0,0.04,0.161,0.075,0.970,3,15
266646,0.0,0.0,0.04,0.161,0.075,0.970,3,15
266696,0.0,0.0,0.12,0.161,0.075,0.970,3,15
266746,0.0,0.0,0.03,0.160,0.074,0.970,3,15
266797,0.0,0.0,0.06,0.160,0.076,0.970,3,15
266847,0.0,0.0,0.13,0.160,0.076,0.970,3,15
266897,0.0,0.0,0.14,0.160,0.075,0.970,3,15
266947,0.0,0.0,0.14,0.160,0.075,0.970,3,15
266997,0.0,0.0,0.15,0.161,0.074,0.970,3,15
267048,0.0,0.0,0.07,0.160,0.076,0.970,3,15
267100,0.0,0.0,0.11,0.159,0.076,0.970,3,15
267149,0.0,0.0,0.11,0.160,0.076,0.970,3,15
267199,0.0,0.0,0.11,0.160,0.075,0.970,3,15
267249,0.0,0.0,0.11,0.160,0.075,0.970,3,15
267299,0.0,0.0,0.05,0.160,0.074,0.970,3,15
267349,0.0,0.0,0.11,0.160,0.075,0.970,3,15
267399,0.0,0.0,0.11,0.161,0.076,0.969,3,15
267449,0.0,0.0,0.19,0.162,0.076,0.970,3,15
267499,0.0,0.0,0.14,0.161,0.076,0.971,3,15
267550,0.0,0.0,0.14,0.161,0.076,0.971,3,15
267600,0.0,0.0,0.03,0.156,0.075,0.971,3,15
267650,0.0,0.0,0.24,0.162,0.075,0.970,3,15
267700,0.0,0.0,0.17,0.164,0.075,0.969,3,15
267750,0.0,0.0,0.18,0.163,0.076,0.970,3,15
267800,0.0,0.0,0.13,0.159,0.075,0.970,3,15
267850,0.0,0.0,0.13,0.159,0.075,0.970,3,15
267900,0.0,0.0,0.12,0.159,0.074,0.970,3,15
267950,0.0,0.0,0.08,0.160,0.075,0.970,3,15
268000,0.0,0.0,0.08,0.160,0.076,0.970,3,15
268052,0.0,0.0,0.27,0.161,0.075,0.970,3,15
268101,0.0,0.0,0.19,0.161,0.075,0.970,3,15
268151,0.0,0.0,0.19,0.161,0.075,0.970,3,15
268201,0.0,0.0,0.17,0.160,0.075,0.970,3,15
268251,0.0,0.0,0.11,0.159,0.075,0.970,3,15
268301,0.0,0.0,0.09,0.159,0.075,0.970,3,15
268351,0.0,0.0,0.06,0.160,0.075,0.970,3,15
268401,0.0,0.0,0.07,0.161,0.075,0.970,3,15
268451,0.0,0.0,0.07,0.161,0.075,0.970,3,15
268501,0.0,0.0,0.04,0.161,0.075,0.970,3,15
268552,0.0,0.0,0.03,0.160,0.075,0.970,3,15
268602,0.0,0.0,0.03,0.160,0.075,0.970,3,15
268652,0.0,0.0,0.03,0.160,0.075,0.970,3,15
268702,0.0,0.0,0.02,0.160,0.075,0.970,3,16
268752,0.0,0.0,0.02,0.160,0.075,0.970,3,16
268802,0.0,0.0,0.08,0.161,0.075,0.970,3,16
268852,0.0,0.0,0.08,0.161,0.075,0.970,3,16
268902,0.0,0.0,0.06,0.160,0.075,0.970,3,16
268952,0.0,0.0,0.06,0.160,0.075,0.970,3,16
269002,0.0,0.0,0.19,0.158,0.075,0.969,3,15
269053,0.0,0.0,0.08,0.164,0.075,0.969,3,15
269103,0.0,0.0,0.08,0.164,0.075,0.969,3,15
269153,0.0,0.0,0.02,0.160,0.076,0.970,3,15
269203,0.0,0.0,0.07,0.158,0.074,0.970,3,15
269253,0.0,0.0,0.05,0.160,0.074,0.970,3,15
269303,0.0,0.0,0.05,0.161,0.075,0.970,3,15
269353,0.0,0.0,0.05,0.161,0.075,0.970,3,15
269403,0.0,0.0,0.05,0.161,0.075,0.970,3,15
269453,0.0,0.0,0.06,0.160,0.076,0.970,3,15
269503,0.0,0.0,0.03,0.160,0.075,0.970,3,15
269555,0.0,0.0,0.03,0.160,0.074,0.970,3,15
269605,0.0,0.0,0.10,0.160,0.075,0.970,3,15
269655,0.0,0.0,0.01,0.160,0.075,0.970,3,15
269705,0.0,0.0,0.01,0.160,0.075,0.970,3,15
269755,0.0,0.0,0.08,0.160,0.075,0.970,3,15
269805,0.0,0.0,0.08,0.160,0.075,0.970,3,15
269855,0.0,0.0,0.08,0.160,0.075,0.970,3,15
269905,0.0,0.0,0.08,0.160,0.075,0.970,3,15
269955,0.0,0.0,0.15,0.160,0.075,0.970,3,15
270005,0.0,0.0,0.15,0.160,0.075,0.970,3,15
270067,0.0,0.0,0.17,0.161,0.075,0.970,3,15
270117,0.0,0.0,0.06,0.160,0.075,0.970,3,16
270167,0.0,0.0,0.06,0.160,0.075,0.970,3,16
270217,0.0,0.0,0.15,0.160,0.075,0.970,3,16
270267,0.0,0.0,0.12,0.160,0.075,0.970,3,15
270317,0.0,0.0,0.16,0.161,0.075,0.970,3,16
270368,0.0,0.0,0.16,0.161,0.075,0.970,3,16
270418,0.0,0.0,0.02,0.160,0.075,0.970,3,16
270469,0.0,0.0,0.02,0.160,0.075,0.970,3,16
270518,0.0,0.0,0.12,0.160,0.075,0.970,3,16
270569,0.0,0.0,0.02,0.160,0.075,0.970,3,16
270621,0.0,0.0,0.14,0.160,0.075,0.970,3,16
270670,0.0,0.0,0.11,0.160,0.075,0.970,3,16
270720,0.0,0.0,0.16,0.160,0.075,0.970,3,16
270771,0.0,0.0,0.16,0.160,0.075,0.970,3,16
270820,0.0,0.0,0.06,0.160,0.075,0.970,3,16
270870,0.0,0.0,0.07,0.160,0.075,0.970,3,16
270921,0.0,0.0,0.09,0.160,0.075,0.970,3,16
270970,0.0,0.0,0.10,0.160,0.075,0.970,3,16
271020,0.0,0.0,0.11,0.160,0.075,0.970,3,16
271071,0.0,0.0,0.11,0.160,0.075,0.970,3,16
271121,0.0,0.0,0.15,0.160,0.075,0.970,3,16
271171,0.0,0.0,0.10,0.160,0.075,0.970,3,16
271223,0.0,0.0,0.07,0.160,0.075,0.970,3,16
271272,0.0,0.0,0.12,0.160,0.075,0.970,3,16
271322,0.0,0.0,0.03,0.160,0.075,0.970,3,16
271373,0.0,0.0,0.03,0.160,0.075,0.970,3,16
271422,0.0,0.0,0.07,0.160,0.075,0.970,3,16
271472,0.0,0.0,0.02,0.160,0.075,0.970,3,16
271523,0.0,0.0,0.04,0.160,0.075,0.970,3,16
271577,0.0,0.0,0.06,0.160,0.075,0.970,3,16
271626,0.0,0.0,0.06,0.160,0.075,0.970,3,16
271676,0.0,0.0,0.01,0.160,0.075,0.970,3,15
271727,0.0,0.0,0.01,0.160,0.075,0.970,3,15
271776,0.0,0.0,0.08,0.160,0.075,0.970,3,15
271826,0.0,0.0,0.17,0.160,0.075,0.970,3,15
271877,0.0,0.0,0.12,0.160,0.075,0.970,3,15
271926,0.0,0.0,0.07,0.160,0.075,0.970,3,16
271976,0.0,0.0,0.14,0.160,0.075,0.970,3,16
272027,0.0,0.0,0.14,0.160,0.075,0.970,3,16
272077,0.0,0.0,0.01,0.160,0.075,0.970,3,16
272127,0.0,0.0,0.01,0.160,0.075,0.970,3,16
272177,0.0,0.0,0.01,0.160,0.075,0.970,3,16
272227,0.0,0.0,0.08,0.160,0.075,0.970,3,16
272278,0.0,0.0,0.17,0.161,0.076,0.970,3,16
272327,0.0,0.0,0.17,0.161,0.076,0.970,3,16
272377,0.0,0.0,0.11,0.159,0.074,0.970,3,16
272427,0.0,0.0,0.11,0.159,0.074,0.970,3,16
272477,0.0,0.0,0.14,0.158,0.073,0.970,3,16
272527,0.0,0.0,0.07,0.160,0.075,0.969,3,16
272578,0.0,0.0,0.07,0.160,0.075,0.969,3,16
272628,0.0,0.0,0.07,0.160,0.075,0.969,3,16
272678,0.0,0.0,0.08,0.163,0.077,0.969,3,16
272728,0.0,0.0,0.20,0.163,0.077,0.969,3,16
272778,0.0,0.0,0.20,0.163,0.077,0.969,3,16
272828,0.0,0.0,0.06,0.160,0.075,0.970,3,16
272878,0.0,0.0,0.04,0.158,0.076,0.971,3,16
272928,0.0,0.0,0.04,0.158,0.076,0.971,3,16
272978,0.0,0.0,0.04,0.158,0.076,0.971,3,16
273029,0.0,0.0,0.03,0.160,0.073,0.969,3,16
273080,0.0,0.0,0.09,0.163,0.074,0.970,3,16
273130,0.0,0.0,0.15,0.158,0.076,0.969,3,16
273180,0.0,0.0,0.11,0.158,0.076,0.969,3,16
273230,0.0,0.0,0.11,0.158,0.076,0.969,3,16
273280,0.0,0.0,0.03,0.161,0.074,0.970,3,16
273330,0.0,0.0,0.03,0.161,0.074,0.970,3,16
273380,0.0,0.0,0.03,0.161,0.074,0.970,3,16
273430,0.0,0.0,0.06,0.160,0.075,0.969,3,16
273480,0.0,0.0,0.12,0.160,0.075,0.969,3,16
273530,0.0,0.0,0.12,0.160,0.075,0.969,3,16
273592,0.0,0.0,0.05,0.160,0.077,0.970,3,16
273642,0.0,0.0,0.03,0.160,0.074,0.970,3,16
273692,0.0,0.0,0.03,0.160,0.074,0.970,3,16
273742,0.0,0.0,0.03,0.160,0.074,0.970,3,16
273792,0.0,0.0,0.06,0.160,0.074,0.970,3,16
273842,0.0,0.0,0.06,0.160,0.074,0.970,3,16
273892,0.0,0.0,0.10,0.160,0.076,0.970,3,16
273942,0.0,0.0,0.06,0.160,0.075,0.970,3,16
273992,0.0,0.0,0.06,0.160,0.075,0.970,3,16
274042,0.0,0.0,0.06,0.160,0.074,0.970,3,16
274093,0.0,0.0,0.06,0.161,0.075,0.970,3,16
274144,0.0,0.0,0.06,0.161,0.075,0.970,3,16
274194,0.0,0.0,0.13,0.161,0.075,0.970,3,16
274244,0.0,0.0,0.06,0.160,0.076,0.970,3,16
274294,0.0,0.0,0.06,0.160,0.076,0.970,3,16
274344,0.0,0.0,0.12,0.160,0.074,0.970,3,16
274394,0.0,0.0,0.03,0.160,0.074,0.970,3,16
274444,0.0,0.0,0.03,0.160,0.074,0.970,3,16
274494,0.0,0.0,0.03,0.160,0.074,0.970,3,16
274544,0.0,0.0,0.11,0.160,0.076,0.969,3,16
274600,0.0,0.0,0.08,0.161,0.075,0.970,3,16
274649,0.0,0.0,0.06,0.159,0.076,0.969,3,16
274699,0.0,0.0,0.08,0.159,0.076,0.969,3,16
274750,0.0,0.0,0.08,0.159,0.076,0.969,3,16
274800,0.0,0.0,0.15,0.160,0.073,0.971,3,16
274850,0.0,0.0,0.08,0.160,0.075,0.969,3,16
274900,0.0,0.0,0.08,0.160,0.075,0.969,3,16
274950,0.0,0.0,0.08,0.160,0.075,0.969,3,16
275000,0.0,0.0,0.05,0.162,0.075,0.970,3,16
275051,0.0,0.0,0.05,0.162,0.075,0.970,3,16
275102,0.0,0.0,0.07,0.159,0.077,0.970,3,16
275152,0.0,0.0,0.14,0.159,0.077,0.970,3,16
275202,0.0,0.0,0.02,0.161,0.077,0.970,3,16
275252,0.0,0.0,0.02,0.161,0.077,0.970,3,16
275302,0.0,0.0,0.08,0.161,0.076,0.969,3,16
275352,0.0,0.0,0.14,0.161,0.076,0.969,3,16
275402,0.0,0.0,0.14,0.161,0.076,0.969,3,16
275452,0.0,0.0,0.05,0.161,0.072,0.970,3,16
275502,0.0,0.0,0.11,0.161,0.073,0.969,3,16
275552,0.0,0.0,0.03,0.160,0.074,0.970,3,16
275603,0.0,0.0,0.13,0.159,0.076,0.969,3,16
275653,0.0,0.0,0.13,0.159,0.076,0.969,3,16
275703,0.0,0.0,0.05,0.160,0.074,0.970,3,16
275753,0.0,0.0,0.07,0.161,0.073,0.969,3,16
275803,0.0,0.0,0.06,0.161,0.073,0.969,3,16
275853,0.0,0.0,0.10,0.161,0.074,0.970,3,16
275903,0.0,0.0,0.00,0.160,0.076,0.970,3,16
275953,0.0,0.0,0.00,0.160,0.076,0.970,3,16
276003,0.0,0.0,0.07,0.160,0.074,0.970,3,16
276053,0.0,0.0,0.09,0.160,0.076,0.967,3,16
276104,0.0,0.0,0.17,0.161,0.074,0.969,3,16
276154,0.0,0.0,0.17,0.161,0.074,0.969,3,16
276204,0.0,0.0,0.09,0.160,0.075,0.969,3,16
276254,0.0,0.0,0.07,0.159,0.076,0.970,3,16
276304,0.0,0.0,0.07,0.159,0.076,0.970,3,16
276354,0.0,0.0,0.03,0.160,0.076,0.971,3,16
276404,0.0,0.0,0.09,0.161,0.075,0.970,3,16
276454,0.0,0.0,0.08,0.161,0.074,0.970,3,16
276504,0.0,0.0,0.09,0.161,0.076,0.969,3,16
276554,0.0,0.0,0.04,0.158,0.075,0.969,3,16
276605,0.0,0.0,0.04,0.158,0.075,0.969,3,16
276655,0.0,0.0,0.14,0.157,0.072,0.970,3,16
276705,0.0,0.0,0.19,0.159,0.072,0.968,3,16
276755,0.0,0.0,0.18,0.161,0.074,0.969,3,16
276805,0.0,0.0,0.18,0.161,0.074,0.969,3,16
276855,0.0,0.0,0.04,0.162,0.076,0.970,3,16
276905,0.0,0.0,0.04,0.162,0.076,0.970,3,16
276955,0.0,0.0,0.08,0.159,0.075,0.970,3,16
277005,0.0,0.0,0.10,0.159,0.074,0.971,3,16
277055,0.0,0.0,0.12,0.159,0.074,0.970,3,16
277106,0.0,0.0,0.15,0.161,0.075,0.970,3,16
277156,0.0,0.0,0.15,0.161,0.075,0.970,3,16
277206,0.0,0.0,0.15,0.161,0.075,0.970,3,16
277256,0.0,0.0,0.22,0.161,0.075,0.969,3,16
277306,0.0,0.0,0.22,0.161,0.075,0.969,3,16
277356,0.0,0.0,0.22,0.161,0.075,0.969,3,16
277406,0.0,0.0,0.09,0.159,0.075,0.969,3,16
277456,0.0,0.0,0.05,0.160,0.073,0.970,3,16
277506,0.0,0.0,0.05,0.160,0.073,0.970,3,16
277556,0.0,0.0,0.08,0.160,0.072,0.971,3,16
277607,0.0,0.0,0.11,0.160,0.077,0.970,3,16
277662,0.0,0.0,0.12,0.161,0.077,0.970,3,15
277711,0.0,0.0,0.02,0.160,0.077,0.969,3,15
277761,0.0,0.0,0.18,0.160,0.073,0.969,3,15
277815,0.0,0.0,0.18,0.160,0.073,0.969,3,15
277865,0.0,0.0,0.06,0.160,0.074,0.971,3,16
277915,0.0,0.0,0.16,0.161,0.085,0.968,3,16
277965,0.0,0.0,0.16,0.161,0.085,0.968,3,16
278015,0.0,0.0,0.09,0.162,0.072,0.969,3,16
278065,0.0,0.0,0.10,0.159,0.067,0.970,3,16
278116,0.0,0.0,0.11,0.158,0.075,0.970,3,16
278166,0.0,0.0,0.11,0.158,0.075,0.970,3,16
278216,0.0,0.0,0.11,0.158,0.081,0.970,3,16
278268,0.0,0.0,0.11,0.158,0.081,0.970,3,16
278317,0.0,0.0,0.04,0.161,0.077,0.969,3,16
278367,0.0,0.0,0.05,0.161,0.070,0.970,3,16
278417,0.0,0.0,0.05,0.161,0.070,0.970,3,16
278467,0.0,0.0,0.07,0.159,0.076,0.970,3,16
278517,0.0,0.0,0.04,0.159,0.081,0.969,3,16
278567,0.0,0.0,0.04,0.159,0.081,0.969,3,16
278625,0.0,0.0,0.06,0.161,0.076,0.970,3,15
278675,0.0,0.0,0.10,0.162,0.074,0.969,3,16
278725,0.0,0.0,0.10,0.162,0.074,0.969,3,16
278775,0.0,0.0,0.13,0.162,0.070,0.970,3,15
278825,0.0,0.0,0.06,0.160,0.085,0.970,3,15
278875,0.0,0.0,0.12,0.159,0.080,0.971,3,15
278925,0.0,0.0,0.12,0.159,0.080,0.971,3,15
278975,0.0,0.0,0.15,0.159,0.070,0.970,3,16
279025,0.0,0.0,0.15,0.159,0.070,0.970,3,16
279075,0.0,0.0,0.10,0.160,0.076,0.969,3,16
279126,0.0,0.0,0.05,0.162,0.076,0.970,3,16
279176,0.0,0.0,0.11,0.161,0.075,0.969,3,16
279226,0.0,0.0,0.11,0.161,0.075,0.969,3,16
279276,0.0,0.0,0.09,0.159,0.074,0.970,3,16
279326,0.0,0.0,0.09,0.159,0.074,0.970,3,16
279376,0.0,0.0,0.07,0.159,0.075,0.973,3,15
279426,0.0,0.0,0.25,0.160,0.080,0.970,3,15
279476,0.0,0.0,0.06,0.161,0.078,0.968,3,15
279526,0.0,0.0,0.06,0.161,0.078,0.968,3,15
279576,0.0,0.0,0.06,0.161,0.078,0.968,3,15
279627,0.0,0.0,0.06,0.161,0.078,0.968,3,15
279678,0.0,0.0,0.06,0.161,0.078,0.968,3,15
279727,0.0,0.0,0.21,0.162,0.069,0.971,3,16
279777,0.0,0.0,0.03,0.160,0.075,0.970,3,16
279828,0.0,0.0,0.13,0.158,0.077,0.970,3,16
279877,0.0,0.0,0.10,0.158,0.076,0.970,3,16
279927,0.0,0.0,0.17,0.160,0.074,0.971,3,16
279978,0.0,0.0,0.17,0.160,0.074,0.971,3,16
280027,0.0,0.0,0.17,0.160,0.074,0.971,3,16
280078,0.0,0.0,0.18,0.162,0.075,0.970,3,16
280128,0.0,0.0,0.18,0.162,0.075,0.970,3,16
280178,0.0,0.0,0.19,0.161,0.075,0.969,3,16
280228,0.0,0.0,0.19,0.161,0.075,0.969,3,16
280278,0.0,0.0,0.08,0.161,0.075,0.969,3,16
280328,0.0,0.0,0.03,0.160,0.076,0.970,3,16
280379,0.0,0.0,0.07,0.160,0.076,0.970,3,16
280428,0.0,0.0,0.08,0.160,0.076,0.970,3,16
280478,0.0,0.0,0.08,0.160,0.076,0.970,3,16
280528,0.0,0.0,0.08,0.160,0.076,0.970,3,16
280578,0.0,0.0,0.20,0.160,0.076,0.970,3,16
280629,0.0,0.0,0.07,0.157,0.072,0.971,3,16
280679,0.0,0.0,0.01,0.157,0.072,0.971,3,16
280729,0.0,0.0,0.04,0.159,0.073,0.970,3,16
280779,0.0,0.0,0.19,0.159,0.073,0.970,3,16
280829,0.0,0.0,0.19,0.159,0.073,0.970,3,16
280879,0.0,0.0,0.19,0.159,0.073,0.970,3,16
280929,0.0,0.0,0.11,0.163,0.077,0.970,3,16
280979,0.0,0.0,0.11,0.163,0.077,0.971,3,16
281029,0.0,0.0,0.09,0.158,0.074,0.971,3,16
281079,0.0,0.0,0.03,0.158,0.075,0.970,3,16
281132,0.0,0.0,0.03,0.158,0.075,0.970,3,16
281181,0.0,0.0,0.11,0.164,0.074,0.968,3,16
281231,0.0,0.0,0.08,0.164,0.073,0.969,3,16
281281,0.0,0.0,0.17,0.163,0.074,0.968,3,16
281331,0.0,0.0,0.17,0.163,0.074,0.968,3,16
281381,0.0,0.0,0.08,0.154,0.080,0.973,3,16
281431,0.0,0.0,0.08,0.154,0.080,0.973,3,16
281481,0.0,0.0,0.06,0.152,0.079,0.972,3,16
281531,0.0,0.0,0.02,0.162,0.072,0.969,3,16
281581,0.0,0.0,0.07,0.164,0.067,0.970,3,16
281639,0.0,0.0,0.07,0.164,0.067,0.970,3,16
281689,0.0,0.0,0.29,0.161,0.071,0.966,3,16
281739,0.0,0.0,0.29,0.161,0.071,0.966,3,16
281790,0.0,0.0,0.29,0.161,0.071,0.966,3,16
281840,0.0,0.0,0.33,0.161,0.083,0.972,3,16
281890,0.0,0.0,0.12,0.164,0.084,0.974,3,16
281941,0.0,0.0,0.12,0.164,0.084,0.974,3,16
281990,0.0,0.0,0.05,0.159,0.072,0.969,3,16
282040,0.0,0.0,0.04,0.163,0.072,0.973,3,16
282091,0.0,0.0,0.04,0.163,0.072,0.973,3,16
282143,0.0,0.0,0.17,0.160,0.080,0.969,3,16
282193,0.0,0.0,0.17,0.160,0.080,0.969,3,16
282245,0.0,0.0,0.17,0.160,0.080,0.969,3,16
282294,0.0,0.0,0.05,0.159,0.072,0.971,3,16
282344,0.0,0.0,0.15,0.163,0.076,0.972,3,16
282398,0.0,0.0,0.20,0.163,0.076,0.972,3,16
282447,0.0,0.0,0.06,0.163,0.075,0.971,3,16
282497,0.0,0.0,0.28,0.158,0.079,0.969,3,16
282547,0.0,0.0,0.28,0.158,0.079,0.969,3,16
282597,0.0,0.0,0.19,0.161,0.074,0.970,3,16
282648,0.0,0.0,0.17,0.164,0.074,0.970,3,16
282698,0.0,0.0,0.17,0.164,0.074,0.970,3,16
282748,0.0,0.0,0.17,0.164,0.074,0.970,3,16
282798,0.0,0.0,0.07,0.164,0.074,0.970,3,16
282850,0.0,0.0,0.07,0.164,0.074,0.970,3,16
282899,0.0,0.0,0.20,0.157,0.073,0.973,3,16
282949,0.0,0.0,0.14,0.162,0.077,0.970,3,16
283001,0.0,0.0,0.09,0.158,0.077,0.971,3,16
283050,0.0,0.0,0.09,0.158,0.077,0.971,3,16
283100,0.0,0.0,0.05,0.160,0.073,0.971,3,16
283151,0.0,0.0,0.05,0.160,0.073,0.971,3,16
283201,0.0,0.0,0.05,0.160,0.073,0.971,3,16
283251,0.0,0.0,0.05,0.160,0.073,0.971,3,16
283303,0.0,0.0,0.11,0.160,0.073,0.971,3,16
283353,0.0,0.0,0.09,0.161,0.073,0.970,3,16
283402,0.0,0.0,0.04,0.161,0.073,0.970,3,16
283453,0.0,0.0,0.05,0.164,0.080,0.975,3,16
283503,0.0,0.0,0.05,0.164,0.080,0.975,3,16
283553,0.0,0.0,0.10,0.164,0.081,0.969,3,16
283603,0.0,0.0,0.15,0.164,0.081,0.969,3,16
283654,0.0,0.0,0.15,0.164,0.081,0.969,3,16
283704,0.0,0.0,0.15,0.164,0.081,0.969,3,16
283755,0.0,0.0,0.08,0.157,0.072,0.970,3,16
283804,0.0,0.0,0.08,0.157,0.072,0.970,3,16
283854,0.0,0.0,0.09,0.168,0.073,0.972,3,16
283904,0.0,0.0,0.11,0.168,0.072,0.972,3,16
283954,0.0,0.0,0.11,0.168,0.072,0.972,3,16
284004,0.0,0.0,0.15,0.160,0.071,0.970,3,16
284054,0.0,0.0,0.15,0.160,0.071,0.970,3,16
284104,0.0,0.0,0.15,0.160,0.071,0.970,3,16
284155,0.0,0.0,0.07,0.160,0.079,0.971,3,16
284205,0.0,0.0,0.13,0.160,0.079,0.971,3,16
284255,0.0,0.0,0.08,0.162,0.075,0.968,3,16
284305,0.0,0.0,0.08,0.162,0.075,0.968,3,16
284355,0.0,0.0,0.14,0.159,0.073,0.968,3,16
284405,0.0,0.0,0.14,0.159,0.073,0.968,3,16
284455,0.0,0.0,0.11,0.164,0.078,0.975,3,16
284505,0.0,0.0,0.08,0.165,0.078,0.975,3,16
284555,0.0,0.0,0.08,0.165,0.078,0.975,3,16
284605,0.0,0.0,0.07,0.157,0.072,0.967,3,16
284656,0.0,0.0,0.09,0.161,0.076,0.972,3,16
284706,0.0,0.0,0.09,0.161,0.076,0.972,3,16
284756,0.0,0.0,0.02,0.164,0.079,0.973,3,16
284806,0.0,0.0,0.13,0.157,0.082,0.968,3,16
284856,0.0,0.0,0.11,0.155,0.076,0.965,3,16
284906,0.0,0.0,0.09,0.163,0.064,0.973,3,16
284956,0.0,0.0,0.04,0.163,0.073,0.971,3,16
285006,0.0,0.0,0.04,0.163,0.073,0.971,3,16
285056,0.0,0.0,0.04,0.160,0.079,0.968,3,16
285106,0.0,0.0,0.06,0.159,0.078,0.972,3,16
285157,0.0,0.0,0.06,0.158,0.076,0.968,3,16
285207,0.0,0.0,0.17,0.160,0.070,0.970,3,16
285257,0.0,0.0,0.15,0.162,0.071,0.970,3,16
285307,0.0,0.0,0.15,0.162,0.071,0.970,3,16
285357,0.0,0.0,0.11,0.165,0.079,0.970,3,16
285407,0.0,0.0,0.06,0.162,0.077,0.969,3,16
285457,0.0,0.0,0.07,0.162,0.077,0.971,3,16
285507,0.0,0.0,0.07,0.162,0.077,0.971,3,16
285557,0.0,0.0,0.15,0.159,0.072,0.971,3,16
285607,0.0,0.0,0.15,0.159,0.072,0.971,3,16
285668,0.0,0.0,0.14,0.164,0.073,0.971,3,16
285718,0.0,0.0,0.19,0.162,0.077,0.970,3,16
285769,0.0,0.0,0.19,0.162,0.077,0.970,3,16
285818,0.0,0.0,0.07,0.160,0.078,0.970,3,16
285868,0.0,0.0,0.08,0.160,0.072,0.970,3,16
285919,0.0,0.0,0.08,0.160,0.072,0.970,3,16
285968,0.0,0.0,0.10,0.160,0.071,0.970,3,16
286018,0.0,0.0,0.03,0.160,0.075,0.970,3,16
286068,0.0,0.0,0.03,0.160,0.075,0.970,3,16
286118,0.0,0.0,0.15,0.162,0.080,0.969,3,16
286169,0.0,0.0,0.02,0.163,0.071,0.970,3,16
286219,0.0,0.0,0.02,0.163,0.071,0.970,3,16
286269,0.0,0.0,0.16,0.157,0.074,0.970,3,16
286319,0.0,0.0,0.06,0.155,0.081,0.969,3,16
286369,0.0,0.0,0.06,0.155,0.081,0.969,3,16
286419,0.0,0.0,0.10,0.165,0.073,0.968,3,16
286469,0.0,0.0,0.06,0.166,0.070,0.969,3,16
286519,0.0,0.0,0.06,0.166,0.070,0.969,3,16
286569,0.0,0.0,0.05,0.160,0.074,0.972,3,16
286619,0.0,0.0,0.07,0.155,0.080,0.971,3,16
286670,0.0,0.0,0.07,0.155,0.080,0.971,3,16
286720,0.0,0.0,0.05,0.154,0.080,0.968,3,16
286770,0.0,0.0,0.08,0.166,0.069,0.972,3,16
286822,0.0,0.0,0.08,0.166,0.069,0.972,3,16
286872,0.0,0.0,0.09,0.166,0.073,0.966,3,16
286922,0.0,0.0,0.10,0.158,0.082,0.970,3,16
286972,0.0,0.0,0.10,0.158,0.082,0.970,3,16
287022,0.0,0.0,0.06,0.158,0.074,0.971,3,16
287072,0.0,0.0,0.15,0.158,0.071,0.969,3,16
287122,0.0,0.0,0.15,0.158,0.071,0.969,3,16
287176,0.0,0.0,0.02,0.163,0.074,0.971,3,15
287226,0.0,0.0,0.05,0.162,0.077,0.971,3,15
287276,0.0,0.0,0.07,0.159,0.078,0.968,3,15
287326,0.0,0.0,0.07,0.159,0.078,0.968,3,15
287376,0.0,0.0,0.22,0.158,0.077,0.968,3,15
287427,0.0,0.0,0.08,0.160,0.075,0.971,3,15
287476,0.0,0.0,0.04,0.162,0.073,0.973,3,15
287526,0.0,0.0,0.06,0.161,0.075,0.970,3,15
287576,0.0,0.0,0.03,0.155,0.074,0.971,3,14
287626,0.0,0.0,0.03,0.155,0.074,0.971,3,14
287677,0.0,0.0,0.15,0.159,0.068,0.969,3,14
287727,0.0,0.0,0.08,0.163,0.071,0.969,3,14
287777,0.0,0.0,0.08,0.166,0.075,0.970,3,14
287827,0.0,0.0,0.09,0.167,0.082,0.968,3,14
287877,0.0,0.0,0.08,0.161,0.076,0.970,3,14
287927,0.0,0.0,0.08,0.161,0.076,0.970,3,14
287977,0.0,0.0,0.11,0.152,0.072,0.969,3,14
288027,0.0,0.0,0.05,0.158,0.078,0.966,3,14
288077,0.0,0.0,0.07,0.162,0.081,0.969,3,14
288127,0.0,0.0,0.08,0.163,0.063,0.974,3,14
288178,0.0,0.0,0.17,0.160,0.078,0.963,3,14
288228,0.0,0.0,0.17,0.160,0.078,0.963,3,14
288278,0.0,0.0,0.17,0.160,0.078,0.963,3,14
288328,0.0,0.0,0.25,0.160,0.086,0.966,3,14
288378,0.0,0.0,0.25,0.160,0.086,0.966,3,14
288428,0.0,0.0,0.09,0.161,0.074,0.974,3,15
288478,0.0,0.0,0.18,0.163,0.069,0.971,3,15
288528,0.0,0.0,0.18,0.163,0.069,0.971,3,15
288578,0.0,0.0,0.11,0.162,0.076,0.971,3,15
288628,0.0,0.0,0.11,0.162,0.076,0.971,3,15
288680,0.0,0.0,0.06,0.159,0.079,0.970,3,15
288730,0.0,0.0,0.09,0.155,0.075,0.967,3,15
288780,0.0,0.0,0.09,0.155,0.075,0.967,3,15
288830,0.0,0.0,0.09,0.155,0.075,0.967,3,15
288880,0.0,0.0,0.14,0.166,0.072,0.970,3,15
288930,0.0,0.0,0.14,0.166,0.072,0.970,3,15
288980,0.0,0.0,0.04,0.157,0.077,0.970,3,15
289030,0.0,0.0,0.10,0.158,0.075,0.971,3,15
289080,0.0,0.0,0.07,0.161,0.075,0.969,3,15
289131,0.0,0.0,0.07,0.161,0.075,0.969,3,15
289182,0.0,0.0,0.05,0.158,0.071,0.970,3,15
289232,0.0,0.0,0.05,0.158,0.071,0.970,3,15
289282,0.0,0.0,0.08,0.160,0.077,0.970,3,15
289332,0.0,0.0,0.08,0.161,0.073,0.969,3,15
289382,0.0,0.0,0.03,0.161,0.075,0.970,3,15
289432,0.0,0.0,0.03,0.161,0.075,0.970,3,15
289482,0.0,0.0,0.04,0.160,0.074,0.969,3,15
289532,0.0,0.0,0.02,0.161,0.073,0.970,3,15
289582,0.0,0.0,0.01,0.160,0.074,0.970,3,15
289632,0.0,0.0,0.09,0.160,0.076,0.970,3,15
289683,0.0,0.0,0.09,0.158,0.077,0.970,3,14
289739,0.0,0.0,0.09,0.158,0.077,0.970,3,14
289788,0.0,0.0,0.05,0.155,0.075,0.952,3,15
289838,0.0,0.0,0.12,0.165,0.075,0.978,3,15
289889,0.0,0.0,0.12,0.165,0.075,0.978,3,15
289938,0.0,0.0,0.04,0.162,0.071,0.989,3,15
289988,0.0,0.0,0.04,0.159,0.076,0.954,3,15
290039,0.0,0.0,0.04,0.159,0.076,0.954,3,15
290088,0.0,0.0,0.06,0.161,0.076,0.968,3,15
290138,0.0,0.0,0.19,0.155,0.072,0.976,3,15
290192,0.0,0.0,0.19,0.155,0.072,0.976,3,15
290241,0.0,0.0,0.24,0.157,0.081,0.971,3,15
290291,0.0,0.0,0.08,0.154,0.077,0.964,3,15
290342,0.0,0.0,0.08,0.154,0.077,0.964,3,15
290391,0.0,0.0,0.14,0.151,0.074,0.965,3,15
290441,0.0,0.0,0.09,0.162,0.068,0.977,3,15
290491,0.0,0.0,0.09,0.162,0.068,0.977,3,15
290541,0.0,0.0,0.18,0.168,0.075,0.967,3,15
290591,0.0,0.0,0.09,0.157,0.083,0.963,3,15
290641,0.0,0.0,0.09,0.157,0.083,0.963,3,15
290693,0.0,0.0,0.19,0.160,0.075,0.974,3,15
290743,0.0,0.0,0.10,0.157,0.078,0.969,3,15
290793,0.0,0.0,0.10,0.157,0.078,0.969,3,15
290843,0.0,0.0,0.01,0.154,0.071,0.964,3,15
290893,0.0,0.0,0.05,0.158,0.066,0.968,3,15
290943,0.0,0.0,0.05,0.158,0.066,0.968,3,15
290993,0.0,0.0,0.11,0.161,0.074,0.977,3,15
291043,0.0,0.0,0.11,0.161,0.074,0.977,3,15
291096,0.0,0.0,0.09,0.155,0.084,0.970,3,15
291145,0.0,0.0,0.11,0.154,0.080,0.968,3,15
291196,0.0,0.0,0.02,0.155,0.070,0.966,3,15
291247,0.0,0.0,0.02,0.155,0.070,0.966,3,15
291296,0.0,0.0,0.04,0.159,0.078,0.968,3,15
291346,0.0,0.0,0.12,0.157,0.077,0.975,3,15
291398,0.0,0.0,0.13,0.154,0.074,0.973,3,15
291447,0.0,0.0,0.13,0.154,0.070,0.973,3,15
291497,0.0,0.0,0.18,0.155,0.070,0.970,3,15
291547,0.0,0.0,0.18,0.155,0.070,0.970,3,15
291597,0.0,0.0,0.03,0.155,0.076,0.968,3,15
291647,0.0,0.0,0.17,0.156,0.081,0.970,3,15
291699,0.0,0.0,0.11,0.154,0.075,0.974,3,15
291748,0.0,0.0,0.11,0.154,0.075,0.974,3,15
291798,0.0,0.0,0.19,0.156,0.079,0.970,3,15
291850,0.0,0.0,0.19,0.156,0.079,0.970,3,15
291899,0.0,0.0,0.14,0.163,0.075,0.970,3,15
291949,0.0,0.0,0.06,0.150,0.075,0.969,3,15
292000,0.0,0.0,0.10,0.146,0.081,0.967,3,15
292049,0.0,0.0,0.08,0.148,0.080,0.968,3,15
292099,0.0,0.0,0.12,0.154,0.080,0.972,3,15
292150,0.0,0.0,0.12,0.154,0.080,0.972,3,15
292202,0.0,0.0,0.11,0.159,0.078,0.974,3,15
292252,0.0,0.0,0.11,0.153,0.076,0.970,3,15
292302,0.0,0.0,0.01,0.151,0.076,0.969,3,15
292352,0.0,0.0,0.18,0.153,0.077,0.972,3,15
292402,0.0,0.0,0.21,0.153,0.077,0.971,3,15
292452,0.0,0.0,0.21,0.153,0.077,0.971,3,15
292502,0.0,0.0,0.06,0.154,0.074,0.969,3,15
292552,0.0,0.0,0.30,0.156,0.078,0.970,3,15
292602,0.0,0.0,0.20,0.154,0.080,0.969,3,14
292652,0.0,0.0,0.20,0.154,0.080,0.969,3,14
292704,0.0,0.0,0.13,0.151,0.076,0.970,3,14
292754,0.0,0.0,0.05,0.155,0.071,0.969,3,14
292804,0.0,0.0,0.05,0.155,0.071,0.969,3,14
292854,0.0,0.0,0.22,0.156,0.080,0.970,3,14
292904,0.0,0.0,0.22,0.156,0.080,0.970,3,14
292954,0.0,0.0,0.22,0.156,0.080,0.970,3,14
293004,0.0,0.0,0.02,0.152,0.078,0.974,3,14
293054,0.0,0.0,0.13,0.153,0.073,0.972,3,14
293104,0.0,0.0,0.13,0.153,0.073,0.972,3,14
293154,0.0,0.0,0.09,0.150,0.081,0.971,3,15
293205,0.0,0.0,0.05,0.149,0.079,0.972,3,15
293255,0.0,0.0,0.05,0.150,0.074,0.973,3,15
293305,0.0,0.0,0.04,0.154,0.077,0.971,3,15
293355,0.0,0.0,0.04,0.154,0.081,0.967,3,15
293405,0.0,0.0,0.04,0.154,0.081,0.967,3,15
293455,0.0,0.0,0.16,0.154,0.073,0.971,3,15
293505,0.0,0.0,0.15,0.155,0.072,0.972,3,15
293555,0.0,0.0,0.01,0.157,0.078,0.971,3,15
293605,0.0,0.0,0.13,0.156,0.083,0.969,3,15
293655,0.0,0.0,0.06,0.152,0.072,0.970,3,15
293706,0.0,0.0,0.06,0.152,0.072,0.970,3,15
293756,0.0,0.0,0.14,0.150,0.067,0.972,3,15
293806,0.0,0.0,0.14,0.150,0.067,0.972,3,15
293856,0.0,0.0,0.14,0.150,0.067,0.972,3,15
293906,0.0,0.0,0.20,0.151,0.084,0.970,3,15
293956,0.0,0.0,0.15,0.151,0.081,0.971,3,15
294006,0.0,0.0,0.15,0.151,0.081,0.971,3,15
294056,0.0,0.0,0.11,0.156,0.074,0.970,3,15
294106,0.0,0.0,0.11,0.157,0.074,0.969,3,15
294156,0.0,0.0,0.08,0.157,0.076,0.970,3,15
294207,0.0,0.0,0.10,0.156,0.079,0.970,3,15
294257,0.0,0.0,0.10,0.150,0.079,0.967,3,15
294307,0.0,0.0,0.10,0.150,0.079,0.967,3,15
294357,0.0,0.0,0.09,0.154,0.074,0.972,3,15
294407,0.0,0.0,0.05,0.154,0.068,0.974,3,15
294457,0.0,0.0,0.11,0.151,0.067,0.974,3,15
294507,0.0,0.0,0.18,0.149,0.070,0.971,3,15
294557,0.0,0.0,0.09,0.153,0.084,0.972,3,15
294607,0.0,0.0,0.09,0.153,0.084,0.972,3,15
294657,0.0,0.0,0.07,0.155,0.083,0.970,3,15
294708,0.0,0.0,0.08,0.155,0.078,0.969,3,15
294758,0.0,0.0,0.13,0.155,0.072,0.969,3,15
294808,0.0,0.0,0.03,0.155,0.073,0.970,3,15
294858,0.0,0.0,0.09,0.155,0.080,0.970,3,15
294908,0.0,0.0,0.09,0.155,0.080,0.970,3,15
294958,0.0,0.0,0.20,0.149,0.077,0.969,3,15
295008,0.0,0.0,0.18,0.150,0.074,0.969,3,14
295058,0.0,0.0,0.18,0.152,0.073,0.970,3,15
295108,0.0,0.0,0.09,0.156,0.072,0.973,3,14
295158,0.0,0.0,0.08,0.155,0.076,0.969,3,14
295217,0.0,0.0,0.08,0.155,0.076,0.969,3,14
295267,0.0,0.0,0.23,0.145,0.080,0.968,3,14
295317,0.0,0.0,0.10,0.151,0.082,0.976,3,14
295368,0.0,0.0,0.10,0.151,0.082,0.976,3,14
295417,0.0,0.0,0.09,0.159,0.071,0.970,3,15
295467,0.0,0.0,0.05,0.157,0.073,0.972,3,15
295518,0.0,0.0,0.05,0.157,0.073,0.972,3,15
295568,0.0,0.0,0.16,0.155,0.082,0.970,3,15
295618,0.0,0.0,0.08,0.152,0.081,0.969,3,15
295669,0.0,0.0,0.08,0.152,0.081,0.969,3,15
295722,0.0,0.0,0.13,0.148,0.074,0.971,3,14
295772,0.0,0.0,0.08,0.154,0.075,0.971,3,14
295823,0.0,0.0,0.08,0.156,0.076,0.971,3,14
295873,0.0,0.0,0.10,0.157,0.076,0.969,3,14
295923,0.0,0.0,0.09,0.154,0.076,0.969,3,14
295973,0.0,0.0,0.09,0.154,0.076,0.969,3,14
296023,0.0,0.0,0.21,0.152,0.079,0.971,3,14
296073,0.0,0.0,0.10,0.151,0.077,0.971,3,13
296123,0.0,0.0,0.11,0.151,0.076,0.971,3,13
296173,0.0,0.0,0.09,0.151,0.076,0.970,3,13
296224,0.0,0.0,0.02,0.154,0.074,0.970,3,13
296274,0.0,0.0,0.02,0.154,0.074,0.970,3,13
296324,0.0,0.0,0.04,0.155,0.075,0.970,3,13
296374,0.0,0.0,0.09,0.157,0.078,0.970,3,13
296425,0.0,0.0,0.03,0.156,0.078,0.970,3,14
296474,0.0,0.0,0.19,0.154,0.078,0.969,3,14
296524,0.0,0.0,0.29,0.147,0.078,0.972,3,14
296574,0.0,0.0,0.29,0.147,0.078,0.972,3,14
296624,0.0,0.0,0.29,0.147,0.078,0.972,3,14
296674,0.0,0.0,0.13,0.150,0.075,0.972,3,14
296727,0.0,0.0,0.16,0.151,0.075,0.971,3,14
296776,0.0,0.0,0.05,0.154,0.073,0.970,3,14
296826,0.0,0.0,0.15,0.156,0.070,0.970,3,14
296876,0.0,0.0,0.15,0.156,0.070,0.970,3,14
296926,0.0,0.0,0.13,0.156,0.085,0.968,3,14
296976,0.0,0.0,0.23,0.156,0.081,0.971,3,14
297027,0.0,0.0,0.17,0.153,0.071,0.973,3,14
297077,0.0,0.0,0.10,0.151,0.066,0.971,3,14
297127,0.0,0.0,0.06,0.152,0.079,0.970,3,14
297177,0.0,0.0,0.06,0.152,0.079,0.970,3,14
297228,0.0,0.0,0.12,0.152,0.083,0.970,3,14
297278,0.0,0.0,0.12,0.154,0.074,0.970,3,14
297328,0.0,0.0,0.08,0.154,0.072,0.969,3,14
297378,0.0,0.0,0.03,0.153,0.072,0.970,3,14
297428,0.0,0.0,0.04,0.150,0.074,0.973,3,14
297478,0.0,0.0,0.04,0.150,0.074,0.973,3,14
297528,0.0,0.0,0.16,0.152,0.077,0.973,3,14
297578,0.0,0.0,0.12,0.155,0.082,0.968,3,14
297628,0.0,0.0,0.06,0.155,0.082,0.969,3,14
297678,0.0,0.0,0.05,0.153,0.079,0.970,3,15
297729,0.0,0.0,0.07,0.152,0.072,0.971,3,15
297779,0.0,0.0,0.11,0.153,0.076,0.970,3,14
297829,0.0,0.0,0.11,0.153,0.076,0.970,3,14
297879,0.0,0.0,0.10,0.155,0.079,0.970,3,13
297929,0.0,0.0,0.13,0.154,0.078,0.969,3,13
297979,0.0,0.0,0.05,0.153,0.076,0.970,3,13
298029,0.0,0.0,0.07,0.152,0.074,0.972,3,14
298079,0.0,0.0,0.11,0.153,0.074,0.971,3,14
298129,0.0,0.0,0.11,0.153,0.074,0.971,3,14
298179,0.0,0.0,0.16,0.150,0.079,0.969,3,14
298230,0.0,0.0,0.06,0.150,0.080,0.969,3,14
298280,0.0,0.0,0.02,0.154,0.080,0.971,3,14
298330,0.0,0.0,0.12,0.158,0.073,0.972,3,14
298380,0.0,0.0,0.09,0.153,0.072,0.969,3,14
298430,0.0,0.0,0.09,0.153,0.072,0.969,3,14
298480,0.0,0.0,0.09,0.149,0.080,0.970,3,14
298530,0.0,0.0,0.06,0.152,0.080,0.973,3,14
298580,0.0,0.0,0.07,0.153,0.076,0.971,3,14
298630,0.0,0.0,0.07,0.153,0.076,0.971,3,14
298680,0.0,0.0,0.03,0.154,0.074,0.968,3,14
298731,0.0,0.0,0.03,0.154,0.074,0.968,3,14
298781,0.0,0.0,0.09,0.154,0.079,0.971,3,14
298831,0.0,0.0,0.11,0.156,0.079,0.971,3,14
298881,0.0,0.0,0.13,0.155,0.079,0.970,3,14
298931,0.0,0.0,0.13,0.151,0.074,0.973,3,14
298981,0.0,0.0,0.17,0.152,0.072,0.970,3,14
299031,0.0,0.0,0.17,0.152,0.072,0.970,3,14
299081,0.0,0.0,0.13,0.154,0.076,0.972,3,15
299131,0.0,0.0,0.15,0.153,0.076,0.972,3,14
299181,0.0,0.0,0.21,0.146,0.074,0.970,3,14
299232,0.0,0.0,0.02,0.154,0.072,0.977,3,14
299282,0.0,0.0,0.15,0.152,0.067,0.966,3,14
299332,0.0,0.0,0.15,0.152,0.067,0.966,3,14
299382,0.0,0.0,0.15,0.152,0.067,0.966,3,14
299432,0.0,0.0,0.16,0.161,0.061,0.978,3,15
299482,0.0,0.0,0.06,0.148,0.089,0.970,3,15
299532,0.0,0.0,0.21,0.156,0.077,0.960,3,15
299582,0.0,0.0,0.06,0.157,0.077,0.977,3,15
299632,0.0,0.0,0.06,0.157,0.077,0.977,3,15
299682,0.0,0.0,0.08,0.150,0.068,0.972,3,15
299733,0.0,0.0,0.07,0.140,0.076,0.966,3,15
299783,0.0,0.0,0.03,0.144,0.087,0.960,3,15
299833,0.0,0.0,0.17,0.155,0.080,0.973,3,15
299883,0.0,0.0,0.10,0.163,0.078,0.978,3,15
299933,0.0,0.0,0.10,0.163,0.078,0.978,3,15
299983,0.0,0.0,0.07,0.154,0.077,0.966,3,15
300033,0.0,0.0,0.04,0.159,0.065,0.966,3,15
300083,0.0,0.0,0.12,0.155,0.071,0.972,3,15
300133,0.0,0.0,0.12,0.147,0.085,0.972,3,15
300183,0.0,0.0,0.22,0.144,0.075,0.973,3,15
300239,0.0,0.0,0.22,0.144,0.075,0.973,3,15
300288,0.0,0.0,0.19,0.143,0.069,0.974,3,15
300338,0.0,0.0,0.13,0.145,0.072,0.973,3,15
300390,0.0,0.0,0.11,0.146,0.074,0.972,3,15
300439,0.0,0.0,0.11,0.156,0.073,0.971,3,15
300489,0.0,0.0,0.12,0.161,0.071,0.970,3,15
300540,0.0,0.0,0.12,0.161,0.071,0.970,3,15
300589,0.0,0.0,0.28,0.167,0.082,0.968,3,15
300639,0.0,0.0,0.25,0.158,0.079,0.967,3,15
300690,0.0,0.0,0.25,0.158,0.079,0.967,3,15
300744,0.0,0.0,0.12,0.153,0.067,0.973,3,15
300794,0.0,0.0,0.23,0.151,0.075,0.972,3,15
300844,0.0,0.0,0.23,0.151,0.075,0.972,3,15
300894,0.0,0.0,0.18,0.150,0.079,0.970,3,15
300944,0.0,0.0,0.08,0.156,0.069,0.970,3,15
300994,0.0,0.0,0.08,0.156,0.069,0.970,3,15
301044,0.0,0.0,0.05,0.155,0.070,0.971,3,15
301094,0.0,0.0,0.10,0.150,0.079,0.971,3,15
301145,0.0,0.0,0.10,0.150,0.079,0.971,3,15
301194,0.0,0.0,0.12,0.151,0.080,0.971,3,15
301245,0.0,0.0,0.08,0.155,0.076,0.971,3,15
301296,0.0,0.0,0.08,0.155,0.076,0.971,3,15
301345,0.0,0.0,0.04,0.150,0.069,0.972,3,15
301395,0.0,0.0,0.10,0.151,0.072,0.971,3,15
301446,0.0,0.0,0.10,0.151,0.072,0.971,3,15
301495,0.0,0.0,0.05,0.155,0.078,0.970,3,15
301545,0.0,0.0,0.09,0.154,0.075,0.971,3,15
301597,0.0,0.0,0.09,0.154,0.075,0.971,3,15
301646,0.0,0.0,0.13,0.154,0.074,0.971,3,15
301696,0.0,0.0,0.09,0.152,0.074,0.970,3,15
301747,0.0,0.0,0.09,0.152,0.074,0.970,3,15
301797,0.0,0.0,0.03,0.152,0.073,0.971,3,15
301847,0.0,0.0,0.11,0.154,0.074,0.971,3,15
301899,0.0,0.0,0.02,0.152,0.076,0.971,3,15
301948,0.0,0.0,0.02,0.152,0.076,0.971,3,15
301998,0.0,0.0,0.16,0.151,0.071,0.971,3,15
302049,0.0,0.0,0.16,0.151,0.071,0.971,3,15
302098,0.0,0.0,0.13,0.153,0.073,0.972,3,15
302148,0.0,0.0,0.04,0.156,0.080,0.971,3,15
302199,0.0,0.0,0.06,0.154,0.071,0.969,3,15
302253,0.0,0.0,0.06,0.154,0.071,0.969,3,15
302303,0.0,0.0,0.21,0.153,0.068,0.970,3,15
302353,0.0,0.0,0.21,0.153,0.068,0.970,3,15
302403,0.0,0.0,0.09,0.156,0.074,0.971,3,15
302453,0.0,0.0,0.09,0.153,0.078,0.970,3,15
302503,0.0,0.0,0.09,0.149,0.074,0.972,3,15
302553,0.0,0.0,0.09,0.149,0.074,0.972,3,15
302603,0.0,0.0,0.13,0.151,0.073,0.971,3,15
302653,0.0,0.0,0.13,0.151,0.073,0.971,3,15
302703,0.0,0.0,0.15,0.154,0.074,0.970,3,15
302754,0.0,0.0,0.08,0.154,0.076,0.970,3,15
302804,0.0,0.0,0.07,0.153,0.076,0.970,3,15
302855,0.0,0.0,0.06,0.152,0.075,0.971,3,15
302904,0.0,0.0,0.12,0.152,0.072,0.971,3,15
302954,0.0,0.0,0.12,0.152,0.072,0.971,3,15
303005,0.0,0.0,0.13,0.153,0.073,0.971,3,15
303054,0.0,0.0,0.12,0.153,0.075,0.971,3,15
303104,0.0,0.0,0.18,0.152,0.074,0.970,3,15
303155,0.0,0.0,0.09,0.151,0.073,0.971,3,15
303204,0.0,0.0,0.10,0.153,0.075,0.972,3,15
303255,0.0,0.0,0.10,0.153,0.075,0.972,3,15
303305,0.0,0.0,0.12,0.155,0.079,0.970,3,15
303355,0.0,0.0,0.18,0.157,0.075,0.971,3,15
303405,0.0,0.0,0.16,0.156,0.073,0.971,3,15
303455,0.0,0.0,0.10,0.151,0.071,0.970,3,15
303505,0.0,0.0,0.05,0.147,0.070,0.970,3,15
303555,0.0,0.0,0.05,0.147,0.070,0.970,3,15
303605,0.0,0.0,0.17,0.148,0.074,0.973,3,15
303655,0.0,0.0,0.13,0.154,0.080,0.971,3,15
303705,0.0,0.0,0.11,0.155,0.079,0.970,3,15
303756,0.0,0.0,0.11,0.156,0.073,0.970,3,15
303806,0.0,0.0,0.08,0.154,0.068,0.970,3,15
303856,0.0,0.0,0.08,0.154,0.068,0.970,3,15
303906,0.0,0.0,0.14,0.151,0.077,0.971,3,15
303956,0.0,0.0,0.08,0.152,0.077,0.971,3,15
304006,0.0,0.0,0.13,0.152,0.074,0.971,3,15
304056,0.0,10.6,0.16,0.152,0.072,0.971,3,15
304106,0.0,10.6,0.11,0.152,0.073,0.971,3,15
304156,0.0,10.6,0.11,0.152,0.073,0.971,3,15
304206,0.0,10.6,0.17,0.154,0.073,0.970,3,15
304257,0.0,10.6,0.09,0.152,0.075,0.970,3,15
304307,0.0,10.6,0.13,0.150,0.076,0.972,3,15
304357,0.0,10.6,0.13,0.150,0.076,0.972,3,15
304407,0.0,10.6,0.18,0.157,0.073,0.969,3,15
304457,0.0,10.6,0.09,0.156,0.073,0.970,3,15
304507,0.0,10.6,0.15,0.151,0.073,0.971,3,15
304557,0.0,10.6,0.05,0.146,0.075,0.971,3,15
304607,0.0,10.6,0.18,0.149,0.074,0.972,3,15
304657,0.0,10.6,0.18,0.149,0.074,0.972,3,15
304707,0.0,10.6,0.11,0.157,0.074,0.971,3,15
304758,0.0,10.6,0.11,0.157,0.074,0.971,3,15
304808,0.0,10.6,0.12,0.160,0.079,0.967,3,15
304858,0.0,10.6,0.16,0.152,0.075,0.971,3,15
304908,0.0,10.6,0.13,0.144,0.071,0.973,3,15
304958,0.0,10.6,0.13,0.144,0.071,0.973,3,15
305008,0.0,10.6,0.06,0.146,0.077,0.972,3,15
305058,0.0,0.0,0.13,0.152,0.076,0.971,3,15
305108,0.0,0.0,0.25,0.156,0.074,0.971,3,15
305158,0.0,0.0,0.09,0.159,0.073,0.969,3,15
305208,0.0,0.0,0.15,0.154,0.074,0.971,3,15
305259,0.0,0.0,0.15,0.154,0.074,0.971,3,15
305309,0.0,0.0,0.10,0.154,0.074,0.971,3,15
305359,0.0,0.0,0.16,0.153,0.074,0.970,3,15
305409,0.0,0.0,0.17,0.151,0.076,0.970,3,15
305459,0.0,0.0,0.26,0.149,0.076,0.972,3,15
305509,0.0,0.0,0.09,0.153,0.073,0.973,3,15
305559,0.0,0.0,0.09,0.153,0.073,0.973,3,15
305609,0.0,0.0,0.01,0.148,0.070,0.970,3,15
305659,0.0,0.0,0.04,0.148,0.069,0.969,3,15
305709,0.0,0.0,0.04,0.150,0.071,0.970,3,15
305769,0.0,0.0,0.07,0.155,0.080,0.972,3,15
305819,0.0,0.0,0.18,0.157,0.079,0.968,3,15
305870,0.0,0.0,0.18,0.157,0.079,0.968,3,15
305919,0.0,0.0,0.09,0.157,0.075,0.968,3,15
305969,0.0,0.0,0.19,0.155,0.069,0.971,3,14
306019,0.0,0.0,0.19,0.155,0.069,0.971,3,14
306069,0.0,0.0,0.13,0.153,0.072,0.970,3,14
306119,0.0,0.0,0.22,0.149,0.079,0.972,3,14
306169,0.0,0.0,0.22,0.149,0.079,0.972,3,14
306219,0.0,0.0,0.10,0.152,0.076,0.972,3,15
306270,0.0,0.0,0.16,0.157,0.071,0.970,3,15
306321,0.0,0.0,0.07,0.156,0.071,0.969,3,15
306370,0.0,0.0,0.08,0.155,0.071,0.970,3,15
306420,0.0,0.0,0.15,0.151,0.079,0.971,3,14
306470,0.0,0.0,0.15,0.151,0.079,0.971,3,14
306520,0.0,0.0,0.17,0.151,0.080,0.971,3,14
306570,0.0,0.0,0.10,0.154,0.075,0.970,3,14
306621,0.0,0.0,0.04,0.155,0.071,0.970,3,14
306670,0.0,0.0,0.04,0.155,0.069,0.970,3,15
306720,0.0,0.0,0.11,0.153,0.074,0.971,3,15
306772,0.0,0.0,0.11,0.153,0.074,0.971,3,15
306821,0.0,0.0,0.40,0.152,0.078,0.971,3,15
306871,0.0,0.0,0.06,0.152,0.075,0.970,3,15
306921,0.0,0.0,0.12,0.153,0.072,0.971,3,15
306971,0.0,0.0,0.10,0.154,0.072,0.971,3,15
307021,0.0,0.0,0.29,0.156,0.076,0.970,3,15
307072,0.0,0.0,0.29,0.156,0.076,0.970,3,15
307122,0.0,0.0,0.11,0.154,0.077,0.970,3,15
307172,0.0,0.0,0.07,0.151,0.074,0.971,3,15
307224,0.0,0.0,0.14,0.150,0.073,0.971,3,15
307278,0.0,0.0,0.15,0.151,0.073,0.971,3,15
307328,0.0,0.0,0.08,0.156,0.075,0.971,3,15
307379,0.0,0.0,0.08,0.156,0.075,0.971,3,15
307428,0.0,0.0,0.10,0.157,0.076,0.969,3,15
307478,0.0,0.0,0.16,0.153,0.075,0.971,3,14
307529,0.0,0.0,0.13,0.150,0.075,0.972,3,15
307578,0.0,0.0,0.06,0.149,0.076,0.971,3,15
307628,0.0,0.0,0.06,0.149,0.076,0.971,3,15
307678,0.0,0.0,0.06,0.149,0.076,0.971,3,15
307728,0.0,0.0,0.06,0.149,0.076,0.971,3,15
307779,0.0,0.0,0.10,0.153,0.075,0.970,3,15
307829,0.0,0.0,0.08,0.155,0.074,0.970,3,15
307879,0.0,0.0,0.18,0.155,0.074,0.971,3,15
307929,0.0,0.0,0.12,0.153,0.075,0.970,3,15
307979,0.0,0.0,0.12,0.153,0.075,0.970,3,15
308029,0.0,0.0,0.04,0.152,0.077,0.971,3,15
308079,0.0,0.0,0.26,0.154,0.075,0.971,3,15
308130,0.0,0.0,0.06,0.155,0.073,0.970,3,15
308179,0.0,0.0,0.06,0.155,0.073,0.970,3,15
308229,0.0,0.0,0.13,0.151,0.076,0.971,3,15
308280,0.0,0.0,0.10,0.153,0.074,0.969,3,15
308330,0.0,0.0,0.10,0.153,0.074,0.969,3,15
308380,0.0,0.0,0.11,0.156,0.073,0.970,3,15
308430,0.0,0.0,0.04,0.157,0.072,0.970,3,15
308480,0.0,0.0,0.02,0.156,0.073,0.970,3,15
308530,0.0,0.0,0.09,0.152,0.078,0.971,3,15
308580,0.0,0.0,0.09,0.152,0.078,0.971,3,15
308630,0.0,0.0,0.12,0.151,0.077,0.971,3,15
308680,0.0,0.0,0.10,0.153,0.076,0.971,3,15
308730,0.0,0.0,0.08,0.153,0.076,0.971,3,15
308781,0.0,0.0,0.13,0.153,0.076,0.970,3,15
308831,0.0,0.0,0.10,0.153,0.075,0.970,3,15
308881,0.0,0.0,0.19,0.152,0.074,0.972,3,15
308931,0.0,0.0,0.19,0.152,0.074,0.972,3,15
308981,0.0,0.0,0.15,0.153,0.072,0.972,3,15
309031,0.0,0.0,0.02,0.155,0.073,0.972,3,15
309081,0.0,0.0,0.05,0.156,0.074,0.971,3,15
309131,0.0,0.0,0.10,0.157,0.077,0.969,3,15
309181,0.0,0.0,0.03,0.153,0.078,0.970,3,15
309231,0.0,0.0,0.03,0.153,0.078,0.970,3,15
309282,0.0,0.0,0.09,0.150,0.074,0.971,3,15
309332,0.0,0.0,0.08,0.150,0.072,0.972,3,15
309382,0.0,0.0,0.06,0.151,0.074,0.972,3,15
309432,0.0,0.0,0.05,0.153,0.077,0.969,3,15
309482,0.0,0.0,0.08,0.154,0.077,0.969,3,15
309532,0.0,0.0,0.08,0.154,0.077,0.969,3,15
309582,0.0,0.0,0.10,0.155,0.074,0.971,3,15
309632,0.0,0.0,0.01,0.154,0.074,0.971,3,15
309682,0.0,0.0,0.05,0.153,0.074,0.971,3,15
309732,0.0,0.0,0.10,0.154,0.075,0.971,3,15
309783,0.0,0.0,0.21,0.153,0.077,0.971,3,14
309833,0.0,0.0,0.21,0.153,0.077,0.971,3,14
309883,0.0,0.0,0.07,0.153,0.076,0.969,3,14
309933,0.0,0.0,0.14,0.154,0.076,0.969,3,14
309983,0.0,0.0,0.17,0.153,0.075,0.968,3,14
310033,0.0,0.0,0.15,0.154,0.072,0.971,3,14
310083,0.0,0.0,0.05,0.151,0.076,0.968,3,14
310133,0.0,0.0,0.05,0.151,0.076,0.968,3,14
310183,0.0,0.0,0.11,0.147,0.079,0.971,3,14
310233,0.0,0.0,0.13,0.141,0.081,0.975,3,14
310284,0.0,0.0,0.14,0.139,0.077,0.967,3,14
310334,0.0,0.0,0.18,0.163,0.075,0.967,3,14
310384,0.0,0.0,0.09,0.165,0.073,0.969,3,14
310434,0.0,0.0,0.09,0.165,0.073,0.969,3,14
310484,0.0,0.0,0.07,0.156,0.072,0.969,3,14
310534,0.0,0.0,0.02,0.149,0.076,0.974,3,14
310584,0.0,0.0,0.08,0.147,0.080,0.972,3,14
310634,0.0,0.0,0.07,0.150,0.079,0.971,3,14
310684,0.0,0.0,0.16,0.156,0.073,0.969,3,14
310734,0.0,0.0,0.16,0.156,0.073,0.969,3,14
310789,0.0,0.0,0.10,0.149,0.072,0.969,3,14
310839,0.0,0.0,0.08,0.150,0.077,0.974,3,14
310891,0.0,0.0,0.12,0.153,0.077,0.970,3,14
310940,0.0,0.0,0.03,0.156,0.076,0.972,3,14
310990,0.0,0.0,0.05,0.152,0.076,0.971,3,14
311041,0.0,0.0,0.07,0.152,0.076,0.969,3,14
311090,0.0,0.0,0.06,0.152,0.076,0.969,3,14
311140,0.0,0.0,0.07,0.153,0.076,0.970,3,14
311191,0.0,0.0,0.06,0.154,0.077,0.971,3,14
311240,0.0,0.0,0.07,0.154,0.074,0.970,3,14
311291,0.0,0.0,0.12,0.152,0.074,0.970,3,14
311343,0.0,0.0,0.05,0.152,0.075,0.971,3,14
311392,0.0,0.0,0.05,0.151,0.076,0.972,3,14
311442,0.0,0.0,0.07,0.151,0.076,0.971,3,14
311493,0.0,0.0,0.07,0.151,0.076,0.971,3,14
311542,0.0,0.0,0.15,0.150,0.076,0.971,3,14
311592,0.0,0.0,0.03,0.151,0.075,0.971,3,14
311643,0.0,0.0,0.05,0.152,0.075,0.973,3,14
311692,0.0,0.0,0.03,0.152,0.075,0.973,3,15
311742,0.0,0.0,0.03,0.151,0.077,0.971,3,15
311793,0.0,0.0,0.03,0.151,0.077,0.971,3,15
311843,0.0,0.0,0.07,0.152,0.076,0.971,3,15
311893,0.0,0.0,0.05,0.152,0.075,0.971,3,15
311944,0.0,0.0,0.05,0.152,0.075,0.971,3,15
311993,0.0,0.0,0.06,0.152,0.076,0.970,3,15
312043,0.0,0.0,0.03,0.151,0.077,0.970,3,15
312093,0.0,0.0,0.03,0.151,0.077,0.970,3,15
312143,0.0,0.0,0.07,0.150,0.077,0.971,3,15
312193,0.0,0.0,0.07,0.151,0.077,0.971,3,15
312243,0.0,0.0,0.04,0.151,0.076,0.971,3,15
312295,0.0,0.0,0.06,0.151,0.076,0.971,3,15
312345,0.0,0.0,0.01,0.151,0.076,0.971,3,15
312395,0.0,0.0,0.01,0.151,0.076,0.971,3,15
312445,0.0,0.0,0.07,0.151,0.076,0.971,3,15
312495,0.0,0.0,0.10,0.151,0.077,0.971,3,15
312545,0.0,0.0,0.02,0.151,0.077,0.971,3,15
312595,0.0,0.0,0.08,0.150,0.077,0.971,3,15
312645,0.0,0.0,0.01,0.152,0.077,0.971,3,15
312695,0.0,0.0,0.01,0.152,0.077,0.971,3,15
312745,0.0,0.0,0.04,0.153,0.076,0.971,3,15
312796,0.0,0.0,0.03,0.151,0.077,0.970,3,15
312847,0.0,0.0,0.08,0.150,0.078,0.970,3,15
312896,0.0,0.0,0.13,0.148,0.078,0.971,3,15
312946,0.0,0.0,0.12,0.149,0.076,0.971,3,15
312997,0.0,0.0,0.12,0.149,0.076,0.971,3,15
313046,0.0,0.0,0.12,0.151,0.075,0.970,3,15
313096,0.0,0.0,0.11,0.151,0.077,0.971,3,15
313147,0.0,0.0,0.08,0.150,0.077,0.971,3,15
313196,0.0,0.0,0.03,0.148,0.077,0.971,3,15
313246,0.0,0.0,0.10,0.148,0.076,0.970,3,15
313297,0.0,0.0,0.10,0.148,0.076,0.970,3,15
313347,0.0,0.0,0.07,0.153,0.077,0.972,3,15
313397,0.0,0.0,0.08,0.156,0.074,0.971,3,15
313447,0.0,0.0,0.06,0.157,0.072,0.970,3,15
313497,0.0,0.0,0.11,0.157,0.073,0.970,3,15
313547,0.0,0.0,0.06,0.152,0.080,0.971,3,15
313598,0.0,0.0,0.06,0.152,0.080,0.971,3,15
313647,0.0,0.0,0.02,0.149,0.081,0.971,3,15
313697,0.0,0.0,0.07,0.147,0.078,0.971,3,15
313747,0.0,0.0,0.11,0.149,0.077,0.971,3,15
313799,0.0,0.0,0.11,0.149,0.077,0.971,3,15
313849,0.0,0.0,0.15,0.152,0.074,0.972,3,14
313900,0.0,0.0,0.15,0.152,0.074,0.972,3,14
313949,0.0,0.0,0.10,0.153,0.074,0.970,3,14
313999,0.0,0.0,0.24,0.151,0.078,0.970,3,14
314050,0.0,0.0,0.27,0.150,0.077,0.971,3,14
314099,0.0,0.0,0.17,0.150,0.076,0.971,3,14
314149,0.0,0.0,0.21,0.152,0.078,0.971,3,14
314200,0.0,0.0,0.21,0.152,0.078,0.971,3,14
314249,0.0,0.0,0.15,0.152,0.077,0.970,3,15
314300,0.0,0.0,0.15,0.151,0.075,0.971,3,14
314350,0.0,0.0,0.18,0.150,0.074,0.972,3,14
314400,0.0,0.0,0.18,0.150,0.074,0.972,3,14
314450,0.0,0.0,0.02,0.149,0.073,0.970,3,14
314500,0.0,0.0,0.02,0.149,0.073,0.970,3,14
314551,0.0,0.0,0.13,0.153,0.081,0.971,3,14
314601,0.0,0.0,0.05,0.154,0.079,0.971,3,14
314652,0.0,0.0,0.10,0.152,0.074,0.972,3,14
314701,0.0,0.0,0.11,0.151,0.073,0.971,3,14
314751,0.0,0.0,0.20,0.150,0.076,0.971,3,14
314803,0.0,0.0,0.20,0.150,0.076,0.971,3,14
314852,0.0,0.0,0.10,0.151,0.079,0.971,3,14
314902,0.0,0.0,0.08,0.153,0.078,0.971,3,14
314952,0.0,0.0,0.03,0.153,0.076,0.970,3,14
315002,0.0,0.0,0.02,0.151,0.074,0.971,3,14
315052,0.0,0.0,0.10,0.149,0.075,0.971,3,14
315102,0.0,0.0,0.10,0.149,0.075,0.971,3,14
315152,0.0,0.0,0.10,0.152,0.079,0.970,3,14
315202,0.0,0.0,0.07,0.152,0.077,0.970,3,14
315252,0.0,0.0,0.07,0.152,0.076,0.972,3,14
315304,0.0,0.0,0.03,0.152,0.075,0.971,3,14
315354,0.0,0.0,0.06,0.151,0.075,0.971,3,14
315404,0.0,0.0,0.06,0.151,0.075,0.971,3,14
315454,0.0,0.0,0.24,0.150,0.077,0.970,3,14
315504,0.0,0.0,0.21,0.151,0.077,0.971,3,14
315554,0.0,0.0,0.13,0.153,0.076,0.971,3,14
315604,0.0,0.0,0.08,0.152,0.077,0.971,3,14
315654,0.0,0.0,0.10,0.151,0.078,0.971,3,14
315704,0.0,0.0,0.10,0.151,0.078,0.971,3,14
315754,0.0,0.0,0.16,0.150,0.075,0.971,3,15
315805,0.0,0.0,0.05,0.140,0.075,0.969,3,15
315855,0.0,0.0,0.13,0.143,0.084,0.964,3,15
315905,0.0,0.0,0.13,0.155,0.064,0.963,3,15
315955,0.0,0.0,0.04,0.166,0.078,0.975,3,15
316005,0.0,0.0,0.04,0.166,0.078,0.975,3,15
316055,0.0,0.0,0.06,0.152,0.090,0.978,3,15
316105,0.0,0.0,0.06,0.156,0.071,0.971,3,15
316155,0.0,0.0,0.08,0.153,0.069,0.971,3,15
316205,0.0,0.0,0.12,0.152,0.069,0.974,3,15
316255,0.0,0.0,0.09,0.152,0.081,0.971,3,15
316306,0.0,0.0,0.09,0.152,0.081,0.971,3,15
316356,0.0,0.0,0.08,0.148,0.074,0.972,3,15
316406,0.0,0.0,0.05,0.147,0.078,0.972,3,15
316456,0.0,0.0,0.05,0.145,0.083,0.971,3,15
316506,0.0,0.0,0.07,0.145,0.083,0.971,3,15
316556,0.0,0.0,0.07,0.147,0.073,0.972,3,15
316606,0.0,0.0,0.07,0.147,0.073,0.972,3,15
316656,0.0,0.0,0.08,0.148,0.072,0.973,3,15
316706,0.0,0.0,0.10,0.150,0.079,0.971,3,16
316756,0.0,0.0,0.04,0.150,0.081,0.970,3,16
316807,0.0,0.0,0.04,0.150,0.081,0.970,3,16
316857,0.0,0.0,0.09,0.149,0.076,0.970,3,16
316907,0.0,0.0,0.09,0.149,0.076,0.970,3,16
316957,0.0,0.0,0.04,0.148,0.075,0.965,3,16
317007,0.0,0.0,0.08,0.150,0.076,0.971,3,16
317057,0.0,0.0,0.04,0.151,0.078,0.979,3,16
317107,0.0,0.0,0.06,0.148,0.078,0.981,3,16
317157,0.0,0.0,0.08,0.142,0.081,0.971,3,16
317207,0.0,0.0,0.08,0.142,0.081,0.971,3,16
317257,0.0,0.0,0.05,0.147,0.076,0.970,3,16
317308,0.0,0.0,0.04,0.153,0.075,0.969,3,16
317358,0.0,0.0,0.07,0.155,0.077,0.970,3,16
317408,0.0,0.0,0.07,0.155,0.077,0.970,3,16
317458,0.0,0.0,0.15,0.153,0.081,0.972,3,16
317508,0.0,0.0,0.15,0.153,0.081,0.972,3,16
317558,0.0,0.0,0.12,0.146,0.078,0.972,3,16
317608,0.0,0.0,0.08,0.144,0.076,0.971,3,16
317658,0.0,0.0,0.05,0.145,0.077,0.970,3,16
317708,0.0,0.0,0.02,0.147,0.079,0.972,3,16
317758,0.0,0.0,0.09,0.149,0.081,0.972,3,16
317809,0.0,0.0,0.09,0.149,0.081,0.972,3,16
317859,0.0,0.0,0.03,0.149,0.078,0.971,3,16
317909,0.0,0.0,0.14,0.149,0.075,0.971,3,16
317959,0.0,0.0,0.09,0.149,0.076,0.971,3,16
318009,0.0,0.0,0.09,0.149,0.076,0.971,3,16
318059,0.0,0.0,0.05,0.148,0.081,0.971,3,16
318109,0.0,0.0,0.05,0.148,0.081,0.971,3,16
318159,0.0,0.0,0.13,0.149,0.079,0.972,3,16
318209,0.0,0.0,0.05,0.148,0.076,0.971,3,16
318259,0.0,0.0,0.06,0.147,0.078,0.970,3,16
318310,0.0,0.0,0.08,0.147,0.079,0.971,3,16
318360,0.0,0.0,0.04,0.148,0.079,0.973,3,16
318410,0.0,0.0,0.04,0.148,0.079,0.973,3,16
318460,0.0,0.0,0.04,0.148,0.078,0.971,3,16
318510,0.0,0.0,0.01,0.149,0.077,0.970,3,16
318560,0.0,0.0,0.09,0.148,0.078,0.972,3,16
318610,0.0,0.0,0.09,0.148,0.078,0.972,3,16
318660,0.0,0.0,0.15,0.147,0.081,0.972,3,16
318710,0.0,0.0,0.15,0.147,0.081,0.972,3,16
318760,0.0,0.0,0.17,0.147,0.078,0.972,3,16
318813,0.0,0.0,0.17,0.147,0.078,0.972,3,16
318863,0.0,0.0,0.10,0.147,0.078,0.972,3,16
318917,0.0,0.0,0.11,0.147,0.080,0.971,3,16
318967,0.0,0.0,0.11,0.147,0.076,0.970,3,16
319017,0.0,0.0,0.10,0.150,0.075,0.972,3,16
319070,0.0,0.0,0.10,0.150,0.075,0.972,3,16
319119,0.0,0.0,0.08,0.149,0.083,0.973,3,16
319169,0.0,0.0,0.06,0.148,0.080,0.971,3,16
319219,0.0,0.0,0.06,0.148,0.080,0.971,3,16
319269,0.0,0.0,0.08,0.148,0.077,0.972,3,16
319320,0.0,0.0,0.02,0.149,0.077,0.971,3,16
319371,0.0,0.0,0.02,0.149,0.077,0.971,3,16
319420,0.0,0.0,0.08,0.150,0.077,0.971,3,16
319470,0.0,0.0,0.04,0.148,0.080,0.971,3,16
319521,0.0,0.0,0.04,0.148,0.080,0.971,3,16
319570,0.0,0.0,0.15,0.148,0.078,0.971,3,16
319620,0.0,0.0,0.18,0.148,0.077,0.971,3,16
319671,0.0,0.0,0.12,0.148,0.076,0.971,3,16
319721,0.0,0.0,0.07,0.148,0.077,0.972,3,16
319771,0.0,0.0,0.08,0.147,0.079,0.973,3,16
319823,0.0,0.0,0.08,0.147,0.079,0.973,3,16
319872,0.0,0.0,0.10,0.146,0.079,0.972,3,16
319922,0.0,0.0,0.04,0.148,0.079,0.971,3,16
319972,0.0,0.0,0.16,0.150,0.079,0.971,3,16
320022,0.0,0.0,0.09,0.150,0.077,0.970,3,16
320072,0.0,0.0,0.09,0.148,0.076,0.971,3,16
320122,0.0,0.0,0.09,0.148,0.076,0.971,3,16
320172,0.0,0.0,0.02,0.147,0.082,0.971,3,16
320222,0.0,0.0,0.07,0.148,0.081,0.970,3,16
320274,0.0,0.0,0.05,0.149,0.077,0.972,3,16
320324,0.0,0.0,0.05,0.149,0.077,0.972,3,16
320374,0.0,0.0,0.05,0.149,0.075,0.972,3,16
320426,0.0,0.0,0.05,0.149,0.075,0.972,3,16
320475,0.0,0.0,0.09,0.148,0.080,0.973,3,16
320525,0.0,0.0,0.09,0.148,0.079,0.973,3,16
320576,0.0,0.0,0.11,0.147,0.077,0.972,3,16
320625,0.0,0.0,0.11,0.147,0.076,0.973,3,16
320675,0.0,0.0,0.03,0.147,0.078,0.972,3,16
320726,0.0,0.0,0.03,0.147,0.078,0.972,3,16
320775,0.0,0.0,0.04,0.148,0.079,0.971,3,16
320826,0.0,0.0,0.04,0.148,0.079,0.969,3,16
320876,0.0,0.0,0.07,0.149,0.078,0.968,3,16
320926,0.0,0.0,0.07,0.149,0.078,0.968,3,16
320976,0.0,0.0,0.09,0.151,0.076,0.970,3,16
321028,0.0,0.0,0.09,0.151,0.076,0.970,3,16
321077,0.0,0.0,0.03,0.150,0.078,0.971,3,16
321127,0.0,0.0,0.09,0.149,0.079,0.969,3,16
321178,0.0,0.0,0.04,0.149,0.077,0.968,3,16
321227,0.0,0.0,0.01,0.150,0.075,0.971,3,16
321277,0.0,0.0,0.06,0.151,0.079,0.973,3,16
321329,0.0,0.0,0.06,0.151,0.079,0.973,3,16
321379,0.0,0.0,0.02,0.147,0.082,0.969,3,16
321429,0.0,0.0,0.06,0.147,0.077,0.972,3,16
321479,0.0,0.0,0.11,0.147,0.074,0.971,3,16
321529,0.0,0.0,0.11,0.147,0.074,0.971,3,16
321579,0.0,0.0,0.06,0.149,0.074,0.974,3,16
321631,0.0,0.0,0.06,0.149,0.074,0.974,3,16
321680,0.0,0.0,0.05,0.148,0.085,0.974,3,16
321730,0.0,0.0,0.07,0.147,0.081,0.972,3,16
321780,0.0,0.0,0.01,0.148,0.075,0.972,3,16
321832,0.0,0.0,0.15,0.149,0.073,0.971,3,16
321881,0.0,0.0,0.09,0.150,0.078,0.972,3,16
321931,0.0,0.0,0.09,0.150,0.078,0.972,3,16
321982,0.0,0.0,0.05,0.146,0.082,0.973,3,16
322031,0.0,0.0,0.02,0.147,0.077,0.972,3,16
322081,0.0,0.0,0.13,0.148,0.076,0.970,3,16
322132,0.0,0.0,0.11,0.151,0.075,0.970,3,16
322181,0.0,0.0,0.11,0.152,0.076,0.970,3,16
322231,0.0,0.0,0.11,0.152,0.076,0.970,3,16
322282,0.0,0.0,0.11,0.152,0.081,0.971,3,16
322332,0.0,0.0,0.04,0.147,0.081,0.971,3,16
322382,0.0,0.0,0.05,0.145,0.078,0.971,3,16
322432,0.0,0.0,0.13,0.144,0.077,0.971,3,16
322482,0.0,0.0,0.06,0.147,0.077,0.973,3,16
322532,0.0,0.0,0.06,0.147,0.077,0.973,3,16
322582,0.0,0.0,0.11,0.149,0.079,0.972,3,16
322632,0.0,0.0,0.15,0.150,0.080,0.971,3,16
322682,0.0,0.0,0.17,0.150,0.079,0.972,3,16
322732,0.0,0.0,0.17,0.150,0.079,0.972,3,16
322782,0.0,0.0,0.02,0.150,0.076,0.971,3,16
322833,0.0,0.0,0.13,0.149,0.080,0.971,3,16
322883,0.0,0.0,0.13,0.149,0.080,0.971,3,16
322933,0.0,0.0,0.04,0.147,0.080,0.972,3,16
322983,0.0,0.0,0.04,0.147,0.080,0.972,3,16
323033,0.0,0.0,0.05,0.146,0.078,0.971,3,16
323083,0.0,0.0,0.07,0.147,0.076,0.971,3,16
323133,0.0,0.0,0.13,0.148,0.079,0.971,3,16
323183,0.0,0.0,0.13,0.148,0.079,0.971,3,16
323233,0.0,0.0,0.06,0.149,0.080,0.971,3,16
323283,0.0,0.0,0.09,0.149,0.079,0.971,3,16
323334,0.0,0.0,0.08,0.149,0.078,0.972,3,16
323384,0.0,0.0,0.11,0.149,0.077,0.971,3,16
323434,0.0,0.0,0.03,0.149,0.077,0.971,3,16
323484,0.0,0.0,0.03,0.149,0.077,0.971,3,16
323534,0.0,0.0,0.04,0.148,0.080,0.972,3,16
323584,0.0,0.0,0.03,0.148,0.080,0.971,3,16
323634,0.0,0.0,0.03,0.149,0.079,0.971,3,16
323684,0.0,0.0,0.04,0.150,0.078,0.971,3,16
323734,0.0,0.0,0.01,0.150,0.078,0.971,3,16
323784,0.0,0.0,0.01,0.150,0.078,0.971,3,16
323835,0.0,0.0,0.05,0.148,0.079,0.971,3,16
323885,0.0,0.0,0.08,0.147,0.079,0.971,3,16
323935,0.0,0.0,0.08,0.147,0.079,0.971,3,16
323985,0.0,0.0,0.05,0.146,0.080,0.972,3,16
324035,0.0,0.0,0.04,0.148,0.075,0.972,3,16
324085,0.0,0.0,0.04,0.148,0.075,0.972,3,16
324135,0.0,0.0,0.10,0.150,0.072,0.971,3,16
324185,0.0,0.0,0.09,0.151,0.079,0.971,3,16
324235,0.0,0.0,0.06,0.150,0.084,0.971,3,16
324285,0.0,0.0,0.13,0.149,0.080,0.972,3,16
324336,0.0,0.0,0.11,0.149,0.075,0.971,3,16
324392,0.0,0.0,0.11,0.149,0.075,0.971,3,16
324442,0.0,0.0,0.07,0.147,0.079,0.972,3,16
324492,0.0,0.0,0.18,0.146,0.079,0.972,3,16
324542,0.0,0.0,0.18,0.146,0.079,0.972,3,16
324592,0.0,0.0,0.09,0.144,0.077,0.971,3,16
324642,0.0,0.0,0.11,0.147,0.078,0.973,3,16
324692,0.0,0.0,0.11,0.147,0.078,0.973,3,16
324742,0.0,0.0,0.06,0.153,0.083,0.971,3,16
324792,0.0,0.0,0.09,0.154,0.083,0.969,3,16
324844,0.0,0.0,0.07,0.154,0.079,0.970,3,16
324894,0.0,0.0,0.07,0.152,0.075,0.971,3,16
324944,0.0,0.0,0.18,0.148,0.079,0.971,3,16
324994,0.0,0.0,0.23,0.145,0.081,0.972,3,16
325044,0.0,0.0,0.12,0.141,0.080,0.973,3,16
325094,0.0,0.0,0.14,0.139,0.076,0.973,3,16
325145,0.0,0.0,0.14,0.139,0.076,0.973,3,16
325196,0.0,0.0,0.15,0.142,0.074,0.972,3,16
325246,0.0,0.0,0.11,0.152,0.075,0.971,3,16
325296,0.0,0.0,0.02,0.155,0.078,0.971,3,16
325348,0.0,0.0,0.07,0.156,0.082,0.970,3,16
325398,0.0,0.0,0.10,0.152,0.082,0.971,3,16
325448,0.0,0.0,0.10,0.152,0.082,0.971,3,16
325498,0.0,0.0,0.17,0.146,0.076,0.972,3,16
325548,0.0,0.0,0.10,0.144,0.076,0.971,3,16
325599,0.0,0.0,0.10,0.144,0.076,0.971,3,16
325648,0.0,0.0,0.07,0.145,0.077,0.972,3,16
325698,0.0,0.0,0.04,0.150,0.078,0.972,3,16
325748,0.0,0.0,0.04,0.150,0.078,0.972,3,16
325798,0.0,0.0,0.16,0.150,0.080,0.971,3,16
325849,0.0,0.0,0.03,0.146,0.078,0.970,3,16
325901,0.0,0.0,0.04,0.146,0.077,0.972,3,16
325951,0.0,0.0,0.07,0.147,0.079,0.973,3,16
326001,0.0,0.0,0.06,0.150,0.078,0.972,3,16
326051,0.0,0.0,0.06,0.150,0.078,0.972,3,16
326101,0.0,0.0,0.05,0.150,0.075,0.970,3,16
326151,0.0,0.0,0.06,0.152,0.077,0.971,3,16
326201,0.0,0.0,0.06,0.152,0.080,0.972,3,16
326251,0.0,0.0,0.07,0.150,0.081,0.971,3,16
326301,0.0,0.0,0.04,0.145,0.079,0.972,3,16
326352,0.0,0.0,0.04,0.145,0.079,0.972,3,16
326402,0.0,0.0,0.06,0.144,0.077,0.972,3,16
326452,0.0,0.0,0.11,0.147,0.075,0.972,3,16
326503,0.0,0.0,0.19,0.150,0.075,0.971,3,16
326552,0.0,0.0,0.13,0.154,0.077,0.970,3,16
326602,0.0,0.0,0.03,0.153,0.082,0.971,3,16
326653,0.0,0.0,0.03,0.153,0.082,0.971,3,16
326702,0.0,0.0,0.06,0.144,0.078,0.971,3,16
326752,0.0,0.0,0.17,0.145,0.073,0.972,3,16
326803,0.0,0.0,0.18,0.148,0.075,0.972,3,16
326855,0.0,0.0,0.19,0.151,0.080,0.972,3,16
326905,0.0,0.0,0.17,0.150,0.084,0.971,3,16
326955,0.0,0.0,0.04,0.149,0.080,0.971,3,16
327005,0.0,0.0,0.04,0.149,0.080,0.971,3,16
327055,0.0,0.0,0.08,0.148,0.072,0.972,3,16
327105,0.0,0.0,0.05,0.147,0.074,0.971,3,16
327155,0.0,0.0,0.05,0.147,0.074,0.971,3,16
327205,0.0,0.0,0.03,0.149,0.078,0.972,3,16
327255,0.0,0.0,0.05,0.150,0.078,0.971,3,16
327305,0.0,0.0,0.05,0.150,0.078,0.971,3,16
327356,0.0,0.0,0.10,0.147,0.081,0.971,3,16
327406,0.0,0.0,0.11,0.146,0.080,0.972,3,16
327456,0.0,0.0,0.03,0.146,0.078,0.972,3,16
327506,0.0,0.0,0.09,0.147,0.077,0.972,3,16
327557,0.0,0.0,0.11,0.148,0.076,0.971,3,16
327606,0.0,0.0,0.03,0.149,0.076,0.970,3,16
327656,0.0,0.0,0.16,0.152,0.077,0.972,3,16
327706,0.0,0.0,0.11,0.151,0.079,0.972,3,16
327756,0.0,0.0,0.15,0.148,0.079,0.971,3,16
327806,0.0,0.0,0.06,0.143,0.078,0.971,3,16
327857,0.0,0.0,0.06,0.147,0.079,0.972,3,16
327907,0.0,0.0,0.06,0.147,0.079,0.972,3,16
327957,0.0,0.0,0.05,0.151,0.075,0.971,3,16
328007,0.0,0.0,0.03,0.152,0.075,0.971,3,16
328057,0.0,0.0,0.14,0.151,0.078,0.971,3,16
328107,0.0,0.0,0.06,0.147,0.081,0.971,3,15
328157,0.0,0.0,0.10,0.146,0.078,0.971,3,16
328207,0.0,0.0,0.10,0.146,0.078,0.971,3,16
328257,0.0,0.0,0.08,0.149,0.076,0.971,3,16
328307,0.0,0.0,0.05,0.150,0.078,0.971,3,16
328358,0.0,0.0,0.03,0.149,0.080,0.971,3,16
328408,0.0,0.0,0.05,0.147,0.078,0.972,3,16
328458,0.0,0.0,0.17,0.147,0.077,0.972,3,16
328508,0.0,0.0,0.17,0.147,0.077,0.972,3,16
328558,0.0,0.0,0.19,0.149,0.080,0.971,3,16
328608,0.0,0.0,0.07,0.150,0.080,0.971,3,16
328658,0.0,0.0,0.08,0.149,0.080,0.971,3,16
328708,0.0,0.0,0.05,0.147,0.077,0.971,3,16
328758,0.0,0.0,0.08,0.146,0.076,0.972,3,16
328808,0.0,0.0,0.08,0.146,0.076,0.972,3,16
328859,0.0,0.0,0.05,0.147,0.077,0.972,3,16
328909,0.0,0.0,0.06,0.147,0.079,0.972,3,16
328959,0.0,0.0,0.04,0.147,0.080,0.972,3,16
329009,0.0,0.0,0.10,0.148,0.077,0.972,3,16
329059,0.0,0.0,0.09,0.151,0.077,0.970,3,16
329109,0.0,0.0,0.09,0.151,0.077,0.970,3,16
329159,0.0,0.0,0.03,0.154,0.079,0.971,3,16
329209,0.0,0.0,0.04,0.152,0.079,0.971,3,16
329259,0.0,0.0,0.04,0.148,0.077,0.971,3,16
329309,0.0,0.0,0.11,0.145,0.077,0.970,3,16
329360,0.0,0.0,0.03,0.146,0.078,0.972,3,16
329410,0.0,0.0,0.03,0.146,0.078,0.972,3,16
329460,0.0,0.0,0.12,0.149,0.079,0.972,3,16
329510,0.0,0.0,0.11,0.151,0.078,0.972,3,16
329560,0.0,0.0,0.05,0.151,0.075,0.972,3,16
329610,0.0,0.0,0.03,0.149,0.077,0.971,3,16
329660,0.0,0.0,0.15,0.148,0.082,0.971,3,16
329710,0.0,0.0,0.15,0.148,0.082,0.971,3,16
329760,0.0,0.0,0.07,0.147,0.079,0.971,3,16
329810,0.0,0.0,0.03,0.147,0.077,0.971,3,16
329861,0.0,0.0,0.07,0.147,0.077,0.970,3,16
329911,0.0,0.0,0.07,0.148,0.078,0.972,3,16
329961,0.0,0.0,0.03,0.145,0.080,0.974,3,16
330011,0.0,0.0,0.03,0.145,0.080,0.974,3,16
330061,0.0,0.0,0.06,0.145,0.075,0.972,3,16
330111,0.0,0.0,0.04,0.147,0.075,0.971,3,16
330161,0.0,0.0,0.02,0.149,0.075,0.968,3,16
330211,0.0,0.0,0.11,0.147,0.078,0.967,3,16
330261,0.0,0.0,0.02,0.162,0.075,0.974,3,16
330311,0.0,0.0,0.02,0.162,0.075,0.974,3,16
330372,0.0,0.0,0.08,0.156,0.085,0.984,3,16
330422,0.0,0.0,0.13,0.147,0.081,0.965,3,16
330472,0.0,0.0,0.13,0.147,0.081,0.965,3,16
330522,0.0,0.0,0.13,0.150,0.071,0.971,3,16
330572,0.0,0.0,0.08,0.146,0.080,0.975,3,16
330622,0.0,0.0,0.08,0.146,0.080,0.975,3,16
330672,0.0,0.0,0.11,0.145,0.081,0.970,3,16
330722,0.0,0.0,0.12,0.148,0.075,0.973,3,16
330772,0.0,0.0,0.12,0.148,0.075,0.973,3,16
330822,0.0,0.0,0.23,0.151,0.079,0.970,3,16
330873,0.0,0.0,0.13,0.149,0.078,0.971,3,16
330924,0.0,0.0,0.13,0.149,0.078,0.971,3,16
330973,0.0,0.0,0.15,0.147,0.079,0.971,3,16
331023,0.0,0.0,0.14,0.146,0.080,0.971,3,16
331073,0.0,0.0,0.14,0.146,0.080,0.971,3,16
331123,0.0,0.0,0.05,0.147,0.078,0.971,3,16
331173,0.0,0.0,0.32,0.152,0.078,0.971,3,16
331223,0.0,0.0,0.32,0.152,0.078,0.971,3,16
331273,0.0,0.0,0.17,0.152,0.078,0.971,3,16
331323,0.0,0.0,0.07,0.146,0.082,0.971,3,16
331375,0.0,0.0,0.07,0.145,0.080,0.971,3,16
331424,0.0,0.0,0.08,0.144,0.078,0.972,3,16
331474,0.0,0.0,0.03,0.143,0.074,0.971,3,16
331524,0.0,0.0,0.03,0.143,0.074,0.971,3,16
331574,0.0,0.0,0.08,0.148,0.076,0.971,3,16
331624,0.0,0.0,0.03,0.151,0.079,0.971,3,16
331674,0.0,0.0,0.03,0.151,0.079,0.971,3,16
331724,0.0,0.0,0.04,0.152,0.084,0.971,3,16
331774,0.0,0.0,0.17,0.150,0.078,0.971,3,16
331824,0.0,0.0,0.17,0.150,0.078,0.971,3,16
331881,0.0,0.0,0.17,0.150,0.073,0.971,3,16
331931,0.0,0.0,0.13,0.150,0.081,0.971,3,16
331981,0.0,0.0,0.20,0.151,0.085,0.971,3,16
332031,0.0,0.0,0.12,0.151,0.085,0.972,3,16
332081,0.0,0.0,0.06,0.148,0.079,0.972,3,16
332131,0.0,0.0,0.06,0.148,0.079,0.972,3,16
332181,0.0,0.0,0.08,0.146,0.070,0.971,3,16
332231,0.0,0.0,0.08,0.147,0.075,0.971,3,16
332281,0.0,0.0,0.07,0.149,0.081,0.971,3,16
332331,0.0,0.0,0.14,0.151,0.083,0.972,3,16
332382,0.0,0.0,0.08,0.151,0.082,0.971,3,16
332433,0.0,0.0,0.08,0.151,0.082,0.971,3,16
332483,0.0,0.0,0.14,0.149,0.079,0.971,3,16
332532,0.0,0.0,0.11,0.147,0.078,0.971,3,15
332582,0.0,0.0,0.07,0.146,0.076,0.972,3,15
332633,0.0,0.0,0.07,0.145,0.075,0.973,3,15
332682,0.0,0.0,0.07,0.146,0.078,0.973,3,15
332732,0.0,0.0,0.07,0.146,0.078,0.973,3,15
332783,0.0,0.0,0.03,0.151,0.080,0.971,3,15
332832,0.0,0.0,0.15,0.151,0.075,0.971,3,15
332883,0.0,0.0,0.15,0.149,0.077,0.970,3,15
332933,0.0,0.0,0.05,0.148,0.079,0.971,3,15
332983,0.0,0.0,0.11,0.146,0.080,0.971,3,15
333033,0.0,0.0,0.11,0.146,0.080,0.971,3,15
333083,0.0,0.0,0.09,0.146,0.080,0.972,3,15
333133,0.0,0.0,0.06,0.149,0.077,0.971,3,15
333183,0.0,0.0,0.05,0.149,0.077,0.971,3,15
333233,0.0,0.0,0.10,0.148,0.080,0.972,3,15
333283,0.0,0.0,0.17,0.149,0.080,0.972,3,15
333333,0.0,0.0,0.17,0.149,0.080,0.972,3,15
333384,0.0,0.0,0.08,0.148,0.077,0.971,3,15
333434,0.0,0.0,0.07,0.147,0.079,0.972,3,15
333484,0.0,0.0,0.12,0.148,0.078,0.972,3,15
333534,0.0,0.0,0.12,0.148,0.078,0.972,3,15
333584,0.0,0.0,0.04,0.148,0.077,0.971,3,15
333634,0.0,0.0,0.04,0.148,0.077,0.971,3,15
333684,0.0,0.0,0.08,0.150,0.080,0.971,3,15
333734,0.0,0.0,0.08,0.150,0.081,0.972,3,15
333784,0.0,0.0,0.12,0.149,0.080,0.972,3,15
333834,0.0,0.0,0.08,0.147,0.077,0.971,3,15
333885,0.0,0.0,0.01,0.148,0.076,0.971,3,15
333935,0.0,0.0,0.18,0.148,0.080,0.970,3,15
333985,0.0,0.0,0.18,0.148,0.080,0.970,3,15
334035,0.0,0.0,0.04,0.149,0.079,0.971,3,15
334085,0.0,0.0,0.06,0.148,0.079,0.972,3,15
334135,0.0,0.0,0.07,0.147,0.079,0.972,3,15
334185,0.0,0.0,0.11,0.146,0.079,0.973,3,15
334235,0.0,0.0,0.09,0.144,0.078,0.970,3,15
334285,0.0,0.0,0.09,0.144,0.078,0.970,3,15
334335,0.0,0.0,0.04,0.145,0.076,0.969,3,15
334386,0.0,0.0,0.07,0.151,0.075,0.973,3,15
334436,0.0,0.0,0.07,0.151,0.075,0.973,3,15
334486,0.0,0.0,0.06,0.150,0.086,0.970,3,15
334536,0.0,0.0,0.06,0.148,0.074,0.970,3,15
334586,0.0,0.0,0.06,0.148,0.074,0.970,3,15
334636,0.0,0.0,0.06,0.147,0.070,0.972,3,15
334686,0.0,0.0,0.10,0.146,0.072,0.972,3,15
334736,0.0,0.0,0.05,0.145,0.076,0.971,3,15
334786,0.0,0.0,0.04,0.146,0.083,0.972,3,15
334836,0.0,0.0,0.03,0.151,0.080,0.972,3,15
334895,0.0,0.0,0.03,0.151,0.080,0.972,3,15
334945,0.0,0.0,0.08,0.151,0.076,0.970,3,15
334995,0.0,0.0,0.13,0.146,0.077,0.970,3,16
335045,0.0,0.0,0.13,0.146,0.077,0.970,3,16
335095,0.0,0.0,0.06,0.146,0.081,0.972,3,16
335145,0.0,0.0,0.03,0.148,0.078,0.971,3,16
335195,0.0,0.0,0.05,0.149,0.076,0.971,3,16
335245,0.0,0.0,0.07,0.149,0.076,0.972,3,16
335295,0.0,0.0,0.07,0.149,0.077,0.970,3,16
335345,0.0,0.0,0.07,0.149,0.077,0.970,3,16
335398,0.0,0.0,0.05,0.150,0.081,0.972,3,16
335448,0.0,0.0,0.07,0.148,0.083,0.973,3,16
335499,0.0,0.0,0.03,0.146,0.082,0.972,3,16
335548,0.0,0.0,0.09,0.145,0.078,0.972,3,16
335598,0.0,0.0,0.10,0.147,0.074,0.973,3,16
335649,0.0,0.0,0.10,0.147,0.074,0.973,3,16
335698,0.0,0.0,0.08,0.150,0.077,0.971,3,16
335748,0.0,0.0,0.05,0.149,0.080,0.970,3,16
335799,0.0,0.0,0.01,0.147,0.079,0.970,3,16
335848,0.0,0.0,0.09,0.147,0.077,0.971,3,16
335899,0.0,0.0,0.03,0.147,0.076,0.972,3,15
335950,0.0,0.0,0.03,0.147,0.076,0.972,3,15
335999,0.0,0.0,0.08,0.148,0.077,0.972,3,15
336049,0.0,0.0,0.10,0.148,0.079,0.969,3,16
336099,0.0,0.0,0.06,0.149,0.081,0.970,3,16
336149,0.0,0.0,0.09,0.149,0.082,0.972,3,16
336199,0.0,0.0,0.06,0.148,0.080,0.973,3,16
336250,0.0,0.0,0.06,0.148,0.080,0.973,3,16
336299,0.0,0.0,0.14,0.145,0.075,0.971,3,16
336349,0.0,0.0,0.08,0.150,0.079,0.971,3,16
336400,0.0,0.0,0.08,0.150,0.079,0.971,3,16
336450,0.0,0.0,0.03,0.154,0.082,0.972,3,16
336500,0.0,0.0,0.02,0.154,0.082,0.971,3,16
336550,0.0,0.0,0.02,0.154,0.082,0.971,3,16
336600,0.0,0.0,0.11,0.147,0.075,0.972,3,16
336650,0.0,0.0,0.10,0.142,0.074,0.970,3,16
336702,0.0,0.0,0.07,0.142,0.082,0.966,3,16
336752,0.0,0.0,0.05,0.145,0.089,0.970,3,16
336802,0.0,0.0,0.08,0.150,0.081,0.975,3,16
336852,0.0,0.0,0.08,0.150,0.081,0.975,3,16
336906,0.0,0.0,0.06,0.153,0.068,0.970,3,16
336956,0.0,0.0,0.10,0.152,0.077,0.970,3,16
337006,0.0,0.0,0.06,0.151,0.082,0.972,3,16
337056,0.0,0.0,0.09,0.148,0.084,0.971,3,16
337106,0.0,0.0,0.05,0.145,0.077,0.971,3,16
337156,0.0,0.0,0.09,0.143,0.076,0.970,3,16
337206,0.0,0.0,0.09,0.143,0.076,0.970,3,16
337256,0.0,0.0,0.10,0.146,0.081,0.973,3,16
337306,0.0,0.0,0.06,0.149,0.079,0.973,3,16
337356,0.0,0.0,0.03,0.152,0.077,0.971,3,16
337407,0.0,0.0,0.03,0.150,0.078,0.970,3,16
337457,0.0,0.0,0.06,0.148,0.083,0.972,3,16
337507,0.0,0.0,0.06,0.148,0.083,0.972,3,16
337557,0.0,0.0,0.04,0.150,0.077,0.973,3,16
337607,0.0,0.0,0.04,0.150,0.077,0.973,3,16
337657,0.0,0.0,0.05,0.150,0.075,0.970,3,16
337707,0.0,0.0,0.13,0.150,0.081,0.970,3,16
337757,0.0,0.0,0.05,0.147,0.077,0.974,3,16
337807,0.0,0.0,0.05,0.147,0.077,0.974,3,16
337857,0.0,0.0,0.06,0.146,0.076,0.971,3,16
337908,0.0,0.0,0.08,0.145,0.078,0.971,3,16
337958,0.0,0.0,0.04,0.146,0.081,0.974,3,16
338008,0.0,0.0,0.04,0.150,0.082,0.973,3,16
338058,0.0,0.0,0.11,0.153,0.077,0.970,3,16
338108,0.0,0.0,0.11,0.153,0.077,0.970,3,16
338158,0.0,0.0,0.01,0.153,0.079,0.971,3,16
338208,0.0,0.0,0.01,0.153,0.079,0.971,3,16
338258,0.0,0.0,0.01,0.153,0.079,0.971,3,16
338308,0.0,0.0,0.10,0.146,0.082,0.971,3,16
338358,0.0,0.0,0.02,0.146,0.077,0.973,3,16
338409,0.0,0.0,0.02,0.146,0.077,0.973,3,16
338459,0.0,0.0,0.06,0.149,0.077,0.971,3,16
338509,0.0,0.0,0.05,0.149,0.077,0.970,3,16
338559,0.0,0.0,0.10,0.149,0.076,0.970,3,16
338609,0.0,0.0,0.09,0.148,0.079,0.971,3,16
338659,0.0,0.0,0.13,0.149,0.080,0.972,3,15
338709,0.0,0.0,0.13,0.149,0.080,0.972,3,15
338759,0.0,0.0,0.03,0.150,0.081,0.972,3,15
338809,0.0,0.0,0.06,0.150,0.081,0.971,3,15
338859,0.0,0.0,0.11,0.149,0.078,0.970,3,15
338910,0.0,0.0,0.02,0.148,0.075,0.970,3,15
338960,0.0,0.0,0.12,0.146,0.081,0.970,3,15
339010,0.0,0.0,0.12,0.146,0.081,0.970,3,15
339060,0.0,0.0,0.11,0.146,0.075,0.972,3,15
339110,0.0,0.0,0.11,0.147,0.074,0.972,3,15
339160,0.0,0.0,0.13,0.148,0.076,0.971,3,16
339210,0.0,0.0,0.07,0.150,0.083,0.969,3,15
339260,0.0,0.0,0.01,0.152,0.080,0.971,3,15
339310,0.0,0.0,0.01,0.152,0.080,0.971,3,15
339360,0.0,0.0,0.11,0.151,0.076,0.972,3,15
339411,0.0,0.0,0.16,0.150,0.075,0.971,3,15
339461,0.0,0.0,0.09,0.149,0.076,0.970,3,15
339511,0.0,0.0,0.04,0.147,0.077,0.971,3,15
339561,0.0,0.0,0.05,0.144,0.080,0.972,3,15
339611,0.0,0.0,0.05,0.144,0.080,0.972,3,15
339661,0.0,0.0,0.07,0.149,0.080,0.971,3,15
339711,0.0,0.0,0.01,0.150,0.077,0.970,3,15
339761,0.0,0.0,0.04,0.149,0.075,0.971,3,15
339811,0.0,0.0,0.09,0.146,0.076,0.973,3,15
339861,0.0,0.0,0.04,0.147,0.080,0.970,3,15
339912,0.0,0.0,0.04,0.147,0.080,0.970,3,15
339962,0.0,0.0,0.14,0.151,0.080,0.970,3,15
340012,0.0,0.0,0.06,0.152,0.077,0.971,3,15
340062,0.0,0.0,0.04,0.152,0.075,0.972,3,15
340112,0.0,0.0,0.11,0.149,0.080,0.971,3,15
340162,0.0,0.0,0.11,0.148,0.083,0.970,3,15
340212,0.0,0.0,0.11,0.148,0.083,0.970,3,15
340262,0.0,0.0,0.06,0.145,0.080,0.974,3,15
340312,0.0,0.0,0.14,0.144,0.076,0.974,3,15
340362,0.0,0.0,0.10,0.144,0.070,0.970,3,15
340423,0.0,0.0,0.08,0.147,0.074,0.970,3,15
340473,0.0,0.0,0.07,0.147,0.089,0.973,3,16
340523,0.0,0.0,0.07,0.147,0.089,0.973,3,16
340573,0.0,0.0,0.04,0.153,0.080,0.973,3,16
340623,0.0,0.0,0.05,0.154,0.077,0.971,3,15
340673,0.0,0.0,0.05,0.154,0.077,0.971,3,15
340723,0.0,0.0,0.04,0.152,0.073,0.970,3,15
340773,0.0,0.0,0.06,0.142,0.076,0.973,3,15
340823,0.0,0.0,0.06,0.142,0.076,0.973,3,15
340873,0.0,0.0,0.11,0.141,0.092,0.974,3,15
340924,0.0,0.0,0.05,0.151,0.078,0.971,3,15
340975,0.0,0.0,0.05,0.151,0.078,0.971,3,15
341024,0.0,0.0,0.10,0.153,0.071,0.969,3,15
341074,0.0,0.0,0.09,0.149,0.075,0.970,3,15
341125,0.0,0.0,0.09,0.149,0.075,0.970,3,15
341174,0.0,0.0,0.08,0.149,0.083,0.972,3,16
341224,0.0,0.0,0.11,0.153,0.082,0.971,3,16
341275,0.0,0.0,0.11,0.153,0.082,0.971,3,16
341324,0.0,0.0,0.09,0.152,0.071,0.969,3,16
341374,0.0,0.0,0.04,0.151,0.071,0.970,3,16
341426,0.0,0.0,0.04,0.151,0.071,0.970,3,16
341475,0.0,0.0,0.14,0.147,0.081,0.971,3,16
341525,0.0,0.0,0.07,0.147,0.080,0.973,3,16
341575,0.0,0.0,0.07,0.147,0.080,0.973,3,16
341625,0.0,0.0,0.02,0.147,0.076,0.972,3,16
341675,0.0,0.0,0.05,0.147,0.076,0.969,3,16
341725,0.0,0.0,0.05,0.147,0.076,0.969,3,16
341775,0.0,0.0,0.04,0.147,0.075,0.973,3,16
341825,0.0,0.0,0.11,0.148,0.079,0.973,3,16
341875,0.0,0.0,0.11,0.148,0.079,0.973,3,16
341932,0.0,0.0,0.15,0.150,0.080,0.970,3,16
341982,0.0,0.0,0.12,0.153,0.079,0.970,3,16
342032,0.0,0.0,0.12,0.153,0.079,0.970,3,16
342082,0.0,0.0,0.17,0.154,0.078,0.972,3,15
342132,0.0,0.0,0.03,0.150,0.075,0.971,3,15
342182,0.0,0.0,0.11,0.148,0.074,0.970,3,15
342232,0.0,0.0,0.11,0.148,0.074,0.970,3,15
342282,0.0,0.0,0.01,0.145,0.081,0.971,3,15
342332,0.0,0.0,0.01,0.145,0.081,0.971,3,15
342382,0.0,0.0,0.19,0.146,0.079,0.972,3,16
342433,0.0,0.0,0.11,0.150,0.073,0.971,3,16
342483,0.0,0.0,0.18,0.151,0.073,0.970,3,16
342534,0.0,0.0,0.18,0.151,0.073,0.970,3,16
342583,0.0,0.0,0.05,0.152,0.080,0.971,3,15
342633,0.0,0.0,0.05,0.152,0.080,0.971,3,15
342684,0.0,0.0,0.11,0.148,0.078,0.970,3,15
342733,0.0,0.0,0.05,0.148,0.073,0.971,3,15
342783,0.0,0.0,0.09,0.150,0.079,0.973,3,15
342834,0.0,0.0,0.09,0.150,0.079,0.973,3,15
342883,0.0,0.0,0.04,0.147,0.081,0.971,3,15
342934,0.0,0.0,0.04,0.147,0.081,0.971,3,15
342984,0.0,0.0,0.05,0.145,0.074,0.967,3,15
343034,0.0,0.0,0.03,0.152,0.075,0.979,3,15
343084,0.0,0.0,0.12,0.149,0.082,0.980,3,15
343134,0.0,0.0,0.12,0.149,0.082,0.980,3,15
343184,0.0,0.0,0.04,0.145,0.081,0.970,3,15
343234,0.0,0.0,0.04,0.145,0.081,0.970,3,15
343284,0.0,0.0,0.13,0.150,0.071,0.967,3,15
343334,0.0,0.0,0.04,0.153,0.078,0.973,3,15
343384,0.0,0.0,0.09,0.150,0.082,0.970,3,15
343435,0.0,0.0,0.09,0.150,0.082,0.970,3,15
343485,0.0,0.0,0.07,0.150,0.075,0.971,3,15
343535,0.0,0.0,0.07,0.150,0.075,0.971,3,15
343585,0.0,0.0,0.07,0.150,0.076,0.972,3,16
343635,0.0,0.0,0.09,0.149,0.078,0.972,3,15
343685,0.0,0.0,0.02,0.148,0.078,0.972,3,15
343735,0.0,0.0,0.04,0.147,0.077,0.971,3,15
343785,0.0,0.0,0.05,0.149,0.075,0.971,3,16
343835,0.0,0.0,0.05,0.149,0.075,0.971,3,16
343885,0.0,0.0,0.13,0.151,0.076,0.971,3,16
343936,0.0,0.0,0.03,0.152,0.078,0.970,3,16
343986,0.0,0.0,0.10,0.152,0.076,0.971,3,15
344036,0.0,0.0,0.10,0.152,0.076,0.971,3,15
344086,0.0,0.0,0.13,0.148,0.080,0.973,3,15
344136,0.0,0.0,0.13,0.148,0.080,0.973,3,15
344186,0.0,0.0,0.04,0.147,0.074,0.973,3,15
344236,0.0,0.0,0.09,0.149,0.074,0.971,3,15
344286,0.0,0.0,0.13,0.149,0.079,0.970,3,15
344336,0.0,0.0,0.13,0.149,0.079,0.970,3,15
344386,0.0,0.0,0.04,0.149,0.078,0.972,3,15
344437,0.0,0.0,0.04,0.149,0.078,0.972,3,15
344487,0.0,0.0,0.10,0.149,0.078,0.972,3,15
344537,0.0,0.0,0.23,0.148,0.078,0.971,3,15
344587,0.0,0.0,0.06,0.147,0.075,0.972,3,15
344637,0.0,0.0,0.06,0.147,0.075,0.972,3,15
344687,0.0,0.0,0.09,0.150,0.076,0.971,3,15
344737,0.0,0.0,0.09,0.150,0.076,0.971,3,15
344787,0.0,0.0,0.10,0.152,0.077,0.971,3,15
344837,0.0,0.0,0.10,0.151,0.076,0.970,3,15
344887,0.0,0.0,0.02,0.150,0.078,0.971,3,15
344941,0.0,0.0,0.02,0.150,0.078,0.971,3,15
344990,0.0,0.0,0.11,0.149,0.079,0.971,3,15
345041,0.0,0.0,0.17,0.147,0.076,0.971,3,15
345094,0.0,0.0,0.17,0.147,0.076,0.971,3,15
345144,0.0,0.0,0.08,0.149,0.073,0.971,3,15
345194,0.0,0.0,0.09,0.151,0.077,0.971,3,15
345244,0.0,0.0,0.09,0.151,0.077,0.971,3,15
345294,0.0,0.0,0.03,0.149,0.079,0.971,3,15
345344,0.0,0.0,0.10,0.149,0.076,0.971,3,15
345394,0.0,0.0,0.10,0.149,0.076,0.971,3,15
345449,0.0,0.0,0.10,0.151,0.076,0.971,3,15
345499,0.0,0.0,0.03,0.151,0.076,0.971,3,15
345549,0.0,0.0,0.03,0.151,0.076,0.971,3,15
345599,0.0,0.0,0.04,0.149,0.078,0.971,3,15
345649,0.0,0.0,0.21,0.148,0.078,0.971,3,15
345700,0.0,0.0,0.10,0.148,0.077,0.971,3,15
345749,0.0,0.0,0.05,0.148,0.076,0.972,3,15
345799,0.0,0.0,0.03,0.149,0.078,0.971,3,15
345850,0.0,0.0,0.03,0.149,0.078,0.971,3,15
345899,0.0,0.0,0.12,0.150,0.077,0.971,3,16
345950,0.0,0.0,0.10,0.150,0.076,0.971,3,16
346000,0.0,0.0,0.05,0.151,0.075,0.971,3,16
346050,0.0,0.0,0.09,0.150,0.074,0.971,3,16
346100,0.0,0.0,0.07,0.149,0.076,0.971,3,16
346151,0.0,0.0,0.07,0.149,0.076,0.971,3,16
346200,0.0,0.0,0.12,0.147,0.079,0.972,3,16
346250,0.0,0.0,0.13,0.147,0.078,0.972,3,16
346300,0.0,0.0,0.16,0.149,0.076,0.972,3,16
346350,0.0,0.0,0.02,0.151,0.075,0.971,3,16
346400,0.0,0.0,0.00,0.152,0.076,0.971,3,16
346451,0.0,0.0,0.00,0.152,0.076,0.971,3,16
346501,0.0,0.0,0.11,0.149,0.077,0.971,3,16
346551,0.0,0.0,0.11,0.149,0.077,0.971,3,16
346601,0.0,0.0,0.08,0.147,0.076,0.971,3,16
346651,0.0,0.0,0.05,0.147,0.076,0.972,3,16
346701,0.0,0.0,0.09,0.149,0.076,0.971,3,16
346751,0.0,0.0,0.09,0.149,0.076,0.971,3,16
346801,0.0,0.0,0.03,0.151,0.077,0.970,3,16
346851,0.0,0.0,0.06,0.149,0.077,0.971,3,16
346903,0.0,0.0,0.05,0.148,0.077,0.972,3,16
346957,0.0,0.0,0.05,0.148,0.076,0.972,3,16
347007,0.0,0.0,0.10,0.149,0.075,0.972,3,16
347057,0.0,0.0,0.10,0.149,0.075,0.972,3,16
347107,0.0,0.0,0.03,0.149,0.075,0.971,3,16
347157,0.0,0.0,0.06,0.149,0.078,0.971,3,16
347207,0.0,0.0,0.02,0.149,0.077,0.971,3,16
347257,0.0,0.0,0.02,0.149,0.077,0.971,3,16
347307,0.0,0.0,0.09,0.149,0.076,0.971,3,16
347357,0.0,0.0,0.09,0.149,0.076,0.971,3,16
347407,0.0,0.0,0.07,0.149,0.076,0.971,3,16
347458,0.0,0.0,0.03,0.148,0.078,0.971,3,16
347508,0.0,0.0,0.04,0.149,0.077,0.971,3,16
347558,0.0,0.0,0.03,0.150,0.075,0.971,3,16
347608,0.0,0.0,0.07,0.150,0.075,0.971,3,16
347658,0.0,0.0,0.07,0.150,0.075,0.971,3,16
347708,0.0,0.0,0.04,0.149,0.078,0.971,3,16
347758,0.0,0.0,0.09,0.150,0.077,0.972,3,16
347808,0.0,0.0,0.07,0.149,0.076,0.972,3,16
347858,0.0,0.0,0.03,0.149,0.075,0.971,3,16
347908,0.0,0.0,0.05,0.149,0.074,0.970,3,16
347959,0.0,0.0,0.05,0.149,0.074,0.970,3,16
348009,0.0,0.0,0.04,0.149,0.075,0.971,3,16
348059,0.0,0.0,0.13,0.149,0.081,0.972,3,16
348109,0.0,0.0,0.06,0.149,0.081,0.972,3,16
348159,0.0,0.0,0.02,0.149,0.080,0.971,3,16
348209,0.0,0.0,0.12,0.150,0.073,0.971,3,16
348259,0.0,0.0,0.12,0.150,0.073,0.971,3,16
348309,0.0,0.0,0.12,0.151,0.071,0.972,3,16
348359,0.0,0.0,0.08,0.151,0.077,0.970,3,16
348409,0.0,0.0,0.01,0.150,0.079,0.969,3,16
348460,0.0,0.0,0.11,0.149,0.079,0.970,3,16
348510,0.0,0.0,0.10,0.148,0.078,0.972,3,16
348560,0.0,0.0,0.10,0.148,0.078,0.972,3,16
348610,0.0,0.0,0.12,0.149,0.078,0.973,3,16
348660,0.0,0.0,0.07,0.150,0.076,0.970,3,16
348710,0.0,0.0,0.02,0.149,0.075,0.971,3,16
348760,0.0,0.0,0.06,0.147,0.075,0.971,3,16
348810,0.0,0.0,0.08,0.148,0.077,0.972,3,16
348860,0.0,0.0,0.08,0.148,0.077,0.972,3,16
348910,0.0,0.0,0.03,0.153,0.077,0.971,3,16
348961,0.0,0.0,0.13,0.151,0.077,0.970,3,16
349011,0.0,0.0,0.15,0.150,0.076,0.971,3,16
349061,0.0,0.0,0.16,0.149,0.075,0.971,3,16
349111,0.0,0.0,0.21,0.148,0.076,0.972,3,16
349161,0.0,0.0,0.21,0.148,0.076,0.972,3,16
349211,0.0,0.0,0.29,0.146,0.077,0.972,3,16
349261,0.0,0.0,0.11,0.146,0.076,0.972,3,16
349311,0.0,0.0,0.12,0.147,0.075,0.973,3,16
349361,0.0,0.0,0.26,0.148,0.074,0.971,3,16
349411,0.0,0.0,0.13,0.153,0.076,0.970,3,16
349462,0.0,0.0,0.23,0.152,0.080,0.970,3,16
349512,0.0,0.0,0.23,0.152,0.080,0.970,3,16
349562,0.0,0.0,0.02,0.146,0.078,0.972,3,16
349612,0.0,0.0,0.12,0.146,0.075,0.972,3,16
349662,0.0,0.0,0.02,0.147,0.075,0.974,3,16
349712,0.0,0.0,0.25,0.149,0.071,0.971,3,16
349762,0.0,0.0,0.25,0.149,0.071,0.971,3,16
349812,0.0,0.0,0.28,0.149,0.072,0.969,3,16
349862,0.0,0.0,0.28,0.149,0.072,0.969,3,16
349912,0.0,0.0,0.08,0.149,0.079,0.970,3,16
349963,0.0,0.0,0.08,0.149,0.079,0.970,3,16
350013,0.0,0.0,0.15,0.150,0.077,0.971,3,16
350063,0.0,0.0,0.07,0.146,0.072,0.971,3,16
350113,0.0,0.0,0.07,0.146,0.072,0.971,3,16
350163,0.0,0.0,0.17,0.149,0.075,0.974,3,16
350213,0.0,0.0,0.11,0.151,0.076,0.971,3,16
350263,0.0,0.0,0.04,0.151,0.076,0.968,3,16
350313,0.0,0.0,0.11,0.151,0.081,0.970,3,16
350363,0.0,0.0,0.11,0.150,0.079,0.972,3,16
350413,0.0,0.0,0.11,0.150,0.079,0.972,3,16
350474,0.0,0.0,0.06,0.147,0.071,0.973,3,16
350524,0.0,0.0,0.09,0.150,0.076,0.969,3,16
350574,0.0,0.0,0.09,0.150,0.076,0.969,3,16
350624,0.0,0.0,0.25,0.152,0.078,0.970,3,16
350674,0.0,0.0,0.16,0.150,0.077,0.972,3,16
350724,0.0,0.0,0.30,0.148,0.077,0.972,3,16
350774,0.0,0.0,0.40,0.147,0.076,0.972,3,16
350824,0.0,0.0,0.23,0.148,0.075,0.971,3,16
350874,0.0,0.0,0.23,0.148,0.075,0.971,3,16
350924,0.0,0.0,0.20,0.150,0.076,0.971,3,16
350975,0.0,0.0,0.29,0.151,0.077,0.970,3,16
351026,0.0,0.0,0.28,0.150,0.077,0.971,3,16
351075,0.0,0.0,0.28,0.149,0.077,0.972,3,16
351125,0.0,0.0,0.12,0.148,0.077,0.972,3,16
351176,0.0,0.0,0.12,0.148,0.077,0.972,3,16
351225,0.0,0.0,0.21,0.150,0.077,0.971,3,16
351275,0.0,0.0,0.07,0.151,0.075,0.971,3,16
351326,0.0,0.0,0.06,0.151,0.076,0.971,3,16
351375,0.0,0.0,0.03,0.149,0.076,0.971,3,16
351425,0.0,0.0,0.02,0.147,0.076,0.971,3,16
351477,0.0,0.0,0.02,0.147,0.076,0.971,3,16
351527,0.0,0.0,0.14,0.148,0.076,0.971,3,16
351577,0.0,0.0,0.01,0.152,0.076,0.971,3,16
351627,0.0,0.0,0.19,0.150,0.075,0.970,3,16
351677,0.0,0.0,0.19,0.150,0.075,0.970,3,16
351727,0.0,0.0,0.07,0.148,0.077,0.971,3,16
351779,0.0,0.0,0.07,0.148,0.077,0.971,3,16
351828,0.0,0.0,0.19,0.145,0.079,0.971,3,16
351878,0.0,0.0,0.04,0.149,0.075,0.971,3,16
351929,0.0,0.0,0.12,0.154,0.073,0.971,3,16
351983,0.0,0.0,0.23,0.155,0.073,0.970,3,16
352033,0.0,0.0,0.09,0.151,0.077,0.971,3,16
352083,0.0,0.0,0.09,0.151,0.077,0.971,3,16
352133,0.0,0.0,0.19,0.143,0.079,0.972,3,16
352183,0.0,0.0,0.19,0.143,0.077,0.972,3,16
352233,0.0,0.0,0.16,0.145,0.075,0.972,3,16
352283,0.0,0.0,0.15,0.148,0.075,0.972,3,16
352333,0.0,0.0,0.09,0.153,0.077,0.970,3,16
352383,0.0,0.0,0.09,0.153,0.077,0.970,3,16
352433,0.0,0.0,0.15,0.155,0.076,0.970,3,16
352484,0.0,0.0,0.05,0.148,0.077,0.971,3,16
352534,0.0,0.0,0.09,0.145,0.079,0.972,3,16
352585,0.0,0.0,0.04,0.145,0.080,0.972,3,16
352634,0.0,0.0,0.05,0.147,0.078,0.973,3,16
352684,0.0,0.0,0.05,0.147,0.078,0.973,3,16
352735,0.0,0.0,0.16,0.150,0.073,0.971,3,16
352784,0.0,0.0,0.02,0.150,0.074,0.970,3,16
352834,0.0,0.0,0.11,0.151,0.077,0.971,3,16
352885,0.0,0.0,0.22,0.151,0.079,0.971,3,16
352934,0.0,0.0,0.15,0.149,0.077,0.972,3,16
352985,0.0,0.0,0.15,0.149,0.076,0.972,3,16
353035,0.0,0.0,0.15,0.149,0.076,0.972,3,16
353085,0.0,0.0,0.17,0.150,0.076,0.972,3,16
353135,0.0,0.0,0.15,0.150,0.077,0.971,3,16
353185,0.0,0.0,0.05,0.150,0.078,0.970,3,16
353235,0.0,0.0,0.05,0.149,0.077,0.972,3,16
353285,0.0,0.0,0.07,0.148,0.074,0.972,3,16
353335,0.0,0.0,0.07,0.148,0.074,0.972,3,16
353385,0.0,0.0,0.02,0.147,0.075,0.971,3,16
353435,0.0,0.0,0.11,0.148,0.077,0.971,3,16
353486,0.0,0.0,0.05,0.150,0.078,0.971,3,16
353536,0.0,0.0,0.07,0.151,0.077,0.971,3,16
353586,0.0,0.0,0.09,0.149,0.075,0.970,3,16
353636,0.0,0.0,0.09,0.149,0.075,0.970,3,16
353686,0.0,0.0,0.06,0.150,0.075,0.971,3,16
353736,0.0,0.0,0.15,0.150,0.077,0.972,3,16
353786,0.0,0.0,0.07,0.148,0.079,0.972,3,16
353836,0.0,0.0,0.04,0.147,0.078,0.972,3,16
353886,0.0,0.0,0.15,0.150,0.075,0.971,3,16
353936,0.0,0.0,0.15,0.150,0.075,0.971,3,16
353987,0.0,0.0,0.11,0.152,0.075,0.970,3,16
354037,0.0,0.0,0.04,0.153,0.076,0.970,3,16
354087,0.0,0.0,0.09,0.151,0.076,0.971,3,16
354137,0.0,0.0,0.02,0.146,0.077,0.971,3,16
354187,0.0,0.0,0.04,0.145,0.078,0.973,3,16
354237,0.0,0.0,0.04,0.145,0.078,0.973,3,16
354287,0.0,0.0,0.14,0.151,0.076,0.972,3,16
354337,0.0,0.0,0.09,0.154,0.074,0.971,3,16
354387,0.0,0.0,0.03,0.153,0.075,0.971,3,16
354437,0.0,0.0,0.04,0.148,0.078,0.971,3,16
354488,0.0,0.0,0.08,0.147,0.077,0.971,3,16
354538,0.0,0.0,0.08,0.147,0.077,0.971,3,16
354588,0.0,0.0,0.09,0.151,0.074,0.971,3,16
354638,0.0,0.0,0.06,0.150,0.078,0.971,3,16
354688,0.0,0.0,0.06,0.150,0.078,0.971,3,16
354738,0.0,0.0,0.11,0.147,0.078,0.971,3,16
354788,0.0,0.0,0.06,0.146,0.072,0.972,3,16
354838,0.0,0.0,0.06,0.146,0.072,0.972,3,16
354888,0.0,0.0,0.02,0.150,0.078,0.972,3,16
354938,0.0,0.0,0.08,0.153,0.082,0.973,3,16
354997,0.0,0.0,0.18,0.157,0.083,0.972,3,16
355047,0.0,0.0,0.02,0.156,0.073,0.967,3,16
355097,0.0,0.0,0.02,0.148,0.071,0.968,3,16
355148,0.0,0.0,0.02,0.148,0.071,0.968,3,16
355197,0.0,0.0,0.05,0.143,0.073,0.973,3,16
355247,0.0,0.0,0.11,0.141,0.080,0.974,3,16
355297,0.0,0.0,0.11,0.141,0.080,0.974,3,16
355347,0.0,0.0,0.14,0.145,0.080,0.971,3,16
355397,0.0,0.0,0.02,0.153,0.072,0.972,3,16
355447,0.0,0.0,0.02,0.153,0.072,0.972,3,16
355500,0.0,0.0,0.04,0.157,0.077,0.970,3,16
355550,0.0,0.0,0.06,0.150,0.084,0.969,3,16
355600,0.0,0.0,0.06,0.150,0.084,0.969,3,16
355650,0.0,10.6,0.02,0.146,0.082,0.972,3,16
355700,0.0,10.6,0.09,0.144,0.070,0.974,3,16
355751,0.0,10.6,0.12,0.144,0.071,0.973,3,16
355800,0.0,10.6,0.10,0.146,0.075,0.971,3,16
355850,0.0,10.6,0.01,0.150,0.082,0.969,3,16
355901,0.0,10.6,0.01,0.150,0.082,0.969,3,16
355950,0.0,10.6,0.14,0.155,0.070,0.979,3,16
356001,0.0,10.6,0.05,0.148,0.072,0.973,3,16
356051,0.0,10.6,0.04,0.144,0.076,0.967,3,16
356101,0.0,10.6,0.08,0.144,0.084,0.965,3,16
356151,0.0,10.6,0.12,0.150,0.082,0.971,3,16
356201,0.0,10.6,0.12,0.150,0.082,0.971,3,16
356251,0.0,10.6,0.06,0.153,0.075,0.970,3,16
356301,0.0,10.6,0.09,0.148,0.076,0.970,3,16
356352,0.0,10.6,0.09,0.148,0.076,0.970,3,16
356401,0.0,10.6,0.14,0.147,0.079,0.973,3,16
356451,0.0,10.6,0.03,0.147,0.078,0.973,3,16
356502,0.0,10.6,0.03,0.147,0.078,0.973,3,16
356552,0.0,10.6,0.07,0.147,0.073,0.969,3,16
356602,0.0,10.6,0.05,0.148,0.076,0.972,3,16
356654,0.0,0.0,0.03,0.148,0.080,0.972,3,16
356704,0.0,0.0,0.05,0.148,0.082,0.972,3,16
356754,0.0,0.0,0.19,0.153,0.077,0.971,3,16
356804,0.0,0.0,0.19,0.153,0.077,0.971,3,16
356854,0.0,0.0,0.06,0.155,0.074,0.970,3,16
356904,0.0,0.0,0.09,0.151,0.081,0.970,3,16
356954,0.0,0.0,0.09,0.151,0.081,0.970,3,16
357005,0.0,0.0,0.09,0.150,0.081,0.971,3,16
357055,0.0,0.0,0.09,0.151,0.075,0.972,3,16
357106,0.0,0.0,0.09,0.151,0.075,0.972,3,16
357155,0.0,0.0,0.04,0.150,0.078,0.970,3,16
357205,0.0,0.0,0.11,0.150,0.078,0.972,3,16
357256,0.0,0.0,0.04,0.149,0.071,0.971,3,16
357305,0.0,0.0,0.10,0.148,0.073,0.972,3,16
357355,0.0,0.0,0.00,0.148,0.085,0.970,3,16
357406,0.0,0.0,0.00,0.148,0.085,0.970,3,16
357455,0.0,0.0,0.11,0.152,0.077,0.969,3,16
357506,0.0,0.0,0.03,0.152,0.068,0.972,3,16
357556,0.0,0.0,0.07,0.151,0.072,0.971,3,16
357606,0.0,0.0,0.03,0.151,0.077,0.972,3,16
357656,0.0,0.0,0.12,0.146,0.081,0.972,3,16
357706,0.0,0.0,0.12,0.146,0.081,0.972,3,16
357756,0.0,0.0,0.09,0.146,0.082,0.972,3,16
357806,0.0,0.0,0.13,0.153,0.075,0.971,3,16
357856,0.0,0.0,0.07,0.154,0.070,0.971,3,16
357906,0.0,0.0,0.09,0.151,0.071,0.971,3,16
357956,0.0,0.0,0.16,0.151,0.078,0.971,3,16
358007,0.0,0.0,0.16,0.151,0.078,0.971,3,16
358057,0.0,0.0,0.11,0.150,0.080,0.971,3,16
358107,0.0,0.0,0.13,0.148,0.081,0.971,3,15
358157,0.0,0.0,0.13,0.148,0.081,0.971,3,15
358207,0.0,0.0,0.06,0.150,0.079,0.973,3,15
358257,0.0,0.0,0.15,0.153,0.073,0.971,3,15
358309,0.0,0.0,0.15,0.149,0.074,0.965,3,15
358358,0.0,0.0,0.15,0.149,0.074,0.965,3,15
358408,0.0,0.0,0.08,0.144,0.083,0.966,3,16
358458,0.0,0.0,0.10,0.149,0.088,0.976,3,15
358509,0.0,0.0,0.15,0.152,0.084,0.975,3,15
358559,0.0,0.0,0.20,0.155,0.067,0.975,3,15
358609,0.0,0.0,0.12,0.151,0.064,0.977,3,15
358659,0.0,0.0,0.12,0.151,0.064,0.977,3,15
358709,0.0,0.0,0.04,0.150,0.077,0.972,3,16
358759,0.0,0.0,0.19,0.154,0.085,0.970,3,16
358809,0.0,0.0,0.19,0.154,0.085,0.970,3,16
358859,0.0,0.0,0.10,0.152,0.077,0.971,3,16
358909,0.0,0.0,0.17,0.147,0.066,0.972,3,16
358959,0.0,0.0,0.17,0.147,0.066,0.972,3,16
359010,0.0,0.0,0.14,0.155,0.073,0.972,3,15
359060,0.0,0.0,0.06,0.158,0.083,0.973,3,15
359110,0.0,0.0,0.06,0.155,0.090,0.971,3,15
359160,0.0,0.0,0.12,0.148,0.082,0.972,3,16
359210,0.0,0.0,0.04,0.154,0.068,0.976,3,16
359260,0.0,0.0,0.04,0.154,0.068,0.976,3,16
359310,0.0,0.0,0.23,0.160,0.076,0.974,3,16
359360,0.0,0.0,0.21,0.157,0.077,0.970,3,16
359410,0.0,0.0,0.11,0.155,0.079,0.967,3,16
359460,0.0,0.0,0.09,0.154,0.081,0.968,3,16
359511,0.0,0.0,0.07,0.152,0.081,0.967,3,16
359561,0.0,0.0,0.07,0.152,0.081,0.967,3,16
359611,0.0,0.0,0.08,0.150,0.066,0.974,3,16
359661,0.0,0.0,0.15,0.147,0.070,0.975,3,16
359711,0.0,0.0,0.17,0.146,0.076,0.973,3,16
359761,0.0,0.0,0.07,0.148,0.083,0.969,3,16
359811,0.0,0.0,0.11,0.156,0.079,0.972,3,16
359861,0.0,0.0,0.11,0.156,0.079,0.972,3,16
359911,0.0,0.0,0.13,0.155,0.069,0.970,3,16
359961,0.0,0.0,0.13,0.155,0.069,0.970,3,16
360012,0.0,0.0,0.19,0.153,0.068,0.967,3,16
360062,0.0,0.0,0.14,0.150,0.084,0.971,3,16
360112,0.0,0.0,0.11,0.153,0.084,0.971,3,16
360162,0.0,0.0,0.11,0.153,0.084,0.971,3,16
360212,0.0,0.0,0.13,0.152,0.072,0.971,3,16
360262,0.0,0.0,0.06,0.152,0.067,0.973,3,16
360312,0.0,0.0,0.18,0.153,0.069,0.972,3,16
360362,0.0,0.0,0.14,0.151,0.080,0.971,3,16
360412,0.0,0.0,0.04,0.150,0.083,0.971,3,16
360462,0.0,0.0,0.04,0.150,0.083,0.971,3,16
360513,0.0,0.0,0.11,0.150,0.077,0.972,3,16
360563,0.0,0.0,0.14,0.151,0.077,0.972,3,16
360613,0.0,0.0,0.11,0.151,0.077,0.969,3,16
360663,0.0,0.0,0.06,0.158,0.074,0.967,3,16
360713,0.0,0.0,0.11,0.160,0.075,0.974,3,16
360763,0.0,0.0,0.11,0.160,0.075,0.974,3,16
360813,0.0,0.0,0.22,0.151,0.078,0.973,3,16
360863,0.0,0.0,0.23,0.146,0.080,0.970,3,16
360913,0.0,0.0,0.11,0.145,0.081,0.971,3,16
360963,0.0,0.0,0.03,0.148,0.076,0.974,3,15
361014,0.0,0.0,0.12,0.153,0.076,0.968,3,15
361064,0.0,0.0,0.12,0.153,0.076,0.968,3,15
361114,0.0,0.0,0.02,0.157,0.081,0.971,3,15
361164,0.0,0.0,0.02,0.157,0.081,0.971,3,15
361214,0.0,0.0,0.08,0.157,0.078,0.972,3,15
361264,0.0,0.0,0.08,0.152,0.073,0.971,3,15
361314,0.0,0.0,0.04,0.151,0.078,0.972,3,15
361364,0.0,0.0,0.04,0.151,0.078,0.972,3,15
361414,0.0,0.0,0.13,0.151,0.077,0.970,3,15
361464,0.0,0.0,0.09,0.152,0.078,0.969,3,15
361520,0.0,0.0,0.12,0.154,0.078,0.972,3,16
361569,0.0,0.0,0.11,0.152,0.077,0.972,3,15
361619,0.0,0.0,0.08,0.150,0.075,0.969,3,15
361670,0.0,0.0,0.08,0.150,0.075,0.969,3,15
361720,0.0,0.0,0.21,0.152,0.076,0.973,3,15
361770,0.0,0.0,0.09,0.153,0.078,0.971,3,15
361823,0.0,0.0,0.09,0.153,0.078,0.971,3,15
361873,0.0,0.0,0.12,0.150,0.080,0.969,3,15
361923,0.0,0.0,0.11,0.147,0.072,0.973,3,15
361974,0.0,0.0,0.11,0.147,0.072,0.973,3,15
362026,0.0,0.0,0.03,0.149,0.080,0.971,3,15
362076,0.0,0.0,0.06,0.158,0.078,0.970,3,16
362127,0.0,0.0,0.06,0.158,0.078,0.970,3,16
362176,0.0,0.0,0.16,0.154,0.071,0.969,3,16
362226,0.0,0.0,0.11,0.148,0.078,0.972,3,16
362277,0.0,0.0,0.11,0.148,0.078,0.972,3,16
362326,0.0,0.0,0.11,0.150,0.077,0.971,3,16
362376,0.0,0.0,0.12,0.152,0.076,0.971,3,16
362427,0.0,0.0,0.12,0.152,0.076,0.971,3,16
362476,0.0,0.0,0.07,0.151,0.074,0.970,3,16
362527,0.0,0.0,0.13,0.152,0.080,0.970,3,16
362577,0.0,0.0,0.13,0.152,0.080,0.970,3,16
362627,0.0,0.0,0.05,0.154,0.078,0.972,3,16
362677,0.0,0.0,0.04,0.151,0.076,0.971,3,16
362727,0.0,0.0,0.04,0.151,0.076,0.971,3,16
362777,0.0,0.0,0.07,0.153,0.079,0.970,3,16
362827,0.0,0.0,0.16,0.156,0.079,0.971,3,16
362877,0.0,0.0,0.16,0.156,0.079,0.971,3,16
362927,0.0,0.0,0.11,0.147,0.076,0.971,3,16
362977,0.0,0.0,0.02,0.146,0.075,0.972,3,16
363031,0.0,0.0,0.08,0.148,0.075,0.971,3,16
363080,0.0,0.0,0.07,0.151,0.076,0.971,3,16
363130,0.0,0.0,0.11,0.152,0.080,0.970,3,16
363180,0.0,0.0,0.11,0.152,0.080,0.970,3,16
363230,0.0,0.0,0.03,0.153,0.079,0.970,3,16
363280,0.0,0.0,0.15,0.151,0.076,0.970,3,16
363332,0.0,0.0,0.03,0.150,0.076,0.970,3,16
363381,0.0,0.0,0.09,0.152,0.077,0.972,3,16
363431,0.0,0.0,0.01,0.153,0.077,0.971,3,15
363481,0.0,0.0,0.01,0.153,0.077,0.971,3,15
363532,0.0,0.0,0.06,0.152,0.077,0.971,3,15
363582,0.0,0.0,0.13,0.150,0.078,0.971,3,15
363632,0.0,0.0,0.04,0.152,0.078,0.972,3,15
363682,0.0,0.0,0.04,0.152,0.078,0.972,3,15
363732,0.0,0.0,0.03,0.151,0.076,0.971,3,16
363782,0.0,0.0,0.03,0.151,0.076,0.971,3,16
363832,0.0,0.0,0.04,0.150,0.076,0.970,3,16
363882,0.0,0.0,0.05,0.154,0.076,0.972,3,16
363932,0.0,0.0,0.05,0.153,0.079,0.971,3,16
363982,0.0,0.0,0.14,0.152,0.079,0.970,3,16
364033,0.0,0.0,0.09,0.150,0.078,0.970,3,16
364083,0.0,0.0,0.09,0.150,0.078,0.970,3,16
364134,0.0,0.0,0.05,0.150,0.075,0.973,3,16
364184,0.0,0.0,0.11,0.152,0.075,0.970,3,15
364234,0.0,0.0,0.08,0.151,0.076,0.970,3,15
364284,0.0,0.0,0.08,0.151,0.076,0.970,3,15
364334,0.0,0.0,0.02,0.152,0.082,0.970,3,15
364384,0.0,0.0,0.02,0.152,0.082,0.970,3,15
364434,0.0,0.0,0.07,0.153,0.081,0.971,3,15
364484,0.0,0.0,0.06,0.152,0.074,0.971,3,15
364535,0.0,0.0,0.07,0.149,0.076,0.970,3,15
364586,0.0,0.0,0.09,0.149,0.078,0.970,3,15
364635,0.0,0.0,0.04,0.151,0.077,0.972,3,15
364685,0.0,0.0,0.04,0.151,0.077,0.972,3,15
364736,0.0,0.0,0.09,0.151,0.076,0.971,3,15
364785,0.0,0.0,0.09,0.154,0.078,0.971,3,15
364835,0.0,0.0,0.08,0.154,0.079,0.971,3,15
364886,0.0,0.0,0.08,0.154,0.079,0.971,3,15
364935,0.0,0.0,0.02,0.151,0.078,0.972,3,15
364985,0.0,0.0,0.02,0.151,0.078,0.972,3,15
365036,0.0,0.0,0.04,0.150,0.071,0.971,3,15
365086,0.0,0.0,0.04,0.152,0.077,0.971,3,15
365136,0.0,0.0,0.06,0.153,0.081,0.971,3,15
365186,0.0,0.0,0.08,0.151,0.081,0.971,3,15
365236,0.0,0.0,0.06,0.150,0.079,0.970,3,15
365286,0.0,0.0,0.06,0.150,0.079,0.970,3,15
365336,0.0,0.0,0.02,0.152,0.076,0.971,3,15
365386,0.0,0.0,0.17,0.152,0.074,0.970,3,15
365436,0.0,0.0,0.14,0.150,0.076,0.970,3,15
365486,0.0,0.0,0.14,0.150,0.076,0.970,3,15
365537,0.0,0.0,0.14,0.151,0.079,0.972,3,15
365587,0.0,0.0,0.14,0.151,0.079,0.972,3,15
365637,0.0,0.0,0.06,0.152,0.077,0.973,3,15
365687,0.0,0.0,0.03,0.150,0.074,0.971,3,15
365737,0.0,0.0,0.04,0.151,0.075,0.971,3,15
365787,0.0,0.0,0.04,0.153,0.077,0.970,3,16
365837,0.0,0.0,0.06,0.151,0.081,0.970,3,16
365887,0.0,0.0,0.06,0.151,0.081,0.970,3,16
365937,0.0,0.0,0.04,0.151,0.076,0.971,3,16
365987,0.0,0.0,0.08,0.151,0.071,0.972,3,16
366038,0.0,0.0,0.05,0.152,0.082,0.972,3,16
366088,0.0,0.0,0.05,0.152,0.082,0.972,3,16
366138,0.0,0.0,0.10,0.152,0.083,0.972,3,16
366188,0.0,0.0,0.10,0.152,0.083,0.972,3,16
366238,0.0,0.0,0.07,0.150,0.073,0.970,3,16
366288,0.0,0.0,0.02,0.152,0.074,0.970,3,16
366338,0.0,0.0,0.06,0.154,0.079,0.970,3,16
366388,0.0,0.0,0.11,0.155,0.081,0.971,3,16
366438,0.0,0.0,0.12,0.150,0.080,0.971,3,16
366488,0.0,0.0,0.12,0.150,0.080,0.971,3,16
366539,0.0,0.0,0.08,0.146,0.074,0.972,3,16
366589,0.0,0.0,0.07,0.148,0.069,0.974,3,16
366639,0.0,0.0,0.03,0.155,0.084,0.970,3,16
366689,0.0,0.0,0.03,0.155,0.084,0.970,3,16
366739,0.0,0.0,0.11,0.155,0.087,0.970,3,16
366789,0.0,0.0,0.02,0.152,0.070,0.972,3,16
366839,0.0,0.0,0.02,0.152,0.070,0.972,3,16
366889,0.0,0.0,0.02,0.150,0.075,0.968,3,16
366939,0.0,0.0,0.06,0.150,0.081,0.970,3,16
366989,0.0,0.0,0.02,0.151,0.084,0.971,3,16
367048,0.0,0.0,0.09,0.152,0.076,0.971,3,16
367098,0.0,0.0,0.05,0.151,0.070,0.970,3,16
367149,0.0,0.0,0.05,0.151,0.070,0.970,3,16
367200,0.0,0.0,0.05,0.152,0.070,0.973,3,16
367250,0.0,0.0,0.02,0.152,0.080,0.971,3,16
367300,0.0,0.0,0.02,0.152,0.080,0.971,3,16
367350,0.0,0.0,0.04,0.150,0.086,0.969,3,16
367400,0.0,0.0,0.13,0.152,0.075,0.972,3,16
367450,0.0,0.0,0.09,0.152,0.072,0.972,3,16
367500,0.0,0.0,0.02,0.152,0.070,0.972,3,16
367551,0.0,0.0,0.12,0.153,0.078,0.971,3,16
367601,0.0,0.0,0.12,0.153,0.078,0.971,3,16
367651,0.0,0.0,0.08,0.153,0.081,0.970,3,16
367701,0.0,0.0,0.15,0.151,0.082,0.972,3,16
367752,0.0,0.0,0.03,0.151,0.072,0.972,3,16
367801,0.0,0.0,0.03,0.151,0.072,0.972,3,16
367851,0.0,0.0,0.11,0.154,0.077,0.970,3,16
367902,0.0,0.0,0.11,0.154,0.077,0.970,3,16
367952,0.0,0.0,0.08,0.148,0.082,0.970,3,16
368002,0.0,0.0,0.11,0.149,0.075,0.972,3,16
368053,0.0,0.0,0.06,0.153,0.073,0.971,3,16
368103,0.0,0.0,0.05,0.156,0.076,0.970,3,16
368153,0.0,0.0,0.09,0.152,0.078,0.972,3,16
368205,0.0,0.0,0.09,0.152,0.078,0.972,3,16
368255,0.0,0.0,0.04,0.148,0.078,0.971,3,16
368305,0.0,0.0,0.07,0.150,0.077,0.972,3,16
368355,0.0,0.0,0.07,0.150,0.077,0.972,3,16
368405,0.0,0.0,0.08,0.152,0.075,0.971,3,16
368455,0.0,0.0,0.07,0.153,0.077,0.971,3,16
368505,0.0,0.0,0.07,0.153,0.077,0.971,3,16
368559,0.0,0.0,0.04,0.151,0.080,0.971,3,16
368609,0.0,0.0,0.03,0.154,0.076,0.970,3,16
368659,0.0,0.0,0.04,0.154,0.076,0.971,3,16
368709,0.0,0.0,0.04,0.153,0.077,0.971,3,16
368759,0.0,0.0,0.04,0.153,0.077,0.971,3,16
368810,0.0,0.0,0.09,0.149,0.076,0.971,3,16
368859,0.0,0.0,0.09,0.149,0.076,0.971,3,16
368909,0.0,0.0,0.02,0.150,0.077,0.971,3,16
368959,0.0,0.0,0.06,0.154,0.077,0.971,3,16
369009,0.0,0.0,0.06,0.154,0.077,0.971,3,16
369060,0.0,0.0,0.07,0.154,0.076,0.970,3,16
369110,0.0,0.0,0.12,0.149,0.077,0.973,3,16
369160,0.0,0.0,0.12,0.149,0.077,0.973,3,16
369210,0.0,0.0,0.04,0.151,0.079,0.972,3,16
369260,0.0,0.0,0.07,0.152,0.078,0.971,3,16
369310,0.0,0.0,0.11,0.154,0.076,0.971,3,16
369360,0.0,0.0,0.05,0.153,0.077,0.971,3,16
369410,0.0,0.0,0.09,0.150,0.077,0.971,3,16
369460,0.0,0.0,0.09,0.150,0.077,0.971,3,16
369510,0.0,0.0,0.02,0.149,0.077,0.970,3,16
369561,0.0,0.0,0.03,0.149,0.077,0.972,3,16
369611,0.0,0.0,0.06,0.150,0.077,0.972,3,16
369661,0.0,0.0,0.04,0.154,0.078,0.970,3,16
369711,0.0,0.0,0.06,0.154,0.078,0.971,3,16
369761,0.0,0.0,0.06,0.154,0.078,0.971,3,16
369811,0.0,0.0,0.05,0.151,0.076,0.970,3,16
369861,0.0,0.0,0.08,0.150,0.077,0.971,3,16
369911,0.0,0.0,0.04,0.150,0.077,0.971,3,16
369961,0.0,0.0,0.05,0.150,0.079,0.971,3,16
370011,0.0,0.0,0.09,0.152,0.076,0.970,3,16
370062,0.0,0.0,0.09,0.152,0.076,0.970,3,16
370112,0.0,0.0,0.12,0.152,0.075,0.970,3,16
370162,0.0,0.0,0.10,0.151,0.076,0.972,3,16
370212,0.0,0.0,0.07,0.151,0.079,0.971,3,16
370262,0.0,0.0,0.10,0.151,0.080,0.972,3,16
370312,0.0,0.0,0.13,0.152,0.078,0.970,3,16
370362,0.0,0.0,0.13,0.152,0.078,0.970,3,16
370412,0.0,0.0,0.07,0.151,0.075,0.971,3,16
370462,0.0,0.0,0.11,0.151,0.075,0.971,3,16
370512,0.0,0.0,0.12,0.151,0.076,0.971,3,16
370563,0.0,0.0,0.01,0.153,0.078,0.970,3,16
370613,0.0,0.0,0.01,0.152,0.079,0.971,3,16
370663,0.0,0.0,0.01,0.152,0.079,0.971,3,16
370713,0.0,0.0,0.03,0.151,0.077,0.971,3,16
370763,0.0,0.0,0.03,0.151,0.077,0.971,3,16
370813,0.0,0.0,0.04,0.151,0.074,0.970,3,16
370863,0.0,0.0,0.02,0.153,0.075,0.971,3,16
370913,0.0,0.0,0.09,0.154,0.080,0.971,3,16
370963,0.0,0.0,0.09,0.154,0.080,0.971,3,16
371013,0.0,0.0,0.05,0.149,0.080,0.971,3,16
371064,0.0,0.0,0.05,0.149,0.080,0.971,3,16
371114,0.0,0.0,0.08,0.146,0.073,0.970,3,16
371164,0.0,0.0,0.02,0.153,0.073,0.970,3,16
371214,0.0,0.0,0.09,0.156,0.082,0.971,3,16
371264,0.0,0.0,0.09,0.156,0.082,0.971,3,16
371314,0.0,0.0,0.15,0.150,0.080,0.971,3,16
371364,0.0,0.0,0.09,0.147,0.077,0.969,3,16
371414,0.0,0.0,0.14,0.149,0.075,0.970,3,16
371464,0.0,0.0,0.21,0.151,0.075,0.972,3,15
371514,0.0,0.0,0.08,0.153,0.082,0.970,3,15
371565,0.0,0.0,0.08,0.153,0.082,0.970,3,15
371615,0.0,0.0,0.03,0.151,0.077,0.969,3,15
371665,0.0,0.0,0.06,0.151,0.072,0.973,3,15
371715,0.0,0.0,0.09,0.151,0.070,0.973,3,15
371765,0.0,0.0,0.11,0.152,0.076,0.972,3,15
371815,0.0,0.0,0.11,0.153,0.083,0.969,3,15
371865,0.0,0.0,0.11,0.153,0.083,0.969,3,15
371915,0.0,0.0,0.02,0.152,0.081,0.971,3,15
371965,0.0,0.0,0.09,0.152,0.077,0.972,3,15
372015,0.0,0.0,0.09,0.152,0.077,0.972,3,15
372076,0.0,0.0,0.07,0.151,0.070,0.974,3,15
372126,0.0,0.0,0.08,0.147,0.075,0.974,3,15
372176,0.0,0.0,0.11,0.147,0.079,0.973,3,16
372226,0.0,0.0,0.09,0.150,0.082,0.967,3,16
372276,0.0,0.0,0.16,0.155,0.085,0.971,3,16
372326,0.0,0.0,0.16,0.155,0.085,0.971,3,16
372376,0.0,0.0,0.02,0.152,0.074,0.974,3,16
372426,0.0,0.0,0.05,0.152,0.069,0.965,3,16
372476,0.0,0.0,0.05,0.152,0.069,0.965,3,16
372526,0.0,0.0,0.09,0.151,0.075,0.970,3,16
372577,0.0,0.0,0.14,0.149,0.081,0.973,3,16
372628,0.0,0.0,0.14,0.149,0.081,0.973,3,16
372677,0.0,0.0,0.10,0.152,0.075,0.971,3,16
372727,0.0,0.0,0.07,0.155,0.072,0.972,3,16
372778,0.0,0.0,0.05,0.153,0.075,0.971,3,16
372827,0.0,0.0,0.06,0.150,0.082,0.969,3,16
372877,0.0,0.0,0.12,0.149,0.085,0.971,3,16
372928,0.0,0.0,0.12,0.149,0.085,0.971,3,16
372977,0.0,0.0,0.02,0.155,0.072,0.975,3,16
373027,0.0,0.0,0.02,0.152,0.067,0.971,3,16
373078,0.0,0.0,0.02,0.152,0.067,0.971,3,16
373128,0.0,0.0,0.30,0.150,0.078,0.971,3,16
373178,0.0,0.0,0.16,0.150,0.083,0.970,3,16
373228,0.0,0.0,0.16,0.150,0.083,0.970,3,16
373278,0.0,0.0,0.29,0.150,0.083,0.970,3,16
373328,0.0,0.0,0.14,0.150,0.077,0.971,3,16
373378,0.0,0.0,0.11,0.151,0.074,0.971,3,16
373428,0.0,0.0,0.13,0.155,0.073,0.974,3,16
373478,0.0,0.0,0.09,0.157,0.075,0.973,3,16
373528,0.0,0.0,0.09,0.157,0.075,0.973,3,16
373585,0.0,0.0,0.06,0.157,0.080,0.983,3,16
373635,0.0,0.0,0.08,0.149,0.080,0.979,3,16
373685,0.0,0.0,0.07,0.145,0.079,0.968,3,16
373735,0.0,0.0,0.18,0.143,0.077,0.954,3,16
373785,0.0,0.0,0.26,0.148,0.073,0.955,3,16
373835,0.0,0.0,0.06,0.161,0.071,0.967,3,16
373885,0.0,0.0,0.06,0.161,0.071,0.967,3,16
373935,0.0,0.0,0.08,0.162,0.077,0.971,3,16
373985,0.0,0.0,0.07,0.158,0.078,0.970,3,16
374035,0.0,0.0,0.15,0.154,0.078,0.970,3,16
374086,0.0,0.0,0.09,0.153,0.072,0.971,3,16
374136,0.0,0.0,0.15,0.155,0.074,0.971,3,16
374187,0.0,0.0,0.15,0.155,0.074,0.971,3,16
374236,0.0,0.0,0.05,0.156,0.076,0.971,3,16
374286,0.0,0.0,0.05,0.156,0.076,0.971,3,16
374337,0.0,0.0,0.05,0.156,0.076,0.971,3,16
374386,0.0,0.0,0.09,0.156,0.075,0.969,3,16
374436,0.0,0.0,0.11,0.156,0.075,0.971,3,16
374487,0.0,0.0,0.11,0.156,0.075,0.971,3,16
374536,0.0,0.0,0.09,0.155,0.076,0.969,3,16
374587,0.0,0.0,0.09,0.155,0.076,0.969,3,16
374637,0.0,0.0,0.13,0.155,0.075,0.971,3,16
374687,0.0,0.0,0.16,0.156,0.076,0.970,3,16
374737,0.0,0.0,0.11,0.156,0.075,0.970,3,16
374787,0.0,0.0,0.11,0.156,0.075,0.970,3,16
374837,0.0,0.0,0.11,0.157,0.075,0.971,3,16
374887,0.0,0.0,0.14,0.157,0.075,0.971,3,16
374937,0.0,0.0,0.06,0.156,0.075,0.970,3,16
374987,0.0,0.0,0.06,0.156,0.075,0.970,3,16
375037,0.0,0.0,0.04,0.156,0.076,0.971,3,16
375088,0.0,0.0,0.04,0.156,0.076,0.971,3,16
375138,0.0,0.0,0.17,0.155,0.076,0.970,3,16
375188,0.0,0.0,0.13,0.157,0.075,0.970,3,16
375238,0.0,0.0,0.04,0.157,0.075,0.970,3,16
375288,0.0,0.0,0.03,0.156,0.075,0.971,3,16
375338,0.0,0.0,0.04,0.154,0.079,0.969,3,16
375388,0.0,0.0,0.04,0.154,0.079,0.969,3,16
375438,0.0,0.0,0.05,0.157,0.072,0.972,3,16
375488,0.0,0.0,0.07,0.157,0.072,0.971,3,16
375538,0.0,0.0,0.07,0.157,0.072,0.971,3,16
375589,0.0,0.0,0.17,0.157,0.080,0.969,3,16
375639,0.0,0.0,0.15,0.156,0.073,0.974,3,16
375689,0.0,0.0,0.15,0.156,0.073,0.974,3,16
375739,0.0,0.0,0.12,0.153,0.077,0.967,3,16
375789,0.0,0.0,0.10,0.155,0.082,0.967,3,16
375839,0.0,0.0,0.06,0.157,0.079,0.970,3,16
375889,0.0,0.0,0.14,0.158,0.067,0.974,3,16
375939,0.0,0.0,0.06,0.156,0.083,0.968,3,16
375989,0.0,0.0,0.06,0.156,0.083,0.968,3,16
376039,0.0,0.0,0.02,0.155,0.076,0.974,3,16
376090,0.0,0.0,0.04,0.157,0.066,0.977,3,16
376140,0.0,0.0,0.07,0.155,0.067,0.971,3,16
376190,0.0,0.0,0.08,0.154,0.083,0.965,3,16
376240,0.0,0.0,0.09,0.156,0.087,0.967,3,16
376290,0.0,0.0,0.09,0.156,0.087,0.967,3,16
376340,0.0,0.0,0.12,0.159,0.071,0.974,3,16
376390,0.0,0.0,0.15,0.158,0.065,0.975,3,16
376440,0.0,0.0,0.12,0.155,0.066,0.970,3,16
376490,0.0,0.0,0.05,0.156,0.084,0.969,3,16
376540,0.0,0.0,0.02,0.158,0.069,0.976,3,16
376591,0.0,0.0,0.02,0.158,0.069,0.976,3,16
376641,0.0,0.0,0.04,0.154,0.076,0.967,3,16
376691,0.0,0.0,0.08,0.154,0.082,0.967,3,16
376741,0.0,0.0,0.15,0.156,0.080,0.970,3,16
376791,0.0,0.0,0.16,0.158,0.077,0.970,3,16
376841,0.0,0.0,0.11,0.158,0.077,0.970,3,16
376891,0.0,0.0,0.11,0.158,0.077,0.970,3,16
376941,0.0,0.0,0.09,0.157,0.071,0.974,3,16
376991,0.0,0.0,0.04,0.156,0.072,0.972,3,16
377041,0.0,0.0,0.09,0.156,0.074,0.970,3,16
377094,0.0,0.0,0.09,0.156,0.074,0.970,3,16
377144,0.0,0.0,0.03,0.156,0.078,0.969,3,16
377198,0.0,0.0,0.03,0.156,0.078,0.969,3,16
377247,0.0,0.0,0.08,0.158,0.066,0.976,3,16
377297,0.0,0.0,0.05,0.156,0.071,0.971,3,16
377347,0.0,0.0,0.05,0.156,0.071,0.971,3,16
377397,0.0,0.0,0.09,0.156,0.096,0.966,3,16
377447,0.0,0.0,0.06,0.158,0.068,0.973,3,16
377497,0.0,0.0,0.06,0.158,0.068,0.973,3,16
377547,0.0,0.0,0.07,0.157,0.072,0.968,3,16
377598,0.0,0.0,0.05,0.158,0.067,0.978,3,16
377649,0.0,0.0,0.05,0.158,0.067,0.978,3,16
377699,0.0,0.0,0.09,0.149,0.072,0.971,3,16
377749,0.0,0.0,0.04,0.153,0.091,0.967,3,16
377799,0.0,0.0,0.03,0.159,0.085,0.970,3,16
377849,0.0,0.0,0.05,0.164,0.075,0.971,3,16
377899,0.0,0.0,0.17,0.162,0.070,0.967,3,16
377950,0.0,0.0,0.17,0.162,0.070,0.967,3,16
378001,0.0,0.0,0.13,0.158,0.071,0.967,3,16
378051,0.0,0.0,0.10,0.154,0.073,0.972,3,16
378102,0.0,0.0,0.10,0.154,0.073,0.972,3,16
378152,0.0,0.0,0.12,0.153,0.077,0.972,3,16
378202,0.0,0.0,0.06,0.156,0.076,0.970,3,16
378253,0.0,0.0,0.06,0.156,0.076,0.970,3,16
378303,0.0,0.0,0.13,0.160,0.073,0.969,3,16
378353,0.0,0.0,0.08,0.158,0.075,0.969,3,16
378403,0.0,0.0,0.03,0.156,0.077,0.970,3,16
378453,0.0,0.0,0.08,0.155,0.075,0.972,3,16
378503,0.0,0.0,0.04,0.155,0.072,0.972,3,16
378553,0.0,0.0,0.04,0.155,0.072,0.972,3,16
378611,0.0,0.0,0.10,0.156,0.074,0.970,3,16
378661,0.0,0.0,0.08,0.158,0.077,0.970,3,16
378711,0.0,0.0,0.09,0.158,0.075,0.970,3,16
378761,0.0,0.0,0.05,0.158,0.075,0.970,3,16
378811,0.0,0.0,0.03,0.156,0.075,0.970,3,16
378861,0.0,0.0,0.03,0.156,0.075,0.971,3,16
378911,0.0,0.0,0.03,0.156,0.075,0.971,3,16
378961,0.0,0.0,0.06,0.157,0.075,0.970,3,16
379011,0.0,0.0,0.05,0.157,0.075,0.970,3,16
379061,0.0,0.0,0.06,0.157,0.075,0.970,3,16
379112,0.0,0.0,0.05,0.158,0.075,0.971,3,16
379162,0.0,0.0,0.05,0.157,0.075,0.971,3,16
379212,0.0,0.0,0.05,0.157,0.075,0.971,3,16
379262,0.0,0.0,0.06,0.156,0.075,0.970,3,16
379312,0.0,0.0,0.12,0.156,0.076,0.970,3,16
379362,0.0,0.0,0.05,0.156,0.075,0.971,3,16
379412,0.0,0.0,0.09,0.157,0.075,0.971,3,16
379462,0.0,0.0,0.15,0.157,0.075,0.970,3,16
379512,0.0,0.0,0.15,0.157,0.075,0.970,3,16
379562,0.0,0.0,0.06,0.157,0.076,0.970,3,16
379613,0.0,0.0,0.06,0.157,0.076,0.970,3,16
379663,0.0,0.0,0.01,0.156,0.075,0.971,3,16
379713,0.0,0.0,0.06,0.157,0.076,0.971,3,16
379763,0.0,0.0,0.09,0.158,0.075,0.973,3,16
379813,0.0,0.0,0.09,0.158,0.075,0.973,3,16
379863,0.0,0.0,0.04,0.158,0.073,0.970,3,16
379913,0.0,0.0,0.07,0.156,0.078,0.970,3,16
379963,0.0,0.0,0.08,0.156,0.074,0.973,3,16
380013,0.0,0.0,0.05,0.156,0.074,0.969,3,16
380063,0.0,0.0,0.05,0.158,0.077,0.969,3,16
380114,0.0,0.0,0.05,0.158,0.077,0.969,3,16
380164,0.0,0.0,0.03,0.162,0.073,0.975,3,16
380214,0.0,0.0,0.03,0.158,0.072,0.969,3,16
380264,0.0,0.0,0.05,0.156,0.080,0.964,3,16
380314,0.0,0.0,0.04,0.153,0.070,0.969,3,16
380364,0.0,0.0,0.08,0.159,0.074,0.975,3,16
380414,0.0,0.0,0.08,0.159,0.074,0.975,3,16
380464,0.0,0.0,0.08,0.153,0.072,0.964,3,16
380514,0.0,0.0,0.05,0.159,0.077,0.973,3,16
380564,0.0,0.0,0.09,0.158,0.072,0.972,3,16
380615,0.0,0.0,0.22,0.159,0.079,0.971,3,16
380665,0.0,0.0,0.22,0.157,0.074,0.970,3,16
380715,0.0,0.0,0.22,0.157,0.074,0.970,3,16
380765,0.0,0.0,0.09,0.158,0.074,0.970,3,16
380815,0.0,0.0,0.09,0.157,0.075,0.971,3,16
380865,0.0,0.0,0.15,0.156,0.075,0.971,3,16
380915,0.0,0.0,0.15,0.156,0.075,0.971,3,16
380965,0.0,0.0,0.14,0.156,0.075,0.971,3,16
381015,0.0,0.0,0.08,0.157,0.075,0.971,3,16
381065,0.0,0.0,0.11,0.158,0.074,0.970,3,16
381116,0.0,0.0,0.11,0.158,0.074,0.970,3,16
381166,0.0,0.0,0.04,0.157,0.075,0.970,3,16
381216,0.0,0.0,0.08,0.158,0.075,0.970,3,16
381266,0.0,0.0,0.10,0.158,0.075,0.970,3,16
381316,0.0,0.0,0.10,0.158,0.075,0.970,3,16
381366,0.0,0.0,0.11,0.156,0.075,0.971,3,15
381416,0.0,0.0,0.11,0.156,0.075,0.971,3,15
381466,0.0,0.0,0.07,0.157,0.075,0.971,3,15
381516,0.0,0.0,0.05,0.158,0.075,0.970,3,15
381566,0.0,0.0,0.02,0.159,0.074,0.970,3,15
381621,0.0,0.0,0.10,0.159,0.075,0.970,3,15
381670,0.0,0.0,0.12,0.156,0.075,0.971,3,15
381720,0.0,0.0,0.09,0.155,0.076,0.970,3,15
381773,0.0,0.0,0.09,0.155,0.076,0.970,3,15
381822,0.0,0.0,0.14,0.159,0.075,0.970,3,15
381872,0.0,0.0,0.09,0.161,0.076,0.970,3,15
381923,0.0,0.0,0.09,0.161,0.076,0.970,3,15
381972,0.0,0.0,0.12,0.157,0.075,0.971,3,15
382022,0.0,0.0,0.07,0.153,0.071,0.971,3,15
382073,0.0,0.0,0.07,0.153,0.071,0.971,3,15
382127,0.0,0.0,0.08,0.155,0.076,0.971,3,15
382177,0.0,0.0,0.04,0.157,0.079,0.971,3,15
382227,0.0,0.0,0.04,0.157,0.079,0.971,3,15
382277,0.0,0.0,0.28,0.155,0.076,0.970,3,15
382327,0.0,0.0,0.15,0.160,0.070,0.968,3,15
382377,0.0,0.0,0.15,0.160,0.070,0.968,3,15
382427,0.0,0.0,0.07,0.165,0.078,0.970,3,15
382477,0.0,0.0,0.09,0.157,0.077,0.970,3,15
382527,0.0,0.0,0.09,0.157,0.077,0.970,3,15
382577,0.0,0.0,0.14,0.150,0.071,0.971,3,15
382628,0.0,0.0,0.09,0.153,0.068,0.973,3,16
382678,0.0,0.0,0.09,0.153,0.068,0.973,3,16
382728,0.0,0.0,0.12,0.161,0.076,0.969,3,16
382778,0.0,0.0,0.11,0.161,0.073,0.969,3,16
382829,0.0,0.0,0.11,0.161,0.073,0.969,3,16
382878,0.0,0.0,0.10,0.160,0.057,0.972,3,16
382928,0.0,0.0,0.07,0.152,0.077,0.969,3,16
382979,0.0,0.0,0.07,0.152,0.077,0.969,3,16
383028,0.0,0.0,0.04,0.155,0.097,0.965,3,16
383078,0.0,0.0,0.04,0.160,0.075,0.968,3,16
383129,0.0,0.0,0.04,0.160,0.075,0.968,3,16
383179,0.0,0.0,0.12,0.160,0.070,0.971,3,16
383229,0.0,0.0,0.15,0.162,0.063,0.971,3,16
383279,0.0,0.0,0.15,0.162,0.063,0.971,3,16
383329,0.0,0.0,0.10,0.159,0.073,0.970,3,16
383379,0.0,0.0,0.09,0.156,0.080,0.971,3,15
383430,0.0,0.0,0.09,0.156,0.080,0.971,3,15
383479,0.0,0.0,0.01,0.157,0.077,0.971,3,16
383529,0.0,0.0,0.17,0.158,0.071,0.971,3,16
383579,0.0,0.0,0.17,0.158,0.071,0.971,3,16
383636,0.0,0.0,0.00,0.159,0.071,0.971,3,16
383686,0.0,0.0,0.11,0.160,0.076,0.971,3,15
383736,0.0,0.0,0.11,0.160,0.076,0.971,3,15
383786,0.0,0.0,0.19,0.158,0.075,0.970,3,15
383836,0.0,0.0,0.13,0.156,0.074,0.970,3,15
383886,0.0,0.0,0.13,0.157,0.074,0.970,3,15
383936,0.0,0.0,0.02,0.158,0.074,0.970,3,15
383986,0.0,0.0,0.04,0.160,0.073,0.970,3,15
384036,0.0,0.0,0.04,0.160,0.073,0.970,3,15
384086,0.0,0.0,0.16,0.160,0.072,0.970,3,15
384137,0.0,0.0,0.26,0.158,0.074,0.970,3,15
384187,0.0,0.0,0.12,0.157,0.075,0.970,3,16
384238,0.0,0.0,0.09,0.157,0.076,0.971,3,16
384287,0.0,0.0,0.05,0.157,0.075,0.970,3,16
384337,0.0,0.0,0.05,0.157,0.075,0.970,3,16
384388,0.0,0.0,0.15,0.160,0.073,0.969,3,16
384437,0.0,0.0,0.05,0.159,0.070,0.971,3,16
384487,0.0,0.0,0.12,0.157,0.071,0.972,3,16
384538,0.0,0.0,0.12,0.157,0.071,0.972,3,16
384587,0.0,0.0,0.12,0.157,0.077,0.971,3,16
384638,0.0,0.0,0.12,0.157,0.077,0.971,3,16
384688,0.0,0.0,0.12,0.159,0.076,0.970,3,16
384738,0.0,0.0,0.07,0.159,0.072,0.971,3,16
384788,0.0,0.0,0.10,0.159,0.071,0.971,3,16
384838,0.0,0.0,0.09,0.158,0.072,0.970,3,16
384888,0.0,0.0,0.05,0.158,0.075,0.970,3,16
384938,0.0,0.0,0.05,0.158,0.075,0.970,3,16
384988,0.0,0.0,0.02,0.159,0.075,0.971,3,16
385038,0.0,0.0,0.10,0.159,0.073,0.970,3,16
385088,0.0,0.0,0.03,0.159,0.073,0.970,3,16
385139,0.0,0.0,0.03,0.159,0.073,0.970,3,16
385189,0.0,0.0,0.08,0.159,0.074,0.970,3,16
385239,0.0,0.0,0.08,0.159,0.074,0.970,3,16
385289,0.0,0.0,0.03,0.159,0.074,0.970,3,16
385339,0.0,0.0,0.07,0.158,0.073,0.970,3,16
385389,0.0,0.0,0.04,0.158,0.073,0.970,3,16
385439,0.0,0.0,0.06,0.158,0.073,0.970,3,16
385489,0.0,0.0,0.05,0.159,0.074,0.970,3,16
385539,0.0,0.0,0.05,0.159,0.074,0.970,3,16
385589,0.0,0.0,0.12,0.158,0.074,0.970,3,16
385640,0.0,0.0,0.04,0.158,0.073,0.970,3,16
385690,0.0,0.0,0.06,0.158,0.073,0.970,3,16
385740,0.0,0.0,0.03,0.159,0.074,0.970,3,16
385790,0.0,0.0,0.08,0.159,0.074,0.970,3,16
385840,0.0,0.0,0.08,0.159,0.074,0.970,3,16
385890,0.0,0.0,0.05,0.159,0.074,0.970,3,16
385940,0.0,0.0,0.03,0.158,0.073,0.970,3,15
385990,0.0,0.0,0.05,0.158,0.073,0.970,3,15
386040,0.0,0.0,0.05,0.158,0.074,0.970,3,15
386090,0.0,0.0,0.05,0.159,0.074,0.970,3,15
386141,0.0,0.0,0.09,0.158,0.074,0.970,3,16
386191,0.0,0.0,0.09,0.158,0.074,0.970,3,16
386241,0.0,0.0,0.03,0.159,0.074,0.970,3,16
386291,0.0,0.0,0.06,0.159,0.074,0.970,3,16
386341,0.0,0.0,0.07,0.159,0.074,0.970,3,16
386391,0.0,0.0,0.02,0.158,0.074,0.970,3,16
386441,0.0,0.0,0.06,0.158,0.073,0.970,3,16
386491,0.0,0.0,0.06,0.158,0.073,0.970,3,16
386541,0.0,0.0,0.07,0.160,0.074,0.970,3,16
386591,0.0,0.0,0.06,0.160,0.074,0.970,3,16
386642,0.0,0.0,0.00,0.159,0.073,0.970,3,16
386692,0.0,0.0,0.08,0.158,0.073,0.971,3,16
386742,0.0,0.0,0.05,0.158,0.075,0.970,3,16
386792,0.0,0.0,0.05,0.158,0.075,0.970,3,16
386842,0.0,0.0,0.01,0.159,0.074,0.970,3,16
386892,0.0,0.0,0.05,0.160,0.073,0.970,3,16
386942,0.0,0.0,0.04,0.160,0.073,0.970,3,16
386992,0.0,0.0,0.02,0.159,0.073,0.970,3,16
387042,0.0,0.0,0.04,0.158,0.074,0.970,3,16
387092,0.0,0.0,0.04,0.158,0.074,0.970,3,16
387152,0.0,0.0,0.08,0.158,0.074,0.971,3,16
387202,0.0,0.0,0.12,0.159,0.073,0.970,3,16
387252,0.0,0.0,0.12,0.159,0.073,0.970,3,16
387302,0.0,0.0,0.06,0.160,0.074,0.969,3,16
387352,0.0,0.0,0.07,0.159,0.074,0.970,3,16
387402,0.0,0.0,0.10,0.158,0.074,0.970,3,16
387452,0.0,0.0,0.06,0.158,0.073,0.970,3,16
387502,0.0,0.0,0.17,0.158,0.073,0.970,3,16
387553,0.0,0.0,0.17,0.158,0.073,0.970,3,16
387603,0.0,0.0,0.08,0.159,0.073,0.970,3,16
387654,0.0,0.0,0.03,0.159,0.074,0.970,3,16
387704,0.0,0.0,0.04,0.159,0.074,0.970,3,16
387754,0.0,0.0,0.08,0.158,0.073,0.970,3,16
387804,0.0,0.0,0.16,0.158,0.074,0.970,3,16
387854,0.0,0.0,0.16,0.158,0.074,0.970,3,16
387904,0.0,0.0,0.18,0.159,0.074,0.970,3,16
387954,0.0,0.0,0.17,0.159,0.074,0.970,3,16
388004,0.0,0.0,0.12,0.158,0.074,0.970,3,16
388054,0.0,0.0,0.09,0.158,0.074,0.970,3,16
388104,0.0,0.0,0.02,0.158,0.073,0.970,3,16
388155,0.0,0.0,0.02,0.158,0.073,0.970,3,16
388205,0.0,0.0,0.02,0.158,0.073,0.970,3,16
388255,0.0,0.0,0.02,0.159,0.074,0.970,3,16
388305,0.0,0.0,0.02,0.158,0.074,0.970,3,16
388355,0.0,0.0,0.01,0.158,0.073,0.970,3,16
388405,0.0,0.0,0.04,0.159,0.074,0.970,3,16
388457,0.0,0.0,0.04,0.159,0.074,0.970,3,16
388507,0.0,0.0,0.03,0.159,0.074,0.970,3,16
388557,0.0,0.0,0.12,0.159,0.074,0.970,3,16
388607,0.0,0.0,0.08,0.159,0.073,0.970,3,16
388661,0.0,0.0,0.12,0.159,0.074,0.970,3,16
388711,0.0,0.0,0.05,0.159,0.074,0.970,3,16
388761,0.0,0.0,0.05,0.159,0.074,0.970,3,16
388811,0.0,0.0,0.08,0.159,0.074,0.970,3,16
388861,0.0,0.0,0.06,0.159,0.074,0.970,3,16
388911,0.0,0.0,0.07,0.158,0.074,0.970,3,16
388961,0.0,0.0,0.08,0.158,0.073,0.970,3,16
389011,0.0,0.0,0.07,0.158,0.074,0.970,3,16
389061,0.0,0.0,0.07,0.158,0.074,0.970,3,16
389111,0.0,0.0,0.10,0.159,0.075,0.970,3,16
389162,0.0,0.0,0.05,0.160,0.074,0.970,3,16
389212,0.0,0.0,0.12,0.159,0.072,0.970,3,16
389262,0.0,0.0,0.04,0.159,0.072,0.971,3,16
389312,0.0,0.0,0.05,0.159,0.074,0.970,3,16
389362,0.0,0.0,0.06,0.158,0.077,0.970,3,16
389412,0.0,0.0,0.06,0.158,0.077,0.970,3,16
389462,0.0,0.0,0.07,0.157,0.074,0.970,3,16
389512,0.0,0.0,0.06,0.157,0.071,0.970,3,16
389562,0.0,0.0,0.08,0.158,0.070,0.970,3,16
389612,0.0,0.0,0.07,0.160,0.073,0.969,3,16
389663,0.0,0.0,0.06,0.160,0.075,0.970,3,16
389713,0.0,0.0,0.06,0.160,0.075,0.970,3,16
389763,0.0,0.0,0.06,0.157,0.074,0.970,3,16
389813,0.0,0.0,0.09,0.157,0.073,0.970,3,16
389863,0.0,0.0,0.04,0.157,0.073,0.970,3,16
389913,0.0,0.0,0.07,0.159,0.074,0.970,3,16
389963,0.0,0.0,0.04,0.160,0.074,0.970,3,16
390013,0.0,0.0,0.04,0.160,0.074,0.970,3,16
390063,0.0,0.0,0.08,0.158,0.073,0.970,3,16
390113,0.0,0.0,0.03,0.158,0.073,0.970,3,16
390164,0.0,0.0,0.06,0.157,0.074,0.970,3,16
390214,0.0,0.0,0.05,0.159,0.074,0.970,3,16
390264,0.0,0.0,0.06,0.160,0.072,0.971,3,16
390314,0.0,0.0,0.06,0.160,0.072,0.971,3,16
390364,0.0,0.0,0.11,0.158,0.074,0.969,3,16
390414,0.0,0.0,0.07,0.157,0.075,0.970,3,16
390464,0.0,0.0,0.07,0.157,0.075,0.970,3,16
390514,0.0,0.0,0.05,0.158,0.073,0.972,3,16
390564,0.0,0.0,0.19,0.159,0.072,0.969,3,16
390614,0.0,0.0,0.19,0.159,0.072,0.969,3,16
390665,0.0,0.0,0.12,0.158,0.076,0.971,3,16
390715,0.0,0.0,0.14,0.158,0.075,0.971,3,16
390765,0.0,0.0,0.07,0.158,0.074,0.970,3,16
390815,0.0,0.0,0.04,0.159,0.072,0.969,3,16
390865,0.0,0.0,0.09,0.160,0.073,0.971,3,16
390915,0.0,0.0,0.09,0.160,0.073,0.971,3,16
390965,0.0,0.0,0.09,0.160,0.073,0.971,3,16
391015,0.0,0.0,0.13,0.158,0.075,0.970,3,16
391065,0.0,0.0,0.04,0.158,0.075,0.970,3,16
391115,0.0,0.0,0.04,0.158,0.075,0.970,3,16
391166,0.0,0.0,0.08,0.159,0.073,0.971,3,16
391216,0.0,0.0,0.08,0.159,0.073,0.971,3,16
391266,0.0,0.0,0.04,0.159,0.072,0.970,3,16
391316,0.0,0.0,0.13,0.159,0.074,0.969,3,16
391366,0.0,0.0,0.10,0.159,0.074,0.970,3,16
391416,0.0,0.0,0.02,0.158,0.073,0.971,3,16
391466,0.0,0.0,0.07,0.158,0.074,0.970,3,16
391516,0.0,0.0,0.07,0.158,0.074,0.970,3,16
391566,0.0,0.0,0.04,0.159,0.074,0.970,3,16
391616,0.0,0.0,0.06,0.159,0.074,0.970,3,16
391667,0.0,0.0,0.06,0.159,0.074,0.970,3,16
391717,0.0,0.0,0.05,0.158,0.074,0.970,3,16
391767,0.0,0.0,0.07,0.158,0.074,0.970,3,16
391817,0.0,0.0,0.07,0.158,0.074,0.970,3,16
391867,0.0,0.0,0.07,0.159,0.073,0.970,3,16
391917,0.0,0.0,0.04,0.159,0.074,0.970,3,16
391967,0.0,0.0,0.00,0.159,0.074,0.970,3,16
392017,0.0,0.0,0.02,0.158,0.074,0.970,3,16
392067,0.0,0.0,0.09,0.158,0.074,0.970,3,16
392117,0.0,0.0,0.09,0.158,0.074,0.970,3,16
392178,0.0,0.0,0.06,0.159,0.074,0.970,3,16
392228,0.0,0.0,0.16,0.159,0.074,0.970,3,16
392278,0.0,0.0,0.16,0.159,0.074,0.970,3,16
392328,0.0,0.0,0.11,0.159,0.074,0.970,3,16
392378,0.0,0.0,0.02,0.158,0.074,0.970,3,16
392428,0.0,0.0,0.02,0.158,0.074,0.970,3,16
392478,0.0,0.0,0.08,0.159,0.074,0.970,3,16
392528,0.0,0.0,0.10,0.159,0.074,0.970,3,16
392578,0.0,0.0,0.10,0.159,0.074,0.970,3,16
392628,0.0,0.0,0.19,0.159,0.074,0.970,3,16
392679,0.0,0.0,0.09,0.158,0.074,0.971,3,16
392730,0.0,0.0,0.09,0.158,0.074,0.971,3,16
392779,0.0,0.0,0.03,0.159,0.074,0.971,3,16
392829,0.0,0.0,0.02,0.159,0.074,0.970,3,16
392880,0.0,0.0,0.02,0.159,0.074,0.970,3,16
392929,0.0,0.0,0.03,0.159,0.074,0.970,3,16
392979,0.0,0.0,0.05,0.159,0.073,0.970,3,16
393030,0.0,0.0,0.05,0.159,0.073,0.970,3,16
393079,0.0,0.0,0.12,0.159,0.074,0.970,3,16
393129,0.0,0.0,0.08,0.159,0.074,0.970,3,16
393180,0.0,0.0,0.08,0.159,0.074,0.970,3,16
393230,0.0,0.0,0.03,0.159,0.074,0.970,3,16
393280,0.0,0.0,0.07,0.159,0.074,0.970,3,16
393330,0.0,0.0,0.07,0.159,0.074,0.970,3,16
393380,0.0,0.0,0.08,0.158,0.074,0.971,3,16
393430,0.0,0.0,0.11,0.157,0.074,0.971,3,16
393481,0.0,0.0,0.11,0.157,0.074,0.971,3,16
393530,0.0,0.0,0.09,0.158,0.074,0.970,3,16
393580,0.0,0.0,0.10,0.161,0.073,0.970,3,16
393630,0.0,0.0,0.10,0.161,0.073,0.970,3,16
393687,0.0,0.0,0.04,0.159,0.074,0.970,3,16
393737,0.0,0.0,0.08,0.158,0.074,0.970,3,16
393787,0.0,0.0,0.08,0.159,0.073,0.970,3,16
393837,0.0,0.0,0.08,0.159,0.073,0.970,3,16
393887,0.0,0.0,0.04,0.159,0.074,0.970,3,16
393937,0.0,0.0,0.04,0.159,0.074,0.970,3,16
393987,0.0,0.0,0.03,0.158,0.074,0.971,3,16
394037,0.0,0.0,0.01,0.158,0.074,0.971,3,16
394087,0.0,0.0,0.02,0.158,0.073,0.970,3,16
394137,0.0,0.0,0.02,0.158,0.073,0.970,3,16
394188,0.0,0.0,0.06,0.160,0.073,0.970,3,16
394238,0.0,0.0,0.06,0.160,0.073,0.970,3,16
394289,0.0,0.0,0.03,0.160,0.074,0.970,3,16
394338,0.0,0.0,0.04,0.158,0.074,0.970,3,16
394388,0.0,0.0,0.06,0.158,0.073,0.970,3,16
394439,0.0,0.0,0.06,0.158,0.073,0.970,3,16
394488,0.0,0.0,0.05,0.159,0.074,0.970,3,16
394538,0.0,0.0,0.05,0.159,0.074,0.970,3,16
394589,0.0,0.0,0.05,0.160,0.074,0.970,3,16
394638,0.0,0.0,0.09,0.159,0.074,0.970,3,16
394689,0.0,0.0,0.07,0.158,0.073,0.970,3,16
394739,0.0,0.0,0.04,0.157,0.073,0.971,3,16
394789,0.0,0.0,0.06,0.159,0.074,0.970,3,16
394839,0.0,0.0,0.06,0.159,0.074,0.970,3,16
394889,0.0,0.0,0.10,0.159,0.074,0.970,3,16
394939,0.0,0.0,0.01,0.159,0.074,0.970,3,16
394989,0.0,0.0,0.11,0.159,0.074,0.970,3,16
395039,0.0,0.0,0.11,0.159,0.074,0.970,3,16
395089,0.0,0.0,0.13,0.159,0.074,0.971,3,16
395139,0.0,0.0,0.13,0.159,0.074,0.971,3,16
395190,0.0,0.0,0.09,0.159,0.074,0.970,3,16
395240,0.0,0.0,0.06,0.158,0.074,0.971,3,16
395290,0.0,0.0,0.06,0.158,0.074,0.971,3,16
395340,0.0,0.0,0.06,0.158,0.074,0.971,3,16
395390,0.0,0.0,0.03,0.159,0.074,0.970,3,16
395440,0.0,0.0,0.03,0.159,0.074,0.970,3,16
395490,0.0,0.0,0.00,0.159,0.074,0.970,3,16
395540,0.0,0.0,0.08,0.159,0.074,0.970,3,16
395590,0.0,0.0,0.11,0.158,0.074,0.970,3,16
395640,0.0,0.0,0.11,0.158,0.074,0.970,3,16
395691,0.0,0.0,0.08,0.159,0.074,0.970,3,16
395741,0.0,0.0,0.08,0.159,0.074,0.970,3,16
395791,0.0,0.0,0.07,0.160,0.073,0.970,3,16
395841,0.0,0.0,0.04,0.160,0.073,0.970,3,16
395891,0.0,0.0,0.07,0.158,0.074,0.970,3,16
395941,0.0,0.0,0.07,0.158,0.074,0.970,3,16
395991,0.0,0.0,0.08,0.158,0.074,0.970,3,16
396041,0.0,0.0,0.08,0.158,0.074,0.970,3,16
396091,0.0,0.0,0.09,0.159,0.074,0.971,3,16
396141,0.0,0.0,0.12,0.159,0.074,0.970,3,16
396192,0.0,0.0,0.07,0.158,0.074,0.970,3,16
396242,0.0,0.0,0.07,0.158,0.074,0.970,3,16
396292,0.0,0.0,0.05,0.159,0.074,0.970,3,16
396342,0.0,0.0,0.05,0.159,0.074,0.970,3,16
396392,0.0,0.0,0.10,0.159,0.074,0.970,3,16
396442,0.0,0.0,0.06,0.159,0.074,0.970,3,16
396492,0.0,0.0,0.04,0.159,0.074,0.970,3,16
396542,0.0,0.0,0.04,0.159,0.074,0.970,3,16
396592,0.0,0.0,0.03,0.158,0.074,0.971,3,16
396642,0.0,0.0,0.03,0.158,0.074,0.971,3,16
396693,0.0,0.0,0.06,0.157,0.074,0.970,3,16
396743,0.0,0.0,0.06,0.160,0.074,0.969,3,16
396793,0.0,0.0,0.05,0.160,0.074,0.970,3,16
396843,0.0,0.0,0.05,0.160,0.074,0.970,3,16
396893,0.0,0.0,0.08,0.158,0.074,0.970,3,16
396943,0.0,0.0,0.08,0.158,0.074,0.970,3,16
396993,0.0,0.0,0.09,0.157,0.074,0.971,3,16
397043,0.0,0.0,0.08,0.159,0.074,0.970,3,16
397093,0.0,0.0,0.08,0.160,0.074,0.970,3,16
397143,0.0,0.0,0.08,0.160,0.074,0.970,3,16
397203,0.0,0.0,0.03,0.159,0.074,0.970,3,16
397253,0.0,0.0,0.03,0.158,0.074,0.970,3,16
397303,0.0,0.0,0.03,0.158,0.074,0.970,3,16
397353,0.0,0.0,0.08,0.159,0.074,0.971,3,16
397403,0.0,0.0,0.02,0.160,0.073,0.970,3,16
397453,0.0,0.0,0.02,0.160,0.073,0.970,3,16
397503,0.0,0.0,0.01,0.159,0.074,0.970,3,16
397553,0.0,0.0,0.16,0.158,0.073,0.970,3,16
397604,0.0,0.0,0.16,0.158,0.073,0.970,3,16
397653,0.0,0.0,0.12,0.158,0.073,0.970,3,16
397704,0.0,0.0,0.04,0.158,0.075,0.970,3,16
397755,0.0,0.0,0.04,0.158,0.075,0.970,3,16
397804,0.0,0.0,0.07,0.160,0.074,0.970,3,16
397854,0.0,0.0,0.06,0.159,0.073,0.970,3,16
397905,0.0,0.0,0.04,0.158,0.073,0.971,3,16
397954,0.0,0.0,0.10,0.158,0.074,0.971,3,16
398004,0.0,0.0,0.08,0.158,0.075,0.970,3,16
398055,0.0,0.0,0.08,0.158,0.075,0.970,3,16
398104,0.0,0.0,0.05,0.159,0.073,0.971,3,16
398154,0.0,0.0,0.00,0.159,0.072,0.970,3,16
398205,0.0,0.0,0.06,0.158,0.073,0.970,3,16
398255,0.0,0.0,0.06,0.158,0.073,0.970,3,16
398305,0.0,0.0,0.05,0.158,0.075,0.970,3,16
398355,0.0,0.0,0.05,0.158,0.075,0.970,3,16
398405,0.0,0.0,0.05,0.159,0.075,0.971,3,16
398455,0.0,0.0,0.03,0.159,0.073,0.970,3,16
398505,0.0,0.0,0.02,0.159,0.073,0.970,3,16
398555,0.0,0.0,0.02,0.159,0.073,0.971,3,16
398605,0.0,0.0,0.07,0.159,0.075,0.970,3,16
398655,0.0,0.0,0.07,0.159,0.075,0.970,3,16
398711,0.0,0.0,0.05,0.158,0.075,0.970,3,16
398761,0.0,0.0,0.09,0.159,0.072,0.970,3,16
398811,0.0,0.0,0.03,0.159,0.072,0.970,3,16
398861,0.0,0.0,0.02,0.159,0.073,0.971,3,15
398911,0.0,0.0,0.03,0.158,0.076,0.971,3,16
398961,0.0,0.0,0.03,0.158,0.076,0.971,3,16
399011,0.0,0.0,0.02,0.159,0.075,0.971,3,16
399061,0.0,0.0,0.09,0.160,0.072,0.970,3,16
399113,0.0,0.0,0.12,0.159,0.072,0.970,3,16
399162,0.0,0.0,0.01,0.158,0.074,0.970,3,16
399213,0.0,0.0,0.08,0.157,0.075,0.970,3,16
399263,0.0,0.0,0.08,0.157,0.075,0.970,3,16
399313,0.0,0.0,0.08,0.157,0.075,0.970,3,16
399363,0.0,0.0,0.01,0.161,0.073,0.970,3,16
399413,0.0,0.0,0.12,0.161,0.073,0.970,3,16
399463,0.0,0.0,0.05,0.159,0.073,0.970,3,16
399513,0.0,0.0,0.07,0.156,0.075,0.970,3,16
399564,0.0,0.0,0.07,0.156,0.075,0.970,3,16
399613,0.0,0.0,0.10,0.158,0.074,0.970,3,16
399663,0.0,0.0,0.07,0.160,0.073,0.970,3,16
