timestamp_ms,pri_rpm,sec_rpm,speed_mph,g_x,g_y,g_z,fix_status,sat_count
616,0.0,0.0,0.00,0.000,0.000,0.000,0,0
666,0.0,0.0,0.00,0.000,0.000,0.000,0,0
716,0.0,0.0,0.00,0.000,0.000,0.000,0,0
766,0.0,0.0,0.00,0.000,0.000,0.000,0,0
816,0.0,0.0,0.00,0.000,0.000,0.000,0,0
866,0.0,0.0,0.00,0.000,0.000,0.000,0,0
916,0.0,0.0,0.00,0.000,0.000,0.000,0,0
966,0.0,0.0,0.00,0.000,0.000,0.000,0,0
1016,0.0,0.0,0.00,0.000,0.000,0.000,0,0
1066,0.0,0.0,0.00,0.000,0.000,0.000,0,0
1116,0.0,0.0,0.00,0.000,0.000,0.000,0,0
1166,0.0,0.0,0.00,0.000,0.000,0.000,0,0
1216,0.0,0.0,0.00,0.000,0.000,0.000,0,0
1266,0.0,0.0,0.00,0.000,0.000,0.000,0,0
1316,0.0,0.0,0.00,0.000,0.000,0.000,0,0
1366,0.0,0.0,0.00,0.000,0.000,0.000,0,0
1416,0.0,0.0,0.00,0.000,0.000,0.000,0,0
1466,0.0,0.0,0.00,0.000,0.000,0.000,0,0
1516,0.0,0.0,0.00,0.000,0.000,0.000,0,0
1566,0.0,0.0,0.00,0.000,0.000,0.000,0,0
1616,0.0,0.0,0.00,0.000,0.000,0.000,0,0
1666,0.0,0.0,0.00,0.000,0.000,0.000,0,0
1716,0.0,0.0,0.00,0.000,0.000,0.000,0,0
1766,0.0,0.0,0.00,0.000,0.000,0.000,0,0
1816,0.0,0.0,0.00,0.000,0.000,0.000,0,0
1866,0.0,0.0,0.00,0.000,0.000,0.000,0,0
1916,0.0,0.0,0.00,0.000,0.000,0.000,0,0
1966,0.0,0.0,0.00,0.000,0.000,0.000,0,0
2016,0.0,0.0,0.00,0.000,0.000,0.000,0,0
2071,0.0,0.0,0.00,0.000,0.000,0.000,0,0
2123,0.0,0.0,0.00,0.000,0.000,0.000,0,0
2173,0.0,0.0,0.00,0.000,0.000,0.000,0,0
2223,0.0,0.0,0.00,0.000,0.000,0.000,0,0
2273,0.0,0.0,0.00,0.000,0.000,0.000,0,0
2323,0.0,0.0,0.00,0.000,0.000,0.000,0,0
2373,0.0,0.0,0.00,0.000,0.000,0.000,0,0
2423,0.0,0.0,0.00,0.000,0.000,0.000,0,0
2473,0.0,0.0,0.00,0.000,0.000,0.000,0,0
2523,0.0,0.0,0.00,0.000,0.000,0.000,0,0
2573,0.0,0.0,0.00,0.000,0.000,0.000,0,0
2623,0.0,0.0,0.00,0.000,0.000,0.000,0,0
2673,0.0,0.0,0.00,0.000,0.000,0.000,0,0
2723,0.0,0.0,0.00,0.000,0.000,0.000,0,0
2773,0.0,0.0,0.00,0.000,0.000,0.000,0,0
2823,0.0,0.0,0.00,0.000,0.000,0.000,0,0
2873,0.0,0.0,0.00,0.000,0.000,0.000,0,0
2924,0.0,0.0,0.00,0.024,0.062,0.971,0,0
2975,0.0,0.0,0.00,0.023,0.058,0.975,0,0
3025,0.0,0.0,0.00,0.022,0.052,0.982,0,0
3075,0.0,0.0,0.00,0.019,0.045,0.990,0,0
3125,0.0,0.0,0.00,0.018,0.045,0.989,0,0
3175,0.0,0.0,0.00,0.017,0.046,0.988,0,0
3225,0.0,0.0,0.00,0.017,0.047,0.988,0,0
3275,0.0,0.0,2.14,0.019,0.048,0.988,3,5
3325,0.0,0.0,3.66,0.020,0.047,0.987,3,5
3375,0.0,0.0,3.85,0.020,0.047,0.986,3,5
3425,0.0,0.0,7.73,0.019,0.048,0.985,3,5
3475,0.0,0.0,8.40,0.019,0.048,0.985,3,5
3525,0.0,0.0,7.77,0.019,0.045,0.986,3,5
3575,0.0,0.0,8.38,0.020,0.045,0.987,3,5
3627,0.0,0.0,8.63,0.019,0.046,0.986,3,5
3676,0.0,0.0,7.91,0.018,0.047,0.986,3,5
3726,0.0,0.0,7.91,0.018,0.047,0.986,3,5
3776,0.0,0.0,7.23,0.017,0.045,0.985,3,5
3830,0.0,0.0,6.89,0.018,0.045,0.986,3,5
3880,0.0,0.0,6.83,0.019,0.047,0.984,3,5
3930,0.0,0.0,6.64,0.020,0.047,0.984,3,5
3980,0.0,0.0,6.47,0.019,0.047,0.984,3,5
4030,0.0,0.0,6.60,0.017,0.044,0.985,3,5
4080,0.0,0.0,6.60,0.017,0.044,0.985,3,5
4131,0.0,0.0,6.83,0.020,0.045,0.983,3,5
4181,0.0,0.0,6.86,0.020,0.047,0.982,3,5
4231,0.0,0.0,6.77,0.018,0.049,0.984,3,5
4281,0.0,0.0,6.81,0.014,0.047,0.954,3,5
4331,0.0,0.0,6.79,0.017,0.045,0.994,3,5
4385,0.0,0.0,6.67,0.021,0.044,0.982,3,5
4435,0.0,0.0,6.51,0.023,0.044,0.976,3,5
4485,0.0,0.0,6.00,0.022,0.044,0.979,3,5
4535,0.0,0.0,5.62,0.018,0.045,0.975,3,5
4585,0.0,0.0,5.55,0.017,0.048,0.984,3,4
4636,0.0,0.0,5.01,0.018,0.046,0.980,3,5
4686,0.0,0.0,5.01,0.018,0.046,0.980,3,5
4736,0.0,0.0,4.16,0.018,0.043,0.978,3,5
4790,0.0,0.0,2.68,0.019,0.043,0.982,3,6
4840,0.0,0.0,1.17,0.019,0.046,0.980,3,7
4890,0.0,0.0,1.10,0.020,0.047,0.985,3,7
4941,0.0,0.0,1.04,0.021,0.046,0.987,3,7
4990,0.0,0.0,0.42,0.024,0.044,0.985,3,8
5040,0.0,0.0,0.42,0.024,0.044,0.985,3,8
5090,0.0,0.0,0.27,0.022,0.047,0.981,3,8
5141,0.0,0.0,0.19,0.021,0.046,0.984,3,8
5191,0.0,0.0,0.33,0.028,0.042,0.986,3,7
5241,0.0,0.0,0.31,0.024,0.044,0.998,3,7
5291,0.0,0.0,0.31,0.027,0.042,0.984,3,7
5346,0.0,0.0,0.32,0.023,0.042,0.981,3,7
5395,0.0,0.0,0.48,0.022,0.043,0.987,3,7
5445,0.0,0.0,0.26,0.017,0.048,0.986,3,7
5495,0.0,0.0,0.15,0.018,0.044,0.981,3,7
5545,0.0,0.0,0.16,0.013,0.049,0.985,3,7
5595,0.0,0.0,0.11,0.015,0.043,0.983,3,7
5646,0.0,0.0,0.11,0.015,0.043,0.983,3,7
5696,0.0,0.0,0.16,0.014,0.042,0.981,3,7
5751,0.0,0.0,0.17,0.017,0.045,0.980,3,6
5800,0.0,0.0,0.19,0.019,0.045,0.983,3,8
5850,0.0,0.0,0.08,0.022,0.045,0.982,3,12
5900,0.0,0.0,0.16,0.025,0.044,0.980,3,12
5950,0.0,0.0,0.28,0.030,0.045,0.982,3,12
6000,0.0,0.0,0.15,0.035,0.041,0.987,3,12
6050,0.0,0.0,0.15,0.035,0.041,0.987,3,12
6100,0.0,0.0,0.19,0.034,0.040,0.984,3,13
6156,0.0,0.0,0.23,0.030,0.044,0.980,3,14
6205,0.0,0.0,0.08,0.027,0.045,0.985,3,13
6255,0.0,0.0,0.07,0.021,0.043,0.982,3,14
6306,0.0,0.0,0.17,0.011,0.043,0.981,3,14
6355,0.0,0.0,0.07,0.006,0.045,0.984,3,14
6405,0.0,0.0,0.07,0.006,0.045,0.984,3,14
6455,0.0,0.0,0.17,0.005,0.045,0.982,3,14
6505,0.0,0.0,0.27,0.007,0.042,0.981,3,14
6555,0.0,0.0,0.22,0.011,0.042,0.984,3,14
6605,0.0,0.0,0.14,0.015,0.043,0.984,3,14
6656,0.0,0.0,0.03,0.022,0.046,0.983,3,14
6711,0.0,0.0,0.11,0.025,0.045,0.984,3,14
6760,0.0,0.0,0.15,0.024,0.044,0.982,3,14
6810,0.0,0.0,0.08,0.021,0.044,0.986,3,14
6860,0.0,0.0,0.04,0.019,0.044,0.983,3,14
6910,0.0,0.0,0.08,0.019,0.042,0.983,3,15
6960,0.0,0.0,0.17,0.024,0.042,0.984,3,15
7010,0.0,0.0,0.17,0.024,0.042,0.984,3,15
7060,0.0,0.0,0.10,0.024,0.046,0.981,3,16
7110,0.0,0.0,0.02,0.022,0.047,0.982,3,16
7163,0.0,0.0,0.03,0.020,0.046,0.985,3,16
7213,0.0,0.0,0.03,0.020,0.046,0.985,3,16
7266,0.0,0.0,0.03,0.020,0.046,0.985,3,16
7315,0.0,0.0,0.04,0.018,0.042,0.985,3,16
7365,0.0,0.0,0.03,0.020,0.041,0.983,3,16
7416,0.0,0.0,0.03,0.020,0.041,0.983,3,16
7465,0.0,0.0,0.09,0.024,0.046,0.983,3,16
7515,0.0,0.0,0.09,0.021,0.047,0.984,3,16
7565,0.0,0.0,0.09,0.021,0.047,0.984,3,16
7615,0.0,0.0,0.08,0.019,0.042,0.984,3,16
7666,0.0,0.0,0.07,0.020,0.041,0.984,3,16
7718,0.0,0.0,0.06,0.020,0.043,0.983,3,16
7767,0.0,0.0,0.04,0.019,0.046,0.983,3,16
7817,0.0,0.0,0.07,0.020,0.046,0.983,3,16
7867,0.0,0.0,0.07,0.020,0.046,0.983,3,16
7917,0.0,0.0,0.09,0.022,0.044,0.983,3,16
7967,0.0,0.0,0.05,0.020,0.043,0.983,3,16
8017,0.0,0.0,0.05,0.019,0.043,0.984,3,16
8067,0.0,0.0,0.08,0.019,0.042,0.985,3,16
8117,0.0,0.0,0.13,0.021,0.045,0.983,3,16
8168,0.0,0.0,0.13,0.021,0.045,0.983,3,16
8218,0.0,0.0,0.26,0.021,0.044,0.984,3,16
8268,0.0,0.0,0.13,0.023,0.045,0.983,3,16
8319,0.0,0.0,0.08,0.023,0.046,0.981,3,16
8368,0.0,0.0,0.11,0.022,0.046,0.981,3,16
8418,0.0,0.0,0.06,0.017,0.041,0.986,3,16
8469,0.0,0.0,0.06,0.017,0.041,0.986,3,16
8518,0.0,0.0,0.11,0.020,0.044,0.984,3,16
8568,0.0,0.0,0.05,0.022,0.047,0.983,3,16
8619,0.0,0.0,0.02,0.024,0.049,0.982,3,16
8676,0.0,0.0,0.03,0.021,0.045,0.983,3,16
8726,0.0,0.0,0.05,0.018,0.041,0.985,3,16
8776,0.0,0.0,0.11,0.020,0.043,0.984,3,16
8826,0.0,0.0,0.11,0.020,0.043,0.984,3,16
8876,0.0,0.0,0.03,0.022,0.046,0.983,3,16
8926,0.0,0.0,0.09,0.021,0.045,0.985,3,16
8976,0.0,0.0,0.07,0.018,0.044,0.985,3,16
9026,0.0,0.0,0.04,0.020,0.044,0.984,3,16
9076,0.0,0.0,0.11,0.023,0.044,0.982,3,16
9126,0.0,0.0,0.11,0.023,0.044,0.982,3,16
9177,0.0,0.0,0.17,0.021,0.043,0.982,3,16
9227,0.0,0.0,0.08,0.019,0.044,0.985,3,16
9277,0.0,0.0,0.12,0.019,0.044,0.985,3,16
9327,0.0,0.0,0.09,0.021,0.044,0.982,3,16
9377,0.0,0.0,0.06,0.021,0.043,0.983,3,16
9427,0.0,0.0,0.06,0.021,0.043,0.983,3,16
9477,0.0,0.0,0.08,0.019,0.042,0.986,3,16
9527,0.0,0.0,0.06,0.019,0.044,0.984,3,16
9577,0.0,0.0,0.09,0.018,0.045,0.984,3,16
9627,0.0,0.0,0.12,0.019,0.047,0.982,3,16
9678,0.0,0.0,0.03,0.024,0.040,0.983,3,16
9728,0.0,0.0,0.03,0.024,0.040,0.983,3,16
9778,0.0,0.0,0.01,0.022,0.040,0.982,3,16
9828,0.0,0.0,0.07,0.021,0.044,0.984,3,16
9878,0.0,0.0,0.05,0.018,0.047,0.985,3,16
9928,0.0,0.0,0.06,0.019,0.045,0.985,3,16
9978,0.0,0.0,0.02,0.022,0.043,0.983,3,16
10028,0.0,0.0,0.02,0.022,0.043,0.983,3,16
10078,0.0,0.0,0.06,0.021,0.045,0.984,3,16
10128,0.0,0.0,0.07,0.020,0.046,0.984,3,16
10179,0.0,0.0,0.06,0.019,0.046,0.983,3,16
10229,0.0,0.0,0.09,0.019,0.043,0.985,3,16
10279,0.0,0.0,0.06,0.019,0.045,0.985,3,16
10329,0.0,0.0,0.06,0.019,0.045,0.985,3,16
10379,0.0,0.0,0.10,0.020,0.046,0.984,3,16
10429,0.0,0.0,0.02,0.020,0.045,0.983,3,16
10479,0.0,0.0,0.06,0.021,0.044,0.983,3,16
10529,0.0,0.0,0.04,0.022,0.044,0.983,3,16
10579,0.0,0.0,0.08,0.019,0.045,0.984,3,16
10629,0.0,0.0,0.08,0.019,0.045,0.984,3,16
10680,0.0,0.0,0.09,0.019,0.044,0.985,3,16
10730,0.0,0.0,0.13,0.020,0.044,0.984,3,16
10780,0.0,0.0,0.18,0.021,0.044,0.983,3,16
10830,0.0,0.0,0.04,0.022,0.046,0.982,3,16
10880,0.0,0.0,0.05,0.019,0.044,0.985,3,16
10930,0.0,0.0,0.05,0.019,0.044,0.985,3,16
10980,0.0,0.0,0.04,0.018,0.044,0.986,3,16
11030,0.0,0.0,0.05,0.018,0.044,0.985,3,16
11080,0.0,0.0,0.05,0.019,0.045,0.983,3,16
11130,0.0,0.0,0.02,0.022,0.045,0.983,3,16
11181,0.0,0.0,0.08,0.021,0.045,0.984,3,16
11231,0.0,0.0,0.08,0.021,0.045,0.984,3,16
11281,0.0,0.0,0.09,0.018,0.044,0.984,3,16
11331,0.0,0.0,0.06,0.018,0.044,0.985,3,16
11381,0.0,0.0,0.02,0.019,0.045,0.985,3,16
11431,0.0,0.0,0.07,0.021,0.046,0.984,3,16
11481,0.0,0.0,0.03,0.019,0.045,0.985,3,16
11531,0.0,0.0,0.03,0.019,0.045,0.985,3,16
11581,0.0,0.0,0.07,0.022,0.043,0.983,3,16
11631,0.0,0.0,0.07,0.022,0.043,0.983,3,16
11682,0.0,0.0,0.06,0.022,0.044,0.981,3,16
11732,0.0,0.0,0.08,0.019,0.046,0.984,3,16
11782,0.0,0.0,0.02,0.018,0.045,0.985,3,16
11832,0.0,0.0,0.02,0.018,0.045,0.985,3,16
11882,0.0,0.0,0.05,0.021,0.044,0.983,3,16
11932,0.0,0.0,0.13,0.022,0.046,0.983,3,16
11982,0.0,0.0,0.07,0.020,0.046,0.985,3,16
12032,0.0,0.0,0.04,0.019,0.045,0.985,3,16
12082,0.0,0.0,0.02,0.020,0.045,0.984,3,16
12132,0.0,0.0,0.02,0.020,0.045,0.984,3,16
12185,0.0,0.0,0.01,0.021,0.045,0.984,3,16
12235,0.0,0.0,0.05,0.020,0.046,0.983,3,16
12289,0.0,0.0,0.03,0.020,0.045,0.985,3,16
12338,0.0,0.0,0.09,0.020,0.045,0.984,3,16
12388,0.0,0.0,0.03,0.021,0.045,0.984,3,16
12439,0.0,0.0,0.03,0.021,0.045,0.984,3,16
12488,0.0,0.0,0.07,0.020,0.045,0.984,3,16
12538,0.0,0.0,0.07,0.020,0.046,0.984,3,16
12589,0.0,0.0,0.07,0.020,0.046,0.984,3,16
12638,0.0,0.0,0.10,0.021,0.044,0.984,3,16
12689,0.0,0.0,0.07,0.020,0.044,0.984,3,16
12741,0.0,0.0,0.07,0.020,0.044,0.984,3,16
12793,0.0,0.0,0.04,0.019,0.045,0.985,3,16
12843,0.0,0.0,0.01,0.020,0.046,0.984,3,16
12893,0.0,0.0,0.01,0.020,0.046,0.984,3,16
12943,0.0,0.0,0.06,0.020,0.045,0.984,3,16
12993,0.0,0.0,0.05,0.020,0.045,0.984,3,16
13043,0.0,0.0,0.05,0.020,0.045,0.984,3,16
13093,0.0,0.0,0.04,0.020,0.046,0.985,3,16
13143,0.0,0.0,0.09,0.021,0.045,0.984,3,16
13195,0.0,0.0,0.09,0.021,0.045,0.984,3,16
13245,0.0,0.0,0.04,0.020,0.044,0.984,3,16
13295,0.0,0.0,0.08,0.019,0.045,0.985,3,16
13346,0.0,0.0,0.08,0.019,0.045,0.985,3,16
13395,0.0,0.0,0.07,0.020,0.046,0.985,3,16
13445,0.0,0.0,0.05,0.021,0.045,0.984,3,16
13495,0.0,0.0,0.05,0.021,0.045,0.984,3,16
13545,0.0,0.0,0.05,0.021,0.045,0.984,3,16
13595,0.0,0.0,0.08,0.019,0.045,0.984,3,16
13645,0.0,0.0,0.08,0.019,0.045,0.984,3,16
13702,0.0,0.0,0.04,0.020,0.045,0.984,3,16
13752,0.0,0.0,0.05,0.020,0.044,0.985,3,16
13802,0.0,0.0,0.03,0.019,0.045,0.984,3,16
13852,0.0,0.0,0.03,0.019,0.045,0.984,3,16
13902,0.0,0.0,0.11,0.021,0.047,0.984,3,16
13952,0.0,0.0,0.11,0.021,0.047,0.984,3,16
14002,0.0,0.0,0.07,0.021,0.046,0.984,3,16
14052,0.0,0.0,0.04,0.020,0.044,0.984,3,16
14102,0.0,0.0,0.11,0.019,0.044,0.984,3,16
14152,0.0,0.0,0.11,0.019,0.044,0.984,3,16
14203,0.0,0.0,0.02,0.021,0.046,0.984,3,16
14253,0.0,0.0,0.02,0.021,0.046,0.984,3,16
14304,0.0,0.0,0.05,0.020,0.045,0.984,3,16
14353,0.0,0.0,0.02,0.019,0.045,0.984,3,16
14403,0.0,0.0,0.08,0.021,0.046,0.985,3,16
14454,0.0,0.0,0.08,0.021,0.046,0.985,3,16
14503,0.0,0.0,0.10,0.021,0.048,0.984,3,16
14553,0.0,0.0,0.10,0.021,0.048,0.984,3,16
14604,0.0,0.0,0.08,0.020,0.045,0.983,3,16
14653,0.0,0.0,0.07,0.020,0.041,0.984,3,16
14704,0.0,0.0,0.04,0.020,0.043,0.985,3,16
14754,0.0,0.0,0.05,0.019,0.050,0.986,3,16
14804,0.0,0.0,0.08,0.019,0.051,0.984,3,16
14854,0.0,0.0,0.08,0.019,0.051,0.984,3,16
14904,0.0,0.0,0.11,0.021,0.041,0.984,3,16
14954,0.0,0.0,0.03,0.020,0.045,0.984,3,16
15004,0.0,0.0,0.06,0.020,0.048,0.985,3,16
15054,0.0,0.0,0.06,0.020,0.048,0.985,3,16
15104,0.0,0.0,0.02,0.019,0.044,0.986,3,16
15154,0.0,0.0,0.02,0.019,0.044,0.986,3,16
15205,0.0,0.0,0.06,0.020,0.043,0.985,3,16
15255,0.0,0.0,0.07,0.020,0.045,0.984,3,16
15305,0.0,0.0,0.02,0.019,0.047,0.985,3,16
15355,0.0,0.0,0.02,0.019,0.047,0.985,3,16
15405,0.0,0.0,0.03,0.020,0.045,0.984,3,16
15455,0.0,0.0,0.03,0.020,0.045,0.984,3,16
15505,0.0,0.0,0.03,0.020,0.045,0.984,3,16
15555,0.0,0.0,0.06,0.019,0.047,0.984,3,16
15605,0.0,0.0,0.09,0.020,0.046,0.984,3,16
15655,0.0,0.0,0.09,0.020,0.046,0.984,3,16
15706,0.0,0.0,0.04,0.020,0.043,0.985,3,16
15756,0.0,0.0,0.04,0.020,0.043,0.985,3,16
15806,0.0,0.0,0.07,0.019,0.044,0.985,3,16
15856,0.0,0.0,0.04,0.020,0.046,0.984,3,16
15906,0.0,0.0,0.02,0.021,0.046,0.984,3,16
15956,0.0,0.0,0.01,0.021,0.045,0.984,3,16
16006,0.0,0.0,0.01,0.019,0.047,0.986,3,16
16056,0.0,0.0,0.01,0.019,0.047,0.986,3,16
16106,0.0,0.0,0.04,0.018,0.045,0.984,3,16
16156,0.0,0.0,0.10,0.022,0.044,0.982,3,16
16207,0.0,0.0,0.10,0.024,0.044,0.983,3,16
16257,0.0,0.0,0.06,0.021,0.046,0.983,3,16
16307,0.0,0.0,0.15,0.015,0.049,0.987,3,16
16357,0.0,0.0,0.15,0.015,0.049,0.987,3,16
16407,0.0,0.0,0.10,0.017,0.045,0.985,3,16
16457,0.0,0.0,0.11,0.020,0.042,0.984,3,16
16507,0.0,0.0,0.03,0.023,0.041,0.985,3,16
16557,0.0,0.0,0.04,0.023,0.044,0.985,3,16
16607,0.0,0.0,0.07,0.020,0.049,0.983,3,15
16657,0.0,0.0,0.07,0.020,0.049,0.983,3,15
16717,0.0,0.0,0.04,0.016,0.045,0.985,3,15
16766,0.0,0.0,0.01,0.021,0.045,0.983,3,15
16816,0.0,0.0,0.03,0.023,0.044,0.982,3,16
16866,0.0,0.0,0.06,0.022,0.045,0.984,3,16
16916,0.0,0.0,0.04,0.018,0.045,0.986,3,16
16966,0.0,0.0,0.09,0.019,0.044,0.984,3,16
17017,0.0,0.0,0.09,0.019,0.044,0.984,3,16
17068,0.0,0.0,0.05,0.020,0.046,0.985,3,16
17118,0.0,0.0,0.12,0.021,0.049,0.985,3,16
17168,0.0,0.0,0.12,0.021,0.049,0.985,3,16
17220,0.0,0.0,0.04,0.019,0.044,0.984,3,16
17270,0.0,0.0,0.02,0.020,0.044,0.985,3,16
17320,0.0,0.0,0.04,0.021,0.045,0.985,3,16
17370,0.0,0.0,0.05,0.021,0.046,0.984,3,16
17420,0.0,0.0,0.05,0.021,0.046,0.984,3,16
17471,0.0,0.0,0.05,0.021,0.046,0.984,3,16
17520,0.0,0.0,0.02,0.020,0.048,0.986,3,16
17570,0.0,0.0,0.09,0.019,0.043,0.983,3,16
17620,0.0,0.0,0.06,0.029,0.046,0.987,3,16
17670,0.0,0.0,0.06,0.029,0.046,0.987,3,16
17721,0.0,0.0,0.02,0.029,0.046,0.985,3,16
17773,0.0,0.0,0.02,0.029,0.046,0.985,3,16
17822,0.0,0.0,0.10,0.027,0.039,0.971,3,16
17872,0.0,0.0,0.06,0.022,0.044,1.001,3,16
17924,0.0,0.0,0.01,0.014,0.044,0.983,3,16
17973,0.0,0.0,0.02,0.015,0.047,0.981,3,16
18023,0.0,0.0,0.07,0.014,0.047,0.989,3,16
18073,0.0,0.0,0.07,0.014,0.047,0.989,3,16
18123,0.0,0.0,0.04,0.010,0.044,0.983,3,16
18173,0.0,0.0,0.07,0.017,0.046,0.986,3,16
18224,0.0,0.0,0.04,0.020,0.047,0.987,3,16
18274,0.0,0.0,0.04,0.020,0.047,0.987,3,16
18324,0.0,0.0,0.04,0.023,0.046,0.983,3,16
18375,0.0,0.0,0.04,0.023,0.046,0.983,3,16
18424,0.0,0.0,0.09,0.015,0.043,0.987,3,16
18474,0.0,0.0,0.02,0.021,0.046,0.986,3,16
18525,0.0,0.0,0.04,0.027,0.048,0.983,3,16
18574,0.0,0.0,0.04,0.026,0.047,0.982,3,16
18624,0.0,0.0,0.04,0.017,0.044,0.986,3,16
18675,0.0,0.0,0.04,0.017,0.044,0.986,3,16
18727,0.0,0.0,0.11,0.016,0.044,0.987,3,16
18777,0.0,0.0,0.07,0.019,0.044,0.985,3,16
18827,0.0,0.0,0.08,0.022,0.045,0.984,3,16
18877,0.0,0.0,0.02,0.024,0.046,0.983,3,16
18927,0.0,0.0,0.02,0.020,0.046,0.985,3,16
18977,0.0,0.0,0.02,0.020,0.046,0.985,3,16
19027,0.0,0.0,0.03,0.017,0.045,0.986,3,16
19077,0.0,0.0,0.05,0.022,0.045,0.984,3,16
19127,0.0,0.0,0.06,0.023,0.045,0.984,3,16
19177,0.0,0.0,0.04,0.022,0.045,0.984,3,16
19228,0.0,0.0,0.03,0.019,0.045,0.984,3,16
19278,0.0,0.0,0.06,0.020,0.045,0.985,3,16
19328,0.0,0.0,0.06,0.020,0.045,0.985,3,16
19378,0.0,0.0,0.04,0.021,0.045,0.985,3,16
19428,0.0,0.0,0.05,0.021,0.046,0.985,3,16
19478,0.0,0.0,0.07,0.019,0.047,0.985,3,16
19528,0.0,0.0,0.07,0.020,0.044,0.985,3,16
19578,0.0,0.0,0.01,0.021,0.043,0.985,3,15
19628,0.0,0.0,0.01,0.021,0.043,0.985,3,15
19678,0.0,0.0,0.02,0.021,0.048,0.985,3,15
19729,0.0,0.0,0.07,0.020,0.049,0.985,3,15
19779,0.0,0.0,0.06,0.020,0.047,0.985,3,16
19829,0.0,0.0,0.09,0.020,0.044,0.983,3,16
19879,0.0,0.0,0.06,0.020,0.046,0.985,3,16
19929,0.0,0.0,0.06,0.020,0.046,0.985,3,16
19979,0.0,0.0,0.06,0.020,0.047,0.986,3,16
20029,0.0,0.0,0.07,0.019,0.047,0.985,3,16
20079,0.0,0.0,0.04,0.020,0.046,0.985,3,16
20129,0.0,0.0,0.05,0.022,0.045,0.984,3,16
20179,0.0,0.0,0.08,0.020,0.046,0.984,3,16
20230,0.0,0.0,0.08,0.020,0.046,0.984,3,16
20280,0.0,0.0,0.08,0.019,0.045,0.986,3,16
20330,0.0,0.0,0.04,0.020,0.044,0.984,3,16
20380,0.0,0.0,0.03,0.021,0.044,0.984,3,16
20430,0.0,0.0,0.01,0.021,0.045,0.985,3,16
20481,0.0,0.0,0.04,0.019,0.047,0.985,3,16
20530,0.0,0.0,0.04,0.019,0.047,0.985,3,16
20580,0.0,0.0,0.08,0.020,0.045,0.985,3,16
20630,0.0,0.0,0.03,0.020,0.044,0.986,3,16
20680,0.0,0.0,0.03,0.019,0.045,0.986,3,16
20731,0.0,0.0,0.05,0.019,0.047,0.984,3,16
20781,0.0,0.0,0.05,0.019,0.047,0.984,3,16
20831,0.0,0.0,0.06,0.022,0.046,0.983,3,16
20881,0.0,0.0,0.09,0.021,0.046,0.985,3,16
20931,0.0,0.0,0.04,0.019,0.047,0.985,3,16
20981,0.0,0.0,0.03,0.019,0.046,0.985,3,16
21031,0.0,0.0,0.06,0.020,0.045,0.986,3,16
21081,0.0,0.0,0.06,0.020,0.045,0.986,3,16
21131,0.0,0.0,0.05,0.020,0.045,0.985,3,16
21181,0.0,0.0,0.04,0.020,0.044,0.985,3,16
21232,0.0,0.0,0.03,0.021,0.045,0.985,3,16
21282,0.0,0.0,0.07,0.021,0.046,0.985,3,16
21332,0.0,0.0,0.00,0.021,0.048,0.984,3,16
21382,0.0,0.0,0.06,0.019,0.046,0.986,3,16
21432,0.0,0.0,0.06,0.019,0.046,0.986,3,16
21482,0.0,0.0,0.03,0.019,0.044,0.985,3,16
21532,0.0,0.0,0.10,0.021,0.044,0.984,3,16
21582,0.0,0.0,0.05,0.022,0.045,0.984,3,16
21632,0.0,0.0,0.00,0.020,0.048,0.984,3,16
21682,0.0,0.0,0.03,0.019,0.046,0.986,3,16
21733,0.0,0.0,0.03,0.019,0.046,0.986,3,16
21783,0.0,0.0,0.05,0.019,0.045,0.986,3,16
21833,0.0,0.0,0.08,0.020,0.044,0.984,3,16
21883,0.0,0.0,0.03,0.021,0.045,0.984,3,16
21933,0.0,0.0,0.06,0.019,0.046,0.986,3,16
21983,0.0,0.0,0.08,0.021,0.046,0.985,3,16
22033,0.0,0.0,0.08,0.021,0.046,0.985,3,16
22083,0.0,0.0,0.06,0.020,0.045,0.984,3,16
22133,0.0,0.0,0.06,0.020,0.045,0.986,3,16
22183,0.0,0.0,0.06,0.020,0.045,0.986,3,16
22244,0.0,0.0,0.11,0.021,0.046,0.984,3,16
22294,0.0,0.0,0.00,0.020,0.047,0.985,3,16
22344,0.0,0.0,0.04,0.020,0.046,0.986,3,16
22394,0.0,0.0,0.03,0.019,0.044,0.986,3,16
22444,0.0,0.0,0.06,0.019,0.043,0.985,3,16
22494,0.0,0.0,0.06,0.019,0.043,0.985,3,16
22544,0.0,0.0,0.04,0.020,0.046,0.984,3,16
22594,0.0,0.0,0.06,0.020,0.048,0.985,3,16
22644,0.0,0.0,0.05,0.020,0.046,0.985,3,16
22694,0.0,0.0,0.04,0.020,0.045,0.984,3,16
22745,0.0,0.0,0.05,0.020,0.045,0.984,3,16
22795,0.0,0.0,0.05,0.020,0.045,0.984,3,16
22845,0.0,0.0,0.06,0.020,0.046,0.985,3,16
22895,0.0,0.0,0.06,0.021,0.046,0.984,3,16
22946,0.0,0.0,0.07,0.021,0.046,0.984,3,16
22996,0.0,0.0,0.07,0.021,0.046,0.984,3,16
23046,0.0,0.0,0.03,0.018,0.045,0.985,3,16
23099,0.0,0.0,0.03,0.018,0.045,0.985,3,16
23148,0.0,0.0,0.02,0.020,0.046,0.985,3,16
23198,0.0,0.0,0.03,0.020,0.047,0.984,3,16
23249,0.0,0.0,0.07,0.020,0.047,0.985,3,16
23300,0.0,0.0,0.02,0.019,0.046,0.985,3,16
23350,0.0,0.0,0.07,0.020,0.044,0.985,3,16
23400,0.0,0.0,0.07,0.020,0.044,0.985,3,16
23450,0.0,0.0,0.07,0.020,0.046,0.985,3,16
23500,0.0,0.0,0.08,0.020,0.046,0.985,3,16
23550,0.0,0.0,0.08,0.020,0.045,0.985,3,16
23600,0.0,0.0,0.08,0.020,0.045,0.985,3,16
23650,0.0,0.0,0.00,0.020,0.045,0.985,3,16
23700,0.0,0.0,0.00,0.020,0.045,0.985,3,16
23753,0.0,0.0,0.06,0.019,0.047,0.985,3,16
23803,0.0,0.0,0.05,0.020,0.047,0.985,3,16
23853,0.0,0.0,0.05,0.020,0.046,0.984,3,16
23903,0.0,0.0,0.06,0.020,0.046,0.984,3,16
23953,0.0,0.0,0.03,0.019,0.044,0.985,3,16
24003,0.0,0.0,0.02,0.019,0.046,0.986,3,16
24053,0.0,0.0,0.02,0.019,0.046,0.986,3,16
24103,0.0,0.0,0.03,0.020,0.045,0.984,3,16
24153,0.0,0.0,0.03,0.021,0.045,0.983,3,16
24203,0.0,0.0,0.03,0.021,0.045,0.983,3,16
24254,0.0,0.0,0.04,0.020,0.046,0.985,3,16
24304,0.0,0.0,0.08,0.018,0.046,0.986,3,16
24354,0.0,0.0,0.08,0.018,0.046,0.986,3,16
24404,0.0,0.0,0.05,0.019,0.045,0.985,3,16
24454,0.0,0.0,0.02,0.020,0.046,0.984,3,16
24504,0.0,0.0,0.13,0.020,0.046,0.984,3,16
24554,0.0,0.0,0.02,0.022,0.046,0.985,3,16
24604,0.0,0.0,0.13,0.023,0.046,0.983,3,16
24655,0.0,0.0,0.13,0.023,0.046,0.983,3,16
24704,0.0,0.0,0.06,0.021,0.045,0.985,3,16
24755,0.0,0.0,0.06,0.021,0.045,0.985,3,16
24805,0.0,0.0,0.05,0.019,0.044,0.985,3,16
24855,0.0,0.0,0.21,0.018,0.046,0.986,3,16
24905,0.0,0.0,0.05,0.018,0.047,0.985,3,16
24955,0.0,0.0,0.05,0.018,0.047,0.985,3,16
25005,0.0,0.0,0.08,0.022,0.046,0.986,3,16
25055,0.0,0.0,0.05,0.022,0.045,0.985,3,16
25105,0.0,0.0,0.06,0.021,0.044,0.984,3,16
25155,0.0,0.0,0.05,0.021,0.046,0.983,3,16
25205,0.0,0.0,0.11,0.020,0.048,0.987,3,16
25256,0.0,0.0,0.11,0.020,0.048,0.987,3,16
25306,0.0,0.0,0.11,0.020,0.046,0.987,3,16
25356,0.0,0.0,0.11,0.020,0.046,0.987,3,16
25406,0.0,0.0,0.05,0.019,0.045,0.985,3,16
25456,0.0,0.0,0.05,0.023,0.044,0.983,3,16
25506,0.0,0.0,0.06,0.022,0.046,0.988,3,16
25556,0.0,0.0,0.06,0.022,0.046,0.988,3,16
25606,0.0,0.0,0.05,0.017,0.045,0.984,3,16
25656,0.0,0.0,0.09,0.022,0.046,0.981,3,16
25706,0.0,0.0,0.05,0.024,0.047,0.981,3,16
25757,0.0,0.0,0.07,0.020,0.045,0.991,3,16
25807,0.0,0.0,0.05,0.017,0.046,0.986,3,16
25857,0.0,0.0,0.05,0.017,0.046,0.986,3,16
25907,0.0,0.0,0.06,0.020,0.046,0.986,3,16
25957,0.0,0.0,0.05,0.024,0.046,0.987,3,16
26007,0.0,0.0,0.05,0.024,0.046,0.987,3,16
26057,0.0,0.0,0.04,0.026,0.046,0.982,3,16
26107,0.0,0.0,0.08,0.014,0.046,0.987,3,16
26157,0.0,0.0,0.08,0.014,0.046,0.987,3,16
26207,0.0,0.0,0.06,0.018,0.043,0.984,3,16
26258,0.0,0.0,0.03,0.023,0.044,0.982,3,16
26308,0.0,0.0,0.04,0.027,0.046,0.984,3,16
26358,0.0,0.0,0.13,0.020,0.048,0.985,3,16
26408,0.0,0.0,0.06,0.017,0.047,0.985,3,16
26458,0.0,0.0,0.06,0.017,0.047,0.985,3,16
26508,0.0,0.0,0.10,0.023,0.045,0.984,3,16
26558,0.0,0.0,0.12,0.022,0.044,0.986,3,16
26608,0.0,0.0,0.03,0.020,0.045,0.987,3,16
26658,0.0,0.0,0.09,0.017,0.046,0.987,3,16
26708,0.0,0.0,0.05,0.021,0.046,0.983,3,16
26764,0.0,0.0,0.05,0.021,0.046,0.983,3,16
26813,0.0,0.0,0.03,0.025,0.044,0.983,3,16
26863,0.0,0.0,0.10,0.024,0.045,0.985,3,16
26915,0.0,0.0,0.04,0.020,0.046,0.984,3,16
26964,0.0,0.0,0.04,0.019,0.046,0.985,3,16
27014,0.0,0.0,0.07,0.022,0.045,0.986,3,16
27065,0.0,0.0,0.07,0.022,0.045,0.986,3,16
27114,0.0,0.0,0.09,0.020,0.046,0.986,3,16
27164,0.0,0.0,0.10,0.019,0.046,0.986,3,16
27214,0.0,0.0,0.03,0.019,0.046,0.985,3,16
27270,0.0,0.0,0.09,0.020,0.046,0.985,3,16
27320,0.0,0.0,0.01,0.023,0.046,0.983,3,16
27371,0.0,0.0,0.01,0.023,0.046,0.983,3,16
27420,0.0,0.0,0.04,0.020,0.046,0.986,3,16
27470,0.0,0.0,0.04,0.019,0.048,0.986,3,16
27521,0.0,0.0,0.04,0.019,0.048,0.986,3,16
27570,0.0,0.0,0.05,0.023,0.046,0.984,3,16
27620,0.0,0.0,0.05,0.024,0.044,0.984,3,16
27671,0.0,0.0,0.05,0.024,0.044,0.984,3,16
27720,0.0,0.0,0.11,0.020,0.045,0.985,3,16
27771,0.0,0.0,0.07,0.015,0.048,0.987,3,16
27821,0.0,0.0,0.07,0.015,0.048,0.987,3,16
27871,0.0,0.0,0.07,0.018,0.046,0.985,3,16
27921,0.0,0.0,0.04,0.022,0.037,0.983,3,16
27971,0.0,0.0,0.04,0.022,0.037,0.983,3,16
28021,0.0,0.0,0.04,0.018,0.047,0.990,3,16
28071,0.0,0.0,0.05,0.031,0.052,0.978,3,16
28121,0.0,0.0,0.05,0.031,0.052,0.978,3,16
28171,774.7,0.0,0.08,0.016,0.040,0.984,3,16
28221,774.7,0.0,0.05,0.026,0.045,0.992,3,16
28272,1038.2,0.0,0.05,0.026,0.045,0.992,3,16
28326,989.5,0.0,0.10,0.017,0.033,1.001,3,16
28376,931.2,0.0,0.05,0.020,0.043,0.963,3,16
28426,945.6,0.0,0.08,0.039,0.050,0.987,3,16
28476,945.6,0.0,0.08,0.039,0.050,0.987,3,16
28526,910.5,0.0,0.04,0.020,0.048,0.994,3,16
28576,870.6,0.0,0.04,0.020,0.048,0.994,3,16
28626,870.6,0.0,0.09,0.013,0.049,0.990,3,16
28676,800.3,0.0,0.08,0.016,0.040,0.975,3,16
28726,1008.5,0.0,0.05,0.016,0.044,0.972,3,16
28778,1045.1,0.0,0.05,0.016,0.044,0.972,3,16
28828,994.3,0.0,0.07,0.037,0.048,0.999,3,16
28878,934.0,0.0,0.09,0.032,0.052,0.988,3,16
28928,1067.7,0.0,0.07,0.040,0.049,0.993,3,16
28978,1067.7,0.0,0.11,0.029,0.049,1.007,3,16
29028,1072.3,0.0,0.10,0.031,0.040,0.992,3,16
29078,1146.6,0.0,0.10,0.031,0.040,0.992,3,16
29128,1133.2,0.0,0.11,0.032,0.047,0.977,3,16
29178,1175.7,0.0,0.07,0.030,0.049,0.987,3,16
29228,1153.8,0.0,0.09,0.031,0.041,1.000,3,16
29279,1220.9,0.0,0.06,0.027,0.042,1.000,3,16
29329,1205.4,0.0,0.09,0.017,0.044,0.983,3,16
29379,1271.4,0.0,0.09,0.017,0.044,0.983,3,16
29429,1294.9,0.0,0.09,0.005,0.043,0.983,3,16
29479,1272.3,0.0,0.06,-0.002,0.040,0.993,3,16
29529,1338.5,0.0,0.04,-0.001,0.039,1.001,3,16
29579,1322.4,0.0,0.01,-0.002,0.035,0.986,3,16
29629,1350.8,0.0,0.08,0.021,0.042,0.985,3,16
29679,1325.0,0.0,0.08,0.021,0.042,0.985,3,16
29729,1367.3,0.0,0.04,0.039,0.055,0.986,3,16
29780,1370.7,0.0,0.04,0.039,0.055,0.986,3,16
29830,1384.7,0.0,0.07,0.029,0.051,0.984,3,16
29880,1446.4,0.0,0.09,0.017,0.039,0.979,3,16
29930,1421.2,0.0,0.06,0.014,0.037,0.985,3,16
29980,1454.5,0.0,0.06,0.014,0.037,0.985,3,16
30030,1430.4,0.0,0.06,0.025,0.045,0.983,3,16
30080,1449.9,0.0,0.03,0.030,0.050,0.992,3,16
30130,1488.0,0.0,0.02,0.025,0.040,0.986,3,16
30180,1466.5,0.0,0.06,0.025,0.046,0.999,3,16
30230,1513.8,0.0,0.06,0.024,0.050,0.997,3,16
30281,1527.2,0.0,0.06,0.024,0.050,0.997,3,16
30331,1504.2,0.0,0.05,0.030,0.043,0.986,3,16
30381,1541.9,0.0,0.03,0.034,0.045,1.002,3,16
30431,1520.5,0.0,0.02,0.029,0.047,0.987,3,16
30481,1539.0,0.0,0.02,0.024,0.045,0.998,3,16
30531,1570.0,0.0,0.02,0.027,0.046,1.008,3,16
30581,1557.3,0.0,0.02,0.027,0.046,1.008,3,16
30631,1560.7,0.0,0.05,0.028,0.046,1.002,3,16
30681,1581.4,0.0,0.02,0.031,0.047,1.004,3,16
30731,1562.5,0.0,0.02,0.029,0.045,1.004,3,16
30782,1561.9,0.0,0.01,0.032,0.044,0.999,3,16
30832,1587.3,0.0,0.03,0.016,0.040,0.986,3,16
30882,1571.2,0.0,0.03,0.016,0.040,0.986,3,16
30932,1580.4,0.0,0.12,0.018,0.038,0.986,3,16
30982,1591.9,0.0,0.08,0.021,0.039,0.981,3,16
31032,1577.0,0.0,0.02,0.021,0.044,0.988,3,16
31082,1573.6,0.0,0.06,0.015,0.038,0.969,3,16
31132,1604.3,0.0,0.07,0.016,0.040,0.975,3,16
31182,1590.2,0.0,0.07,0.016,0.040,0.975,3,16
31232,1598.6,0.0,0.11,0.020,0.043,0.974,3,16
31283,1597.8,0.0,0.07,0.013,0.042,0.976,3,16
31333,1575.7,0.0,0.06,0.020,0.043,0.980,3,16
31383,1577.9,0.0,0.11,0.016,0.042,0.981,3,16
31433,1607.7,0.0,0.19,0.017,0.045,0.989,3,16
31483,1593.3,0.0,0.19,0.017,0.045,0.989,3,16
31533,1607.8,0.0,0.06,0.038,0.044,0.988,3,16
31583,1615.7,0.0,0.11,0.039,0.038,0.990,3,16
31633,1592.9,0.0,0.06,0.032,0.041,0.986,3,16
31683,1593.5,0.0,0.09,0.007,0.048,0.996,3,16
31733,1609.4,0.0,0.13,0.010,0.040,0.972,3,16
31784,1615.6,0.0,0.13,0.010,0.040,0.972,3,16
31834,1589.6,0.0,0.06,0.020,0.036,0.974,3,16
31884,1616.9,0.0,0.09,0.033,0.043,0.978,3,16
31934,1601.5,0.0,0.07,0.029,0.049,0.975,3,16
31984,1608.2,0.0,0.04,0.024,0.047,0.979,3,16
32034,1621.2,0.0,0.10,0.013,0.041,0.995,3,16
32084,1621.8,0.0,0.10,0.013,0.041,0.995,3,16
32134,1632.7,0.0,0.03,0.022,0.038,0.980,3,16
32184,1637.4,0.0,0.05,0.026,0.041,0.980,3,16
32234,1612.9,0.0,0.07,0.026,0.045,0.986,3,16
32295,1605.4,0.0,0.09,0.019,0.043,0.993,3,16
32345,1631.1,0.0,0.04,0.014,0.041,0.981,3,16
32397,1621.8,0.0,0.04,0.014,0.041,0.981,3,16
32446,1598.3,0.0,0.01,0.026,0.041,0.984,3,16
32496,1621.7,0.0,0.03,0.022,0.043,0.989,3,16
32547,1620.8,0.0,0.03,0.022,0.043,0.989,3,16
32597,1600.9,0.0,0.04,0.018,0.041,0.983,3,16
32647,1589.9,0.0,0.07,0.018,0.041,0.985,3,16
32699,1619.8,0.0,0.07,0.018,0.041,0.985,3,16
32749,1605.1,0.0,0.04,0.020,0.041,0.991,3,16
32800,1605.9,0.0,0.04,0.020,0.042,0.974,3,16
32851,1623.0,0.0,0.04,0.022,0.041,0.978,3,16
32901,1482.2,0.0,0.11,0.021,0.037,0.979,3,16
32951,1533.4,0.0,0.13,0.048,0.036,1.002,3,16
33001,2041.9,0.0,0.13,0.048,0.036,1.002,3,16
33051,2222.5,112.8,0.31,0.096,0.045,1.008,3,16
33101,2437.2,266.0,0.35,0.109,0.038,1.008,3,15
33151,2596.8,289.5,0.41,0.232,0.011,1.050,3,15
33201,2713.1,327.4,0.41,0.232,0.011,1.050,3,15
33251,2795.0,493.7,0.36,0.452,-0.016,1.042,3,15
33302,2864.1,769.8,0.36,0.452,-0.016,1.042,3,15
33352,2987.2,768.2,0.81,0.444,-0.058,0.970,3,15
33402,3026.9,786.5,1.32,0.502,-0.138,1.000,3,15
33454,3033.2,916.2,1.58,0.591,-0.134,0.945,3,15
33503,3067.2,854.3,1.84,0.585,-0.132,0.969,3,15
33553,3146.3,887.9,3.05,0.571,-0.210,0.840,3,15
33604,3098.4,961.7,3.05,0.571,-0.210,0.840,3,15
33653,3126.3,947.2,3.15,0.540,-0.154,0.767,3,15
33703,3241.8,1016.4,4.31,0.505,-0.257,1.073,3,15
33754,3266.6,1117.6,4.93,0.503,-0.244,1.121,3,15
33804,3284.4,1072.2,5.30,0.606,-0.185,1.047,3,15
33854,3339.1,1091.5,5.31,0.508,0.077,0.792,3,16
33904,3333.1,1106.1,5.31,0.508,0.077,0.792,3,16
33954,3441.7,1305.8,6.54,0.520,0.233,0.840,3,16
34004,3473.2,1466.5,7.63,0.393,0.142,0.685,3,16
34054,3520.5,1493.7,7.95,0.410,0.106,0.688,3,16
34104,3501.6,1554.5,7.95,0.410,0.106,0.688,3,16
34154,3410.4,1586.0,8.61,0.190,0.258,1.009,3,16
34204,3454.2,1652.9,8.61,0.190,0.258,1.009,3,16
34254,3396.9,1646.1,9.24,0.397,0.083,1.048,3,16
34305,3413.0,1681.5,9.69,0.547,0.063,0.872,3,16
34355,3333.3,1608.0,9.85,0.519,0.020,0.783,3,16
34405,3286.4,1593.6,9.85,0.519,0.020,0.783,3,16
34455,3317.1,1617.3,10.80,0.451,-0.025,0.837,3,16
34505,3299.8,1691.5,10.80,0.451,-0.025,0.837,3,16
34555,3382.0,1747.6,11.59,0.385,-0.064,0.765,3,16
34605,3371.7,1805.1,12.07,0.342,-0.039,0.841,3,16
34655,3374.8,1856.0,12.10,0.383,-0.036,0.966,3,16
34705,3405.4,1866.7,12.08,0.398,-0.051,1.050,3,16
34755,3350.8,1863.9,12.46,0.437,-0.170,1.089,3,16
34806,3451.1,1944.4,12.46,0.437,-0.170,1.089,3,16
34856,3343.9,1999.2,12.91,0.419,-0.166,1.053,3,16
34906,3374.4,2005.2,13.15,0.283,-0.043,0.859,3,16
34956,3384.1,2100.0,13.06,0.297,-0.114,0.767,3,16
35006,3352.7,2157.5,13.09,0.241,-0.060,0.721,3,16
35056,3449.1,2407.3,13.14,0.231,-0.167,0.882,3,16
35106,3403.5,2529.7,13.14,0.231,-0.167,0.882,3,16
35156,3421.1,2289.4,13.87,0.386,-0.141,1.191,3,16
35206,3353.1,2249.2,15.29,0.351,-0.069,0.848,3,16
35256,3341.9,2302.0,15.21,0.342,-0.131,0.789,3,16
35307,3401.0,2363.5,15.90,0.337,-0.265,0.696,3,16
35357,3322.1,2299.4,15.96,0.251,-0.213,1.317,3,16
35407,3370.4,2736.0,15.96,0.251,-0.213,1.317,3,16
35457,3308.7,2346.3,15.78,0.217,-0.111,0.730,3,16
35507,3306.0,2345.8,16.67,0.131,-0.133,0.589,3,15
35557,3338.5,2477.7,16.99,0.292,-0.062,1.048,3,16
35607,3352.1,2557.5,17.11,0.255,-0.158,1.030,3,16
35657,3394.8,2520.2,16.96,0.366,0.079,1.190,3,15
35707,3336.7,2561.5,16.96,0.366,0.079,1.190,3,15
35757,3296.5,2487.6,18.09,0.276,-0.013,0.977,3,14
35808,3332.6,2463.1,18.38,0.167,-0.130,0.860,3,15
35858,3308.3,2540.7,18.38,0.167,-0.130,0.860,3,15
35908,3415.3,2655.3,18.58,0.281,0.032,1.143,3,15
35958,3316.7,2554.3,18.85,0.284,-0.025,1.437,3,15
36008,3294.9,2602.8,18.89,0.186,-0.091,0.855,3,15
36058,3371.9,2807.4,18.89,0.186,-0.091,0.855,3,15
36108,3326.7,2637.1,19.93,-0.090,0.013,0.849,3,15
36158,3401.2,2834.5,20.30,0.102,0.422,1.338,3,15
36208,3385.2,2906.1,20.22,0.174,0.285,1.556,3,15
36258,3353.3,2736.7,20.00,0.334,0.145,1.352,3,15
36309,3375.9,2788.6,20.37,0.121,0.083,0.797,3,15
36359,3345.4,2764.0,20.37,0.121,0.083,0.797,3,15
36409,3372.1,2744.2,19.40,-0.086,0.485,0.691,3,15
36459,3315.6,2715.9,19.63,-0.003,0.326,0.786,3,15
36509,3349.5,2891.8,19.72,0.156,0.072,0.918,3,15
36559,3423.7,3161.6,19.04,0.132,-0.101,0.454,3,15
36609,3451.6,3227.9,19.33,-0.020,0.463,0.711,3,16
36659,3530.9,3378.4,19.33,-0.020,0.463,0.711,3,16
36709,3499.8,3248.9,20.20,0.220,0.569,1.551,3,16
36759,3494.1,3074.1,20.37,0.340,0.465,1.312,3,16
36813,3313.3,2707.1,20.31,0.200,0.353,1.432,3,16
36862,3357.0,2877.7,20.35,0.100,0.485,1.172,3,16
36912,3312.9,2635.7,20.85,0.174,0.265,0.928,3,15
36966,3292.5,2891.0,20.85,0.174,0.265,0.928,3,15
37015,3394.8,3127.9,21.06,0.040,0.321,0.830,3,14
37065,3424.3,3068.4,21.41,0.013,-0.037,0.628,3,14
37119,3415.5,3078.8,21.41,0.013,-0.037,0.628,3,14
37168,3386.6,3016.6,21.14,0.159,0.113,0.845,3,15
37218,3389.8,3025.7,20.47,0.280,-0.158,0.899,3,16
37268,3407.5,2956.8,20.47,0.280,-0.158,0.899,3,16
37320,3327.2,2956.0,21.07,0.087,0.176,0.643,3,16
37370,3392.3,2740.5,20.59,0.102,0.104,0.379,3,16
37420,3358.7,3017.5,20.59,0.102,0.104,0.379,3,16
37470,3510.6,3380.7,20.48,0.080,0.049,0.316,3,16
37520,3420.6,2952.5,21.13,0.234,0.116,0.863,3,16
37570,3431.3,2945.5,21.13,0.234,0.116,0.863,3,16
37620,3394.4,2883.5,21.77,0.441,0.028,1.180,3,16
37670,3341.3,3033.1,21.44,0.440,-0.267,1.354,3,16
37720,3385.6,2999.4,21.44,0.440,-0.267,1.354,3,16
37770,3327.0,2809.8,21.39,0.140,-0.006,1.238,3,16
37821,3335.6,2910.4,21.18,-0.064,-0.108,0.451,3,15
37872,3433.9,3264.8,21.18,-0.064,-0.108,0.451,3,15
37921,3485.5,3247.8,21.47,0.010,-0.274,1.035,3,15
37971,3474.2,3258.4,21.59,0.162,-0.205,1.087,3,16
38021,3517.2,3445.9,21.45,0.104,-0.248,1.027,3,16
38071,3508.4,3372.7,21.45,0.104,-0.248,1.027,3,16
38121,3247.3,3121.1,22.00,0.230,0.359,0.330,3,15
38172,3184.0,3171.6,22.00,0.230,0.359,0.330,3,15
38222,3138.6,2910.4,22.74,-0.024,-0.318,0.057,3,16
38272,3138.6,2922.3,23.10,0.013,-0.239,0.726,3,16
38323,3138.6,2687.4,23.11,-0.032,-0.014,0.736,3,16
38373,3138.6,2842.5,23.11,-0.032,-0.014,0.736,3,16
38423,3138.6,2678.8,22.67,0.070,-0.143,0.977,3,16
38473,3138.6,2673.8,22.67,0.070,-0.143,0.977,3,16
38523,3138.6,2788.6,22.67,0.070,-0.143,0.977,3,16
38573,3138.6,2691.1,22.47,0.087,-0.144,1.190,3,16
38626,3138.6,2679.5,22.32,-0.026,-0.236,1.090,3,16
38675,3138.6,2666.0,22.53,-0.034,0.090,1.343,3,16
38725,3138.6,2553.0,22.46,-0.149,-0.031,1.484,3,16
38775,3138.6,2523.3,22.46,-0.149,-0.031,1.484,3,16
38829,3138.6,2299.4,21.80,-0.417,0.026,0.878,3,16
38879,3138.6,2327.2,22.69,-0.238,0.073,0.932,3,16
38930,3138.6,2107.9,21.97,-0.143,0.169,1.316,3,16
38979,3138.6,1932.7,21.58,-0.180,0.074,1.132,3,16
39029,3138.6,2060.2,21.51,-0.342,0.270,1.343,3,16
39079,3138.6,1753.5,21.51,-0.342,0.270,1.343,3,16
39129,3138.6,1771.8,20.15,-0.739,0.123,0.724,3,16
39179,3138.6,1625.5,20.05,-0.766,0.244,0.751,3,16
39229,3138.6,1530.7,19.78,-0.692,0.307,0.852,3,16
39279,3138.6,1304.6,19.46,-0.510,0.238,1.097,3,16
39330,3138.6,1167.7,18.51,-0.468,0.128,0.889,3,16
39380,3138.6,1224.7,18.51,-0.468,0.128,0.889,3,16
39431,3138.6,1105.5,17.39,-0.455,0.459,1.054,3,16
39480,3138.6,1374.4,17.16,-0.471,0.286,1.182,3,16
39530,3138.6,1220.0,16.67,-0.523,0.224,1.129,3,16
39581,3138.6,1321.7,16.10,-0.672,0.212,0.897,3,16
39630,3138.6,1171.8,16.10,-0.672,0.212,0.897,3,16
39680,3138.6,1157.9,16.10,-0.672,0.212,0.897,3,16
39731,0.0,997.6,14.92,-0.650,0.304,0.915,3,16
39780,0.0,1107.8,13.31,-0.461,0.224,0.953,3,16
39831,0.0,1005.8,13.19,-0.434,0.205,1.196,3,16
39881,0.0,1222.5,13.19,-0.434,0.205,1.196,3,16
39931,0.0,1126.8,12.24,-0.404,0.149,1.197,3,16
39981,0.0,1262.6,12.24,-0.404,0.149,1.197,3,16
40031,0.0,1231.7,11.20,-0.407,0.097,1.188,3,16
40081,0.0,1117.3,10.37,-0.350,-0.031,1.073,3,16
40131,0.0,1029.5,9.95,-0.313,-0.024,0.928,3,16
40181,0.0,1017.3,9.63,-0.312,-0.015,0.674,3,15
40231,0.0,988.4,9.57,-0.211,-0.057,0.831,3,16
40281,0.0,1012.0,9.57,-0.211,-0.057,0.831,3,16
40332,0.0,961.2,8.79,-0.124,-0.168,0.993,3,16
40382,0.0,881.5,8.53,-0.176,-0.250,0.909,3,16
40432,0.0,783.4,8.07,-0.249,-0.174,0.931,3,16
40482,0.0,847.2,7.54,-0.275,-0.151,0.916,3,16
40532,0.0,828.4,7.93,-0.201,-0.071,1.147,3,16
40582,0.0,728.3,7.53,-0.206,-0.206,1.110,3,16
40632,0.0,720.7,7.53,-0.206,-0.206,1.110,3,16
40682,0.0,677.3,7.35,-0.238,-0.160,0.811,3,16
40732,0.0,626.1,7.20,-0.192,-0.163,0.684,3,16
40782,0.0,598.0,6.83,-0.172,-0.068,0.675,3,16
40833,0.0,731.7,6.34,-0.119,-0.108,0.774,3,16
40883,0.0,685.2,6.27,-0.177,-0.097,1.134,3,16
40933,0.0,651.3,6.27,-0.177,-0.097,1.134,3,16
40983,0.0,669.5,6.13,-0.232,-0.045,1.180,3,16
41033,0.0,465.5,5.71,-0.312,-0.008,0.890,3,16
41083,0.0,332.4,5.71,-0.312,-0.008,0.890,3,16
41133,0.0,488.0,5.73,-0.314,-0.012,0.799,3,16
41183,0.0,555.8,5.22,-0.090,-0.098,1.131,3,16
41233,0.0,614.7,5.22,-0.090,-0.098,1.131,3,16
41283,0.0,613.8,5.06,-0.116,-0.044,0.970,3,16
41334,0.0,571.4,5.09,-0.100,0.065,0.965,3,16
41384,0.0,535.6,5.09,-0.100,0.065,0.965,3,16
41434,0.0,597.7,4.69,-0.189,0.145,1.153,3,16
41484,0.0,535.0,4.38,-0.201,0.065,1.115,3,16
41534,0.0,501.6,4.38,-0.201,0.065,1.115,3,16
41584,0.0,466.4,4.03,-0.159,0.044,1.048,3,16
41634,0.0,361.9,4.32,-0.159,0.027,0.930,3,16
41684,0.0,352.4,4.69,-0.182,0.029,0.833,3,16
41734,0.0,602.1,4.45,-0.171,0.108,0.929,3,16
41784,0.0,467.3,4.31,-0.178,0.123,1.015,3,16
41835,0.0,361.5,4.31,-0.178,0.123,1.015,3,16
41885,0.0,464.4,3.89,-0.204,0.162,1.032,3,16
41935,0.0,411.1,3.83,-0.239,0.170,1.060,3,16
41985,0.0,350.1,3.83,-0.239,0.170,1.060,3,16
42035,0.0,351.2,3.66,-0.297,0.132,1.053,3,16
42085,0.0,259.9,3.66,-0.297,0.132,1.053,3,16
42135,0.0,185.8,3.07,-0.302,0.058,1.019,3,16
42185,0.0,185.8,2.67,-0.357,0.074,0.961,3,16
42235,0.0,185.8,2.58,-0.457,0.157,0.951,3,16
42285,0.0,76.2,2.58,-0.457,0.157,0.951,3,16
42345,0.0,76.2,1.75,-0.422,0.188,1.000,3,16
42395,0.0,76.2,1.75,-0.422,0.188,1.000,3,16
42447,0.0,76.2,1.23,-0.235,0.047,0.974,3,16
42497,0.0,76.2,1.23,-0.235,0.047,0.974,3,16
42547,0.0,42.1,1.41,-0.045,-0.136,0.936,3,16
42598,0.0,42.1,1.41,-0.045,-0.136,0.936,3,16
42647,0.0,42.1,0.50,-0.071,-0.166,0.983,3,16
42697,0.0,42.1,0.45,-0.150,-0.048,1.015,3,16
42747,0.0,42.1,0.38,-0.141,0.057,1.016,3,16
42797,0.0,42.1,0.38,-0.141,0.057,1.016,3,16
42848,0.0,42.1,0.21,-0.127,0.062,0.977,3,16
42900,0.0,42.1,0.21,-0.127,0.062,0.977,3,16
42950,0.0,42.1,0.18,-0.095,0.044,0.972,3,16
43000,0.0,42.1,0.11,-0.051,0.043,1.004,3,16
43050,0.0,42.1,0.13,-0.041,0.042,0.992,3,16
43100,0.0,42.1,0.10,-0.033,0.046,0.992,3,16
43150,0.0,42.1,0.14,-0.004,0.054,0.978,3,16
43200,0.0,42.1,0.14,-0.004,0.054,0.978,3,16
43250,0.0,42.1,0.10,0.000,0.086,0.972,3,16
43300,0.0,42.1,0.19,-0.021,0.085,0.969,3,16
43353,0.0,42.1,0.14,-0.029,0.066,0.972,3,16
43402,0.0,42.1,0.14,-0.036,0.057,0.984,3,16
43452,0.0,42.1,0.13,-0.044,0.058,0.989,3,16
43503,0.0,42.1,0.13,-0.044,0.058,0.989,3,16
43552,0.0,0.0,0.05,-0.047,0.052,0.988,3,16
43602,0.0,0.0,0.11,-0.044,0.049,0.988,3,16
43652,0.0,0.0,0.11,-0.044,0.049,0.988,3,16
43702,0.0,0.0,0.11,-0.044,0.049,0.988,3,16
43752,0.0,0.0,0.05,-0.038,0.063,0.983,3,16
43803,0.0,0.0,0.05,-0.038,0.063,0.983,3,16
43856,0.0,0.0,0.15,-0.032,0.063,0.981,3,16
43906,0.0,0.0,0.04,-0.030,0.056,0.986,3,16
43956,0.0,0.0,0.02,-0.035,0.057,0.984,3,16
44006,0.0,0.0,0.02,-0.037,0.058,0.985,3,16
44056,0.0,0.0,0.13,-0.037,0.062,0.985,3,16
44106,0.0,0.0,0.04,-0.039,0.060,0.984,3,16
44156,0.0,0.0,0.04,-0.039,0.060,0.984,3,16
44206,0.0,0.0,0.04,-0.039,0.060,0.984,3,16
44256,0.0,0.0,0.10,-0.037,0.058,0.984,3,16
44307,0.0,0.0,0.08,-0.035,0.056,0.984,3,16
44358,0.0,0.0,0.10,-0.035,0.060,0.985,3,16
44408,0.0,0.0,0.08,-0.040,0.062,0.984,3,16
44458,0.0,0.0,0.08,-0.040,0.062,0.984,3,16
44508,0.0,0.0,0.06,-0.029,0.060,0.986,3,16
44558,0.0,0.0,0.04,-0.025,0.056,0.987,3,16
44608,0.0,0.0,0.04,-0.023,0.057,0.987,3,16
44658,0.0,0.0,0.15,-0.040,0.064,0.980,3,16
44708,0.0,0.0,0.06,-0.046,0.063,0.984,3,16
44758,0.0,0.0,0.06,-0.046,0.063,0.984,3,16
44808,0.0,0.0,0.11,-0.036,0.055,0.986,3,16
44859,0.0,0.0,0.07,-0.030,0.059,0.984,3,16
44909,0.0,0.0,0.07,-0.030,0.059,0.984,3,16
44959,0.0,0.0,0.07,-0.033,0.059,0.983,3,16
45009,0.0,0.0,0.10,-0.037,0.059,0.985,3,16
45059,0.0,0.0,0.10,-0.037,0.059,0.985,3,16
45109,0.0,0.0,0.09,-0.037,0.061,0.985,3,16
45159,0.0,0.0,0.09,-0.037,0.061,0.985,3,16
45209,0.0,0.0,0.09,-0.037,0.061,0.985,3,16
45259,0.0,0.0,0.08,-0.035,0.060,0.983,3,16
45309,0.0,0.0,0.03,-0.035,0.059,0.985,3,16
45360,0.0,0.0,0.03,-0.035,0.059,0.985,3,16
45410,0.0,0.0,0.03,-0.037,0.061,0.984,3,16
45460,0.0,0.0,0.01,-0.036,0.060,0.983,3,16
45510,0.0,0.0,0.03,-0.034,0.060,0.984,3,16
45560,0.0,0.0,0.08,-0.034,0.059,0.984,3,16
45610,0.0,0.0,0.11,-0.036,0.059,0.983,3,16
45660,0.0,0.0,0.11,-0.036,0.059,0.983,3,16
45710,0.0,0.0,0.03,-0.035,0.060,0.984,3,16
45760,0.0,0.0,0.06,-0.035,0.059,0.984,3,16
45810,0.0,0.0,0.04,-0.035,0.059,0.984,3,16
45864,0.0,0.0,0.04,-0.036,0.060,0.984,3,16
45914,0.0,0.0,0.01,-0.035,0.060,0.984,3,16
45964,0.0,0.0,0.01,-0.035,0.060,0.984,3,16
46014,0.0,0.0,0.01,-0.035,0.060,0.984,3,16
46064,0.0,0.0,0.04,-0.034,0.059,0.984,3,16
46118,0.0,0.0,0.04,-0.034,0.059,0.984,3,16
46167,0.0,0.0,0.05,-0.035,0.059,0.983,3,16
46217,0.0,0.0,0.14,-0.036,0.059,0.985,3,16
46270,0.0,0.0,0.14,-0.036,0.059,0.985,3,16
46319,0.0,0.0,0.11,-0.037,0.059,0.981,3,16
46370,0.0,0.0,0.06,-0.034,0.058,0.984,3,16
46420,0.0,0.0,0.06,-0.034,0.058,0.984,3,16
46470,0.0,0.0,0.06,-0.034,0.058,0.984,3,16
46520,0.0,0.0,0.06,-0.034,0.059,0.984,3,16
46572,0.0,0.0,0.06,-0.034,0.059,0.984,3,16
46621,0.0,0.0,0.02,-0.037,0.061,0.984,3,16
46671,0.0,0.0,0.03,-0.035,0.059,0.984,3,16
46722,0.0,0.0,0.03,-0.035,0.059,0.984,3,16
46771,0.0,0.0,0.04,-0.034,0.059,0.984,3,16
46821,0.0,0.0,0.06,-0.037,0.060,0.984,3,16
46874,0.0,0.0,0.06,-0.037,0.060,0.984,3,16
46923,0.0,0.0,0.02,-0.036,0.060,0.984,3,16
46973,0.0,0.0,0.02,-0.036,0.060,0.984,3,16
47023,0.0,0.0,0.02,-0.036,0.060,0.984,3,16
47073,0.0,0.0,0.05,-0.034,0.059,0.984,3,16
47123,0.0,0.0,0.04,-0.036,0.059,0.984,3,16
47173,0.0,0.0,0.04,-0.036,0.059,0.984,3,16
47223,0.0,0.0,0.08,-0.038,0.060,0.984,3,16
47273,0.0,0.0,0.04,-0.034,0.060,0.985,3,16
47323,0.0,0.0,0.04,-0.034,0.060,0.985,3,16
47380,0.0,0.0,0.19,-0.033,0.061,0.984,3,16
47430,0.0,0.0,0.09,-0.035,0.058,0.984,3,16
47480,0.0,0.0,0.09,-0.035,0.058,0.984,3,16
47530,0.0,0.0,0.07,-0.039,0.059,0.982,3,16
47580,0.0,0.0,0.13,-0.039,0.060,0.982,3,16
47630,0.0,0.0,0.10,-0.036,0.059,0.980,3,16
47680,0.0,0.0,0.08,-0.031,0.058,0.989,3,16
47730,0.0,0.0,0.03,-0.033,0.063,0.984,3,16
47780,0.0,0.0,0.03,-0.033,0.063,0.984,3,16
47830,0.0,0.0,0.06,-0.036,0.063,0.981,3,16
47881,0.0,0.0,0.08,-0.037,0.055,0.986,3,16
47931,0.0,0.0,0.08,-0.037,0.055,0.986,3,16
47982,0.0,0.0,0.08,-0.037,0.055,0.986,3,16
48031,0.0,0.0,0.04,-0.037,0.057,0.984,3,16
48081,0.0,0.0,0.04,-0.037,0.057,0.984,3,16
48132,0.0,0.0,0.09,-0.034,0.063,0.985,3,16
48181,0.0,0.0,0.08,-0.033,0.060,0.984,3,16
48231,0.0,0.0,0.03,-0.035,0.058,0.984,3,16
48282,0.0,0.0,0.03,-0.035,0.058,0.984,3,16
48331,0.0,0.0,0.04,-0.036,0.060,0.985,3,16
48382,0.0,0.0,0.04,-0.036,0.060,0.985,3,16
48432,0.0,0.0,0.04,-0.037,0.061,0.984,3,16
48482,0.0,0.0,0.02,-0.035,0.060,0.984,3,16
48532,0.0,0.0,0.04,-0.034,0.059,0.984,3,16
48582,0.0,0.0,0.04,-0.033,0.059,0.984,3,16
48632,0.0,0.0,0.08,-0.036,0.060,0.984,3,16
48682,0.0,0.0,0.08,-0.036,0.060,0.984,3,16
48732,0.0,0.0,0.06,-0.036,0.060,0.985,3,16
48782,0.0,0.0,0.15,-0.035,0.060,0.985,3,16
48832,0.0,0.0,0.15,-0.036,0.060,0.984,3,16
48883,0.0,0.0,0.15,-0.036,0.060,0.984,3,16
48933,0.0,0.0,0.05,-0.036,0.060,0.984,3,16
48983,0.0,0.0,0.05,-0.036,0.060,0.984,3,16
49033,0.0,0.0,0.05,-0.034,0.061,0.984,3,16
49083,0.0,0.0,0.02,-0.033,0.059,0.984,3,16
49133,0.0,0.0,0.03,-0.034,0.060,0.985,3,16
49183,0.0,0.0,0.06,-0.035,0.061,0.984,3,16
49233,0.0,0.0,0.05,-0.037,0.062,0.983,3,16
49283,0.0,0.0,0.05,-0.037,0.062,0.983,3,16
49333,0.0,0.0,0.03,-0.035,0.059,0.985,3,16
49384,0.0,0.0,0.03,-0.035,0.058,0.984,3,16
49434,0.0,0.0,0.06,-0.034,0.059,0.984,3,16
49484,0.0,0.0,0.02,-0.035,0.059,0.984,3,16
49534,0.0,0.0,0.06,-0.037,0.061,0.985,3,16
49584,0.0,0.0,0.06,-0.037,0.061,0.985,3,16
49634,0.0,0.0,0.02,-0.036,0.060,0.984,3,16
49684,0.0,0.0,0.08,-0.034,0.059,0.984,3,16
49734,0.0,0.0,0.05,-0.035,0.059,0.984,3,16
49784,0.0,0.0,0.06,-0.035,0.060,0.984,3,16
49834,0.0,0.0,0.04,-0.035,0.061,0.984,3,16
49885,0.0,0.0,0.01,-0.036,0.059,0.984,3,16
49935,0.0,0.0,0.01,-0.036,0.059,0.984,3,16
49985,0.0,0.0,0.09,-0.035,0.060,0.984,3,16
50035,0.0,0.0,0.02,-0.035,0.060,0.985,3,16
50085,0.0,0.0,0.02,-0.035,0.060,0.985,3,16
50135,0.0,0.0,0.06,-0.036,0.060,0.985,3,16
50185,0.0,0.0,0.06,-0.036,0.060,0.985,3,16
50235,0.0,0.0,0.01,-0.035,0.060,0.984,3,16
50285,0.0,0.0,0.01,-0.033,0.059,0.984,3,16
50335,0.0,0.0,0.02,-0.034,0.061,0.985,3,16
50394,0.0,0.0,0.01,-0.036,0.060,0.985,3,16
50444,0.0,0.0,0.01,-0.037,0.061,0.984,3,16
50494,0.0,0.0,0.04,-0.035,0.060,0.985,3,16
50547,0.0,0.0,0.02,-0.034,0.060,0.985,3,16
50596,0.0,0.0,0.02,-0.034,0.060,0.985,3,16
50646,0.0,0.0,0.09,-0.035,0.059,0.984,3,16
50696,0.0,0.0,0.09,-0.035,0.059,0.984,3,16
50746,0.0,0.0,0.05,-0.036,0.060,0.984,3,16
50796,0.0,0.0,0.05,-0.034,0.061,0.984,3,16
50846,0.0,0.0,0.01,-0.034,0.060,0.984,3,16
50898,0.0,0.0,0.04,-0.034,0.060,0.984,3,16
50948,0.0,0.0,0.02,-0.036,0.060,0.985,3,16
50998,0.0,0.0,0.02,-0.036,0.060,0.985,3,16
51048,0.0,0.0,0.02,-0.036,0.060,0.984,3,16
51098,0.0,0.0,0.01,-0.035,0.060,0.984,3,16
51149,0.0,0.0,0.01,-0.035,0.060,0.984,3,16
51198,0.0,0.0,0.01,-0.035,0.060,0.984,3,16
51248,0.0,0.0,0.06,-0.034,0.060,0.984,3,16
51298,0.0,0.0,0.06,-0.034,0.060,0.984,3,16
51348,0.0,0.0,0.06,-0.035,0.061,0.985,3,16
51399,0.0,0.0,0.04,-0.035,0.060,0.984,3,16
51451,0.0,0.0,0.05,-0.035,0.060,0.984,3,16
51500,0.0,0.0,0.06,-0.035,0.060,0.984,3,16
51550,0.0,0.0,0.04,-0.035,0.060,0.984,3,16
51601,0.0,0.0,0.04,-0.035,0.060,0.984,3,16
51651,0.0,0.0,0.05,-0.035,0.060,0.984,3,16
51701,0.0,0.0,0.05,-0.035,0.060,0.984,3,16
51751,0.0,0.0,0.06,-0.034,0.060,0.984,3,16
51801,0.0,0.0,0.06,-0.034,0.060,0.984,3,16
51851,0.0,0.0,0.07,-0.035,0.061,0.984,3,16
51905,0.0,0.0,0.07,-0.035,0.061,0.984,3,16
51954,0.0,0.0,0.06,-0.036,0.061,0.984,3,16
52004,0.0,0.0,0.06,-0.035,0.060,0.984,3,16
52054,0.0,0.0,0.06,-0.035,0.060,0.984,3,16
52104,0.0,0.0,0.09,-0.034,0.060,0.984,3,16
52154,0.0,0.0,0.05,-0.035,0.060,0.984,3,16
52204,0.0,0.0,0.05,-0.035,0.060,0.984,3,16
52254,0.0,0.0,0.09,-0.035,0.060,0.984,3,16
52304,0.0,0.0,0.10,-0.035,0.060,0.984,3,16
52354,0.0,0.0,0.06,-0.035,0.060,0.984,3,16
52405,0.0,0.0,0.06,-0.035,0.060,0.984,3,16
52455,0.0,0.0,0.05,-0.035,0.060,0.984,3,16
52505,0.0,0.0,0.05,-0.035,0.060,0.984,3,16
52555,0.0,0.0,0.06,-0.035,0.060,0.984,3,16
52605,0.0,0.0,0.08,-0.035,0.060,0.984,3,16
52655,0.0,0.0,0.02,-0.035,0.060,0.984,3,16
52705,0.0,0.0,0.03,-0.035,0.060,0.984,3,16
52755,0.0,0.0,0.02,-0.034,0.060,0.984,3,16
52805,0.0,0.0,0.02,-0.034,0.060,0.984,3,16
52855,0.0,0.0,0.04,-0.035,0.060,0.985,3,16
52906,0.0,0.0,0.04,-0.035,0.060,0.984,3,16
52956,0.0,0.0,0.10,-0.035,0.060,0.984,3,16
53006,0.0,0.0,0.10,-0.035,0.060,0.984,3,16
53056,0.0,0.0,0.06,-0.035,0.060,0.984,3,16
53106,0.0,0.0,0.06,-0.035,0.060,0.984,3,16
53156,0.0,0.0,0.03,-0.035,0.060,0.984,3,16
53206,0.0,0.0,0.07,-0.035,0.060,0.984,3,16
53256,0.0,0.0,0.04,-0.035,0.060,0.984,3,16
53306,0.0,0.0,0.02,-0.035,0.060,0.984,3,16
53356,0.0,0.0,0.01,-0.035,0.060,0.985,3,16
53407,0.0,0.0,0.05,-0.035,0.060,0.984,3,16
53457,0.0,0.0,0.05,-0.035,0.060,0.984,3,16
53507,0.0,0.0,0.02,-0.035,0.060,0.984,3,16
53557,0.0,0.0,0.06,-0.035,0.060,0.984,3,16
53607,0.0,0.0,0.06,-0.035,0.060,0.984,3,16
53657,0.0,0.0,0.05,-0.035,0.060,0.985,3,16
53707,0.0,0.0,0.05,-0.035,0.060,0.984,3,16
53757,0.0,0.0,0.05,-0.035,0.060,0.984,3,16
53807,0.0,0.0,0.05,-0.034,0.060,0.984,3,16
53857,0.0,0.0,0.03,-0.035,0.060,0.985,3,16
53908,0.0,0.0,0.04,-0.035,0.060,0.984,3,16
53958,0.0,0.0,0.02,-0.036,0.060,0.984,3,16
54008,0.0,0.0,0.08,-0.035,0.060,0.984,3,16
54058,0.0,0.0,0.08,-0.035,0.060,0.984,3,16
54108,0.0,0.0,0.13,-0.035,0.061,0.984,3,16
54158,0.0,0.0,0.10,-0.036,0.060,0.984,3,16
54208,0.0,0.0,0.10,-0.036,0.060,0.984,3,16
54258,0.0,0.0,0.05,-0.036,0.060,0.984,3,16
54308,0.0,0.0,0.04,-0.035,0.060,0.984,3,16
54358,0.0,0.0,0.03,-0.035,0.060,0.984,3,16
54409,0.0,0.0,0.07,-0.035,0.060,0.984,3,16
54459,0.0,0.0,0.08,-0.035,0.060,0.984,3,16
54509,0.0,0.0,0.08,-0.035,0.060,0.984,3,16
54559,0.0,0.0,0.05,-0.035,0.060,0.984,3,16
54609,0.0,0.0,0.01,-0.035,0.060,0.984,3,16
54659,0.0,0.0,0.06,-0.035,0.060,0.984,3,16
54709,0.0,0.0,0.05,-0.035,0.060,0.984,3,16
54759,0.0,0.0,0.05,-0.035,0.060,0.984,3,16
54809,0.0,0.0,0.05,-0.035,0.060,0.984,3,16
54859,0.0,0.0,0.06,-0.035,0.060,0.984,3,16
54910,0.0,0.0,0.06,-0.035,0.060,0.984,3,16
54960,0.0,0.0,0.03,-0.035,0.060,0.984,3,16
55010,0.0,0.0,0.04,-0.035,0.060,0.984,3,16
55060,0.0,0.0,0.04,-0.035,0.060,0.984,3,16
55110,0.0,0.0,0.04,-0.035,0.060,0.984,3,16
55160,0.0,0.0,0.03,-0.035,0.060,0.984,3,16
55210,0.0,0.0,0.06,-0.036,0.060,0.984,3,16
55260,0.0,0.0,0.05,-0.036,0.060,0.984,3,16
55310,0.0,0.0,0.02,-0.035,0.060,0.984,3,16
55360,0.0,0.0,0.13,-0.035,0.060,0.984,3,16
55411,0.0,0.0,0.13,-0.035,0.060,0.984,3,16
55461,0.0,0.0,0.09,-0.035,0.060,0.984,3,16
55511,0.0,0.0,0.08,-0.035,0.060,0.984,3,16
55561,0.0,0.0,0.03,-0.035,0.060,0.984,3,16
55611,0.0,0.0,0.07,-0.035,0.060,0.984,3,16
55661,0.0,0.0,0.04,-0.035,0.060,0.985,3,16
55711,0.0,0.0,0.04,-0.035,0.060,0.985,3,16
55761,0.0,0.0,0.06,-0.035,0.060,0.984,3,16
55811,0.0,0.0,0.06,-0.035,0.060,0.984,3,16
55861,0.0,0.0,0.05,-0.035,0.060,0.984,3,16
55922,0.0,0.0,0.12,-0.035,0.061,0.984,3,16
55972,0.0,0.0,0.06,-0.035,0.060,0.984,3,16
56022,0.0,0.0,0.06,-0.035,0.060,0.984,3,16
56072,0.0,0.0,0.08,-0.035,0.060,0.984,3,16
56122,0.0,0.0,0.05,-0.035,0.060,0.984,3,16
56172,0.0,0.0,0.05,-0.035,0.060,0.984,3,16
56222,0.0,0.0,0.13,-0.035,0.061,0.984,3,16
56272,0.0,0.0,0.00,-0.035,0.060,0.984,3,16
56322,0.0,0.0,0.00,-0.035,0.060,0.984,3,16
56372,0.0,0.0,0.06,-0.034,0.059,0.984,3,16
56423,0.0,0.0,0.04,-0.035,0.060,0.984,3,16
56475,0.0,0.0,0.08,-0.035,0.060,0.985,3,16
56524,0.0,0.0,0.04,-0.036,0.060,0.984,3,16
56574,0.0,0.0,0.08,-0.035,0.060,0.985,3,16
56624,0.0,0.0,0.08,-0.035,0.060,0.985,3,16
56674,0.0,0.0,0.02,-0.035,0.060,0.985,3,16
56724,0.0,0.0,0.06,-0.034,0.060,0.985,3,16
56774,0.0,0.0,0.04,-0.034,0.060,0.984,3,16
56826,0.0,0.0,0.11,-0.034,0.060,0.984,3,16
56876,0.0,0.0,0.09,-0.036,0.062,0.984,3,16
56928,0.0,0.0,0.09,-0.036,0.062,0.984,3,16
56978,0.0,0.0,0.18,-0.036,0.062,0.984,3,16
57028,0.0,0.0,0.05,-0.035,0.059,0.983,3,16
57078,0.0,0.0,0.19,-0.035,0.056,0.984,3,16
57128,0.0,0.0,0.13,-0.035,0.056,0.984,3,16
57178,0.0,0.0,0.05,-0.034,0.058,0.985,3,16
57228,0.0,0.0,0.05,-0.034,0.058,0.985,3,16
57278,0.0,0.0,0.07,-0.035,0.061,0.984,3,16
57328,0.0,0.0,0.05,-0.037,0.063,0.983,3,16
57378,0.0,0.0,0.02,-0.036,0.062,0.983,3,16
57431,0.0,0.0,0.06,-0.035,0.059,0.984,3,16
57481,0.0,0.0,0.03,-0.033,0.058,0.984,3,16
57531,0.0,0.0,0.03,-0.033,0.058,0.984,3,16
57581,0.0,0.0,0.07,-0.036,0.061,0.984,3,16
57631,0.0,0.0,0.09,-0.037,0.061,0.984,3,16
57681,0.0,0.0,0.10,-0.036,0.059,0.984,3,16
57731,0.0,0.0,0.02,-0.035,0.059,0.984,3,16
57781,0.0,0.0,0.04,-0.034,0.060,0.985,3,16
57831,0.0,0.0,0.04,-0.034,0.060,0.985,3,16
57881,0.0,0.0,0.01,-0.034,0.060,0.984,3,16
57932,0.0,0.0,0.07,-0.036,0.060,0.984,3,16
57982,0.0,0.0,0.06,-0.037,0.060,0.984,3,16
58033,0.0,0.0,0.01,-0.036,0.059,0.985,3,16
58082,0.0,0.0,0.01,-0.034,0.059,0.984,3,16
58132,0.0,0.0,0.01,-0.034,0.059,0.984,3,16
58183,0.0,0.0,0.08,-0.034,0.060,0.983,3,16
58232,0.0,0.0,0.07,-0.035,0.060,0.984,3,16
58282,0.0,0.0,0.06,-0.036,0.060,0.984,3,16
58333,0.0,0.0,0.04,-0.036,0.060,0.984,3,16
58382,0.0,0.0,0.05,-0.035,0.060,0.984,3,16
58433,0.0,0.0,0.05,-0.035,0.060,0.984,3,16
58483,0.0,0.0,0.04,-0.034,0.060,0.984,3,16
58533,0.0,0.0,0.06,-0.035,0.060,0.984,3,16
58583,0.0,0.0,0.03,-0.035,0.060,0.984,3,16
58633,0.0,0.0,0.08,-0.036,0.060,0.985,3,16
58683,0.0,0.0,0.08,-0.035,0.060,0.984,3,16
58733,0.0,0.0,0.08,-0.035,0.060,0.984,3,16
58783,0.0,0.0,0.02,-0.034,0.059,0.984,3,16
58833,0.0,0.0,0.04,-0.035,0.060,0.984,3,16
58883,0.0,0.0,0.04,-0.035,0.060,0.984,3,16
58934,0.0,0.0,0.04,-0.036,0.060,0.984,3,16
58984,0.0,0.0,0.03,-0.036,0.060,0.984,3,16
59034,0.0,0.0,0.03,-0.036,0.060,0.984,3,16
59084,0.0,0.0,0.05,-0.035,0.060,0.984,3,16
59134,0.0,0.0,0.02,-0.034,0.060,0.984,3,16
59184,0.0,0.0,0.05,-0.034,0.059,0.984,3,16
59234,0.0,0.0,0.01,-0.034,0.059,0.984,3,16
59284,0.0,0.0,0.04,-0.035,0.060,0.984,3,16
59334,0.0,0.0,0.04,-0.035,0.060,0.984,3,16
59384,0.0,0.0,0.08,-0.035,0.060,0.984,3,16
59435,0.0,0.0,0.09,-0.035,0.059,0.984,3,16
59485,0.0,0.0,0.05,-0.035,0.059,0.984,3,16
59535,0.0,0.0,0.02,-0.035,0.060,0.984,3,16
59585,0.0,0.0,0.08,-0.035,0.060,0.984,3,16
59635,0.0,0.0,0.06,-0.035,0.060,0.985,3,16
59685,0.0,0.0,0.06,-0.035,0.060,0.985,3,16
59735,0.0,0.0,0.02,-0.035,0.060,0.984,3,16
59785,0.0,0.0,0.04,-0.035,0.060,0.984,3,16
59835,0.0,0.0,0.07,-0.035,0.060,0.984,3,16
59885,0.0,0.0,0.04,-0.035,0.060,0.984,3,16
59936,0.0,0.0,0.05,-0.035,0.060,0.985,3,16
59986,0.0,0.0,0.05,-0.035,0.060,0.985,3,16
60036,0.0,0.0,0.06,-0.035,0.060,0.984,3,16
60086,0.0,0.0,0.03,-0.035,0.060,0.984,3,16
60136,0.0,0.0,0.01,-0.034,0.060,0.984,3,16
60186,0.0,0.0,0.07,-0.035,0.060,0.985,3,16
60236,0.0,0.0,0.05,-0.036,0.060,0.985,3,16
60286,0.0,0.0,0.05,-0.036,0.060,0.985,3,16
60336,0.0,0.0,0.07,-0.035,0.059,0.984,3,16
60386,0.0,0.0,0.10,-0.033,0.060,0.985,3,16
60445,0.0,0.0,0.14,-0.033,0.058,0.984,3,16
60495,0.0,0.0,0.03,-0.038,0.058,0.985,3,16
60545,0.0,0.0,0.05,-0.040,0.059,0.984,3,16
60595,0.0,0.0,0.14,-0.036,0.059,0.984,3,16
60645,0.0,0.0,0.06,-0.030,0.062,0.982,3,16
60695,0.0,0.0,0.03,-0.029,0.066,0.985,3,16
60746,0.0,0.0,0.03,-0.029,0.066,0.985,3,16
60797,0.0,0.0,0.03,-0.035,0.061,0.985,3,16
60847,0.0,0.0,0.07,-0.037,0.056,0.981,3,16
60897,0.0,0.0,0.11,-0.034,0.059,0.984,3,16
60949,0.0,0.0,0.05,-0.037,0.061,0.987,3,16
60999,0.0,0.0,0.09,-0.040,0.058,0.986,3,16
61049,0.0,0.0,0.09,-0.040,0.058,0.986,3,16
61099,0.0,0.0,0.04,-0.034,0.059,0.982,3,16
61149,0.0,0.0,0.10,-0.033,0.059,0.986,3,16
61199,0.0,0.0,0.13,-0.034,0.059,0.986,3,16
61249,0.0,0.0,0.05,-0.036,0.061,0.981,3,16
61299,0.0,0.0,0.08,-0.035,0.059,0.986,3,16
61350,0.0,0.0,0.08,-0.035,0.059,0.986,3,16
61399,0.0,0.0,0.04,-0.032,0.057,0.984,3,16
61450,0.0,0.0,0.06,-0.034,0.063,0.984,3,16
61502,0.0,0.0,0.13,-0.037,0.065,0.986,3,16
61551,0.0,0.0,0.05,-0.042,0.063,0.985,3,15
61601,0.0,0.0,0.11,-0.038,0.054,0.984,3,15
61652,0.0,0.0,0.11,-0.038,0.054,0.984,3,15
61701,0.0,0.0,0.12,-0.029,0.055,0.987,3,15
61751,0.0,0.0,0.12,-0.031,0.063,0.984,3,15
61802,0.0,0.0,0.06,-0.035,0.067,0.986,3,16
61851,0.0,0.0,0.07,-0.037,0.064,0.989,3,16
61901,0.0,0.0,0.20,-0.037,0.056,0.985,3,16
61955,0.0,0.0,0.20,-0.037,0.056,0.985,3,16
62004,0.0,0.0,0.12,-0.035,0.053,0.989,3,16
62054,0.0,0.0,0.01,-0.035,0.057,0.982,3,16
62104,0.0,0.0,0.06,-0.037,0.060,0.979,3,16
62154,0.0,0.0,0.05,-0.038,0.060,0.977,3,16
62204,0.0,0.0,0.13,-0.032,0.059,0.971,3,16
62254,0.0,0.0,0.13,-0.032,0.059,0.971,3,16
62304,0.0,0.0,0.01,-0.040,0.055,0.988,3,16
62354,0.0,0.0,0.13,-0.043,0.056,0.990,3,16
62404,0.0,0.0,0.05,-0.040,0.058,0.986,3,16
62456,0.0,0.0,0.08,-0.035,0.058,0.974,3,16
62506,0.0,0.0,0.02,-0.030,0.062,0.980,3,16
62556,0.0,0.0,0.03,-0.034,0.060,0.990,3,16
62606,0.0,0.0,0.03,-0.034,0.060,0.990,3,16
62656,0.0,0.0,0.10,-0.038,0.058,0.981,3,16
62706,0.0,0.0,0.05,-0.034,0.062,0.972,3,16
62756,0.0,0.0,0.06,-0.033,0.066,0.975,3,16
62806,0.0,0.0,0.07,-0.038,0.057,0.990,3,16
62856,0.0,0.0,0.09,-0.044,0.051,0.986,3,16
62906,0.0,0.0,0.09,-0.044,0.051,0.986,3,16
62957,0.0,0.0,0.04,-0.040,0.064,0.981,3,16
63007,0.0,0.0,0.06,-0.035,0.064,0.982,3,16
63057,0.0,0.0,0.04,-0.029,0.062,0.983,3,16
63107,0.0,0.0,0.05,-0.026,0.061,0.982,3,16
63157,0.0,0.0,0.08,-0.035,0.061,0.984,3,16
63207,0.0,0.0,0.08,-0.035,0.061,0.984,3,16
63257,0.0,0.0,0.07,-0.039,0.060,0.984,3,16
63307,0.0,0.0,0.03,-0.041,0.059,0.984,3,16
63357,0.0,0.0,0.09,-0.041,0.059,0.985,3,16
63407,0.0,0.0,0.04,-0.037,0.057,0.986,3,16
63458,0.0,0.0,0.07,-0.030,0.056,0.984,3,16
63508,0.0,0.0,0.07,-0.030,0.056,0.984,3,16
63558,0.0,0.0,0.06,-0.041,0.060,0.989,3,16
63608,0.0,0.0,0.02,-0.050,0.063,0.988,3,16
63658,0.0,0.0,0.19,-0.059,0.062,0.987,3,16
63708,0.0,0.0,0.07,-0.041,0.054,0.981,3,16
63758,0.0,0.0,0.17,-0.021,0.051,0.978,3,16
63808,0.0,0.0,0.17,-0.021,0.051,0.978,3,16
63858,0.0,0.0,0.13,-0.013,0.058,0.987,3,16
63908,0.0,0.0,0.12,-0.028,0.064,0.986,3,16
63959,0.0,0.0,0.06,-0.035,0.067,0.985,3,16
64009,0.0,0.0,0.11,-0.036,0.066,0.982,3,16
64059,0.0,0.0,0.11,-0.036,0.066,0.982,3,16
64109,0.0,0.0,0.05,-0.031,0.063,0.987,3,16
64159,0.0,0.0,0.15,-0.038,0.057,0.985,3,16
64209,0.0,0.0,0.13,-0.044,0.053,0.985,3,16
64259,0.0,0.0,0.03,-0.048,0.051,0.981,3,16
64309,0.0,0.0,0.10,-0.041,0.055,0.990,3,16
64359,0.0,0.0,0.10,-0.041,0.055,0.990,3,16
64409,0.0,0.0,0.24,-0.028,0.063,0.987,3,16
64460,0.0,0.0,0.09,-0.023,0.069,0.980,3,16
64510,0.0,0.0,0.12,-0.022,0.070,0.976,3,16
64560,0.0,0.0,0.20,-0.023,0.069,0.978,3,16
64610,0.0,0.0,0.03,-0.029,0.062,0.986,3,16
64660,0.0,0.0,0.03,-0.029,0.062,0.986,3,16
64710,0.0,0.0,0.13,-0.037,0.058,0.984,3,16
64760,0.0,0.0,0.09,-0.039,0.058,0.985,3,16
64810,0.0,0.0,0.03,-0.039,0.060,0.987,3,16
64860,0.0,0.0,0.05,-0.038,0.062,0.987,3,16
64910,0.0,0.0,0.07,-0.030,0.063,0.984,3,16
64961,0.0,0.0,0.07,-0.030,0.063,0.984,3,16
65011,0.0,0.0,0.14,-0.028,0.067,0.982,3,16
65061,0.0,0.0,0.04,-0.027,0.068,0.982,3,16
65111,0.0,0.0,0.02,-0.027,0.068,0.981,3,16
65161,0.0,0.0,0.02,-0.027,0.068,0.981,3,16
65211,0.0,0.0,0.06,-0.037,0.058,0.985,3,16
65261,0.0,0.0,0.06,-0.037,0.058,0.985,3,16
65311,0.0,0.0,0.10,-0.044,0.051,0.987,3,16
65361,0.0,0.0,0.01,-0.037,0.061,0.983,3,16
65411,0.0,0.0,0.03,-0.030,0.063,0.983,3,16
65462,0.0,0.0,0.03,-0.030,0.063,0.983,3,16
65512,0.0,0.0,0.03,-0.032,0.060,0.985,3,16
65562,0.0,0.0,0.03,-0.032,0.060,0.985,3,16
65612,0.0,0.0,0.10,-0.037,0.059,0.985,3,16
65662,0.0,0.0,0.10,-0.038,0.059,0.985,3,16
65712,0.0,0.0,0.29,-0.033,0.059,0.984,3,16
65762,0.0,0.0,0.29,-0.033,0.059,0.984,3,16
65812,0.0,0.0,0.16,-0.033,0.058,0.985,3,16
65862,0.0,0.0,0.16,-0.033,0.058,0.985,3,16
65912,0.0,0.0,0.07,-0.035,0.061,0.985,3,16
65973,0.0,0.0,0.17,-0.037,0.065,0.983,3,16
66023,0.0,0.0,0.06,-0.034,0.060,0.985,3,16
66074,0.0,0.0,0.06,-0.034,0.060,0.985,3,16
66124,0.0,0.0,0.11,-0.029,0.057,0.985,3,16
66174,0.0,0.0,0.03,-0.031,0.064,0.982,3,16
66225,0.0,0.0,0.12,-0.034,0.065,0.983,3,16
66275,0.0,0.0,0.12,-0.034,0.065,0.983,3,16
66325,0.0,0.0,0.23,-0.036,0.059,0.987,3,16
66375,0.0,0.0,0.23,-0.036,0.059,0.987,3,16
66425,0.0,0.0,0.03,-0.032,0.056,0.985,3,16
66476,0.0,0.0,0.06,-0.032,0.063,0.988,3,16
66528,0.0,0.0,0.05,-0.035,0.063,0.988,3,16
66577,0.0,0.0,0.09,-0.039,0.059,0.981,3,16
66627,0.0,0.0,0.08,-0.039,0.055,0.981,3,16
66678,0.0,0.0,0.08,-0.039,0.055,0.981,3,16
66727,0.0,0.0,0.03,-0.035,0.058,0.987,3,16
66777,0.0,0.0,0.12,-0.040,0.062,0.983,3,16
66827,0.0,0.0,0.12,-0.041,0.059,0.983,3,16
66877,0.0,0.0,0.12,-0.041,0.059,0.983,3,16
66927,0.0,0.0,0.02,-0.034,0.052,0.986,3,16
66980,0.0,0.0,0.02,-0.034,0.052,0.986,3,16
67029,0.0,0.0,0.12,-0.031,0.059,0.985,3,16
67079,0.0,0.0,0.05,-0.035,0.064,0.982,3,16
67129,0.0,0.0,0.10,-0.036,0.061,0.983,3,16
67179,0.0,0.0,0.09,-0.037,0.055,0.985,3,16
67229,0.0,0.0,0.04,-0.039,0.053,0.986,3,16
67279,0.0,0.0,0.04,-0.039,0.053,0.986,3,16
67329,0.0,0.0,0.05,-0.038,0.057,0.985,3,16
67379,0.0,0.0,0.03,-0.036,0.059,0.984,3,16
67429,0.0,0.0,0.01,-0.035,0.059,0.984,3,16
67480,0.0,0.0,0.01,-0.035,0.059,0.984,3,16
67530,0.0,0.0,0.05,-0.035,0.056,0.984,3,16
67581,0.0,0.0,0.05,-0.035,0.056,0.984,3,16
67631,0.0,0.0,0.08,-0.035,0.057,0.985,3,16
67681,0.0,0.0,0.05,-0.035,0.058,0.985,3,16
67731,0.0,0.0,0.04,-0.036,0.057,0.985,3,16
67781,0.0,0.0,0.04,-0.037,0.056,0.985,3,16
67831,0.0,0.0,0.01,-0.038,0.056,0.985,3,16
67881,0.0,0.0,0.01,-0.038,0.056,0.985,3,16
67931,0.0,0.0,0.08,-0.038,0.059,0.985,3,16
67982,0.0,0.0,0.04,-0.037,0.057,0.985,3,16
68032,0.0,0.0,0.03,-0.036,0.055,0.985,3,16
68082,0.0,0.0,0.03,-0.036,0.055,0.985,3,16
68132,0.0,0.0,0.04,-0.041,0.055,0.986,3,16
68182,0.0,0.0,0.04,-0.041,0.055,0.986,3,16
68232,0.0,0.0,0.09,-0.043,0.055,0.985,3,16
68282,0.0,0.0,0.06,-0.035,0.059,0.984,3,16
68332,0.0,0.0,0.09,-0.028,0.061,0.985,3,16
68382,0.0,0.0,0.08,-0.025,0.062,0.982,3,16
68432,0.0,0.0,0.05,-0.028,0.062,0.981,3,16
68483,0.0,0.0,0.05,-0.028,0.062,0.981,3,16
68533,0.0,0.0,0.02,-0.037,0.059,0.986,3,16
68583,0.0,0.0,0.06,-0.042,0.054,0.985,3,16
68633,0.0,0.0,0.08,-0.046,0.051,0.986,3,16
68683,0.0,0.0,0.08,-0.046,0.051,0.986,3,16
68733,0.0,0.0,0.04,-0.049,0.043,0.993,3,16
68783,0.0,0.0,0.04,-0.049,0.043,0.993,3,16
68833,0.0,0.0,0.08,-0.045,0.050,0.993,3,16
68883,0.0,0.0,0.15,-0.033,0.067,0.977,3,16
68933,0.0,0.0,0.09,-0.020,0.074,0.965,3,16
68984,0.0,0.0,0.11,-0.007,0.077,0.968,3,16
69034,0.0,0.0,0.04,-0.018,0.067,0.987,3,16
69084,0.0,0.0,0.04,-0.018,0.067,0.987,3,16
69134,0.0,0.0,0.04,-0.042,0.042,0.999,3,16
69184,0.0,0.0,0.02,-0.019,0.072,0.964,3,16
69234,3138.6,0.0,0.04,-0.033,0.082,0.968,3,16
69284,3138.6,0.0,0.04,-0.033,0.082,0.968,3,16
69334,585.2,0.0,0.09,-0.061,0.033,1.002,3,16
69384,585.2,0.0,0.09,-0.061,0.033,1.002,3,16
69434,593.7,0.0,0.09,-0.054,0.012,0.988,3,16
69485,593.7,0.0,0.17,-0.046,0.063,0.992,3,16
69535,564.3,0.0,0.08,-0.023,0.078,0.977,3,16
69585,564.3,0.0,0.07,-0.003,0.091,0.971,3,16
69635,800.0,0.0,0.07,-0.011,0.077,0.992,3,16
69685,1062.6,0.0,0.07,-0.011,0.077,0.992,3,16
69735,1014.3,0.0,0.10,-0.026,0.056,0.981,3,15
69785,956.7,0.0,0.03,-0.044,0.030,0.971,3,15
69835,956.7,0.0,0.11,-0.052,0.042,0.989,3,15
69885,914.2,0.0,0.11,-0.052,0.042,0.989,3,15
69935,845.5,0.0,0.25,-0.058,0.057,0.981,3,16
69986,961.3,0.0,0.08,-0.035,0.069,0.984,3,16
70036,973.6,0.0,0.08,-0.035,0.069,0.984,3,16
70086,973.6,0.0,0.06,-0.036,0.060,0.985,3,16
70136,933.4,0.0,0.04,-0.024,0.054,1.006,3,15
70186,866.2,0.0,0.06,-0.024,0.050,0.989,3,15
70236,1044.0,0.0,0.01,-0.024,0.058,0.989,3,15
70286,1070.0,0.0,0.01,-0.024,0.058,0.989,3,15
70336,1101.4,0.0,0.04,-0.028,0.066,0.983,3,15
70386,1101.4,0.0,0.04,-0.048,0.052,0.985,3,16
70436,1072.8,0.0,0.06,-0.031,0.045,0.999,3,16
70487,1144.0,0.0,0.06,-0.031,0.045,0.999,3,16
70537,1125.5,0.0,0.15,-0.040,0.056,0.971,3,16
70587,1235.5,0.0,0.14,-0.040,0.058,0.993,3,16
70637,1231.9,0.0,0.14,-0.040,0.058,0.993,3,16
70687,1242.8,0.0,0.08,-0.030,0.064,1.004,3,16
70737,1744.0,0.0,0.03,-0.037,0.052,0.995,3,16
70787,1773.7,0.0,0.09,-0.036,0.053,0.998,3,16
70837,2136.8,291.0,0.09,-0.047,0.054,0.933,3,16
70887,2357.8,292.0,0.10,0.112,0.071,1.058,3,16
70937,2508.5,155.4,0.10,0.112,0.071,1.058,3,16
70998,2607.2,400.0,0.03,0.174,0.182,0.883,3,16
71048,2612.4,406.5,0.03,0.174,0.182,0.883,3,16
71098,2615.4,422.1,0.03,0.174,0.182,0.883,3,16
71148,2605.0,452.6,0.59,0.290,0.220,0.925,3,16
71198,2602.7,389.7,1.20,0.337,0.203,0.892,3,16
71248,2614.3,709.3,1.65,0.303,0.247,0.924,3,16
71298,2623.9,608.7,2.01,0.289,0.241,0.961,3,16
71348,2599.2,591.3,2.41,0.336,0.251,1.048,3,16
71398,2440.9,654.0,2.41,0.336,0.251,1.048,3,16
71448,2294.5,428.7,3.45,0.333,0.273,1.019,3,16
71499,2147.5,509.3,4.16,0.109,0.280,0.815,3,16
71550,2035.0,537.9,4.60,0.049,0.186,0.930,3,16
71599,2156.1,548.5,4.60,0.049,0.186,0.930,3,16
71649,2195.6,492.5,4.39,-0.183,0.040,1.129,3,16
71700,2264.2,565.9,4.39,-0.183,0.040,1.129,3,16
71749,2212.9,452.8,4.52,-0.330,0.097,1.289,3,16
71799,2199.4,546.3,3.66,-0.392,0.062,1.171,3,16
71850,2239.4,344.6,3.08,-0.351,0.094,1.000,3,16
71899,2266.5,469.6,2.80,-0.309,0.110,0.993,3,16
71949,2307.3,308.0,2.46,-0.163,0.135,0.784,3,16
72001,2405.2,372.5,2.46,-0.163,0.135,0.784,3,16
72050,2527.8,478.1,2.20,-0.056,0.107,0.708,3,15
72100,2641.7,636.5,2.68,0.054,0.070,0.912,3,15
72150,2755.2,437.6,2.67,0.092,0.060,0.976,3,16
72200,2848.3,758.0,2.58,0.120,0.051,1.217,3,16
72250,2912.1,821.2,2.29,0.125,-0.051,1.282,3,16
72300,2980.3,879.7,2.29,0.125,-0.051,1.282,3,16
72350,3126.1,997.9,2.68,0.027,0.057,1.278,3,15
72400,3214.7,1016.6,1.90,0.056,0.309,0.915,3,15
72450,3174.6,1005.7,2.03,0.080,0.311,0.802,3,16
72507,3186.7,1044.8,2.26,0.260,0.254,0.653,3,16
72557,3138.4,922.3,2.45,0.202,0.163,0.783,3,16
72607,3109.6,875.7,2.45,0.202,0.163,0.783,3,16
72657,3158.6,936.0,2.69,0.184,0.357,1.135,3,16
72707,3124.2,963.6,3.24,0.260,0.496,1.232,3,16
72757,3141.2,934.8,3.30,0.273,0.484,1.159,3,16
72807,3210.3,1062.8,3.66,0.268,0.440,0.916,3,16
72857,3225.3,1131.0,3.62,0.146,0.350,0.754,3,16
72907,3243.4,1199.6,3.62,0.146,0.350,0.754,3,16
72957,3254.5,1332.8,4.00,-0.020,0.202,0.875,3,16
73008,3140.5,1280.1,5.11,0.171,0.362,0.909,3,16
73059,3100.8,1090.0,3.70,0.212,0.191,0.820,3,16
73109,3069.8,1035.7,3.70,0.212,0.191,0.820,3,16
73158,3123.9,922.3,4.15,0.372,0.105,0.917,3,16
73208,3057.2,931.1,4.69,0.510,0.106,0.858,3,16
73258,3153.6,928.8,4.71,0.362,0.222,0.922,3,16
73308,3165.6,1030.9,5.55,0.328,0.387,1.040,3,15
73358,3138.6,1005.2,5.58,0.170,0.230,0.956,3,16
73408,3172.4,1033.8,5.58,0.170,0.230,0.956,3,16
73458,3074.4,982.8,5.28,0.101,0.218,0.822,3,16
73509,2921.7,956.0,5.75,0.122,0.219,0.799,3,16
73559,2870.7,929.8,6.16,0.215,0.262,1.093,3,16
73609,2875.8,914.2,6.63,0.182,0.224,1.143,3,16
73659,2816.1,914.7,6.05,-0.029,0.184,1.032,3,16
73709,2798.8,910.8,6.05,-0.029,0.184,1.032,3,16
73759,2811.8,963.6,5.46,0.030,0.086,0.853,3,16
73809,2812.7,871.8,5.51,0.052,0.113,0.782,3,16
73859,2798.1,909.0,5.76,0.099,0.167,0.824,3,16
73909,2802.3,897.3,5.91,0.204,0.046,0.904,3,16
73959,2716.5,900.6,5.90,0.221,-0.030,0.920,3,16
74010,2599.1,816.8,5.90,0.221,-0.030,0.920,3,16
74060,2466.7,777.8,5.93,0.125,-0.018,0.919,3,16
74110,2350.8,723.6,5.79,0.164,-0.008,1.131,3,16
74160,2260.8,694.8,6.17,0.072,-0.038,1.176,3,16
74210,2198.5,678.2,5.75,0.099,-0.074,0.895,3,16
74260,2161.8,671.9,5.45,0.117,-0.334,0.915,3,15
74310,2106.4,683.5,5.45,0.117,-0.334,0.915,3,15
74360,2077.4,722.5,5.55,0.044,-0.353,0.913,3,16
74410,2033.9,655.5,5.53,0.052,-0.252,0.906,3,16
74460,2013.9,690.8,5.64,0.017,-0.153,0.909,3,16
74511,1968.8,654.7,6.23,0.003,-0.218,1.076,3,16
74561,1920.3,605.7,5.94,-0.098,-0.190,0.955,3,16
74611,1881.3,559.9,5.94,-0.098,-0.190,0.955,3,16
74661,1845.7,565.1,5.84,-0.136,-0.133,1.082,3,16
74711,1853.0,561.4,5.92,-0.063,-0.122,1.134,3,16
74761,1828.3,564.8,5.74,-0.017,-0.160,1.154,3,16
74811,1797.8,536.8,5.37,-0.015,-0.317,0.778,3,16
74861,1778.7,506.0,5.14,-0.106,-0.241,0.642,3,16
74911,1781.6,501.3,5.14,-0.106,-0.241,0.642,3,16
74961,1769.7,505.7,4.75,0.076,-0.235,0.897,3,16
75012,1749.7,509.6,4.80,0.088,-0.334,1.259,3,16
75062,1747.1,507.5,4.80,0.088,-0.334,1.259,3,16
75112,1772.1,536.5,4.16,-0.068,-0.340,1.160,3,16
75162,1767.8,496.6,4.23,-0.137,-0.214,0.944,3,16
75212,1744.8,478.4,4.23,-0.137,-0.214,0.944,3,16
75262,1746.6,376.8,3.57,-0.118,-0.211,0.928,3,16
75312,1732.1,306.4,3.32,-0.070,-0.231,0.943,3,16
75362,1711.5,348.7,3.32,-0.070,-0.231,0.943,3,16
75412,1705.4,320.3,2.91,-0.006,-0.272,0.979,3,16
75462,1725.8,254.1,2.78,-0.244,-0.381,0.910,3,16
75513,1691.7,254.1,2.78,-0.244,-0.381,0.910,3,16
75563,1653.1,92.4,2.78,-0.244,-0.381,0.910,3,16
75613,1646.4,92.4,1.99,-0.814,-0.588,0.905,3,16
75663,1650.3,109.9,1.99,-0.814,-0.588,0.905,3,16
75713,1638.1,109.9,1.44,-0.531,-0.595,0.914,3,16
75763,1646.3,102.7,0.34,-0.154,-0.255,0.882,3,16
75813,1638.6,159.9,0.34,-0.154,-0.255,0.882,3,16
75863,1617.8,159.9,0.38,0.066,-0.265,0.922,3,16
75913,1635.6,151.9,0.36,0.106,-0.262,0.938,3,16
75963,1641.5,151.9,0.39,0.121,-0.290,0.925,3,16
76023,1625.9,88.3,0.71,0.153,-0.385,0.965,3,16
76073,1599.5,88.3,0.87,0.225,-0.395,0.989,3,15
76123,1614.6,88.3,0.87,0.225,-0.395,0.989,3,15
76173,1625.1,68.9,0.69,0.206,-0.316,0.877,3,15
76223,1610.5,68.9,0.66,0.200,-0.305,0.873,3,15
76274,1619.5,68.9,0.66,0.200,-0.305,0.873,3,15
76323,1627.4,68.9,0.50,0.194,-0.365,0.905,3,15
76373,1613.2,68.9,0.16,0.171,-0.362,0.926,3,16
76424,1619.3,68.9,0.16,0.171,-0.362,0.926,3,16
76473,1621.0,68.9,0.24,0.158,-0.333,0.938,3,16
76524,1604.9,68.9,0.27,0.140,-0.321,0.919,3,16
76575,1624.9,68.9,0.27,0.140,-0.321,0.919,3,16
76625,1631.4,68.9,0.24,0.121,-0.346,0.914,3,16
76675,1610.0,68.9,0.22,0.101,-0.360,0.928,3,16
76725,1635.4,68.9,0.22,0.101,-0.360,0.928,3,16
76775,1624.7,68.9,0.26,0.064,-0.343,0.938,3,16
76825,1603.9,68.9,0.34,0.013,-0.350,0.933,3,16
76875,1628.9,68.9,0.34,0.013,-0.350,0.933,3,16
76925,1649.6,68.9,0.06,0.019,-0.357,0.941,3,16
76975,1608.8,68.9,0.11,0.077,-0.351,0.919,3,16
77027,1624.6,68.9,0.11,0.077,-0.351,0.919,3,16
77076,1634.4,68.9,0.05,0.092,-0.345,0.917,3,16
77126,1620.4,0.0,0.04,0.110,-0.345,0.927,3,16
77178,1619.6,0.0,0.06,0.110,-0.346,0.929,3,16
77228,1645.5,0.0,0.08,0.105,-0.351,0.931,3,16
77278,1625.4,0.0,0.13,0.084,-0.351,0.927,3,16
77329,1625.2,0.0,0.13,0.084,-0.351,0.927,3,16
77378,1647.0,0.0,0.06,0.080,-0.348,0.926,3,16
77428,1629.6,0.0,0.10,0.089,-0.348,0.924,3,16
77479,1647.8,0.0,0.03,0.092,-0.347,0.928,3,16
77533,1658.7,0.0,0.04,0.091,-0.350,0.929,3,16
77583,1654.4,0.0,0.00,0.089,-0.351,0.921,3,16
77633,1635.7,0.0,0.00,0.089,-0.351,0.921,3,16
77683,1651.9,0.0,0.02,0.090,-0.348,0.917,3,16
77733,1640.8,0.0,0.04,0.086,-0.349,0.921,3,16
77783,1617.8,0.0,0.04,0.089,-0.348,0.924,3,16
77833,1637.8,0.0,0.05,0.090,-0.350,0.929,3,16
77883,1634.4,0.0,0.03,0.092,-0.350,0.929,3,16
77933,1614.6,0.0,0.03,0.092,-0.350,0.929,3,16
77983,1598.2,0.0,0.02,0.091,-0.347,0.927,3,16
78034,1625.3,0.0,0.10,0.090,-0.348,0.928,3,16
78084,1610.0,0.0,0.06,0.090,-0.349,0.929,3,16
78134,1609.4,0.0,0.06,0.089,-0.350,0.924,3,16
78184,1622.6,0.0,0.15,0.088,-0.349,0.925,3,16
78234,1602.1,0.0,0.15,0.088,-0.349,0.925,3,16
78284,1603.8,0.0,0.04,0.090,-0.349,0.927,3,16
78334,1616.9,0.0,0.06,0.088,-0.348,0.922,3,16
78384,1596.5,0.0,0.04,0.090,-0.350,0.922,3,16
78434,1607.1,0.0,0.06,0.090,-0.347,0.921,3,16
78484,1622.5,0.0,0.06,0.089,-0.347,0.930,3,16
78535,1603.0,0.0,0.06,0.089,-0.347,0.930,3,16
78585,1627.2,0.0,0.07,0.092,-0.347,0.930,3,16
78635,1659.1,0.0,0.12,0.090,-0.347,0.928,3,16
78685,1663.7,0.0,0.06,0.090,-0.350,0.930,3,16
78735,1645.2,0.0,0.10,0.091,-0.347,0.929,3,16
78785,1661.1,0.0,0.05,0.091,-0.348,0.926,3,16
78835,1659.9,0.0,0.05,0.091,-0.348,0.926,3,16
78885,1641.3,0.0,0.04,0.089,-0.348,0.925,3,16
78935,1661.0,0.0,0.03,0.089,-0.351,0.928,3,16
78985,1666.1,0.0,0.01,0.087,-0.352,0.915,3,16
79036,1649.2,0.0,0.03,0.086,-0.350,0.917,3,16
79086,1640.4,0.0,0.03,0.090,-0.347,0.919,3,16
79136,1632.4,0.0,0.03,0.090,-0.347,0.919,3,16
79186,1669.2,0.0,0.07,0.091,-0.346,0.921,3,16
79236,1641.6,0.0,0.05,0.092,-0.351,0.930,3,16
79286,1672.1,0.0,0.04,0.091,-0.351,0.930,3,16
79336,1658.1,0.0,0.05,0.088,-0.348,0.927,3,16
79386,1658.9,0.0,0.07,0.091,-0.348,0.926,3,16
79436,1673.5,0.0,0.07,0.091,-0.348,0.926,3,16
79486,1677.3,0.0,0.03,0.092,-0.348,0.925,3,16
79537,1660.9,0.0,0.05,0.091,-0.349,0.926,3,16
79587,1678.5,0.0,0.09,0.091,-0.349,0.934,3,16
79637,1673.9,0.0,0.09,0.091,-0.345,0.928,3,16
79687,1653.7,0.0,0.10,0.092,-0.350,0.937,3,16
79737,1645.4,0.0,0.10,0.092,-0.350,0.937,3,16
79787,1659.1,0.0,0.12,0.088,-0.350,0.912,3,16
79837,1638.5,0.0,0.08,0.090,-0.348,0.917,3,16
79887,1631.4,0.0,0.09,0.091,-0.348,0.923,3,16
79937,1687.9,0.0,0.08,0.090,-0.345,0.930,3,16
79987,1636.2,0.0,0.08,0.091,-0.350,0.933,3,16
80038,1651.0,0.0,0.10,0.093,-0.346,0.936,3,16
80088,1674.9,0.0,0.10,0.093,-0.346,0.936,3,16
80138,1677.2,0.0,0.10,0.083,-0.353,0.918,3,16
80188,1651.9,0.0,0.14,0.085,-0.354,0.915,3,16
80238,1664.2,0.0,0.14,0.085,-0.354,0.915,3,16
80288,1666.9,0.0,0.10,0.096,-0.345,0.915,3,16
80338,1647.9,0.0,0.10,0.096,-0.345,0.915,3,16
80388,1653.7,68.9,0.05,0.093,-0.345,0.934,3,16
80438,1664.8,68.9,0.13,0.090,-0.348,0.922,3,16
80488,1643.2,68.9,0.10,0.103,-0.348,0.915,3,16
80546,1643.5,68.9,0.10,0.103,-0.348,0.915,3,16
80595,1664.3,68.9,0.11,0.096,-0.353,0.919,3,15
80645,1674.2,68.9,0.14,0.090,-0.350,0.916,3,15
80697,1659.3,68.9,0.14,0.090,-0.350,0.916,3,15
80746,1676.4,68.9,0.02,0.092,-0.355,0.938,3,15
80796,1680.7,68.9,0.05,0.080,-0.346,0.928,3,15
80847,1663.9,68.9,0.05,0.080,-0.346,0.928,3,15
80896,1648.1,68.9,0.10,0.072,-0.347,0.920,3,15
80946,1659.1,68.9,0.04,0.085,-0.352,0.925,3,16
80997,1640.1,68.9,0.04,0.085,-0.352,0.925,3,16
81049,1626.3,68.9,0.09,0.100,-0.348,0.912,3,16
81099,1655.9,68.9,0.09,0.099,-0.353,0.929,3,16
81149,1653.3,68.9,0.09,0.099,-0.353,0.929,3,16
81199,1632.9,68.9,0.06,0.093,-0.345,0.950,3,16
81249,1654.0,68.9,0.15,0.086,-0.345,0.927,3,16
81299,1650.9,68.9,0.03,0.085,-0.351,0.925,3,16
81349,1631.2,68.9,0.03,0.087,-0.359,0.924,3,16
81399,1659.1,0.0,0.09,0.093,-0.352,0.919,3,16
81449,1660.5,0.0,0.09,0.093,-0.352,0.919,3,16
81499,1640.5,0.0,0.07,0.095,-0.348,0.934,3,16
81550,1655.1,0.0,0.07,0.090,-0.346,0.924,3,16
81601,1667.7,0.0,0.09,0.092,-0.348,0.929,3,16
81650,1647.2,0.0,0.11,0.091,-0.352,0.922,3,16
81700,1664.7,0.0,0.02,0.090,-0.348,0.915,3,16
81751,1713.9,0.0,0.02,0.090,-0.348,0.915,3,16
81800,1778.5,0.0,0.06,0.086,-0.347,0.914,3,16
81850,1791.9,0.0,0.02,0.088,-0.342,0.926,3,16
81901,2005.5,0.0,0.04,0.100,-0.350,0.938,3,16
81950,2202.4,0.0,0.04,0.092,-0.346,0.960,3,16
82000,2321.6,0.0,0.13,0.087,-0.346,0.895,3,16
82051,2240.0,477.9,0.13,0.087,-0.346,0.895,3,16
82101,2239.2,204.8,0.11,0.117,-0.354,0.928,3,16
82151,2240.9,175.9,0.22,0.279,-0.356,0.926,3,16
82201,2289.2,175.9,0.28,0.315,-0.356,0.929,3,16
82251,2301.7,117.3,0.40,0.297,-0.316,0.890,3,16
82301,2296.7,230.7,0.54,0.256,-0.279,0.976,3,16
82351,2303.8,120.4,0.54,0.256,-0.279,0.976,3,16
82401,2296.1,120.4,1.06,0.133,-0.330,0.891,3,16
82451,2312.7,179.3,1.30,-0.020,-0.357,0.905,3,16
82501,2361.6,179.3,1.15,-0.104,-0.380,0.962,3,16
82558,2467.8,2296.7,0.82,-0.216,-0.389,0.912,3,16
82608,2576.9,2296.7,0.19,-0.115,-0.425,0.952,3,16
82658,2614.4,2296.7,0.32,0.002,-0.344,0.896,3,16
82708,2610.5,2296.7,0.32,0.002,-0.344,0.896,3,16
82758,2579.8,2296.7,0.27,0.193,-0.289,0.924,3,16
82808,2591.0,2296.7,0.04,0.268,-0.316,0.955,3,16
82858,2601.3,2296.7,0.14,0.199,-0.331,0.893,3,16
82908,2602.8,2296.7,0.11,0.205,-0.372,0.913,3,16
82958,2615.1,2296.7,0.06,0.117,-0.379,0.893,3,16
83008,2668.4,2296.7,0.06,0.117,-0.379,0.893,3,16
83060,2728.1,2296.7,0.07,0.099,-0.368,0.898,3,16
83110,2833.1,17.1,0.05,0.130,-0.363,0.933,3,16
83160,2921.7,17.1,0.12,0.036,-0.358,0.910,3,16
83210,2964.1,111.7,0.01,0.163,-0.342,0.911,3,16
83260,3026.5,424.7,0.11,0.175,-0.334,0.930,3,16
83310,3060.0,855.5,0.11,0.175,-0.334,0.930,3,16
83360,3072.7,796.9,0.14,0.114,-0.380,0.982,3,16
83410,3102.5,828.5,0.09,0.139,-0.375,0.958,3,16
83460,3194.2,1008.2,0.06,0.210,-0.393,0.948,3,16
83510,3225.1,1041.8,0.08,0.088,-0.286,0.954,3,16
83561,3250.3,1115.6,0.30,0.050,-0.322,0.879,3,15
83611,3357.6,1002.1,0.30,0.050,-0.322,0.879,3,15
83661,3283.2,1000.5,0.17,0.084,-0.322,0.841,3,16
83711,3337.2,903.1,0.30,0.188,-0.311,0.929,3,16
83761,3262.5,868.4,0.29,0.271,-0.289,0.915,3,16
83811,3264.4,952.6,0.19,0.330,-0.320,0.987,3,15
83861,3315.5,988.4,0.21,0.326,-0.354,0.992,3,16
83911,3311.4,1005.8,0.21,0.326,-0.354,0.992,3,16
83961,3396.9,1112.0,0.30,0.138,-0.378,0.887,3,16
84011,3424.1,1177.4,0.20,0.139,-0.388,0.894,3,16
84062,3415.5,1147.8,0.15,0.073,-0.297,0.751,3,16
84112,3459.6,1274.5,0.19,0.161,-0.287,0.837,3,16
84162,3419.4,1204.2,0.18,0.203,-0.284,0.908,3,15
84212,3419.8,1209.8,0.18,0.203,-0.284,0.908,3,15
84262,3353.5,1141.0,0.18,0.203,-0.284,0.908,3,15
84312,3395.4,1206.1,0.23,0.228,-0.285,0.966,3,15
84362,3395.4,1219.8,0.32,0.360,-0.288,0.907,3,15
84412,3352.5,1216.1,0.11,0.291,-0.287,0.898,3,15
84462,3435.2,1319.8,0.10,0.115,-0.300,0.898,3,16
84512,3382.2,1261.4,0.10,0.115,-0.300,0.898,3,16
84563,3431.9,1332.1,0.03,0.269,-0.316,0.972,3,15
84613,3353.1,1286.0,0.14,0.320,-0.306,0.943,3,15
84663,3356.6,1362.4,0.17,0.318,-0.297,0.905,3,15
84713,3397.1,1351.2,0.17,0.349,-0.248,0.888,3,15
84763,3335.9,1286.3,0.09,0.290,-0.282,0.915,3,15
84813,3402.1,1359.1,0.09,0.290,-0.282,0.915,3,15
84863,3344.5,1350.6,0.00,0.296,-0.297,0.923,3,15
84913,3350.6,1369.1,0.00,0.297,-0.334,0.938,3,15
84963,3353.8,1354.1,0.14,0.254,-0.340,0.881,3,15
85013,3312.5,1339.8,0.05,0.282,-0.289,0.921,3,15
85064,3335.7,1409.8,0.16,0.342,-0.267,0.925,3,15
85114,3221.5,1309.2,0.16,0.342,-0.267,0.925,3,15
85164,2933.0,1126.5,0.16,0.234,-0.260,0.875,3,15
85214,2736.7,1038.1,0.11,0.252,-0.325,0.879,3,15
85264,2554.7,844.5,0.30,0.208,-0.343,0.884,3,15
85314,2371.3,678.4,0.25,0.261,-0.281,0.925,3,15
85364,2229.1,575.8,0.02,0.279,-0.288,0.905,3,15
85414,2119.8,575.8,0.02,0.279,-0.288,0.905,3,15
85464,2002.7,575.8,0.10,0.249,-0.274,0.857,3,15
85514,1986.0,68.3,0.14,0.197,-0.311,0.911,3,15
85571,1915.8,118.6,0.20,0.217,-0.318,0.883,3,15
85620,1860.2,118.6,0.13,0.159,-0.346,0.895,3,15
85670,1829.2,118.6,0.13,0.180,-0.268,0.843,3,16
85720,1797.4,83.1,0.13,0.180,-0.268,0.843,3,16
85770,1796.8,83.1,0.02,0.234,-0.321,0.935,3,16
85820,1758.2,83.1,0.08,0.265,-0.323,0.975,3,16
85870,1723.2,83.1,0.08,0.265,-0.323,0.975,3,16
85920,1735.3,83.1,0.19,0.311,-0.318,0.965,3,16
85970,1736.1,83.1,0.24,0.322,-0.297,0.906,3,16
86020,1719.2,83.1,0.24,0.322,-0.297,0.906,3,16
86077,1714.9,83.1,0.18,0.310,-0.298,0.903,3,16
86127,1729.9,83.1,0.18,0.310,-0.298,0.903,3,16
86178,1722.3,83.1,0.14,0.257,-0.303,0.926,3,16
86228,1701.5,83.1,0.14,0.257,-0.303,0.926,3,16
86278,1706.4,83.1,0.10,0.202,-0.335,0.908,3,16
86330,1722.9,83.1,0.10,0.202,-0.335,0.908,3,16
86379,1730.5,83.1,0.02,0.169,-0.343,0.906,3,16
86429,1716.0,83.1,0.08,0.202,-0.332,0.934,3,16
86480,1722.9,83.1,0.12,0.227,-0.324,0.907,3,16
86530,1724.9,83.1,0.12,0.227,-0.324,0.907,3,16
86581,1709.7,83.1,0.09,0.227,-0.320,0.918,3,16
86631,1702.6,83.1,0.09,0.227,-0.320,0.918,3,16
86681,1728.9,0.0,0.07,0.217,-0.326,0.929,3,16
86731,1734.2,0.0,0.12,0.209,-0.327,0.927,3,15
86781,1717.2,0.0,0.12,0.209,-0.327,0.927,3,15
86831,1712.4,0.0,0.12,0.209,-0.327,0.927,3,15
86881,1729.1,0.0,0.04,0.203,-0.332,0.902,3,15
86932,1710.9,0.0,0.04,0.203,-0.332,0.902,3,15
86981,1728.8,0.0,0.08,0.214,-0.327,0.904,3,16
87031,1733.3,0.0,0.12,0.218,-0.321,0.895,3,16
87082,1730.6,0.0,0.08,0.207,-0.330,0.906,3,16
87132,1713.2,0.0,0.08,0.207,-0.330,0.906,3,16
87182,1721.4,0.0,0.02,0.217,-0.325,0.926,3,16
87232,1727.4,0.0,0.02,0.217,-0.325,0.926,3,16
87282,1704.4,0.0,0.02,0.214,-0.331,0.900,3,16
87332,1716.0,0.0,0.10,0.217,-0.319,0.902,3,16
87383,1732.7,0.0,0.06,0.212,-0.321,0.915,3,16
87433,1726.1,0.0,0.12,0.214,-0.323,0.914,3,15
87483,1705.1,0.0,0.03,0.213,-0.329,0.931,3,15
87533,1714.6,0.0,0.03,0.213,-0.329,0.931,3,15
87584,1739.2,0.0,0.03,0.211,-0.321,0.887,3,15
87634,1735.9,0.0,0.06,0.207,-0.324,0.906,3,15
87684,1715.5,0.0,0.03,0.216,-0.324,0.907,3,15
87734,1735.9,0.0,0.04,0.206,-0.336,0.935,3,15
87784,1736.2,0.0,0.04,0.206,-0.336,0.935,3,15
87834,1718.1,0.0,0.04,0.206,-0.336,0.935,3,15
87884,1732.8,0.0,0.08,0.219,-0.322,0.883,3,16
87934,1739.0,0.0,0.11,0.206,-0.319,0.893,3,16
87984,1732.9,0.0,0.08,0.207,-0.324,0.941,3,16
88034,1714.8,0.0,0.07,0.204,-0.329,0.933,3,16
88085,1714.1,0.0,0.13,0.214,-0.336,0.909,3,16
88135,1730.5,0.0,0.13,0.214,-0.336,0.909,3,16
88185,1715.4,0.0,0.13,0.227,-0.319,0.907,3,16
88235,1708.1,0.0,0.12,0.206,-0.321,0.926,3,16
88285,1725.2,0.0,0.03,0.208,-0.336,0.917,3,16
88335,1725.2,0.0,0.06,0.206,-0.341,0.916,3,16
88385,1707.5,0.0,0.13,0.211,-0.319,0.895,3,16
88435,1717.9,0.0,0.13,0.211,-0.319,0.895,3,16
88485,1737.4,0.0,0.06,0.213,-0.323,0.937,3,16
88535,1720.4,0.0,0.02,0.215,-0.322,0.914,3,16
88586,1723.0,0.0,0.13,0.212,-0.336,0.926,3,16
88636,1744.6,0.0,0.13,0.212,-0.336,0.926,3,16
88686,1751.4,0.0,0.06,0.213,-0.323,0.887,3,16
88736,1735.6,0.0,0.06,0.213,-0.323,0.887,3,16
88786,1727.9,0.0,0.16,0.215,-0.320,0.928,3,16
88836,1756.8,0.0,0.06,0.210,-0.333,0.935,3,16
88886,1752.8,0.0,0.03,0.213,-0.333,0.890,3,16
88936,1732.5,0.0,0.08,0.210,-0.329,0.904,3,16
88986,1756.5,0.0,0.07,0.212,-0.325,0.930,3,16
89036,1756.5,0.0,0.07,0.212,-0.325,0.930,3,16
89087,1756.5,0.0,0.03,0.212,-0.323,0.933,3,16
89137,1756.5,0.0,0.09,0.210,-0.332,0.909,3,16
89187,1756.5,0.0,0.12,0.214,-0.330,0.891,3,16
89237,1756.5,0.0,0.05,0.217,-0.321,0.912,3,16
89287,1756.5,0.0,0.10,0.209,-0.326,0.914,3,16
89337,1756.5,0.0,0.10,0.209,-0.326,0.914,3,16
89387,1756.5,0.0,0.10,0.209,-0.326,0.914,3,16
89437,1756.5,0.0,0.15,0.215,-0.328,0.921,3,16
89487,1756.5,0.0,0.12,0.218,-0.329,0.921,3,16
89537,1756.5,0.0,0.19,0.209,-0.327,0.910,3,16
89588,1756.5,0.0,0.19,0.209,-0.327,0.910,3,16
89638,1756.5,0.0,0.09,0.208,-0.330,0.904,3,16
89688,1756.5,0.0,0.09,0.208,-0.330,0.904,3,16
89738,1756.5,0.0,0.07,0.206,-0.330,0.907,3,16
89788,1756.5,0.0,0.13,0.204,-0.331,0.916,3,16
89838,1756.5,0.0,0.13,0.204,-0.331,0.916,3,16
89888,1756.5,0.0,0.06,0.216,-0.319,0.907,3,16
89938,1756.5,0.0,0.15,0.226,-0.324,0.921,3,16
89988,1756.5,0.0,0.15,0.226,-0.324,0.921,3,16
90038,1756.5,0.0,0.08,0.219,-0.331,0.920,3,16
90089,1756.5,0.0,0.11,0.219,-0.333,0.918,3,16
90139,1756.5,0.0,0.11,0.219,-0.333,0.918,3,16
90189,1756.5,0.0,0.06,0.222,-0.327,0.909,3,15
90239,1756.5,0.0,0.06,0.222,-0.327,0.909,3,15
90289,1756.5,0.0,0.04,0.222,-0.331,0.913,3,15
90339,1756.5,0.0,0.10,0.224,-0.322,0.903,3,15
90389,1756.5,0.0,0.08,0.217,-0.320,0.926,3,15
90439,1756.5,0.0,0.08,0.217,-0.320,0.926,3,15
90489,0.0,0.0,0.11,0.217,-0.328,0.905,3,15
90539,0.0,0.0,0.11,0.217,-0.328,0.905,3,15
90596,0.0,0.0,0.06,0.220,-0.329,0.923,3,15
90646,0.0,0.0,0.07,0.217,-0.325,0.922,3,16
90696,0.0,0.0,0.03,0.215,-0.325,0.908,3,16
90748,0.0,0.0,0.03,0.215,-0.325,0.908,3,16
90797,0.0,0.0,0.04,0.217,-0.329,0.910,3,16
90847,0.0,0.0,0.05,0.217,-0.327,0.907,3,16
90898,0.0,83.1,0.05,0.217,-0.327,0.907,3,16
90947,0.0,83.1,0.08,0.216,-0.328,0.915,3,16
90997,0.0,83.1,0.06,0.209,-0.328,0.911,3,16
91048,0.0,83.1,0.06,0.209,-0.328,0.911,3,16
91100,0.0,83.1,0.03,0.218,-0.330,0.913,3,16
91150,0.0,83.1,0.09,0.228,-0.320,0.914,3,16
91200,0.0,83.1,0.04,0.225,-0.321,0.910,3,16
91250,0.0,83.1,0.06,0.215,-0.326,0.909,3,16
91300,0.0,83.1,0.13,0.217,-0.335,0.911,3,16
91350,0.0,83.1,0.13,0.217,-0.335,0.911,3,16
91400,0.0,83.1,0.06,0.218,-0.327,0.914,3,16
91450,0.0,83.1,0.07,0.216,-0.320,0.913,3,16
91500,0.0,83.1,0.14,0.217,-0.324,0.913,3,16
91550,0.0,83.1,0.07,0.217,-0.328,0.913,3,16
91601,0.0,83.1,0.12,0.217,-0.329,0.912,3,16
91652,0.0,83.1,0.12,0.217,-0.329,0.912,3,16
91701,0.0,83.1,0.12,0.216,-0.328,0.913,3,16
91751,0.0,83.1,0.06,0.219,-0.328,0.913,3,16
91802,0.0,83.1,0.14,0.219,-0.327,0.912,3,16
91851,0.0,83.1,0.22,0.217,-0.325,0.913,3,16
91901,0.0,0.0,0.03,0.213,-0.328,0.913,3,16
91952,0.0,0.0,0.03,0.213,-0.328,0.913,3,16
92001,0.0,0.0,0.10,0.214,-0.327,0.912,3,16
92051,0.0,0.0,0.15,0.215,-0.327,0.912,3,16
92102,0.0,0.0,0.01,0.214,-0.327,0.913,3,16
92152,0.0,0.0,0.11,0.213,-0.327,0.912,3,16
92202,0.0,0.0,0.11,0.216,-0.328,0.913,3,16
92252,0.0,0.0,0.11,0.216,-0.328,0.913,3,16
92302,0.0,0.0,0.19,0.219,-0.330,0.913,3,16
92352,0.0,0.0,0.09,0.217,-0.330,0.913,3,16
92402,0.0,0.0,0.12,0.215,-0.329,0.913,3,16
92452,0.0,0.0,0.09,0.215,-0.329,0.914,3,16
92502,0.0,0.0,0.08,0.215,-0.327,0.912,3,16
92552,0.0,0.0,0.08,0.215,-0.327,0.912,3,16
92609,0.0,0.0,0.08,0.216,-0.326,0.913,3,16
92659,0.0,0.0,0.12,0.219,-0.327,0.912,3,16
92709,0.0,0.0,0.02,0.221,-0.330,0.913,3,16
92759,0.0,0.0,0.08,0.220,-0.330,0.912,3,16
92809,0.0,0.0,0.17,0.213,-0.331,0.912,3,16
92859,0.0,0.0,0.17,0.213,-0.331,0.912,3,16
92909,0.0,0.0,0.12,0.216,-0.331,0.911,3,16
92959,0.0,0.0,0.15,0.222,-0.330,0.912,3,16
93009,0.0,0.0,0.03,0.221,-0.330,0.913,3,16
93059,0.0,0.0,0.13,0.219,-0.330,0.915,3,16
93110,0.0,0.0,0.03,0.210,-0.325,0.917,3,16
93160,0.0,0.0,0.09,0.207,-0.325,0.913,3,16
93211,0.0,0.0,0.09,0.207,-0.325,0.913,3,16
93260,0.0,0.0,0.12,0.210,-0.328,0.912,3,16
93310,0.0,0.0,0.14,0.213,-0.329,0.910,3,16
93361,0.0,0.0,0.06,0.214,-0.328,0.910,3,16
93410,0.0,0.0,0.13,0.214,-0.329,0.913,3,16
93460,0.0,0.0,0.17,0.214,-0.328,0.913,3,16
93511,0.0,0.0,0.17,0.214,-0.328,0.913,3,16
93560,0.0,0.0,0.10,0.213,-0.327,0.915,3,16
93611,0.0,0.0,0.13,0.212,-0.326,0.915,3,16
93661,0.0,0.0,0.19,0.212,-0.328,0.914,3,16
93711,0.0,0.0,0.05,0.214,-0.330,0.912,3,16
93761,0.0,0.0,0.03,0.216,-0.330,0.916,3,16
93811,0.0,0.0,0.03,0.216,-0.330,0.916,3,16
93861,0.0,0.0,0.16,0.214,-0.329,0.914,3,16
93911,0.0,0.0,0.11,0.211,-0.327,0.914,3,16
93961,0.0,0.0,0.09,0.210,-0.326,0.917,3,16
94011,0.0,0.0,0.06,0.212,-0.326,0.917,3,16
94061,0.0,0.0,0.08,0.215,-0.331,0.906,3,16
94112,0.0,0.0,0.08,0.215,-0.331,0.906,3,16
94162,0.0,0.0,0.25,0.218,-0.327,0.910,3,16
94212,0.0,0.0,0.15,0.216,-0.326,0.916,3,16
94262,0.0,0.0,0.19,0.210,-0.326,0.914,3,16
94312,0.0,0.0,0.13,0.212,-0.330,0.915,3,16
94362,0.0,0.0,0.08,0.227,-0.334,0.957,3,16
94412,0.0,0.0,0.08,0.227,-0.334,0.957,3,16
94462,0.0,0.0,0.13,0.238,-0.330,1.017,3,16
94512,0.0,0.0,0.17,0.240,-0.316,1.042,3,16
94562,0.0,0.0,0.20,0.236,-0.293,1.058,3,16
94613,0.0,0.0,0.30,0.231,-0.224,0.991,3,16
94663,0.0,0.0,0.30,0.223,-0.286,0.852,3,16
94713,0.0,0.0,0.30,0.223,-0.286,0.852,3,16
94763,0.0,0.0,0.19,0.235,-0.367,0.850,3,16
94813,0.0,0.0,0.17,0.233,-0.379,0.813,3,15
94863,0.0,0.0,0.23,0.242,-0.362,0.834,3,15
94913,0.0,0.0,0.13,0.273,-0.346,0.827,3,15
94963,0.0,0.0,0.27,0.283,-0.319,0.893,3,16
95013,0.0,0.0,0.27,0.283,-0.319,0.893,3,16
95063,0.0,0.0,0.22,0.291,-0.304,0.905,3,16
95114,0.0,0.0,0.03,0.298,-0.290,0.901,3,16
95164,0.0,0.0,0.03,0.308,-0.277,0.878,3,16
95214,0.0,0.0,0.27,0.319,-0.268,0.890,3,16
95264,0.0,0.0,0.08,0.321,-0.273,0.856,3,16
95314,0.0,0.0,0.08,0.321,-0.273,0.856,3,16
95364,0.0,0.0,0.08,0.302,-0.308,0.858,3,16
95414,0.0,0.0,0.08,0.302,-0.308,0.858,3,16
95464,0.0,0.0,0.08,0.302,-0.308,0.858,3,16
95514,0.0,0.0,0.15,0.280,-0.330,0.886,3,16
95564,0.0,0.0,0.06,0.258,-0.347,0.871,3,16
95625,0.0,0.0,0.06,0.258,-0.347,0.871,3,16
95674,0.0,0.0,0.47,0.260,-0.314,0.941,3,16
95724,0.0,0.0,0.46,0.242,-0.244,0.995,3,15
95775,0.0,0.0,0.46,0.242,-0.244,0.995,3,15
95824,0.0,0.0,0.19,0.179,-0.297,0.943,3,15
95874,0.0,83.1,0.34,0.173,-0.316,0.944,3,16
95925,0.0,83.1,0.45,0.172,-0.303,0.953,3,16
95974,0.0,83.1,0.41,0.176,-0.286,0.963,3,16
96024,0.0,78.6,0.44,0.185,-0.268,0.957,3,16
96074,0.0,110.8,0.44,0.185,-0.268,0.957,3,16
96126,0.0,110.8,0.88,0.194,-0.275,0.914,3,16
96176,0.0,142.1,1.03,0.192,-0.261,0.867,3,16
96226,0.0,152.3,1.03,0.192,-0.261,0.867,3,16
96276,0.0,193.1,0.74,0.188,-0.250,0.836,3,16
96326,0.0,200.7,0.60,0.152,-0.247,0.806,3,16
96377,0.0,190.1,0.60,0.152,-0.247,0.806,3,16
96426,0.0,205.7,1.32,0.162,-0.284,0.857,3,16
96476,0.0,214.1,1.09,0.172,-0.343,0.980,3,16
96527,0.0,181.5,0.80,0.178,-0.321,1.045,3,16
96576,0.0,210.5,0.65,0.135,-0.295,1.020,3,16
96627,0.0,277.9,1.03,0.089,-0.258,0.941,3,16
96677,0.0,227.0,1.03,0.089,-0.258,0.941,3,16
96727,0.0,214.7,1.90,0.124,-0.227,0.968,3,16
96777,0.0,249.8,1.78,0.199,-0.261,1.063,3,16
96828,0.0,280.3,1.78,0.199,-0.261,1.063,3,16
96877,0.0,259.8,1.67,0.178,-0.280,1.003,3,16
96927,0.0,257.5,2.26,0.148,-0.237,0.904,3,16
96977,0.0,284.1,2.26,0.148,-0.237,0.904,3,16
97027,0.0,292.8,1.79,0.196,-0.249,0.862,3,16
97077,0.0,305.2,1.81,0.216,-0.178,0.831,3,16
97128,0.0,234.8,1.74,0.234,-0.213,0.875,3,16
97178,0.0,234.8,1.88,0.320,-0.401,0.991,3,16
97228,0.0,165.8,1.30,0.299,-0.501,1.022,3,16
97280,0.0,259.9,1.30,0.299,-0.501,1.022,3,16
97330,0.0,193.4,1.21,0.146,-0.221,0.896,3,16
97380,0.0,193.4,1.74,0.160,-0.241,0.972,3,16
97430,0.0,169.3,1.74,0.160,-0.241,0.972,3,16
97480,0.0,210.0,1.83,0.145,-0.270,0.957,3,16
97530,0.0,247.3,1.59,0.075,-0.234,0.889,3,16
97580,0.0,300.0,1.59,0.075,-0.234,0.889,3,16
97634,0.0,259.4,1.24,-0.028,-0.230,0.856,3,16
97684,0.0,223.1,1.56,-0.080,-0.222,0.835,3,16
97734,0.0,340.0,1.68,-0.027,-0.265,0.912,3,16
97784,0.0,314.9,1.93,0.015,-0.328,0.997,3,16
97834,0.0,291.9,1.79,0.001,-0.384,1.012,3,16
97884,0.0,318.8,1.79,0.001,-0.384,1.012,3,16
97934,0.0,332.4,1.79,0.001,-0.384,1.012,3,16
97984,0.0,265.0,2.17,0.050,-0.286,1.032,3,16
98034,0.0,313.9,2.17,0.050,-0.286,1.032,3,16
98084,0.0,290.4,1.96,0.117,-0.220,1.073,3,16
98135,0.0,302.8,2.53,0.053,-0.340,0.942,3,16
98185,0.0,296.7,2.45,0.032,-0.331,0.829,3,16
98235,0.0,323.2,2.45,0.032,-0.331,0.829,3,16
98285,0.0,301.1,2.25,0.103,-0.208,0.970,3,16
98335,0.0,272.6,2.30,0.151,-0.191,1.057,3,16
98385,0.0,301.8,2.26,0.165,-0.189,1.054,3,16
98435,0.0,292.3,2.23,0.109,-0.172,0.914,3,16
98485,0.0,278.3,2.33,0.048,-0.185,0.870,3,16
98535,0.0,264.7,2.33,0.048,-0.185,0.870,3,16
98585,0.0,244.4,2.09,0.125,-0.242,0.990,3,15
98636,0.0,221.3,2.09,0.125,-0.242,0.990,3,15
98686,0.0,199.6,2.01,0.190,-0.259,1.054,3,15
98736,0.0,194.4,2.11,0.198,-0.228,1.083,3,16
98786,0.0,177.2,1.63,0.145,-0.213,1.012,3,16
98836,0.0,168.6,1.63,0.145,-0.213,1.012,3,16
98886,0.0,164.0,1.70,0.133,-0.227,0.940,3,16
98936,0.0,164.0,1.80,0.117,-0.230,0.925,3,16
98986,0.0,163.9,1.76,0.088,-0.235,0.910,3,16
99036,0.0,150.5,1.51,0.072,-0.262,0.929,3,16
99086,0.0,145.0,1.53,0.112,-0.323,0.928,3,16
99137,0.0,187.6,1.53,0.112,-0.323,0.928,3,16
99187,0.0,187.6,1.23,0.100,-0.307,0.908,3,16
99237,0.0,179.0,1.25,0.079,-0.291,0.926,3,16
99287,0.0,183.9,1.25,0.079,-0.291,0.926,3,16
99337,0.0,172.5,1.34,0.073,-0.292,0.962,3,16
99387,0.0,168.7,1.20,0.035,-0.245,0.929,3,16
99437,0.0,205.3,1.20,0.035,-0.245,0.929,3,16
99487,0.0,233.5,1.35,-0.044,-0.150,0.909,3,16
99537,0.0,266.9,1.57,-0.069,-0.107,0.907,3,16
99587,0.0,312.3,1.69,-0.075,-0.067,0.926,3,16
99638,0.0,279.3,1.87,-0.054,-0.090,0.981,3,16
99688,0.0,298.5,1.85,-0.082,-0.165,0.955,3,16
99738,0.0,326.8,1.85,-0.082,-0.165,0.955,3,16
99788,0.0,293.7,2.27,-0.029,-0.205,0.972,3,16
99838,0.0,309.1,2.23,0.040,-0.221,1.017,3,16
99888,0.0,304.1,2.35,0.076,-0.208,1.046,3,16
99938,0.0,308.4,2.51,0.077,-0.191,1.043,3,16
99988,0.0,344.4,2.71,0.037,-0.163,0.956,3,16
100038,0.0,301.0,2.71,0.037,-0.163,0.956,3,16
100088,0.0,283.1,2.74,0.066,-0.194,0.980,3,16
100139,0.0,317.9,2.64,0.129,-0.274,0.991,3,16
100189,0.0,315.3,2.64,0.129,-0.274,0.991,3,16
100239,0.0,276.3,2.56,0.137,-0.288,1.012,3,16
100289,0.0,265.6,2.19,0.147,-0.253,1.006,3,16
100339,0.0,282.0,2.19,0.147,-0.253,1.006,3,16
100389,0.0,291.4,1.89,0.115,-0.248,0.889,3,16
100439,0.0,272.7,1.62,0.074,-0.224,0.834,3,16
100489,0.0,301.8,1.62,0.074,-0.224,0.834,3,16
100539,0.0,313.9,2.42,0.034,-0.206,0.814,3,16
100589,0.0,344.5,2.56,-0.019,-0.198,0.833,3,16
100640,0.0,307.0,2.56,-0.019,-0.198,0.833,3,16
100690,0.0,318.3,2.31,0.004,-0.311,1.031,3,16
100740,0.0,282.1,2.15,0.041,-0.334,1.153,3,16
100790,0.0,258.1,2.06,0.037,-0.376,1.158,3,16
100840,0.0,274.4,1.69,-0.007,-0.270,0.989,3,16
100890,0.0,323.9,1.83,-0.056,-0.289,0.817,3,16
100940,0.0,337.5,1.83,-0.056,-0.289,0.817,3,16
100990,0.0,295.7,2.44,0.050,-0.309,0.965,3,15
101040,0.0,274.6,2.60,0.115,-0.289,1.047,3,16
101090,0.0,331.2,2.60,0.115,-0.289,1.047,3,16
101151,0.0,340.6,2.18,0.110,-0.289,1.016,3,16
101201,0.0,304.4,2.15,0.020,-0.340,0.894,3,16
101251,0.0,304.7,2.06,0.005,-0.320,0.881,3,16
101301,0.0,362.5,2.04,0.013,-0.247,0.910,3,16
101351,0.0,373.5,2.57,-0.038,-0.171,0.852,3,16
101401,0.0,447.4,2.57,-0.038,-0.171,0.852,3,16
101451,0.0,311.0,2.69,-0.025,-0.263,0.972,3,16
101501,0.0,264.3,2.32,-0.022,-0.380,1.096,3,16
101551,0.0,381.3,2.33,-0.045,-0.432,1.086,3,16
101601,0.0,353.6,2.40,-0.065,-0.415,1.027,3,16
101652,0.0,256.5,2.77,-0.042,-0.381,0.982,3,16
101702,0.0,264.7,2.77,-0.042,-0.381,0.982,3,16
101752,0.0,302.5,2.59,0.063,-0.327,1.011,3,16
101802,0.0,277.0,2.51,0.058,-0.266,0.880,3,16
101852,0.0,328.0,2.53,0.034,-0.225,0.827,3,16
101902,0.0,318.0,2.50,0.038,-0.239,0.815,3,16
101952,0.0,251.5,2.50,0.038,-0.239,0.815,3,16
102006,0.0,236.9,2.50,0.038,-0.239,0.815,3,16
102056,0.0,234.2,2.40,0.132,-0.281,0.966,3,16
102106,0.0,197.6,1.85,0.188,-0.337,1.074,3,15
102157,0.0,178.5,1.85,0.188,-0.337,1.074,3,15
102207,0.0,178.5,2.11,0.225,-0.296,0.965,3,14
102257,0.0,147.2,1.75,0.261,-0.279,0.962,3,15
102307,0.0,137.8,1.53,0.237,-0.237,0.895,3,15
102357,0.0,137.8,1.53,0.237,-0.237,0.895,3,15
102407,0.0,106.6,1.18,0.194,-0.235,0.883,3,16
102458,0.0,106.6,0.81,0.172,-0.215,0.891,3,15
102507,0.0,87.3,0.59,0.166,-0.206,0.912,3,15
102557,0.0,87.3,0.74,0.150,-0.225,0.942,3,16
102608,0.0,87.3,0.69,0.148,-0.252,0.960,3,16
102660,0.0,73.6,0.69,0.148,-0.252,0.960,3,16
102710,0.0,73.6,0.57,0.153,-0.226,0.953,3,16
102760,0.0,73.6,0.52,0.158,-0.225,0.950,3,16
102810,0.0,73.6,0.40,0.160,-0.234,0.953,3,16
102860,0.0,73.6,0.34,0.167,-0.254,0.955,3,16
102910,0.0,73.6,0.24,0.177,-0.265,0.953,3,16
102960,0.0,73.6,0.24,0.177,-0.265,0.953,3,16
103010,0.0,73.6,0.18,0.179,-0.248,0.949,3,16
103060,0.0,73.6,0.08,0.172,-0.235,0.946,3,16
103110,0.0,73.6,0.04,0.161,-0.228,0.949,3,15
103161,0.0,73.6,0.12,0.125,-0.228,0.956,3,16
103211,0.0,73.6,0.23,0.103,-0.229,0.964,3,16
103262,0.0,73.6,0.23,0.103,-0.229,0.964,3,16
103311,0.0,73.6,0.19,0.082,-0.224,0.963,3,16
103361,0.0,73.6,0.23,0.078,-0.218,0.965,3,16
103412,0.0,73.6,0.26,0.068,-0.206,0.963,3,16
103461,0.0,73.6,0.28,0.059,-0.195,0.965,3,16
103511,0.0,73.6,0.10,0.062,-0.197,0.969,3,16
103562,0.0,73.6,0.10,0.062,-0.197,0.969,3,16
103611,0.0,73.6,0.11,0.088,-0.216,0.963,3,16
103662,0.0,0.0,0.11,0.088,-0.216,0.963,3,16
103712,0.0,0.0,0.02,0.104,-0.225,0.961,3,16
103762,0.0,0.0,0.13,0.112,-0.220,0.961,3,16
103812,0.0,0.0,0.05,0.109,-0.221,0.961,3,16
103862,0.0,0.0,0.05,0.109,-0.221,0.961,3,16
103912,0.0,0.0,0.06,0.100,-0.228,0.959,3,16
103962,0.0,0.0,0.06,0.100,-0.228,0.959,3,16
104012,0.0,0.0,0.07,0.091,-0.225,0.962,3,16
104062,0.0,0.0,0.09,0.089,-0.212,0.966,3,16
104112,0.0,0.0,0.01,0.090,-0.206,0.964,3,16
104163,0.0,0.0,0.01,0.090,-0.206,0.964,3,16
104213,0.0,0.0,0.07,0.094,-0.201,0.962,3,16
104263,0.0,0.0,0.07,0.094,-0.201,0.962,3,16
104313,0.0,0.0,0.11,0.093,-0.202,0.964,3,16
104363,0.0,0.0,0.04,0.081,-0.200,0.962,3,16
104413,0.0,0.0,0.06,0.073,-0.189,0.974,3,16
104463,0.0,0.0,0.06,0.073,-0.189,0.974,3,16
104513,0.0,0.0,0.24,0.075,-0.209,0.973,3,16
104563,0.0,0.0,0.24,0.075,-0.209,0.973,3,16
104613,0.0,5.1,0.12,0.088,-0.255,0.955,3,16
104664,0.0,5.1,0.19,0.097,-0.256,0.956,3,16
104714,0.0,5.1,0.11,0.101,-0.217,0.966,3,16
104764,0.0,5.1,0.11,0.101,-0.217,0.966,3,16
104814,0.0,5.1,0.08,0.103,-0.194,0.962,3,16
104864,0.0,5.1,0.08,0.103,-0.194,0.962,3,16
104914,0.0,5.1,0.04,0.106,-0.199,0.956,3,16
104964,0.0,5.1,0.10,0.106,-0.208,0.962,3,16
105014,0.0,5.1,0.04,0.100,-0.210,0.971,3,16
105064,0.0,5.1,0.04,0.100,-0.210,0.971,3,16
105114,0.0,5.1,0.04,0.086,-0.195,0.967,3,16
105165,0.0,5.1,0.04,0.086,-0.195,0.967,3,16
105215,0.0,5.1,0.13,0.083,-0.197,0.966,3,16
105265,0.0,5.1,0.03,0.088,-0.206,0.967,3,16
105315,0.0,5.1,0.10,0.095,-0.208,0.965,3,16
105365,0.0,5.1,0.10,0.095,-0.208,0.965,3,16
105415,0.0,5.1,0.06,0.095,-0.202,0.964,3,16
105465,0.0,5.1,0.06,0.095,-0.202,0.964,3,16
105515,0.0,5.1,0.07,0.092,-0.204,0.963,3,16
105565,0.0,5.1,0.14,0.088,-0.205,0.966,3,16
105615,0.0,0.0,0.11,0.091,-0.206,0.968,3,16
105674,0.0,0.0,0.11,0.091,-0.206,0.968,3,16
105724,0.0,0.0,0.10,0.095,-0.203,0.963,3,16
105774,0.0,0.0,0.05,0.094,-0.204,0.965,3,16
105825,0.0,0.0,0.05,0.094,-0.204,0.965,3,16
105876,0.0,0.0,0.13,0.092,-0.205,0.966,3,16
105926,0.0,0.0,0.12,0.089,-0.202,0.965,3,16
105976,0.0,0.0,0.12,0.089,-0.202,0.965,3,16
106026,0.0,0.0,0.21,0.090,-0.203,0.965,3,16
106076,0.0,0.0,0.05,0.092,-0.206,0.965,3,16
106126,0.0,0.0,0.05,0.092,-0.206,0.965,3,16
106178,0.0,0.0,0.09,0.093,-0.207,0.965,3,16
106228,0.0,0.0,0.02,0.091,-0.205,0.966,3,16
106278,0.0,0.0,0.02,0.091,-0.205,0.966,3,16
106328,0.0,0.0,0.10,0.092,-0.203,0.965,3,16
106378,0.0,0.0,0.08,0.093,-0.204,0.964,3,16
106429,0.0,0.0,0.04,0.092,-0.206,0.965,3,16
106478,0.0,0.0,0.04,0.092,-0.206,0.965,3,16
106528,0.0,0.0,0.21,0.089,-0.206,0.966,3,16
106578,0.0,0.0,0.21,0.089,-0.206,0.966,3,16
106628,0.0,0.0,0.09,0.090,-0.204,0.965,3,16
106679,0.0,0.0,0.15,0.093,-0.205,0.965,3,16
106731,0.0,0.0,0.06,0.093,-0.207,0.966,3,16
106781,0.0,0.0,0.14,0.092,-0.207,0.965,3,16
106831,0.0,0.0,0.09,0.091,-0.203,0.965,3,16
106881,0.0,0.0,0.09,0.091,-0.203,0.965,3,16
106931,0.0,0.0,0.06,0.092,-0.203,0.966,3,16
106981,0.0,0.0,0.03,0.093,-0.205,0.965,3,16
107031,0.0,0.0,0.06,0.091,-0.206,0.966,3,16
107081,0.0,0.0,0.06,0.091,-0.206,0.966,3,16
107131,0.0,0.0,0.05,0.090,-0.207,0.966,3,16
107184,0.0,0.0,0.05,0.090,-0.207,0.966,3,16
107233,0.0,0.0,0.16,0.093,-0.204,0.965,3,16
107283,0.0,0.0,0.09,0.093,-0.201,0.965,3,16
107333,0.0,0.0,0.13,0.092,-0.203,0.966,3,16
107383,0.0,0.0,0.13,0.091,-0.205,0.965,3,16
107433,0.0,0.0,0.20,0.089,-0.206,0.965,3,16
107483,0.0,0.0,0.20,0.089,-0.206,0.965,3,16
107533,0.0,0.0,0.15,0.091,-0.207,0.966,3,16
107583,0.0,0.0,0.13,0.095,-0.202,0.965,3,16
107633,0.0,0.0,0.17,0.095,-0.201,0.964,3,16
107684,0.0,0.0,0.17,0.095,-0.201,0.964,3,16
107734,0.0,0.0,0.15,0.091,-0.203,0.966,3,16
107785,0.0,0.0,0.15,0.091,-0.203,0.966,3,16
107835,0.0,0.0,0.05,0.088,-0.207,0.967,3,16
107885,0.0,0.0,0.12,0.093,-0.205,0.965,3,16
107935,0.0,0.0,0.14,0.095,-0.204,0.965,3,16
107985,0.0,0.0,0.12,0.095,-0.203,0.964,3,16
108035,0.0,0.0,0.03,0.091,-0.204,0.966,3,16
108085,0.0,0.0,0.03,0.091,-0.204,0.966,3,16
108135,0.0,0.0,0.11,0.089,-0.205,0.966,3,16
108186,0.0,0.0,0.04,0.092,-0.205,0.965,3,16
108236,0.0,0.0,0.06,0.094,-0.204,0.965,3,16
108286,0.0,0.0,0.09,0.094,-0.204,0.965,3,16
108336,0.0,0.0,0.04,0.093,-0.204,0.965,3,16
108386,0.0,0.0,0.04,0.093,-0.204,0.965,3,16
108436,0.0,0.0,0.07,0.091,-0.204,0.965,3,16
108486,0.0,0.0,0.06,0.091,-0.205,0.966,3,16
108536,0.0,0.0,0.10,0.092,-0.205,0.966,3,16
108586,0.0,0.0,0.06,0.092,-0.205,0.965,3,16
108636,0.0,0.0,0.05,0.092,-0.204,0.965,3,16
108687,0.0,0.0,0.05,0.092,-0.204,0.965,3,16
108737,0.0,0.0,0.02,0.092,-0.204,0.966,3,16
108787,0.0,0.0,0.06,0.092,-0.204,0.965,3,16
108837,0.0,0.0,0.10,0.092,-0.205,0.965,3,16
108887,0.0,0.0,0.10,0.092,-0.205,0.965,3,16
108937,0.0,0.0,0.04,0.092,-0.205,0.965,3,16
108987,0.0,0.0,0.04,0.092,-0.205,0.965,3,16
109037,0.0,0.0,0.11,0.092,-0.204,0.965,3,16
109087,0.0,0.0,0.12,0.091,-0.204,0.965,3,16
109137,0.0,0.0,0.11,0.092,-0.205,0.965,3,16
109188,0.0,0.0,0.12,0.092,-0.204,0.965,3,16
109238,0.0,0.0,0.12,0.092,-0.204,0.965,3,16
109288,0.0,0.0,0.05,0.091,-0.205,0.965,3,16
109338,0.0,0.0,0.05,0.091,-0.205,0.965,3,16
109388,0.0,0.0,0.05,0.091,-0.204,0.965,3,16
109438,0.0,0.0,0.05,0.091,-0.204,0.965,3,16
109488,0.0,0.0,0.04,0.092,-0.204,0.965,3,16
109538,0.0,0.0,0.03,0.092,-0.204,0.965,3,16
109588,0.0,0.0,0.04,0.094,-0.204,0.964,3,16
109638,0.0,0.0,0.04,0.094,-0.204,0.964,3,16
109689,0.0,0.0,0.03,0.094,-0.204,0.965,3,16
109739,0.0,0.0,0.03,0.094,-0.204,0.965,3,16
109789,0.0,0.0,0.01,0.088,-0.206,0.966,3,16
109839,0.0,0.0,0.12,0.090,-0.205,0.963,3,16
109889,0.0,0.0,0.03,0.097,-0.203,0.964,3,16
109939,0.0,0.0,0.03,0.097,-0.203,0.964,3,16
109989,0.0,0.0,0.02,0.095,-0.203,0.966,3,16
110039,0.0,0.0,0.02,0.095,-0.203,0.966,3,16
110089,0.0,0.0,0.03,0.088,-0.207,0.966,3,16
110139,0.0,0.0,0.06,0.087,-0.208,0.966,3,16
110190,0.0,0.0,0.04,0.087,-0.207,0.966,3,16
110240,0.0,0.0,0.04,0.090,-0.205,0.965,3,16
110290,0.0,0.0,0.02,0.094,-0.204,0.965,3,16
110340,0.0,0.0,0.02,0.094,-0.204,0.965,3,16
110390,0.0,0.0,0.07,0.093,-0.205,0.965,3,16
110440,0.0,0.0,0.01,0.090,-0.206,0.966,3,16
110490,0.0,0.0,0.06,0.091,-0.206,0.965,3,16
110540,0.0,0.0,0.06,0.091,-0.206,0.965,3,16
110590,0.0,0.0,0.06,0.091,-0.206,0.965,3,16
110640,0.0,0.0,0.06,0.091,-0.206,0.965,3,16
110691,0.0,0.0,0.04,0.093,-0.205,0.965,3,16
110741,0.0,0.0,0.06,0.092,-0.206,0.965,3,16
110791,0.0,0.0,0.04,0.091,-0.206,0.965,3,16
110841,0.0,0.0,0.04,0.091,-0.206,0.965,3,16
110891,0.0,0.0,0.05,0.093,-0.205,0.965,3,16
110941,0.0,0.0,0.05,0.093,-0.205,0.965,3,16
110991,0.0,0.0,0.09,0.092,-0.205,0.965,3,16
111041,0.0,0.0,0.07,0.091,-0.207,0.965,3,16
111091,0.0,0.0,0.06,0.091,-0.206,0.965,3,16
111141,0.0,0.0,0.06,0.091,-0.206,0.965,3,16
111202,0.0,0.0,0.09,0.093,-0.205,0.965,3,16
111252,0.0,0.0,0.03,0.093,-0.205,0.965,3,16
111302,0.0,0.0,0.06,0.093,-0.205,0.964,3,16
111352,0.0,0.0,0.08,0.093,-0.205,0.965,3,16
111402,0.0,0.0,0.09,0.091,-0.205,0.965,3,16
111452,0.0,0.0,0.09,0.091,-0.205,0.965,3,16
111502,0.0,0.0,0.04,0.092,-0.205,0.965,3,16
111552,0.0,0.0,0.02,0.093,-0.205,0.965,3,16
111602,0.0,0.0,0.08,0.093,-0.205,0.965,3,16
111652,0.0,0.0,0.02,0.092,-0.205,0.965,3,16
111703,0.0,0.0,0.07,0.092,-0.205,0.965,3,16
111753,0.0,0.0,0.07,0.092,-0.205,0.965,3,16
111803,0.0,0.0,0.06,0.092,-0.206,0.965,3,16
111853,0.0,0.0,0.05,0.092,-0.206,0.965,3,16
111903,0.0,0.0,0.06,0.092,-0.206,0.965,3,16
111953,0.0,0.0,0.03,0.093,-0.205,0.965,3,16
112003,0.0,0.0,0.10,0.094,-0.205,0.965,3,16
112053,0.0,0.0,0.10,0.094,-0.205,0.965,3,16
112103,0.0,0.0,0.09,0.093,-0.206,0.965,3,16
112153,0.0,0.0,0.06,0.090,-0.205,0.965,3,16
112204,0.0,0.0,0.02,0.089,-0.205,0.965,3,16
112254,0.0,0.0,0.05,0.090,-0.205,0.966,3,16
112304,0.0,0.0,0.07,0.091,-0.206,0.965,3,16
112354,0.0,0.0,0.07,0.091,-0.206,0.965,3,16
112404,0.0,0.0,0.07,0.086,-0.206,0.968,3,16
112454,0.0,0.0,0.07,0.085,-0.206,0.967,3,16
112504,0.0,0.0,0.03,0.087,-0.206,0.966,3,16
112554,0.0,0.0,0.05,0.092,-0.204,0.964,3,16
112604,0.0,0.0,0.05,0.102,-0.202,0.963,3,16
112654,0.0,0.0,0.05,0.102,-0.202,0.963,3,16
112711,0.0,0.0,0.16,0.099,-0.204,0.964,3,16
112761,0.0,0.0,0.05,0.089,-0.205,0.965,3,16
112811,0.0,0.0,0.08,0.087,-0.206,0.966,3,16
112861,0.0,0.0,0.05,0.087,-0.206,0.966,3,16
112911,0.0,0.0,0.07,0.092,-0.205,0.964,3,16
112961,0.0,0.0,0.07,0.092,-0.205,0.964,3,16
113011,0.0,0.0,0.05,0.094,-0.204,0.964,3,16
113061,0.0,0.0,0.04,0.097,-0.206,0.963,3,16
113111,0.0,0.0,0.01,0.096,-0.204,0.965,3,16
113161,0.0,0.0,0.03,0.093,-0.204,0.966,3,16
113212,0.0,0.0,0.06,0.089,-0.202,0.966,3,16
113262,0.0,0.0,0.06,0.089,-0.202,0.966,3,16
113312,0.0,0.0,0.07,0.094,-0.205,0.962,3,16
113362,0.0,0.0,0.04,0.099,-0.203,0.964,3,16
113412,0.0,0.0,0.02,0.098,-0.203,0.964,3,16
113462,0.0,0.0,0.01,0.096,-0.205,0.966,3,16
113512,0.0,0.0,0.05,0.089,-0.205,0.967,3,16
113562,0.0,0.0,0.05,0.089,-0.205,0.967,3,16
113613,0.0,0.0,0.06,0.084,-0.200,0.965,3,16
113662,0.0,0.0,0.06,0.085,-0.206,0.965,3,16
113713,0.0,0.0,0.05,0.087,-0.211,0.966,3,16
113763,0.0,0.0,0.01,0.088,-0.214,0.966,3,16
113813,0.0,0.0,0.08,0.092,-0.204,0.966,3,16
113863,0.0,0.0,0.08,0.092,-0.204,0.966,3,16
113913,0.0,0.0,0.02,0.091,-0.201,0.966,3,16
113963,0.0,0.0,0.08,0.091,-0.208,0.964,3,16
114013,0.0,0.0,0.05,0.092,-0.209,0.964,3,16
114063,0.0,0.0,0.03,0.091,-0.208,0.965,3,16
114113,0.0,0.0,0.03,0.090,-0.203,0.965,3,16
114163,0.0,0.0,0.03,0.090,-0.203,0.965,3,16
114214,0.0,0.0,0.03,0.083,-0.207,0.967,3,16
114264,0.0,0.0,0.03,0.082,-0.208,0.968,3,16
114314,0.0,0.0,0.09,0.088,-0.208,0.967,3,16
114364,0.0,0.0,0.08,0.097,-0.205,0.962,3,16
114414,0.0,0.0,0.05,0.105,-0.202,0.962,3,16
114464,0.0,0.0,0.07,0.093,-0.202,0.965,3,16
114514,0.0,0.0,0.07,0.093,-0.202,0.965,3,16
114564,0.0,0.0,0.08,0.085,-0.211,0.965,3,16
114614,0.0,0.0,0.07,0.084,-0.211,0.967,3,16
114664,1756.5,0.0,0.04,0.084,-0.208,0.967,3,16
114715,1756.5,0.0,0.04,0.088,-0.203,0.966,3,16
114765,1756.5,0.0,0.05,0.097,-0.204,0.964,3,16
114815,1756.5,0.0,0.05,0.097,-0.204,0.964,3,16
114865,1756.5,0.0,0.04,0.098,-0.204,0.963,3,16
114915,1756.5,0.0,0.08,0.095,-0.206,0.964,3,16
114965,208.5,0.0,0.11,0.089,-0.206,0.966,3,16
115015,1439.2,0.0,0.02,0.073,-0.210,0.966,3,16
115065,4351.6,0.0,0.02,0.068,-0.199,0.989,3,16
115115,4351.6,0.0,0.02,0.068,-0.199,0.989,3,16
115165,2464.7,0.0,0.09,0.096,-0.198,0.947,3,16
115216,2464.7,0.0,0.08,0.128,-0.199,0.957,3,16
115266,3677.4,0.0,0.15,0.106,-0.196,0.921,3,16
115316,3677.4,0.0,0.08,0.126,-0.200,0.979,3,16
115366,3677.4,0.0,0.07,0.109,-0.199,0.986,3,16
115416,3677.4,5.1,0.07,0.109,-0.199,0.986,3,16
115466,3677.4,5.1,0.04,0.082,-0.210,0.961,3,16
115516,266.5,5.1,0.04,0.093,-0.207,0.975,3,16
115566,266.5,5.1,0.04,0.093,-0.207,0.975,3,16
115616,266.5,5.1,0.05,0.087,-0.202,0.966,3,16
115666,398.1,5.1,0.03,0.080,-0.207,0.953,3,16
115725,398.1,5.1,0.03,0.080,-0.207,0.953,3,16
115775,398.1,5.1,0.13,0.086,-0.206,0.970,3,16
115825,398.1,5.1,0.04,0.079,-0.203,0.968,3,16
115875,398.1,5.1,0.04,0.079,-0.203,0.968,3,16
115925,239.9,5.1,0.09,0.089,-0.204,0.965,3,16
115975,239.9,5.1,0.04,0.109,-0.202,0.967,3,16
116025,239.9,5.1,0.03,0.101,-0.202,0.954,3,16
116075,239.9,5.1,0.04,0.102,-0.204,0.967,3,16
116125,239.9,5.1,0.02,0.101,-0.203,0.968,3,16
116175,239.9,5.1,0.02,0.101,-0.203,0.968,3,16
116228,239.9,12.6,0.06,0.090,-0.202,0.971,3,16
116278,239.9,12.6,0.11,0.090,-0.205,0.965,3,16
116329,239.9,12.6,0.12,0.094,-0.205,0.964,3,16
116378,239.9,12.6,0.12,0.097,-0.204,0.965,3,16
116428,239.9,12.6,0.14,0.092,-0.204,0.963,3,16
116479,239.9,12.6,0.14,0.092,-0.204,0.963,3,16
116528,239.9,12.6,0.02,0.088,-0.205,0.971,3,16
116578,239.9,12.6,0.02,0.088,-0.205,0.971,3,16
116628,239.9,12.6,0.07,0.085,-0.205,0.967,3,16
116678,239.9,12.6,0.01,0.086,-0.205,0.966,3,16
116729,239.9,12.6,0.07,0.093,-0.203,0.964,3,16
116779,239.9,12.6,0.07,0.093,-0.203,0.964,3,16
116829,239.9,12.6,0.08,0.096,-0.203,0.965,3,16
116879,239.9,12.6,0.05,0.091,-0.204,0.966,3,16
116929,239.9,12.6,0.06,0.088,-0.204,0.966,3,16
116979,239.9,12.6,0.05,0.088,-0.204,0.966,3,16
117029,239.9,12.6,0.09,0.090,-0.204,0.965,3,16
117079,239.9,12.6,0.09,0.090,-0.204,0.965,3,16
117129,239.9,12.6,0.06,0.093,-0.204,0.965,3,16
117179,239.9,12.6,0.06,0.093,-0.203,0.966,3,16
117231,239.9,0.0,0.06,0.093,-0.203,0.966,3,16
117280,239.9,0.0,0.08,0.092,-0.203,0.965,3,16
117330,239.9,0.0,0.06,0.092,-0.204,0.965,3,16
117382,0.0,0.0,0.06,0.092,-0.204,0.965,3,16
117431,0.0,0.0,0.09,0.092,-0.204,0.965,3,16
117481,0.0,0.0,0.05,0.088,-0.204,0.966,3,16
117532,0.0,0.0,0.13,0.088,-0.203,0.965,3,16
117581,0.0,0.0,0.15,0.092,-0.203,0.965,3,16
117631,0.0,0.0,0.02,0.095,-0.204,0.965,3,16
117682,0.0,0.0,0.02,0.095,-0.204,0.965,3,16
117736,0.0,0.0,0.04,0.092,-0.204,0.965,3,16
117786,0.0,0.0,0.04,0.089,-0.204,0.966,3,16
117836,0.0,0.0,0.04,0.090,-0.204,0.966,3,16
117886,0.0,0.0,0.02,0.091,-0.204,0.966,3,16
117936,0.0,0.0,0.06,0.092,-0.204,0.966,3,16
117986,0.0,0.0,0.08,0.092,-0.204,0.965,3,16
118036,0.0,0.0,0.08,0.092,-0.204,0.965,3,16
118086,0.0,0.0,0.08,0.091,-0.203,0.965,3,16
118136,0.0,0.0,0.13,0.092,-0.203,0.965,3,16
118186,0.0,0.0,0.08,0.093,-0.203,0.965,3,16
118237,0.0,0.0,0.07,0.092,-0.203,0.965,3,16
118288,0.0,0.0,0.06,0.091,-0.204,0.965,3,16
118337,0.0,0.0,0.04,0.091,-0.204,0.966,3,16
118387,0.0,0.0,0.09,0.090,-0.204,0.966,3,16
118437,0.0,0.0,0.09,0.090,-0.204,0.966,3,16
118487,0.0,0.0,0.08,0.090,-0.204,0.966,3,16
118537,0.0,0.0,0.01,0.093,-0.203,0.964,3,16
118587,0.0,0.0,0.07,0.094,-0.203,0.965,3,16
118637,0.0,0.0,0.07,0.094,-0.203,0.965,3,16
118687,0.0,0.0,0.11,0.091,-0.204,0.965,3,16
118738,0.0,0.0,0.11,0.091,-0.204,0.965,3,16
118788,0.0,0.0,0.04,0.089,-0.204,0.966,3,16
118838,0.0,0.0,0.03,0.093,-0.205,0.965,3,16
118888,0.0,0.0,0.06,0.093,-0.204,0.965,3,16
118938,0.0,0.0,0.06,0.093,-0.204,0.965,3,16
118988,0.0,0.0,0.07,0.091,-0.202,0.965,3,16
119038,0.0,0.0,0.07,0.091,-0.202,0.965,3,16
119088,0.0,0.0,0.12,0.090,-0.204,0.965,3,16
119138,0.0,0.0,0.06,0.090,-0.206,0.966,3,16
119188,0.0,0.0,0.04,0.092,-0.203,0.965,3,16
119239,0.0,0.0,0.04,0.092,-0.203,0.965,3,16
119289,0.0,0.0,0.02,0.094,-0.202,0.965,3,16
119339,0.0,0.0,0.05,0.093,-0.203,0.965,3,15
119389,0.0,0.0,0.03,0.091,-0.204,0.965,3,15
119439,0.0,0.0,0.04,0.088,-0.206,0.965,3,15
119489,0.0,0.0,0.04,0.091,-0.204,0.965,3,15
119539,0.0,0.0,0.04,0.091,-0.204,0.965,3,15
119589,0.0,0.0,0.04,0.093,-0.203,0.965,3,15
119639,0.0,0.0,0.04,0.093,-0.203,0.965,3,15
119689,0.0,0.0,0.07,0.094,-0.204,0.965,3,15
119740,0.0,0.0,0.07,0.093,-0.204,0.964,3,15
119790,0.0,0.0,0.05,0.090,-0.203,0.965,3,15
119840,0.0,0.0,0.05,0.090,-0.203,0.965,3,15
119890,0.0,0.0,0.11,0.089,-0.203,0.965,3,15
119940,0.0,0.0,0.08,0.091,-0.203,0.965,3,15
119990,0.0,0.0,0.08,0.092,-0.204,0.965,3,15
120040,0.0,0.0,0.01,0.092,-0.204,0.965,3,15
120090,0.0,0.0,0.04,0.092,-0.205,0.966,3,15
120140,0.0,0.0,0.04,0.092,-0.205,0.966,3,15
120190,0.0,0.0,0.04,0.092,-0.203,0.965,3,15
120241,0.0,0.0,0.04,0.092,-0.203,0.965,3,15
120291,0.0,0.0,0.06,0.091,-0.201,0.965,3,15
120341,0.0,0.0,0.04,0.088,-0.204,0.965,3,15
120391,0.0,0.0,0.01,0.091,-0.209,0.965,3,15
120441,0.0,0.0,0.01,0.091,-0.209,0.965,3,15
120491,0.0,0.0,0.01,0.091,-0.209,0.965,3,15
120541,0.0,0.0,0.04,0.096,-0.203,0.965,3,15
120591,0.0,0.0,0.05,0.096,-0.200,0.964,3,15
120641,0.0,0.0,0.04,0.087,-0.204,0.966,3,15
120691,0.0,0.0,0.05,0.087,-0.206,0.966,3,15
120742,0.0,0.0,0.09,0.089,-0.206,0.966,3,15
120792,0.0,0.0,0.05,0.094,-0.204,0.965,3,15
120842,0.0,0.0,0.04,0.093,-0.202,0.965,3,15
120892,0.0,0.0,0.08,0.091,-0.202,0.966,3,15
120942,0.0,0.0,0.04,0.090,-0.203,0.965,3,15
120992,0.0,0.0,0.05,0.091,-0.206,0.965,3,15
121042,0.0,0.0,0.05,0.091,-0.206,0.965,3,15
121092,0.0,0.0,0.04,0.093,-0.204,0.965,3,15
121142,0.0,0.0,0.04,0.093,-0.204,0.965,3,15
121192,0.0,0.0,0.04,0.093,-0.204,0.965,3,15
121254,0.0,0.0,0.03,0.091,-0.203,0.965,3,15
121304,0.0,0.0,0.05,0.094,-0.205,0.965,3,15
121355,0.0,0.0,0.05,0.094,-0.205,0.965,3,15
121404,0.0,0.0,0.10,0.095,-0.204,0.965,3,15
121454,0.0,0.0,0.08,0.089,-0.203,0.966,3,15
121504,0.0,0.0,0.08,0.089,-0.203,0.966,3,15
121554,0.0,0.0,0.02,0.087,-0.205,0.966,3,15
121604,0.0,0.0,0.05,0.094,-0.205,0.964,3,15
121654,0.0,0.0,0.05,0.094,-0.205,0.964,3,15
121704,0.0,0.0,0.04,0.096,-0.202,0.964,3,15
121755,0.0,0.0,0.04,0.093,-0.202,0.965,3,16
121808,0.0,0.0,0.09,0.091,-0.203,0.966,3,15
121857,0.0,0.0,0.12,0.089,-0.205,0.966,3,15
121907,0.0,0.0,0.07,0.087,-0.205,0.966,3,15
121958,0.0,0.0,0.07,0.087,-0.205,0.966,3,15
122007,0.0,0.0,0.11,0.089,-0.203,0.965,3,15
122057,0.0,0.0,0.08,0.091,-0.203,0.966,3,15
122107,0.0,0.0,0.08,0.091,-0.203,0.966,3,15
122157,0.0,0.0,0.08,0.091,-0.203,0.966,3,15
122207,0.0,0.0,0.05,0.091,-0.205,0.965,3,15
122259,0.0,0.0,0.05,0.091,-0.205,0.965,3,15
122309,0.0,0.0,0.08,0.091,-0.204,0.966,3,15
122359,0.0,0.0,0.04,0.088,-0.205,0.965,3,15
122409,0.0,0.0,0.01,0.084,-0.205,0.967,3,15
122459,0.0,0.0,0.01,0.084,-0.205,0.967,3,15
122509,0.0,0.0,0.01,0.100,-0.203,0.964,3,15
122559,0.0,0.0,0.01,0.100,-0.203,0.964,3,15
122609,239.9,0.0,0.11,0.097,-0.202,0.965,3,15
122659,239.9,0.0,0.02,0.091,-0.203,0.964,3,15
122709,239.9,0.0,0.06,0.092,-0.204,0.965,3,15
122760,239.9,0.0,0.06,0.092,-0.204,0.965,3,15
122810,239.9,0.0,0.05,0.090,-0.206,0.965,3,15
122862,239.9,0.0,0.05,0.090,-0.206,0.965,3,15
122911,193.0,0.0,0.04,0.077,-0.206,0.970,3,15
122961,193.0,0.0,0.05,0.072,-0.209,0.965,3,15
123011,812.5,0.0,0.13,0.056,-0.216,0.974,3,15
123061,812.5,0.0,0.09,0.029,-0.216,0.965,3,15
123111,5413.2,0.0,0.09,0.077,-0.201,0.991,3,16
123161,5413.2,0.0,0.09,0.077,-0.201,0.991,3,16
123211,5413.2,0.0,0.14,0.169,-0.190,0.927,3,15
123262,5413.2,0.0,0.14,0.169,-0.190,0.927,3,15
123312,5413.2,0.0,0.09,0.159,-0.201,0.938,3,15
123362,239.7,0.0,0.09,0.159,-0.201,0.938,3,15
123412,239.7,12.6,0.12,0.129,-0.190,0.967,3,15
123462,239.7,12.6,0.12,0.129,-0.190,0.967,3,15
123512,239.7,12.6,0.12,0.086,-0.205,0.968,3,16
123562,239.7,12.6,0.13,0.052,-0.204,0.969,3,16
123612,239.7,12.6,0.06,0.051,-0.204,0.971,3,16
123662,239.7,12.6,0.10,0.050,-0.207,0.970,3,16
123712,239.7,12.6,0.03,0.058,-0.212,0.968,3,16
123763,239.7,12.6,0.03,0.058,-0.212,0.968,3,16
123813,239.7,12.6,0.08,0.079,-0.205,0.967,3,16
123863,239.7,12.6,0.03,0.102,-0.200,0.970,3,16
123913,239.7,12.6,0.05,0.102,-0.200,0.959,3,16
123963,239.7,12.6,0.05,0.102,-0.200,0.959,3,16
124013,239.7,12.6,0.08,0.116,-0.200,0.966,3,16
124063,239.7,12.6,0.08,0.116,-0.200,0.966,3,16
124113,239.7,12.6,0.05,0.109,-0.202,0.967,3,16
124163,239.7,12.6,0.11,0.095,-0.202,0.964,3,16
124213,239.7,12.6,0.04,0.091,-0.202,0.966,3,16
124264,239.7,12.6,0.05,0.086,-0.203,0.965,3,16
124314,239.7,12.6,0.08,0.084,-0.204,0.967,3,16
124364,239.7,12.6,0.08,0.084,-0.204,0.967,3,16
124414,239.7,0.0,0.11,0.089,-0.204,0.966,3,16
124464,239.7,0.0,0.07,0.094,-0.203,0.964,3,16
124514,239.7,0.0,0.04,0.096,-0.202,0.964,3,16
124564,239.7,0.0,0.04,0.096,-0.202,0.964,3,16
124614,239.7,0.0,0.05,0.093,-0.202,0.965,3,16
124664,239.7,0.0,0.05,0.093,-0.202,0.965,3,16
124714,239.7,0.0,0.05,0.093,-0.202,0.965,3,16
124765,239.7,0.0,0.03,0.088,-0.203,0.966,3,16
124815,239.7,0.0,0.03,0.089,-0.204,0.966,3,16
124865,0.0,0.0,0.03,0.089,-0.204,0.966,3,16
124915,0.0,0.0,0.04,0.095,-0.202,0.964,3,16
124965,0.0,0.0,0.04,0.095,-0.202,0.964,3,16
125015,0.0,0.0,0.10,0.093,-0.203,0.965,3,16
125065,0.0,0.0,0.11,0.089,-0.203,0.966,3,16
125115,0.0,0.0,0.06,0.089,-0.203,0.966,3,16
125165,0.0,0.0,0.06,0.089,-0.203,0.966,3,16
125215,0.0,0.0,0.04,0.092,-0.203,0.964,3,16
125266,0.0,0.0,0.04,0.092,-0.203,0.964,3,16
125316,0.0,0.0,0.07,0.095,-0.201,0.964,3,16
125366,0.0,0.0,0.04,0.093,-0.202,0.965,3,16
125416,0.0,0.0,0.03,0.089,-0.203,0.966,3,16
125466,0.0,0.0,0.03,0.089,-0.203,0.966,3,16
125516,0.0,0.0,0.04,0.090,-0.203,0.966,3,16
125566,0.0,0.0,0.04,0.090,-0.203,0.966,3,16
125616,0.0,0.0,0.10,0.095,-0.202,0.965,3,16
125666,0.0,0.0,0.05,0.094,-0.202,0.965,3,16
125716,0.0,0.0,0.12,0.092,-0.203,0.966,3,16
125767,0.0,0.0,0.12,0.092,-0.203,0.966,3,16
125817,0.0,0.0,0.03,0.088,-0.203,0.966,3,16
125867,0.0,0.0,0.03,0.088,-0.203,0.966,3,16
125917,0.0,0.0,0.10,0.091,-0.203,0.965,3,16
125967,0.0,0.0,0.07,0.095,-0.202,0.964,3,16
126017,0.0,0.0,0.02,0.096,-0.202,0.965,3,16
126067,0.0,0.0,0.02,0.096,-0.202,0.965,3,16
126117,0.0,0.0,0.02,0.093,-0.202,0.965,3,16
126167,0.0,0.0,0.02,0.093,-0.202,0.965,3,16
126217,0.0,0.0,0.05,0.088,-0.204,0.966,3,16
126278,0.0,0.0,0.05,0.088,-0.203,0.966,3,16
126328,0.0,0.0,0.10,0.089,-0.203,0.966,3,16
126378,0.0,0.0,0.10,0.089,-0.203,0.966,3,16
126428,0.0,0.0,0.10,0.091,-0.203,0.966,3,16
126478,0.0,0.0,0.10,0.092,-0.203,0.965,3,16
126528,0.0,0.0,0.10,0.092,-0.203,0.965,3,16
126578,0.0,0.0,0.10,0.093,-0.202,0.965,3,16
126628,0.0,0.0,0.10,0.092,-0.202,0.965,3,16
126678,0.0,0.0,0.10,0.092,-0.202,0.965,3,16
126728,0.0,0.0,0.05,0.093,-0.202,0.965,3,16
126779,0.0,0.0,0.07,0.093,-0.202,0.965,3,16
126830,0.0,0.0,0.09,0.093,-0.202,0.965,3,16
126879,0.0,0.0,0.05,0.092,-0.202,0.965,3,16
126929,0.0,0.0,0.02,0.092,-0.202,0.965,3,16
126980,0.0,0.0,0.02,0.092,-0.202,0.965,3,16
127029,0.0,0.0,0.05,0.092,-0.203,0.966,3,16
127079,0.0,0.0,0.08,0.092,-0.203,0.965,3,16
127129,0.0,0.0,0.08,0.092,-0.203,0.965,3,16
127179,0.0,0.0,0.08,0.092,-0.203,0.965,3,16
127229,0.0,0.0,0.06,0.092,-0.202,0.964,3,16
127282,0.0,0.0,0.06,0.092,-0.202,0.964,3,16
127331,0.0,0.0,0.10,0.092,-0.203,0.965,3,16
127381,0.0,0.0,0.10,0.092,-0.203,0.965,3,16
127433,0.0,0.0,0.04,0.092,-0.204,0.965,3,16
127482,0.0,0.0,0.07,0.093,-0.203,0.964,3,16
127532,0.0,0.0,0.05,0.097,-0.202,0.961,3,16
127582,0.0,0.0,0.05,0.097,-0.202,0.961,3,16
127632,0.0,0.0,0.06,0.096,-0.202,0.966,3,16
127682,0.0,0.0,0.10,0.095,-0.203,0.965,3,16
127733,0.0,0.0,0.03,0.084,-0.206,0.963,3,16
127786,0.0,0.0,0.03,0.084,-0.206,0.963,3,16
127836,0.0,0.0,0.05,0.088,-0.203,0.964,3,16
127886,0.0,0.0,0.05,0.088,-0.203,0.964,3,16
127936,0.0,0.0,0.03,0.096,-0.204,0.964,3,16
127986,0.0,0.0,0.02,0.096,-0.204,0.964,3,16
128036,0.0,0.0,0.04,0.091,-0.203,0.964,3,16
128086,0.0,0.0,0.06,0.090,-0.202,0.965,3,16
128136,0.0,0.0,0.04,0.089,-0.203,0.966,3,16
128187,0.0,0.0,0.04,0.089,-0.203,0.966,3,16
128236,0.0,0.0,0.03,0.091,-0.205,0.967,3,16
128287,0.0,0.0,0.09,0.091,-0.204,0.965,3,16
128337,0.0,0.0,0.04,0.091,-0.203,0.965,3,16
128387,0.0,0.0,0.12,0.091,-0.203,0.964,3,16
128437,0.0,0.0,0.05,0.091,-0.204,0.965,3,16
128487,0.0,0.0,0.05,0.091,-0.204,0.965,3,16
128537,0.0,0.0,0.10,0.091,-0.205,0.965,3,16
128587,0.0,0.0,0.09,0.094,-0.204,0.964,3,16
128637,0.0,0.0,0.09,0.095,-0.202,0.964,3,16
128687,0.0,0.0,0.05,0.094,-0.202,0.965,3,16
128737,0.0,0.0,0.06,0.092,-0.203,0.966,3,16
128788,0.0,0.0,0.06,0.092,-0.203,0.966,3,16
128838,0.0,0.0,0.06,0.092,-0.203,0.966,3,16
128888,0.0,0.0,0.04,0.089,-0.205,0.966,3,16
128938,0.0,0.0,0.06,0.090,-0.203,0.967,3,16
128989,0.0,0.0,0.09,0.090,-0.203,0.968,3,16
129039,0.0,0.0,0.10,0.091,-0.205,0.964,3,16
129089,0.0,0.0,0.10,0.091,-0.205,0.964,3,16
129139,0.0,0.0,0.07,0.094,-0.200,0.963,3,16
129189,0.0,0.0,0.09,0.095,-0.204,0.965,3,16
129239,0.0,0.0,0.04,0.094,-0.204,0.964,3,16
129290,0.0,0.0,0.10,0.095,-0.203,0.964,3,16
129340,0.0,0.0,0.10,0.096,-0.202,0.964,3,16
129390,0.0,0.0,0.10,0.096,-0.202,0.964,3,16
129440,0.0,0.0,0.06,0.094,-0.203,0.963,3,16
129490,0.0,0.0,0.11,0.089,-0.205,0.966,3,16
129540,0.0,0.0,0.23,0.090,-0.205,0.966,3,16
129590,0.0,0.0,0.14,0.091,-0.205,0.965,3,16
129640,0.0,0.0,0.15,0.091,-0.201,0.966,3,16
129690,0.0,0.0,0.15,0.091,-0.201,0.966,3,16
129740,0.0,0.0,0.17,0.095,-0.202,0.969,3,16
129791,0.0,0.0,0.02,0.096,-0.203,0.965,3,16
129841,0.0,0.0,0.15,0.093,-0.202,0.965,3,16
129891,0.0,0.0,0.13,0.090,-0.204,0.967,3,16
129941,0.0,0.0,0.08,0.090,-0.206,0.966,3,16
129991,0.0,0.0,0.08,0.090,-0.206,0.966,3,16
130041,0.0,0.0,0.05,0.092,-0.203,0.964,3,16
130091,0.0,0.0,0.03,0.093,-0.203,0.966,3,16
130141,0.0,0.0,0.04,0.091,-0.204,0.966,3,16
130191,0.0,0.0,0.12,0.091,-0.204,0.966,3,16
130241,0.0,0.0,0.06,0.093,-0.203,0.964,3,16
130292,0.0,0.0,0.16,0.094,-0.203,0.964,3,16
130342,0.0,0.0,0.16,0.094,-0.203,0.964,3,16
130392,0.0,0.0,0.04,0.093,-0.203,0.966,3,16
130442,0.0,0.0,0.09,0.092,-0.203,0.965,3,16
130492,0.0,0.0,0.09,0.092,-0.203,0.965,3,16
130542,0.0,0.0,0.03,0.094,-0.203,0.963,3,16
130592,0.0,0.0,0.03,0.094,-0.203,0.963,3,16
130642,0.0,0.0,0.04,0.100,-0.201,0.963,3,16
130692,0.0,0.0,0.06,0.097,-0.204,0.965,3,16
130742,0.0,0.0,0.08,0.090,-0.207,0.967,3,16
130793,0.0,0.0,0.14,0.084,-0.209,0.968,3,16
130843,0.0,0.0,0.06,0.079,-0.206,0.969,3,16
130893,0.0,0.0,0.10,0.089,-0.203,0.965,3,16
130943,0.0,0.0,0.10,0.089,-0.203,0.965,3,16
130993,0.0,0.0,0.05,0.102,-0.199,0.962,3,16
131043,0.0,0.0,0.03,0.108,-0.198,0.963,3,16
131093,0.0,0.0,0.04,0.107,-0.199,0.964,3,16
131143,0.0,0.0,0.06,0.101,-0.202,0.965,3,16
131193,0.0,0.0,0.08,0.086,-0.207,0.967,3,16
131243,0.0,0.0,0.08,0.086,-0.207,0.967,3,16
131303,0.0,0.0,0.04,0.083,-0.202,0.965,3,16
131353,0.0,0.0,0.02,0.092,-0.201,0.965,3,16
131403,0.0,0.0,0.02,0.092,-0.201,0.965,3,16
131453,0.0,0.0,0.14,0.101,-0.205,0.964,3,16
131503,0.0,0.0,0.06,0.098,-0.202,0.963,3,16
131553,0.0,0.0,0.03,0.093,-0.199,0.964,3,16
131603,0.0,0.0,0.10,0.091,-0.199,0.965,3,16
131653,0.0,0.0,0.05,0.092,-0.206,0.964,3,16
131704,0.0,0.0,0.05,0.092,-0.206,0.964,3,16
131753,0.0,0.0,0.05,0.093,-0.207,0.965,3,16
131804,0.0,0.0,0.04,0.094,-0.201,0.965,3,16
131855,0.0,0.0,0.04,0.095,-0.200,0.964,3,16
131905,0.0,0.0,0.11,0.095,-0.201,0.964,3,16
131955,0.0,0.0,0.05,0.092,-0.203,0.965,3,16
132005,0.0,0.0,0.05,0.092,-0.203,0.965,3,16
132055,0.0,0.0,0.08,0.092,-0.206,0.965,3,16
132105,0.0,0.0,0.10,0.093,-0.203,0.964,3,16
132155,0.0,0.0,0.11,0.094,-0.200,0.965,3,16
132205,0.0,0.0,0.09,0.094,-0.200,0.964,3,16
132255,0.0,0.0,0.06,0.094,-0.204,0.965,3,16
132307,0.0,0.0,0.06,0.094,-0.204,0.965,3,16
132356,0.0,0.0,0.07,0.092,-0.205,0.965,3,16
132406,0.0,0.0,0.09,0.090,-0.203,0.966,3,16
132458,0.0,0.0,0.09,0.092,-0.202,0.965,3,16
132508,0.0,0.0,0.04,0.092,-0.202,0.965,3,16
132558,0.0,0.0,0.02,0.094,-0.203,0.964,3,16
132608,0.0,0.0,0.02,0.094,-0.203,0.964,3,16
132658,0.0,0.0,0.03,0.093,-0.204,0.965,3,16
132708,0.0,0.0,0.03,0.092,-0.204,0.966,3,16
132759,0.0,0.0,0.04,0.091,-0.203,0.965,3,16
132812,0.0,0.0,0.06,0.093,-0.204,0.965,3,16
132862,0.0,0.0,0.07,0.094,-0.203,0.965,3,16
132912,0.0,0.0,0.07,0.094,-0.203,0.965,3,16
132962,0.0,0.0,0.06,0.093,-0.202,0.965,3,16
133012,0.0,0.0,0.15,0.092,-0.204,0.965,3,16
133062,0.0,0.0,0.12,0.092,-0.204,0.965,3,16
133112,0.0,0.0,0.06,0.092,-0.204,0.965,3,16
133162,0.0,0.0,0.11,0.093,-0.203,0.965,3,16
133212,0.0,0.0,0.11,0.093,-0.203,0.965,3,16
133262,0.0,0.0,0.03,0.093,-0.202,0.965,3,16
133313,0.0,0.0,0.05,0.092,-0.203,0.965,3,16
133363,0.0,0.0,0.05,0.092,-0.204,0.965,3,16
133413,0.0,0.0,0.03,0.093,-0.205,0.965,3,16
133463,0.0,0.0,0.04,0.093,-0.202,0.965,3,16
133513,0.0,0.0,0.04,0.093,-0.202,0.965,3,16
133563,0.0,0.0,0.06,0.093,-0.202,0.965,3,16
133613,0.0,0.0,0.07,0.093,-0.204,0.965,3,16
133663,0.0,0.0,0.05,0.093,-0.204,0.965,3,16
133713,0.0,0.0,0.01,0.093,-0.204,0.965,3,16
133763,0.0,0.0,0.05,0.093,-0.203,0.965,3,16
133814,0.0,0.0,0.05,0.093,-0.203,0.965,3,16
133864,0.0,0.0,0.06,0.092,-0.202,0.965,3,16
133914,0.0,0.0,0.09,0.093,-0.204,0.965,3,16
133964,0.0,0.0,0.02,0.093,-0.204,0.965,3,16
134014,0.0,0.0,0.04,0.093,-0.203,0.965,3,16
134064,0.0,0.0,0.09,0.093,-0.202,0.965,3,16
134114,0.0,0.0,0.09,0.093,-0.202,0.965,3,16
134164,0.0,0.0,0.01,0.093,-0.202,0.965,3,16
134214,0.0,0.0,0.19,0.093,-0.204,0.965,3,16
134264,0.0,0.0,0.02,0.093,-0.204,0.965,3,16
134315,0.0,0.0,0.04,0.093,-0.204,0.965,3,16
134365,0.0,0.0,0.05,0.093,-0.202,0.965,3,16
134415,0.0,0.0,0.05,0.093,-0.202,0.965,3,16
134465,0.0,0.0,0.06,0.093,-0.203,0.965,3,16
134515,0.0,0.0,0.06,0.093,-0.203,0.965,3,16
134565,0.0,0.0,0.04,0.092,-0.203,0.965,3,16
134615,0.0,0.0,0.04,0.093,-0.203,0.965,3,16
134665,0.0,0.0,0.11,0.093,-0.203,0.965,3,16
134715,0.0,0.0,0.11,0.093,-0.203,0.965,3,16
134765,0.0,0.0,0.07,0.093,-0.203,0.965,3,16
134816,0.0,0.0,0.09,0.092,-0.203,0.965,3,16
134866,0.0,0.0,0.13,0.092,-0.202,0.965,3,16
134916,0.0,0.0,0.11,0.092,-0.201,0.965,3,16
134966,0.0,0.0,0.10,0.092,-0.202,0.965,3,16
135016,0.0,0.0,0.04,0.092,-0.204,0.965,3,16
135066,0.0,0.0,0.04,0.092,-0.204,0.965,3,16
135116,0.0,0.0,0.08,0.092,-0.204,0.965,3,16
135166,0.0,0.0,0.05,0.092,-0.203,0.965,3,16
135216,0.0,0.0,0.11,0.092,-0.202,0.965,3,16
135266,0.0,0.0,0.09,0.094,-0.202,0.964,3,16
135317,0.0,0.0,0.14,0.094,-0.203,0.965,3,16
135367,0.0,0.0,0.14,0.094,-0.203,0.965,3,16
135417,0.0,0.0,0.15,0.094,-0.203,0.965,3,16
135467,0.0,0.0,0.03,0.092,-0.203,0.964,3,16
135517,0.0,0.0,0.15,0.092,-0.204,0.965,3,16
135567,0.0,0.0,0.06,0.093,-0.204,0.965,3,16
135617,0.0,0.0,0.06,0.094,-0.203,0.964,3,16
135667,0.0,0.0,0.06,0.094,-0.203,0.964,3,16
135717,0.0,0.0,0.06,0.093,-0.202,0.966,3,16
135767,0.0,0.0,0.04,0.092,-0.202,0.965,3,16
135818,0.0,0.0,0.07,0.091,-0.202,0.965,3,16
135868,0.0,0.0,0.02,0.092,-0.203,0.965,3,16
135918,0.0,0.0,0.08,0.092,-0.203,0.965,3,16
135968,0.0,0.0,0.08,0.092,-0.203,0.965,3,16
136018,0.0,0.0,0.10,0.093,-0.204,0.966,3,16
136068,0.0,0.0,0.07,0.093,-0.205,0.966,3,16
136118,0.0,0.0,0.07,0.094,-0.205,0.965,3,16
136168,0.0,0.0,0.09,0.093,-0.203,0.965,3,16
136218,0.0,0.0,0.04,0.091,-0.201,0.964,3,16
136268,0.0,0.0,0.04,0.091,-0.201,0.964,3,16
136329,0.0,0.0,0.12,0.092,-0.202,0.964,3,16
136379,0.0,0.0,0.02,0.093,-0.205,0.965,3,16
136429,0.0,0.0,0.02,0.093,-0.205,0.965,3,16
136479,0.0,0.0,0.04,0.093,-0.203,0.964,3,16
136529,0.0,0.0,0.00,0.093,-0.202,0.965,3,16
136579,0.0,0.0,0.00,0.093,-0.202,0.965,3,16
136629,0.0,0.0,0.10,0.093,-0.203,0.965,3,16
136679,0.0,0.0,0.02,0.093,-0.204,0.965,3,16
136729,0.0,0.0,0.02,0.093,-0.204,0.965,3,16
136779,0.0,0.0,0.02,0.093,-0.204,0.965,3,16
136830,0.0,0.0,0.03,0.094,-0.202,0.965,3,16
136881,0.0,0.0,0.03,0.094,-0.202,0.965,3,16
136930,0.0,0.0,0.06,0.092,-0.202,0.965,3,16
136980,0.0,0.0,0.03,0.092,-0.203,0.965,3,16
137031,0.0,0.0,0.03,0.092,-0.203,0.965,3,16
137080,0.0,0.0,0.09,0.093,-0.203,0.965,3,16
137130,0.0,0.0,0.06,0.093,-0.203,0.965,3,16
137181,0.0,0.0,0.06,0.093,-0.203,0.965,3,16
137230,0.0,0.0,0.05,0.093,-0.203,0.965,3,16
137280,0.0,0.0,0.14,0.093,-0.203,0.965,3,16
137332,0.0,0.0,0.07,0.092,-0.203,0.965,3,16
137381,0.0,0.0,0.03,0.092,-0.203,0.965,3,16
137431,0.0,0.0,0.05,0.093,-0.203,0.965,3,16
137481,0.0,0.0,0.05,0.093,-0.203,0.965,3,16
137531,0.0,0.0,0.06,0.093,-0.203,0.965,3,16
137581,0.0,0.0,0.07,0.093,-0.203,0.965,3,16
137631,0.0,0.0,0.07,0.093,-0.203,0.965,3,16
137681,0.0,0.0,0.03,0.093,-0.204,0.965,3,16
137731,0.0,0.0,0.09,0.093,-0.204,0.965,3,16
137781,0.0,0.0,0.09,0.093,-0.204,0.965,3,16
137838,0.0,0.0,0.05,0.093,-0.204,0.965,3,16
137888,0.0,0.0,0.09,0.093,-0.202,0.965,3,16
137938,0.0,0.0,0.07,0.093,-0.202,0.965,3,16
137988,0.0,0.0,0.09,0.093,-0.202,0.965,3,16
138038,0.0,0.0,0.06,0.092,-0.203,0.965,3,16
138088,0.0,0.0,0.06,0.092,-0.203,0.965,3,16
138138,0.0,0.0,0.06,0.092,-0.204,0.966,3,16
138188,0.0,0.0,0.04,0.093,-0.203,0.965,3,16
138238,0.0,0.0,0.06,0.093,-0.202,0.965,3,16
138288,0.0,0.0,0.05,0.093,-0.202,0.965,3,16
138339,0.0,0.0,0.05,0.093,-0.203,0.965,3,16
138389,0.0,0.0,0.05,0.093,-0.203,0.965,3,16
138440,0.0,0.0,0.06,0.092,-0.203,0.965,3,16
138489,0.0,0.0,0.10,0.092,-0.203,0.965,3,16
138539,0.0,0.0,0.10,0.093,-0.203,0.965,3,16
138590,0.0,0.0,0.02,0.093,-0.202,0.965,3,16
138639,0.0,0.0,0.07,0.093,-0.202,0.965,3,16
138689,0.0,0.0,0.07,0.093,-0.202,0.965,3,16
138740,0.0,0.0,0.14,0.093,-0.203,0.965,3,16
138789,0.0,0.0,0.04,0.092,-0.204,0.965,3,16
138840,0.0,0.0,0.11,0.092,-0.203,0.965,3,16
138890,0.0,0.0,0.05,0.093,-0.202,0.964,3,16
138940,0.0,0.0,0.02,0.093,-0.202,0.964,3,16
138990,0.0,0.0,0.02,0.093,-0.202,0.964,3,16
139040,0.0,0.0,0.07,0.094,-0.205,0.965,3,16
139090,0.0,0.0,0.04,0.094,-0.206,0.965,3,16
139140,0.0,0.0,0.05,0.094,-0.205,0.965,3,16
139190,0.0,0.0,0.04,0.093,-0.203,0.965,3,16
139240,0.0,0.0,0.11,0.091,-0.199,0.965,3,16
139290,0.0,0.0,0.11,0.091,-0.199,0.965,3,16
139341,0.0,0.0,0.04,0.093,-0.203,0.965,3,16
139391,0.0,0.0,0.12,0.093,-0.202,0.964,3,16
139441,0.0,0.0,0.04,0.092,-0.204,0.966,3,16
139491,0.0,0.0,0.02,0.091,-0.204,0.966,3,16
139541,0.0,0.0,0.02,0.091,-0.204,0.966,3,16
139591,0.0,0.0,0.02,0.091,-0.204,0.966,3,16
139641,0.0,0.0,0.04,0.092,-0.204,0.964,3,16
139691,0.0,0.0,0.02,0.095,-0.202,0.964,3,16
139741,0.0,0.0,0.11,0.094,-0.203,0.965,3,16
139791,0.0,0.0,0.11,0.094,-0.203,0.965,3,16
139842,0.0,0.0,0.06,0.092,-0.204,0.965,3,16
139892,0.0,0.0,0.06,0.092,-0.204,0.965,3,16
139942,0.0,0.0,0.06,0.092,-0.204,0.965,3,16
139992,0.0,0.0,0.08,0.093,-0.203,0.965,3,16
140042,0.0,0.0,0.06,0.093,-0.202,0.964,3,16
140092,0.0,0.0,0.02,0.094,-0.202,0.965,3,16
140142,0.0,0.0,0.09,0.093,-0.203,0.965,3,16
140192,0.0,0.0,0.00,0.092,-0.203,0.965,3,16
140242,0.0,0.0,0.00,0.092,-0.203,0.965,3,16
140292,0.0,0.0,0.08,0.093,-0.203,0.965,3,16
140343,0.0,0.0,0.05,0.093,-0.203,0.965,3,16
140393,0.0,0.0,0.04,0.094,-0.202,0.964,3,16
140443,0.0,0.0,0.13,0.093,-0.203,0.965,3,16
140493,0.0,0.0,0.03,0.092,-0.204,0.966,3,16
140543,0.0,0.0,0.03,0.092,-0.204,0.966,3,16
140593,0.0,0.0,0.02,0.091,-0.204,0.966,3,16
140643,0.0,0.0,0.11,0.091,-0.203,0.966,3,16
140693,0.0,0.0,0.11,0.091,-0.203,0.966,3,16
140743,0.0,0.0,0.02,0.094,-0.203,0.965,3,16
140793,0.0,0.0,0.02,0.095,-0.204,0.964,3,16
140844,0.0,0.0,0.02,0.095,-0.204,0.964,3,16
140894,0.0,0.0,0.08,0.093,-0.201,0.965,3,16
140944,0.0,0.0,0.06,0.092,-0.201,0.965,3,16
140994,0.0,0.0,0.06,0.091,-0.202,0.965,3,16
141044,0.0,0.0,0.08,0.091,-0.204,0.965,3,16
141094,0.0,0.0,0.08,0.094,-0.205,0.964,3,16
141144,0.0,0.0,0.08,0.094,-0.205,0.964,3,16
141194,0.0,0.0,0.04,0.092,-0.200,0.964,3,16
141244,0.0,0.0,0.10,0.091,-0.198,0.965,3,16
141294,0.0,0.0,0.06,0.092,-0.199,0.964,3,16
141347,0.0,0.0,0.05,0.092,-0.202,0.965,3,16
141397,0.0,0.0,0.11,0.093,-0.206,0.965,3,16
141450,0.0,0.0,0.11,0.093,-0.206,0.965,3,16
141500,0.0,0.0,0.10,0.092,-0.203,0.965,3,16
141550,0.0,0.0,0.07,0.092,-0.201,0.965,3,16
141600,0.0,0.0,0.14,0.092,-0.200,0.965,3,16
141650,0.0,0.0,0.10,0.093,-0.203,0.965,3,16
141700,0.0,0.0,0.06,0.093,-0.204,0.965,3,16
141750,0.0,0.0,0.06,0.093,-0.204,0.965,3,16
141800,0.0,0.0,0.09,0.092,-0.203,0.965,3,16
141851,0.0,0.0,0.02,0.092,-0.202,0.965,3,16
141903,0.0,0.0,0.02,0.092,-0.202,0.965,3,16
141954,0.0,0.0,0.02,0.092,-0.202,0.965,3,16
142004,0.0,0.0,0.08,0.093,-0.204,0.965,3,16
142054,0.0,0.0,0.01,0.093,-0.203,0.965,3,16
142104,0.0,0.0,0.05,0.092,-0.203,0.965,3,16
142154,0.0,0.0,0.02,0.093,-0.202,0.965,3,16
142204,0.0,0.0,0.02,0.093,-0.202,0.965,3,16
142254,0.0,0.0,0.06,0.093,-0.203,0.965,3,16
142304,0.0,0.0,0.08,0.092,-0.203,0.965,3,16
142355,0.0,0.0,0.07,0.092,-0.203,0.965,3,16
142405,0.0,0.0,0.13,0.092,-0.202,0.965,3,16
142455,0.0,0.0,0.11,0.092,-0.203,0.965,3,16
142505,0.0,0.0,0.11,0.092,-0.203,0.965,3,16
142555,0.0,0.0,0.11,0.092,-0.203,0.965,3,16
142605,0.0,0.0,0.03,0.092,-0.203,0.965,3,16
142656,0.0,0.0,0.08,0.092,-0.203,0.965,3,16
142705,0.0,0.0,0.04,0.092,-0.203,0.965,3,16
142755,0.0,0.0,0.09,0.092,-0.202,0.965,3,16
142806,0.0,0.0,0.09,0.092,-0.202,0.965,3,16
142862,0.0,0.0,0.13,0.093,-0.203,0.965,3,16
142912,0.0,0.0,0.03,0.092,-0.203,0.965,3,16
142963,0.0,0.0,0.11,0.092,-0.203,0.965,3,16
143012,0.0,0.0,0.08,0.092,-0.203,0.965,3,16
143062,0.0,0.0,0.09,0.093,-0.202,0.965,3,16
143112,0.0,0.0,0.09,0.093,-0.202,0.965,3,16
143162,0.0,0.0,0.09,0.093,-0.202,0.965,3,16
143212,0.0,0.0,0.07,0.093,-0.203,0.965,3,16
143262,0.0,0.0,0.06,0.093,-0.203,0.965,3,16
143312,0.0,0.0,0.11,0.093,-0.203,0.966,3,16
143363,0.0,0.0,0.03,0.093,-0.202,0.965,3,16
143414,0.0,0.0,0.02,0.092,-0.203,0.965,3,16
143463,0.0,0.0,0.02,0.092,-0.203,0.965,3,16
143513,0.0,0.0,0.04,0.092,-0.200,0.965,3,16
143563,0.0,0.0,0.07,0.093,-0.198,0.964,3,16
143613,0.0,0.0,0.04,0.094,-0.196,0.965,3,16
143663,0.0,0.0,0.08,0.098,-0.208,0.966,3,16
143713,0.0,0.0,0.11,0.098,-0.217,0.966,3,16
143763,0.0,0.0,0.11,0.098,-0.217,0.966,3,16
143813,0.0,0.0,0.17,0.086,-0.224,0.961,3,16
143864,0.0,0.0,0.17,0.086,-0.224,0.961,3,16
143914,0.0,0.0,0.12,0.078,-0.200,0.967,3,16
143964,0.0,0.0,0.05,0.087,-0.181,0.967,3,16
144014,0.0,0.0,0.02,0.105,-0.194,0.963,3,16
144064,0.0,0.0,0.02,0.105,-0.194,0.963,3,16
144114,0.0,0.0,0.15,0.107,-0.221,0.962,3,16
144164,0.0,0.0,0.21,0.096,-0.225,0.962,3,16
144214,0.0,0.0,0.13,0.086,-0.219,0.964,3,16
144264,0.0,0.0,0.21,0.074,-0.197,0.969,3,16
144314,0.0,0.0,0.10,0.077,-0.185,0.969,3,15
144366,0.0,0.0,0.10,0.077,-0.185,0.969,3,15
144415,0.0,0.0,0.19,0.098,-0.190,0.962,3,15
144465,0.0,0.0,0.15,0.107,-0.212,0.962,3,15
144515,0.0,0.0,0.18,0.106,-0.225,0.962,3,15
144565,0.0,0.0,0.06,0.089,-0.208,0.965,3,15
144615,0.0,0.0,0.12,0.083,-0.187,0.967,3,15
144665,0.0,0.0,0.12,0.083,-0.187,0.967,3,15
144715,0.0,0.0,0.18,0.093,-0.198,0.965,3,15
144765,0.0,0.0,0.12,0.098,-0.207,0.963,3,15
144815,0.0,0.0,0.12,0.099,-0.213,0.962,3,15
144866,0.0,0.0,0.12,0.093,-0.205,0.965,3,16
144916,0.0,0.0,0.12,0.093,-0.205,0.965,3,16
144966,0.0,0.0,0.12,0.093,-0.205,0.965,3,16
145016,0.0,0.0,0.06,0.089,-0.202,0.968,3,15
145066,0.0,0.0,0.04,0.090,-0.205,0.965,3,16
145116,0.0,0.0,0.09,0.092,-0.206,0.964,3,16
145166,0.0,0.0,0.09,0.094,-0.203,0.965,3,16
145216,0.0,0.0,0.07,0.093,-0.200,0.965,3,16
145266,0.0,0.0,0.07,0.093,-0.200,0.965,3,16
145316,0.0,0.0,0.04,0.092,-0.204,0.965,3,16
145367,0.0,0.0,0.04,0.092,-0.204,0.965,3,16
145417,0.0,0.0,0.08,0.091,-0.204,0.965,3,16
145467,0.0,0.0,0.13,0.091,-0.202,0.965,3,16
145517,0.0,0.0,0.02,0.092,-0.202,0.965,3,16
145567,0.0,0.0,0.02,0.092,-0.202,0.965,3,16
145617,0.0,0.0,0.01,0.093,-0.203,0.965,3,16
145667,0.0,0.0,0.04,0.093,-0.204,0.965,3,16
145717,0.0,0.0,0.05,0.092,-0.205,0.965,3,16
145767,0.0,0.0,0.06,0.091,-0.202,0.966,3,16
145817,0.0,0.0,0.01,0.092,-0.201,0.965,3,16
145868,0.0,0.0,0.01,0.092,-0.201,0.965,3,16
145918,0.0,0.0,0.02,0.094,-0.205,0.965,3,16
145968,0.0,0.0,0.03,0.093,-0.205,0.965,3,16
146018,0.0,0.0,0.11,0.092,-0.204,0.965,3,16
146068,0.0,0.0,0.11,0.092,-0.204,0.965,3,16
146118,0.0,0.0,0.03,0.091,-0.202,0.966,3,16
146168,0.0,0.0,0.03,0.091,-0.202,0.966,3,16
146218,0.0,0.0,0.05,0.093,-0.203,0.965,3,16
146268,0.0,0.0,0.07,0.093,-0.203,0.965,3,16
146318,0.0,0.0,0.02,0.093,-0.203,0.966,3,16
146369,0.0,0.0,0.04,0.091,-0.203,0.965,3,16
146419,0.0,0.0,0.04,0.091,-0.203,0.965,3,16
146469,0.0,0.0,0.04,0.091,-0.202,0.965,3,16
146519,0.0,0.0,0.09,0.092,-0.204,0.965,3,16
146569,0.0,0.0,0.07,0.092,-0.203,0.965,3,16
146619,0.0,0.0,0.07,0.092,-0.203,0.965,3,16
146669,0.0,0.0,0.08,0.092,-0.202,0.965,3,16
146719,0.0,0.0,0.08,0.092,-0.202,0.965,3,16
146769,0.0,0.0,0.07,0.092,-0.202,0.965,3,16
146819,0.0,0.0,0.03,0.092,-0.204,0.965,3,16
146870,0.0,0.0,0.04,0.092,-0.204,0.965,3,16
146926,0.0,0.0,0.04,0.092,-0.204,0.965,3,16
146975,0.0,0.0,0.08,0.092,-0.202,0.965,3,16
147025,0.0,0.0,0.01,0.092,-0.203,0.965,3,16
147076,0.0,0.0,0.01,0.092,-0.203,0.965,3,16
147125,0.0,0.0,0.08,0.092,-0.203,0.965,3,16
147175,0.0,0.0,0.04,0.092,-0.203,0.965,3,16
147226,0.0,0.0,0.04,0.092,-0.203,0.965,3,16
147275,0.0,0.0,0.03,0.092,-0.202,0.965,3,16
147325,0.0,0.0,0.08,0.092,-0.203,0.965,3,16
147379,0.0,0.0,0.08,0.092,-0.203,0.965,3,16
147429,0.0,0.0,0.05,0.092,-0.203,0.965,3,16
147479,0.0,0.0,0.23,0.093,-0.205,0.965,3,16
147530,0.0,0.0,0.23,0.093,-0.205,0.965,3,16
147579,0.0,0.0,0.04,0.092,-0.205,0.965,3,16
147629,0.0,0.0,0.04,0.091,-0.202,0.965,3,16
147680,0.0,0.0,0.04,0.091,-0.202,0.965,3,16
147729,0.0,0.0,0.02,0.092,-0.202,0.965,3,16
147779,0.0,0.0,0.17,0.092,-0.203,0.965,3,16
147830,0.0,0.0,0.17,0.092,-0.203,0.965,3,16
147882,0.0,0.0,0.14,0.091,-0.203,0.965,3,16
147932,0.0,0.0,0.10,0.091,-0.204,0.965,3,16
147982,0.0,0.0,0.15,0.092,-0.204,0.965,3,16
148032,0.0,0.0,0.24,0.092,-0.203,0.965,3,16
148082,0.0,0.0,0.01,0.092,-0.202,0.965,3,16
148132,0.0,0.0,0.01,0.092,-0.202,0.965,3,16
148182,0.0,0.0,0.06,0.091,-0.203,0.965,3,16
148232,0.0,0.0,0.06,0.091,-0.204,0.965,3,16
148282,0.0,0.0,0.06,0.092,-0.203,0.965,3,16
148332,0.0,0.0,0.10,0.092,-0.203,0.965,3,16
148383,0.0,0.0,0.04,0.093,-0.203,0.965,3,16
148433,0.0,0.0,0.04,0.093,-0.203,0.965,3,16
148483,0.0,0.0,0.05,0.092,-0.203,0.965,3,16
148533,0.0,0.0,0.06,0.091,-0.204,0.965,3,16
148585,0.0,0.0,0.10,0.091,-0.204,0.965,3,16
148634,0.0,0.0,0.02,0.091,-0.203,0.965,3,16
148684,0.0,0.0,0.10,0.092,-0.203,0.965,3,16
148735,0.0,0.0,0.10,0.092,-0.203,0.965,3,16
148784,0.0,0.0,0.05,0.092,-0.203,0.965,3,16
148834,0.0,0.0,0.05,0.092,-0.203,0.965,3,16
148888,0.0,0.0,0.03,0.092,-0.203,0.965,3,16
148938,0.0,0.0,0.02,0.091,-0.203,0.965,3,16
148988,0.0,0.0,0.06,0.092,-0.203,0.965,3,16
149039,0.0,0.0,0.06,0.092,-0.203,0.965,3,16
149088,0.0,0.0,0.01,0.092,-0.203,0.965,3,16
149138,0.0,0.0,0.02,0.092,-0.203,0.965,3,16
149189,0.0,0.0,0.03,0.092,-0.203,0.965,3,16
149238,0.0,0.0,0.06,0.091,-0.203,0.965,3,16
149288,0.0,0.0,0.02,0.091,-0.203,0.966,3,16
149338,0.0,0.0,0.02,0.091,-0.203,0.966,3,16
149389,0.0,0.0,0.02,0.091,-0.203,0.966,3,16
149439,0.0,0.0,0.07,0.092,-0.203,0.965,3,16
149489,0.0,0.0,0.05,0.092,-0.203,0.965,3,16
149539,0.0,0.0,0.02,0.092,-0.202,0.966,3,15
149589,0.0,0.0,0.12,0.092,-0.203,0.965,3,15
149639,0.0,0.0,0.12,0.092,-0.203,0.965,3,15
149689,0.0,0.0,0.14,0.093,-0.202,0.965,3,16
149739,0.0,0.0,0.03,0.091,-0.203,0.965,3,16
149789,0.0,0.0,0.05,0.091,-0.204,0.965,3,16
149839,0.0,0.0,0.05,0.091,-0.204,0.965,3,16
149890,0.0,0.0,0.17,0.093,-0.203,0.965,3,16
149940,0.0,0.0,0.17,0.093,-0.203,0.965,3,16
149991,0.0,0.0,0.17,0.093,-0.202,0.965,3,16
150040,0.0,0.0,0.08,0.090,-0.203,0.965,3,16
150090,0.0,0.0,0.06,0.090,-0.204,0.966,3,16
150141,0.0,0.0,0.04,0.091,-0.204,0.966,3,16
150190,0.0,0.0,0.06,0.093,-0.203,0.965,3,16
150240,0.0,0.0,0.06,0.093,-0.203,0.965,3,16
150291,0.0,0.0,0.06,0.092,-0.202,0.965,3,16
150340,0.0,0.0,0.04,0.091,-0.202,0.966,3,16
150391,0.0,0.0,0.03,0.091,-0.203,0.966,3,16
150441,0.0,0.0,0.06,0.091,-0.204,0.965,3,16
150491,0.0,0.0,0.03,0.092,-0.203,0.965,3,16
150541,0.0,0.0,0.03,0.092,-0.203,0.965,3,16
150591,0.0,0.0,0.02,0.092,-0.202,0.965,3,16
150641,0.0,0.0,0.11,0.092,-0.203,0.965,3,16
150691,0.0,0.0,0.04,0.092,-0.203,0.965,3,16
150741,0.0,0.0,0.08,0.092,-0.203,0.966,3,16
150791,0.0,0.0,0.06,0.091,-0.203,0.965,3,16
150841,0.0,0.0,0.06,0.091,-0.203,0.965,3,16
150892,0.0,0.0,0.16,0.092,-0.202,0.966,3,16
150942,0.0,0.0,0.05,0.092,-0.203,0.966,3,16
150992,0.0,0.0,0.05,0.092,-0.203,0.966,3,16
151042,0.0,0.0,0.05,0.092,-0.203,0.966,3,16
151092,0.0,0.0,0.12,0.092,-0.204,0.965,3,16
151142,0.0,0.0,0.04,0.092,-0.202,0.965,3,16
151192,0.0,0.0,0.04,0.092,-0.202,0.965,3,16
151242,0.0,0.0,0.07,0.092,-0.203,0.965,3,16
151292,0.0,0.0,0.11,0.092,-0.203,0.965,3,16
151342,0.0,0.0,0.11,0.092,-0.203,0.965,3,16
151393,0.0,0.0,0.05,0.092,-0.203,0.966,3,16
151443,0.0,0.0,0.04,0.092,-0.203,0.965,3,16
151493,0.0,0.0,0.04,0.092,-0.203,0.965,3,16
151543,0.0,0.0,0.03,0.092,-0.203,0.965,3,16
151593,0.0,0.0,0.05,0.092,-0.203,0.965,3,16
151643,0.0,0.0,0.07,0.092,-0.203,0.965,3,16
151693,0.0,0.0,0.04,0.091,-0.203,0.965,3,16
151743,0.0,0.0,0.03,0.091,-0.203,0.965,3,16
151793,0.0,0.0,0.03,0.091,-0.203,0.965,3,16
151843,0.0,0.0,0.03,0.093,-0.203,0.965,3,16
151894,0.0,0.0,0.03,0.093,-0.203,0.965,3,16
151944,0.0,0.0,0.04,0.092,-0.203,0.965,3,16
151994,0.0,0.0,0.10,0.091,-0.203,0.966,3,16
152044,0.0,0.0,0.05,0.092,-0.203,0.965,3,16
152094,0.0,0.0,0.05,0.092,-0.203,0.965,3,16
152144,0.0,0.0,0.06,0.092,-0.203,0.965,3,16
152194,0.0,0.0,0.04,0.092,-0.203,0.965,3,16
152244,0.0,0.0,0.02,0.092,-0.203,0.965,3,16
152294,0.0,0.0,0.09,0.092,-0.202,0.965,3,16
152344,0.0,0.0,0.10,0.091,-0.203,0.966,3,16
152395,0.0,0.0,0.10,0.091,-0.203,0.966,3,16
152445,0.0,0.0,0.07,0.092,-0.203,0.965,3,16
152495,0.0,0.0,0.09,0.092,-0.203,0.965,3,16
152545,0.0,0.0,0.03,0.092,-0.203,0.965,3,16
152595,0.0,0.0,0.07,0.091,-0.203,0.965,3,16
152645,0.0,0.0,0.04,0.092,-0.203,0.965,3,16
152695,0.0,0.0,0.04,0.092,-0.203,0.965,3,16
152745,0.0,0.0,0.02,0.092,-0.203,0.965,3,16
152795,0.0,0.0,0.06,0.092,-0.203,0.966,3,16
152845,0.0,0.0,0.05,0.092,-0.203,0.966,3,16
152905,0.0,0.0,0.08,0.092,-0.203,0.965,3,16
152955,0.0,0.0,0.03,0.092,-0.203,0.965,3,16
153005,0.0,0.0,0.05,0.092,-0.203,0.966,3,16
153055,0.0,0.0,0.02,0.092,-0.203,0.965,3,16
153105,0.0,0.0,0.03,0.092,-0.202,0.965,3,16
153155,0.0,0.0,0.03,0.092,-0.202,0.965,3,16
153205,0.0,0.0,0.06,0.092,-0.203,0.965,3,16
153255,0.0,0.0,0.01,0.092,-0.203,0.965,3,16
153306,0.0,0.0,0.01,0.092,-0.203,0.965,3,16
153355,0.0,0.0,0.04,0.092,-0.203,0.965,3,16
153406,0.0,0.0,0.05,0.092,-0.202,0.965,3,16
153457,0.0,0.0,0.05,0.092,-0.202,0.965,3,16
153506,0.0,0.0,0.05,0.092,-0.203,0.965,3,16
153556,0.0,0.0,0.05,0.091,-0.203,0.966,3,16
153607,0.0,0.0,0.04,0.091,-0.203,0.966,3,16
153656,0.0,0.0,0.06,0.092,-0.203,0.965,3,16
153706,0.0,0.0,0.04,0.092,-0.203,0.965,3,16
153756,0.0,0.0,0.04,0.092,-0.203,0.965,3,16
153806,0.0,0.0,0.09,0.092,-0.203,0.966,3,16
153856,0.0,0.0,0.03,0.091,-0.203,0.966,3,16
153907,0.0,0.0,0.03,0.091,-0.203,0.966,3,16
153957,0.0,0.0,0.14,0.092,-0.203,0.966,3,16
154007,0.0,0.0,0.04,0.092,-0.203,0.965,3,16
154057,0.0,0.0,0.04,0.092,-0.203,0.965,3,16
154107,0.0,0.0,0.04,0.092,-0.203,0.965,3,16
154157,0.0,0.0,0.06,0.092,-0.202,0.965,3,16
154207,0.0,0.0,0.07,0.092,-0.203,0.965,3,16
154257,0.0,0.0,0.10,0.092,-0.203,0.965,3,16
154307,0.0,0.0,0.04,0.092,-0.203,0.965,3,16
154357,0.0,0.0,0.04,0.092,-0.203,0.965,3,16
154415,0.0,0.0,0.01,0.092,-0.202,0.966,3,16
154465,0.0,0.0,0.09,0.092,-0.203,0.966,3,16
154515,0.0,0.0,0.09,0.092,-0.203,0.966,3,16
154565,0.0,0.0,0.09,0.092,-0.203,0.966,3,16
154615,0.0,0.0,0.03,0.092,-0.203,0.966,3,16
154666,0.0,0.0,0.04,0.093,-0.203,0.965,3,16
154715,0.0,0.0,0.04,0.093,-0.203,0.965,3,16
154765,0.0,0.0,0.12,0.092,-0.203,0.966,3,16
154815,0.0,0.0,0.13,0.091,-0.203,0.966,3,16
154865,0.0,0.0,0.05,0.092,-0.203,0.966,3,16
154916,0.0,0.0,0.05,0.092,-0.203,0.966,3,16
154966,0.0,0.0,0.06,0.092,-0.203,0.965,3,16
155016,0.0,0.0,0.06,0.092,-0.203,0.965,3,16
155066,0.0,0.0,0.11,0.092,-0.203,0.966,3,16
155116,0.0,0.0,0.05,0.092,-0.203,0.966,3,16
155166,0.0,0.0,0.03,0.092,-0.203,0.965,3,16
155216,0.0,0.0,0.07,0.092,-0.203,0.966,3,16
155266,0.0,0.0,0.02,0.092,-0.203,0.966,3,16
155316,0.0,0.0,0.02,0.092,-0.203,0.966,3,16
155366,0.0,0.0,0.04,0.092,-0.202,0.966,3,16
155417,0.0,0.0,0.05,0.092,-0.203,0.966,3,16
155467,0.0,0.0,0.02,0.092,-0.203,0.966,3,16
155517,0.0,0.0,0.04,0.092,-0.203,0.965,3,16
155567,0.0,0.0,0.02,0.092,-0.203,0.966,3,16
155617,0.0,0.0,0.02,0.092,-0.203,0.966,3,16
155667,0.0,0.0,0.11,0.092,-0.203,0.966,3,16
155717,0.0,0.0,0.04,0.091,-0.203,0.966,3,16
155767,0.0,0.0,0.04,0.091,-0.203,0.966,3,16
155817,0.0,0.0,0.07,0.092,-0.203,0.966,3,16
155867,0.0,0.0,0.05,0.092,-0.203,0.965,3,16
155918,0.0,0.0,0.05,0.092,-0.203,0.965,3,16
155968,0.0,0.0,0.03,0.092,-0.203,0.965,3,16
156018,0.0,0.0,0.04,0.092,-0.203,0.965,3,16
156068,0.0,0.0,0.03,0.092,-0.203,0.965,3,16
156118,0.0,0.0,0.03,0.092,-0.203,0.965,3,16
156168,0.0,0.0,0.04,0.092,-0.203,0.966,3,16
156218,0.0,0.0,0.04,0.092,-0.203,0.966,3,16
156268,0.0,0.0,0.07,0.091,-0.203,0.966,3,16
156318,0.0,0.0,0.02,0.091,-0.203,0.966,3,16
156368,0.0,0.0,0.02,0.091,-0.203,0.966,3,16
156419,0.0,0.0,0.03,0.092,-0.203,0.965,3,16
156469,0.0,0.0,0.06,0.092,-0.203,0.965,3,16
156519,0.0,0.0,0.06,0.092,-0.203,0.965,3,16
156569,0.0,0.0,0.07,0.092,-0.203,0.965,3,16
156619,0.0,0.0,0.07,0.092,-0.203,0.966,3,16
156669,0.0,0.0,0.09,0.092,-0.203,0.966,3,16
156719,0.0,0.0,0.04,0.092,-0.203,0.965,3,16
156769,0.0,0.0,0.04,0.092,-0.203,0.965,3,16
156819,0.0,0.0,0.04,0.092,-0.203,0.965,3,16
156869,0.0,0.0,0.07,0.092,-0.203,0.965,3,16
156920,0.0,0.0,0.07,0.092,-0.203,0.965,3,16
156970,0.0,0.0,0.02,0.092,-0.203,0.965,3,16
157020,0.0,0.0,0.02,0.092,-0.203,0.965,3,16
157070,0.0,0.0,0.03,0.092,-0.203,0.965,3,16
157120,0.0,0.0,0.03,0.092,-0.203,0.965,3,16
157170,0.0,0.0,0.02,0.092,-0.203,0.966,3,16
157220,0.0,0.0,0.07,0.092,-0.203,0.966,3,16
157270,0.0,0.0,0.06,0.091,-0.203,0.966,3,16
157320,0.0,0.0,0.07,0.092,-0.203,0.965,3,16
157370,0.0,0.0,0.03,0.092,-0.203,0.966,3,16
157424,0.0,0.0,0.03,0.092,-0.203,0.966,3,16
157473,0.0,0.0,0.04,0.092,-0.203,0.966,3,16
157523,0.0,0.0,0.11,0.092,-0.203,0.966,3,16
157577,0.0,0.0,0.05,0.092,-0.203,0.966,3,16
157626,0.0,0.0,0.09,0.092,-0.203,0.966,3,16
157676,0.0,0.0,0.06,0.092,-0.203,0.965,3,16
157727,0.0,0.0,0.06,0.092,-0.203,0.965,3,16
157776,0.0,0.0,0.04,0.092,-0.202,0.965,3,16
157826,0.0,0.0,0.07,0.092,-0.203,0.966,3,16
157877,0.0,0.0,0.07,0.092,-0.203,0.966,3,16
157931,0.0,0.0,0.06,0.092,-0.203,0.966,3,16
157981,0.0,0.0,0.05,0.092,-0.203,0.965,3,16
158031,0.0,0.0,0.05,0.092,-0.203,0.965,3,16
158081,0.0,0.0,0.02,0.091,-0.202,0.965,3,16
158131,0.0,0.0,0.04,0.091,-0.203,0.965,3,16
158181,0.0,0.0,0.04,0.091,-0.203,0.965,3,16
158231,0.0,0.0,0.08,0.091,-0.203,0.965,3,16
158281,0.0,0.0,0.08,0.092,-0.203,0.966,3,16
158331,0.0,0.0,0.08,0.092,-0.203,0.966,3,16
158381,0.0,0.0,0.05,0.092,-0.202,0.966,3,16
158432,0.0,0.0,0.03,0.091,-0.203,0.966,3,16
158483,0.0,0.0,0.03,0.091,-0.203,0.966,3,16
158532,0.0,0.0,0.09,0.092,-0.203,0.965,3,16
158582,0.0,0.0,0.10,0.092,-0.203,0.965,3,16
158633,0.0,0.0,0.10,0.092,-0.203,0.965,3,16
158682,0.0,0.0,0.02,0.092,-0.203,0.966,3,16
158732,0.0,0.0,0.07,0.091,-0.203,0.966,3,16
158783,0.0,0.0,0.07,0.091,-0.203,0.966,3,16
158832,0.0,0.0,0.04,0.092,-0.203,0.966,3,16
158882,0.0,0.0,0.02,0.092,-0.203,0.966,3,16
158934,0.0,0.0,0.02,0.092,-0.203,0.966,3,16
158983,0.0,0.0,0.07,0.092,-0.202,0.965,3,16
159033,0.0,0.0,0.04,0.092,-0.203,0.965,3,16
159083,0.0,0.0,0.04,0.092,-0.203,0.965,3,16
159133,0.0,0.0,0.01,0.091,-0.204,0.965,3,16
159183,0.0,0.0,0.10,0.092,-0.202,0.965,3,16
159233,0.0,0.0,0.10,0.092,-0.202,0.965,3,16
159283,0.0,0.0,0.11,0.092,-0.202,0.965,3,16
159333,0.0,0.0,0.11,0.092,-0.202,0.965,3,16
159385,0.0,0.0,0.11,0.092,-0.202,0.965,3,16
159437,0.0,0.0,0.07,0.092,-0.203,0.965,3,16
159487,0.0,0.0,0.04,0.092,-0.203,0.965,3,16
159538,0.0,0.0,0.04,0.092,-0.203,0.965,3,16
159588,0.0,0.0,0.03,0.092,-0.202,0.966,3,16
159638,0.0,0.0,0.08,0.092,-0.204,0.965,3,16
159688,0.0,0.0,0.05,0.092,-0.204,0.965,3,16
159738,0.0,0.0,0.07,0.092,-0.203,0.965,3,16
159788,0.0,0.0,0.07,0.092,-0.202,0.966,3,16
159838,0.0,0.0,0.07,0.092,-0.202,0.966,3,16
159888,0.0,0.0,0.03,0.092,-0.202,0.965,3,16
159939,0.0,0.0,0.05,0.092,-0.203,0.966,3,16
159990,0.0,0.0,0.02,0.092,-0.203,0.966,3,16
160039,0.0,0.0,0.07,0.092,-0.203,0.965,3,16
160089,0.0,0.0,0.03,0.092,-0.202,0.966,3,16
160140,0.0,0.0,0.03,0.092,-0.202,0.966,3,16
160189,0.0,0.0,0.02,0.092,-0.203,0.966,3,16
160239,0.0,0.0,0.02,0.092,-0.203,0.966,3,16
160290,0.0,0.0,0.04,0.092,-0.203,0.966,3,16
160339,0.0,0.0,0.03,0.092,-0.203,0.966,3,16
160389,0.0,0.0,0.04,0.092,-0.202,0.966,3,16
160440,0.0,0.0,0.04,0.092,-0.202,0.966,3,16
160490,0.0,0.0,0.04,0.092,-0.202,0.966,3,16
160540,0.0,0.0,0.05,0.092,-0.203,0.966,3,16
160590,0.0,0.0,0.01,0.092,-0.203,0.966,3,16
160640,0.0,0.0,0.01,0.092,-0.203,0.966,3,16
160690,0.0,0.0,0.03,0.092,-0.203,0.965,3,16
160740,0.0,0.0,0.08,0.092,-0.203,0.965,3,16
160790,0.0,0.0,0.10,0.092,-0.203,0.966,3,16
160840,0.0,0.0,0.10,0.092,-0.203,0.966,3,16
160890,0.0,0.0,0.04,0.092,-0.203,0.965,3,16
160942,0.0,0.0,0.04,0.092,-0.203,0.965,3,16
160991,0.0,0.0,0.08,0.092,-0.202,0.966,3,16
161041,0.0,0.0,0.03,0.092,-0.201,0.966,3,16
161092,0.0,0.0,0.03,0.091,-0.202,0.966,3,16
161141,0.0,0.0,0.07,0.091,-0.204,0.965,3,16
161191,0.0,0.0,0.02,0.092,-0.205,0.965,3,16
161242,0.0,0.0,0.02,0.092,-0.205,0.965,3,16
161291,0.0,0.0,0.07,0.092,-0.203,0.965,3,16
161341,0.0,0.0,0.02,0.092,-0.201,0.966,3,16
161392,0.0,0.0,0.02,0.092,-0.201,0.965,3,16
161442,0.0,0.0,0.07,0.091,-0.204,0.966,3,16
161492,0.0,0.0,0.07,0.091,-0.204,0.966,3,16
161542,0.0,0.0,0.07,0.091,-0.204,0.966,3,16
161592,0.0,0.0,0.04,0.092,-0.202,0.965,3,16
161642,0.0,0.0,0.08,0.093,-0.202,0.965,3,16
161692,0.0,0.0,0.12,0.093,-0.203,0.965,3,16
161742,0.0,0.0,0.02,0.093,-0.203,0.966,3,16
161792,0.0,0.0,0.01,0.091,-0.203,0.965,3,16
161842,0.0,0.0,0.01,0.091,-0.203,0.965,3,16
161892,0.0,0.0,0.08,0.092,-0.203,0.965,3,16
161943,0.0,0.0,0.03,0.093,-0.203,0.965,3,16
161993,0.0,0.0,0.06,0.093,-0.203,0.965,3,16
162043,0.0,0.0,0.10,0.092,-0.202,0.966,3,16
162093,0.0,0.0,0.10,0.092,-0.202,0.966,3,16
162143,0.0,0.0,0.10,0.092,-0.202,0.966,3,16
162193,0.0,0.0,0.02,0.091,-0.203,0.966,3,16
162243,0.0,0.0,0.06,0.091,-0.203,0.966,3,16
162293,0.0,0.0,0.02,0.092,-0.203,0.966,3,16
162343,0.0,0.0,0.07,0.092,-0.202,0.965,3,16
162393,0.0,0.0,0.08,0.091,-0.202,0.965,3,16
162444,0.0,0.0,0.08,0.091,-0.202,0.965,3,16
162494,0.0,0.0,0.03,0.092,-0.203,0.965,3,16
162544,0.0,0.0,0.03,0.092,-0.203,0.965,3,16
162594,0.0,0.0,0.06,0.092,-0.203,0.966,3,16
162644,0.0,0.0,0.08,0.091,-0.202,0.965,3,16
162694,0.0,0.0,0.01,0.091,-0.203,0.965,3,16
162744,0.0,0.0,0.01,0.091,-0.203,0.965,3,16
162794,0.0,0.0,0.04,0.092,-0.203,0.966,3,16
162844,0.0,0.0,0.06,0.092,-0.203,0.965,3,16
162894,0.0,0.0,0.06,0.092,-0.202,0.966,3,16
162945,0.0,0.0,0.02,0.092,-0.202,0.966,3,16
162995,0.0,0.0,0.06,0.091,-0.201,0.966,3,16
163045,0.0,0.0,0.06,0.091,-0.201,0.966,3,16
163095,0.0,0.0,0.10,0.094,-0.207,0.966,3,16
163145,0.0,0.0,0.12,0.094,-0.206,0.966,3,16
163195,0.0,0.0,0.05,0.092,-0.199,0.966,3,16
163245,0.0,0.0,0.05,0.092,-0.199,0.966,3,16
163295,0.0,0.0,0.11,0.085,-0.195,0.966,3,16
163345,0.0,0.0,0.11,0.085,-0.195,0.966,3,16
163395,0.0,0.0,0.08,0.094,-0.211,0.965,3,16
163446,0.0,0.0,0.08,0.094,-0.211,0.965,3,16
163503,0.0,0.0,0.09,0.098,-0.208,0.963,3,16
163552,0.0,0.0,0.15,0.093,-0.198,0.966,3,16
163602,0.0,0.0,0.18,0.088,-0.204,0.966,3,16
163652,0.0,0.0,0.18,0.088,-0.204,0.966,3,16
163702,0.0,0.0,0.04,0.088,-0.205,0.967,3,16
163752,0.0,0.0,0.13,0.090,-0.198,0.965,3,16
163802,0.0,0.0,0.13,0.090,-0.198,0.965,3,16
163852,0.0,0.0,0.18,0.094,-0.200,0.964,3,16
163902,0.0,0.0,0.02,0.094,-0.202,0.965,3,16
163954,0.0,0.0,0.02,0.094,-0.202,0.965,3,16
164003,0.0,0.0,0.11,0.091,-0.206,0.966,3,15
164053,0.0,0.0,0.14,0.090,-0.203,0.966,3,15
164104,0.0,0.0,0.14,0.090,-0.203,0.966,3,15
164153,0.0,0.0,0.06,0.091,-0.204,0.965,3,16
164203,0.0,0.0,0.07,0.094,-0.202,0.966,3,16
164254,0.0,0.0,0.07,0.094,-0.202,0.966,3,16
164304,0.0,0.0,0.03,0.094,-0.200,0.965,3,16
164354,0.0,0.0,0.11,0.091,-0.206,0.966,3,16
164404,0.0,0.0,0.11,0.091,-0.206,0.966,3,16
164457,0.0,0.0,0.17,0.090,-0.203,0.965,3,16
164507,0.0,0.0,0.13,0.090,-0.201,0.966,3,16
164558,0.0,0.0,0.13,0.090,-0.201,0.966,3,16
164607,0.0,0.0,0.16,0.092,-0.203,0.967,3,16
164657,0.0,0.0,0.16,0.095,-0.204,0.965,3,16
164707,0.0,0.0,0.16,0.095,-0.204,0.965,3,16
164757,0.0,0.0,0.12,0.094,-0.204,0.965,3,16
164807,0.0,0.0,0.05,0.092,-0.201,0.966,3,16
164858,0.0,0.0,0.05,0.092,-0.201,0.966,3,16
164907,0.0,0.0,0.04,0.089,-0.201,0.966,3,16
164958,0.0,0.0,0.02,0.091,-0.206,0.967,3,16
165008,0.0,0.0,0.02,0.091,-0.206,0.967,3,16
165058,0.0,0.0,0.10,0.095,-0.204,0.965,3,16
165108,0.0,0.0,0.05,0.092,-0.200,0.965,3,16
165158,0.0,0.0,0.05,0.092,-0.200,0.965,3,16
165208,0.0,0.0,0.03,0.090,-0.202,0.966,3,16
165258,0.0,0.0,0.06,0.091,-0.203,0.966,3,16
165309,0.0,0.0,0.06,0.091,-0.203,0.966,3,16
165359,0.0,0.0,0.04,0.092,-0.203,0.966,3,16
165409,0.0,0.0,0.02,0.093,-0.202,0.965,3,16
165463,0.0,0.0,0.02,0.093,-0.202,0.965,3,16
165514,0.0,0.0,0.03,0.092,-0.201,0.965,3,16
165564,0.0,0.0,0.09,0.091,-0.203,0.966,3,16
165616,0.0,0.0,0.01,0.091,-0.204,0.966,3,16
165665,0.0,0.0,0.04,0.092,-0.204,0.966,3,16
165715,0.0,0.0,0.02,0.093,-0.201,0.966,3,16
165765,0.0,0.0,0.02,0.093,-0.201,0.966,3,16
165815,0.0,0.0,0.05,0.092,-0.202,0.966,3,16
165865,0.0,0.0,0.09,0.091,-0.203,0.966,3,16
165915,0.0,0.0,0.04,0.091,-0.203,0.966,3,16
165966,0.0,0.0,0.04,0.091,-0.203,0.966,3,16
166016,0.0,0.0,0.05,0.092,-0.203,0.965,3,16
166066,0.0,0.0,0.05,0.092,-0.203,0.965,3,16
166116,0.0,0.0,0.04,0.092,-0.202,0.965,3,16
166166,0.0,0.0,0.05,0.091,-0.202,0.966,3,16
166216,0.0,0.0,0.02,0.091,-0.203,0.966,3,16
166266,0.0,0.0,0.07,0.091,-0.203,0.966,3,16
166316,0.0,0.0,0.02,0.092,-0.202,0.966,3,16
166366,0.0,0.0,0.02,0.092,-0.202,0.966,3,16
166416,0.0,0.0,0.06,0.092,-0.202,0.966,3,16
166467,0.0,0.0,0.02,0.091,-0.203,0.966,3,16
166517,0.0,0.0,0.04,0.091,-0.203,0.966,3,16
166567,0.0,0.0,0.06,0.091,-0.203,0.966,3,16
166617,0.0,0.0,0.01,0.092,-0.203,0.966,3,16
166667,0.0,0.0,0.01,0.092,-0.203,0.966,3,16
166717,0.0,0.0,0.08,0.092,-0.202,0.966,3,15
166767,0.0,0.0,0.08,0.092,-0.202,0.966,3,15
166817,0.0,0.0,0.12,0.092,-0.202,0.966,3,15
166867,0.0,0.0,0.05,0.091,-0.203,0.965,3,15
166917,0.0,0.0,0.06,0.092,-0.203,0.966,3,15
166968,0.0,0.0,0.06,0.092,-0.203,0.966,3,15
167018,0.0,0.0,0.06,0.092,-0.202,0.966,3,15
167068,0.0,0.0,0.09,0.091,-0.202,0.966,3,15
167118,0.0,0.0,0.07,0.091,-0.203,0.966,3,16
167168,0.0,0.0,0.07,0.091,-0.203,0.966,3,16
167218,0.0,0.0,0.06,0.092,-0.203,0.965,3,16
167268,0.0,0.0,0.06,0.092,-0.203,0.965,3,16
167318,0.0,0.0,0.15,0.091,-0.202,0.966,3,16
167368,0.0,0.0,0.08,0.092,-0.203,0.966,3,16
167418,0.0,0.0,0.03,0.092,-0.203,0.966,3,16
167469,0.0,0.0,0.06,0.092,-0.202,0.966,3,16
167519,0.0,0.0,0.01,0.092,-0.202,0.966,3,16
167569,0.0,0.0,0.01,0.092,-0.202,0.966,3,16
167619,0.0,0.0,0.11,0.091,-0.203,0.966,3,16
167669,0.0,0.0,0.05,0.092,-0.202,0.966,3,16
167719,0.0,0.0,0.05,0.092,-0.203,0.966,3,16
167769,0.0,0.0,0.05,0.092,-0.203,0.966,3,16
167819,0.0,0.0,0.05,0.092,-0.202,0.966,3,16
167869,0.0,0.0,0.05,0.092,-0.202,0.966,3,16
167919,0.0,0.0,0.04,0.091,-0.202,0.966,3,16
167970,0.0,0.0,0.03,0.092,-0.202,0.966,3,16
168020,0.0,0.0,0.04,0.092,-0.202,0.966,3,16
168070,0.0,0.0,0.04,0.092,-0.202,0.966,3,16
168120,0.0,0.0,0.07,0.092,-0.202,0.965,3,16
168170,0.0,0.0,0.07,0.092,-0.202,0.965,3,16
168220,0.0,0.0,0.03,0.092,-0.202,0.965,3,16
168270,0.0,0.0,0.03,0.092,-0.203,0.966,3,16
168320,0.0,0.0,0.04,0.092,-0.203,0.965,3,16
168370,0.0,0.0,0.04,0.092,-0.203,0.965,3,16
168420,0.0,0.0,0.02,0.092,-0.202,0.966,3,16
168471,0.0,0.0,0.02,0.092,-0.202,0.966,3,16
168521,0.0,0.0,0.02,0.092,-0.203,0.966,3,16
168571,0.0,0.0,0.06,0.092,-0.202,0.966,3,16
168621,0.0,0.0,0.08,0.092,-0.202,0.965,3,16
168671,0.0,0.0,0.08,0.092,-0.202,0.965,3,16
168721,0.0,0.0,0.14,0.091,-0.202,0.966,3,16
168771,0.0,0.0,0.05,0.091,-0.202,0.965,3,16
168821,0.0,0.0,0.04,0.092,-0.202,0.965,3,16
168871,0.0,0.0,0.06,0.092,-0.203,0.965,3,16
168921,0.0,0.0,0.05,0.092,-0.203,0.966,3,16
168980,0.0,0.0,0.05,0.092,-0.203,0.966,3,16
169029,0.0,0.0,0.07,0.091,-0.202,0.965,3,16
169079,0.0,0.0,0.05,0.092,-0.202,0.965,3,16
169130,0.0,0.0,0.05,0.092,-0.202,0.965,3,16
169179,0.0,0.0,0.08,0.092,-0.203,0.966,3,16
169229,0.0,0.0,0.09,0.092,-0.202,0.966,3,16
169280,0.0,0.0,0.09,0.092,-0.202,0.966,3,16
169329,0.0,0.0,0.08,0.092,-0.203,0.966,3,16
169379,0.0,0.0,0.11,0.092,-0.203,0.966,3,16
169430,0.0,0.0,0.11,0.092,-0.203,0.966,3,16
169482,0.0,0.0,0.02,0.092,-0.202,0.966,3,16
169532,0.0,0.0,0.05,0.092,-0.202,0.966,3,16
169582,0.0,0.0,0.05,0.092,-0.202,0.966,3,16
169632,0.0,0.0,0.06,0.092,-0.203,0.966,3,16
169682,0.0,0.0,0.07,0.092,-0.203,0.966,3,16
169732,0.0,0.0,0.07,0.092,-0.203,0.966,3,16
169782,0.0,0.0,0.01,0.092,-0.202,0.966,3,16
169832,0.0,0.0,0.05,0.092,-0.202,0.966,3,16
169882,0.0,0.0,0.05,0.092,-0.202,0.966,3,16
169932,0.0,0.0,0.05,0.092,-0.203,0.966,3,16
169983,0.0,0.0,0.12,0.092,-0.203,0.966,3,16
170034,0.0,0.0,0.12,0.092,-0.203,0.966,3,16
170083,0.0,0.0,0.06,0.092,-0.203,0.966,3,16
170133,0.0,0.0,0.11,0.092,-0.202,0.966,3,16
170184,0.0,0.0,0.11,0.092,-0.202,0.966,3,16
170233,0.0,0.0,0.07,0.092,-0.203,0.966,3,16
170283,0.0,0.0,0.10,0.092,-0.203,0.966,3,16
170335,0.0,0.0,0.10,0.092,-0.203,0.966,3,16
170384,0.0,0.0,0.05,0.092,-0.202,0.966,3,16
170434,0.0,0.0,0.03,0.092,-0.202,0.966,3,16
170488,0.0,0.0,0.03,0.092,-0.202,0.966,3,16
170539,0.0,0.0,0.04,0.092,-0.203,0.965,3,16
170589,0.0,0.0,0.08,0.092,-0.203,0.966,3,16
170639,0.0,0.0,0.04,0.092,-0.202,0.966,3,16
170689,0.0,0.0,0.10,0.092,-0.201,0.966,3,16
170739,0.0,0.0,0.09,0.092,-0.201,0.966,3,16
170789,0.0,0.0,0.09,0.092,-0.201,0.966,3,16
170839,0.0,0.0,0.17,0.092,-0.204,0.965,3,16
170889,0.0,0.0,0.09,0.091,-0.203,0.966,3,16
170939,0.0,0.0,0.16,0.091,-0.203,0.966,3,16
170991,0.0,0.0,0.17,0.092,-0.202,0.966,3,16
171041,0.0,0.0,0.04,0.092,-0.203,0.966,3,16
171091,0.0,0.0,0.04,0.092,-0.203,0.966,3,16
171141,0.0,0.0,0.15,0.092,-0.203,0.966,3,16
171191,0.0,0.0,0.11,0.092,-0.202,0.965,3,16
171241,0.0,0.0,0.08,0.092,-0.202,0.965,3,16
171291,0.0,0.0,0.03,0.092,-0.202,0.966,3,16
171341,0.0,0.0,0.04,0.092,-0.202,0.966,3,16
171391,0.0,0.0,0.04,0.092,-0.202,0.966,3,16
171441,0.0,0.0,0.07,0.092,-0.203,0.966,3,16
171492,0.0,0.0,0.17,0.091,-0.203,0.966,3,16
171542,0.0,0.0,0.11,0.092,-0.202,0.966,3,16
171593,0.0,0.0,0.11,0.092,-0.202,0.966,3,16
171642,0.0,0.0,0.15,0.092,-0.202,0.966,3,16
171692,0.0,0.0,0.15,0.092,-0.202,0.966,3,16
171743,0.0,0.0,0.03,0.091,-0.203,0.966,3,16
171792,0.0,0.0,0.06,0.092,-0.203,0.966,3,16
171842,0.0,0.0,0.12,0.092,-0.202,0.966,3,16
171893,0.0,0.0,0.09,0.092,-0.202,0.966,3,16
171942,0.0,0.0,0.06,0.092,-0.202,0.966,3,16
171993,0.0,0.0,0.06,0.092,-0.202,0.966,3,16
172043,0.0,0.0,0.17,0.092,-0.202,0.966,3,16
172093,0.0,0.0,0.04,0.091,-0.203,0.966,3,16
172143,0.0,0.0,0.05,0.091,-0.203,0.966,3,16
172193,0.0,0.0,0.17,0.092,-0.203,0.966,3,16
172243,0.0,0.0,0.05,0.092,-0.202,0.965,3,16
172293,0.0,0.0,0.05,0.092,-0.202,0.965,3,16
172343,0.0,0.0,0.22,0.092,-0.203,0.965,3,16
172393,0.0,0.0,0.12,0.091,-0.203,0.965,3,16
172443,0.0,0.0,0.12,0.091,-0.203,0.965,3,16
172494,0.0,0.0,0.12,0.091,-0.203,0.965,3,16
172544,0.0,0.0,0.12,0.092,-0.202,0.966,3,16
172594,0.0,0.0,0.12,0.092,-0.202,0.966,3,16
172644,0.0,0.0,0.12,0.092,-0.203,0.966,3,16
172694,0.0,0.0,0.07,0.092,-0.203,0.966,3,16
172744,0.0,0.0,0.07,0.092,-0.203,0.966,3,16
172794,0.0,0.0,0.13,0.092,-0.203,0.966,3,16
172844,0.0,0.0,0.08,0.092,-0.202,0.966,3,16
172894,0.0,0.0,0.08,0.092,-0.202,0.966,3,16
172944,0.0,0.0,0.00,0.092,-0.203,0.965,3,16
172995,0.0,0.0,0.09,0.092,-0.203,0.966,3,16
173045,0.0,0.0,0.06,0.091,-0.202,0.966,3,16
173095,0.0,0.0,0.03,0.091,-0.202,0.966,3,16
173145,0.0,0.0,0.03,0.091,-0.203,0.966,3,16
173195,0.0,0.0,0.03,0.091,-0.203,0.966,3,16
173245,0.0,0.0,0.16,0.092,-0.203,0.965,3,16
173295,0.0,0.0,0.06,0.092,-0.202,0.966,3,16
173345,0.0,0.0,0.08,0.091,-0.202,0.966,3,16
173395,0.0,0.0,0.06,0.091,-0.202,0.966,3,16
173445,0.0,0.0,0.11,0.092,-0.203,0.966,3,16
173496,0.0,0.0,0.09,0.092,-0.203,0.966,3,16
173546,0.0,0.0,0.09,0.092,-0.203,0.966,3,16
173596,0.0,0.0,0.15,0.092,-0.202,0.966,3,16
173646,0.0,0.0,0.06,0.091,-0.202,0.966,3,16
173696,0.0,0.0,0.04,0.091,-0.203,0.966,3,16
173746,0.0,0.0,0.09,0.092,-0.203,0.966,3,16
173796,0.0,0.0,0.09,0.092,-0.203,0.966,3,16
173846,0.0,0.0,0.19,0.092,-0.203,0.966,3,16
173896,0.0,0.0,0.07,0.092,-0.202,0.966,3,16
173946,0.0,0.0,0.09,0.091,-0.202,0.966,3,16
173997,0.0,0.0,0.03,0.091,-0.202,0.966,3,16
174047,0.0,0.0,0.11,0.092,-0.203,0.966,3,16
174097,0.0,0.0,0.19,0.092,-0.203,0.966,3,16
174147,0.0,0.0,0.19,0.092,-0.203,0.966,3,16
174197,0.0,0.0,0.12,0.091,-0.202,0.965,3,16
174247,0.0,0.0,0.06,0.092,-0.202,0.966,3,16
174297,0.0,0.0,0.05,0.092,-0.202,0.966,3,16
174347,0.0,0.0,0.11,0.092,-0.203,0.966,3,16
174397,0.0,0.0,0.10,0.092,-0.203,0.966,3,15
174447,0.0,0.0,0.10,0.092,-0.203,0.966,3,15
174507,0.0,0.0,0.10,0.091,-0.202,0.966,3,15
174557,0.0,0.0,0.16,0.092,-0.203,0.966,3,16
174607,0.0,0.0,0.16,0.092,-0.203,0.966,3,16
174657,0.0,0.0,0.04,0.092,-0.203,0.966,3,16
174707,0.0,0.0,0.06,0.092,-0.203,0.966,3,16
174757,0.0,0.0,0.09,0.091,-0.202,0.966,3,16
174807,0.0,0.0,0.15,0.091,-0.202,0.966,3,16
174857,0.0,0.0,0.13,0.092,-0.202,0.966,3,16
174908,0.0,0.0,0.13,0.092,-0.202,0.966,3,16
174957,0.0,0.0,0.06,0.092,-0.203,0.966,3,16
175008,0.0,0.0,0.09,0.092,-0.203,0.966,3,16
175059,0.0,0.0,0.13,0.092,-0.203,0.966,3,16
175108,0.0,0.0,0.05,0.091,-0.202,0.966,3,16
175158,0.0,0.0,0.06,0.091,-0.202,0.966,3,16
175209,0.0,0.0,0.06,0.091,-0.202,0.966,3,16
175258,0.0,0.0,0.06,0.092,-0.202,0.966,3,16
175308,0.0,0.0,0.10,0.092,-0.202,0.966,3,16
175359,0.0,0.0,0.15,0.092,-0.202,0.966,3,16
175408,0.0,0.0,0.08,0.091,-0.202,0.966,3,16
175458,0.0,0.0,0.06,0.091,-0.202,0.966,3,16
175510,0.0,0.0,0.06,0.091,-0.202,0.966,3,16
175560,0.0,0.0,0.12,0.092,-0.203,0.966,3,16
175610,0.0,0.0,0.10,0.092,-0.203,0.966,3,16
175662,0.0,0.0,0.11,0.092,-0.203,0.966,3,16
175712,0.0,0.0,0.05,0.092,-0.203,0.966,3,16
175762,0.0,0.0,0.06,0.091,-0.203,0.966,3,16
175812,0.0,0.0,0.06,0.091,-0.203,0.966,3,16
175862,0.0,0.0,0.08,0.092,-0.203,0.966,3,16
175912,0.0,0.0,0.07,0.092,-0.203,0.966,3,15
175962,0.0,0.0,0.03,0.092,-0.202,0.966,3,15
176016,0.0,0.0,0.03,0.091,-0.202,0.966,3,15
176066,0.0,0.0,0.11,0.092,-0.203,0.966,3,15
176116,0.0,0.0,0.11,0.092,-0.203,0.966,3,15
176166,0.0,0.0,0.09,0.092,-0.203,0.966,3,15
176216,0.0,0.0,0.14,0.092,-0.202,0.965,3,15
176266,0.0,0.0,0.18,0.091,-0.202,0.965,3,15
176316,0.0,0.0,0.11,0.091,-0.202,0.966,3,15
176366,0.0,0.0,0.06,0.091,-0.203,0.966,3,15
176416,0.0,0.0,0.06,0.091,-0.203,0.966,3,15
176466,0.0,0.0,0.08,0.092,-0.203,0.966,3,16
176517,0.0,0.0,0.24,0.092,-0.202,0.966,3,16
176567,0.0,0.0,0.30,0.091,-0.202,0.966,3,15
176617,0.0,0.0,0.27,0.091,-0.202,0.966,3,15
176667,0.0,0.0,0.10,0.092,-0.203,0.966,3,15
176717,0.0,0.0,0.10,0.092,-0.203,0.966,3,15
176767,0.0,0.0,0.08,0.092,-0.203,0.966,3,15
176817,0.0,0.0,0.14,0.091,-0.202,0.965,3,15
176867,0.0,0.0,0.11,0.091,-0.202,0.965,3,15
176917,0.0,0.0,0.12,0.091,-0.203,0.966,3,15
176967,0.0,0.0,0.05,0.091,-0.203,0.966,3,15
177018,0.0,0.0,0.05,0.091,-0.203,0.966,3,15
177068,0.0,0.0,0.04,0.092,-0.203,0.965,3,14
177118,0.0,0.0,0.04,0.092,-0.202,0.966,3,14
177168,0.0,0.0,0.06,0.091,-0.202,0.966,3,15
177218,0.0,0.0,0.03,0.092,-0.202,0.965,3,15
177268,0.0,0.0,0.03,0.091,-0.203,0.965,3,16
177318,0.0,0.0,0.03,0.091,-0.203,0.965,3,16
177368,0.0,0.0,0.03,0.091,-0.203,0.966,3,16
177418,0.0,0.0,0.06,0.092,-0.202,0.966,3,16
177468,0.0,0.0,0.04,0.092,-0.203,0.966,3,16
177519,0.0,0.0,0.09,0.092,-0.203,0.966,3,16
177569,0.0,0.0,0.04,0.091,-0.203,0.966,3,16
177619,0.0,0.0,0.04,0.091,-0.203,0.966,3,16
177669,0.0,0.0,0.10,0.092,-0.203,0.966,3,16
177719,0.0,0.0,0.09,0.092,-0.203,0.966,3,16
177769,0.0,0.0,0.02,0.092,-0.203,0.966,3,16
177819,0.0,0.0,0.12,0.092,-0.203,0.966,3,16
177869,0.0,0.0,0.03,0.091,-0.203,0.966,3,16
177919,0.0,0.0,0.03,0.091,-0.203,0.966,3,16
177969,0.0,0.0,0.12,0.092,-0.203,0.966,3,16
178020,0.0,0.0,0.07,0.092,-0.203,0.965,3,16
178070,0.0,0.0,0.02,0.092,-0.203,0.965,3,16
178120,0.0,0.0,0.06,0.091,-0.202,0.966,3,16
178170,0.0,0.0,0.11,0.092,-0.203,0.966,3,16
178220,0.0,0.0,0.06,0.092,-0.203,0.965,3,16
178270,0.0,0.0,0.06,0.092,-0.203,0.965,3,16
178320,0.0,0.0,0.03,0.092,-0.203,0.965,3,16
178370,0.0,0.0,0.06,0.091,-0.203,0.966,3,16
178420,0.0,0.0,0.05,0.091,-0.202,0.966,3,16
178470,0.0,0.0,0.02,0.091,-0.202,0.966,3,16
178521,0.0,0.0,0.07,0.092,-0.203,0.966,3,16
178571,0.0,0.0,0.07,0.092,-0.203,0.966,3,16
178621,0.0,0.0,0.05,0.092,-0.203,0.966,3,16
178671,0.0,0.0,0.04,0.091,-0.203,0.966,3,16
178721,0.0,0.0,0.04,0.092,-0.203,0.966,3,16
178771,0.0,0.0,0.09,0.092,-0.202,0.966,3,16
178821,0.0,0.0,0.04,0.092,-0.203,0.965,3,16
178871,0.0,0.0,0.04,0.092,-0.203,0.965,3,16
178921,0.0,0.0,0.06,0.092,-0.203,0.965,3,16
178971,0.0,0.0,0.11,0.091,-0.202,0.966,3,16
179022,0.0,0.0,0.06,0.091,-0.202,0.966,3,16
179072,0.0,0.0,0.06,0.091,-0.203,0.965,3,16
179122,0.0,0.0,0.10,0.092,-0.203,0.965,3,16
179172,0.0,0.0,0.10,0.092,-0.203,0.965,3,16
179222,0.0,0.0,0.07,0.092,-0.203,0.965,3,16
179272,0.0,0.0,0.00,0.092,-0.203,0.966,3,16
179322,0.0,0.0,0.05,0.091,-0.202,0.966,3,16
179372,0.0,0.0,0.03,0.091,-0.203,0.966,3,16
179422,0.0,0.0,0.17,0.092,-0.203,0.965,3,16
179472,0.0,0.0,0.17,0.092,-0.203,0.965,3,16
179533,0.0,0.0,0.05,0.092,-0.203,0.965,3,16
179583,0.0,0.0,0.01,0.091,-0.202,0.965,3,16
179633,0.0,0.0,0.01,0.091,-0.202,0.965,3,16
179683,0.0,0.0,0.02,0.091,-0.203,0.966,3,16
179733,0.0,0.0,0.06,0.092,-0.203,0.966,3,16
179783,0.0,0.0,0.06,0.092,-0.203,0.966,3,16
179833,0.0,0.0,0.03,0.092,-0.203,0.966,3,16
179883,0.0,0.0,0.02,0.092,-0.203,0.966,3,16
179933,0.0,0.0,0.02,0.092,-0.203,0.966,3,16
179983,0.0,0.0,0.06,0.092,-0.203,0.966,3,16
180034,0.0,0.0,0.06,0.092,-0.202,0.965,3,16
180085,0.0,0.0,0.01,0.092,-0.202,0.965,3,16
180134,0.0,0.0,0.05,0.092,-0.202,0.966,3,16
180184,0.0,0.0,0.06,0.091,-0.203,0.966,3,15
180236,0.0,0.0,0.06,0.091,-0.203,0.966,3,15
180285,0.0,0.0,0.03,0.091,-0.203,0.966,3,15
180335,0.0,0.0,0.07,0.092,-0.203,0.966,3,15
180385,0.0,0.0,0.03,0.092,-0.203,0.966,3,15
180435,0.0,0.0,0.06,0.092,-0.203,0.966,3,15
180485,0.0,0.0,0.07,0.092,-0.202,0.966,3,15
180536,0.0,0.0,0.07,0.092,-0.202,0.966,3,15
180586,0.0,0.0,0.04,0.091,-0.202,0.966,3,15
180636,0.0,0.0,0.03,0.092,-0.203,0.965,3,15
180688,0.0,0.0,0.03,0.092,-0.203,0.966,3,15
180737,0.0,0.0,0.05,0.091,-0.202,0.966,3,15
180787,0.0,0.0,0.01,0.091,-0.203,0.966,3,15
180838,0.0,0.0,0.01,0.091,-0.203,0.966,3,15
180887,0.0,0.0,0.06,0.092,-0.204,0.965,3,15
180937,0.0,0.0,0.08,0.092,-0.203,0.965,3,15
180988,0.0,0.0,0.06,0.092,-0.202,0.965,3,15
181042,0.0,0.0,0.04,0.091,-0.202,0.965,3,15
181092,0.0,0.0,0.04,0.091,-0.203,0.966,3,15
181142,0.0,0.0,0.05,0.092,-0.203,0.966,3,15
181192,0.0,0.0,0.05,0.092,-0.203,0.966,3,15
181242,0.0,0.0,0.07,0.092,-0.202,0.965,3,15
181292,0.0,0.0,0.05,0.091,-0.202,0.965,3,15
181342,0.0,0.0,0.02,0.091,-0.202,0.966,3,15
181392,0.0,0.0,0.03,0.092,-0.203,0.966,3,15
181442,0.0,0.0,0.09,0.091,-0.203,0.966,3,15
181492,0.0,0.0,0.09,0.091,-0.203,0.966,3,15
181543,0.0,0.0,0.07,0.092,-0.203,0.966,3,15
181593,0.0,0.0,0.14,0.092,-0.203,0.965,3,15
181644,0.0,0.0,0.17,0.092,-0.202,0.966,3,15
181693,0.0,0.0,0.12,0.092,-0.202,0.966,3,15
181743,0.0,0.0,0.02,0.092,-0.203,0.966,3,15
181794,0.0,0.0,0.02,0.092,-0.203,0.966,3,15
181843,0.0,0.0,0.11,0.092,-0.203,0.966,3,15
181893,0.0,0.0,0.14,0.092,-0.202,0.966,3,15
181944,0.0,0.0,0.15,0.092,-0.202,0.965,3,15
181993,0.0,0.0,0.11,0.092,-0.203,0.966,3,15
182044,0.0,0.0,0.11,0.091,-0.203,0.966,3,15
182094,0.0,0.0,0.11,0.091,-0.203,0.966,3,15
182144,0.0,0.0,0.03,0.092,-0.203,0.966,3,15
182194,0.0,0.0,0.04,0.092,-0.203,0.966,3,15
182244,0.0,0.0,0.12,0.092,-0.202,0.966,3,15
182294,0.0,0.0,0.06,0.092,-0.202,0.966,3,15
182344,0.0,0.0,0.08,0.092,-0.203,0.966,3,15
182394,0.0,0.0,0.08,0.092,-0.203,0.966,3,15
182444,0.0,0.0,0.06,0.092,-0.203,0.966,3,16
182494,0.0,0.0,0.08,0.092,-0.202,0.966,3,16
182545,0.0,0.0,0.06,0.091,-0.202,0.966,3,16
182595,0.0,0.0,0.06,0.091,-0.203,0.966,3,16
182645,0.0,0.0,0.07,0.092,-0.203,0.966,3,16
182695,0.0,0.0,0.07,0.092,-0.203,0.966,3,16
182745,0.0,0.0,0.03,0.092,-0.203,0.966,3,16
182795,0.0,0.0,0.04,0.092,-0.203,0.966,3,16
182845,0.0,0.0,0.07,0.092,-0.202,0.965,3,16
182895,0.0,0.0,0.09,0.091,-0.203,0.965,3,16
182945,0.0,0.0,0.02,0.091,-0.203,0.965,3,16
182995,0.0,0.0,0.02,0.091,-0.203,0.965,3,16
183046,0.0,0.0,0.08,0.092,-0.203,0.965,3,16
183096,0.0,0.0,0.14,0.092,-0.203,0.966,3,16
183146,0.0,0.0,0.11,0.091,-0.202,0.966,3,16
183196,0.0,0.0,0.11,0.091,-0.203,0.966,3,16
183246,0.0,0.0,0.01,0.092,-0.203,0.966,3,15
183296,0.0,0.0,0.01,0.092,-0.203,0.966,3,15
183346,0.0,0.0,0.06,0.092,-0.202,0.966,3,15
183396,0.0,0.0,0.07,0.091,-0.202,0.966,3,15
183446,0.0,0.0,0.05,0.091,-0.202,0.966,3,15
183496,0.0,0.0,0.08,0.091,-0.203,0.966,3,15
183547,0.0,0.0,0.04,0.092,-0.203,0.966,3,15
183597,0.0,0.0,0.04,0.092,-0.203,0.966,3,15
183647,0.0,0.0,0.06,0.092,-0.202,0.966,3,15
183697,0.0,0.0,0.03,0.092,-0.202,0.966,3,15
183747,0.0,0.0,0.06,0.092,-0.202,0.966,3,15
183797,0.0,0.0,0.05,0.091,-0.203,0.965,3,15
183847,0.0,0.0,0.05,0.092,-0.203,0.965,3,15
183897,0.0,0.0,0.05,0.092,-0.203,0.965,3,15
183947,0.0,0.0,0.11,0.092,-0.203,0.965,3,15
183997,0.0,0.0,0.06,0.092,-0.202,0.965,3,15
184056,0.0,0.0,0.03,0.092,-0.202,0.966,3,15
184106,0.0,0.0,0.07,0.092,-0.203,0.966,3,15
184156,0.0,0.0,0.08,0.091,-0.203,0.966,3,15
184206,0.0,0.0,0.08,0.091,-0.203,0.966,3,15
184256,0.0,0.0,0.10,0.092,-0.202,0.966,3,15
184306,0.0,0.0,0.04,0.091,-0.202,0.966,3,15
184356,0.0,0.0,0.04,0.091,-0.202,0.966,3,15
184406,0.0,0.0,0.04,0.092,-0.203,0.966,3,15
184456,0.0,0.0,0.07,0.092,-0.203,0.966,3,16
184507,0.0,0.0,0.07,0.092,-0.203,0.966,3,16
184561,0.0,0.0,0.04,0.092,-0.202,0.965,3,16
184611,0.0,0.0,0.03,0.092,-0.203,0.966,3,16
184663,0.0,0.0,0.02,0.092,-0.203,0.966,3,16
184713,0.0,0.0,0.12,0.092,-0.203,0.966,3,16
184763,0.0,0.0,0.04,0.092,-0.203,0.966,3,16
184813,0.0,0.0,0.04,0.092,-0.203,0.966,3,16
184863,0.0,0.0,0.01,0.092,-0.203,0.966,3,16
184913,0.0,0.0,0.04,0.091,-0.203,0.966,3,16
184963,0.0,0.0,0.02,0.091,-0.203,0.966,3,16
185013,0.0,0.0,0.02,0.092,-0.203,0.966,3,16
185064,0.0,0.0,0.04,0.092,-0.203,0.965,3,16
185114,0.0,0.0,0.04,0.092,-0.203,0.965,3,16
185164,0.0,0.0,0.04,0.091,-0.202,0.966,3,16
185214,0.0,0.0,0.03,0.091,-0.203,0.966,3,15
185265,0.0,0.0,0.07,0.092,-0.203,0.966,3,15
185314,0.0,0.0,0.02,0.092,-0.203,0.966,3,15
185364,0.0,0.0,0.08,0.092,-0.203,0.965,3,15
185415,0.0,0.0,0.08,0.092,-0.203,0.965,3,15
185464,0.0,0.0,0.08,0.092,-0.202,0.966,3,15
185514,0.0,0.0,0.06,0.091,-0.202,0.966,3,15
185566,0.0,0.0,0.08,0.091,-0.202,0.966,3,15
185615,0.0,0.0,0.02,0.091,-0.203,0.966,3,15
185665,0.0,0.0,0.01,0.092,-0.203,0.966,3,15
185715,0.0,0.0,0.01,0.092,-0.203,0.966,3,15
185765,0.0,0.0,0.06,0.092,-0.203,0.966,3,15
185815,0.0,0.0,0.04,0.092,-0.203,0.966,3,15
185865,0.0,0.0,0.08,0.092,-0.202,0.966,3,16
185915,0.0,0.0,0.05,0.092,-0.203,0.965,3,16
185965,0.0,0.0,0.02,0.092,-0.202,0.965,3,16
186015,0.0,0.0,0.02,0.092,-0.202,0.965,3,16
186067,0.0,0.0,0.05,0.091,-0.202,0.966,3,16
186117,0.0,0.0,0.06,0.092,-0.202,0.965,3,16
186167,0.0,0.0,0.02,0.092,-0.202,0.965,3,16
186217,0.0,0.0,0.03,0.092,-0.203,0.965,3,16
186267,0.0,0.0,0.03,0.091,-0.203,0.966,3,16
186317,0.0,0.0,0.03,0.091,-0.203,0.966,3,16
186367,0.0,0.0,0.06,0.092,-0.202,0.966,3,16
186417,0.0,0.0,0.04,0.092,-0.202,0.966,3,16
186467,0.0,0.0,0.10,0.092,-0.202,0.966,3,16
186517,0.0,0.0,0.09,0.092,-0.203,0.966,3,16
186568,0.0,0.0,0.04,0.092,-0.203,0.965,3,16
186618,0.0,0.0,0.04,0.092,-0.203,0.965,3,16
186668,0.0,0.0,0.04,0.091,-0.202,0.966,3,16
186718,0.0,0.0,0.02,0.092,-0.203,0.966,3,16
186768,0.0,0.0,0.05,0.092,-0.203,0.966,3,16
186818,0.0,0.0,0.04,0.091,-0.203,0.966,3,16
186868,0.0,0.0,0.06,0.091,-0.203,0.966,3,16
186918,0.0,0.0,0.06,0.091,-0.203,0.966,3,16
186968,0.0,0.0,0.04,0.091,-0.202,0.966,3,16
187018,0.0,0.0,0.03,0.092,-0.202,0.966,3,16
187069,0.0,0.0,0.06,0.092,-0.203,0.966,3,16
187119,0.0,0.0,0.03,0.092,-0.203,0.965,3,16
187169,0.0,0.0,0.04,0.092,-0.202,0.965,3,15
187219,0.0,0.0,0.04,0.092,-0.202,0.965,3,15
187269,0.0,0.0,0.04,0.092,-0.202,0.966,3,15
187319,0.0,0.0,0.09,0.092,-0.203,0.966,3,15
187369,0.0,0.0,0.09,0.092,-0.203,0.966,3,15
187419,0.0,0.0,0.01,0.092,-0.203,0.965,3,15
187469,0.0,0.0,0.03,0.091,-0.202,0.966,3,15
187519,0.0,0.0,0.03,0.091,-0.202,0.966,3,15
187570,0.0,0.0,0.04,0.091,-0.202,0.966,3,15
187620,0.0,0.0,0.06,0.091,-0.203,0.965,3,15
187670,0.0,0.0,0.13,0.092,-0.203,0.966,3,15
187720,0.0,0.0,0.04,0.092,-0.203,0.966,3,15
187770,0.0,0.0,0.05,0.091,-0.202,0.966,3,15
187820,0.0,0.0,0.05,0.091,-0.202,0.966,3,15
187870,0.0,0.0,0.08,0.091,-0.203,0.965,3,15
187920,0.0,0.0,0.06,0.092,-0.203,0.966,3,15
187970,0.0,0.0,0.05,0.092,-0.203,0.965,3,15
188020,0.0,0.0,0.07,0.092,-0.203,0.966,3,15
188071,0.0,0.0,0.03,0.092,-0.202,0.966,3,15
188121,0.0,0.0,0.03,0.092,-0.202,0.966,3,15
188171,0.0,0.0,0.06,0.092,-0.203,0.965,3,15
188221,0.0,0.0,0.07,0.092,-0.203,0.965,3,15
188271,0.0,0.0,0.05,0.092,-0.203,0.966,3,15
188321,0.0,0.0,0.03,0.091,-0.202,0.965,3,15
188371,0.0,0.0,0.09,0.091,-0.202,0.965,3,15
188421,0.0,0.0,0.09,0.091,-0.202,0.965,3,15
188471,0.0,0.0,0.05,0.092,-0.203,0.965,3,16
188521,0.0,0.0,0.05,0.091,-0.203,0.965,3,16
188572,0.0,0.0,0.02,0.091,-0.203,0.966,3,16
188622,0.0,0.0,0.07,0.091,-0.203,0.966,3,16
188672,0.0,0.0,0.04,0.092,-0.202,0.965,3,15
188722,0.0,0.0,0.06,0.091,-0.203,0.965,3,16
188772,0.0,0.0,0.06,0.091,-0.203,0.965,3,16
188822,0.0,0.0,0.10,0.091,-0.203,0.966,3,16
188872,0.0,0.0,0.09,0.091,-0.203,0.966,3,16
188922,0.0,0.0,0.05,0.091,-0.203,0.966,3,16
188972,0.0,0.0,0.11,0.092,-0.202,0.965,3,16
189022,0.0,0.0,0.03,0.092,-0.203,0.965,3,16
189073,0.0,0.0,0.03,0.092,-0.203,0.965,3,16
189123,0.0,0.0,0.04,0.091,-0.203,0.965,3,16
189173,0.0,0.0,0.02,0.091,-0.203,0.966,3,16
189223,0.0,0.0,0.06,0.091,-0.203,0.966,3,16
189273,0.0,0.0,0.06,0.092,-0.202,0.966,3,16
189323,0.0,0.0,0.04,0.092,-0.202,0.965,3,16
189373,0.0,0.0,0.04,0.092,-0.202,0.965,3,16
189423,0.0,0.0,0.06,0.092,-0.203,0.966,3,16
189473,0.0,0.0,0.14,0.091,-0.203,0.966,3,16
189523,0.0,0.0,0.03,0.091,-0.203,0.966,3,16
189584,0.0,0.0,0.07,0.091,-0.203,0.966,3,16
189634,0.0,0.0,0.08,0.092,-0.203,0.965,3,16
189684,0.0,0.0,0.08,0.092,-0.203,0.965,3,16
189734,0.0,0.0,0.10,0.091,-0.203,0.966,3,16
189784,0.0,0.0,0.05,0.091,-0.202,0.966,3,16
189834,0.0,0.0,0.05,0.091,-0.202,0.966,3,16
189884,0.0,0.0,0.05,0.092,-0.203,0.965,3,16
189934,0.0,0.0,0.09,0.092,-0.203,0.966,3,16
189984,0.0,0.0,0.09,0.092,-0.203,0.966,3,16
190034,0.0,0.0,0.04,0.091,-0.202,0.966,3,16
190085,0.0,0.0,0.03,0.091,-0.202,0.965,3,16
190137,0.0,0.0,0.03,0.091,-0.202,0.965,3,16
190186,0.0,0.0,0.05,0.091,-0.203,0.966,3,16
190236,0.0,0.0,0.05,0.092,-0.202,0.966,3,16
190286,0.0,0.0,0.02,0.092,-0.202,0.966,3,16
190336,0.0,0.0,0.03,0.091,-0.202,0.966,3,16
190386,0.0,0.0,0.04,0.091,-0.202,0.966,3,16
190436,0.0,0.0,0.04,0.091,-0.202,0.966,3,16
190486,0.0,0.0,0.02,0.092,-0.203,0.966,3,16
190536,0.0,0.0,0.11,0.092,-0.203,0.965,3,16
190588,0.0,0.0,0.00,0.091,-0.203,0.965,3,16
190638,0.0,0.0,0.00,0.091,-0.203,0.965,3,16
190688,0.0,0.0,0.04,0.091,-0.203,0.966,3,16
190739,0.0,0.0,0.04,0.091,-0.203,0.966,3,16
190788,0.0,0.0,0.08,0.091,-0.203,0.966,3,16
190838,0.0,0.0,0.02,0.092,-0.203,0.966,3,16
190889,0.0,0.0,0.08,0.091,-0.203,0.966,3,16
190938,0.0,0.0,0.05,0.092,-0.203,0.965,3,16
190988,0.0,0.0,0.09,0.092,-0.203,0.965,3,16
191039,0.0,0.0,0.09,0.092,-0.203,0.965,3,16
191093,0.0,0.0,0.09,0.092,-0.202,0.966,3,16
191143,0.0,0.0,0.07,0.092,-0.202,0.966,3,16
191193,0.0,0.0,0.07,0.091,-0.202,0.965,3,16
191243,0.0,0.0,0.09,0.092,-0.203,0.965,3,16
191293,0.0,0.0,0.08,0.092,-0.203,0.965,3,16
191343,0.0,0.0,0.08,0.092,-0.203,0.965,3,16
191393,0.0,0.0,0.07,0.091,-0.203,0.966,3,16
191443,0.0,0.0,0.05,0.092,-0.203,0.965,3,16
191493,0.0,0.0,0.09,0.091,-0.203,0.965,3,16
191543,0.0,0.0,0.06,0.092,-0.203,0.965,3,16
191594,0.0,0.0,0.13,0.092,-0.202,0.965,3,16
191644,0.0,0.0,0.13,0.092,-0.202,0.965,3,16
191695,0.0,0.0,0.05,0.092,-0.203,0.965,3,16
191744,0.0,0.0,0.05,0.091,-0.203,0.965,3,16
191794,0.0,0.0,0.05,0.091,-0.203,0.965,3,16
191845,0.0,0.0,0.05,0.091,-0.203,0.965,3,16
191894,0.0,0.0,0.10,0.092,-0.203,0.965,3,16
191944,0.0,0.0,0.10,0.092,-0.203,0.965,3,16
191995,0.0,0.0,0.09,0.091,-0.203,0.966,3,16
192044,0.0,0.0,0.06,0.091,-0.202,0.966,3,16
192095,0.0,0.0,0.06,0.091,-0.202,0.966,3,16
192145,0.0,0.0,0.03,0.092,-0.203,0.966,3,16
192195,0.0,0.0,0.08,0.092,-0.203,0.965,3,16
192245,0.0,0.0,0.08,0.092,-0.203,0.965,3,16
192295,0.0,0.0,0.04,0.091,-0.203,0.965,3,16
192345,0.0,0.0,0.08,0.091,-0.203,0.965,3,16
192395,0.0,0.0,0.02,0.091,-0.203,0.965,3,16
192445,0.0,0.0,0.06,0.092,-0.203,0.965,3,16
192495,0.0,0.0,0.04,0.091,-0.203,0.966,3,16
192545,0.0,0.0,0.04,0.091,-0.203,0.966,3,16
192596,0.0,0.0,0.02,0.092,-0.203,0.965,3,16
192646,0.0,0.0,0.19,0.092,-0.203,0.965,3,16
192696,0.0,0.0,0.05,0.092,-0.202,0.965,3,16
192746,0.0,0.0,0.02,0.091,-0.202,0.965,3,16
192796,0.0,0.0,0.08,0.091,-0.203,0.966,3,16
192846,0.0,0.0,0.04,0.092,-0.203,0.966,3,16
192896,0.0,0.0,0.04,0.092,-0.203,0.966,3,16
192946,0.0,0.0,0.02,0.092,-0.203,0.966,3,16
192996,0.0,0.0,0.06,0.091,-0.203,0.965,3,16
193046,0.0,0.0,0.08,0.091,-0.202,0.966,3,16
193097,0.0,0.0,0.04,0.091,-0.203,0.966,3,16
193147,0.0,0.0,0.04,0.092,-0.203,0.965,3,16
193197,0.0,0.0,0.04,0.092,-0.203,0.965,3,16
193247,0.0,0.0,0.06,0.092,-0.203,0.965,3,16
193297,0.0,0.0,0.07,0.092,-0.203,0.965,3,16
193347,0.0,0.0,0.06,0.091,-0.203,0.965,3,16
193397,0.0,0.0,0.04,0.091,-0.203,0.965,3,16
193447,0.0,0.0,0.08,0.091,-0.203,0.965,3,16
193497,0.0,0.0,0.08,0.091,-0.203,0.965,3,16
193547,0.0,0.0,0.05,0.092,-0.203,0.965,3,16
193598,0.0,0.0,0.11,0.092,-0.203,0.966,3,16
193648,0.0,0.0,0.09,0.092,-0.203,0.965,3,16
193698,0.0,0.0,0.15,0.092,-0.203,0.965,3,16
193748,0.0,0.0,0.15,0.092,-0.203,0.965,3,16
193798,0.0,0.0,0.15,0.092,-0.203,0.965,3,16
193848,0.0,0.0,0.02,0.092,-0.203,0.965,3,16
193898,0.0,0.0,0.11,0.092,-0.203,0.965,3,16
193948,0.0,0.0,0.10,0.092,-0.203,0.965,3,16
193998,0.0,0.0,0.04,0.091,-0.203,0.965,3,16
194048,0.0,0.0,0.05,0.091,-0.203,0.965,3,16
194102,0.0,0.0,0.05,0.091,-0.203,0.965,3,16
194151,0.0,0.0,0.14,0.091,-0.203,0.965,3,16
194201,0.0,0.0,0.04,0.091,-0.203,0.965,3,16
194255,0.0,0.0,0.10,0.091,-0.203,0.965,3,16
194304,0.0,0.0,0.03,0.091,-0.202,0.966,3,16
194354,0.0,0.0,0.09,0.092,-0.203,0.966,3,16
194405,0.0,0.0,0.09,0.092,-0.203,0.966,3,16
194454,0.0,0.0,0.07,0.092,-0.203,0.966,3,16
194504,0.0,0.0,0.03,0.092,-0.203,0.966,3,16
194555,0.0,0.0,0.10,0.092,-0.203,0.966,3,16
194609,0.0,0.0,0.12,0.092,-0.203,0.966,3,16
194659,0.0,0.0,0.12,0.091,-0.202,0.965,3,16
194710,0.0,0.0,0.12,0.091,-0.202,0.965,3,16
194759,0.0,0.0,0.05,0.091,-0.203,0.965,3,16
194809,0.0,0.0,0.09,0.091,-0.203,0.965,3,16
194859,0.0,0.0,0.09,0.091,-0.203,0.965,3,16
194909,0.0,0.0,0.04,0.092,-0.203,0.965,3,16
194959,0.0,0.0,0.03,0.092,-0.202,0.965,3,16
195009,0.0,0.0,0.04,0.092,-0.202,0.965,3,16
195059,0.0,0.0,0.04,0.092,-0.203,0.965,3,16
195110,0.0,0.0,0.03,0.091,-0.202,0.965,3,16
195161,0.0,0.0,0.03,0.091,-0.202,0.965,3,16
195210,0.0,0.0,0.02,0.092,-0.202,0.965,3,16
195260,0.0,0.0,0.08,0.092,-0.203,0.966,3,16
195311,0.0,0.0,0.04,0.092,-0.203,0.966,3,16
195360,0.0,0.0,0.16,0.092,-0.202,0.966,3,16
195410,0.0,0.0,0.07,0.092,-0.203,0.965,3,16
195461,0.0,0.0,0.07,0.092,-0.203,0.965,3,16
195511,0.0,0.0,0.04,0.092,-0.203,0.965,3,16
195561,0.0,0.0,0.09,0.092,-0.203,0.965,3,16
195612,0.0,0.0,0.09,0.092,-0.203,0.965,3,16
195662,0.0,0.0,0.05,0.092,-0.202,0.965,3,16
195712,0.0,0.0,0.10,0.091,-0.203,0.965,3,16
195764,0.0,0.0,0.10,0.091,-0.203,0.965,3,16
195814,0.0,0.0,0.02,0.091,-0.203,0.965,3,16
195864,0.0,0.0,0.07,0.092,-0.203,0.965,3,16
195914,0.0,0.0,0.11,0.092,-0.203,0.965,3,16
195964,0.0,0.0,0.11,0.091,-0.203,0.965,3,16
196014,0.0,0.0,0.12,0.091,-0.203,0.965,3,16
196064,0.0,0.0,0.12,0.091,-0.203,0.965,3,16
196118,0.0,0.0,0.12,0.092,-0.203,0.965,3,16
196168,0.0,0.0,0.08,0.091,-0.203,0.965,3,16
196218,0.0,0.0,0.09,0.091,-0.203,0.965,3,16
196268,0.0,0.0,0.06,0.091,-0.203,0.965,3,16
196318,0.0,0.0,0.06,0.091,-0.203,0.965,3,16
196368,0.0,0.0,0.02,0.091,-0.203,0.965,3,16
196418,0.0,0.0,0.02,0.091,-0.203,0.965,3,16
196468,0.0,0.0,0.13,0.092,-0.202,0.965,3,16
196518,0.0,0.0,0.13,0.092,-0.202,0.965,3,16
196568,0.0,0.0,0.02,0.092,-0.202,0.965,3,16
196620,0.0,0.0,0.09,0.092,-0.203,0.965,3,16
196670,0.0,0.0,0.12,0.091,-0.203,0.965,3,16
196720,0.0,0.0,0.12,0.091,-0.203,0.965,3,16
196770,0.0,0.0,0.05,0.091,-0.202,0.965,3,15
196820,0.0,0.0,0.01,0.091,-0.203,0.965,3,15
196870,0.0,0.0,0.03,0.091,-0.202,0.965,3,15
196920,0.0,0.0,0.05,0.091,-0.203,0.966,3,15
196970,0.0,0.0,0.06,0.091,-0.203,0.966,3,15
197020,0.0,0.0,0.06,0.091,-0.203,0.966,3,15
197070,0.0,0.0,0.06,0.091,-0.202,0.965,3,15
197122,0.0,0.0,0.16,0.091,-0.202,0.965,3,15
197172,0.0,0.0,0.04,0.091,-0.202,0.965,3,15
197222,0.0,0.0,0.05,0.091,-0.202,0.965,3,15
197272,0.0,0.0,0.10,0.091,-0.203,0.965,3,15
197322,0.0,0.0,0.10,0.091,-0.203,0.965,3,15
197372,0.0,0.0,0.01,0.091,-0.202,0.965,3,15
197422,0.0,0.0,0.07,0.091,-0.203,0.965,3,15
197472,0.0,0.0,0.08,0.091,-0.203,0.965,3,15
197522,0.0,0.0,0.04,0.091,-0.203,0.965,3,15
197572,0.0,0.0,0.05,0.091,-0.203,0.965,3,15
197623,0.0,0.0,0.05,0.091,-0.203,0.965,3,15
197673,0.0,0.0,0.09,0.091,-0.203,0.965,3,15
197723,0.0,0.0,0.10,0.091,-0.203,0.965,3,15
197773,0.0,0.0,0.07,0.091,-0.203,0.965,3,15
197823,0.0,0.0,0.10,0.091,-0.202,0.965,3,15
197873,0.0,0.0,0.12,0.092,-0.203,0.965,3,15
197923,0.0,0.0,0.12,0.092,-0.203,0.965,3,15
197973,0.0,0.0,0.09,0.092,-0.202,0.965,3,15
198023,0.0,0.0,0.03,0.091,-0.202,0.965,3,15
198073,0.0,0.0,0.09,0.091,-0.203,0.965,3,15
198132,0.0,0.0,0.01,0.092,-0.203,0.965,3,15
198182,0.0,0.0,0.11,0.091,-0.203,0.966,3,15
198232,0.0,0.0,0.11,0.091,-0.204,0.965,3,15
198282,0.0,0.0,0.11,0.092,-0.204,0.966,3,15
198332,0.0,0.0,0.18,0.087,-0.201,0.967,3,15
198383,0.0,0.0,0.18,0.087,-0.201,0.967,3,15
198434,0.0,0.0,0.22,0.086,-0.200,0.962,3,15
198484,0.0,0.0,0.06,0.099,-0.206,0.964,3,15
198534,0.0,0.0,0.15,0.098,-0.209,0.965,3,15
198584,0.0,0.0,0.13,0.089,-0.202,0.968,3,15
198635,0.0,0.0,0.05,0.089,-0.194,0.964,3,15
198686,0.0,0.0,0.05,0.089,-0.194,0.964,3,15
198736,0.0,0.0,0.07,0.097,-0.205,0.965,3,15
198786,0.0,0.0,0.07,0.085,-0.207,0.966,3,15
198836,0.0,0.0,0.04,0.086,-0.204,0.963,3,15
198886,0.0,0.0,0.05,0.092,-0.204,0.966,3,15
198936,0.0,0.0,0.13,0.095,-0.200,0.966,3,16
198986,0.0,0.0,0.13,0.095,-0.200,0.966,3,16
199036,0.0,0.0,0.04,0.094,-0.201,0.960,3,16
199086,0.0,0.0,0.14,0.093,-0.205,0.966,3,16
199137,0.0,0.0,0.23,0.083,-0.201,0.969,3,16
199187,0.0,0.0,0.23,0.083,-0.201,0.969,3,16
199237,0.0,0.0,0.09,0.087,-0.205,0.963,3,16
199290,0.0,0.0,0.09,0.087,-0.205,0.963,3,16
199341,0.0,0.0,0.29,0.096,-0.203,0.965,3,16
199391,0.0,0.0,0.16,0.094,-0.199,0.964,3,16
199441,0.0,0.0,0.16,0.091,-0.202,0.965,3,16
199491,0.0,0.0,0.20,0.089,-0.203,0.967,3,16
199541,0.0,0.0,0.11,0.087,-0.205,0.966,3,16
199591,0.0,0.0,0.11,0.087,-0.205,0.966,3,16
199643,0.0,0.0,0.05,0.094,-0.202,0.965,3,16
199693,0.0,0.0,0.09,0.094,-0.201,0.965,3,16
199744,0.0,0.0,0.09,0.092,-0.202,0.965,3,16
199793,0.0,0.0,0.09,0.090,-0.203,0.965,3,16
199843,0.0,0.0,0.06,0.087,-0.204,0.967,3,16
199894,0.0,0.0,0.11,0.091,-0.204,0.964,3,16
199943,0.0,0.0,0.11,0.091,-0.204,0.964,3,16
199993,0.0,0.0,0.08,0.101,-0.200,0.963,3,16
200044,0.0,0.0,0.10,0.098,-0.199,0.964,3,16
200094,0.0,0.0,0.10,0.093,-0.200,0.966,3,16
200145,0.0,0.0,0.08,0.084,-0.205,0.966,3,16
200195,0.0,0.0,0.02,0.087,-0.205,0.965,3,16
200245,0.0,0.0,0.02,0.087,-0.205,0.965,3,16
200295,0.0,0.0,0.09,0.095,-0.201,0.964,3,16
200345,0.0,0.0,0.11,0.096,-0.200,0.965,3,16
200395,0.0,0.0,0.15,0.095,-0.201,0.965,3,16
200445,0.0,0.0,0.05,0.090,-0.204,0.966,3,16
200495,0.0,0.0,0.02,0.089,-0.204,0.965,3,16
200545,0.0,0.0,0.02,0.089,-0.204,0.965,3,16
200595,0.0,0.0,0.04,0.092,-0.202,0.965,3,16
200646,0.0,0.0,0.04,0.093,-0.202,0.965,3,16
200696,0.0,0.0,0.04,0.093,-0.202,0.965,3,16
200746,0.0,0.0,0.02,0.091,-0.203,0.965,3,16
200796,0.0,0.0,0.06,0.091,-0.203,0.966,3,16
200846,0.0,0.0,0.06,0.091,-0.203,0.966,3,16
200896,0.0,0.0,0.06,0.091,-0.202,0.966,3,16
200946,0.0,0.0,0.03,0.092,-0.202,0.965,3,16
200996,0.0,0.0,0.03,0.092,-0.202,0.965,3,16
201046,0.0,0.0,0.04,0.092,-0.202,0.965,3,16
201096,0.0,0.0,0.03,0.091,-0.202,0.965,3,16
201147,0.0,0.0,0.03,0.091,-0.202,0.965,3,16
201197,0.0,0.0,0.07,0.092,-0.203,0.965,3,16
201247,0.0,0.0,0.04,0.092,-0.203,0.965,3,16
201297,0.0,0.0,0.08,0.092,-0.203,0.965,3,16
201347,0.0,0.0,0.11,0.091,-0.203,0.965,3,16
201397,0.0,0.0,0.12,0.091,-0.203,0.965,3,16
201447,0.0,0.0,0.12,0.091,-0.203,0.965,3,16
201497,0.0,0.0,0.04,0.092,-0.202,0.965,3,16
201547,0.0,0.0,0.10,0.092,-0.203,0.965,3,16
201597,0.0,0.0,0.11,0.092,-0.202,0.965,3,16
201648,0.0,0.0,0.04,0.092,-0.202,0.965,3,16
201698,0.0,0.0,0.05,0.091,-0.203,0.965,3,16
201748,0.0,0.0,0.05,0.091,-0.203,0.965,3,16
201798,0.0,0.0,0.05,0.092,-0.202,0.965,3,16
201848,0.0,0.0,0.01,0.092,-0.202,0.965,3,16
201898,0.0,0.0,0.02,0.091,-0.202,0.965,3,16
201948,0.0,0.0,0.07,0.090,-0.204,0.966,3,16
201998,0.0,0.0,0.11,0.091,-0.203,0.965,3,16
202048,0.0,0.0,0.11,0.091,-0.203,0.965,3,16
202098,0.0,0.0,0.05,0.095,-0.203,0.964,3,16
202149,0.0,0.0,0.03,0.094,-0.200,0.964,3,16
202199,0.0,0.0,0.03,0.094,-0.200,0.964,3,16
202249,0.0,0.0,0.17,0.081,-0.200,0.967,3,16
202299,0.0,0.0,0.07,0.088,-0.210,0.967,3,16
202349,0.0,0.0,0.07,0.088,-0.210,0.967,3,16
202399,0.0,0.0,0.06,0.108,-0.204,0.960,3,15
202449,0.0,0.0,0.06,0.107,-0.200,0.961,3,15
202499,0.0,0.0,0.13,0.100,-0.199,0.964,3,15
202549,0.0,0.0,0.13,0.092,-0.201,0.966,3,15
202599,0.0,0.0,0.05,0.080,-0.205,0.967,3,15
202655,0.0,0.0,0.05,0.080,-0.205,0.967,3,15
202704,0.0,0.0,0.20,0.082,-0.197,0.966,3,15
202754,0.0,0.0,0.06,0.097,-0.198,0.964,3,15
202806,0.0,0.0,0.06,0.097,-0.198,0.964,3,15
202855,0.0,0.0,0.08,0.099,-0.207,0.964,3,15
202905,0.0,0.0,0.11,0.086,-0.203,0.966,3,15
202956,0.0,0.0,0.11,0.086,-0.203,0.966,3,15
203005,0.0,0.0,0.02,0.087,-0.204,0.967,3,15
203055,0.0,0.0,0.13,0.095,-0.203,0.965,3,15
203106,0.0,0.0,0.13,0.095,-0.203,0.965,3,15
203160,0.0,0.0,0.11,0.096,-0.201,0.964,3,15
203210,0.0,0.0,0.12,0.095,-0.202,0.965,3,15
203260,0.0,0.0,0.12,0.095,-0.202,0.965,3,15
203310,0.0,0.0,0.06,0.090,-0.203,0.965,3,15
203360,0.0,0.0,0.11,0.089,-0.201,0.966,3,16
203410,0.0,0.0,0.11,0.089,-0.201,0.966,3,16
203460,0.0,0.0,0.06,0.092,-0.203,0.965,3,16
203510,0.0,0.0,0.10,0.094,-0.203,0.965,3,16
203560,0.0,0.0,0.10,0.094,-0.203,0.965,3,16
203610,0.0,0.0,0.16,0.091,-0.202,0.965,3,16
203661,0.0,0.0,0.02,0.089,-0.203,0.965,3,16
203712,0.0,0.0,0.02,0.089,-0.203,0.965,3,16
203761,0.0,0.0,0.18,0.092,-0.204,0.965,3,16
203811,0.0,0.0,0.19,0.094,-0.204,0.965,3,16
203862,0.0,0.0,0.19,0.094,-0.204,0.965,3,16
203911,0.0,0.0,0.04,0.095,-0.202,0.965,3,16
203961,0.0,0.0,0.08,0.092,-0.199,0.966,3,16
204012,0.0,0.0,0.08,0.092,-0.199,0.966,3,16
204061,0.0,0.0,0.17,0.089,-0.202,0.966,3,16
204111,0.0,0.0,0.03,0.090,-0.208,0.965,3,16
204162,0.0,0.0,0.03,0.090,-0.208,0.965,3,16
204212,0.0,0.0,0.15,0.093,-0.201,0.964,3,16
204262,0.0,0.0,0.18,0.092,-0.196,0.966,3,16
204312,0.0,0.0,0.18,0.092,-0.196,0.966,3,16
204362,0.0,0.0,0.14,0.092,-0.204,0.965,3,16
204412,0.0,0.0,0.08,0.092,-0.207,0.965,3,16
204462,0.0,0.0,0.08,0.092,-0.207,0.965,3,16
204512,0.0,0.0,0.07,0.091,-0.205,0.965,3,16
204562,0.0,0.0,0.09,0.091,-0.198,0.966,3,16
204612,0.0,0.0,0.09,0.091,-0.198,0.966,3,16
204669,0.0,0.0,0.04,0.090,-0.201,0.965,3,16
204719,0.0,0.0,0.03,0.092,-0.206,0.965,3,16
204769,0.0,0.0,0.03,0.092,-0.206,0.965,3,16
204819,0.0,0.0,0.04,0.093,-0.202,0.965,3,16
204869,0.0,0.0,0.07,0.091,-0.199,0.966,3,16
204919,0.0,0.0,0.01,0.091,-0.201,0.966,3,16
204969,0.0,0.0,0.10,0.091,-0.203,0.965,3,16
205019,0.0,0.0,0.01,0.091,-0.204,0.964,3,16
205069,0.0,0.0,0.01,0.091,-0.204,0.964,3,16
205119,0.0,0.0,0.09,0.093,-0.203,0.965,3,16
205170,0.0,0.0,0.05,0.092,-0.201,0.965,3,16
205220,0.0,0.0,0.06,0.091,-0.201,0.965,3,16
205271,0.0,0.0,0.05,0.091,-0.202,0.965,3,16
205320,0.0,0.0,0.09,0.091,-0.203,0.965,3,16
205370,0.0,0.0,0.09,0.091,-0.203,0.965,3,16
205421,0.0,0.0,0.02,0.092,-0.203,0.965,3,16
205470,0.0,0.0,0.02,0.092,-0.203,0.965,3,16
205520,0.0,0.0,0.01,0.091,-0.201,0.965,3,16
205571,0.0,0.0,0.01,0.091,-0.201,0.965,3,16
205620,0.0,0.0,0.07,0.092,-0.204,0.965,3,16
205671,0.0,0.0,0.07,0.092,-0.204,0.965,3,16
205721,0.0,0.0,0.09,0.091,-0.203,0.965,3,16
205771,0.0,0.0,0.11,0.091,-0.201,0.965,3,16
205821,0.0,0.0,0.06,0.092,-0.202,0.966,3,16
205871,0.0,0.0,0.06,0.092,-0.203,0.966,3,16
205921,0.0,0.0,0.07,0.092,-0.203,0.965,3,16
205971,0.0,0.0,0.07,0.092,-0.203,0.965,3,16
206021,0.0,0.0,0.03,0.091,-0.202,0.966,3,16
206071,0.0,0.0,0.02,0.092,-0.202,0.965,3,16
206121,0.0,0.0,0.03,0.092,-0.202,0.965,3,16
206172,0.0,0.0,0.07,0.092,-0.202,0.964,3,16
206222,0.0,0.0,0.04,0.092,-0.202,0.965,3,16
206272,0.0,0.0,0.04,0.092,-0.202,0.965,3,16
206322,0.0,0.0,0.25,0.091,-0.203,0.965,3,16
206372,0.0,0.0,0.08,0.090,-0.204,0.965,3,16
206422,0.0,0.0,0.18,0.091,-0.204,0.966,3,16
206472,0.0,0.0,0.15,0.092,-0.200,0.965,3,16
206522,0.0,0.0,0.04,0.093,-0.199,0.964,3,16
206572,0.0,0.0,0.04,0.093,-0.199,0.964,3,16
206622,0.0,0.0,0.18,0.090,-0.205,0.965,3,16
206673,0.0,0.0,0.04,0.091,-0.207,0.966,3,16
206723,0.0,0.0,0.20,0.092,-0.204,0.965,3,16
206773,0.0,0.0,0.11,0.092,-0.202,0.964,3,16
206823,0.0,0.0,0.04,0.092,-0.202,0.965,3,16
206873,0.0,0.0,0.04,0.092,-0.202,0.965,3,16
206923,0.0,0.0,0.11,0.090,-0.202,0.966,3,16
206973,0.0,0.0,0.06,0.089,-0.203,0.965,3,16
207023,0.0,0.0,0.15,0.091,-0.203,0.966,3,16
207073,0.0,0.0,0.07,0.093,-0.202,0.965,3,16
207123,0.0,0.0,0.21,0.094,-0.202,0.964,3,16
207174,0.0,0.0,0.21,0.094,-0.202,0.964,3,16
207224,0.0,0.0,0.04,0.091,-0.210,0.968,3,16
207274,0.0,0.0,0.23,0.091,-0.203,0.966,3,16
207324,0.0,0.0,0.19,0.092,-0.196,0.964,3,16
207374,0.0,0.0,0.20,0.093,-0.192,0.963,3,16
207424,0.0,0.0,0.13,0.095,-0.193,0.963,3,16
207474,0.0,0.0,0.13,0.095,-0.193,0.963,3,16
207524,0.0,0.0,0.10,0.096,-0.200,0.965,3,16
207574,0.0,0.0,0.28,0.094,-0.208,0.966,3,16
207624,0.0,0.0,0.25,0.093,-0.208,0.965,3,15
207675,0.0,0.0,0.18,0.093,-0.203,0.965,3,16
207725,0.0,0.0,0.20,0.095,-0.198,0.966,3,16
207775,0.0,0.0,0.20,0.095,-0.198,0.966,3,16
207825,0.0,0.0,0.19,0.094,-0.203,0.965,3,16
207875,0.0,0.0,0.16,0.089,-0.206,0.966,3,16
207925,0.0,0.0,0.05,0.087,-0.205,0.966,3,16
207975,0.0,0.0,0.05,0.087,-0.205,0.966,3,16
208025,0.0,0.0,0.20,0.089,-0.200,0.966,3,15
208075,0.0,0.0,0.20,0.089,-0.200,0.966,3,15
208125,0.0,0.0,0.11,0.093,-0.201,0.965,3,16
208185,0.0,0.0,0.06,0.095,-0.204,0.964,3,16
208235,0.0,0.0,0.21,0.092,-0.201,0.965,3,16
208285,0.0,0.0,0.21,0.092,-0.201,0.965,3,16
208335,0.0,0.0,0.09,0.091,-0.201,0.966,3,16
208385,0.0,0.0,0.10,0.092,-0.203,0.966,3,16
208436,0.0,0.0,0.10,0.092,-0.203,0.966,3,16
208485,0.0,0.0,0.09,0.092,-0.204,0.965,3,16
208535,0.0,0.0,0.11,0.092,-0.203,0.965,3,16
208585,0.0,0.0,0.11,0.092,-0.203,0.965,3,16
208635,0.0,0.0,0.13,0.090,-0.202,0.966,3,16
208686,0.0,0.0,0.14,0.091,-0.202,0.965,3,15
208737,0.0,0.0,0.08,0.093,-0.202,0.965,3,15
208786,0.0,0.0,0.04,0.094,-0.201,0.964,3,15
208836,0.0,0.0,0.05,0.094,-0.201,0.965,3,15
208887,0.0,0.0,0.05,0.094,-0.201,0.965,3,15
208936,0.0,0.0,0.04,0.091,-0.203,0.965,3,15
208986,0.0,0.0,0.08,0.092,-0.203,0.966,3,15
209037,0.0,0.0,0.14,0.092,-0.203,0.965,3,15
209086,0.0,0.0,0.11,0.093,-0.202,0.965,3,15
209136,0.0,0.0,0.12,0.093,-0.201,0.965,3,16
209187,0.0,0.0,0.12,0.093,-0.201,0.965,3,16
209237,0.0,0.0,0.10,0.092,-0.202,0.966,3,16
209287,0.0,0.0,0.06,0.090,-0.204,0.966,3,16
209337,0.0,0.0,0.14,0.091,-0.204,0.966,3,16
209387,0.0,0.0,0.02,0.093,-0.202,0.965,3,16
209437,0.0,0.0,0.02,0.094,-0.202,0.965,3,16
209487,0.0,0.0,0.02,0.094,-0.202,0.965,3,16
209537,0.0,0.0,0.13,0.091,-0.203,0.966,3,16
209587,0.0,0.0,0.06,0.091,-0.203,0.966,3,16
209637,0.0,0.0,0.03,0.092,-0.202,0.965,3,16
209695,0.0,0.0,0.03,0.093,-0.201,0.964,3,16
209745,0.0,0.0,0.08,0.093,-0.202,0.965,3,16
209795,0.0,0.0,0.08,0.093,-0.202,0.965,3,16
209845,0.0,0.0,0.07,0.092,-0.203,0.965,3,16
209895,0.0,0.0,0.11,0.090,-0.203,0.966,3,16
209945,0.0,0.0,0.11,0.091,-0.202,0.966,3,16
209995,0.0,0.0,0.04,0.093,-0.201,0.965,3,16
210045,0.0,0.0,0.06,0.094,-0.201,0.964,3,15
210095,0.0,0.0,0.06,0.094,-0.201,0.964,3,15
210145,0.0,0.0,0.09,0.091,-0.203,0.965,3,15
210196,0.0,0.0,0.01,0.092,-0.203,0.966,3,16
210246,0.0,0.0,0.04,0.092,-0.202,0.965,3,16
210296,0.0,0.0,0.06,0.093,-0.202,0.965,3,16
210346,0.0,0.0,0.08,0.092,-0.201,0.965,3,16
210396,0.0,0.0,0.02,0.092,-0.201,0.965,3,16
210446,0.0,0.0,0.02,0.092,-0.201,0.965,3,16
210496,0.0,0.0,0.01,0.092,-0.203,0.965,3,16
210546,0.0,0.0,0.04,0.091,-0.203,0.965,3,16
210596,0.0,0.0,0.03,0.092,-0.202,0.965,3,16
210646,0.0,0.0,0.01,0.093,-0.201,0.965,3,16
210697,0.0,0.0,0.13,0.091,-0.202,0.965,3,16
210747,0.0,0.0,0.13,0.091,-0.202,0.965,3,16
210797,0.0,0.0,0.04,0.092,-0.203,0.965,3,16
210847,0.0,0.0,0.07,0.093,-0.202,0.964,3,16
210897,0.0,0.0,0.12,0.093,-0.201,0.964,3,16
210947,0.0,0.0,0.09,0.092,-0.201,0.965,3,16
210997,0.0,0.0,0.08,0.091,-0.203,0.966,3,16
211047,0.0,0.0,0.08,0.091,-0.203,0.966,3,16
211097,0.0,0.0,0.14,0.091,-0.204,0.965,3,16
211147,0.0,0.0,0.06,0.092,-0.203,0.965,3,16
211198,0.0,0.0,0.05,0.093,-0.202,0.965,3,16
211248,0.0,0.0,0.04,0.094,-0.201,0.965,3,16
211298,0.0,0.0,0.08,0.093,-0.202,0.965,3,16
211348,0.0,0.0,0.08,0.093,-0.202,0.965,3,16
211398,0.0,0.0,0.06,0.092,-0.203,0.965,3,16
211448,0.0,0.0,0.05,0.092,-0.203,0.965,3,16
211498,0.0,0.0,0.06,0.092,-0.202,0.965,3,16
211548,0.0,0.0,0.06,0.092,-0.201,0.965,3,16
211598,0.0,0.0,0.10,0.093,-0.202,0.965,3,16
211648,0.0,0.0,0.10,0.093,-0.202,0.965,3,16
211699,0.0,0.0,0.11,0.092,-0.204,0.965,3,16
211749,0.0,0.0,0.11,0.091,-0.203,0.965,3,16
211799,0.0,0.0,0.06,0.090,-0.201,0.965,3,16
211849,0.0,0.0,0.06,0.093,-0.203,0.966,3,16
211899,0.0,0.0,0.04,0.092,-0.203,0.965,3,16
211949,0.0,0.0,0.04,0.092,-0.203,0.965,3,16
211999,0.0,0.0,0.09,0.091,-0.202,0.965,3,16
212049,0.0,0.0,0.08,0.091,-0.202,0.965,3,16
212099,0.0,0.0,0.09,0.092,-0.202,0.965,3,16
212149,0.0,0.0,0.10,0.094,-0.201,0.964,3,16
212200,0.0,0.0,0.04,0.094,-0.202,0.965,3,16
212250,0.0,0.0,0.04,0.094,-0.202,0.965,3,16
212300,0.0,0.0,0.08,0.093,-0.203,0.965,3,16
212350,0.0,0.0,0.01,0.092,-0.202,0.965,3,16
212400,0.0,0.0,0.04,0.091,-0.201,0.965,3,16
212450,0.0,0.0,0.22,0.093,-0.202,0.965,3,16
212500,0.0,0.0,0.09,0.093,-0.202,0.966,3,16
212550,0.0,0.0,0.09,0.093,-0.202,0.966,3,16
212600,0.0,0.0,0.05,0.093,-0.202,0.966,3,16
212650,0.0,0.0,0.03,0.093,-0.202,0.965,3,16
212706,0.0,0.0,0.13,0.093,-0.202,0.966,3,16
212755,0.0,0.0,0.01,0.092,-0.202,0.965,3,16
212805,0.0,0.0,0.07,0.092,-0.202,0.965,3,16
212857,0.0,0.0,0.07,0.092,-0.202,0.965,3,16
212906,0.0,0.0,0.03,0.093,-0.201,0.965,3,16
212956,0.0,0.0,0.10,0.092,-0.203,0.965,3,16
213007,0.0,0.0,0.10,0.092,-0.203,0.965,3,16
213056,0.0,0.0,0.02,0.092,-0.202,0.966,3,16
213106,0.0,0.0,0.05,0.093,-0.202,0.965,3,16
213157,0.0,0.0,0.05,0.093,-0.202,0.965,3,16
213211,0.0,0.0,0.05,0.092,-0.203,0.966,3,16
213261,0.0,0.0,0.08,0.092,-0.202,0.965,3,16
213311,0.0,0.0,0.08,0.092,-0.202,0.965,3,16
213361,0.0,0.0,0.08,0.093,-0.202,0.965,3,16
213411,0.0,0.0,0.06,0.093,-0.202,0.965,3,16
213461,0.0,0.0,0.06,0.093,-0.202,0.965,3,16
213511,0.0,0.0,0.05,0.092,-0.203,0.965,3,16
213561,0.0,0.0,0.03,0.092,-0.202,0.965,3,16
213611,0.0,0.0,0.03,0.092,-0.202,0.965,3,16
213661,0.0,0.0,0.06,0.092,-0.202,0.965,3,16
213712,0.0,0.0,0.13,0.092,-0.202,0.965,3,16
213763,0.0,0.0,0.13,0.092,-0.202,0.965,3,16
213812,0.0,0.0,0.05,0.093,-0.202,0.965,3,16
213862,0.0,0.0,0.07,0.092,-0.202,0.965,3,16
213913,0.0,0.0,0.07,0.092,-0.202,0.965,3,16
213962,0.0,0.0,0.02,0.092,-0.203,0.965,3,16
214012,0.0,0.0,0.12,0.092,-0.202,0.965,3,16
214063,0.0,0.0,0.12,0.092,-0.202,0.965,3,16
214112,0.0,0.0,0.10,0.093,-0.201,0.965,3,16
214162,0.0,0.0,0.07,0.092,-0.202,0.966,3,16
214214,0.0,0.0,0.07,0.092,-0.202,0.966,3,16
214263,0.0,0.0,0.01,0.091,-0.203,0.966,3,16
214313,0.0,0.0,0.04,0.093,-0.202,0.965,3,16
214363,0.0,0.0,0.04,0.093,-0.202,0.965,3,16
214413,0.0,0.0,0.02,0.093,-0.202,0.965,3,16
214463,0.0,0.0,0.02,0.092,-0.202,0.965,3,16
214514,0.0,0.0,0.02,0.092,-0.202,0.965,3,16
214563,0.0,0.0,0.06,0.092,-0.202,0.966,3,16
214613,0.0,0.0,0.06,0.093,-0.202,0.966,3,16
214663,0.0,0.0,0.06,0.093,-0.202,0.966,3,16
214720,0.0,0.0,0.01,0.093,-0.202,0.965,3,16
214770,0.0,0.0,0.05,0.092,-0.202,0.966,3,16
214820,0.0,0.0,0.05,0.092,-0.202,0.966,3,16
214870,0.0,0.0,0.05,0.092,-0.202,0.966,3,16
214920,0.0,0.0,0.03,0.093,-0.202,0.965,3,16
214970,0.0,0.0,0.03,0.093,-0.202,0.965,3,16
215020,0.0,0.0,0.09,0.093,-0.203,0.965,3,16
215070,0.0,0.0,0.11,0.092,-0.202,0.966,3,16
215120,0.0,0.0,0.08,0.093,-0.202,0.966,3,16
215170,0.0,0.0,0.08,0.093,-0.202,0.966,3,16
215221,0.0,0.0,0.11,0.093,-0.202,0.966,3,16
215271,0.0,0.0,0.11,0.093,-0.202,0.966,3,16
215322,0.0,0.0,0.05,0.092,-0.203,0.966,3,16
215371,0.0,0.0,0.01,0.092,-0.203,0.965,3,16
215421,0.0,0.0,0.03,0.093,-0.201,0.965,3,16
215472,0.0,0.0,0.03,0.093,-0.201,0.965,3,16
215521,0.0,0.0,0.01,0.093,-0.202,0.966,3,16
215571,0.0,0.0,0.01,0.093,-0.202,0.966,3,16
215622,0.0,0.0,0.03,0.092,-0.203,0.965,3,16
215671,0.0,0.0,0.05,0.093,-0.202,0.966,3,16
215722,0.0,0.0,0.04,0.093,-0.202,0.966,3,16
215772,0.0,0.0,0.01,0.092,-0.202,0.966,3,16
215822,0.0,0.0,0.09,0.092,-0.202,0.965,3,16
215872,0.0,0.0,0.09,0.092,-0.202,0.965,3,16
215922,0.0,0.0,0.05,0.092,-0.202,0.966,3,16
215972,0.0,0.0,0.04,0.093,-0.202,0.965,3,16
216022,0.0,0.0,0.09,0.093,-0.202,0.965,3,16
216072,0.0,0.0,0.05,0.093,-0.202,0.965,3,16
216122,0.0,0.0,0.05,0.092,-0.202,0.965,3,16
216172,0.0,0.0,0.05,0.092,-0.202,0.965,3,16
216223,0.0,0.0,0.08,0.093,-0.202,0.965,3,16
216273,0.0,0.0,0.07,0.093,-0.202,0.966,3,16
216323,0.0,0.0,0.07,0.093,-0.202,0.965,3,16
216373,0.0,0.0,0.02,0.092,-0.202,0.966,3,16
216423,0.0,0.0,0.02,0.092,-0.202,0.966,3,16
216473,0.0,0.0,0.02,0.092,-0.202,0.966,3,16
216523,0.0,0.0,0.04,0.092,-0.202,0.965,3,16
216573,0.0,0.0,0.06,0.093,-0.202,0.965,3,16
216623,0.0,0.0,0.11,0.093,-0.202,0.965,3,16
216673,0.0,0.0,0.06,0.092,-0.202,0.965,3,16
216724,0.0,0.0,0.02,0.093,-0.202,0.965,3,16
216774,0.0,0.0,0.02,0.093,-0.202,0.965,3,16
216824,0.0,0.0,0.10,0.093,-0.202,0.966,3,16
216874,0.0,0.0,0.02,0.092,-0.202,0.966,3,16
216924,0.0,0.0,0.07,0.092,-0.202,0.966,3,16
216974,0.0,0.0,0.11,0.092,-0.202,0.966,3,16
217024,0.0,0.0,0.04,0.093,-0.202,0.965,3,16
217074,0.0,0.0,0.04,0.093,-0.202,0.965,3,16
217124,0.0,0.0,0.07,0.093,-0.201,0.965,3,16
217174,0.0,0.0,0.02,0.092,-0.202,0.965,3,16
217225,0.0,0.0,0.07,0.092,-0.202,0.966,3,16
217275,0.0,0.0,0.06,0.092,-0.202,0.966,3,16
217325,0.0,0.0,0.04,0.093,-0.202,0.965,3,16
217375,0.0,0.0,0.04,0.093,-0.202,0.965,3,16
217425,0.0,0.0,0.04,0.092,-0.201,0.965,3,16
217475,0.0,0.0,0.08,0.092,-0.202,0.965,3,16
217525,0.0,0.0,0.14,0.093,-0.202,0.965,3,16
217575,0.0,0.0,0.09,0.093,-0.203,0.965,3,16
217625,0.0,0.0,0.01,0.092,-0.202,0.965,3,16
217675,0.0,0.0,0.01,0.092,-0.202,0.965,3,16
217726,0.0,0.0,0.02,0.092,-0.201,0.966,3,16
217784,0.0,0.0,0.04,0.093,-0.203,0.966,3,16
217834,0.0,0.0,0.03,0.092,-0.204,0.965,3,16
217884,0.0,0.0,0.05,0.092,-0.203,0.965,3,16
217934,0.0,0.0,0.05,0.092,-0.201,0.965,3,16
217984,0.0,0.0,0.02,0.094,-0.201,0.965,3,16
218034,0.0,0.0,0.02,0.094,-0.201,0.965,3,16
218084,0.0,0.0,0.10,0.093,-0.203,0.965,3,16
218134,0.0,0.0,0.02,0.092,-0.203,0.965,3,16
218185,0.0,0.0,0.07,0.091,-0.203,0.966,3,16
218239,0.0,0.0,0.07,0.091,-0.203,0.966,3,16
218289,0.0,0.0,0.02,0.093,-0.202,0.965,3,16
218341,0.0,0.0,0.06,0.094,-0.201,0.965,3,16
218391,0.0,0.0,0.10,0.093,-0.202,0.965,3,16
218441,0.0,0.0,0.03,0.092,-0.203,0.965,3,16
218491,0.0,0.0,0.03,0.092,-0.203,0.965,3,16
218541,0.0,0.0,0.02,0.090,-0.202,0.966,3,16
218591,0.0,0.0,0.06,0.092,-0.202,0.966,3,16
218641,0.0,0.0,0.05,0.093,-0.202,0.965,3,16
218691,0.0,0.0,0.05,0.093,-0.202,0.965,3,16
218742,0.0,0.0,0.04,0.089,-0.202,0.967,3,16
218792,0.0,0.0,0.04,0.089,-0.202,0.967,3,16
218842,0.0,0.0,0.06,0.091,-0.202,0.966,3,16
218892,0.0,0.0,0.03,0.095,-0.203,0.964,3,16
218943,0.0,0.0,0.13,0.095,-0.203,0.965,3,16
218992,0.0,0.0,0.09,0.091,-0.203,0.966,3,16
219042,239.7,0.0,0.09,0.089,-0.201,0.966,3,16
219093,239.7,0.0,0.09,0.089,-0.201,0.966,3,16
219142,239.7,0.0,0.08,0.092,-0.203,0.967,3,16
219192,380.3,0.0,0.06,0.098,-0.199,0.963,3,16
219243,380.3,0.0,0.03,0.099,-0.198,0.955,3,16
219293,772.7,0.0,0.03,0.099,-0.198,0.955,3,16
219343,1000.8,0.0,0.05,0.099,-0.196,0.971,3,16
219393,967.3,0.0,0.05,0.099,-0.196,0.971,3,16
219443,901.1,0.0,0.05,0.084,-0.211,0.974,3,16
219493,901.1,0.0,0.03,0.085,-0.198,0.956,3,16
219543,859.3,0.0,0.07,0.091,-0.204,0.997,3,16
219593,789.3,0.0,0.03,0.095,-0.199,0.975,3,16
219643,789.3,0.0,0.14,0.093,-0.204,0.973,3,16
219693,966.9,0.0,0.14,0.093,-0.204,0.973,3,16
219745,999.9,0.0,0.07,0.091,-0.204,0.946,3,16
219795,959.2,0.0,0.02,0.079,-0.203,0.949,3,16
219845,892.5,0.0,0.10,0.095,-0.198,0.959,3,16
219895,1017.5,0.0,0.10,0.095,-0.198,0.959,3,16
219945,1017.5,0.0,0.04,0.089,-0.202,0.974,3,16
219995,1026.0,0.0,0.04,0.089,-0.202,0.974,3,16
220045,1071.1,0.0,0.03,0.089,-0.204,0.978,3,16
220095,1048.0,0.0,0.04,0.087,-0.199,0.963,3,16
220145,1096.5,0.0,0.04,0.097,-0.201,0.996,3,16
220195,1074.2,0.0,0.08,0.098,-0.205,0.984,3,16
220246,1113.6,0.0,0.04,0.110,-0.201,0.963,3,16
220296,1088.1,0.0,0.04,0.110,-0.201,0.963,3,16
220346,1126.4,0.0,0.04,0.096,-0.198,0.961,3,16
220396,1101.4,0.0,0.04,0.096,-0.198,0.961,3,16
220446,1152.0,0.0,0.07,0.076,-0.206,0.972,3,16
220496,1152.0,0.0,0.09,0.088,-0.205,0.983,3,16
220546,1132.8,0.0,0.05,0.088,-0.204,0.944,3,16
220596,1171.1,0.0,0.05,0.088,-0.204,0.944,3,16
220646,1147.6,0.0,0.06,0.099,-0.197,0.959,3,16
220696,1208.4,0.0,0.09,0.092,-0.200,0.964,3,15
220747,1191.8,0.0,0.07,0.096,-0.203,0.993,3,15
220797,1244.6,0.0,0.07,0.096,-0.203,0.993,3,15
220847,1291.7,0.0,0.11,0.085,-0.202,0.957,3,15
220897,1275.2,0.0,0.00,0.083,-0.199,0.962,3,15
220947,1327.2,0.0,0.00,0.083,-0.199,0.962,3,15
220997,1308.6,0.0,0.09,0.096,-0.200,0.961,3,15
221047,1347.3,0.0,0.11,0.092,-0.202,0.953,3,15
221097,1325.2,0.0,0.15,0.097,-0.204,0.982,3,15
221147,1371.7,0.0,0.10,0.100,-0.205,0.966,3,15
221197,1363.4,0.0,0.09,0.085,-0.203,0.941,3,15
221248,1395.8,0.0,0.09,0.085,-0.203,0.941,3,15
221298,1442.1,0.0,0.05,0.091,-0.197,0.979,3,15
221348,1419.5,0.0,0.08,0.098,-0.205,0.978,3,15
221398,1456.6,0.0,0.06,0.098,-0.202,0.983,3,16
221448,1432.1,0.0,0.10,0.096,-0.200,0.979,3,16
221498,1455.9,0.0,0.05,0.091,-0.203,0.964,3,16
221548,1494.5,0.0,0.05,0.091,-0.203,0.964,3,16
221598,1474.5,0.0,0.12,0.095,-0.204,0.967,3,15
221648,1699.4,0.0,0.07,0.090,-0.201,0.960,3,16
221698,1903.0,0.0,0.07,0.094,-0.201,0.966,3,16
221749,1922.4,0.0,0.07,0.087,-0.201,0.948,3,16
221799,1971.2,0.0,0.02,0.107,-0.204,0.905,3,16
221849,1931.7,0.0,0.02,0.107,-0.204,0.905,3,16
221899,1983.1,0.0,0.06,0.103,-0.212,0.994,3,16
221949,1990.8,0.0,0.06,0.091,-0.210,0.949,3,16
221999,2007.8,0.0,0.05,0.099,-0.217,0.932,3,16
222049,2000.9,0.0,0.03,0.105,-0.217,0.976,3,16
222099,2032.3,0.0,0.09,0.096,-0.213,0.989,3,16
222149,2134.9,0.0,0.09,0.096,-0.213,0.989,3,16
222199,2284.3,0.0,0.08,0.105,-0.219,0.966,3,16
222250,2426.7,455.0,0.10,0.102,-0.224,0.970,3,16
222300,2489.9,527.8,0.10,0.102,-0.224,0.970,3,16
222350,2513.7,116.9,0.21,0.237,-0.225,1.007,3,16
222400,2491.8,116.9,0.22,0.363,-0.221,0.974,3,16
222450,2523.6,127.2,0.22,0.363,-0.221,0.974,3,16
222500,2533.7,232.0,0.58,0.246,-0.208,0.911,3,16
222550,2567.5,349.8,0.71,0.285,-0.233,0.942,3,16
222600,2572.0,349.7,0.87,0.326,-0.246,0.955,3,16
222650,2568.4,284.0,1.29,0.368,-0.277,0.922,3,16
222700,2550.9,481.6,1.79,0.453,-0.247,0.854,3,16
222751,2563.7,349.5,1.79,0.453,-0.247,0.854,3,16
222801,2569.3,595.8,2.09,0.454,-0.188,0.836,3,16
222851,2571.4,453.1,2.45,0.383,-0.205,0.735,3,16
222901,2558.7,554.0,2.81,0.414,-0.160,0.824,3,16
222951,2560.2,709.9,3.49,0.293,-0.083,1.039,3,16
223001,2556.1,583.0,3.54,0.382,-0.021,1.119,3,16
223051,2541.9,619.0,3.54,0.382,-0.021,1.119,3,16
223101,2552.3,687.4,3.57,0.331,0.008,1.122,3,15
223151,2567.5,747.8,3.78,0.304,-0.022,0.989,3,14
223201,2602.2,789.0,4.15,0.251,-0.057,0.893,3,15
223262,2610.1,795.9,4.76,0.258,-0.076,1.001,3,15
223312,2606.9,798.3,4.72,0.254,-0.106,1.154,3,16
223362,2619.5,841.0,4.72,0.254,-0.106,1.154,3,16
223412,2614.0,825.8,6.28,0.197,-0.194,0.940,3,16
223462,2640.1,876.4,5.56,0.150,-0.074,0.897,3,16
223512,2654.9,857.0,5.56,0.150,-0.074,0.897,3,16
223562,2645.3,873.4,6.12,0.129,-0.052,0.897,3,15
223612,2617.7,864.3,5.65,0.199,-0.134,1.104,3,16
223662,2599.1,816.7,5.65,0.199,-0.134,1.104,3,16
223712,2584.8,846.7,5.94,0.076,-0.231,0.794,3,16
223763,2595.6,850.7,5.56,0.094,-0.373,0.754,3,16
223813,2611.4,845.3,5.56,0.094,-0.373,0.754,3,16
223863,2625.9,828.7,5.72,0.131,-0.596,1.186,3,15
223913,2744.1,863.3,5.19,0.106,-0.484,1.519,3,16
223963,2867.5,979.4,5.19,0.106,-0.484,1.519,3,16
224013,2912.6,1007.3,5.21,0.160,-0.378,1.206,3,16
224063,2753.4,889.8,5.21,0.160,-0.378,1.206,3,16
224114,2768.3,915.0,5.21,0.160,-0.378,1.206,3,16
224164,2830.9,944.2,5.87,0.104,-0.131,0.718,3,15
224214,2764.8,991.4,5.57,0.314,-0.088,1.125,3,15
224266,2843.7,1094.3,5.57,0.314,-0.088,1.125,3,15
224315,2879.6,1040.8,5.68,0.330,-0.238,1.031,3,16
224365,2766.1,997.1,5.92,0.089,-0.195,0.806,3,16
224417,2773.5,923.2,5.92,0.089,-0.195,0.806,3,16
224466,2811.2,916.0,6.27,0.058,-0.052,1.007,3,16
224516,2872.6,881.7,5.62,0.293,0.061,1.217,3,15
224567,2687.0,800.3,5.62,0.293,0.061,1.217,3,15
224616,2528.4,741.0,5.09,0.349,0.109,0.967,3,15
224666,2384.5,719.4,4.97,0.163,0.176,0.559,3,15
224717,2286.5,685.7,4.97,0.163,0.176,0.559,3,15
224771,2235.3,683.3,5.81,0.174,0.358,0.682,3,14
224821,2148.4,643.2,5.96,0.145,0.290,1.083,3,15
224871,2207.6,659.8,5.54,0.102,0.203,1.153,3,15
224921,2323.3,694.5,4.90,0.000,0.247,1.033,3,15
224971,2308.1,686.9,4.73,0.028,0.209,0.937,3,16
225021,2313.7,682.7,4.65,0.049,0.149,0.793,3,16
225071,2345.7,673.0,4.65,0.049,0.149,0.793,3,16
225121,2384.5,649.4,4.06,0.032,0.131,0.954,3,16
225171,2410.8,639.4,4.01,0.063,0.130,1.056,3,16
225221,2447.8,669.8,4.55,0.114,0.147,1.114,3,16
225272,2452.7,650.5,4.89,0.235,0.134,1.107,3,16
225322,2456.5,711.2,4.49,0.244,0.112,0.940,3,16
225373,2456.4,664.8,4.49,0.244,0.112,0.940,3,16
225422,2314.0,612.6,4.23,0.208,0.095,0.623,3,16
225472,2253.2,532.6,4.24,0.101,0.034,0.435,3,16
225523,2139.0,530.9,4.59,0.100,0.112,0.565,3,15
225572,2058.2,528.9,4.67,0.099,0.067,1.075,3,16
225622,1995.1,540.1,4.75,0.009,-0.026,1.167,3,16
225673,1954.8,541.2,4.75,0.009,-0.026,1.167,3,16
225722,1921.6,523.7,4.31,-0.136,0.043,1.100,3,16
225773,1921.0,484.4,4.31,-0.136,0.043,1.100,3,16
225823,1894.4,496.2,4.52,-0.162,0.045,1.083,3,16
225873,1941.3,468.3,4.21,-0.164,0.029,1.004,3,16
225923,1951.3,451.5,4.52,-0.164,-0.111,0.930,3,16
225973,2132.0,576.2,4.52,-0.164,-0.111,0.930,3,16
226023,2355.8,633.7,4.48,-0.169,-0.181,0.968,3,16
226074,2572.6,764.4,4.11,-0.153,-0.170,1.030,3,16
226123,2801.1,763.7,3.81,-0.100,-0.055,1.084,3,16
226173,2887.9,847.6,3.68,0.043,0.124,0.940,3,16
226223,2747.8,755.3,3.50,0.212,0.069,1.081,3,16
226274,2707.9,815.4,3.50,0.212,0.069,1.081,3,16
226324,2782.9,802.9,4.45,0.276,-0.005,0.745,3,16
226374,2818.2,770.5,4.72,0.109,0.041,0.571,3,16
226424,2662.1,798.4,5.13,0.040,0.146,0.587,3,16
226474,2768.9,841.4,5.16,-0.024,0.238,0.907,3,16
226524,2823.7,921.7,5.54,-0.066,0.142,1.076,3,16
226574,2827.1,932.1,5.54,-0.066,0.142,1.076,3,16
226624,2812.7,970.5,5.89,-0.038,0.078,1.032,3,15
226674,2852.4,1063.2,6.44,-0.040,0.262,1.209,3,15
226724,2867.7,1083.7,6.50,-0.154,0.255,1.195,3,15
226775,2848.1,1092.9,6.27,-0.241,0.270,1.144,3,16
226825,2822.3,1126.0,5.81,-0.054,0.187,0.926,3,16
226875,2734.4,966.4,5.81,-0.054,0.187,0.926,3,16
226925,2747.8,1007.4,6.88,0.008,0.212,0.928,3,16
226975,2831.7,1094.6,6.87,-0.254,0.168,0.893,3,16
227025,2840.1,1074.2,6.82,-0.252,0.135,0.976,3,16
227075,2847.8,1088.9,6.11,-0.192,0.327,1.018,3,16
227125,2828.7,1028.8,6.16,0.011,0.410,1.062,3,16
227175,2779.3,1020.7,6.16,0.011,0.410,1.062,3,16
227225,2862.7,1126.8,6.52,-0.067,0.119,1.054,3,16
227276,2827.8,1111.4,5.99,-0.152,0.387,0.809,3,16
227326,2817.2,1127.7,5.99,-0.152,0.387,0.809,3,16
227376,2821.8,1091.7,6.88,0.012,0.151,1.158,3,16
227426,2818.4,1098.2,6.47,-0.062,0.197,1.119,3,16
227476,2803.7,1058.8,6.47,-0.062,0.197,1.119,3,16
227526,2796.4,1182.2,6.27,-0.065,0.424,1.045,3,16
227576,2928.1,1298.5,6.43,-0.141,0.202,0.939,3,16
227626,2824.6,1137.3,6.52,-0.143,0.175,1.036,3,16
227676,2784.5,1300.1,6.63,-0.095,0.473,1.043,3,15
227726,2869.7,1286.3,6.39,-0.165,0.393,1.060,3,16
227780,2825.4,1300.9,6.39,-0.165,0.393,1.060,3,16
227830,2892.5,1273.7,6.41,-0.351,0.273,1.014,3,16
227880,2795.5,1174.7,6.60,-0.273,0.191,1.108,3,16
227933,2808.7,1227.3,6.45,-0.265,0.044,1.143,3,16
227983,2847.2,1193.6,5.38,-0.275,0.384,1.155,3,15
228033,2766.4,1157.0,5.64,-0.276,0.308,1.210,3,15
228083,2777.4,1123.6,5.64,-0.276,0.308,1.210,3,15
228133,2796.4,1148.1,5.94,-0.066,-0.044,1.045,3,15
228183,2826.6,1120.2,5.33,0.070,0.075,1.034,3,16
228233,2800.9,967.1,5.16,0.036,0.095,0.840,3,16
228290,2763.8,949.6,5.06,0.159,0.039,0.871,3,16
228340,2798.1,961.5,5.06,0.159,0.039,0.871,3,16
228391,2839.0,1020.7,5.27,0.283,-0.185,0.799,3,16
228441,2819.3,927.5,5.35,0.167,-0.144,0.635,3,16
228491,2779.7,908.8,6.13,0.066,-0.099,0.715,3,16
228545,2846.0,961.1,6.13,0.066,-0.099,0.715,3,16
228594,2829.7,1021.8,5.76,0.161,0.090,0.771,3,15
228644,2939.0,1145.5,6.56,0.169,0.110,1.152,3,15
228695,2923.8,1122.7,6.34,0.130,-0.084,1.108,3,15
228744,2858.2,1132.2,6.13,0.229,0.031,1.095,3,15
228795,2830.9,1115.3,6.36,0.237,-0.076,0.925,3,16
228846,2797.9,1186.2,6.36,0.237,-0.076,0.925,3,16
228896,2860.3,1204.1,6.71,0.100,-0.075,0.782,3,16
228946,2836.7,1165.6,6.56,0.049,-0.095,0.613,3,16
228996,2811.1,1117.1,6.65,0.172,-0.422,0.812,3,16
229046,2762.4,1062.1,6.65,0.172,-0.422,0.812,3,16
229096,2759.1,1020.4,7.06,0.337,-0.699,1.246,3,16
229146,2775.7,1075.3,7.06,0.337,-0.699,1.246,3,16
229196,2909.7,1226.2,6.33,0.247,-0.190,0.992,3,16
229246,2874.7,1235.3,6.33,0.247,-0.190,0.992,3,16
229298,2746.6,1268.1,7.51,0.072,-0.067,0.996,3,16
229348,2796.4,1209.8,7.51,0.072,-0.067,0.996,3,16
229398,2798.9,1260.6,7.54,-0.069,-0.526,0.902,3,15
229449,2856.2,1240.2,6.36,0.032,-0.319,1.087,3,16
229498,2832.1,1227.6,6.36,0.032,-0.319,1.087,3,16
229548,2875.1,1207.0,5.74,-0.005,-0.372,0.660,3,16
229598,2857.4,1233.0,5.56,-0.037,-0.413,0.565,3,16
229648,2853.7,1262.0,5.93,0.080,-0.354,0.678,3,16
229698,2910.8,1342.3,7.13,0.154,-0.547,0.710,3,16
229748,2922.4,1324.3,7.25,-0.079,-0.458,0.923,3,16
229799,2894.1,1292.8,7.25,-0.079,-0.458,0.923,3,16
229849,2812.3,1205.5,6.73,-0.169,-0.578,0.928,3,16
229899,2816.2,1264.4,7.05,-0.100,-0.509,1.150,3,16
229949,2836.6,1201.9,7.38,-0.049,-0.602,1.073,3,16
229999,2833.7,1186.2,6.44,0.169,-0.559,1.048,3,16
230049,2845.4,1178.0,6.12,0.093,-0.556,0.936,3,16
230099,2889.9,1195.7,6.12,0.093,-0.556,0.936,3,16
230149,2904.3,1234.3,5.89,0.129,-0.291,0.924,3,16
230199,2929.4,1242.4,5.59,0.127,-0.182,0.558,3,16
230249,2911.8,1207.6,5.59,0.127,-0.182,0.558,3,16
230300,2855.0,1150.0,6.32,0.170,-0.122,0.853,3,16
230350,2812.5,1096.4,6.68,0.164,-0.054,0.778,3,16
230400,2842.8,1078.6,6.68,0.164,-0.054,0.778,3,16
230450,2925.4,1180.8,7.17,0.231,-0.262,1.131,3,16
230500,2902.6,1184.6,7.71,0.203,-0.211,1.066,3,16
230550,2877.6,1199.2,7.71,0.203,-0.211,1.066,3,16
230600,2762.8,1209.0,7.41,0.273,0.052,0.768,3,15
230650,2648.4,1180.8,7.55,0.199,0.004,0.733,3,16
230700,2506.7,1111.1,7.55,0.199,0.004,0.733,3,16
230750,2387.1,1068.7,8.39,0.114,0.079,0.766,3,15
230801,2313.8,1067.6,8.77,0.076,0.024,0.892,3,16
230851,2286.8,1039.7,8.96,0.028,0.001,0.846,3,16
230901,2256.8,1047.7,9.10,0.017,0.122,1.201,3,16
230951,2214.3,1079.1,9.33,0.056,0.055,1.215,3,16
231001,2207.6,1097.6,9.33,0.056,0.055,1.215,3,16
231051,2180.2,1118.8,9.78,-0.099,0.016,0.717,3,16
231101,2158.1,1099.5,9.30,-0.075,0.102,0.909,3,16
231151,2158.4,1148.1,9.30,-0.075,0.102,0.909,3,16
231201,2144.5,1103.4,9.59,-0.002,0.066,1.230,3,16
231251,2107.9,1098.1,8.99,-0.173,-0.032,0.918,3,16
231302,2049.6,1008.9,8.99,-0.173,-0.032,0.918,3,16
231352,1977.7,909.9,8.46,-0.320,-0.026,0.901,3,16
231402,1971.8,868.7,9.59,-0.356,-0.064,1.171,3,16
231452,1922.5,820.9,9.59,-0.356,-0.064,1.171,3,16
231502,1893.9,797.8,8.43,-0.450,-0.003,1.111,3,16
231552,1866.1,740.6,7.42,-0.518,-0.065,0.964,3,16
231602,1813.1,671.1,7.42,-0.518,-0.065,0.964,3,16
231652,1823.0,663.6,6.62,-0.463,-0.203,1.012,3,16
231702,1776.3,575.9,6.62,-0.438,-0.126,0.980,3,16
231752,1737.5,545.3,6.38,-0.425,-0.131,1.018,3,16
231813,1746.1,524.3,5.68,-0.396,-0.055,1.004,3,16
231863,1723.7,490.8,4.96,-0.473,-0.133,0.886,3,16
231914,1719.1,362.1,4.22,-0.477,-0.214,0.963,3,16
231964,1703.3,385.2,4.24,-0.449,-0.154,1.055,3,16
232014,1686.5,355.7,4.13,-0.452,-0.139,1.038,3,16
232064,1714.3,292.9,4.13,-0.452,-0.139,1.038,3,16
232114,1699.3,263.4,2.94,-0.444,0.034,0.965,3,16
232164,1677.5,190.9,2.53,-0.400,0.000,0.969,3,16
232214,1696.8,166.5,2.26,-0.417,-0.005,0.926,3,16
232264,1690.4,166.5,1.41,-0.423,-0.039,0.946,3,16
232315,1669.3,166.5,1.11,-0.395,-0.057,0.977,3,16
232368,1690.6,90.2,1.11,-0.395,-0.057,0.977,3,16
232417,1707.6,90.2,0.90,-0.367,-0.064,1.004,3,16
232467,1688.9,90.2,0.60,-0.355,-0.069,0.984,3,16
232518,1670.0,90.2,0.36,-0.333,-0.073,0.978,3,16
232567,1677.3,90.2,0.36,-0.287,-0.077,1.019,3,16
232617,1685.4,90.2,0.51,-0.107,-0.046,1.020,3,16
232668,1671.9,90.2,0.51,-0.107,-0.046,1.020,3,16
232717,1692.4,90.2,0.48,-0.002,-0.010,0.995,3,16
232767,1701.9,90.2,0.32,0.039,-0.001,0.969,3,16
232821,1687.5,90.2,0.32,0.039,-0.001,0.969,3,16
232870,1680.6,90.2,0.17,0.040,-0.011,0.959,3,16
232920,1692.1,17.1,0.11,0.042,-0.035,0.975,3,16
232972,1672.0,17.1,0.02,0.030,-0.019,0.973,3,16
233021,1660.3,17.1,0.02,0.030,-0.019,0.973,3,16
233071,1683.9,17.1,0.09,0.001,-0.012,0.990,3,16
233121,1687.0,17.1,0.09,0.001,-0.012,0.990,3,16
233171,1669.5,17.1,0.15,-0.015,-0.019,0.998,3,16
233221,1698.8,17.1,0.15,-0.019,-0.033,0.998,3,16
233272,1697.1,17.1,0.12,-0.037,-0.030,0.976,3,16
233322,1677.9,17.1,0.12,-0.037,-0.030,0.976,3,16
233372,1682.9,17.1,0.08,-0.025,-0.028,0.986,3,16
233422,1706.5,17.1,0.11,-0.030,-0.026,1.000,3,16
233472,1712.3,17.1,0.12,-0.027,-0.034,0.996,3,16
233522,1696.0,17.1,0.17,-0.015,-0.032,1.003,3,16
233572,1712.8,17.1,0.08,-0.009,-0.031,0.997,3,16
233622,1711.9,17.1,0.08,-0.009,-0.031,0.997,3,16
233672,1693.7,17.1,0.12,-0.011,-0.021,0.958,3,16
233722,1683.8,17.1,0.13,0.000,-0.014,0.976,3,16
233772,1706.0,17.1,0.19,0.016,-0.016,1.004,3,16
233823,1713.7,17.1,0.20,0.007,-0.021,1.009,3,16
233873,1697.9,17.1,0.09,0.013,-0.029,0.981,3,16
233923,1706.7,0.0,0.09,0.013,-0.029,0.981,3,16
233973,1700.9,0.0,0.06,-0.014,-0.018,0.981,3,16
234023,1682.4,0.0,0.09,-0.005,-0.027,0.992,3,16
234073,1672.3,0.0,0.17,-0.017,-0.026,0.992,3,16
234123,1694.4,0.0,0.32,-0.011,-0.028,0.984,3,16
234173,1678.5,0.0,0.19,-0.013,-0.025,0.990,3,16
234223,1675.6,0.0,0.19,-0.013,-0.025,0.990,3,16
234273,1705.8,0.0,0.15,-0.002,-0.020,0.985,3,16
234324,1689.5,0.0,0.15,-0.002,-0.020,0.985,3,16
234374,1669.2,0.0,0.14,-0.001,-0.026,0.994,3,16
234424,1687.0,0.0,0.15,0.003,-0.031,0.998,3,16
234474,1688.1,0.0,0.09,0.000,-0.032,0.981,3,16
234524,1670.7,0.0,0.09,0.000,-0.032,0.981,3,16
234574,1692.5,0.0,0.04,-0.008,-0.018,0.986,3,16
234624,1702.7,0.0,0.09,-0.007,-0.024,0.970,3,16
234674,1692.1,0.0,0.14,-0.005,-0.022,0.988,3,16
234724,1830.0,0.0,0.07,-0.007,-0.023,0.984,3,16
234774,2025.5,0.0,0.07,0.017,-0.031,1.010,3,16
234825,2002.2,0.0,0.07,0.017,-0.031,1.010,3,16
234875,2065.2,0.0,0.05,-0.013,-0.019,0.966,3,16
234925,2103.6,0.0,0.06,0.016,-0.025,1.013,3,16
234975,2125.5,0.0,0.06,0.000,-0.029,0.965,3,16
235025,2124.9,0.0,0.06,-0.002,-0.030,1.000,3,16
235075,2140.1,0.0,0.09,-0.014,-0.017,0.993,3,16
235125,2160.8,0.0,0.09,-0.014,-0.017,0.993,3,16
235175,2176.4,0.0,0.04,-0.005,-0.022,0.994,3,16
235225,2184.6,0.0,0.08,0.000,-0.030,0.988,3,16
235275,2179.0,0.0,0.11,0.000,-0.025,0.964,3,16
235326,2195.8,0.0,0.08,-0.013,-0.030,0.996,3,16
235376,2205.3,0.0,0.04,-0.005,-0.023,0.969,3,16
235426,2240.1,0.0,0.04,-0.005,-0.023,0.969,3,16
235476,2269.4,0.0,0.06,0.003,-0.030,0.997,3,16
235526,2340.5,0.0,0.06,0.003,-0.030,0.997,3,16
235576,2386.7,650.9,0.01,-0.016,-0.024,0.990,3,16
235626,2456.6,258.9,0.08,0.006,-0.023,1.017,3,16
235676,2434.7,286.1,0.04,0.215,0.003,1.026,3,16
235726,2434.7,286.1,0.04,0.215,0.003,1.026,3,16
235776,2473.1,295.1,0.24,0.359,0.069,1.033,3,16
235827,2502.0,243.6,0.24,0.359,0.069,1.033,3,16
235877,2494.5,378.4,0.93,0.280,0.024,0.945,3,16
235927,2392.2,332.3,1.22,0.290,-0.004,0.929,3,16
235977,2236.7,407.5,1.42,0.279,-0.027,0.927,3,16
236027,2101.9,271.0,1.42,0.279,-0.027,0.927,3,16
236077,2036.5,445.1,1.38,0.297,-0.006,1.007,3,16
236127,1937.5,473.4,1.66,0.215,-0.046,0.948,3,16
236177,1891.7,268.1,2.00,0.198,-0.072,0.938,3,16
236227,1888.8,453.5,2.23,0.145,-0.164,0.905,3,16
236277,1838.8,352.8,2.84,0.079,-0.180,0.954,3,16
236328,1800.7,269.7,2.84,0.079,-0.180,0.954,3,16
236378,1755.0,391.7,2.84,0.079,-0.180,0.954,3,16
236428,1765.7,345.8,2.84,0.079,-0.180,0.954,3,16
236485,1738.0,336.2,2.53,0.006,-0.176,0.951,3,16
236534,1708.4,380.6,2.91,-0.009,-0.172,0.953,3,16
236584,1699.4,336.0,2.61,-0.031,-0.137,0.951,3,16
236635,1716.1,324.2,2.61,-0.031,-0.137,0.951,3,16
236684,1698.0,332.5,2.90,-0.046,-0.089,1.048,3,16
236734,1676.7,304.7,2.80,-0.073,-0.114,1.077,3,16
236787,1689.3,294.0,2.80,-0.073,-0.114,1.077,3,16
236839,1682.7,297.8,2.58,-0.118,-0.236,0.981,3,16
236889,1662.6,287.4,2.72,-0.152,-0.123,0.953,3,16
236939,1667.1,275.1,2.72,-0.152,-0.123,0.953,3,16
236990,1694.5,245.3,2.43,-0.143,-0.074,0.977,3,16
237040,1669.1,227.1,1.98,-0.153,-0.114,1.020,3,16
237090,1675.6,214.6,1.63,-0.159,-0.110,1.030,3,16
237140,1703.9,183.1,1.64,-0.162,-0.049,1.020,3,15
237190,1689.1,169.8,1.52,-0.211,-0.002,1.001,3,15
237240,1663.1,144.8,1.52,-0.211,-0.002,1.001,3,15
237290,1688.5,144.8,1.57,-0.215,-0.029,1.005,3,15
237341,1690.3,103.1,1.40,-0.207,-0.044,0.977,3,16
237391,1672.2,103.1,1.00,-0.202,-0.042,0.957,3,16
237441,1648.3,103.1,1.00,-0.202,-0.042,0.957,3,16
237491,1671.2,103.1,0.50,-0.178,-0.028,0.982,3,16
237543,1656.7,103.1,0.50,-0.178,-0.028,0.982,3,16
237592,1660.6,103.1,0.30,-0.182,-0.026,0.989,3,16
237642,1663.6,103.1,0.16,-0.168,-0.036,0.986,3,16
237693,1674.6,103.1,0.14,-0.148,-0.047,0.979,3,16
237742,1657.6,25.0,0.03,-0.123,-0.054,0.977,3,16
237792,1661.3,25.0,0.22,-0.086,-0.064,0.986,3,16
237845,1689.3,25.0,0.22,-0.086,-0.064,0.986,3,16
237894,1678.7,25.0,0.33,-0.053,-0.079,0.989,3,16
237944,1677.1,25.0,0.29,-0.036,-0.085,0.988,3,16
237994,1695.4,45.0,0.34,-0.026,-0.086,0.976,3,16
238044,1678.2,45.0,0.34,-0.026,-0.086,0.976,3,16
238094,1690.4,45.0,0.32,-0.016,-0.092,0.979,3,16
238145,1714.8,45.0,0.32,-0.016,-0.092,0.979,3,16
238194,1730.6,45.0,0.37,-0.011,-0.088,0.991,3,16
238244,1717.2,38.9,0.37,-0.011,-0.088,0.991,3,16
238294,1697.2,38.9,0.30,-0.004,-0.090,1.002,3,16
238346,1724.5,38.9,0.30,-0.004,-0.090,1.002,3,16
238396,1728.8,38.9,0.28,0.005,-0.090,0.989,3,16
238446,1692.8,38.9,0.28,0.005,-0.090,0.989,3,16
238497,1709.4,38.9,0.25,0.013,-0.093,0.999,3,16
238547,1708.1,38.9,0.09,0.016,-0.102,0.999,3,16
238597,1691.1,38.9,0.05,0.012,-0.093,0.991,3,16
238647,1696.3,38.9,0.08,0.012,-0.091,0.973,3,16
238697,1717.8,38.9,0.10,-0.002,-0.080,0.971,3,16
238747,1701.8,38.9,0.10,-0.002,-0.080,0.971,3,16
238797,1699.7,38.9,0.04,-0.005,-0.082,0.999,3,16
238849,1720.4,38.9,0.08,-0.024,-0.074,0.969,3,16
238899,1718.5,38.9,0.05,-0.025,-0.070,0.979,3,16
238949,1699.9,38.9,0.09,-0.033,-0.069,0.977,3,16
238999,1709.5,38.9,0.07,-0.040,-0.072,1.004,3,16
239049,1722.0,38.9,0.07,-0.040,-0.072,1.004,3,16
239099,1716.2,38.9,0.11,-0.036,-0.078,0.975,3,16
239149,1697.2,38.9,0.08,-0.035,-0.068,0.992,3,16
239199,1706.2,38.9,0.06,-0.029,-0.068,0.965,3,16
239249,1713.1,0.0,0.05,-0.027,-0.070,0.970,3,16
239299,1699.1,0.0,0.01,-0.020,-0.068,0.978,3,16
239350,1681.2,0.0,0.06,-0.016,-0.082,0.994,3,16
239400,1705.5,0.0,0.06,-0.016,-0.082,0.994,3,16
239450,1679.8,0.0,0.06,-0.016,-0.082,0.994,3,16
239500,1662.7,0.0,0.10,-0.021,-0.076,0.976,3,16
239550,1685.0,0.0,0.10,-0.021,-0.076,0.976,3,16
239600,1690.6,0.0,0.10,-0.025,-0.069,0.997,3,16
239650,1674.8,0.0,0.10,-0.025,-0.069,0.997,3,16
239700,1693.0,0.0,0.10,-0.025,-0.069,0.997,3,16
239750,1682.5,0.0,0.10,-0.026,-0.073,0.976,3,16
239800,1660.4,0.0,0.02,-0.024,-0.073,0.981,3,16
239851,1669.7,0.0,0.02,-0.028,-0.072,0.981,3,16
239901,1691.1,0.0,0.06,-0.021,-0.073,0.976,3,16
239951,1675.1,0.0,0.09,-0.030,-0.067,0.978,3,16
240001,1673.7,0.0,0.09,-0.030,-0.067,0.978,3,16
240051,1696.7,0.0,0.04,-0.023,-0.074,0.996,3,16
240101,1707.4,0.0,0.15,-0.023,-0.073,0.980,3,16
240151,1693.7,0.0,0.15,-0.023,-0.073,0.980,3,16
240201,1689.0,0.0,0.04,-0.035,-0.069,0.977,3,16
240251,1713.9,0.0,0.05,-0.024,-0.070,1.000,3,16
240301,1699.1,0.0,0.05,-0.024,-0.070,1.000,3,16
240352,1685.3,0.0,0.08,-0.024,-0.070,0.979,3,16
240402,1712.4,0.0,0.05,-0.020,-0.071,0.973,3,16
240452,1721.7,0.0,0.09,-0.022,-0.072,0.990,3,16
240502,1706.0,0.0,0.08,-0.023,-0.074,0.976,3,16
240552,1706.7,0.0,0.08,-0.022,-0.075,0.997,3,16
240602,1715.2,0.0,0.08,-0.022,-0.075,0.997,3,16
240652,1702.9,0.0,0.05,-0.023,-0.077,0.987,3,16
240702,1702.0,0.0,0.01,-0.027,-0.070,0.985,3,16
240752,1724.3,0.0,0.03,-0.032,-0.070,0.976,3,16
240802,1723.2,0.0,0.04,-0.015,-0.072,0.998,3,16
240853,1704.6,0.0,0.04,-0.028,-0.069,1.002,3,16
240903,1706.9,0.0,0.04,-0.028,-0.069,1.002,3,16
240953,1725.6,0.0,0.05,-0.020,-0.075,1.004,3,16
241003,1707.6,0.0,0.05,-0.020,-0.075,1.004,3,16
241053,1689.1,0.0,0.05,-0.020,-0.075,1.004,3,16
241103,1713.0,0.0,0.06,-0.019,-0.071,0.970,3,16
241153,1701.5,0.0,0.01,-0.017,-0.075,0.985,3,16
241213,1677.8,0.0,0.01,-0.017,-0.075,0.985,3,16
241262,1672.4,0.0,0.10,-0.021,-0.076,0.989,3,16
241312,1692.9,0.0,0.11,-0.029,-0.068,0.979,3,16
241364,1704.4,0.0,0.11,-0.029,-0.068,0.979,3,16
241414,1690.1,0.0,0.04,-0.034,-0.067,0.975,3,16
241464,1690.2,0.0,0.06,-0.020,-0.077,0.974,3,16
241514,1686.2,0.0,0.04,-0.020,-0.075,0.980,3,16
241564,1660.2,0.0,0.13,-0.022,-0.074,0.977,3,16
241614,1669.8,0.0,0.13,-0.022,-0.074,0.977,3,16
241664,1679.9,0.0,0.13,-0.022,-0.074,0.977,3,16
241714,1659.4,0.0,0.08,-0.023,-0.071,0.989,3,16
241764,1673.9,0.0,0.23,-0.023,-0.074,0.991,3,16
241815,1695.1,0.0,0.23,-0.023,-0.074,0.991,3,16
241871,1837.1,0.0,0.02,-0.026,-0.069,0.988,3,16
241921,2084.2,0.0,0.02,-0.024,-0.067,0.988,3,16
241971,2165.5,0.0,0.08,-0.015,-0.071,0.974,3,16
242021,2317.8,415.0,0.08,-0.015,-0.071,0.974,3,16
242071,2310.0,420.0,0.05,0.031,-0.067,0.998,3,16
242122,2329.1,161.9,0.09,0.161,-0.107,1.058,3,16
242172,2316.8,161.9,0.09,0.154,-0.169,0.958,3,16
242222,2327.4,257.4,0.21,0.191,-0.197,0.985,3,16
242272,2363.8,257.4,0.61,0.156,-0.144,0.976,3,16
242322,2363.7,235.9,0.61,0.156,-0.144,0.976,3,16
242373,2371.5,278.6,0.74,0.138,-0.068,1.003,3,16
242423,2368.3,323.4,0.90,0.172,-0.079,1.005,3,16
242473,2373.8,425.8,1.03,0.174,-0.086,0.984,3,16
242523,2371.6,373.5,1.39,0.235,-0.040,1.015,3,16
242573,2245.3,291.9,1.18,0.280,0.007,0.945,3,16
242623,2085.6,442.3,1.18,0.280,0.007,0.945,3,16
242673,2068.8,322.9,1.46,0.238,-0.020,0.839,3,16
242723,1959.2,408.3,1.93,0.157,-0.059,0.811,3,16
242773,1916.2,422.3,2.39,0.096,-0.069,0.841,3,16
242823,1897.0,278.3,2.59,0.092,-0.086,0.918,3,16
242874,1851.9,329.7,2.88,0.018,-0.105,0.984,3,16
242924,1853.3,380.8,2.88,0.018,-0.105,0.984,3,16
242974,1816.3,179.4,2.40,-0.167,-0.058,1.000,3,16
243024,1782.1,235.9,2.21,-0.200,-0.100,0.967,3,16
243074,1765.6,311.1,2.18,-0.215,-0.099,1.041,3,16
243124,1782.4,311.1,1.86,-0.261,-0.107,1.025,3,15
243174,1752.4,110.7,1.50,-0.340,-0.076,0.986,3,16
243224,1718.7,110.7,1.50,-0.340,-0.076,0.986,3,16
243274,1716.3,99.8,1.32,-0.350,-0.082,0.995,3,16
243324,1714.1,99.8,1.32,-0.350,-0.082,0.995,3,16
243375,1698.5,99.8,0.82,-0.328,-0.131,1.013,3,16
243425,1708.4,99.8,0.20,-0.232,-0.193,0.997,3,16
243475,1718.6,99.8,0.06,-0.097,-0.154,1.009,3,16
243525,1711.8,99.8,0.06,-0.097,-0.154,1.009,3,16
243575,1692.9,99.8,0.30,0.028,-0.125,0.948,3,16
243625,1694.7,99.8,0.40,0.035,-0.125,0.959,3,16
243675,1697.4,99.8,0.31,0.056,-0.124,0.941,3,16
243725,1672.9,99.8,0.13,0.067,-0.081,0.975,3,16
243775,1683.6,99.8,0.12,0.054,-0.098,0.991,3,15
243825,1693.9,99.8,0.12,0.054,-0.098,0.991,3,15
243876,1707.4,99.8,0.04,0.017,-0.129,0.978,3,15
243926,1680.0,99.8,0.10,0.003,-0.129,0.985,3,15
243976,1687.7,99.8,0.11,-0.007,-0.124,0.983,3,15
244026,1693.1,99.8,0.09,-0.008,-0.125,0.969,3,15
244076,1677.9,99.8,0.09,0.009,-0.123,0.964,3,15
244126,1668.0,99.8,0.09,0.009,-0.123,0.964,3,15
244176,1680.9,99.8,0.09,0.024,-0.116,0.987,3,16
244226,1662.0,99.8,0.10,0.030,-0.116,0.985,3,16
244276,1658.4,0.0,0.07,0.023,-0.117,0.983,3,16
244326,1683.1,0.0,0.03,0.015,-0.122,0.986,3,16
244377,1686.6,0.0,0.15,0.010,-0.121,0.978,3,16
244427,1669.9,0.0,0.15,0.010,-0.121,0.978,3,16
244477,1693.5,0.0,0.14,0.018,-0.119,0.985,3,16
244527,1680.1,0.0,0.14,0.018,-0.119,0.985,3,16
244577,1655.3,0.0,0.10,0.018,-0.119,0.987,3,16
244627,1658.9,0.0,0.06,0.019,-0.119,0.987,3,16
244677,1675.8,0.0,0.03,0.014,-0.119,0.976,3,16
244727,1658.5,0.0,0.03,0.014,-0.119,0.976,3,16
244777,1673.5,0.0,0.10,0.013,-0.121,0.974,3,16
244827,1674.2,0.0,0.06,0.014,-0.122,0.971,3,16
244878,1677.9,0.0,0.03,0.015,-0.119,0.987,3,16
244928,1665.0,0.0,0.07,0.020,-0.121,0.985,3,16
244978,1679.6,0.0,0.02,0.017,-0.118,0.991,3,16
245028,1678.7,0.0,0.02,0.017,-0.118,0.991,3,16
245078,1661.7,0.0,0.02,0.017,-0.118,0.991,3,16
245128,1639.0,0.0,0.02,0.017,-0.118,0.991,3,16
245178,1672.0,0.0,0.14,0.016,-0.120,0.979,3,16
245228,1660.3,0.0,0.07,0.020,-0.120,0.986,3,16
245278,1641.1,0.0,0.01,0.018,-0.119,0.984,3,16
245328,1658.4,0.0,0.01,0.018,-0.119,0.984,3,16
245389,1656.9,0.0,0.07,0.016,-0.120,0.979,3,16
245439,1639.6,0.0,0.03,0.016,-0.120,0.975,3,16
245489,1659.0,0.0,0.03,0.016,-0.120,0.975,3,16
245539,1666.4,0.0,0.07,0.015,-0.118,0.980,3,16
245589,1634.5,0.0,0.14,0.021,-0.117,0.985,3,16
245639,1627.3,0.0,0.14,0.021,-0.117,0.985,3,16
245689,1639.6,0.0,0.08,0.018,-0.118,0.982,3,16
245739,1620.7,0.0,0.03,0.016,-0.119,0.983,3,16
245789,1633.5,0.0,0.03,0.016,-0.119,0.983,3,16
245839,1648.5,0.0,0.07,0.016,-0.118,0.983,3,16
245890,1630.2,0.0,0.01,0.016,-0.119,0.978,3,16
245940,1617.1,0.0,0.01,0.016,-0.119,0.978,3,16
245990,1636.0,0.0,0.13,0.015,-0.118,0.984,3,16
246040,1622.9,0.0,0.06,0.016,-0.118,0.985,3,16
246090,1599.6,0.0,0.06,0.016,-0.118,0.985,3,16
246140,1610.7,0.0,0.11,0.017,-0.119,0.981,3,16
246190,1617.5,0.0,0.10,0.016,-0.119,0.983,3,16
246240,1603.4,0.0,0.10,0.016,-0.119,0.983,3,16
246290,1615.8,0.0,0.08,0.016,-0.118,0.980,3,16
246340,1613.6,0.0,0.03,0.016,-0.120,0.991,3,16
246392,1596.2,0.0,0.06,0.018,-0.117,0.992,3,16
246441,1614.6,0.0,0.06,0.018,-0.117,0.992,3,16
246491,1623.4,0.0,0.04,0.014,-0.120,0.978,3,16
246541,1609.1,0.0,0.04,0.014,-0.120,0.978,3,16
246591,1625.4,0.0,0.05,0.015,-0.117,0.981,3,16
246641,1621.7,0.0,0.05,0.015,-0.118,0.976,3,16
246691,1602.8,0.0,0.01,0.017,-0.120,0.976,3,16
246741,1626.7,0.0,0.11,0.016,-0.119,0.980,3,16
246791,1623.1,0.0,0.07,0.013,-0.121,0.982,3,16
246841,1603.8,0.0,0.07,0.013,-0.121,0.982,3,16
246898,1614.1,0.0,0.08,0.014,-0.121,0.980,3,16
246948,1633.8,0.0,0.09,0.015,-0.117,0.978,3,16
246998,1617.4,0.0,0.04,0.016,-0.118,0.984,3,16
247048,1596.6,0.0,0.04,0.016,-0.118,0.984,3,16
247098,1624.0,0.0,0.11,0.019,-0.119,0.981,3,16
247148,1609.7,0.0,0.11,0.019,-0.119,0.981,3,16
247198,1606.3,0.0,0.15,0.011,-0.122,0.979,3,16
247248,1627.6,0.0,0.02,0.016,-0.119,0.978,3,16
247299,1611.6,0.0,0.06,0.015,-0.119,0.980,3,16
247348,1604.4,0.0,0.07,0.017,-0.118,0.978,3,16
247399,1626.5,0.0,0.05,0.019,-0.118,0.988,3,16
247449,1611.1,0.0,0.05,0.019,-0.118,0.988,3,16
247500,1604.7,0.0,0.03,0.017,-0.117,0.981,3,16
247549,1634.1,0.0,0.07,0.015,-0.121,0.982,3,16
247599,1621.0,0.0,0.15,0.015,-0.117,0.979,3,16
247650,1610.1,0.0,0.15,0.015,-0.117,0.979,3,16
247699,1627.5,0.0,0.11,0.017,-0.117,0.980,3,16
247749,1635.1,0.0,0.11,0.017,-0.117,0.980,3,16
247800,1620.2,0.0,0.14,0.014,-0.123,0.983,3,16
247849,1642.7,0.0,0.15,0.017,-0.121,0.979,3,16
247900,1643.8,0.0,0.09,0.018,-0.117,0.980,3,16
247950,1625.7,0.0,0.14,0.018,-0.115,0.982,3,16
248000,1639.7,0.0,0.14,0.015,-0.118,0.984,3,16
248050,1628.0,0.0,0.14,0.015,-0.118,0.984,3,16
248100,1603.8,0.0,0.09,0.015,-0.121,0.982,3,16
248150,1632.0,0.0,0.19,0.020,-0.117,0.981,3,16
248200,1634.0,0.0,0.15,0.021,-0.116,0.977,3,16
248250,1615.8,0.0,0.04,0.019,-0.117,0.982,3,16
248300,1641.8,0.0,0.05,0.024,-0.118,0.992,3,16
248350,1643.2,0.0,0.05,0.024,-0.118,0.992,3,16
248401,1624.8,0.0,0.05,0.011,-0.119,0.986,3,16
248451,1639.5,0.0,0.07,0.016,-0.122,0.978,3,16
248501,1658.0,99.8,0.06,0.017,-0.122,0.979,3,16
248551,1641.8,99.8,0.02,0.019,-0.120,0.983,3,16
248601,1635.4,99.8,0.06,0.013,-0.118,0.982,3,16
248651,1658.1,99.8,0.06,0.013,-0.118,0.982,3,16
248701,1644.8,99.8,0.11,0.016,-0.120,0.981,3,16
248751,1623.6,99.8,0.06,0.011,-0.122,0.976,3,16
248801,1653.5,99.8,0.07,0.010,-0.123,0.986,3,16
248851,1641.0,99.8,0.07,0.010,-0.123,0.986,3,16
248902,1625.6,99.8,0.07,0.010,-0.117,0.976,3,16
248952,1637.6,99.8,0.07,0.010,-0.117,0.976,3,16
249002,1621.2,99.8,0.02,0.027,-0.118,0.979,3,16
249052,1596.5,99.8,0.03,0.022,-0.117,0.982,3,16
249102,1628.3,99.8,0.08,0.016,-0.116,0.983,3,16
249152,1630.7,99.8,0.09,0.013,-0.117,0.982,3,16
249202,1612.7,99.8,0.09,0.011,-0.119,0.987,3,16
249252,1633.9,99.8,0.09,0.011,-0.119,0.987,3,16
249302,1636.1,99.8,0.10,0.017,-0.119,0.980,3,16
249352,1619.2,99.8,0.23,0.022,-0.121,0.980,3,16
249403,1632.9,99.8,0.16,0.016,-0.120,0.981,3,16
249453,1632.3,99.8,0.16,0.016,-0.120,0.981,3,16
249503,1615.4,0.0,0.01,0.014,-0.120,0.980,3,16
249553,1619.0,0.0,0.01,0.014,-0.120,0.980,3,16
249603,1630.3,0.0,0.11,0.013,-0.118,0.982,3,16
249653,1610.4,0.0,0.16,0.015,-0.119,0.980,3,16
249703,1610.6,0.0,0.09,0.017,-0.119,0.981,3,16
249753,1634.3,0.0,0.07,0.017,-0.119,0.978,3,16
249803,1619.0,0.0,0.07,0.017,-0.119,0.982,3,16
249853,1612.6,0.0,0.07,0.017,-0.119,0.982,3,16
249909,1634.7,0.0,0.07,0.017,-0.119,0.980,3,16
249958,1645.7,0.0,0.08,0.014,-0.119,0.982,3,16
250008,1631.7,0.0,0.08,0.013,-0.119,0.981,3,16
250060,1650.2,0.0,0.08,0.013,-0.119,0.981,3,16
250110,1641.6,0.0,0.13,0.017,-0.119,0.984,3,16
250160,1620.3,0.0,0.06,0.018,-0.118,0.982,3,16
250210,1635.5,0.0,0.06,0.018,-0.118,0.982,3,16
250260,1638.9,0.0,0.03,0.017,-0.117,0.981,3,16
250310,1612.8,0.0,0.06,0.017,-0.118,0.981,3,16
250360,1623.9,0.0,0.05,0.016,-0.119,0.983,3,16
250414,1627.8,0.0,0.04,0.016,-0.120,0.982,3,16
250464,1609.9,0.0,0.03,0.016,-0.118,0.982,3,16
250514,1612.1,0.0,0.05,0.015,-0.119,0.981,3,16
250564,1632.6,0.0,0.07,0.016,-0.118,0.981,3,16
250614,1615.9,0.0,0.03,0.014,-0.117,0.981,3,16
250664,1616.7,0.0,0.03,0.014,-0.117,0.981,3,16
250714,1628.0,0.0,0.12,0.016,-0.118,0.983,3,16
250764,1607.8,0.0,0.12,0.016,-0.118,0.981,3,16
250814,1622.0,0.0,0.13,0.015,-0.117,0.980,3,16
250864,1652.3,0.0,0.09,0.017,-0.118,0.981,3,16
250915,1638.9,0.0,0.08,0.018,-0.119,0.982,3,16
250966,1646.5,0.0,0.08,0.018,-0.119,0.982,3,16
251015,1649.7,0.0,0.05,0.017,-0.119,0.985,3,16
251065,1654.6,0.0,0.06,0.017,-0.120,0.980,3,16
251115,1640.7,0.0,0.06,0.017,-0.120,0.980,3,16
251165,1646.3,0.0,0.06,0.017,-0.120,0.980,3,16
251215,1649.8,0.0,0.05,0.017,-0.120,0.982,3,16
251266,1635.8,0.0,0.05,0.017,-0.120,0.982,3,16
251315,1641.5,0.0,0.06,0.017,-0.119,0.985,3,16
251365,1635.3,0.0,0.06,0.016,-0.117,0.982,3,16
251417,1617.4,0.0,0.04,0.018,-0.118,0.983,3,16
251466,1633.7,0.0,0.05,0.017,-0.118,0.982,3,16
251516,1625.9,0.0,0.09,0.017,-0.119,0.981,3,16
251566,1605.3,0.0,0.09,0.017,-0.119,0.981,3,16
251616,1614.0,0.0,0.07,0.016,-0.120,0.982,3,16
251666,1620.3,0.0,0.06,0.015,-0.118,0.979,3,16
251716,1598.1,0.0,0.02,0.015,-0.119,0.977,3,16
251766,1610.3,0.0,0.04,0.016,-0.119,0.980,3,16
251816,1620.9,0.0,0.09,0.019,-0.119,0.983,3,16
251866,1600.3,0.0,0.09,0.019,-0.119,0.983,3,16
251924,1610.6,0.0,0.05,0.017,-0.120,0.983,3,16
251974,1621.3,0.0,0.04,0.016,-0.119,0.983,3,16
252024,1623.4,0.0,0.03,0.019,-0.121,0.981,3,16
252074,1607.9,0.0,0.11,0.015,-0.120,0.982,3,16
252124,1633.9,0.0,0.03,0.015,-0.119,0.987,3,16
252174,1642.8,0.0,0.02,0.014,-0.119,0.975,3,16
252224,1627.5,0.0,0.02,0.014,-0.119,0.975,3,16
252274,1625.5,0.0,0.06,0.016,-0.119,0.980,3,16
252324,1599.5,0.0,0.04,0.016,-0.120,0.977,3,16
252374,1620.6,0.0,0.06,0.014,-0.120,0.976,3,16
252425,1629.1,0.0,0.09,0.014,-0.118,0.979,3,16
252475,1619.2,0.0,0.04,0.015,-0.120,0.979,3,16
252525,1596.2,0.0,0.04,0.015,-0.120,0.979,3,16
252575,1620.5,0.0,0.13,0.021,-0.119,0.988,3,16
252625,1625.8,0.0,0.09,0.019,-0.121,0.984,3,16
252675,1610.9,0.0,0.02,0.019,-0.118,0.986,3,16
252725,1618.2,0.0,0.09,0.017,-0.119,0.981,3,16
252775,1618.1,0.0,0.08,0.015,-0.120,0.979,3,16
252825,1601.8,0.0,0.08,0.015,-0.120,0.979,3,16
252875,1621.3,0.0,0.15,0.014,-0.119,0.978,3,16
252926,1638.3,0.0,0.07,0.020,-0.119,0.984,3,16
252976,1625.4,0.0,0.07,0.020,-0.119,0.984,3,16
253026,1623.8,0.0,0.04,0.016,-0.119,0.980,3,16
253076,1638.9,0.0,0.09,0.017,-0.117,0.981,3,16
253126,1621.0,0.0,0.09,0.017,-0.117,0.981,3,16
253176,1614.2,0.0,0.08,0.017,-0.118,0.984,3,16
253226,1620.1,0.0,0.11,0.016,-0.118,0.982,3,16
253276,1597.9,0.0,0.03,0.016,-0.119,0.982,3,16
253326,1598.0,0.0,0.05,0.017,-0.119,0.980,3,16
253376,1609.8,0.0,0.06,0.016,-0.119,0.980,3,16
253427,1591.2,0.0,0.06,0.016,-0.119,0.980,3,16
253477,1602.4,0.0,0.07,0.017,-0.118,0.978,3,16
253527,1618.7,0.0,0.06,0.018,-0.120,0.979,3,16
253577,1600.6,0.0,0.06,0.018,-0.120,0.979,3,16
253627,1595.9,0.0,0.05,0.023,-0.118,0.991,3,16
253677,1612.5,0.0,0.03,0.020,-0.121,0.985,3,16
253727,1594.3,0.0,0.03,0.020,-0.121,0.985,3,16
253777,1605.2,0.0,0.03,0.018,-0.119,0.982,3,16
253827,1621.1,0.0,0.02,0.013,-0.122,0.976,3,16
253877,1603.2,0.0,0.08,0.012,-0.119,0.975,3,16
253928,1616.6,0.0,0.06,0.020,-0.120,0.980,3,16
253978,1640.2,0.0,0.07,0.019,-0.120,0.981,3,16
254028,1639.3,0.0,0.07,0.019,-0.120,0.981,3,16
254078,1619.8,0.0,0.15,0.015,-0.119,0.981,3,16
254128,1642.1,0.0,0.13,0.017,-0.120,0.981,3,16
254178,1638.4,0.0,0.06,0.017,-0.118,0.983,3,16
254228,1619.2,0.0,0.06,0.017,-0.119,0.981,3,16
254278,1637.3,0.0,0.07,0.017,-0.118,0.982,3,16
254328,1643.7,0.0,0.07,0.017,-0.118,0.982,3,16
254378,1628.4,0.0,0.09,0.017,-0.119,0.981,3,16
254429,1650.1,0.0,0.02,0.016,-0.118,0.981,3,16
254479,1657.0,0.0,0.02,0.016,-0.118,0.981,3,16
254529,1641.5,0.0,0.04,0.017,-0.118,0.981,3,16
254579,1621.6,0.0,0.07,0.014,-0.118,0.980,3,16
254629,1626.7,0.0,0.07,0.014,-0.118,0.980,3,16
254679,1604.0,0.0,0.11,0.017,-0.119,0.979,3,16
254729,1616.1,0.0,0.06,0.017,-0.119,0.985,3,16
254779,1634.7,0.0,0.06,0.017,-0.120,0.984,3,16
254829,1618.1,0.0,0.07,0.018,-0.119,0.982,3,16
254879,1622.1,0.0,0.04,0.018,-0.119,0.983,3,16
254934,1640.9,0.0,0.04,0.018,-0.119,0.983,3,16
254984,1641.6,0.0,0.02,0.019,-0.118,0.983,3,16
255034,1623.4,0.0,0.05,0.017,-0.119,0.982,3,16
255086,1641.0,0.0,0.05,0.017,-0.119,0.982,3,16
255135,1630.6,0.0,0.03,0.017,-0.119,0.982,3,16
255185,1608.8,0.0,0.04,0.018,-0.119,0.982,3,16
255236,1628.6,0.0,0.04,0.018,-0.119,0.982,3,16
255285,1625.9,0.0,0.03,0.015,-0.120,0.980,3,16
255335,1606.8,0.0,0.11,0.015,-0.120,0.981,3,16
255385,1628.8,0.0,0.11,0.015,-0.120,0.981,3,16
255443,1630.9,0.0,0.04,0.017,-0.119,0.980,3,16
255493,1613.8,0.0,0.14,0.017,-0.117,0.988,3,16
255545,1621.2,0.0,0.14,0.017,-0.117,0.988,3,16
255594,1632.9,0.0,0.07,0.017,-0.119,0.977,3,16
255644,1609.0,0.0,0.10,0.016,-0.119,0.980,3,16
255695,1612.2,0.0,0.02,0.017,-0.119,0.982,3,16
255744,1611.8,0.0,0.08,0.016,-0.119,0.982,3,16
255794,1585.0,0.0,0.01,0.014,-0.118,0.980,3,16
255845,1596.8,0.0,0.01,0.014,-0.118,0.980,3,16
255894,1625.8,0.0,0.09,0.018,-0.120,0.977,3,16
255945,1606.6,0.0,0.00,0.020,-0.118,0.987,3,16
255995,1597.1,0.0,0.04,0.019,-0.120,0.983,3,16
256045,1625.8,0.0,0.04,0.019,-0.120,0.983,3,16
256095,1611.6,0.0,0.02,0.015,-0.119,0.981,3,16
256146,1617.1,0.0,0.02,0.015,-0.119,0.981,3,16
256196,1642.0,0.0,0.02,0.017,-0.120,0.984,3,16
256246,1645.7,0.0,0.05,0.015,-0.120,0.976,3,16
256296,1628.5,0.0,0.04,0.015,-0.117,0.978,3,16
256346,1649.6,0.0,0.05,0.016,-0.119,0.980,3,16
256396,1652.0,0.0,0.04,0.015,-0.120,0.981,3,16
256448,1634.8,0.0,0.04,0.015,-0.120,0.981,3,16
256497,1648.7,0.0,0.09,0.017,-0.120,0.984,3,16
256547,1646.9,0.0,0.11,0.017,-0.121,0.982,3,16
256597,1629.3,0.0,0.11,0.018,-0.120,0.982,3,16
256648,1610.3,0.0,0.09,0.017,-0.118,0.980,3,16
256698,1624.6,0.0,0.07,0.018,-0.119,0.983,3,16
256748,1606.0,0.0,0.07,0.018,-0.119,0.983,3,16
256798,1604.4,0.0,0.12,0.017,-0.119,0.982,3,16
256848,1615.0,0.0,0.05,0.017,-0.118,0.981,3,16
256898,1594.3,0.0,0.03,0.016,-0.118,0.981,3,16
256949,1608.1,0.0,0.07,0.015,-0.120,0.984,3,16
256999,1613.0,0.0,0.08,0.016,-0.119,0.984,3,16
257049,1589.5,0.0,0.08,0.016,-0.119,0.984,3,16
257099,1604.6,0.0,0.09,0.015,-0.118,0.983,3,16
257149,1612.8,0.0,0.03,0.014,-0.118,0.976,3,16
257199,1591.2,0.0,0.02,0.019,-0.119,0.976,3,16
257249,1599.1,0.0,0.02,0.019,-0.119,0.976,3,16
257299,1622.7,0.0,0.07,0.013,-0.118,0.984,3,16
257349,1607.3,0.0,0.07,0.013,-0.118,0.984,3,16
257399,1611.4,0.0,0.07,0.016,-0.117,0.982,3,16
257450,1634.1,0.0,0.06,0.022,-0.117,0.988,3,16
257500,1617.9,0.0,0.02,0.017,-0.119,0.983,3,16
257550,1606.0,0.0,0.02,0.017,-0.119,0.983,3,16
257600,1619.8,0.0,0.01,0.015,-0.121,0.985,3,16
257650,1600.7,0.0,0.01,0.015,-0.121,0.985,3,16
257700,1598.5,0.0,0.09,0.017,-0.120,0.981,3,16
257750,1617.8,0.0,0.06,0.016,-0.115,0.979,3,16
257800,1601.1,0.0,0.09,0.020,-0.118,0.980,3,16
257851,1601.6,0.0,0.09,0.020,-0.118,0.980,3,16
257900,1617.4,0.0,0.09,0.015,-0.120,0.981,3,16
257951,1611.9,0.0,0.09,0.015,-0.120,0.981,3,16
258001,1592.3,0.0,0.02,0.016,-0.119,0.980,3,16
258051,1606.2,0.0,0.09,0.016,-0.118,0.979,3,16
258101,1612.3,0.0,0.01,0.021,-0.117,0.994,3,16
258151,1597.5,0.0,0.01,0.021,-0.117,0.994,3,16
258201,1616.2,0.0,0.08,0.021,-0.119,0.981,3,16
258251,1610.0,0.0,0.08,0.021,-0.119,0.981,3,16
258301,1589.8,0.0,0.03,0.021,-0.120,0.982,3,16
258351,1617.7,0.0,0.08,0.013,-0.119,0.977,3,16
258401,1605.2,0.0,0.12,0.015,-0.121,0.976,3,16
258452,1580.1,0.0,0.12,0.015,-0.121,0.976,3,16
258502,1602.3,0.0,0.08,0.013,-0.122,0.981,3,16
258552,1592.3,0.0,0.08,0.013,-0.122,0.981,3,16
258602,1568.4,0.0,0.10,0.017,-0.117,0.977,3,16
258652,1594.1,0.0,0.11,0.019,-0.118,0.975,3,16
258702,1612.2,0.0,0.06,0.025,-0.117,0.998,3,16
258752,1599.7,0.0,0.06,0.025,-0.117,0.998,3,16
258802,1625.8,0.0,0.08,0.017,-0.120,0.976,3,16
258852,1615.7,0.0,0.08,0.017,-0.120,0.976,3,16
258902,1592.4,0.0,0.08,0.012,-0.119,0.977,3,16
258953,1610.2,0.0,0.00,0.014,-0.118,0.979,3,16
259003,1615.1,0.0,0.09,0.014,-0.121,0.975,3,16
259053,1599.2,0.0,0.09,0.014,-0.121,0.975,3,16
259103,1614.4,0.0,0.05,0.018,-0.118,0.978,3,16
259153,1619.5,0.0,0.05,0.018,-0.118,0.978,3,16
259203,1604.4,0.0,0.05,0.019,-0.121,0.977,3,16
259253,1624.2,0.0,0.06,0.022,-0.118,0.989,3,16
259303,1620.0,0.0,0.04,0.020,-0.119,0.981,3,16
259353,1602.3,0.0,0.04,0.020,-0.119,0.981,3,16
259403,1621.2,0.0,0.06,0.019,-0.121,0.984,3,16
259454,1620.5,0.0,0.06,0.019,-0.121,0.984,3,16
259504,1602.9,0.0,0.04,0.014,-0.119,0.978,3,16
259554,1630.0,0.0,0.04,0.017,-0.121,0.974,3,16
259604,1629.8,0.0,0.05,0.016,-0.118,0.980,3,16
259654,1610.8,0.0,0.04,0.014,-0.120,0.979,3,16
259704,1636.1,0.0,0.02,0.013,-0.117,0.977,3,16
259754,1638.0,0.0,0.02,0.013,-0.117,0.977,3,16
259804,1620.7,0.0,0.15,0.022,-0.118,0.988,3,16
259854,1629.2,0.0,0.22,0.025,-0.118,0.991,3,16
259904,1644.4,0.0,0.15,0.015,-0.124,0.978,3,16
259960,1626.0,0.0,0.15,0.015,-0.124,0.978,3,16
260009,1632.5,0.0,0.10,0.011,-0.121,0.975,3,16
260059,1648.9,0.0,0.03,0.014,-0.116,0.978,3,16
260111,1646.9,0.0,0.03,0.014,-0.116,0.978,3,16
260160,1629.0,0.0,0.08,0.019,-0.120,0.988,3,16
260210,1635.0,0.0,0.02,0.020,-0.120,0.984,3,16
260261,1632.1,0.0,0.02,0.020,-0.120,0.984,3,16
260310,1615.8,0.0,0.04,0.019,-0.115,0.979,3,16
260360,1628.5,0.0,0.08,0.016,-0.122,0.982,3,16
260411,1626.4,0.0,0.08,0.016,-0.122,0.982,3,16
260465,1608.8,0.0,0.02,0.013,-0.122,0.984,3,16
260515,1626.4,0.0,0.02,0.016,-0.117,0.981,3,16
260565,1620.6,0.0,0.02,0.016,-0.117,0.981,3,16
260615,1600.9,0.0,0.02,0.019,-0.116,0.978,3,16
260665,1600.9,0.0,0.07,0.019,-0.119,0.989,3,15
260715,1612.0,0.0,0.07,0.019,-0.119,0.989,3,15
260765,1592.4,0.0,0.09,0.020,-0.118,0.990,3,16
260815,1594.0,0.0,0.08,0.018,-0.118,0.979,3,16
260865,1611.3,0.0,0.08,0.018,-0.118,0.979,3,16
260915,1593.5,0.0,0.09,0.017,-0.117,0.980,3,16
260966,1602.6,0.0,0.10,0.015,-0.122,0.975,3,16
261017,1620.6,0.0,0.10,0.015,-0.122,0.975,3,16
261066,1603.3,0.0,0.07,0.017,-0.120,0.980,3,16
261116,1618.6,0.0,0.07,0.017,-0.120,0.977,3,16
261167,1631.1,0.0,0.07,0.017,-0.120,0.977,3,16
261216,1611.1,0.0,0.06,0.015,-0.119,0.980,3,16
261266,1611.3,0.0,0.08,0.014,-0.120,0.984,3,16
261317,1623.7,0.0,0.08,0.014,-0.120,0.984,3,16
261366,1604.0,0.0,0.01,0.016,-0.118,0.986,3,16
261416,1608.7,0.0,0.05,0.016,-0.120,0.980,3,16
261467,1614.7,0.0,0.05,0.016,-0.120,0.980,3,16
261517,1592.2,0.0,0.07,0.015,-0.119,0.979,3,16
261567,1602.3,0.0,0.02,0.017,-0.120,0.977,3,16
261617,1600.9,0.0,0.01,0.014,-0.120,0.985,3,16
261667,1573.9,0.0,0.01,0.014,-0.120,0.985,3,16
261717,1584.7,0.0,0.00,0.020,-0.121,0.977,3,16
261768,1601.2,0.0,0.00,0.020,-0.121,0.977,3,16
261817,1582.1,0.0,0.04,0.019,-0.119,0.988,3,16
261867,1573.4,0.0,0.03,0.014,-0.120,0.987,3,16
261917,1586.5,0.0,0.04,0.015,-0.119,0.983,3,16
261974,1566.0,0.0,0.06,0.015,-0.115,0.996,3,16
262024,1584.0,0.0,0.06,0.015,-0.117,0.974,3,16
262074,1598.2,0.0,0.06,0.015,-0.117,0.974,3,16
262124,1578.6,0.0,0.02,0.014,-0.123,0.983,3,16
262174,1558.5,0.0,0.07,0.010,-0.123,0.970,3,16
262224,1585.7,0.0,0.07,0.016,-0.122,0.973,3,16
262274,1571.5,0.0,0.03,0.017,-0.121,0.973,3,16
262324,1578.5,0.0,0.10,0.015,-0.118,0.973,3,16
262374,1590.2,0.0,0.10,0.015,-0.118,0.973,3,16
262424,1568.8,0.0,0.07,0.020,-0.119,0.972,3,16
262475,1569.4,0.0,0.04,0.020,-0.117,0.987,3,16
262525,1591.0,0.0,0.01,0.016,-0.115,0.988,3,16
262575,1574.3,0.0,0.06,0.016,-0.116,0.999,3,16
262625,1568.1,0.0,0.09,0.021,-0.113,1.003,3,16
262675,1587.3,0.0,0.09,0.021,-0.113,1.003,3,16
262725,1569.8,0.0,0.08,0.017,-0.120,0.969,3,16
262775,1577.8,0.0,0.06,0.017,-0.122,0.976,3,16
262825,1594.8,0.0,0.06,0.017,-0.122,0.976,3,16
262875,1576.3,0.0,0.06,0.017,-0.122,0.976,3,16
262925,1594.4,0.0,0.05,0.008,-0.118,0.970,3,16
262976,1623.2,0.0,0.05,0.008,-0.118,0.970,3,16
263026,1609.6,0.0,0.02,0.023,-0.112,1.003,3,16
263076,1570.6,0.0,0.18,0.014,-0.122,0.984,3,16
263127,1596.9,0.0,0.06,0.018,-0.120,0.985,3,16
263176,1582.6,0.0,0.06,0.020,-0.118,0.981,3,16
263226,1561.3,0.0,0.14,0.013,-0.118,0.983,3,16
263276,1574.4,0.0,0.14,0.013,-0.118,0.983,3,16
263326,1554.0,0.0,0.12,0.012,-0.123,0.988,3,16
263376,1577.1,0.0,0.03,0.020,-0.118,1.005,3,16
263426,1573.8,0.0,0.03,0.020,-0.118,1.005,3,16
263477,1553.3,0.0,0.03,0.020,-0.118,1.005,3,16
263527,1581.6,0.0,0.05,0.012,-0.121,0.975,3,16
263577,1590.5,0.0,0.05,0.012,-0.121,0.975,3,16
263627,1574.8,0.0,0.07,0.019,-0.118,0.973,3,16
263677,1597.4,0.0,0.04,0.011,-0.124,0.984,3,16
263727,1601.4,0.0,0.05,0.019,-0.119,0.977,3,16
263778,1584.3,0.0,0.08,0.018,-0.118,0.978,3,16
263828,1591.6,0.0,0.04,0.017,-0.115,0.984,3,16
263878,1589.5,0.0,0.06,0.020,-0.117,0.977,3,16
263928,1574.0,0.0,0.06,0.020,-0.117,0.977,3,16
263979,1575.5,0.0,0.07,0.026,-0.118,1.001,3,16
264029,1589.2,0.0,0.09,0.022,-0.120,0.996,3,16
264079,1570.1,0.0,0.10,0.015,-0.121,0.972,3,16
264129,1582.4,0.0,0.08,0.015,-0.118,0.986,3,16
264179,1590.2,0.0,0.00,0.015,-0.116,0.970,3,16
264229,1572.1,0.0,0.00,0.015,-0.116,0.970,3,16
264279,1592.9,0.0,0.00,0.013,-0.123,0.981,3,16
264329,1592.9,0.0,0.05,0.015,-0.125,0.977,3,16
264379,1574.6,0.0,0.04,0.010,-0.125,0.972,3,16
264429,1587.9,0.0,0.08,0.009,-0.122,0.980,3,16
264480,1592.2,0.0,0.09,0.003,-0.121,0.983,3,16
264530,1576.4,0.0,0.09,0.003,-0.121,0.983,3,16
264580,1597.3,0.0,0.05,0.027,-0.115,1.004,3,16
264630,1597.2,0.0,0.08,0.019,-0.117,0.975,3,16
264680,1578.5,0.0,0.08,0.024,-0.116,0.994,3,16
264730,1607.9,0.0,0.12,0.014,-0.119,0.984,3,16
264780,1612.2,0.0,0.08,0.013,-0.119,0.993,3,16
264830,1594.4,0.0,0.08,0.013,-0.119,0.993,3,16
264880,1614.4,0.0,0.08,0.015,-0.118,0.972,3,16
264930,1616.1,0.0,0.08,0.014,-0.121,0.977,3,16
264984,1598.8,0.0,0.06,0.014,-0.121,0.978,3,16
265033,1620.7,0.0,0.04,0.015,-0.120,0.976,3,16
265083,1619.1,0.0,0.03,0.018,-0.119,0.980,3,16
265137,1600.3,0.0,0.03,0.018,-0.119,0.980,3,16
265186,1605.0,0.0,0.06,0.015,-0.119,0.979,3,16
265236,1605.2,0.0,0.05,0.014,-0.115,0.980,3,16
265287,1589.6,0.0,0.01,0.016,-0.119,0.985,3,16
265336,1591.7,0.0,0.09,0.015,-0.121,0.984,3,16
265386,1591.7,0.0,0.06,0.022,-0.119,0.996,3,16
265437,1576.4,0.0,0.06,0.022,-0.119,0.996,3,16
265491,1601.8,0.0,0.12,0.014,-0.122,0.980,3,16
265541,1596.3,0.0,0.07,0.016,-0.120,0.980,3,16
265592,1573.9,0.0,0.07,0.016,-0.120,0.980,3,16
265641,1605.2,0.0,0.05,0.015,-0.123,0.972,3,16
265691,1598.2,0.0,0.06,0.006,-0.122,0.979,3,16
265742,1574.3,0.0,0.09,0.014,-0.119,0.980,3,16
265792,1600.9,0.0,0.06,0.019,-0.117,0.977,3,16
265842,1600.3,0.0,0.02,0.021,-0.122,0.972,3,16
265892,1580.9,0.0,0.02,0.021,-0.122,0.972,3,16
265942,1595.3,0.0,0.09,0.022,-0.118,0.994,3,16
265993,1590.9,0.0,0.02,0.014,-0.116,0.983,3,16
266046,1572.1,0.0,0.13,0.013,-0.118,0.996,3,16
266095,1595.3,0.0,0.11,0.014,-0.119,0.990,3,16
266145,1606.1,0.0,0.06,0.017,-0.122,0.968,3,16
266195,1591.4,0.0,0.06,0.017,-0.122,0.968,3,16
266245,1594.9,0.0,0.02,0.016,-0.123,0.971,3,16
266295,1591.3,0.0,0.09,0.015,-0.122,0.978,3,16
266346,1574.4,0.0,0.08,0.010,-0.121,0.970,3,16
266395,1599.4,0.0,0.11,0.011,-0.123,0.979,3,16
266445,1619.6,0.0,0.11,0.011,-0.123,0.979,3,16
266497,1608.0,0.0,0.11,0.011,-0.123,0.979,3,16
266546,1616.1,0.0,0.08,0.016,-0.119,0.978,3,16
266596,1617.9,0.0,0.11,0.016,-0.120,0.969,3,16
266647,1602.5,0.0,0.04,0.026,-0.116,0.996,3,16
266696,1607.8,0.0,0.04,0.026,-0.116,0.996,3,16
266746,1609.7,0.0,0.15,0.019,-0.122,0.987,3,16
266798,1594.6,0.0,0.15,0.019,-0.122,0.987,3,16
266848,1594.0,0.0,0.01,0.016,-0.120,0.976,3,16
266898,1609.3,0.0,0.13,0.020,-0.118,0.974,3,16
266950,1591.1,0.0,0.09,0.017,-0.119,0.980,3,16
267000,1587.6,0.0,0.06,0.009,-0.120,0.983,3,16
267050,1607.7,0.0,0.09,0.020,-0.121,0.978,3,16
267100,1591.4,0.0,0.09,0.020,-0.121,0.978,3,16
267150,1581.1,0.0,0.05,0.020,-0.121,0.973,3,16
267200,1593.3,0.0,0.03,0.019,-0.117,0.989,3,16
267250,1573.1,0.0,0.05,0.017,-0.117,0.983,3,16
267300,1585.0,0.0,0.07,0.014,-0.119,0.979,3,16
267350,1601.3,0.0,0.05,0.014,-0.120,0.986,3,16
267400,1583.0,0.0,0.05,0.014,-0.120,0.986,3,16
267450,1582.8,0.0,0.03,0.018,-0.120,0.968,3,16
267501,1594.6,0.0,0.03,0.015,-0.122,0.972,3,16
267551,1573.9,0.0,0.03,0.014,-0.123,0.981,3,16
267601,1578.6,0.0,0.02,0.021,-0.118,0.974,3,16
267651,1598.9,0.0,0.04,0.016,-0.120,0.978,3,16
267701,1581.9,0.0,0.09,0.007,-0.123,0.981,3,16
267751,1604.4,0.0,0.09,0.007,-0.123,0.981,3,16
267801,1614.3,0.0,0.08,0.019,-0.118,0.976,3,16
267851,1599.5,0.0,0.06,0.018,-0.118,0.975,3,16
267901,1598.8,0.0,0.08,0.026,-0.118,0.998,3,16
267951,1611.4,0.0,0.02,0.023,-0.118,0.992,3,16
268002,1581.1,0.0,0.11,0.017,-0.119,0.982,3,16
268052,1603.1,0.0,0.11,0.017,-0.119,0.982,3,16
268102,1610.3,0.0,0.03,0.016,-0.120,0.987,3,16
268152,1586.5,0.0,0.11,0.014,-0.117,0.977,3,16
268202,1581.9,0.0,0.04,0.018,-0.119,0.973,3,16
268252,1586.6,0.0,0.04,0.018,-0.119,0.973,3,16
268302,1562.1,0.0,0.11,0.007,-0.121,0.982,3,16
268352,1588.2,0.0,0.11,0.007,-0.121,0.982,3,16
268402,1589.2,0.0,0.04,0.011,-0.119,0.982,3,16
268452,1569.3,0.0,0.02,0.022,-0.118,0.972,3,16
268505,1587.8,0.0,0.09,0.023,-0.118,0.991,3,16
268555,1611.9,0.0,0.13,0.016,-0.118,0.982,3,16
268605,1594.3,0.0,0.05,0.014,-0.118,1.000,3,16
268655,1593.9,0.0,0.05,0.014,-0.118,1.000,3,16
268705,1614.3,0.0,0.08,0.018,-0.123,0.972,3,16
268755,1597.4,0.0,0.09,0.022,-0.120,0.976,3,16
268805,1591.5,0.0,0.16,0.020,-0.116,0.981,3,16
268855,1611.0,0.0,0.05,0.012,-0.121,0.976,3,16
268905,1593.9,0.0,0.10,0.011,-0.121,0.981,3,16
268955,1593.0,0.0,0.10,0.011,-0.121,0.981,3,16
269016,1610.7,0.0,0.09,0.011,-0.122,0.980,3,16
269066,1618.7,0.0,0.16,0.020,-0.113,0.978,3,16
269116,1603.8,0.0,0.16,0.020,-0.113,0.978,3,16
269166,1628.7,0.0,0.08,0.023,-0.117,0.994,3,16
269216,1634.2,0.0,0.06,0.023,-0.117,0.998,3,16
269266,1610.4,0.0,0.08,0.018,-0.121,0.981,3,16
269316,1640.0,0.0,0.02,0.017,-0.119,0.980,3,16
269366,1628.8,0.0,0.07,0.014,-0.115,0.980,3,16
269416,1610.4,0.0,0.07,0.014,-0.115,0.980,3,16
269466,1631.9,0.0,0.07,0.014,-0.115,0.980,3,16
269517,1642.6,0.0,0.09,0.014,-0.118,0.979,3,16
269572,1628.5,0.0,0.09,0.014,-0.118,0.979,3,16
269621,1621.8,0.0,0.08,0.022,-0.123,0.981,3,16
269671,1645.1,0.0,0.09,0.020,-0.116,0.981,3,16
269723,1630.2,0.0,0.05,0.013,-0.121,0.984,3,16
269772,1632.7,0.0,0.05,0.013,-0.121,0.984,3,16
269822,1644.0,0.0,0.08,0.018,-0.123,0.982,3,16
269872,1623.8,0.0,0.08,0.018,-0.123,0.982,3,16
269922,1627.1,0.0,0.10,0.019,-0.117,0.984,3,16
269972,1660.3,0.0,0.10,0.019,-0.117,0.984,3,16
270024,1647.6,0.0,0.05,0.019,-0.119,0.982,3,16
270073,1621.7,0.0,0.05,0.019,-0.119,0.982,3,16
270123,1646.9,0.0,0.09,0.009,-0.120,0.978,3,16
270174,1648.1,0.0,0.09,0.009,-0.120,0.978,3,16
270223,1629.9,0.0,0.06,0.015,-0.118,0.975,3,16
270273,1653.9,0.0,0.05,0.021,-0.119,0.979,3,16
270323,1648.7,0.0,0.04,0.022,-0.117,0.981,3,16
270373,1628.3,0.0,0.06,0.017,-0.117,0.985,3,16
270423,1640.5,0.0,0.07,0.014,-0.121,0.984,3,16
270473,1631.4,0.0,0.07,0.014,-0.121,0.984,3,16
270525,1611.2,0.0,0.06,0.016,-0.121,0.983,3,16
270575,1611.5,0.0,0.05,0.016,-0.120,0.980,3,16
270625,1635.3,0.0,0.01,0.017,-0.119,0.981,3,16
270675,1620.3,0.0,0.01,0.017,-0.119,0.981,3,16
270725,1619.2,0.0,0.07,0.015,-0.118,0.978,3,16
270775,1642.3,0.0,0.07,0.015,-0.118,0.978,3,16
270825,1627.2,0.0,0.05,0.017,-0.118,0.981,3,16
270875,1620.0,0.0,0.07,0.017,-0.120,0.980,3,16
270925,1637.2,0.0,0.07,0.019,-0.119,0.983,3,16
270975,1620.4,0.0,0.07,0.019,-0.119,0.983,3,16
271026,1613.7,0.0,0.01,0.018,-0.120,0.984,3,16
271076,1635.1,0.0,0.01,0.018,-0.120,0.984,3,16
271127,1642.4,0.0,0.05,0.014,-0.120,0.982,3,16
271176,1627.4,0.0,0.10,0.014,-0.119,0.984,3,16
271226,1648.4,0.0,0.07,0.017,-0.119,0.981,3,16
271277,1641.9,0.0,0.08,0.023,-0.118,0.981,3,16
271326,1620.9,0.0,0.06,0.020,-0.117,0.981,3,16
271376,1645.9,0.0,0.06,0.020,-0.117,0.981,3,16
271427,1652.6,0.0,0.11,0.012,-0.120,0.985,3,16
271476,1636.7,0.0,0.02,0.015,-0.125,0.979,3,16
271527,1638.2,0.0,0.13,0.020,-0.123,0.976,3,16
271577,1640.3,0.0,0.15,0.022,-0.119,0.982,3,16
271627,1626.8,0.0,0.13,0.017,-0.114,0.986,3,16
271677,1638.4,0.0,0.13,0.017,-0.114,0.986,3,16
271727,1643.3,0.0,0.05,0.014,-0.116,0.983,3,16
271777,1621.1,0.0,0.09,0.013,-0.121,0.985,3,16
271827,1625.2,0.0,0.03,0.016,-0.125,0.981,3,16
271877,1628.0,0.0,0.07,0.016,-0.121,0.981,3,16
271927,1604.1,0.0,0.03,0.019,-0.116,0.982,3,16
271977,1588.4,0.0,0.03,0.019,-0.116,0.982,3,16
272028,1622.5,0.0,0.03,0.018,-0.118,0.983,3,16
272078,1591.7,0.0,0.03,0.018,-0.118,0.983,3,16
272128,1613.4,0.0,0.03,0.018,-0.118,0.983,3,16
272178,1636.6,0.0,0.03,0.018,-0.118,0.983,3,16
272228,1621.1,0.0,0.14,0.019,-0.119,0.980,3,15
272278,1621.1,0.0,0.07,0.019,-0.120,0.978,3,15
272328,1632.5,0.0,0.07,0.019,-0.120,0.978,3,15
272378,1595.3,0.0,0.03,0.019,-0.119,0.982,3,15
272428,1606.8,0.0,0.03,0.019,-0.119,0.982,3,15
272478,1628.3,0.0,0.13,0.015,-0.118,0.981,3,15
272529,1632.3,0.0,0.07,0.016,-0.120,0.980,3,15
272579,1614.5,0.0,0.03,0.014,-0.120,0.982,3,15
272629,1643.3,0.0,0.04,0.016,-0.117,0.980,3,15
272679,1669.6,0.0,0.04,0.017,-0.119,0.978,3,15
272729,1629.1,0.0,0.04,0.017,-0.119,0.978,3,15
272779,1651.3,0.0,0.04,0.017,-0.119,0.978,3,15
272829,1636.1,0.0,0.04,0.016,-0.120,0.981,3,15
272879,1610.3,0.0,0.16,0.016,-0.119,0.978,3,15
272929,1641.3,0.0,0.16,0.016,-0.119,0.978,3,15
272979,1645.2,0.0,0.06,0.016,-0.119,0.984,3,15
273030,1627.7,0.0,0.06,0.016,-0.119,0.984,3,15
273080,1616.4,0.0,0.11,0.017,-0.122,0.984,3,15
273130,1635.4,0.0,0.10,0.020,-0.120,0.986,3,15
273180,1618.5,0.0,0.05,0.015,-0.117,0.979,3,15
273230,1616.8,0.0,0.05,0.015,-0.117,0.979,3,15
273280,1637.0,0.0,0.09,0.018,-0.116,0.980,3,15
273330,1620.6,0.0,0.09,0.018,-0.116,0.980,3,15
273380,1629.2,0.0,0.07,0.017,-0.119,0.981,3,15
273430,1637.2,0.0,0.02,0.017,-0.122,0.982,3,15
273480,1615.5,0.0,0.13,0.015,-0.120,0.979,3,15
273531,1603.8,0.0,0.13,0.015,-0.120,0.979,3,15
273589,1626.6,0.0,0.09,0.016,-0.119,0.978,3,15
273639,1621.0,0.0,0.14,0.018,-0.120,0.976,3,15
273689,1599.8,0.0,0.14,0.018,-0.120,0.976,3,15
273739,1621.3,0.0,0.09,0.017,-0.119,0.984,3,15
273789,1619.7,0.0,0.03,0.016,-0.118,0.984,3,16
273839,1600.4,0.0,0.03,0.016,-0.118,0.984,3,16
273889,1627.3,0.0,0.07,0.014,-0.117,0.984,3,16
273939,1649.9,0.0,0.02,0.017,-0.125,0.974,3,16
273990,1638.6,0.0,0.02,0.017,-0.125,0.974,3,16
274044,1625.0,0.0,0.07,0.017,-0.124,0.976,3,16
274094,1639.3,0.0,0.06,0.014,-0.116,0.977,3,16
274146,1620.2,0.0,0.06,0.014,-0.116,0.977,3,16
274196,1608.3,0.0,0.02,0.018,-0.120,0.986,3,16
274246,1625.2,0.0,0.14,0.017,-0.122,0.984,3,16
274298,1607.5,0.0,0.05,0.015,-0.123,0.983,3,16
274349,1624.4,0.0,0.06,0.014,-0.123,0.979,3,16
274399,1622.6,0.0,0.11,0.016,-0.115,0.978,3,16
274450,1604.5,0.0,0.11,0.016,-0.115,0.978,3,16
274500,1617.4,0.0,0.06,0.019,-0.120,0.980,3,16
274552,1627.4,0.0,0.09,0.013,-0.124,0.982,3,16
274602,1628.1,0.0,0.06,0.016,-0.122,0.983,3,16
274652,1610.0,0.0,0.05,0.010,-0.122,0.983,3,16
274702,1624.9,0.0,0.07,0.016,-0.119,0.979,3,16
274752,1642.4,0.0,0.13,0.022,-0.115,0.985,3,16
274802,1627.2,0.0,0.13,0.022,-0.115,0.985,3,16
274852,1650.4,0.0,0.14,0.021,-0.115,0.983,3,16
274902,1651.7,0.0,0.15,0.018,-0.118,0.982,3,16
274952,1634.3,0.0,0.13,0.016,-0.120,0.981,3,16
275002,1639.5,0.0,0.12,0.012,-0.121,0.983,3,16
275053,1653.3,0.0,0.17,0.015,-0.118,0.983,3,16
275103,1634.5,0.0,0.17,0.015,-0.118,0.983,3,16
275153,1648.5,0.0,0.08,0.017,-0.119,0.981,3,16
275203,1660.7,0.0,0.04,0.020,-0.120,0.981,3,16
275253,1670.1,0.0,0.04,0.020,-0.120,0.981,3,16
275303,1655.6,0.0,0.07,0.018,-0.119,0.980,3,16
275353,1668.9,0.0,0.10,0.018,-0.121,0.986,3,16
275403,1674.9,0.0,0.10,0.018,-0.121,0.986,3,16
275453,1660.3,0.0,0.00,0.018,-0.121,0.983,3,16
275503,1683.7,0.0,0.12,0.013,-0.117,0.983,3,16
275554,1682.6,0.0,0.12,0.013,-0.117,0.983,3,16
275604,1663.6,0.0,0.12,0.015,-0.120,0.968,3,16
275654,1662.2,0.0,0.15,0.013,-0.120,0.985,3,16
275704,1674.1,0.0,0.15,0.013,-0.120,0.985,3,16
275754,1654.9,0.0,0.10,0.012,-0.118,0.989,3,16
275804,1656.6,0.0,0.13,0.015,-0.122,0.987,3,16
275854,1660.9,0.0,0.13,0.015,-0.122,0.987,3,16
275904,1666.9,0.0,0.09,0.016,-0.116,0.980,3,16
275954,1653.7,0.0,0.09,0.016,-0.116,0.980,3,16
276004,1672.9,0.0,0.09,0.016,-0.116,0.980,3,16
276055,1668.4,0.0,0.13,0.010,-0.125,0.964,3,16
276105,1647.6,0.0,0.02,0.018,-0.129,0.982,3,16
276155,1645.5,0.0,0.04,0.016,-0.125,0.974,3,16
276205,1659.7,0.0,0.10,0.017,-0.101,0.988,3,16
276255,1641.2,0.0,0.03,0.018,-0.120,0.980,3,16
276305,1661.5,0.0,0.03,0.018,-0.120,0.980,3,16
276355,1674.4,0.0,0.16,0.011,-0.123,0.977,3,16
276405,1655.2,0.0,0.10,0.010,-0.119,0.981,3,16
276455,1660.0,0.0,0.10,0.010,-0.119,0.981,3,16
276505,1682.3,0.0,0.05,0.016,-0.114,0.983,3,16
276556,1680.5,0.0,0.05,0.023,-0.113,0.984,3,16
276606,1661.8,0.0,0.05,0.023,-0.113,0.984,3,16
276656,1665.9,0.0,0.09,0.020,-0.109,0.984,3,16
276706,1661.9,0.0,0.11,0.016,-0.112,0.984,3,16
276756,1645.2,0.0,0.22,0.017,-0.123,0.980,3,16
276806,1634.3,0.0,0.11,0.012,-0.131,0.977,3,16
276856,1654.7,0.0,0.06,0.010,-0.117,0.989,3,16
276906,1639.1,0.0,0.06,0.010,-0.117,0.989,3,16
276956,1622.9,0.0,0.04,0.023,-0.113,0.986,3,16
277006,1648.4,0.0,0.05,0.023,-0.115,0.982,3,16
277060,1633.4,0.0,0.11,0.025,-0.117,0.982,3,16
277109,1646.4,0.0,0.05,0.017,-0.121,0.975,3,16
277159,1659.8,0.0,0.14,0.012,-0.125,0.974,3,16
277213,1665.2,0.0,0.14,0.012,-0.125,0.974,3,16
277262,1650.3,0.0,0.11,0.016,-0.122,0.982,3,16
277312,1666.4,0.0,0.17,0.018,-0.113,0.981,3,15
277363,1660.2,0.0,0.17,0.018,-0.113,0.981,3,15
277412,1640.6,0.0,0.08,0.017,-0.117,0.986,3,15
277462,1631.3,0.0,0.09,0.020,-0.126,0.981,3,16
277512,1653.7,0.0,0.09,0.020,-0.126,0.981,3,16
277570,1646.4,0.0,0.04,0.020,-0.123,0.979,3,16
277620,1625.4,0.0,0.06,0.016,-0.117,0.980,3,16
277670,1650.3,0.0,0.06,0.016,-0.117,0.980,3,16
277720,1644.1,0.0,0.01,0.013,-0.116,0.985,3,16
277770,1622.9,0.0,0.03,0.018,-0.118,0.983,3,16
277822,1643.3,0.0,0.03,0.018,-0.118,0.983,3,16
277871,1652.5,0.0,0.05,0.019,-0.121,0.983,3,16
277921,1637.9,0.0,0.06,0.012,-0.119,0.982,3,16
277972,1652.8,0.0,0.06,0.012,-0.119,0.982,3,16
278021,1655.6,0.0,0.06,0.013,-0.119,0.981,3,16
278072,1631.1,0.0,0.11,-0.002,-0.122,0.998,3,16
278123,1641.0,0.0,0.07,-0.016,-0.125,1.021,3,16
278173,1658.1,0.0,0.16,-0.028,-0.123,1.049,3,16
278223,1640.7,0.0,0.25,-0.029,-0.128,1.019,3,16
278273,1637.0,0.0,0.25,-0.029,-0.128,1.019,3,16
278323,1643.0,0.0,0.25,-0.029,-0.128,1.019,3,16
278373,1641.6,0.0,0.18,-0.014,-0.122,0.953,3,16
278424,1624.3,0.0,0.18,-0.014,-0.122,0.953,3,16
278473,1649.5,0.0,0.16,-0.036,-0.148,0.951,3,16
278523,1647.3,0.0,0.12,-0.081,-0.112,0.955,3,16
278574,1627.0,0.0,0.11,-0.098,-0.107,0.957,3,16
278624,1650.4,0.0,0.11,-0.098,-0.107,0.957,3,16
278674,1642.8,0.0,0.08,-0.085,-0.114,0.953,3,15
278724,1620.4,0.0,0.15,-0.091,-0.102,0.950,3,15
278775,1644.7,0.0,0.17,-0.098,-0.098,0.944,3,15
278825,1648.9,0.0,0.11,-0.079,-0.093,1.009,3,16
278875,1632.2,0.0,0.04,-0.064,-0.105,1.022,3,16
278925,1618.4,0.0,0.04,-0.064,-0.105,1.022,3,16
278975,1629.2,0.0,0.16,-0.067,-0.120,0.994,3,16
279025,1609.2,0.0,0.05,-0.076,-0.129,0.981,3,16
279076,1612.7,0.0,0.04,-0.081,-0.125,0.988,3,16
279126,1635.1,0.0,0.08,-0.087,-0.135,0.996,3,16
279176,1619.1,0.0,0.10,-0.093,-0.144,0.991,3,16
279226,1625.4,0.0,0.10,-0.093,-0.144,0.991,3,16
279276,1643.5,0.0,0.10,-0.088,-0.124,0.980,3,16
279326,1626.4,0.0,0.02,-0.097,-0.121,0.971,3,16
279376,1636.8,0.0,0.09,-0.104,-0.119,0.969,3,16
279426,1656.0,0.0,0.18,-0.094,-0.116,0.980,3,16
279476,1643.5,0.0,0.34,-0.031,-0.106,0.945,3,16
279526,1620.1,0.0,0.34,-0.031,-0.106,0.945,3,16
279577,1646.6,0.0,0.21,-0.008,-0.071,0.870,3,16
279627,1639.5,0.0,0.22,-0.007,-0.057,0.873,3,16
279677,1617.1,0.0,0.20,-0.047,-0.096,0.871,3,16
279727,1646.7,99.8,0.37,-0.121,-0.074,1.010,3,16
279777,1645.2,99.8,0.36,-0.118,-0.029,1.152,3,16
279827,1624.5,99.8,0.36,-0.118,-0.029,1.152,3,16
279877,1644.2,99.8,0.30,-0.103,-0.096,1.065,3,16
279927,1642.8,99.8,0.43,-0.082,-0.106,1.018,3,16
279977,1622.0,99.8,0.41,-0.079,-0.143,0.956,3,16
280027,1639.7,99.8,0.21,-0.081,-0.171,0.926,3,16
280078,1654.0,99.8,0.17,-0.089,-0.137,0.937,3,16
280128,1634.9,99.8,0.17,-0.089,-0.137,0.937,3,16
280178,1646.1,99.8,0.14,-0.069,-0.092,1.009,3,16
280228,1655.9,99.8,0.12,-0.058,-0.094,1.008,3,16
280278,1669.3,99.8,0.13,-0.045,-0.105,0.995,3,16
280328,1657.4,99.8,0.19,-0.032,-0.124,0.970,3,16
280378,1676.2,99.8,0.11,-0.039,-0.127,0.982,3,16
280428,1668.4,99.8,0.11,-0.039,-0.127,0.982,3,16
280478,1647.8,99.8,0.09,-0.049,-0.114,0.977,3,16
280528,1668.8,99.8,0.08,-0.050,-0.112,0.984,3,16
280579,1670.1,99.8,0.06,-0.048,-0.112,0.974,3,16
280629,1652.6,99.8,0.11,-0.045,-0.118,0.976,3,16
280679,1661.2,99.8,0.11,-0.038,-0.120,0.978,3,16
280729,1669.3,0.0,0.11,-0.038,-0.120,0.978,3,16
280779,1642.3,0.0,0.11,-0.043,-0.120,0.988,3,16
280829,1647.3,0.0,0.02,-0.045,-0.118,0.982,3,16
280879,1670.8,0.0,0.10,-0.045,-0.117,0.969,3,16
280929,1669.6,0.0,0.10,-0.043,-0.120,0.972,3,16
280979,1650.5,0.0,0.01,-0.043,-0.117,0.984,3,16
281029,1671.2,0.0,0.01,-0.043,-0.117,0.984,3,16
281080,1662.4,0.0,0.01,-0.043,-0.117,0.984,3,16
281130,1640.3,0.0,0.01,-0.043,-0.117,0.984,3,16
281180,1669.7,0.0,0.06,-0.041,-0.121,0.988,3,16
281230,1679.9,0.0,0.17,-0.046,-0.118,0.976,3,16
281280,1664.0,0.0,0.04,-0.046,-0.120,0.972,3,16
281330,1666.2,0.0,0.04,-0.046,-0.120,0.972,3,16
281380,1697.8,0.0,0.10,-0.048,-0.116,0.983,3,16
281430,1684.9,0.0,0.04,-0.037,-0.116,0.983,3,16
281480,1669.0,0.0,0.08,-0.043,-0.120,0.975,3,16
281530,1696.0,0.0,0.08,-0.043,-0.120,0.975,3,16
281581,1682.2,0.0,0.04,-0.043,-0.120,0.990,3,16
281631,1698.0,0.0,0.02,-0.041,-0.119,0.985,3,16
281681,1694.4,0.0,0.11,-0.045,-0.119,0.976,3,16
281731,1691.5,0.0,0.11,-0.045,-0.119,0.976,3,16
281781,1691.6,0.0,0.13,-0.047,-0.116,0.991,3,15
281831,1688.2,0.0,0.07,-0.041,-0.119,0.986,3,15
281881,1711.9,0.0,0.05,-0.043,-0.119,0.981,3,16
281931,1720.7,0.0,0.05,-0.043,-0.119,0.981,3,16
281981,1706.0,0.0,0.13,-0.048,-0.117,0.975,3,16
282031,1719.6,0.0,0.13,-0.048,-0.117,0.975,3,16
282087,1719.9,0.0,0.04,-0.045,-0.113,0.985,3,16
282136,1690.5,0.0,0.15,-0.036,-0.121,0.985,3,16
282186,1680.5,0.0,0.02,-0.040,-0.120,0.977,3,16
282238,1694.0,0.0,0.02,-0.040,-0.120,0.977,3,16
282287,1691.5,0.0,0.02,-0.051,-0.115,0.976,3,16
282337,1673.6,0.0,0.10,-0.046,-0.118,0.983,3,16
282387,1685.2,0.0,0.10,-0.046,-0.118,0.983,3,16
282437,1686.3,0.0,0.05,-0.042,-0.121,0.994,3,16
282487,1660.7,0.0,0.06,-0.045,-0.121,0.969,3,16
282538,1662.8,0.0,0.06,-0.045,-0.121,0.969,3,16
282592,1687.1,0.0,0.08,-0.048,-0.115,0.985,3,16
282642,1689.8,0.0,0.09,-0.046,-0.113,0.987,3,16
282692,1672.5,0.0,0.09,-0.046,-0.113,0.987,3,16
282742,1681.8,0.0,0.05,-0.040,-0.119,0.985,3,16
282792,1682.9,0.0,0.08,-0.040,-0.118,0.987,3,16
282842,1667.3,0.0,0.08,-0.040,-0.118,0.987,3,16
282892,1657.4,0.0,0.05,-0.043,-0.117,0.978,3,16
282942,1676.2,0.0,0.11,-0.041,-0.117,0.981,3,16
282992,1658.7,0.0,0.11,-0.041,-0.117,0.981,3,16
283042,1658.3,0.0,0.06,-0.043,-0.120,0.981,3,16
283093,1674.5,0.0,0.02,-0.040,-0.119,0.986,3,16
283143,1677.9,0.0,0.02,-0.040,-0.119,0.986,3,16
283193,1662.0,0.0,0.02,-0.040,-0.119,0.986,3,16
283243,1677.3,0.0,0.12,-0.046,-0.120,0.974,3,16
283293,1678.0,0.0,0.12,-0.046,-0.120,0.974,3,16
283343,1661.2,0.0,0.07,-0.048,-0.115,0.981,3,16
283393,1664.3,0.0,0.11,-0.040,-0.116,0.983,3,16
283443,1676.3,0.0,0.06,-0.046,-0.113,0.987,3,16
283493,1656.9,0.0,0.03,-0.045,-0.119,0.976,3,16
283543,1652.6,0.0,0.08,-0.048,-0.118,0.971,3,16
283594,1662.8,0.0,0.10,-0.044,-0.118,0.976,3,16
283644,1642.0,0.0,0.06,-0.045,-0.118,0.980,3,16
283694,1648.7,0.0,0.04,-0.040,-0.117,0.982,3,16
283744,1664.9,0.0,0.04,-0.040,-0.117,0.982,3,16
283794,1667.3,0.0,0.04,-0.042,-0.120,0.987,3,16
283844,1650.7,0.0,0.09,-0.043,-0.119,0.987,3,16
283894,1661.8,0.0,0.04,-0.042,-0.117,0.979,3,16
283944,1664.0,0.0,0.04,-0.042,-0.119,0.982,3,16
283994,1647.7,0.0,0.05,-0.045,-0.118,0.974,3,16
284044,1629.6,0.0,0.05,-0.045,-0.118,0.974,3,16
284101,1651.8,0.0,0.11,-0.042,-0.119,0.976,3,16
284151,1635.7,0.0,0.03,-0.041,-0.116,0.983,3,16
284202,1622.7,0.0,0.07,-0.043,-0.115,0.984,3,16
284251,1648.1,0.0,0.07,-0.043,-0.120,0.982,3,16
284301,1653.5,0.0,0.04,-0.041,-0.119,0.981,3,16
284351,1624.7,0.0,0.04,-0.041,-0.119,0.981,3,16
284401,1641.6,0.0,0.06,-0.043,-0.119,0.977,3,16
284451,1649.8,0.0,0.02,-0.042,-0.117,0.981,3,16
284501,1635.7,0.0,0.06,-0.043,-0.118,0.982,3,16
284551,1653.1,0.0,0.04,-0.043,-0.118,0.981,3,16
284603,1640.1,0.0,0.05,-0.042,-0.117,0.981,3,16
284653,1616.2,0.0,0.05,-0.042,-0.117,0.981,3,16
284703,1649.5,0.0,0.07,-0.042,-0.121,0.982,3,16
284753,1655.5,0.0,0.03,-0.043,-0.119,0.980,3,16
284803,1638.2,0.0,0.03,-0.043,-0.119,0.980,3,16
284853,1648.9,0.0,0.03,-0.043,-0.119,0.980,3,16
284903,1675.0,0.0,0.04,-0.045,-0.116,0.981,3,16
284953,1661.0,0.0,0.04,-0.045,-0.116,0.981,3,16
285003,1676.5,0.0,0.02,-0.044,-0.116,0.985,3,16
285053,1688.3,0.0,0.08,-0.042,-0.120,0.984,3,16
285104,1688.2,0.0,0.04,-0.039,-0.120,0.987,3,16
285154,1674.1,0.0,0.06,-0.045,-0.121,0.977,3,16
285204,1677.4,0.0,0.06,-0.042,-0.117,0.979,3,16
285254,1673.9,0.0,0.06,-0.042,-0.117,0.979,3,16
285304,1657.9,0.0,0.03,-0.041,-0.117,0.982,3,16
285354,1662.3,0.0,0.04,-0.041,-0.118,0.987,3,16
285404,1669.7,0.0,0.04,-0.038,-0.118,0.986,3,16
285454,1665.2,0.0,0.04,-0.038,-0.118,0.986,3,16
285504,1674.5,0.0,0.07,-0.045,-0.120,0.977,3,16
285554,1690.4,0.0,0.07,-0.045,-0.120,0.977,3,16
285605,1673.8,0.0,0.04,-0.039,-0.117,0.981,3,16
285655,1648.8,0.0,0.02,-0.041,-0.118,0.983,3,16
285705,1669.9,0.0,0.06,-0.043,-0.120,0.980,3,16
285755,1673.5,0.0,0.04,-0.041,-0.120,0.983,3,16
285805,1657.2,0.0,0.07,-0.045,-0.119,0.978,3,16
285855,1649.9,0.0,0.07,-0.045,-0.119,0.978,3,16
285905,1676.7,0.0,0.02,-0.046,-0.119,0.971,3,16
285955,1662.4,0.0,0.08,-0.046,-0.117,0.984,3,16
286005,1652.7,0.0,0.07,-0.038,-0.116,0.982,3,16
286055,1689.9,0.0,0.02,-0.043,-0.117,0.981,3,16
286106,1673.7,0.0,0.08,-0.042,-0.120,0.991,3,16
286156,1655.4,0.0,0.09,-0.041,-0.119,0.983,3,16
286206,1677.6,0.0,0.01,-0.044,-0.122,0.980,3,16
286256,1686.9,0.0,0.09,-0.047,-0.120,0.975,3,16
286306,1672.2,0.0,0.03,-0.045,-0.119,0.979,3,16
286356,1687.0,0.0,0.03,-0.045,-0.119,0.979,3,16
286406,1690.9,0.0,0.03,-0.043,-0.116,0.982,3,16
286456,1674.7,0.0,0.03,-0.039,-0.121,0.981,3,16
286506,1690.6,0.0,0.07,-0.043,-0.119,0.981,3,16
286556,1698.4,0.0,0.08,-0.041,-0.119,0.980,3,16
286607,1693.7,0.0,0.08,-0.041,-0.119,0.980,3,16
286657,1676.4,0.0,0.08,-0.041,-0.119,0.980,3,16
286707,1697.6,0.0,0.08,-0.048,-0.119,0.973,3,16
286757,1694.6,0.0,0.04,-0.046,-0.115,0.988,3,16
286807,1675.2,0.0,0.04,-0.045,-0.120,0.992,3,16
286857,1688.3,0.0,0.02,-0.039,-0.117,0.992,3,16
286907,1701.8,0.0,0.07,-0.044,-0.120,0.967,3,16
286957,1682.8,0.0,0.07,-0.044,-0.120,0.967,3,16
287007,1686.6,0.0,0.04,-0.041,-0.118,0.980,3,16
287057,1707.1,0.0,0.07,-0.038,-0.121,0.992,3,16
287112,1704.6,0.0,0.04,-0.038,-0.118,0.988,3,16
287162,1685.7,0.0,0.08,-0.034,-0.119,0.986,3,16
287212,1687.2,0.0,0.08,-0.046,-0.117,0.978,3,16
287264,1716.0,0.0,0.08,-0.046,-0.117,0.978,3,16
287313,1714.8,0.0,0.04,-0.048,-0.121,0.973,3,16
287363,1695.1,0.0,0.06,-0.046,-0.115,0.995,3,16
287414,1715.6,0.0,0.06,-0.046,-0.115,0.995,3,16
287463,1721.6,0.0,0.05,-0.037,-0.121,0.979,3,16
287513,1706.2,0.0,0.09,-0.050,-0.116,0.969,3,16
287564,1699.7,0.0,0.09,-0.050,-0.116,0.969,3,16
287618,1720.1,0.0,0.08,-0.045,-0.119,0.987,3,16
287668,1712.9,0.0,0.01,-0.041,-0.118,0.983,3,16
287720,1692.1,0.0,0.01,-0.041,-0.118,0.983,3,16
287769,1713.8,0.0,0.09,-0.036,-0.120,0.980,3,16
287819,1711.6,0.0,0.03,-0.049,-0.120,0.974,3,16
287870,1693.0,0.0,0.03,-0.049,-0.120,0.974,3,16
287920,1693.9,0.0,0.09,-0.049,-0.118,0.967,3,16
287970,1712.8,0.0,0.08,-0.041,-0.115,0.984,3,16
288023,1719.1,0.0,0.02,-0.047,-0.118,0.998,3,16
288072,1703.7,0.0,0.11,-0.043,-0.121,0.975,3,16
288123,1696.5,0.0,0.05,-0.043,-0.118,0.980,3,16
288174,1718.8,0.0,0.05,-0.043,-0.118,0.980,3,16
288224,1703.5,0.0,0.12,-0.038,-0.118,0.977,3,16
288274,1696.0,0.0,0.03,-0.039,-0.119,0.993,3,16
288324,1724.0,0.0,0.02,-0.037,-0.120,0.985,3,16
288374,1721.1,0.0,0.04,-0.036,-0.120,0.986,3,16
288424,1700.8,0.0,0.04,-0.047,-0.118,0.979,3,16
288475,1684.4,0.0,0.04,-0.047,-0.118,0.979,3,16
288524,1691.1,0.0,0.03,-0.047,-0.113,0.983,3,16
288574,1667.9,0.0,0.05,-0.034,-0.121,0.983,3,16
288626,1683.1,0.0,0.10,-0.038,-0.121,0.982,3,16
288675,1697.1,0.0,0.10,-0.038,-0.121,0.982,3,16
288725,1682.6,0.0,0.05,-0.046,-0.122,0.972,3,16
288775,1659.4,0.0,0.05,-0.046,-0.122,0.972,3,16
288825,1683.0,0.0,0.07,-0.043,-0.115,0.982,3,16
288875,1672.6,0.0,0.09,-0.044,-0.119,0.980,3,16
288927,1649.6,0.0,0.13,-0.040,-0.118,0.989,3,16
288976,1662.0,0.0,0.06,-0.046,-0.121,0.978,3,16
289026,1680.2,0.0,0.06,-0.042,-0.119,0.978,3,16
289076,1663.2,0.0,0.06,-0.042,-0.119,0.978,3,16
289127,1682.5,0.0,0.09,-0.045,-0.119,0.977,3,16
289177,1694.0,0.0,0.11,-0.043,-0.116,0.979,3,16
289227,1693.1,0.0,0.08,-0.044,-0.120,0.992,3,16
289277,1676.3,0.0,0.05,-0.042,-0.119,0.984,3,16
289327,1693.8,0.0,0.05,-0.042,-0.119,0.984,3,16
289377,1694.1,0.0,0.05,-0.042,-0.119,0.984,3,16
289427,1677.0,0.0,0.02,-0.042,-0.122,0.980,3,16
289477,1680.2,0.0,0.03,-0.047,-0.120,0.969,3,16
289527,1701.4,0.0,0.08,-0.043,-0.115,0.983,3,16
289577,1685.6,0.0,0.05,-0.038,-0.121,0.984,3,16
289628,1658.8,0.0,0.06,-0.042,-0.119,0.979,3,16
289679,1683.8,0.0,0.06,-0.042,-0.119,0.979,3,16
289728,1680.6,0.0,0.02,-0.045,-0.120,0.966,3,16
289778,1660.9,0.0,0.01,-0.046,-0.113,0.988,3,16
289828,1680.0,0.0,0.08,-0.042,-0.118,0.982,3,16
289878,1685.5,0.0,0.08,-0.042,-0.118,0.982,3,16
289928,1669.9,0.0,0.02,-0.036,-0.118,0.992,3,16
289978,1677.1,0.0,0.02,-0.036,-0.118,0.992,3,16
290028,1687.5,0.0,0.08,-0.040,-0.119,0.987,3,16
290078,1667.2,0.0,0.05,-0.042,-0.117,0.981,3,16
290130,1662.7,0.0,0.03,-0.046,-0.114,0.989,3,16
290180,1676.8,0.0,0.06,-0.042,-0.119,0.981,3,16
290230,1684.3,0.0,0.06,-0.039,-0.117,0.987,3,16
290280,1670.1,0.0,0.01,-0.039,-0.118,0.987,3,16
290330,1680.6,0.0,0.04,-0.038,-0.120,0.990,3,16
290380,1679.8,0.0,0.05,-0.043,-0.121,0.968,3,16
290430,1663.5,0.0,0.08,-0.043,-0.119,0.979,3,16
290480,1662.3,0.0,0.08,-0.043,-0.119,0.979,3,16
290530,1675.4,0.0,0.15,-0.040,-0.119,0.987,3,16
290580,1655.9,0.0,0.02,-0.039,-0.118,0.989,3,16
290631,1652.0,0.0,0.04,-0.041,-0.117,0.987,3,16
290681,1687.9,0.0,0.02,-0.043,-0.116,0.974,3,16
290731,1689.1,0.0,0.13,-0.039,-0.118,0.983,3,16
290781,1669.7,0.0,0.13,-0.039,-0.118,0.983,3,16
290831,1678.0,0.0,0.06,-0.043,-0.119,0.980,3,16
290881,1686.1,0.0,0.06,-0.043,-0.119,0.980,3,16
290931,1673.1,0.0,0.08,-0.043,-0.120,0.987,3,16
290981,1688.4,0.0,0.05,-0.041,-0.116,0.985,3,16
291031,1692.9,0.0,0.09,-0.042,-0.117,0.976,3,16
291081,1671.8,0.0,0.09,-0.042,-0.117,0.976,3,16
291132,1670.5,0.0,0.03,-0.038,-0.117,0.983,3,16
291182,1693.9,0.0,0.05,-0.043,-0.118,0.993,3,16
291232,1691.6,0.0,0.05,-0.039,-0.118,0.980,3,16
291282,1671.9,0.0,0.07,-0.039,-0.119,0.990,3,16
291332,1697.0,0.0,0.02,-0.044,-0.120,0.965,3,16
291382,1688.4,0.0,0.02,-0.044,-0.120,0.965,3,16
291432,1665.8,0.0,0.05,-0.044,-0.118,0.979,3,16
291482,1669.3,0.0,0.02,-0.041,-0.119,0.984,3,16
291532,1676.0,0.0,0.08,-0.041,-0.118,0.979,3,16
291582,1653.7,0.0,0.06,-0.039,-0.118,0.988,3,16
291633,1669.0,0.0,0.06,-0.040,-0.119,0.984,3,16
291689,1687.4,0.0,0.09,-0.038,-0.119,0.985,3,16
291738,1689.5,0.0,0.14,-0.044,-0.119,0.969,3,16
291788,1672.9,0.0,0.04,-0.041,-0.123,0.987,3,16
291839,1672.1,0.0,0.04,-0.041,-0.123,0.987,3,16
291888,1692.6,0.0,0.08,-0.035,-0.119,0.990,3,16
291938,1676.3,0.0,0.02,-0.040,-0.123,0.980,3,16
291989,1668.0,0.0,0.02,-0.040,-0.123,0.980,3,16
292038,1690.1,0.0,0.10,-0.045,-0.118,0.979,3,16
292088,1688.3,0.0,0.08,-0.045,-0.117,0.966,3,16
292141,1668.7,0.0,0.08,-0.045,-0.117,0.966,3,16
292191,1699.6,0.0,0.06,-0.036,-0.119,0.990,3,16
292241,1704.6,0.0,0.09,-0.039,-0.114,0.987,3,16
292291,1687.6,0.0,0.09,-0.039,-0.114,0.987,3,16
292341,1696.9,0.0,0.06,-0.040,-0.122,0.976,3,16
292391,1706.8,0.0,0.10,-0.044,-0.122,0.974,3,16
292441,1698.1,0.0,0.10,-0.044,-0.122,0.974,3,16
292491,1678.0,0.0,0.05,-0.039,-0.118,0.978,3,16
292541,1697.7,0.0,0.04,-0.037,-0.123,0.982,3,16
292591,1697.7,0.0,0.04,-0.037,-0.123,0.982,3,16
292643,1680.0,0.0,0.04,-0.044,-0.121,0.974,3,16
292693,1688.5,0.0,0.11,-0.043,-0.119,0.977,3,16
292743,1699.0,0.0,0.11,-0.043,-0.119,0.977,3,16
292793,1678.4,0.0,0.04,-0.038,-0.116,0.981,3,16
292843,1671.5,0.0,0.09,-0.041,-0.118,0.979,3,16
292893,1678.1,0.0,0.09,-0.041,-0.118,0.979,3,16
292943,1681.7,0.0,0.09,-0.039,-0.120,0.988,3,16
292993,1646.9,0.0,0.07,-0.044,-0.120,0.968,3,16
293043,1704.4,0.0,0.07,-0.044,-0.120,0.968,3,16
293093,1682.2,0.0,0.06,-0.044,-0.113,0.986,3,16
293144,1664.6,0.0,0.06,-0.041,-0.121,0.990,3,16
293194,1661.5,0.0,0.06,-0.041,-0.121,0.990,3,16
293244,1685.3,0.0,0.10,-0.039,-0.117,0.987,3,16
293294,1670.4,0.0,0.10,-0.039,-0.120,0.990,3,16
293345,1670.1,0.0,0.10,-0.039,-0.120,0.990,3,16
293394,1691.3,0.0,0.02,-0.043,-0.120,0.968,3,16
293444,1699.6,0.0,0.05,-0.041,-0.120,0.982,3,16
293495,1684.6,0.0,0.05,-0.041,-0.120,0.982,3,16
293544,1696.9,0.0,0.04,-0.040,-0.117,0.987,3,16
293594,1697.1,0.0,0.04,-0.040,-0.119,0.986,3,16
293645,1680.5,0.0,0.04,-0.040,-0.119,0.986,3,16
293695,1693.9,0.0,0.11,-0.045,-0.117,0.980,3,16
293745,1709.2,0.0,0.11,-0.045,-0.117,0.980,3,16
293795,1705.9,0.0,0.11,-0.045,-0.117,0.980,3,16
293845,1687.5,0.0,0.03,-0.040,-0.116,0.980,3,16
293895,1703.3,0.0,0.10,-0.038,-0.122,0.980,3,16
293945,1712.1,0.0,0.10,-0.038,-0.122,0.980,3,16
293995,1698.4,0.0,0.05,-0.048,-0.120,0.976,3,16
294045,1693.4,0.0,0.03,-0.040,-0.120,0.976,3,16
294095,1719.8,0.0,0.03,-0.040,-0.120,0.976,3,16
294154,1720.5,0.0,0.09,-0.049,-0.117,0.996,3,16
294203,1702.0,0.0,0.04,-0.042,-0.120,0.977,3,16
294253,1717.9,0.0,0.01,-0.045,-0.119,0.963,3,16
294304,1726.0,0.0,0.01,-0.045,-0.119,0.963,3,16
294353,1701.5,0.0,0.07,-0.039,-0.117,0.991,3,16
294403,1683.9,0.0,0.07,-0.039,-0.117,0.991,3,16
294454,1711.0,0.0,0.13,-0.046,-0.115,0.982,3,16
294503,1709.1,0.0,0.04,-0.047,-0.120,0.961,3,16
294553,1689.6,0.0,0.05,-0.046,-0.116,0.966,3,16
294604,1694.0,0.0,0.05,-0.046,-0.116,0.966,3,16
294654,1712.3,0.0,0.08,-0.048,-0.116,0.974,3,16
294704,1695.3,0.0,0.11,-0.049,-0.117,0.995,3,16
294754,1696.6,0.0,0.06,-0.044,-0.118,0.984,3,16
294804,1708.8,0.0,0.04,-0.044,-0.119,0.979,3,16
294854,1705.0,0.0,0.02,-0.046,-0.120,0.967,3,16
294904,1686.8,0.0,0.02,-0.046,-0.120,0.967,3,16
294954,1703.9,0.0,0.02,-0.046,-0.120,0.967,3,16
295005,1705.5,0.0,0.02,-0.037,-0.118,0.977,3,16
295054,1688.6,0.0,0.11,-0.045,-0.118,0.989,3,16
295104,1678.7,0.0,0.08,-0.039,-0.117,0.985,3,16
295155,1697.8,0.0,0.09,-0.038,-0.119,0.982,3,16
295205,1691.5,0.0,0.04,-0.045,-0.119,0.964,3,16
295255,1673.6,0.0,0.06,-0.046,-0.118,0.964,3,16
295305,1693.9,0.0,0.06,-0.046,-0.118,0.964,3,16
295355,1695.4,0.0,0.05,-0.035,-0.118,0.991,3,16
295405,1677.7,0.0,0.03,-0.036,-0.121,0.984,3,16
295455,1678.5,0.0,0.07,-0.045,-0.118,0.966,3,16
295505,1697.1,0.0,0.07,-0.045,-0.118,0.966,3,16
295555,1679.4,0.0,0.03,-0.043,-0.121,0.975,3,16
295605,1677.2,0.0,0.03,-0.043,-0.121,0.975,3,16
295656,1687.8,0.0,0.03,-0.043,-0.121,0.975,3,16
295706,1687.6,0.0,0.03,-0.043,-0.121,0.975,3,16
295756,1671.2,0.0,0.07,-0.043,-0.115,0.982,3,16
295806,1697.7,0.0,0.07,-0.043,-0.115,0.982,3,16
295856,1706.7,0.0,0.07,-0.039,-0.117,0.986,3,16
295906,1691.4,0.0,0.07,-0.039,-0.117,0.986,3,16
295956,1699.8,0.0,0.07,-0.039,-0.117,0.986,3,16
296006,1711.7,0.0,0.04,-0.046,-0.120,0.975,3,16
296056,1706.0,0.0,0.03,-0.046,-0.121,0.975,3,16
296106,1687.3,0.0,0.03,-0.046,-0.121,0.975,3,16
