mu_v_prim,mu_v_sec,centrifugal_prim,centrifugal_sec,min_clamp_prim,multiplier_limit_prim,multiplier_limit_sec,T_taut,T_slack,T_avg,effective_multiplier,transferred_clamp,transferred_torque
4.197,2.43,0.0,0.0,0.0,40853.473,9135.652,0.0,0.0,0.0,nan,0.0,0.0
4.197,2.43,0.0,0.0,0.0,40853.473,9135.652,0.0,0.0,0.0,nan,0.0,0.0
4.197,2.43,0.0,0.0,0.0,40853.473,9135.652,0.0,0.0,0.0,nan,0.0,0.0
4.197,2.43,0.0,0.0,0.0,40853.473,9135.652,0.0,0.0,0.0,nan,0.0,0.0
4.197,2.43,0.0,0.0,0.0,40853.473,9135.652,0.0,0.0,0.0,nan,0.0,0.0
4.197,2.43,0.0,0.0,0.0,40853.473,9135.652,0.0,0.0,0.0,nan,0.0,0.0
4.197,2.43,0.0,0.0,0.0,40853.473,9135.652,0.0,0.0,0.0,nan,0.0,0.0
4.197,2.43,0.0,0.0,0.0,40853.473,9135.652,0.0,0.0,0.0,nan,0.0,0.0
4.197,2.43,0.0,0.0,0.0,40853.473,9135.652,0.0,0.0,0.0,nan,0.0,0.0
4.197,2.43,0.0,0.0,147.491,40853.473,9135.652,106.255,-72.571,16.842,-1.464,124.037,62.887
4.197,2.43,0.001,0.001,147.349,40853.473,9135.652,106.154,-72.5,16.827,-1.464,123.917,62.827
4.197,2.43,0.001,0.001,147.214,40853.473,9135.652,106.056,-72.434,16.811,-1.464,123.803,62.769
4.197,2.43,0.001,0.001,147.085,40853.473,9135.652,105.963,-72.371,16.796,-1.464,123.695,62.714
4.197,2.43,0.0,0.0,146.963,40853.473,9135.652,105.875,-72.311,16.782,-1.464,123.592,62.662
4.197,2.43,0.002,0.002,146.846,40853.473,9135.652,105.793,-72.252,16.771,-1.464,123.494,62.612
4.197,2.43,0.002,0.002,146.735,40853.473,9135.652,105.712,-72.198,16.757,-1.464,123.401,62.565
4.197,2.43,0.001,0.001,146.63,40853.473,9135.652,105.636,-72.146,16.745,-1.464,123.312,62.52
4.197,2.43,0.002,0.002,146.529,40853.473,9135.652,105.565,-72.096,16.734,-1.464,123.228,62.477
4.197,2.43,0.002,0.002,146.434,40853.473,9135.652,105.496,-72.049,16.724,-1.464,123.148,62.437
4.197,2.43,0.003,0.003,146.343,40853.473,9135.652,105.431,-72.003,16.714,-1.464,123.071,62.398
4.197,2.43,0.003,0.003,146.256,40853.473,9135.652,105.369,-71.96,16.705,-1.464,122.998,62.361
4.197,2.43,0.004,0.004,146.174,40853.473,9135.652,105.311,-71.919,16.696,-1.464,122.929,62.326
4.197,2.43,0.005,0.005,146.095,40853.473,9135.652,105.255,-71.88,16.688,-1.464,122.863,62.292
4.197,2.43,0.006,0.006,146.021,40853.473,9135.652,105.202,-71.842,16.68,-1.464,122.8,62.26
4.197,2.43,0.006,0.006,145.95,40853.473,9135.652,105.151,-71.806,16.673,-1.464,122.741,62.23
4.197,2.43,0.007,0.007,145.882,40853.473,9135.652,105.104,-71.772,16.666,-1.464,122.684,62.201
4.197,2.43,0.008,0.008,145.818,40853.473,9135.652,105.058,-71.74,16.659,-1.464,122.63,62.174
4.197,2.43,0.009,0.009,145.756,40853.473,9135.652,105.015,-71.708,16.653,-1.464,122.578,62.148
4.197,2.43,0.01,0.01,145.698,40853.473,9135.652,104.974,-71.679,16.648,-1.465,122.529,62.123
4.197,2.43,0.011,0.011,145.642,40853.473,9135.652,104.935,-71.65,16.642,-1.465,122.482,62.099
4.197,2.43,0.012,0.012,145.59,40853.473,9135.652,104.898,-71.623,16.637,-1.465,122.438,62.077
4.197,2.43,0.014,0.014,145.539,40853.473,9135.652,104.863,-71.597,16.633,-1.465,122.395,62.055
4.197,2.43,0.015,0.015,145.491,40853.473,9135.652,104.83,-71.572,16.629,-1.465,122.355,62.035
4.197,2.43,0.016,0.016,145.446,40853.473,9135.652,104.798,-71.548,16.625,-1.465,122.317,62.015
4.197,2.43,0.018,0.018,145.402,40853.473,9135.652,104.768,-71.526,16.621,-1.465,122.28,61.997
4.197,2.43,0.019,0.019,145.361,40853.473,9135.652,104.74,-71.504,16.618,-1.465,122.245,61.979
4.197,2.43,0.02,0.02,145.321,40853.473,9135.652,104.713,-71.483,16.615,-1.465,122.212,61.962
4.197,2.43,0.022,0.022,145.284,40853.473,9135.652,104.687,-71.463,16.612,-1.465,122.181,61.946
4.197,2.43,0.024,0.024,145.248,40853.473,9135.652,104.663,-71.444,16.61,-1.465,122.15,61.931
4.197,2.43,0.025,0.025,145.214,40853.473,9135.652,104.64,-71.425,16.607,-1.465,122.122,61.916
4.197,2.43,0.027,0.027,145.182,40853.473,9135.652,104.619,-71.408,16.605,-1.465,122.095,61.903
4.197,2.43,0.029,0.029,145.151,40853.473,9135.652,104.598,-71.391,16.604,-1.465,122.069,61.889
4.197,2.43,0.03,0.03,145.121,40853.473,9135.652,104.579,-71.375,16.602,-1.465,122.044,61.877
4.197,2.43,0.032,0.032,145.093,40853.473,9135.652,104.56,-71.359,16.601,-1.465,122.02,61.865
4.197,2.43,0.034,0.034,145.067,40853.473,9135.652,104.543,-71.344,16.6,-1.465,121.998,61.854
4.197,2.43,0.036,0.036,145.041,40853.473,9135.652,104.527,-71.33,16.599,-1.465,121.977,61.843
4.197,2.43,0.038,0.038,145.017,40853.473,9135.652,104.512,-71.316,16.598,-1.465,121.956,61.833
4.197,2.43,0.04,0.04,144.994,40853.473,9135.652,104.497,-71.302,16.597,-1.466,121.937,61.823
4.197,2.43,0.042,0.042,144.972,40853.473,9135.652,104.483,-71.289,16.597,-1.466,121.919,61.813
4.197,2.43,0.045,0.045,144.952,40853.473,9135.652,104.471,-71.277,16.597,-1.466,121.901,61.805
4.197,2.43,0.047,0.047,144.932,40853.473,9135.652,104.458,-71.265,16.597,-1.466,121.884,61.796
4.197,2.43,0.049,0.049,144.913,40853.473,9135.652,104.447,-71.253,16.597,-1.466,121.869,61.788
4.197,2.43,0.051,0.051,144.895,40853.473,9135.652,104.437,-71.242,16.597,-1.466,121.853,61.78
4.197,2.43,0.054,0.054,144.878,40853.473,9135.652,104.427,-71.231,16.598,-1.466,121.839,61.773
4.197,2.43,0.056,0.056,144.861,40853.473,9135.652,104.417,-71.221,16.598,-1.466,121.825,61.766
4.197,2.43,0.059,0.059,144.846,40853.473,9135.652,104.409,-71.211,16.599,-1.466,121.812,61.759
4.197,2.43,0.061,0.061,144.831,40853.473,9135.652,104.4,-71.201,16.6,-1.466,121.8,61.753
4.197,2.43,0.064,0.064,144.817,40853.473,9135.652,104.393,-71.191,16.601,-1.466,121.788,61.747
4.197,2.43,0.067,0.067,144.803,40853.473,9135.652,104.386,-71.182,16.602,-1.466,121.777,61.741
4.197,2.43,0.069,0.069,144.791,40853.473,9135.652,104.379,-71.173,16.603,-1.467,121.766,61.736
4.197,2.43,0.072,0.072,144.778,40853.473,9135.652,104.373,-71.164,16.605,-1.467,121.756,61.731
4.197,2.43,0.075,0.075,144.767,40853.473,9135.652,104.368,-71.155,16.606,-1.467,121.746,61.726
4.197,2.43,0.078,0.078,144.756,40853.473,9135.652,104.363,-71.147,16.608,-1.467,121.736,61.721
4.197,2.43,0.081,0.081,144.745,40853.473,9135.652,104.358,-71.139,16.61,-1.467,121.728,61.717
4.197,2.43,0.084,0.084,144.735,40853.473,9135.652,104.354,-71.131,16.612,-1.467,121.719,61.712
4.197,2.43,0.087,0.087,144.726,40853.473,9135.652,104.35,-71.123,16.614,-1.467,121.711,61.708
4.197,2.43,0.09,0.09,144.717,40853.473,9135.652,104.347,-71.116,16.616,-1.467,121.704,61.704
4.197,2.43,0.093,0.093,144.708,40853.473,9135.652,104.344,-71.108,16.618,-1.467,121.696,61.701
4.197,2.43,0.097,0.097,144.7,40853.473,9135.652,104.341,-71.101,16.62,-1.468,121.689,61.697
4.197,2.43,0.1,0.1,144.692,40853.473,9135.652,104.339,-71.094,16.622,-1.468,121.683,61.694
4.197,2.43,0.103,0.103,144.684,40853.473,9135.652,104.337,-71.087,16.625,-1.468,121.676,61.691
4.197,2.43,0.107,0.107,144.677,40853.473,9135.652,104.335,-71.08,16.628,-1.468,121.67,61.688
4.197,2.43,0.11,0.11,144.67,40853.473,9135.652,104.333,-71.073,16.63,-1.468,121.665,61.685
4.197,2.43,0.114,0.114,144.664,40853.473,9135.652,104.332,-71.066,16.633,-1.468,121.659,61.682
4.197,2.43,0.117,0.117,144.658,40853.473,9135.652,104.331,-71.06,16.636,-1.468,121.654,61.679
4.197,2.43,0.121,0.121,144.652,40853.473,9135.652,104.331,-71.053,16.639,-1.468,121.649,61.677
4.197,2.43,0.124,0.124,144.646,40853.473,9135.652,104.33,-71.047,16.642,-1.468,121.645,61.674
4.197,2.43,0.128,0.128,144.641,40853.473,9135.652,104.33,-71.041,16.645,-1.469,121.64,61.672
4.197,2.43,0.132,0.132,144.636,40853.473,9135.652,104.331,-71.034,16.648,-1.469,121.636,61.67
4.197,2.43,0.136,0.136,144.631,40853.473,9135.652,104.331,-71.028,16.651,-1.469,121.632,61.668
4.197,2.43,0.14,0.14,144.627,40853.473,9135.652,104.331,-71.022,16.655,-1.469,121.628,61.666
4.197,2.43,0.144,0.144,144.622,40853.473,9135.652,104.332,-71.016,16.658,-1.469,121.624,61.664
4.197,2.43,0.148,0.148,144.618,40853.473,9135.652,104.333,-71.01,16.662,-1.469,121.621,61.662
4.197,2.43,0.152,0.152,144.614,40853.473,9135.652,104.334,-71.004,16.665,-1.469,121.617,61.661
4.197,2.43,0.156,0.156,144.61,40853.473,9135.652,104.336,-70.998,16.669,-1.47,121.614,61.659
4.197,2.43,0.16,0.16,144.607,40853.473,9135.652,104.337,-70.992,16.673,-1.47,121.611,61.658
4.197,2.43,0.164,0.164,144.603,40853.473,9135.652,104.339,-70.986,16.677,-1.47,121.608,61.656
4.197,2.43,0.168,0.168,144.6,40853.473,9135.652,104.341,-70.98,16.68,-1.47,121.606,61.655
4.197,2.43,0.173,0.173,144.597,40853.473,9135.652,104.343,-70.974,16.684,-1.47,121.603,61.653
4.197,2.43,0.177,0.177,144.594,40853.473,9135.652,104.345,-70.969,16.688,-1.47,121.6,61.652
4.197,2.43,0.181,0.181,144.591,40853.473,9135.652,104.348,-70.963,16.693,-1.47,121.598,61.651
4.197,2.43,0.186,0.186,144.589,40853.473,9135.652,104.35,-70.957,16.697,-1.471,121.596,61.65
4.197,2.43,0.19,0.19,144.586,40853.473,9135.652,104.353,-70.951,16.701,-1.471,121.594,61.649
4.197,2.43,0.195,0.195,144.584,40853.473,9135.652,104.356,-70.945,16.705,-1.471,121.592,61.648
4.197,2.43,0.2,0.2,144.581,40853.473,9135.652,104.359,-70.94,16.71,-1.471,121.59,61.647
4.197,2.43,0.204,0.204,144.579,40853.473,9135.652,104.362,-70.934,16.714,-1.471,121.588,61.646
4.197,2.43,0.209,0.209,144.577,40853.473,9135.652,104.365,-70.928,16.719,-1.471,121.586,61.645
4.197,2.43,0.214,0.214,144.575,40853.473,9135.652,104.369,-70.922,16.723,-1.472,121.584,61.644
4.197,2.43,0.219,0.219,144.573,40853.473,9135.652,104.372,-70.916,16.728,-1.472,121.583,61.643
4.197,2.43,0.224,0.224,144.571,40853.473,9135.652,104.376,-70.911,16.733,-1.472,121.581,61.642
4.197,2.43,0.229,0.229,144.569,40853.473,9135.652,104.379,-70.905,16.737,-1.472,121.58,61.642
4.197,2.43,0.234,0.234,144.568,40853.473,9135.652,104.383,-70.899,16.742,-1.472,121.578,61.641
4.197,2.43,0.239,0.239,144.566,40853.473,9135.652,104.387,-70.893,16.747,-1.472,121.577,61.64
4.197,2.43,0.244,0.244,144.565,40853.473,9135.652,104.391,-70.887,16.752,-1.473,121.576,61.64
4.197,2.43,0.249,0.249,144.563,40853.473,9135.652,104.396,-70.881,16.757,-1.473,121.575,61.639
4.197,2.43,0.255,0.255,144.562,40853.473,9135.652,104.4,-70.875,16.762,-1.473,121.574,61.638
4.197,2.43,0.26,0.26,144.561,40853.473,9135.652,104.404,-70.869,16.767,-1.473,121.572,61.638
4.197,2.43,0.265,0.265,144.559,40853.473,9135.652,104.409,-70.863,16.773,-1.473,121.571,61.637
4.197,2.43,0.271,0.271,144.558,40853.473,9135.652,104.413,-70.857,16.778,-1.474,121.57,61.637
4.197,2.43,0.276,0.276,144.557,40853.473,9135.652,104.418,-70.851,16.783,-1.474,121.569,61.636
4.197,2.43,0.282,0.282,144.556,40853.473,9135.652,104.423,-70.845,16.789,-1.474,121.569,61.636
4.197,2.43,0.287,0.287,144.555,40853.473,9135.652,104.427,-70.839,16.794,-1.474,121.568,61.635
4.197,2.43,0.293,0.293,144.554,40853.473,9135.652,104.432,-70.833,16.8,-1.474,121.567,61.635
4.197,2.43,0.299,0.299,144.553,40853.473,9135.652,104.437,-70.827,16.805,-1.475,121.566,61.635
4.197,2.43,0.304,0.304,144.552,40853.473,9135.652,104.443,-70.821,16.811,-1.475,121.565,61.634
4.197,2.43,0.31,0.31,144.551,40853.473,9135.652,104.448,-70.815,16.817,-1.475,121.565,61.634
4.197,2.43,0.316,0.316,144.551,40853.473,9135.652,104.453,-70.808,16.822,-1.475,121.564,61.634
4.197,2.43,0.322,0.322,144.55,40853.473,9135.652,104.458,-70.802,16.828,-1.475,121.563,61.633
4.197,2.43,0.328,0.328,144.549,40853.473,9135.652,104.464,-70.796,16.834,-1.476,121.563,61.633
4.197,2.43,0.334,0.334,144.549,40853.473,9135.652,104.469,-70.789,16.84,-1.476,121.562,61.633
4.197,2.43,0.34,0.34,144.548,40853.473,9135.652,104.475,-70.783,16.846,-1.476,121.562,61.632
4.197,2.43,0.346,0.346,144.547,40853.473,9135.652,104.481,-70.777,16.852,-1.476,121.561,61.632
4.197,2.43,0.352,0.352,144.547,40853.473,9135.652,104.486,-70.77,16.858,-1.476,121.561,61.632
4.197,2.43,0.358,0.358,144.546,40853.473,9135.652,104.492,-70.764,16.864,-1.477,121.56,61.632
4.197,2.43,0.365,0.365,144.546,40853.473,9135.652,104.498,-70.757,16.871,-1.477,121.56,61.631
4.197,2.43,0.371,0.371,144.545,40853.473,9135.652,104.504,-70.75,16.877,-1.477,121.559,61.631
4.197,2.43,0.378,0.378,144.545,40853.473,9135.652,104.51,-70.744,16.883,-1.477,121.559,61.631
4.197,2.43,0.384,0.384,144.544,40853.473,9135.652,104.516,-70.737,16.89,-1.478,121.558,61.631
4.197,2.43,0.39,0.39,144.544,40853.473,9135.652,104.523,-70.73,16.896,-1.478,121.558,61.631
4.197,2.43,0.397,0.397,144.543,40853.473,9135.652,104.529,-70.724,16.903,-1.478,121.558,61.63
4.197,2.43,0.404,0.404,144.543,40853.473,9135.652,104.535,-70.717,16.909,-1.478,121.557,61.63
4.197,2.43,0.41,0.41,144.542,40853.473,9135.652,104.542,-70.71,16.916,-1.478,121.557,61.63
4.197,2.43,0.417,0.417,144.542,40853.473,9135.652,104.548,-70.703,16.923,-1.479,121.557,61.63
4.197,2.43,0.424,0.424,144.542,40853.473,9135.652,104.555,-70.696,16.929,-1.479,121.557,61.63
4.197,2.43,0.431,0.431,144.541,40853.473,9135.652,104.561,-70.689,16.936,-1.479,121.556,61.63
4.197,2.43,0.438,0.438,144.541,40853.473,9135.652,104.568,-70.682,16.943,-1.479,121.556,61.63
4.197,2.43,0.445,0.445,144.541,40853.473,9135.652,104.575,-70.675,16.95,-1.48,121.556,61.629
4.197,2.43,0.452,0.452,144.541,40853.473,9135.652,104.581,-70.668,16.957,-1.48,121.555,61.629
4.197,2.43,0.459,0.459,144.54,40853.473,9135.652,104.588,-70.66,16.964,-1.48,121.555,61.629
4.197,2.43,0.466,0.466,144.54,40853.473,9135.652,104.595,-70.653,16.971,-1.48,121.555,61.629
4.197,2.43,0.473,0.473,144.54,40853.473,9135.652,104.602,-70.646,16.978,-1.481,121.555,61.629
4.197,2.43,0.48,0.48,144.54,40853.473,9135.652,104.609,-70.639,16.985,-1.481,121.555,61.629
4.197,2.43,0.487,0.487,144.539,40853.473,9135.652,104.616,-70.631,16.993,-1.481,121.554,61.629
4.197,2.43,0.495,0.495,144.539,40853.473,9135.652,104.624,-70.624,17.0,-1.481,121.554,61.629
4.197,2.43,0.502,0.502,144.539,40853.473,9135.652,104.631,-70.616,17.007,-1.482,121.554,61.629
4.197,2.43,0.51,0.51,144.539,40853.473,9135.652,104.638,-70.609,17.015,-1.482,121.554,61.628
4.197,2.43,0.517,0.517,144.539,40853.473,9135.652,104.645,-70.601,17.022,-1.482,121.554,61.628
4.197,2.43,0.525,0.525,144.538,40853.473,9135.652,104.653,-70.594,17.03,-1.482,121.554,61.628
4.197,2.43,0.532,0.532,144.538,40853.473,9135.652,104.66,-70.586,17.037,-1.483,121.553,61.628
4.197,2.43,0.54,0.54,144.538,40853.473,9135.652,104.668,-70.578,17.045,-1.483,121.553,61.628
4.197,2.43,0.548,0.548,144.538,40853.473,9135.652,104.676,-70.57,17.053,-1.483,121.553,61.628
4.197,2.43,0.555,0.555,144.538,40853.473,9135.652,104.683,-70.562,17.06,-1.484,121.553,61.628
4.197,2.43,0.563,0.563,144.538,40853.473,9135.652,104.691,-70.555,17.068,-1.484,121.553,61.628
4.197,2.43,0.571,0.571,144.537,40853.473,9135.652,104.699,-70.547,17.076,-1.484,121.553,61.628
4.197,2.43,0.579,0.579,144.537,40853.473,9135.652,104.707,-70.539,17.084,-1.484,121.553,61.628
4.197,2.43,0.587,0.587,144.537,40853.473,9135.652,104.715,-70.531,17.092,-1.485,121.553,61.628
4.197,2.43,0.595,0.595,144.537,40853.473,9135.652,104.722,-70.522,17.1,-1.485,121.553,61.628
4.197,2.43,0.603,0.603,144.537,40853.473,9135.652,104.731,-70.514,17.108,-1.485,121.553,61.628
4.197,2.43,0.611,0.611,144.537,40853.473,9135.652,104.739,-70.506,17.116,-1.486,121.552,61.628
4.197,2.43,0.62,0.62,144.537,40853.473,9135.652,104.747,-70.498,17.124,-1.486,121.552,61.628
4.197,2.43,0.628,0.628,144.537,40853.473,9135.652,104.755,-70.489,17.133,-1.486,121.552,61.628
4.197,2.43,0.636,0.636,144.537,40853.473,9135.652,104.763,-70.481,17.141,-1.486,121.552,61.628
4.197,2.43,0.645,0.645,144.537,40853.473,9135.652,104.772,-70.473,17.149,-1.487,121.552,61.628
4.197,2.43,0.653,0.653,144.536,40853.473,9135.652,104.78,-70.464,17.158,-1.487,121.552,61.628
4.197,2.43,0.661,0.661,144.536,40853.473,9135.652,104.788,-70.456,17.166,-1.487,121.552,61.627
4.197,2.43,0.67,0.67,144.536,40853.473,9135.652,104.797,-70.447,17.175,-1.488,121.552,61.627
4.197,2.43,0.679,0.679,144.536,40853.473,9135.652,104.805,-70.439,17.183,-1.488,121.552,61.627
4.197,2.43,0.687,0.687,144.536,40853.473,9135.652,104.814,-70.43,17.192,-1.488,121.552,61.627
4.197,2.43,0.696,0.696,144.536,40853.473,9135.652,104.823,-70.421,17.201,-1.489,121.552,61.627
4.197,2.43,0.705,0.705,144.536,40853.473,9135.652,104.831,-70.412,17.21,-1.489,121.552,61.627
4.197,2.43,0.714,0.714,144.536,40853.473,9135.652,104.84,-70.403,17.218,-1.489,121.552,61.627
4.197,2.43,0.722,0.722,144.536,40853.473,9135.652,104.849,-70.395,17.227,-1.489,121.552,61.627
4.197,2.43,0.731,0.731,144.536,40853.473,9135.652,104.858,-70.386,17.236,-1.49,121.552,61.627
4.197,2.43,0.74,0.74,144.536,40853.473,9135.652,104.867,-70.377,17.245,-1.49,121.552,61.627
4.197,2.43,0.749,0.749,144.536,40853.473,9135.652,104.876,-70.368,17.254,-1.49,121.551,61.627
4.197,2.43,0.758,0.758,144.536,40853.473,9135.652,104.885,-70.358,17.263,-1.491,121.551,61.627
4.197,2.43,0.768,0.768,144.536,40853.473,9135.652,104.894,-70.349,17.272,-1.491,121.551,61.627
4.197,2.43,0.777,0.777,144.536,40853.473,9135.652,104.903,-70.34,17.282,-1.491,121.551,61.627
4.197,2.43,0.786,0.786,144.536,40853.473,9135.652,104.912,-70.331,17.291,-1.492,121.551,61.627
4.197,2.43,0.795,0.795,144.536,40853.473,9135.652,104.922,-70.321,17.3,-1.492,121.551,61.627
4.197,2.43,0.805,0.805,144.536,40853.473,9135.652,104.931,-70.312,17.309,-1.492,121.551,61.627
4.197,2.43,0.814,0.814,144.535,40853.473,9135.652,104.94,-70.303,17.319,-1.493,121.551,61.627
4.197,2.43,0.824,0.824,144.535,40853.473,9135.652,104.95,-70.293,17.328,-1.493,121.551,61.627
4.197,2.43,0.833,0.833,144.535,40853.473,9135.652,104.959,-70.284,17.338,-1.493,121.551,61.627
4.197,2.43,0.843,0.843,144.535,40853.473,9135.652,104.969,-70.274,17.347,-1.494,121.551,61.627
4.197,2.43,0.852,0.852,144.535,40853.473,9135.652,104.978,-70.264,17.357,-1.494,121.551,61.627
4.197,2.43,0.862,0.862,144.535,40853.473,9135.652,104.988,-70.255,17.367,-1.494,121.551,61.627
4.197,2.43,0.872,0.872,144.535,40853.473,9135.652,104.998,-70.245,17.376,-1.495,121.551,61.627
4.197,2.43,0.882,0.882,144.535,40853.473,9135.652,105.008,-70.235,17.386,-1.495,121.551,61.627
4.197,2.43,0.891,0.891,144.535,40853.473,9135.652,105.017,-70.225,17.396,-1.495,121.551,61.627
4.197,2.43,0.901,0.901,144.535,40853.473,9135.652,105.027,-70.215,17.406,-1.496,121.551,61.627
4.197,2.43,0.911,0.911,144.535,40853.473,9135.652,105.037,-70.205,17.416,-1.496,121.551,61.627
4.197,2.43,0.921,0.921,144.535,40853.473,9135.652,105.047,-70.195,17.426,-1.497,121.551,61.627
4.197,2.43,0.931,0.931,144.535,40853.473,9135.652,105.057,-70.185,17.436,-1.497,121.551,61.627
4.197,2.43,0.942,0.942,144.535,40853.473,9135.652,105.068,-70.175,17.446,-1.497,121.551,61.627
4.197,2.43,0.952,0.952,144.535,40853.473,9135.652,105.078,-70.165,17.456,-1.498,121.551,61.627
4.197,2.43,0.962,0.962,144.535,40853.473,9135.652,105.088,-70.155,17.467,-1.498,121.551,61.627
4.197,2.43,0.972,0.972,144.535,40853.473,9135.652,105.098,-70.144,17.477,-1.498,121.551,61.627
4.197,2.43,0.983,0.983,144.535,40853.473,9135.652,105.109,-70.134,17.487,-1.499,121.551,61.627
4.197,2.43,0.993,0.993,144.535,40853.473,9135.652,105.119,-70.124,17.498,-1.499,121.551,61.627
4.197,2.43,1.003,1.003,144.535,40853.473,9135.652,105.129,-70.113,17.508,-1.499,121.551,61.627
4.197,2.43,1.014,1.014,144.535,40853.473,9135.652,105.14,-70.103,17.519,-1.5,121.551,61.627
4.197,2.43,1.025,1.025,144.535,40853.473,9135.652,105.15,-70.092,17.529,-1.5,121.551,61.627
4.197,2.43,1.035,1.035,144.535,40853.473,9135.652,105.161,-70.081,17.54,-1.501,121.551,61.627
4.197,2.43,1.046,1.046,144.535,40853.473,9135.652,105.172,-70.071,17.551,-1.501,121.551,61.627
4.197,2.43,1.057,1.057,144.535,40853.473,9135.652,105.182,-70.06,17.561,-1.501,121.551,61.627
4.197,2.43,1.067,1.067,144.535,40853.473,9135.652,105.193,-70.049,17.572,-1.502,121.551,61.627
4.197,2.43,1.078,1.078,144.535,40853.473,9135.652,105.204,-70.038,17.583,-1.502,121.551,61.627
4.197,2.43,1.089,1.089,144.535,40853.473,9135.652,105.215,-70.027,17.594,-1.502,121.551,61.627
4.197,2.43,1.1,1.1,144.535,40853.473,9135.652,105.226,-70.016,17.605,-1.503,121.551,61.627
4.197,2.43,1.111,1.111,144.535,40853.473,9135.652,105.237,-70.005,17.616,-1.503,121.551,61.627
4.197,2.43,1.122,1.122,144.535,40853.473,9135.652,105.248,-69.994,17.627,-1.504,121.551,61.627
4.197,2.43,1.133,1.133,144.535,40853.473,9135.652,105.259,-69.983,17.638,-1.504,121.551,61.627
4.197,2.43,1.144,1.144,144.535,40853.473,9135.652,105.27,-69.972,17.649,-1.504,121.551,61.627
4.197,2.43,1.156,1.156,144.535,40853.473,9135.652,105.281,-69.961,17.66,-1.505,121.551,61.627
4.197,2.43,1.167,1.167,144.535,40853.473,9135.652,105.293,-69.95,17.672,-1.505,121.551,61.627
4.197,2.43,1.178,1.178,144.535,40853.473,9135.652,105.304,-69.938,17.683,-1.506,121.551,61.627
4.197,2.43,1.19,1.19,144.535,40853.473,9135.652,105.315,-69.927,17.694,-1.506,121.551,61.627
4.197,2.43,1.201,1.201,144.535,40853.473,9135.652,105.327,-69.915,17.706,-1.506,121.551,61.627
4.197,2.43,1.213,1.213,144.535,40853.473,9135.652,105.338,-69.904,17.717,-1.507,121.551,61.627
4.197,2.43,1.224,1.224,144.535,40853.473,9135.652,105.35,-69.892,17.729,-1.507,121.551,61.627
4.197,2.43,1.236,1.236,144.535,40853.473,9135.652,105.362,-69.881,17.74,-1.508,121.551,61.627
4.197,2.43,1.247,1.247,144.535,40853.473,9135.652,105.373,-69.869,17.752,-1.508,121.551,61.627
4.197,2.43,1.259,1.259,144.535,40853.473,9135.652,105.385,-69.857,17.764,-1.509,121.551,61.627
4.197,2.43,1.271,1.271,144.535,40853.473,9135.652,105.397,-69.846,17.776,-1.509,121.551,61.627
4.197,2.43,1.283,1.283,144.535,40853.473,9135.652,105.408,-69.834,17.787,-1.509,121.551,61.627
4.197,2.43,1.295,1.295,144.535,40853.473,9135.652,105.42,-69.822,17.799,-1.51,121.551,61.627
4.197,2.43,1.307,1.307,144.535,40853.473,9135.652,105.432,-69.81,17.811,-1.51,121.551,61.627
4.197,2.43,1.319,1.319,144.535,40853.473,9135.652,105.444,-69.798,17.823,-1.511,121.551,61.627
4.197,2.43,1.331,1.331,144.535,40853.473,9135.652,105.456,-69.786,17.835,-1.511,121.551,61.627
4.197,2.43,1.343,1.343,144.535,40853.473,9135.652,105.468,-69.774,17.847,-1.512,121.551,61.627
4.197,2.43,1.355,1.355,144.535,40853.473,9135.652,105.481,-69.762,17.859,-1.512,121.551,61.627
4.197,2.43,1.367,1.367,144.535,40853.473,9135.652,105.493,-69.749,17.872,-1.512,121.551,61.627
4.197,2.43,1.379,1.379,144.535,40853.473,9135.652,105.505,-69.737,17.884,-1.513,121.551,61.627
4.197,2.43,1.392,1.392,144.535,40853.473,9135.652,105.517,-69.725,17.896,-1.513,121.551,61.627
4.197,2.43,1.404,1.404,144.535,40853.473,9135.652,105.53,-69.712,17.909,-1.514,121.551,61.627
4.197,2.43,1.416,1.416,144.535,40853.473,9135.652,105.542,-69.7,17.921,-1.514,121.551,61.627
4.197,2.43,1.429,1.429,144.535,40853.473,9135.652,105.555,-69.688,17.934,-1.515,121.551,61.627
4.197,2.43,1.441,1.441,144.535,40853.473,9135.652,105.567,-69.675,17.946,-1.515,121.551,61.627
4.197,2.43,1.454,1.454,144.535,40853.473,9135.652,105.58,-69.662,17.959,-1.516,121.551,61.627
4.197,2.43,1.467,1.467,144.535,40853.473,9135.652,105.592,-69.65,17.971,-1.516,121.551,61.627
4.197,2.43,1.479,1.479,144.535,40853.473,9135.652,105.605,-69.637,17.984,-1.517,121.551,61.627
4.197,2.43,1.492,1.492,144.535,40853.473,9135.652,105.618,-69.624,17.997,-1.517,121.551,61.627
4.197,2.43,1.505,1.505,144.535,40853.473,9135.652,105.631,-69.612,18.01,-1.517,121.551,61.627
4.197,2.43,1.518,1.518,144.535,40853.473,9135.652,105.644,-69.599,18.022,-1.518,121.551,61.627
4.197,2.43,1.531,1.531,144.535,40853.473,9135.652,105.656,-69.586,18.035,-1.518,121.551,61.627
4.197,2.43,1.544,1.544,144.535,40853.473,9135.652,105.669,-69.573,18.048,-1.519,121.551,61.627
4.197,2.43,1.557,1.557,144.535,40853.473,9135.652,105.682,-69.56,18.061,-1.519,121.551,61.627
4.197,2.43,1.57,1.57,144.535,40853.473,9135.652,105.696,-69.547,18.074,-1.52,121.551,61.627
4.197,2.43,1.583,1.583,144.535,40853.473,9135.652,105.709,-69.534,18.088,-1.52,121.551,61.627
4.197,2.43,1.596,1.596,144.535,40853.473,9135.652,105.722,-69.52,18.101,-1.521,121.551,61.627
4.197,2.43,1.609,1.609,144.535,40853.473,9135.652,105.735,-69.507,18.114,-1.521,121.551,61.627
4.197,2.43,1.623,1.623,144.535,40853.473,9135.652,105.748,-69.494,18.127,-1.522,121.551,61.627
4.197,2.43,1.636,1.636,144.535,40853.473,9135.652,105.762,-69.48,18.141,-1.522,121.551,61.627
4.197,2.43,1.649,1.649,144.535,40853.473,9135.652,105.775,-69.467,18.154,-1.523,121.551,61.627
4.197,2.43,1.663,1.663,144.535,40853.473,9135.652,105.789,-69.454,18.168,-1.523,121.551,61.627
4.197,2.43,1.676,1.676,144.535,40853.473,9135.652,105.802,-69.44,18.181,-1.524,121.551,61.627
4.197,2.43,1.69,1.69,144.535,40853.473,9135.652,105.816,-69.426,18.195,-1.524,121.551,61.627
4.197,2.43,1.704,1.704,144.535,40853.473,9135.652,105.829,-69.413,18.208,-1.525,121.551,61.627
4.197,2.43,1.717,1.717,144.535,40853.473,9135.652,105.843,-69.399,18.222,-1.525,121.551,61.627
4.197,2.43,1.731,1.731,144.535,40853.473,9135.652,105.857,-69.385,18.236,-1.526,121.551,61.627
4.197,2.43,1.745,1.745,144.535,40853.473,9135.652,105.871,-69.372,18.25,-1.526,121.551,61.627
4.197,2.43,1.759,1.759,144.535,40853.473,9135.652,105.884,-69.358,18.263,-1.527,121.551,61.627
4.197,2.43,1.773,1.773,144.535,40853.473,9135.652,105.898,-69.344,18.277,-1.527,121.551,61.627
4.197,2.43,1.787,1.787,144.535,40853.473,9135.652,105.912,-69.33,18.291,-1.528,121.551,61.627
4.197,2.43,1.801,1.801,144.535,40853.473,9135.652,105.926,-69.316,18.305,-1.528,121.551,61.627
4.197,2.43,1.815,1.815,144.535,40853.473,9135.652,105.94,-69.302,18.319,-1.529,121.551,61.627
4.197,2.43,1.829,1.829,144.535,40853.473,9135.652,105.955,-69.288,18.333,-1.529,121.551,61.627
4.197,2.43,1.843,1.843,144.535,40853.473,9135.652,105.969,-69.273,18.348,-1.53,121.551,61.627
4.197,2.43,1.857,1.857,144.535,40853.473,9135.652,105.983,-69.259,18.362,-1.53,121.551,61.627
4.197,2.43,1.871,1.871,144.535,40853.473,9135.652,105.997,-69.245,18.376,-1.531,121.551,61.627
4.197,2.43,1.886,1.886,144.535,40853.473,9135.652,106.012,-69.231,18.39,-1.531,121.551,61.627
4.197,2.43,1.9,1.9,144.535,40853.473,9135.652,106.026,-69.216,18.405,-1.532,121.551,61.627
4.197,2.43,1.915,1.915,144.535,40853.473,9135.652,106.04,-69.202,18.419,-1.532,121.551,61.627
4.197,2.43,1.929,1.929,144.535,40853.473,9135.652,106.055,-69.187,18.434,-1.533,121.551,61.627
4.197,2.43,1.944,1.944,144.535,40853.473,9135.652,106.069,-69.173,18.448,-1.533,121.551,61.627
4.197,2.43,1.958,1.958,144.535,40853.473,9135.652,106.084,-69.158,18.463,-1.534,121.551,61.627
4.197,2.43,1.973,1.973,144.535,40853.473,9135.652,106.099,-69.143,18.478,-1.534,121.551,61.627
4.197,2.43,1.988,1.988,144.535,40853.473,9135.652,106.114,-69.129,18.492,-1.535,121.551,61.627
4.197,2.43,2.003,2.003,144.535,40853.473,9135.652,106.128,-69.114,18.507,-1.536,121.551,61.627
4.197,2.43,2.017,2.017,144.535,40853.473,9135.652,106.143,-69.099,18.522,-1.536,121.551,61.627
4.197,2.43,2.032,2.032,144.535,40853.473,9135.652,106.158,-69.084,18.537,-1.537,121.551,61.627
4.197,2.43,2.047,2.047,144.535,40853.473,9135.652,106.173,-69.069,18.552,-1.537,121.551,61.627
4.197,2.43,2.062,2.062,144.535,40853.473,9135.652,106.188,-69.054,18.567,-1.538,121.551,61.627
4.197,2.43,2.077,2.077,144.535,40853.473,9135.652,106.203,-69.039,18.582,-1.538,121.551,61.627
4.197,2.43,2.092,2.092,144.535,40853.473,9135.652,106.218,-69.024,18.597,-1.539,121.551,61.627
4.197,2.43,2.108,2.108,144.535,40853.473,9135.652,106.233,-69.009,18.612,-1.539,121.551,61.627
4.197,2.43,2.123,2.123,144.535,40853.473,9135.652,106.248,-68.994,18.627,-1.54,121.551,61.627
4.197,2.43,2.138,2.138,144.535,40853.473,9135.652,106.264,-68.978,18.643,-1.541,121.551,61.627
4.197,2.43,2.153,2.153,144.535,40853.473,9135.652,106.279,-68.963,18.658,-1.541,121.551,61.627
4.197,2.43,2.169,2.169,144.535,40853.473,9135.652,106.294,-68.948,18.673,-1.542,121.551,61.627
4.197,2.43,2.184,2.184,144.535,40853.473,9135.652,106.31,-68.932,18.689,-1.542,121.551,61.627
4.197,2.43,2.2,2.2,144.535,40853.473,9135.652,106.325,-68.917,18.704,-1.543,121.551,61.627
4.197,2.43,2.215,2.215,144.535,40853.473,9135.652,106.341,-68.901,18.72,-1.543,121.551,61.627
4.197,2.43,2.231,2.231,144.535,40853.473,9135.652,106.357,-68.886,18.735,-1.544,121.551,61.627
4.197,2.43,2.246,2.246,144.535,40853.473,9135.652,106.372,-68.87,18.751,-1.545,121.551,61.627
4.197,2.43,2.262,2.262,144.535,40853.473,9135.652,106.388,-68.854,18.767,-1.545,121.551,61.627
4.197,2.43,2.278,2.278,144.535,40853.473,9135.652,106.404,-68.839,18.783,-1.546,121.551,61.627
4.197,2.43,2.294,2.294,144.535,40853.473,9135.652,106.419,-68.823,18.798,-1.546,121.551,61.627
4.197,2.43,2.31,2.31,144.535,40853.473,9135.652,106.435,-68.807,18.814,-1.547,121.551,61.627
4.197,2.43,2.326,2.326,144.535,40853.473,9135.652,106.451,-68.791,18.83,-1.547,121.551,61.627
4.197,2.43,2.342,2.342,144.535,40853.473,9135.652,106.467,-68.775,18.846,-1.548,121.551,61.627
4.197,2.43,2.358,2.358,144.535,40853.473,9135.652,106.483,-68.759,18.862,-1.549,121.551,61.627
4.197,2.43,2.374,2.374,144.535,40853.473,9135.652,106.499,-68.743,18.878,-1.549,121.551,61.627
4.197,2.43,2.39,2.39,144.535,40853.473,9135.652,106.516,-68.727,18.894,-1.55,121.551,61.627
4.197,2.43,2.406,2.406,144.535,40853.473,9135.652,106.532,-68.71,18.911,-1.55,121.551,61.627
4.197,2.43,2.422,2.422,144.535,40853.473,9135.652,106.548,-68.694,18.927,-1.551,121.551,61.627
4.197,2.43,2.439,2.439,144.535,40853.473,9135.652,106.564,-68.678,18.943,-1.552,121.551,61.627
4.197,2.43,2.455,2.455,144.535,40853.473,9135.652,106.581,-68.662,18.96,-1.552,121.551,61.627
4.197,2.43,2.471,2.471,144.535,40853.473,9135.652,106.597,-68.645,18.976,-1.553,121.551,61.627
4.197,2.43,2.488,2.488,144.535,40853.473,9135.652,106.614,-68.629,18.992,-1.553,121.551,61.627
4.197,2.43,2.504,2.504,144.535,40853.473,9135.652,106.63,-68.612,19.009,-1.554,121.551,61.627
4.197,2.43,2.521,2.521,144.535,40853.473,9135.652,106.647,-68.596,19.026,-1.555,121.551,61.627
4.197,2.43,2.538,2.538,144.535,40853.473,9135.652,106.663,-68.579,19.042,-1.555,121.551,61.627
4.197,2.43,2.554,2.554,144.535,40853.473,9135.652,106.68,-68.562,19.059,-1.556,121.551,61.627
4.197,2.43,2.571,2.571,144.535,40853.473,9135.652,106.697,-68.545,19.076,-1.557,121.551,61.627
4.197,2.43,2.588,2.588,144.535,40853.473,9135.652,106.714,-68.529,19.092,-1.557,121.551,61.627
4.197,2.43,2.605,2.605,144.535,40853.473,9135.652,106.73,-68.512,19.109,-1.558,121.551,61.627
4.197,2.43,2.622,2.622,144.535,40853.473,9135.652,106.747,-68.495,19.126,-1.558,121.551,61.627
4.197,2.43,2.639,2.639,144.535,40853.473,9135.652,106.764,-68.478,19.143,-1.559,121.551,61.627
4.197,2.43,2.656,2.656,144.535,40853.473,9135.652,106.781,-68.461,19.16,-1.56,121.551,61.627
4.197,2.43,2.673,2.673,144.535,40853.473,9135.652,106.798,-68.444,19.177,-1.56,121.551,61.627
4.197,2.43,2.69,2.69,144.535,40853.473,9135.652,106.815,-68.427,19.194,-1.561,121.551,61.627
4.197,2.43,2.707,2.707,144.535,40853.473,9135.652,106.833,-68.409,19.212,-1.562,121.551,61.627
4.197,2.43,2.724,2.724,144.535,40853.473,9135.652,106.85,-68.392,19.229,-1.562,121.551,61.627
4.197,2.43,2.741,2.741,144.535,40853.473,9135.652,106.867,-68.375,19.246,-1.563,121.551,61.627
4.197,2.43,2.759,2.759,144.535,40853.473,9135.652,106.885,-68.358,19.263,-1.564,121.551,61.627
4.197,2.43,2.776,2.776,144.535,40853.473,9135.652,106.902,-68.34,19.281,-1.564,121.551,61.627
4.197,2.43,2.794,2.794,144.535,40853.473,9135.652,106.919,-68.323,19.298,-1.565,121.551,61.627
4.197,2.43,2.811,2.811,144.535,40853.473,9135.652,106.937,-68.305,19.316,-1.566,121.551,61.627
4.197,2.43,2.829,2.829,144.535,40853.473,9135.652,106.954,-68.288,19.333,-1.566,121.551,61.627
4.197,2.43,2.846,2.846,144.535,40853.473,9135.652,106.972,-68.27,19.351,-1.567,121.551,61.627
4.197,2.43,2.864,2.864,144.535,40853.473,9135.652,106.99,-68.252,19.369,-1.568,121.551,61.627
4.197,2.43,2.882,2.882,144.535,40853.473,9135.652,107.008,-68.235,19.386,-1.568,121.551,61.627
4.197,2.43,2.9,2.9,144.535,40853.473,9135.652,107.025,-68.217,19.404,-1.569,121.551,61.627
4.197,2.43,2.917,2.917,144.535,40853.473,9135.652,107.043,-68.199,19.422,-1.57,121.551,61.627
4.197,2.43,2.935,2.935,144.535,40853.473,9135.652,107.061,-68.181,19.44,-1.57,121.551,61.627
4.197,2.43,2.953,2.953,151.762,40853.473,9135.652,111.46,-72.544,19.458,-1.536,121.551,64.708
4.197,2.43,2.963,2.963,151.804,40853.473,9135.652,111.627,-72.429,19.599,-1.541,122.519,64.726
4.197,2.43,2.973,2.973,151.827,40853.473,9135.652,111.727,-72.357,19.685,-1.544,123.079,64.736
4.197,2.43,2.983,2.983,151.85,40853.473,9135.652,111.828,-72.284,19.772,-1.547,123.649,64.746
4.197,2.43,2.993,2.993,151.873,40853.473,9135.652,111.93,-72.209,19.861,-1.55,124.228,64.756
4.197,2.43,3.003,3.003,151.895,40853.473,9135.652,112.034,-72.132,19.951,-1.553,124.817,64.765
4.197,2.43,3.013,3.013,151.916,40853.473,9135.652,112.139,-72.053,20.043,-1.556,125.415,64.774
4.197,2.43,3.024,3.024,151.937,40853.473,9135.652,112.245,-71.973,20.136,-1.56,126.022,64.783
4.197,2.43,3.035,3.035,151.958,40853.473,9135.652,112.351,-71.891,20.23,-1.563,126.639,64.792
4.197,2.43,3.046,3.046,151.977,40853.473,9135.652,112.459,-71.807,20.326,-1.566,127.264,64.8
4.197,2.43,3.057,3.057,151.996,40853.473,9135.652,112.568,-71.721,20.423,-1.57,127.898,64.808
4.197,2.43,3.068,3.068,152.015,40853.473,9135.652,112.677,-71.634,20.522,-1.573,128.54,64.816
4.197,2.43,3.079,3.079,152.032,40853.473,9135.652,112.787,-71.545,20.621,-1.576,129.191,64.823
4.197,2.43,3.091,3.091,152.048,40853.473,9135.652,112.898,-71.454,20.722,-1.58,129.85,64.831
4.197,2.43,3.102,3.102,152.064,40853.473,9135.652,113.01,-71.361,20.825,-1.584,130.517,64.837
4.197,2.43,3.114,3.114,152.079,40853.473,9135.652,113.123,-71.267,20.928,-1.587,131.192,64.843
4.197,2.43,3.126,3.126,152.093,40853.473,9135.652,113.236,-71.17,21.033,-1.591,131.875,64.849
4.197,2.43,3.138,3.138,152.106,40853.473,9135.652,113.349,-71.072,21.138,-1.595,132.565,64.855
4.197,2.43,3.15,3.15,152.117,40853.473,9135.652,113.463,-70.972,21.245,-1.599,133.263,64.86
4.197,2.43,3.163,3.163,152.128,40853.473,9135.652,113.578,-70.871,21.353,-1.603,133.969,64.864
4.197,2.43,3.175,3.175,152.138,40853.473,9135.652,113.693,-70.767,21.463,-1.607,134.681,64.869
4.197,2.43,3.188,3.188,152.146,40853.473,9135.652,113.808,-70.662,21.573,-1.611,135.401,64.872
4.197,2.43,3.2,3.2,152.154,40853.473,9135.652,113.924,-70.555,21.684,-1.615,136.127,64.875
4.197,2.43,3.213,3.213,152.16,40853.473,9135.652,114.04,-70.447,21.797,-1.619,136.86,64.878
4.197,2.43,3.226,3.226,152.165,40853.473,9135.652,114.156,-70.336,21.91,-1.623,137.6,64.88
4.197,2.43,3.239,3.239,152.168,40853.473,9135.652,114.273,-70.224,22.024,-1.627,138.346,64.882
4.197,2.43,3.252,3.252,152.171,40853.473,9135.652,114.39,-70.11,22.14,-1.632,139.099,64.883
4.197,2.43,3.265,3.265,152.172,40853.473,9135.652,114.507,-69.995,22.256,-1.636,139.858,64.883
4.197,2.43,3.279,3.279,152.172,40853.473,9135.652,114.624,-69.878,22.373,-1.64,140.622,64.883
4.197,2.43,3.292,3.292,152.17,40853.473,9135.652,114.741,-69.759,22.491,-1.645,141.393,64.882
4.197,2.43,3.306,3.306,152.167,40853.473,9135.652,114.858,-69.638,22.61,-1.649,142.17,64.881
4.197,2.43,3.319,3.319,152.163,40853.473,9135.652,114.976,-69.516,22.73,-1.654,142.952,64.879
4.197,2.43,3.333,3.333,152.158,40853.473,9135.652,115.093,-69.391,22.851,-1.659,143.74,64.877
4.197,2.43,3.347,3.347,152.151,40853.473,9135.652,115.21,-69.266,22.972,-1.663,144.533,64.874
4.197,2.43,3.361,3.361,152.142,40853.473,9135.652,115.328,-69.138,23.095,-1.668,145.331,64.871
4.197,2.43,3.375,3.375,152.133,40853.473,9135.652,115.445,-69.009,23.218,-1.673,146.135,64.866
4.197,2.43,3.389,3.389,152.122,40853.473,9135.652,115.562,-68.879,23.342,-1.678,146.944,64.862
4.197,2.43,3.403,3.403,152.109,40853.473,9135.652,115.679,-68.746,23.466,-1.683,147.758,64.856
4.197,2.43,3.418,3.418,152.095,40853.473,9135.652,115.796,-68.612,23.592,-1.688,148.576,64.85
4.197,2.43,3.432,3.432,152.08,40853.473,9135.652,115.913,-68.477,23.718,-1.693,149.399,64.844
4.197,2.43,3.446,3.446,152.063,40853.473,9135.652,116.03,-68.34,23.845,-1.698,150.227,64.837
4.197,2.43,3.461,3.461,152.045,40853.473,9135.652,116.146,-68.201,23.973,-1.703,151.06,64.829
4.197,2.43,3.476,3.476,152.025,40853.473,9135.652,116.263,-68.061,24.101,-1.708,151.897,64.821
4.197,2.43,3.49,3.49,152.004,40853.473,9135.652,116.379,-67.919,24.23,-1.713,152.738,64.811
4.197,2.43,3.505,3.505,151.981,40853.473,9135.652,116.494,-67.776,24.359,-1.719,153.583,64.802
4.197,2.43,3.52,3.52,151.957,40853.473,9135.652,116.61,-67.631,24.489,-1.724,154.433,64.792
4.197,2.43,3.535,3.535,151.932,40853.473,9135.652,116.725,-67.485,24.62,-1.73,155.286,64.781
4.197,2.43,3.55,3.55,151.905,40853.473,9135.652,116.84,-67.337,24.752,-1.735,156.143,64.769
4.197,2.43,3.565,3.565,151.876,40853.473,9135.652,116.955,-67.188,24.883,-1.741,157.005,64.757
4.197,2.43,3.58,3.58,151.846,40853.473,9135.652,117.069,-67.037,25.016,-1.746,157.87,64.744
4.197,2.43,3.595,3.595,151.815,40853.473,9135.652,117.183,-66.885,25.149,-1.752,158.738,64.731
4.197,2.43,3.61,3.61,151.782,40853.473,9135.652,117.297,-66.732,25.283,-1.758,159.611,64.717
4.197,2.43,3.626,3.626,151.747,40853.473,9135.652,117.411,-66.577,25.417,-1.764,160.486,64.702
4.197,2.43,3.641,3.641,151.712,40853.473,9135.652,117.524,-66.42,25.552,-1.769,161.365,64.687
4.197,2.43,3.656,3.656,151.674,40853.473,9135.652,117.636,-66.262,25.687,-1.775,162.248,64.671
4.197,2.43,3.672,3.672,151.636,40853.473,9135.652,117.748,-66.103,25.823,-1.781,163.133,64.654
4.197,2.43,3.687,3.687,151.595,40853.473,9135.652,117.86,-65.942,25.959,-1.787,164.022,64.637
4.197,2.43,3.703,3.703,151.554,40853.473,9135.652,117.972,-65.781,26.096,-1.793,164.914,64.62
4.197,2.43,3.718,3.718,151.511,40853.473,9135.652,118.083,-65.617,26.233,-1.8,165.809,64.601
4.197,2.43,3.734,3.734,151.466,40853.473,9135.652,118.193,-65.453,26.37,-1.806,166.707,64.582
4.197,2.43,3.75,3.75,151.42,40853.473,9135.652,118.303,-65.287,26.508,-1.812,167.608,64.563
4.197,2.43,3.766,3.766,151.373,40853.473,9135.652,118.413,-65.12,26.647,-1.818,168.511,64.542
4.197,2.43,3.781,3.781,151.324,40853.473,9135.652,118.522,-64.951,26.786,-1.825,169.418,64.522
4.197,2.43,3.797,3.797,151.274,40853.473,9135.652,118.631,-64.781,26.925,-1.831,170.327,64.5
4.197,2.43,3.813,3.813,151.222,40853.473,9135.652,118.74,-64.61,27.065,-1.838,171.238,64.478
4.197,2.43,3.829,3.829,151.169,40853.473,9135.652,118.848,-64.438,27.205,-1.844,172.152,64.455
4.197,2.43,3.845,3.845,151.114,40853.473,9135.652,118.955,-64.265,27.345,-1.851,173.069,64.432
4.197,2.43,3.861,3.861,151.058,40853.473,9135.652,119.062,-64.09,27.486,-1.858,173.988,64.408
4.197,2.43,3.877,3.877,151.001,40853.473,9135.652,119.168,-63.914,27.627,-1.865,174.91,64.384
4.197,2.43,3.893,3.893,150.942,40853.473,9135.652,119.274,-63.736,27.769,-1.871,175.833,64.359
4.197,2.43,3.91,3.91,150.881,40853.473,9135.652,119.379,-63.558,27.911,-1.878,176.759,64.333
4.197,2.43,3.926,3.926,150.819,40853.473,9135.652,119.483,-63.378,28.053,-1.885,177.688,64.306
4.197,2.43,3.942,3.942,150.755,40853.473,9135.652,119.587,-63.196,28.195,-1.892,178.618,64.279
4.197,2.43,3.958,3.958,150.69,40853.473,9135.652,119.691,-63.014,28.338,-1.899,179.55,64.251
4.197,2.43,3.975,3.975,150.623,40853.473,9135.652,119.793,-62.83,28.482,-1.907,180.485,64.222
4.197,2.43,3.991,3.991,150.554,40853.473,9135.652,119.895,-62.645,28.625,-1.914,181.421,64.193
4.197,2.43,4.007,4.007,150.484,40853.473,9135.652,119.996,-62.459,28.769,-1.921,182.359,64.163
4.197,2.43,4.024,4.024,150.412,40853.473,9135.652,120.097,-62.271,28.913,-1.929,183.299,64.133
4.197,2.43,4.04,4.04,150.338,40853.473,9135.652,120.196,-62.082,29.057,-1.936,184.241,64.101
4.197,2.43,4.057,4.057,150.263,40853.473,9135.652,120.295,-61.892,29.202,-1.944,185.185,64.069
4.197,2.43,4.073,4.073,150.185,40853.473,9135.652,120.393,-61.7,29.347,-1.951,186.13,64.036
4.197,2.43,4.09,4.09,150.107,40853.473,9135.652,120.491,-61.507,29.492,-1.959,187.077,64.003
4.197,2.43,4.106,4.106,150.026,40853.473,9135.652,120.587,-61.313,29.637,-1.967,188.026,63.968
4.197,2.43,4.123,4.123,149.944,40853.473,9135.652,120.683,-61.117,29.783,-1.975,188.976,63.933
4.197,2.43,4.139,4.139,149.86,40853.473,9135.652,120.778,-60.921,29.928,-1.983,189.927,63.897
4.197,2.43,4.156,4.156,149.774,40853.473,9135.652,120.872,-60.723,30.074,-1.991,190.88,63.861
4.197,2.43,4.173,4.173,149.686,40853.473,9135.652,120.965,-60.523,30.221,-1.999,191.834,63.823
4.197,2.43,4.189,4.189,149.597,40853.473,9135.652,121.057,-60.322,30.367,-2.007,192.79,63.785
4.197,2.43,4.206,4.206,149.505,40853.473,9135.652,121.148,-60.12,30.514,-2.015,193.747,63.746
4.197,2.43,4.223,4.223,149.412,40853.473,9135.652,121.238,-59.917,30.661,-2.023,194.705,63.706
4.197,2.43,4.24,4.24,149.317,40853.473,9135.652,121.328,-59.713,30.808,-2.032,195.664,63.666
4.197,2.43,4.256,4.256,149.22,40853.473,9135.652,121.416,-59.507,30.955,-2.04,196.625,63.625
4.197,2.43,4.273,4.273,149.121,40853.473,9135.652,121.504,-59.299,31.102,-2.049,197.586,63.582
4.197,2.43,4.29,4.29,149.021,40853.473,9135.652,121.59,-59.091,31.25,-2.058,198.549,63.54
4.197,2.43,4.307,4.307,148.918,40853.473,9135.652,121.676,-58.881,31.397,-2.066,199.512,63.496
4.197,2.43,4.324,4.324,148.814,40853.473,9135.652,121.76,-58.67,31.545,-2.075,200.477,63.451
4.197,2.43,4.34,4.34,148.708,40853.473,9135.652,121.844,-58.458,31.693,-2.084,201.442,63.406
4.197,2.43,4.357,4.357,148.599,40853.473,9135.652,121.926,-58.244,31.841,-2.093,202.408,63.36
4.197,2.43,4.374,4.374,148.489,40853.473,9135.652,122.007,-58.029,31.989,-2.103,203.375,63.313
4.197,2.43,4.391,4.391,148.377,40853.473,9135.652,122.088,-57.813,32.137,-2.112,204.343,63.265
4.197,2.43,4.408,4.408,148.263,40853.473,9135.652,122.167,-57.595,32.286,-2.121,205.311,63.216
4.197,2.43,4.425,4.425,148.147,40853.473,9135.652,122.245,-57.376,32.434,-2.131,206.28,63.167
4.197,2.43,4.442,4.442,148.029,40853.473,9135.652,122.322,-57.156,32.583,-2.14,207.25,63.117
4.197,2.43,4.459,4.459,147.909,40853.473,9135.652,122.398,-56.935,32.732,-2.15,208.22,63.065
4.197,2.43,4.476,4.476,147.787,40853.473,9135.652,122.473,-56.712,32.88,-2.16,209.19,63.013
4.197,2.43,4.493,4.493,147.663,40853.473,9135.652,122.547,-56.489,33.029,-2.169,210.161,62.961
4.197,2.43,4.51,4.51,147.538,40853.473,9135.652,122.62,-56.264,33.178,-2.179,211.133,62.907
4.197,2.43,4.526,4.526,147.411,40853.473,9135.652,122.692,-56.038,33.327,-2.189,212.105,62.853
4.197,2.43,4.543,4.543,147.283,40853.473,9135.652,122.763,-55.811,33.476,-2.2,213.077,62.798
4.197,2.43,4.56,4.56,147.153,40853.473,9135.652,122.833,-55.583,33.625,-2.21,214.05,62.743
4.197,2.43,4.577,4.577,147.022,40853.473,9135.652,122.903,-55.355,33.774,-2.22,215.023,62.687
4.197,2.43,4.594,4.594,146.889,40853.473,9135.652,122.971,-55.125,33.923,-2.231,215.996,62.631
4.197,2.43,4.611,4.611,146.755,40853.473,9135.652,123.039,-54.895,34.072,-2.241,216.969,62.574
4.197,2.43,4.628,4.628,146.62,40853.473,9135.652,123.107,-54.664,34.221,-2.252,217.943,62.516
4.197,2.43,4.645,4.645,146.484,40853.473,9135.652,123.174,-54.432,34.371,-2.263,218.916,62.458
4.197,2.43,4.662,4.662,146.347,40853.473,9135.652,123.24,-54.2,34.52,-2.274,219.89,62.4
4.197,2.43,4.679,4.679,146.21,40853.473,9135.652,123.306,-53.967,34.669,-2.285,220.864,62.341
4.197,2.43,4.696,4.696,146.071,40853.473,9135.652,123.371,-53.734,34.818,-2.296,221.838,62.282
4.197,2.43,4.713,4.713,145.931,40853.473,9135.652,123.435,-53.5,34.968,-2.307,222.813,62.222
4.197,2.43,4.73,4.73,145.791,40853.473,9135.652,123.5,-53.266,35.117,-2.319,223.787,62.163
4.197,2.43,4.747,4.747,145.651,40853.473,9135.652,123.564,-53.031,35.266,-2.33,224.761,62.103
4.197,2.43,4.764,4.764,145.509,40853.473,9135.652,123.628,-52.796,35.416,-2.342,225.736,62.042
4.197,2.43,4.781,4.781,145.368,40853.473,9135.652,123.691,-52.561,35.565,-2.353,226.71,61.982
4.197,2.43,4.798,4.798,145.225,40853.473,9135.652,123.754,-52.325,35.714,-2.365,227.685,61.921
4.197,2.43,4.815,4.815,145.083,40853.473,9135.652,123.817,-52.09,35.864,-2.377,228.66,61.86
4.197,2.43,4.832,4.832,144.94,40853.473,9135.652,123.88,-51.854,36.013,-2.389,229.634,61.8
4.197,2.43,4.849,4.849,144.797,40853.473,9135.652,123.943,-51.618,36.162,-2.401,230.609,61.739
4.197,2.43,4.866,4.866,144.654,40853.473,9135.652,124.005,-51.381,36.312,-2.413,231.584,61.678
4.197,2.43,4.883,4.883,144.511,40853.473,9135.652,124.068,-51.145,36.461,-2.426,232.559,61.617
4.197,2.43,4.9,4.9,144.368,40853.473,9135.652,124.13,-50.909,36.611,-2.438,233.534,61.556
4.197,2.43,4.918,4.918,144.225,40853.473,9135.652,124.193,-50.673,36.76,-2.451,234.509,61.495
4.197,2.43,4.935,4.935,144.082,40853.473,9135.652,124.256,-50.437,36.909,-2.464,235.484,61.434
4.197,2.43,4.952,4.952,143.939,40853.473,9135.652,124.319,-50.201,37.059,-2.476,236.459,61.373
4.197,2.43,4.969,4.969,143.796,40853.473,9135.652,124.382,-49.965,37.208,-2.489,237.434,61.312
4.197,2.43,4.986,4.986,143.654,40853.473,9135.652,124.445,-49.729,37.358,-2.502,238.409,61.251
4.197,2.43,5.003,5.003,143.512,40853.473,9135.652,124.508,-49.494,37.507,-2.516,239.384,61.191
4.197,2.43,5.02,5.02,143.37,40853.473,9135.652,124.572,-49.259,37.657,-2.529,240.36,61.13
4.197,2.43,5.037,5.037,143.229,40853.473,9135.652,124.636,-49.024,37.806,-2.542,241.335,61.07
4.197,2.43,5.054,5.054,143.089,40853.473,9135.652,124.7,-48.789,37.956,-2.556,242.311,61.01
4.197,2.43,5.071,5.071,142.949,40853.473,9135.652,124.765,-48.555,38.105,-2.57,243.286,60.951
4.197,2.43,5.088,5.088,142.81,40853.473,9135.652,124.83,-48.321,38.255,-2.583,244.262,60.891
4.197,2.43,5.105,5.105,142.671,40853.473,9135.652,124.895,-48.087,38.404,-2.597,245.238,60.832
4.197,2.43,5.122,5.122,142.533,40853.473,9135.652,124.961,-47.854,38.554,-2.611,246.214,60.773
4.197,2.43,5.139,5.139,142.396,40853.473,9135.652,125.028,-47.621,38.703,-2.625,247.191,60.715
4.197,2.43,5.156,5.156,142.26,40853.473,9135.652,125.095,-47.389,38.853,-2.64,248.167,60.657
4.197,2.43,5.173,5.173,142.125,40853.473,9135.652,125.163,-47.157,39.003,-2.654,249.144,60.599
4.197,2.43,5.19,5.19,141.99,40853.473,9135.652,125.231,-46.926,39.153,-2.669,250.121,60.542
4.197,2.43,5.207,5.207,141.856,40853.473,9135.652,125.299,-46.695,39.302,-2.683,251.099,60.485
4.197,2.43,5.224,5.224,141.723,40853.473,9135.652,125.368,-46.464,39.452,-2.698,252.077,60.428
4.197,2.43,5.241,5.241,141.589,40853.473,9135.652,125.438,-46.234,39.602,-2.713,253.055,60.371
4.197,2.43,5.258,5.258,141.457,40853.473,9135.652,125.507,-46.003,39.752,-2.728,254.033,60.314
4.197,2.43,5.275,5.275,141.324,40853.473,9135.652,125.577,-45.773,39.902,-2.743,255.011,60.258
4.197,2.43,5.292,5.292,141.192,40853.473,9135.652,125.646,-45.543,40.052,-2.759,255.99,60.201
4.197,2.43,5.31,5.31,141.06,40853.473,9135.652,125.716,-45.312,40.202,-2.774,256.97,60.145
4.197,2.43,5.327,5.327,140.927,40853.473,9135.652,125.786,-45.082,40.352,-2.79,257.949,60.089
4.197,2.43,5.344,5.344,140.795,40853.473,9135.652,125.856,-44.852,40.502,-2.806,258.929,60.032
4.197,2.43,5.361,5.361,140.662,40853.473,9135.652,125.926,-44.621,40.652,-2.822,259.909,59.975
4.197,2.43,5.378,5.378,140.529,40853.473,9135.652,125.995,-44.39,40.803,-2.838,260.89,59.919
4.197,2.43,5.395,5.395,140.395,40853.473,9135.652,126.064,-44.159,40.953,-2.855,261.87,59.862
4.197,2.43,5.412,5.412,140.261,40853.473,9135.652,126.134,-43.927,41.103,-2.871,262.851,59.805
4.197,2.43,5.429,5.429,140.127,40853.473,9135.652,126.202,-43.695,41.254,-2.888,263.833,59.747
4.197,2.43,5.446,5.446,139.991,40853.473,9135.652,126.271,-43.463,41.404,-2.905,264.814,59.69
4.197,2.43,5.464,5.464,139.855,40853.473,9135.652,126.339,-43.23,41.554,-2.922,265.796,59.632
4.197,2.43,5.481,5.481,139.718,40853.473,9135.652,126.406,-42.996,41.705,-2.94,266.778,59.573
4.197,2.43,5.498,5.498,139.58,40853.473,9135.652,126.473,-42.762,41.855,-2.958,267.76,59.514
4.197,2.43,5.515,5.515,139.441,40853.473,9135.652,126.539,-42.527,42.006,-2.975,268.742,59.455
4.197,2.43,5.532,5.532,139.301,40853.473,9135.652,126.605,-42.292,42.156,-2.994,269.724,59.395
4.197,2.43,5.549,5.549,139.16,40853.473,9135.652,126.67,-42.056,42.307,-3.012,270.706,59.335
4.197,2.43,5.566,5.566,139.018,40853.473,9135.652,126.734,-41.819,42.457,-3.031,271.689,59.274
4.197,2.43,5.584,5.584,138.874,40853.473,9135.652,126.797,-41.581,42.608,-3.049,272.671,59.213
4.197,2.43,5.601,5.601,138.729,40853.473,9135.652,126.86,-41.343,42.758,-3.068,273.653,59.151
4.197,2.43,5.618,5.618,138.582,40853.473,9135.652,126.921,-41.103,42.909,-3.088,274.636,59.089
4.197,2.43,5.635,5.635,138.434,40853.473,9135.652,126.982,-40.863,43.06,-3.108,275.618,59.025
4.197,2.43,5.652,5.652,138.284,40853.473,9135.652,127.042,-40.622,43.21,-3.127,276.6,58.962
4.197,2.43,5.669,5.669,138.132,40853.473,9135.652,127.1,-40.379,43.36,-3.148,277.581,58.897
4.197,2.43,5.686,5.686,137.979,40853.473,9135.652,127.157,-40.136,43.511,-3.168,278.563,58.831
4.197,2.43,5.704,5.704,137.824,40853.473,9135.652,127.214,-39.891,43.661,-3.189,279.544,58.765
4.197,2.43,5.721,5.721,137.666,40853.473,9135.652,127.269,-39.646,43.812,-3.21,280.525,58.698
4.197,2.43,5.738,5.738,137.507,40853.473,9135.652,127.323,-39.399,43.962,-3.232,281.506,58.63
4.197,2.43,5.755,5.755,137.346,40853.473,9135.652,127.375,-39.151,44.112,-3.253,282.486,58.562
4.197,2.43,5.772,5.772,137.183,40853.473,9135.652,127.426,-38.902,44.262,-3.276,283.465,58.492
4.197,2.43,5.789,5.789,137.017,40853.473,9135.652,127.476,-38.652,44.412,-3.298,284.444,58.421
4.197,2.43,5.806,5.806,136.85,40853.473,9135.652,127.524,-38.4,44.562,-3.321,285.423,58.35
4.197,2.43,5.823,5.823,136.68,40853.473,9135.652,127.571,-38.147,44.712,-3.344,286.401,58.277
4.197,2.43,5.84,5.84,136.507,40853.473,9135.652,127.616,-37.893,44.862,-3.368,287.378,58.204
4.197,2.43,5.857,5.857,136.332,40853.473,9135.652,127.66,-37.637,45.011,-3.392,288.354,58.129
4.197,2.43,5.874,5.874,136.155,40853.473,9135.652,127.702,-37.38,45.161,-3.416,289.33,58.054
4.197,2.43,5.891,5.891,135.975,40853.473,9135.652,127.742,-37.122,45.31,-3.441,290.305,57.977
4.197,2.43,5.908,5.908,135.793,40853.473,9135.652,127.781,-36.862,45.459,-3.466,291.279,57.9
4.197,2.43,5.925,5.925,135.608,40853.473,9135.652,127.818,-36.601,45.608,-3.492,292.251,57.821
4.197,2.43,5.942,5.942,135.421,40853.473,9135.652,127.853,-36.339,45.757,-3.518,293.223,57.741
4.197,2.43,5.959,5.959,135.231,40853.473,9135.652,127.887,-36.075,45.906,-3.545,294.194,57.66
4.197,2.43,5.976,5.976,135.04,40853.473,9135.652,127.919,-35.81,46.055,-3.572,295.163,57.578
4.197,2.43,5.993,5.993,134.846,40853.473,9135.652,127.95,-35.544,46.203,-3.6,296.132,57.496
4.197,2.43,6.01,6.01,134.65,40853.473,9135.652,127.98,-35.277,46.351,-3.628,297.099,57.412
4.197,2.43,6.027,6.027,134.453,40853.473,9135.652,128.008,-35.01,46.499,-3.656,298.064,57.328
4.197,2.43,6.044,6.044,134.253,40853.473,9135.652,128.035,-34.741,46.647,-3.685,299.029,57.243
4.197,2.43,6.06,6.06,134.053,40853.473,9135.652,128.061,-34.472,46.795,-3.715,299.992,57.158
4.197,2.43,6.077,6.077,133.851,40853.473,9135.652,128.086,-34.202,46.942,-3.745,300.954,57.071
4.197,2.43,6.094,6.094,133.648,40853.473,9135.652,128.11,-33.932,47.089,-3.775,301.914,56.985
4.197,2.43,6.111,6.111,133.444,40853.473,9135.652,128.133,-33.661,47.236,-3.807,302.873,56.898
4.197,2.43,6.127,6.127,133.239,40853.473,9135.652,128.156,-33.39,47.383,-3.838,303.83,56.81
4.197,2.43,6.144,6.144,133.033,40853.473,9135.652,128.177,-33.119,47.529,-3.87,304.786,56.723
4.197,2.43,6.161,6.161,132.826,40853.473,9135.652,128.198,-32.847,47.676,-3.903,305.741,56.634
4.197,2.43,6.177,6.177,132.619,40853.473,9135.652,128.219,-32.576,47.822,-3.936,306.694,56.546
4.197,2.43,6.194,6.194,132.411,40853.473,9135.652,128.239,-32.304,47.967,-3.97,307.645,56.458
4.197,2.43,6.211,6.211,132.203,40853.473,9135.652,128.258,-32.032,48.113,-4.004,308.596,56.369
4.197,2.43,6.227,6.227,131.995,40853.473,9135.652,128.277,-31.76,48.258,-4.039,309.544,56.28
4.197,2.43,6.244,6.244,131.786,40853.473,9135.652,128.296,-31.489,48.404,-4.074,310.492,56.191
4.197,2.43,6.26,6.26,131.577,40853.473,9135.652,128.314,-31.217,48.548,-4.11,311.437,56.102
4.197,2.43,6.277,6.277,131.369,40853.473,9135.652,128.333,-30.946,48.693,-4.147,312.382,56.013
4.197,2.43,6.293,6.293,131.16,40853.473,9135.652,128.351,-30.675,48.838,-4.184,313.325,55.924
4.197,2.43,6.31,6.31,130.952,40853.473,9135.652,128.369,-30.405,48.982,-4.222,314.266,55.835
4.197,2.43,6.326,6.326,130.744,40853.473,9135.652,128.387,-30.135,49.126,-4.26,315.206,55.747
4.197,2.43,6.342,6.342,130.537,40853.473,9135.652,128.405,-29.865,49.27,-4.299,316.145,55.658
4.197,2.43,6.359,6.359,130.33,40853.473,9135.652,128.423,-29.596,49.413,-4.339,317.083,55.57
4.197,2.43,6.375,6.375,130.124,40853.473,9135.652,128.442,-29.328,49.557,-4.38,318.019,55.482
4.197,2.43,6.391,6.391,129.918,40853.473,9135.652,128.46,-29.06,49.7,-4.421,318.953,55.395
4.197,2.43,6.408,6.408,129.713,40853.473,9135.652,128.479,-28.793,49.843,-4.462,319.887,55.307
4.197,2.43,6.424,6.424,129.509,40853.473,9135.652,128.498,-28.526,49.986,-4.505,320.819,55.22
4.197,2.43,6.44,6.44,129.306,40853.473,9135.652,128.518,-28.26,50.129,-4.548,321.75,55.134
4.197,2.43,6.456,6.456,129.104,40853.473,9135.652,128.538,-27.995,50.271,-4.591,322.68,55.048
4.197,2.43,6.473,6.473,128.912,40864.683,9134.201,128.536,-27.764,50.386,-4.63,323.401,54.965
4.197,2.43,6.489,6.489,128.73,40890.103,9130.913,128.505,-27.574,50.466,-4.66,323.856,54.888
4.197,2.43,6.505,6.505,128.556,40926.059,9126.266,128.454,-27.415,50.52,-4.686,324.115,54.814
4.197,2.43,6.521,6.521,128.389,40969.967,9120.602,128.387,-27.279,50.554,-4.706,324.228,54.742
4.197,2.43,6.538,6.538,128.226,41019.951,9114.165,128.309,-27.16,50.575,-4.724,324.233,54.673
4.197,2.43,6.554,6.554,128.066,41073.714,9107.255,128.222,-27.052,50.585,-4.74,324.164,54.605
4.197,2.43,6.57,6.57,127.911,41133.17,9099.63,128.129,-26.957,50.586,-4.753,324.022,54.538
4.197,2.43,6.587,6.587,127.75,41187.651,9092.658,128.034,-26.858,50.588,-4.767,323.886,54.472
4.197,2.43,6.601,6.601,127.62,41272.561,9081.822,127.928,-26.806,50.561,-4.772,323.54,54.408
4.197,2.43,6.614,6.614,127.507,41373.913,9068.933,127.821,-26.776,50.522,-4.774,323.106,54.346
4.197,2.43,6.63,6.63,127.359,41440.911,9060.44,127.724,-26.693,50.516,-4.785,322.907,54.281
4.197,2.43,6.642,6.642,127.267,41562.485,9045.085,127.614,-26.691,50.462,-4.781,322.366,54.221
4.197,2.43,6.654,6.654,127.164,41672.631,9031.233,127.513,-26.667,50.423,-4.782,321.939,54.159
4.197,2.43,6.666,6.666,127.053,41775.285,9018.377,127.417,-26.629,50.394,-4.785,321.583,54.096
4.197,2.43,6.683,6.683,126.894,41830.03,9011.54,127.333,-26.52,50.407,-4.801,321.526,54.029
4.197,2.43,6.695,6.695,126.788,41937.977,8998.102,127.233,-26.492,50.37,-4.803,321.115,53.967
4.197,2.43,6.708,6.708,126.686,42049.598,8984.263,127.135,-26.466,50.334,-4.804,320.705,53.905
4.197,2.43,6.72,6.72,126.576,42153.171,8971.474,127.041,-26.426,50.307,-4.807,320.366,53.843
4.197,2.43,6.732,6.732,126.476,42266.565,8957.529,126.947,-26.399,50.274,-4.809,319.98,53.781
4.197,2.43,6.747,6.747,126.339,42342.357,8948.242,126.864,-26.316,50.274,-4.821,319.833,53.716
4.197,2.43,6.763,6.763,126.193,42410.423,8939.923,126.78,-26.224,50.278,-4.834,319.71,53.65
4.197,2.43,6.774,6.774,126.099,42530.501,8925.299,126.68,-26.209,50.236,-4.833,319.259,53.59
4.197,2.43,6.787,6.787,125.991,42637.012,8912.382,126.588,-26.171,50.209,-4.837,318.915,53.528
4.197,2.43,6.8,6.8,125.886,42745.447,8899.283,126.497,-26.134,50.181,-4.84,318.572,53.466
4.197,2.43,6.812,6.812,125.782,42855.291,8886.068,126.407,-26.098,50.154,-4.843,318.233,53.405
4.197,2.43,6.829,6.829,125.628,42913.509,8879.086,126.33,-25.989,50.171,-4.861,318.203,53.339
4.197,2.43,6.842,6.842,125.51,43010.172,8867.525,126.239,-25.937,50.151,-4.867,317.912,53.277
4.197,2.43,6.854,6.854,125.415,43129.33,8853.331,126.144,-25.916,50.114,-4.867,317.495,53.217
4.197,2.43,6.867,6.867,125.307,43235.844,8840.695,126.054,-25.875,50.09,-4.872,317.174,53.156
4.197,2.43,6.879,6.879,125.209,43352.125,8826.956,125.964,-25.847,50.059,-4.874,316.805,53.095
4.197,2.43,6.893,6.893,125.087,43442.709,8816.294,125.882,-25.781,50.05,-4.883,316.598,53.032
4.197,2.43,6.91,6.91,124.936,43504.377,8809.055,125.804,-25.676,50.064,-4.9,316.546,52.968
4.197,2.43,6.922,6.922,124.842,43626.096,8794.816,125.708,-25.658,50.025,-4.899,316.119,52.909
4.197,2.43,6.934,6.934,124.741,43738.82,8781.684,125.618,-25.624,49.997,-4.902,315.768,52.849
4.197,2.43,6.947,6.947,124.637,43849.88,8768.798,125.53,-25.587,49.972,-4.906,315.44,52.788
4.197,2.43,6.959,6.959,124.54,43967.169,8755.245,125.443,-25.557,49.943,-4.908,315.085,52.728
4.197,2.43,6.975,6.975,124.393,44031.979,8747.781,125.368,-25.454,49.957,-4.925,315.038,52.665
4.197,2.43,6.99,6.99,124.272,44124.83,8737.117,125.282,-25.393,49.945,-4.934,314.8,52.604
4.197,2.43,7.001,7.001,124.182,44249.908,8722.808,125.189,-25.376,49.906,-4.933,314.377,52.545
4.197,2.43,7.014,7.014,124.078,44360.49,8710.211,125.102,-25.337,49.883,-4.938,314.058,52.486
4.197,2.43,7.026,7.026,123.983,44480.262,8696.622,125.014,-25.309,49.852,-4.939,313.695,52.427
4.197,2.43,7.04,7.04,123.867,44577.479,8685.635,124.933,-25.25,49.842,-4.948,313.47,52.366
4.197,2.43,7.057,7.057,123.718,44639.635,8678.63,124.858,-25.145,49.857,-4.966,313.431,52.303
4.197,2.43,7.069,7.069,123.626,44764.049,8664.655,124.765,-25.126,49.82,-4.966,313.014,52.245
4.197,2.43,7.082,7.082,123.528,44880.847,8651.591,124.677,-25.095,49.791,-4.968,312.66,52.186
4.197,2.43,7.094,7.094,123.428,44995.013,8638.873,124.591,-25.06,49.766,-4.972,312.331,52.128
4.197,2.43,7.106,7.106,123.334,45116.052,8625.445,124.504,-25.033,49.736,-4.974,311.973,52.069
4.197,2.43,7.123,7.123,123.191,45183.412,8617.997,124.431,-24.933,49.749,-4.991,311.917,52.007
4.197,2.43,7.138,7.138,123.072,45277.381,8607.636,124.347,-24.873,49.737,-4.999,311.685,51.947
4.197,2.43,7.149,7.149,122.983,45404.865,8593.633,124.255,-24.857,49.699,-4.999,311.263,51.89
4.197,2.43,7.162,7.162,122.884,45520.215,8581.017,124.169,-24.823,49.673,-5.002,310.927,51.832
4.197,2.43,7.175,7.175,122.785,45634.964,8568.516,124.084,-24.788,49.648,-5.006,310.603,51.774
4.197,2.43,7.187,7.187,122.688,45752.652,8555.747,123.999,-24.755,49.622,-5.009,310.269,51.716
4.197,2.43,7.2,7.2,122.584,45861.508,8543.982,123.917,-24.711,49.603,-5.015,309.99,51.658
4.197,2.43,7.217,7.217,122.436,45920.435,8537.632,123.846,-24.602,49.622,-5.034,309.976,51.596
4.197,2.43,7.23,7.23,122.337,46036.302,8525.182,123.757,-24.571,49.593,-5.037,309.622,51.539
4.197,2.43,7.242,7.242,122.244,46158.834,8512.071,123.669,-24.547,49.561,-5.038,309.243,51.482
4.197,2.43,7.255,7.255,122.144,46272.199,8499.989,123.584,-24.51,49.537,-5.042,308.928,51.424
4.197,2.43,7.267,7.267,122.053,46396.469,8486.799,123.498,-24.486,49.506,-5.044,308.561,51.367
4.197,2.43,7.282,7.282,121.929,46481.209,8477.836,123.423,-24.41,49.506,-5.056,308.416,51.308
4.197,2.43,7.299,7.299,121.793,46554.011,8470.157,123.348,-24.321,49.513,-5.072,308.315,51.248
4.197,2.43,7.311,7.311,121.708,46684.638,8456.425,123.256,-24.309,49.474,-5.07,307.887,51.193
4.197,2.43,7.323,7.323,121.61,46801.112,8444.233,123.172,-24.276,49.448,-5.074,307.556,51.136
4.197,2.43,7.336,7.336,121.514,46918.625,8431.98,123.088,-24.243,49.423,-5.077,307.229,51.079
4.197,2.43,7.348,7.348,121.421,47039.314,8419.446,123.005,-24.213,49.396,-5.08,306.895,51.023
4.197,2.43,7.365,7.365,121.281,47104.089,8412.74,122.936,-24.112,49.412,-5.098,306.859,50.963
4.197,2.43,7.379,7.379,121.169,47203.792,8402.446,122.854,-24.058,49.398,-5.106,306.611,50.906
4.197,2.43,7.391,7.391,121.083,47333.647,8389.091,122.765,-24.043,49.361,-5.106,306.206,50.851
4.197,2.43,7.404,7.404,120.985,47448.489,8377.327,122.683,-24.006,49.339,-5.111,305.899,50.795
4.197,2.43,7.416,7.416,120.895,47572.262,8364.7,122.6,-23.98,49.31,-5.113,305.553,50.739
4.197,2.43,7.43,7.43,120.79,47677.768,8353.976,122.523,-23.929,49.297,-5.12,305.312,50.683
4.197,2.43,7.447,7.447,120.648,47739.048,8347.765,122.455,-23.825,49.315,-5.14,305.292,50.624
4.197,2.43,7.46,7.46,120.557,47862.835,8335.257,122.369,-23.801,49.284,-5.141,304.922,50.569
4.197,2.43,7.472,7.472,120.466,47986.258,8322.836,122.284,-23.775,49.255,-5.143,304.57,50.514
4.197,2.43,7.485,7.485,120.372,48105.57,8310.877,122.203,-23.743,49.23,-5.147,304.251,50.459
4.197,2.43,7.497,7.497,120.277,48222.106,8299.242,122.124,-23.706,49.209,-5.152,303.954,50.404
4.197,2.43,7.509,7.509,120.188,48347.061,8286.814,122.043,-23.68,49.182,-5.154,303.621,50.349
4.197,2.43,7.524,7.524,120.076,48442.851,8277.322,121.971,-23.616,49.177,-5.165,303.443,50.293
4.197,2.43,7.541,7.541,119.94,48508.791,8270.805,121.903,-23.519,49.192,-5.183,303.402,50.235
4.197,2.43,7.553,7.553,119.854,48639.024,8257.975,121.817,-23.501,49.158,-5.183,303.012,50.182
4.197,2.43,7.565,7.565,119.763,48761.232,8245.984,121.735,-23.473,49.131,-5.186,302.679,50.127
4.197,2.43,7.578,7.578,119.669,48879.484,8234.427,121.656,-23.438,49.109,-5.19,302.376,50.073
4.197,2.43,7.59,7.59,119.584,49007.542,8221.961,121.575,-23.415,49.08,-5.192,302.031,50.019
4.197,2.43,7.606,7.606,119.459,49086.006,8214.348,121.508,-23.332,49.088,-5.208,301.94,49.963
4.197,2.43,7.622,7.622,119.338,49169.251,8206.292,121.435,-23.256,49.09,-5.222,301.803,49.907
4.197,2.43,7.633,7.633,119.257,49304.922,8193.209,121.349,-23.245,49.052,-5.22,301.394,49.855
4.197,2.43,7.646,7.646,119.164,49424.364,8181.738,121.269,-23.212,49.029,-5.224,301.084,49.801
4.197,2.43,7.658,7.658,119.074,49546.666,8170.038,121.19,-23.182,49.004,-5.228,300.768,49.748
4.197,2.43,7.67,7.67,118.986,49670.251,8158.261,121.112,-23.152,48.98,-5.231,300.454,49.694
4.197,2.43,7.688,7.688,118.853,49736.083,8152.006,121.049,-23.055,48.997,-5.25,300.427,49.638
4.197,2.43,7.702,7.702,118.747,49839.464,8142.211,120.972,-23.004,48.984,-5.259,300.189,49.584
4.197,2.43,7.714,7.714,118.665,49973.044,8129.601,120.888,-22.989,48.95,-5.259,299.805,49.532
4.197,2.43,7.726,7.726,118.575,50094.09,8118.22,120.81,-22.957,48.927,-5.263,299.499,49.479
4.197,2.43,7.739,7.739,118.484,50215.106,8106.886,120.733,-22.924,48.905,-5.267,299.201,49.427
4.197,2.43,7.751,7.751,118.395,50337.078,8095.505,120.657,-22.892,48.883,-5.271,298.906,49.374
4.197,2.43,7.763,7.763,118.306,50459.33,8084.142,120.583,-22.859,48.862,-5.275,298.617,49.321
4.197,2.43,7.781,7.781,118.175,50524.382,8078.114,120.522,-22.76,48.881,-5.295,298.604,49.266
4.197,2.43,7.795,7.795,118.072,50629.444,8068.403,120.447,-22.71,48.869,-5.304,298.373,49.213
4.197,2.43,7.806,7.806,117.992,50764.717,8055.946,120.366,-22.694,48.836,-5.304,297.999,49.162
4.197,2.43,7.819,7.819,117.901,50884.451,8044.965,120.291,-22.659,48.816,-5.309,297.716,49.11
4.197,2.43,7.831,7.831,117.816,51012.63,8033.253,120.214,-22.633,48.791,-5.311,297.4,49.058
4.197,2.43,7.844,7.844,117.723,51128.509,8022.706,120.143,-22.592,48.776,-5.318,297.152,49.006
4.197,2.43,7.862,7.862,117.591,51191.295,8017.007,120.084,-22.491,48.796,-5.339,297.152,48.952
4.197,2.43,7.874,7.874,117.501,51312.774,8006.011,120.006,-22.458,48.774,-5.343,296.851,48.901
4.197,2.43,7.886,7.886,117.419,51445.372,7994.056,119.928,-22.438,48.745,-5.345,296.506,48.85
4.197,2.43,7.899,7.899,117.332,51570.008,7982.863,119.853,-22.406,48.723,-5.349,296.212,48.799
4.197,2.43,7.911,7.911,117.244,51693.187,7971.843,119.78,-22.373,48.704,-5.354,295.932,48.747
4.197,2.43,7.923,7.923,117.16,51821.591,7960.399,119.707,-22.345,48.681,-5.357,295.633,48.696
4.197,2.43,7.936,7.936,117.068,51937.731,7950.087,119.637,-22.303,48.667,-5.364,295.398,48.645
4.197,2.43,7.954,7.954,116.939,52001.042,7944.481,119.58,-22.203,48.689,-5.386,295.403,48.592
4.197,2.43,7.967,7.967,116.85,52124.161,7933.609,119.505,-22.171,48.667,-5.39,295.106,48.542
4.197,2.43,7.978,7.978,116.769,52258.153,7921.824,119.427,-22.15,48.638,-5.392,294.766,48.492
4.197,2.43,7.991,7.991,116.684,52384.105,7910.789,119.354,-22.12,48.617,-5.396,294.474,48.441
4.197,2.43,8.003,8.003,116.597,52508.605,7899.923,119.281,-22.088,48.597,-5.4,294.194,48.391
4.197,2.43,8.015,8.015,116.515,52638.02,7888.67,119.209,-22.06,48.574,-5.404,293.897,48.341
4.197,2.43,8.028,8.028,116.425,52756.402,7878.416,119.14,-22.02,48.56,-5.41,293.656,48.29
4.197,2.43,8.045,8.045,116.298,52820.221,7872.902,119.084,-21.922,48.581,-5.432,293.658,48.238
4.197,2.43,8.058,8.058,116.208,52941.686,7862.438,119.009,-21.889,48.56,-5.437,293.372,48.188
4.197,2.43,8.07,8.07,116.13,53078.261,7850.717,118.931,-21.871,48.53,-5.438,293.023,48.139
4.197,2.43,8.083,8.083,116.043,53201.583,7840.175,118.859,-21.838,48.511,-5.443,292.745,48.089
4.197,2.43,8.094,8.094,115.964,53335.601,7828.761,118.785,-21.816,48.484,-5.445,292.423,48.04
4.197,2.43,8.108,8.108,115.87,53447.387,7819.276,118.718,-21.77,48.474,-5.453,292.209,47.99
4.197,2.43,8.125,8.125,115.745,53512.317,7813.781,118.661,-21.675,48.493,-5.475,292.198,47.939
4.197,2.43,8.138,8.138,115.662,53642.16,7802.823,118.584,-21.651,48.467,-5.477,291.873,47.89
4.197,2.43,8.149,8.149,115.582,53775.998,7791.572,118.508,-21.63,48.439,-5.479,291.54,47.841
4.197,2.43,8.162,8.162,115.498,53903.046,7780.933,118.435,-21.601,48.417,-5.483,291.248,47.792
4.197,2.43,8.174,8.174,115.414,54028.136,7770.497,118.364,-21.57,48.397,-5.487,290.97,47.743
4.197,2.43,8.186,8.186,115.333,54158.11,7759.693,118.293,-21.543,48.375,-5.491,290.676,47.694
4.197,2.43,8.199,8.199,115.246,54278.43,7749.728,118.225,-21.506,48.359,-5.497,290.431,47.645
4.197,2.43,8.216,8.216,115.123,54342.563,7744.431,118.17,-21.412,48.379,-5.519,290.43,47.595
4.197,2.43,8.229,8.229,115.033,54459.408,7734.805,118.099,-21.373,48.363,-5.526,290.173,47.546
4.197,2.43,8.241,8.241,114.956,54597.509,7723.47,118.023,-21.357,48.333,-5.526,289.827,47.498
4.197,2.43,8.253,8.253,114.873,54723.904,7713.136,117.951,-21.327,48.312,-5.531,289.545,47.45
4.197,2.43,8.266,8.266,114.79,54850.411,7702.83,117.881,-21.297,48.292,-5.535,289.268,47.402
4.197,2.43,8.278,8.278,114.708,54976.845,7692.567,117.812,-21.266,48.273,-5.54,288.997,47.353
4.197,2.43,8.29,8.29,114.629,55108.018,7681.959,117.742,-21.24,48.251,-5.543,288.71,47.305
4.197,2.43,8.306,8.306,114.514,55181.695,7676.019,117.688,-21.155,48.266,-5.563,288.675,47.256
4.197,2.43,8.321,8.321,114.411,55276.055,7668.428,117.625,-21.093,48.266,-5.576,288.53,47.208
4.197,2.43,8.332,8.332,114.337,55418.925,7656.975,117.548,-21.081,48.234,-5.576,288.169,47.161
4.197,2.43,8.345,8.345,114.255,55546.303,7646.803,117.478,-21.052,48.213,-5.58,287.89,47.113
4.197,2.43,8.357,8.357,114.174,55674.773,7636.58,117.409,-21.023,48.193,-5.585,287.612,47.066
4.197,2.43,8.369,8.369,114.092,55799.635,7626.681,117.341,-20.99,48.176,-5.59,287.356,47.018
4.197,2.43,8.381,8.381,114.016,55935.287,7615.965,117.272,-20.968,48.152,-5.593,287.059,46.971
4.197,2.43,8.395,8.395,113.917,56031.373,7608.4,117.214,-20.905,48.154,-5.607,286.936,46.923
4.197,2.43,8.412,8.412,113.802,56102.844,7602.786,117.16,-20.82,48.17,-5.627,286.904,46.876
4.197,2.43,8.424,8.424,113.726,56241.985,7591.889,117.086,-20.803,48.141,-5.628,286.569,46.829
4.197,2.43,8.436,8.436,113.648,56374.71,7581.534,117.015,-20.778,48.119,-5.632,286.274,46.782
4.197,2.43,8.448,8.448,113.568,56503.94,7571.489,116.947,-20.749,48.099,-5.636,286.003,46.735
4.197,2.43,8.46,8.46,113.487,56630.792,7561.664,116.881,-20.717,48.082,-5.642,285.748,46.689
4.197,2.43,8.472,8.472,113.41,56763.789,7551.4,116.813,-20.691,48.061,-5.646,285.472,46.642
4.197,2.43,8.484,8.484,113.327,56886.273,7541.981,116.75,-20.654,48.048,-5.653,285.247,46.595
4.197,2.43,8.502,8.502,113.211,56951.801,7536.955,116.701,-20.562,48.069,-5.676,285.256,46.548
4.197,2.43,8.515,8.515,113.123,57068.879,7527.998,116.635,-20.522,48.057,-5.684,285.03,46.502
4.197,2.43,8.526,8.526,113.05,57211.69,7517.111,116.563,-20.505,48.029,-5.684,284.701,46.456
4.197,2.43,8.538,8.538,112.971,57341.553,7507.248,116.496,-20.476,48.01,-5.689,284.438,46.41
4.197,2.43,8.55,8.55,112.892,57472.385,7497.348,116.43,-20.447,47.992,-5.694,284.177,46.364
4.197,2.43,8.563,8.563,112.813,57601.67,7487.599,116.366,-20.416,47.975,-5.7,283.927,46.318
4.197,2.43,8.574,8.574,112.74,57739.736,7477.227,116.299,-20.392,47.954,-5.703,283.647,46.272
4.197,2.43,8.59,8.59,112.636,57823.593,7470.946,116.248,-20.318,47.965,-5.722,283.591,46.226
4.197,2.43,8.606,8.606,112.532,57910.182,7464.476,116.194,-20.247,47.973,-5.739,283.508,46.181
4.197,2.43,8.616,8.616,112.462,58057.827,7453.478,116.121,-20.234,47.943,-5.739,283.166,46.135
4.197,2.43,8.628,8.628,112.384,58191.217,7443.58,116.054,-20.207,47.924,-5.743,282.895,46.09
4.197,2.43,8.64,8.64,112.307,58324.652,7433.715,115.988,-20.179,47.904,-5.748,282.63,46.045
4.197,2.43,8.652,8.652,112.229,58454.385,7424.157,115.924,-20.148,47.888,-5.754,282.384,45.999
4.197,2.43,8.664,8.664,112.156,58593.991,7413.909,115.858,-20.126,47.866,-5.757,282.102,45.954
4.197,2.43,8.677,8.677,112.07,58707.574,7405.6,115.8,-20.079,47.861,-5.767,281.93,45.909
4.197,2.43,8.694,8.694,111.958,58774.868,7400.689,115.754,-19.99,47.882,-5.79,281.935,45.864
4.197,2.43,8.706,8.706,111.88,58908.639,7390.953,115.685,-19.964,47.861,-5.795,281.655,45.819
4.197,2.43,8.718,8.718,111.807,59050.938,7380.635,115.616,-19.945,47.835,-5.797,281.348,45.774
4.197,2.43,8.73,8.73,111.73,59184.143,7371.011,115.551,-19.918,47.817,-5.801,281.086,45.73
4.197,2.43,8.742,8.742,111.654,59316.878,7361.456,115.486,-19.889,47.798,-5.806,280.829,45.685
4.197,2.43,8.753,8.753,111.578,59450.524,7351.869,115.422,-19.862,47.78,-5.811,280.572,45.641
4.197,2.43,8.765,8.765,111.505,59588.066,7342.038,115.358,-19.837,47.76,-5.815,280.303,45.596
4.197,2.43,8.781,8.781,111.401,59665.437,7336.524,115.31,-19.759,47.776,-5.836,280.272,45.552
4.197,2.43,8.796,8.796,111.305,59762.006,7329.657,115.254,-19.699,47.777,-5.851,280.147,45.508
4.197,2.43,8.807,8.807,111.237,59912.158,7319.014,115.182,-19.688,47.747,-5.85,279.806,45.464
4.197,2.43,8.819,8.819,111.161,60045.982,7309.565,115.116,-19.661,47.727,-5.855,279.54,45.42
4.197,2.43,8.831,8.831,111.085,60180.088,7300.128,115.051,-19.635,47.708,-5.86,279.278,45.376
4.197,2.43,8.843,8.843,111.01,60314.134,7290.729,114.988,-19.608,47.69,-5.864,279.02,45.332
4.197,2.43,8.855,8.855,110.934,60443.404,7281.696,114.926,-19.576,47.675,-5.871,278.785,45.288
4.197,2.43,8.866,8.866,110.86,60578.739,7272.272,114.863,-19.55,47.656,-5.875,278.529,45.244
4.197,2.43,8.878,8.878,110.785,60710.32,7263.141,114.802,-19.521,47.641,-5.881,278.292,45.201
4.197,2.43,8.895,8.895,110.68,60781.428,7258.22,114.757,-19.438,47.659,-5.904,278.285,45.158
4.197,2.43,8.909,8.909,110.59,60885.697,7251.02,114.7,-19.386,47.657,-5.917,278.133,45.114
4.197,2.43,8.92,8.92,110.522,61035.141,7240.734,114.629,-19.374,47.628,-5.917,277.804,45.071
4.197,2.43,8.932,8.932,110.447,61168.385,7231.597,114.566,-19.346,47.61,-5.922,277.548,45.028
4.197,2.43,8.944,8.944,110.373,61302.901,7222.404,114.502,-19.32,47.591,-5.927,277.291,44.984
4.197,2.43,8.956,8.956,110.297,61433.318,7213.522,114.441,-19.29,47.576,-5.933,277.055,44.941
4.197,2.43,8.967,8.967,110.227,61574.009,7203.974,114.377,-19.268,47.555,-5.936,276.784,44.898
4.197,2.43,8.98,8.98,110.146,61690.523,7196.092,114.322,-19.225,47.548,-5.946,276.609,44.855
4.197,2.43,8.997,8.997,110.04,61756.925,7191.611,114.279,-19.14,47.569,-5.971,276.617,44.813
4.197,2.43,9.01,9.01,109.962,61883.995,7183.056,114.216,-19.108,47.554,-5.977,276.378,44.771
4.197,2.43,9.021,9.021,109.893,62031.07,7173.19,114.147,-19.093,47.527,-5.979,276.068,44.728
4.197,2.43,9.033,9.033,109.818,62164.554,7164.267,114.085,-19.065,47.51,-5.984,275.818,44.685
4.197,2.43,9.044,9.044,109.746,62300.786,7155.191,114.022,-19.04,47.491,-5.989,275.561,44.643
4.197,2.43,9.056,9.056,109.673,62435.623,7146.24,113.96,-19.013,47.474,-5.994,275.314,44.6
4.197,2.43,9.068,9.068,109.598,62566.24,7137.597,113.901,-18.982,47.459,-6.0,275.087,44.558
4.197,2.43,9.079,9.079,109.529,62707.549,7128.279,113.838,-18.96,47.439,-6.004,274.823,44.516
4.197,2.43,9.091,9.091,109.451,62829.936,7120.236,113.782,-18.923,47.43,-6.013,274.633,44.474
4.197,2.43,9.109,9.109,109.349,62897.264,7115.821,113.741,-18.839,47.451,-6.037,274.641,44.433
4.197,2.43,9.122,9.122,109.269,63019.529,7107.824,113.681,-18.803,47.439,-6.046,274.43,44.391
4.197,2.43,9.132,9.132,109.202,63169.829,7098.027,113.614,-18.789,47.412,-6.047,274.118,44.349
4.197,2.43,9.144,9.144,109.129,63305.559,7089.21,113.552,-18.762,47.395,-6.052,273.87,44.307
4.197,2.43,9.156,9.156,109.057,63443.134,7080.305,113.49,-18.737,47.377,-6.057,273.619,44.265
4.197,2.43,9.167,9.167,108.985,63577.01,7071.668,113.431,-18.708,47.361,-6.063,273.387,44.224
4.197,2.43,9.178,9.178,108.917,63722.803,7062.295,113.369,-18.689,47.34,-6.066,273.115,44.182
4.197,2.43,9.192,9.192,108.835,63832.953,7055.236,113.317,-18.641,47.338,-6.079,272.977,44.141
4.197,2.43,9.209,9.209,108.735,63903.309,7050.737,113.276,-18.56,47.358,-6.103,272.975,44.101
4.197,2.43,9.22,9.22,108.663,64042.942,7041.831,113.213,-18.537,47.338,-6.108,272.71,44.06
4.197,2.43,9.231,9.231,108.595,64191.341,7032.4,113.148,-18.519,47.314,-6.11,272.42,44.018
4.197,2.43,9.243,9.243,108.524,64328.589,7023.708,113.087,-18.493,47.297,-6.115,272.179,43.977
4.197,2.43,9.254,9.254,108.453,64468.766,7014.861,113.027,-18.468,47.279,-6.12,271.931,43.936
4.197,2.43,9.266,9.266,108.383,64606.963,7006.168,112.968,-18.442,47.263,-6.126,271.695,43.895
4.197,2.43,9.277,9.277,108.311,64741.43,6997.739,112.911,-18.412,47.249,-6.132,271.476,43.854
4.197,2.43,9.288,9.288,108.245,64888.059,6988.578,112.85,-18.392,47.229,-6.136,271.216,43.813
4.197,2.43,9.301,9.301,108.168,65007.883,6981.116,112.799,-18.35,47.224,-6.147,271.055,43.773
4.197,2.43,9.318,9.318,108.069,65077.035,6976.82,112.76,-18.269,47.246,-6.172,271.067,43.734
4.197,2.43,9.33,9.33,107.995,65209.425,6968.614,112.701,-18.238,47.231,-6.179,270.84,43.693
4.197,2.43,9.341,9.341,107.929,65362.744,6959.144,112.636,-18.224,47.206,-6.181,270.543,43.652
4.197,2.43,9.352,9.352,107.859,65501.79,6950.587,112.576,-18.198,47.189,-6.186,270.303,43.612
4.197,2.43,9.363,9.363,107.79,65643.639,6941.886,112.516,-18.174,47.171,-6.191,270.057,43.571
4.197,2.43,9.375,9.375,107.721,65784.215,6933.292,112.458,-18.149,47.155,-6.196,269.819,43.531
4.197,2.43,9.386,9.386,107.65,65920.171,6925.008,112.401,-18.12,47.141,-6.203,269.599,43.491
4.197,2.43,9.397,9.397,107.584,66066.2,6916.141,112.342,-18.099,47.121,-6.207,269.347,43.451
4.197,2.43,9.409,9.409,107.512,66198.004,6908.164,112.287,-18.067,47.11,-6.215,269.146,43.411
4.197,2.43,9.426,9.426,107.417,66269.095,6903.872,112.25,-17.989,47.13,-6.24,269.152,43.373
4.197,2.43,9.439,9.439,107.338,66387.212,6896.757,112.195,-17.948,47.124,-6.251,268.978,43.334
4.197,2.43,9.449,9.449,107.274,66544.707,6887.3,112.129,-17.936,47.096,-6.252,268.668,43.293
4.197,2.43,9.461,9.461,107.205,66685.035,6878.904,112.07,-17.912,47.079,-6.257,268.424,43.253
4.197,2.43,9.472,9.472,107.137,66826.802,6870.45,112.01,-17.888,47.061,-6.262,268.179,43.214
4.197,2.43,9.483,9.483,107.069,66968.417,6862.034,111.952,-17.865,47.043,-6.267,267.936,43.174
4.197,2.43,9.495,9.495,107.0,67105.153,6853.934,111.895,-17.838,47.029,-6.273,267.714,43.135
4.197,2.43,9.506,9.506,106.933,67246.376,6845.596,111.838,-17.814,47.012,-6.278,267.478,43.095
4.197,2.43,9.517,9.517,106.867,67390.862,6837.093,111.78,-17.792,46.994,-6.282,267.234,43.056
4.197,2.43,9.532,9.532,106.78,67475.179,6832.145,111.74,-17.726,47.007,-6.304,267.194,43.019
4.197,2.43,9.548,9.548,106.693,67565.651,6826.846,111.695,-17.665,47.015,-6.323,267.12,42.981
4.197,2.43,9.558,9.558,106.629,67721.69,6817.733,111.63,-17.653,46.989,-6.324,266.817,42.941
4.197,2.43,9.569,9.569,106.562,67865.939,6809.339,111.57,-17.632,46.969,-6.328,266.563,42.902
4.197,2.43,9.58,9.58,106.495,68005.778,6801.227,111.513,-17.607,46.953,-6.333,266.328,42.863
4.197,2.43,9.592,9.592,106.428,68147.729,6793.02,111.455,-17.584,46.936,-6.338,266.09,42.824
4.197,2.43,9.603,9.603,106.361,68286.621,6785.017,111.399,-17.558,46.921,-6.345,265.867,42.786
4.197,2.43,9.614,9.614,106.293,68422.765,6777.196,111.345,-17.53,46.907,-6.352,265.656,42.747
4.197,2.43,9.625,9.625,106.23,68571.596,6768.675,111.287,-17.512,46.888,-6.355,265.405,42.709
4.197,2.43,9.638,9.638,106.156,68690.134,6761.908,111.239,-17.471,46.884,-6.367,265.259,42.671
4.197,2.43,9.655,9.655,106.065,68759.28,6757.97,111.205,-17.394,46.905,-6.393,265.271,42.635
4.197,2.43,9.667,9.667,105.993,68888.951,6750.601,111.15,-17.362,46.894,-6.402,265.07,42.597
4.197,2.43,9.677,9.677,105.93,69045.344,6741.743,111.088,-17.348,46.87,-6.403,264.784,42.558
4.197,2.43,9.688,9.688,105.863,69185.694,6733.821,111.032,-17.323,46.854,-6.41,264.559,42.52
4.197,2.43,9.7,9.7,105.797,69328.304,6725.796,110.976,-17.299,46.839,-6.415,264.332,42.482
4.197,2.43,9.711,9.711,105.732,69470.941,6717.797,110.921,-17.274,46.823,-6.421,264.108,42.444
4.197,2.43,9.722,9.722,105.665,69609.082,6710.074,110.868,-17.247,46.811,-6.428,263.903,42.406
4.197,2.43,9.733,9.733,105.6,69751.316,6702.148,110.814,-17.222,46.796,-6.435,263.688,42.368
4.197,2.43,9.743,9.743,105.538,69899.782,6693.901,110.759,-17.201,46.779,-6.439,263.455,42.33
4.197,2.43,9.759,9.759,105.456,69990.783,6688.86,110.722,-17.139,46.791,-6.46,263.41,42.294
4.197,2.43,9.774,9.774,105.371,70075.848,6684.157,110.684,-17.074,46.805,-6.483,263.373,42.259
4.197,2.43,9.785,9.785,105.308,70232.032,6675.546,110.623,-17.059,46.782,-6.485,263.099,42.221
4.197,2.43,9.795,9.795,105.244,70382.259,6667.292,110.565,-17.039,46.763,-6.489,262.851,42.183
4.197,2.43,9.806,9.806,105.179,70525.164,6659.466,110.51,-17.014,46.748,-6.495,262.631,42.145
4.197,2.43,9.817,9.817,105.114,70670.971,6651.506,110.455,-16.991,46.732,-6.501,262.404,42.108
4.197,2.43,9.828,9.828,105.05,70814.608,6643.691,110.402,-16.966,46.718,-6.507,262.188,42.07
4.197,2.43,9.84,9.84,104.984,70954.198,6636.119,110.35,-16.939,46.705,-6.515,261.987,42.033
4.197,2.43,9.85,9.85,104.923,71105.483,6627.94,110.295,-16.92,46.688,-6.519,261.75,41.996
4.197,2.43,9.862,9.862,104.856,71239.418,6620.722,110.246,-16.888,46.679,-6.528,261.571,41.959
4.197,2.43,9.878,9.878,104.77,71312.346,6616.8,110.213,-16.815,46.699,-6.554,261.582,41.925
4.197,2.43,9.892,9.892,104.695,71429.438,6610.517,110.166,-16.773,46.696,-6.568,261.439,41.889
4.197,2.43,9.901,9.901,104.635,71592.557,6601.792,110.104,-16.762,46.671,-6.569,261.149,41.851
4.197,2.43,9.912,9.912,104.571,71738.082,6594.034,110.049,-16.739,46.655,-6.574,260.921,41.814
4.197,2.43,9.923,9.923,104.507,71883.562,6586.303,109.994,-16.716,46.639,-6.58,260.695,41.777
4.197,2.43,9.934,9.934,104.444,72030.052,6578.544,109.94,-16.694,46.623,-6.585,260.469,41.741
4.197,2.43,9.945,9.945,104.38,72172.457,6571.024,109.887,-16.67,46.609,-6.592,260.258,41.704
4.197,2.43,9.956,9.956,104.317,72314.075,6563.57,109.835,-16.644,46.595,-6.599,260.051,41.668
4.197,2.43,9.966,9.966,104.257,72468.138,6555.486,109.78,-16.627,46.576,-6.602,259.807,41.631
4.197,2.43,9.98,9.98,104.186,72581.763,6549.542,109.737,-16.584,46.577,-6.617,259.691,41.596
4.197,2.43,9.996,9.996,104.1,72653.648,6545.789,109.705,-16.512,46.597,-6.644,259.696,41.563
4.197,2.43,10.008,10.008,104.034,72792.123,6538.576,109.651,-16.485,46.583,-6.651,259.483,41.527
4.197,2.43,10.018,10.018,103.974,72951.565,6530.297,109.592,-16.473,46.56,-6.653,259.209,41.49
4.197,2.43,10.029,10.029,103.911,73095.099,6522.868,109.538,-16.449,46.545,-6.659,258.991,41.454
4.197,2.43,10.04,10.04,103.849,73240.751,6515.354,109.485,-16.427,46.529,-6.665,258.769,41.418
4.197,2.43,10.051,10.051,103.786,73385.133,6507.928,109.433,-16.404,46.514,-6.671,258.554,41.382
4.197,2.43,10.062,10.062,103.724,73528.547,6500.575,109.381,-16.38,46.5,-6.678,258.346,41.346
4.197,2.43,10.073,10.073,103.662,73670.874,6493.3,109.331,-16.356,46.487,-6.685,258.143,41.311
4.197,2.43,10.084,10.084,103.6,73809.469,6486.237,109.281,-16.328,46.476,-6.693,257.954,41.276
4.197,2.43,10.094,10.094,103.54,73959.487,6478.616,109.229,-16.309,46.46,-6.698,257.732,41.24
4.197,2.43,10.105,10.105,103.478,74096.14,6471.695,109.182,-16.28,46.451,-6.706,257.554,41.205
4.197,2.43,10.122,10.122,103.397,74171.4,6467.891,109.152,-16.212,46.47,-6.733,257.559,41.173
4.197,2.43,10.136,10.136,103.322,74276.048,6462.613,109.111,-16.162,46.474,-6.751,257.463,41.139
4.197,2.43,10.146,10.146,103.264,74438.638,6454.436,109.053,-16.151,46.451,-6.752,257.191,41.103
4.197,2.43,10.156,10.156,103.203,74586.727,6447.012,109.0,-16.129,46.435,-6.758,256.97,41.068
4.197,2.43,10.167,10.167,103.142,74731.406,6439.782,108.949,-16.106,46.422,-6.765,256.764,41.033
4.197,2.43,10.178,10.178,103.081,74877.798,6432.489,108.898,-16.083,46.408,-6.771,256.556,40.997
4.197,2.43,10.189,10.189,103.02,75022.341,6425.31,108.849,-16.058,46.395,-6.778,256.357,40.963
4.197,2.43,10.2,10.2,102.96,75167.173,6418.138,108.8,-16.034,46.383,-6.785,256.161,40.928
4.197,2.43,10.211,10.211,102.898,75308.697,6411.151,108.752,-16.008,46.372,-6.794,255.976,40.893
4.197,2.43,10.221,10.221,102.838,75452.212,6404.087,108.704,-15.982,46.361,-6.802,255.788,40.859
4.197,2.43,10.231,10.231,102.781,75606.975,6396.493,108.654,-15.964,46.345,-6.806,255.568,40.824
4.197,2.43,10.245,10.245,102.712,75715.839,6391.166,108.617,-15.916,46.35,-6.824,255.486,40.791
4.197,2.43,10.261,10.261,102.631,75789.559,6387.566,108.589,-15.847,46.371,-6.852,255.499,40.76
4.197,2.43,10.273,10.273,102.568,75932.434,6380.604,108.538,-15.821,46.359,-6.86,255.3,40.725
4.197,2.43,10.282,10.282,102.511,76094.816,6372.716,108.482,-15.807,46.338,-6.863,255.047,40.69
4.197,2.43,10.293,10.293,102.45,76241.414,6365.618,108.433,-15.784,46.324,-6.87,254.845,40.655
4.197,2.43,10.304,10.304,102.39,76390.41,6358.425,108.383,-15.761,46.311,-6.877,254.639,40.621
4.197,2.43,10.314,10.314,102.331,76538.576,6351.295,108.333,-15.738,46.297,-6.883,254.438,40.587
4.197,2.43,10.325,10.325,102.272,76685.799,6344.232,108.285,-15.715,46.285,-6.891,254.242,40.552
4.197,2.43,10.336,10.336,102.212,76832.426,6337.218,108.237,-15.691,46.273,-6.898,254.049,40.518
4.197,2.43,10.347,10.347,102.152,76974.966,6330.421,108.191,-15.665,46.263,-6.907,253.87,40.485
4.197,2.43,10.357,10.357,102.095,77127.651,6323.161,108.141,-15.645,46.248,-6.912,253.662,40.45
4.197,2.43,10.368,10.368,102.037,77274.199,6316.215,108.095,-15.621,46.237,-6.92,253.475,40.417
4.197,2.43,10.383,10.383,101.961,77357.531,6312.274,108.066,-15.558,46.254,-6.946,253.467,40.386
4.197,2.43,10.398,10.398,101.888,77453.78,6307.731,108.031,-15.503,46.264,-6.968,253.41,40.355
4.197,2.43,10.408,10.408,101.831,77618.152,6299.992,107.975,-15.491,46.242,-6.97,253.153,40.32
4.197,2.43,10.418,10.418,101.773,77773.514,6292.702,107.923,-15.473,46.225,-6.975,252.927,40.286
4.197,2.43,10.429,10.429,101.714,77921.401,6285.784,107.874,-15.45,46.212,-6.982,252.726,40.252
4.197,2.43,10.439,10.439,101.656,78071.731,6278.772,107.825,-15.429,46.198,-6.988,252.52,40.219
4.197,2.43,10.45,10.45,101.598,78219.933,6271.881,107.776,-15.407,46.185,-6.995,252.322,40.185
4.197,2.43,10.46,10.46,101.54,78367.914,6265.021,107.729,-15.384,46.172,-7.002,252.126,40.152
4.197,2.43,10.471,10.471,101.482,78513.566,6258.288,107.682,-15.361,46.161,-7.01,251.938,40.119
4.197,2.43,10.482,10.482,101.424,78657.006,6251.677,107.636,-15.336,46.15,-7.019,251.758,40.086
4.197,2.43,10.492,10.492,101.369,78813.668,6244.479,107.587,-15.319,46.134,-7.023,251.543,40.053
4.197,2.43,10.503,10.503,101.309,78946.757,6238.381,107.545,-15.287,46.129,-7.035,251.395,40.02
4.197,2.43,10.52,10.52,101.233,79020.731,6234.999,107.519,-15.221,46.149,-7.064,251.409,39.991
4.197,2.43,10.533,10.533,101.165,79133.853,6229.836,107.48,-15.178,46.151,-7.081,251.302,39.96
4.197,2.43,10.542,10.542,101.111,79301.232,6222.219,107.425,-15.168,46.128,-7.082,251.042,39.926
4.197,2.43,10.553,10.553,101.054,79452.945,6215.336,107.375,-15.148,46.114,-7.088,250.831,39.893
4.197,2.43,10.564,10.564,100.996,79600.859,6208.646,107.327,-15.126,46.101,-7.096,250.634,39.86
4.197,2.43,10.574,10.574,100.94,79750.589,6201.894,107.28,-15.105,46.087,-7.102,250.435,39.827
4.197,2.43,10.585,10.585,100.883,79898.157,6195.258,107.233,-15.083,46.075,-7.11,250.244,39.795
4.197,2.43,10.595,10.595,100.826,80045.699,6188.644,107.187,-15.061,46.063,-7.117,250.055,39.763
4.197,2.43,10.606,10.606,100.77,80190.674,6182.163,107.142,-15.037,46.053,-7.125,249.875,39.73
4.197,2.43,10.617,10.617,100.713,80333.895,6175.778,107.098,-15.012,46.043,-7.134,249.701,39.698
4.197,2.43,10.626,10.626,100.659,80490.371,6168.823,107.05,-14.995,46.028,-7.139,249.492,39.666
4.197,2.43,10.638,10.638,100.601,80624.336,6162.886,107.01,-14.965,46.023,-7.151,249.348,39.635
4.197,2.43,10.654,10.654,100.527,80699.019,6159.583,106.985,-14.9,46.043,-7.18,249.361,39.606
4.197,2.43,10.668,10.668,100.46,80807.39,6154.798,106.949,-14.855,46.047,-7.2,249.272,39.576
4.197,2.43,10.677,10.677,100.407,80974.252,6147.451,106.895,-14.844,46.026,-7.201,249.022,39.543
4.197,2.43,10.687,10.687,100.352,81127.73,6140.714,106.847,-14.825,46.011,-7.207,248.814,39.511
4.197,2.43,10.698,10.698,100.295,81275.443,6134.249,106.801,-14.803,45.999,-7.215,248.626,39.479
4.197,2.43,10.708,10.708,100.24,81425.611,6127.696,106.755,-14.782,45.986,-7.222,248.433,39.447
4.197,2.43,10.719,10.719,100.185,81573.789,6121.248,106.71,-14.76,45.975,-7.23,248.248,39.415
4.197,2.43,10.729,10.729,100.13,81721.751,6114.828,106.665,-14.738,45.964,-7.238,248.066,39.384
4.197,2.43,10.74,10.74,100.074,81868.201,6108.492,106.621,-14.714,45.954,-7.246,247.89,39.353
4.197,2.43,10.751,10.751,100.019,82011.209,6102.322,106.579,-14.689,45.945,-7.256,247.725,39.322
4.197,2.43,10.761,10.761,99.966,82165.628,6095.679,106.534,-14.67,45.932,-7.262,247.53,39.29
4.197,2.43,10.771,10.771,99.912,82312.331,6089.385,106.491,-14.647,45.922,-7.27,247.36,39.259
4.197,2.43,10.786,10.786,99.843,82397.791,6085.728,106.466,-14.589,45.938,-7.298,247.35,39.231
4.197,2.43,10.801,10.801,99.773,82487.386,6081.899,106.437,-14.534,45.952,-7.324,247.321,39.202
4.197,2.43,10.811,10.811,99.72,82648.027,6075.051,106.387,-14.518,45.935,-7.328,247.098,39.17
4.197,2.43,10.821,10.821,99.666,82808.947,6068.213,106.338,-14.503,45.918,-7.332,246.879,39.139
4.197,2.43,10.832,10.832,99.611,82957.469,6061.919,106.294,-14.48,45.907,-7.341,246.698,39.108
4.197,2.43,10.842,10.842,99.557,83108.888,6055.522,106.249,-14.46,45.895,-7.348,246.511,39.076
4.197,2.43,10.852,10.852,99.503,83259.613,6049.172,106.205,-14.438,45.883,-7.356,246.33,39.045
4.197,2.43,10.863,10.863,99.449,83408.546,6042.915,106.162,-14.416,45.873,-7.364,246.155,39.015
4.197,2.43,10.873,10.873,99.395,83557.061,6036.693,106.12,-14.393,45.863,-7.373,245.983,38.984
4.197,2.43,10.883,10.883,99.342,83706.146,6030.465,106.077,-14.37,45.854,-7.382,245.812,38.953
4.197,2.43,10.894,10.894,99.288,83853.251,6024.337,106.036,-14.346,45.845,-7.391,245.648,38.923
4.197,2.43,10.905,10.905,99.234,83997.715,6018.335,105.996,-14.321,45.837,-7.401,245.492,38.893
4.197,2.43,10.914,10.914,99.183,84154.659,6011.834,105.952,-14.303,45.825,-7.408,245.305,38.862
4.197,2.43,10.925,10.925,99.13,84301.397,6005.772,105.912,-14.278,45.817,-7.418,245.147,38.832
4.197,2.43,10.94,10.94,99.062,84386.296,6002.273,105.889,-14.22,45.834,-7.447,245.148,38.805
4.197,2.43,10.955,10.955,98.995,84478.597,5998.474,105.862,-14.166,45.848,-7.473,245.12,38.777
4.197,2.43,10.965,10.965,98.943,84642.366,5991.751,105.813,-14.15,45.831,-7.478,244.904,38.746
4.197,2.43,10.974,10.974,98.891,84805.774,5985.063,105.766,-14.135,45.815,-7.483,244.693,38.715
4.197,2.43,10.985,10.985,98.837,84956.854,5978.898,105.723,-14.113,45.805,-7.491,244.518,38.685
4.197,2.43,10.995,10.995,98.784,85110.966,5972.627,105.679,-14.092,45.794,-7.499,244.337,38.654
4.197,2.43,11.005,11.005,98.732,85264.459,5966.399,105.637,-14.071,45.783,-7.507,244.159,38.624
4.197,2.43,11.015,11.015,98.679,85416.148,5960.261,105.595,-14.049,45.773,-7.516,243.989,38.594
4.197,2.43,11.026,11.026,98.627,85567.385,5954.159,105.553,-14.027,45.763,-7.525,243.82,38.564
4.197,2.43,11.036,11.036,98.575,85719.169,5948.051,105.512,-14.005,45.753,-7.534,243.652,38.534
4.197,2.43,11.046,11.046,98.522,85869.035,5942.038,105.472,-13.982,45.745,-7.543,243.49,38.504
4.197,2.43,11.057,11.057,98.47,86015.858,5936.163,105.432,-13.958,45.737,-7.554,243.336,38.475
4.197,2.43,11.066,11.066,98.42,86174.715,5929.824,105.39,-13.94,45.725,-7.56,243.152,38.445
4.197,2.43,11.076,11.076,98.368,86325.989,5923.805,105.35,-13.918,45.716,-7.57,242.99,38.415
4.197,2.43,11.091,11.091,98.304,86415.261,5920.261,105.327,-13.862,45.732,-7.598,242.981,38.389
4.197,2.43,11.107,11.107,98.237,86504.37,5916.729,105.301,-13.807,45.747,-7.627,242.964,38.362
4.197,2.43,11.116,11.116,98.186,86666.783,5910.306,105.255,-13.791,45.732,-7.632,242.757,38.332
4.197,2.43,11.126,11.126,98.136,86834.044,5903.711,105.208,-13.778,45.715,-7.636,242.542,38.302
4.197,2.43,11.136,11.136,98.083,86986.759,5897.707,105.165,-13.757,45.704,-7.645,242.366,38.272
4.197,2.43,11.146,11.146,98.032,87141.931,5891.624,105.122,-13.737,45.693,-7.653,242.186,38.243
4.197,2.43,11.156,11.156,97.981,87296.819,5885.569,105.08,-13.717,45.682,-7.66,242.008,38.213
4.197,2.43,11.166,11.166,97.93,87449.553,5879.614,105.039,-13.696,45.671,-7.669,241.837,38.184
4.197,2.43,11.177,11.177,97.878,87601.417,5873.71,104.998,-13.675,45.661,-7.678,241.668,38.155
4.197,2.43,11.187,11.187,97.828,87753.538,5867.812,104.958,-13.654,45.652,-7.687,241.501,38.126
4.197,2.43,11.197,11.197,97.777,87904.429,5861.977,104.918,-13.633,45.642,-7.696,241.337,38.097
4.197,2.43,11.207,11.207,97.726,88051.087,5856.322,104.879,-13.609,45.635,-7.707,241.185,38.069
4.197,2.43,11.217,11.217,97.676,88205.472,5850.384,104.839,-13.59,45.625,-7.715,241.014,38.04
4.197,2.43,11.227,11.227,97.628,88365.112,5844.262,104.797,-13.573,45.612,-7.721,240.833,38.011
4.197,2.43,11.24,11.24,97.57,88473.342,5840.121,104.77,-13.529,45.62,-7.744,240.777,37.984
4.197,2.43,11.256,11.256,97.504,88548.446,5837.252,104.75,-13.468,45.641,-7.778,240.795,37.959
4.197,2.43,11.268,11.268,97.449,88687.751,5831.941,104.711,-13.441,45.635,-7.79,240.649,37.931
4.197,2.43,11.276,11.276,97.401,88860.833,5825.361,104.664,-13.431,45.616,-7.793,240.422,37.901
4.197,2.43,11.287,11.287,97.351,89015.763,5819.488,104.622,-13.412,45.605,-7.801,240.245,37.873
4.197,2.43,11.297,11.297,97.3,89168.658,5813.708,104.581,-13.391,45.595,-7.81,240.074,37.844
4.197,2.43,11.307,11.307,97.251,89323.564,5807.868,104.54,-13.372,45.584,-7.818,239.901,37.816
4.197,2.43,11.317,11.317,97.201,89476.466,5802.119,104.5,-13.352,45.574,-7.827,239.735,37.787
4.197,2.43,11.327,11.327,97.152,89628.293,5796.426,104.461,-13.331,45.565,-7.836,239.573,37.759
4.197,2.43,11.337,11.337,97.102,89779.672,5790.764,104.423,-13.31,45.556,-7.846,239.414,37.731
4.197,2.43,11.347,11.347,97.053,89930.23,5785.149,104.384,-13.288,45.548,-7.856,239.259,37.703
4.197,2.43,11.357,11.357,97.004,90080.95,5779.542,104.347,-13.266,45.54,-7.866,239.105,37.675
4.197,2.43,11.368,11.368,96.955,90231.681,5773.949,104.309,-13.244,45.532,-7.876,238.952,37.648
4.197,2.43,11.378,11.378,96.905,90378.603,5768.513,104.273,-13.221,45.526,-7.887,238.81,37.62
4.197,2.43,11.388,11.388,96.857,90528.381,5762.984,104.236,-13.198,45.519,-7.898,238.662,37.592
4.197,2.43,11.397,11.397,96.811,90691.226,5756.99,104.196,-13.182,45.507,-7.904,238.485,37.564
4.197,2.43,11.409,11.409,96.759,90823.554,5752.132,104.165,-13.151,45.507,-7.921,238.382,37.538
4.197,2.43,11.425,11.425,96.696,90899.65,5749.343,104.148,-13.091,45.528,-7.956,238.408,37.514
4.197,2.43,11.438,11.438,96.637,91008.068,5745.376,104.12,-13.047,45.537,-7.98,238.351,37.488
4.197,2.43,11.447,11.447,96.59,91180.005,5739.1,104.075,-13.036,45.52,-7.984,238.142,37.459
4.197,2.43,11.457,11.457,96.542,91344.113,5733.127,104.033,-13.02,45.507,-7.99,237.956,37.431
4.197,2.43,11.467,11.467,96.493,91497.798,5727.549,103.995,-12.999,45.498,-8.0,237.797,37.403
4.197,2.43,11.477,11.477,96.445,91654.677,5721.871,103.956,-12.979,45.488,-8.01,237.633,37.376
4.197,2.43,11.487,11.487,96.396,91811.036,5716.226,103.917,-12.959,45.479,-8.019,237.472,37.348
4.197,2.43,11.497,11.497,96.348,91965.733,5710.656,103.88,-12.938,45.471,-8.029,237.317,37.321
4.197,2.43,11.507,11.507,96.3,92120.107,5705.113,103.843,-12.917,45.463,-8.039,237.163,37.293
4.197,2.43,11.517,11.517,96.252,92273.904,5699.605,103.806,-12.896,45.455,-8.049,237.013,37.266
4.197,2.43,11.527,11.527,96.205,92427.296,5694.126,103.769,-12.875,45.447,-8.06,236.864,37.239
4.197,2.43,11.537,11.537,96.157,92581.398,5688.636,103.733,-12.854,45.44,-8.07,236.715,37.212
4.197,2.43,11.547,11.547,96.11,92733.679,5683.225,103.697,-12.832,45.433,-8.081,236.571,37.185
4.197,2.43,11.557,11.557,96.062,92882.906,5677.936,103.663,-12.808,45.427,-8.094,236.434,37.158
4.197,2.43,11.566,11.566,96.016,93043.155,5672.271,103.625,-12.79,45.417,-8.102,236.273,37.131
4.197,2.43,11.576,11.576,95.97,93202.844,5666.642,103.588,-12.772,45.408,-8.111,236.114,37.104
4.197,2.43,11.589,11.589,95.914,93306.269,5663.004,103.566,-12.726,45.42,-8.138,236.084,37.08
4.197,2.43,11.605,11.605,95.852,93384.936,5660.241,103.548,-12.668,45.44,-8.174,236.103,37.056
4.197,2.43,11.616,11.616,95.801,93531.996,5655.086,103.512,-12.643,45.434,-8.187,235.96,37.03
4.197,2.43,11.625,11.625,95.756,93709.531,5648.88,103.467,-12.634,45.417,-8.19,235.748,37.002
4.197,2.43,11.635,11.635,95.709,93868.599,5643.335,103.428,-12.615,45.407,-8.199,235.581,36.975
4.197,2.43,11.644,11.644,95.662,94025.598,5637.877,103.39,-12.596,45.397,-8.208,235.421,36.948
4.197,2.43,11.654,11.654,95.615,94184.809,5632.356,103.352,-12.577,45.387,-8.217,235.257,36.921
4.197,2.43,11.664,11.664,95.568,94342.032,5626.919,103.314,-12.558,45.378,-8.227,235.099,36.894
4.197,2.43,11.674,11.674,95.522,94497.976,5621.541,103.278,-12.538,45.37,-8.237,234.944,36.868
4.197,2.43,11.684,11.684,95.475,94653.397,5616.194,103.241,-12.519,45.361,-8.247,234.792,36.841
4.197,2.43,11.694,11.694,95.429,94807.853,5610.894,103.205,-12.498,45.353,-8.258,234.642,36.815
4.197,2.43,11.704,11.704,95.383,94962.073,5605.616,103.17,-12.478,45.346,-8.268,234.494,36.789
4.197,2.43,11.713,11.713,95.337,95116.556,5600.342,103.134,-12.458,45.338,-8.279,234.346,36.763
4.197,2.43,11.723,11.723,95.291,95267.725,5595.195,103.1,-12.436,45.332,-8.29,234.206,36.737
4.197,2.43,11.734,11.734,95.245,95418.036,5590.089,103.066,-12.414,45.326,-8.302,234.069,36.711
4.197,2.43,11.743,11.743,95.201,95581.642,5584.547,103.028,-12.399,45.315,-8.31,233.902,36.685
4.197,2.43,11.753,11.753,95.156,95733.873,5579.403,102.994,-12.378,45.308,-8.321,233.763,36.659
4.197,2.43,11.767,11.767,95.1,95826.283,5576.287,102.976,-12.328,45.324,-8.353,233.755,36.636
4.197,2.43,11.782,11.782,95.041,95909.885,5573.472,102.958,-12.275,45.341,-8.388,233.759,36.613
4.197,2.43,11.793,11.793,94.993,96064.705,5568.269,102.92,-12.255,45.333,-8.398,233.6,36.587
4.197,2.43,11.801,11.801,94.95,96240.536,5562.376,102.877,-12.245,45.316,-8.402,233.397,36.56
4.197,2.43,11.811,11.811,94.904,96398.135,5557.108,102.84,-12.226,45.307,-8.411,233.238,36.534
4.197,2.43,11.821,11.821,94.858,96554.421,5551.898,102.804,-12.207,45.298,-8.422,233.084,36.509
4.197,2.43,11.831,11.831,94.813,96712.826,5546.631,102.767,-12.189,45.289,-8.431,232.928,36.483
4.197,2.43,11.84,11.84,94.768,96869.36,5541.439,102.732,-12.17,45.281,-8.441,232.777,36.457
4.197,2.43,11.85,11.85,94.723,97024.58,5536.304,102.697,-12.15,45.273,-8.452,232.631,36.432
4.197,2.43,11.86,11.86,94.678,97179.427,5531.194,102.663,-12.13,45.266,-8.463,232.487,36.406
4.197,2.43,11.87,11.87,94.633,97333.835,5526.112,102.629,-12.11,45.259,-8.474,232.345,36.381
4.197,2.43,11.88,11.88,94.589,97487.659,5521.061,102.595,-12.09,45.253,-8.486,232.206,36.356
4.197,2.43,11.89,11.89,94.544,97640.888,5516.042,102.562,-12.069,45.246,-8.498,232.07,36.33
4.197,2.43,11.9,11.9,94.5,97794.399,5511.027,102.529,-12.048,45.24,-8.51,231.934,36.305
4.197,2.43,11.909,11.909,94.456,97948.392,5506.008,102.496,-12.028,45.234,-8.522,231.798,36.28
4.197,2.43,11.919,11.919,94.412,98099.356,5501.1,102.464,-12.006,45.229,-8.535,231.67,36.255
4.197,2.43,11.929,11.929,94.367,98249.708,5496.224,102.432,-11.983,45.225,-8.548,231.545,36.231
4.197,2.43,11.939,11.939,94.325,98413.313,5490.931,102.398,-11.967,45.215,-8.557,231.391,36.205
4.197,2.43,11.948,11.948,94.282,98569.04,5485.906,102.365,-11.947,45.209,-8.568,231.257,36.18
4.197,2.43,11.962,11.962,94.228,98667.21,5482.745,102.348,-11.9,45.224,-8.6,231.245,36.158
4.197,2.43,11.978,11.978,94.171,98747.196,5480.173,102.333,-11.845,45.244,-8.639,231.266,36.137
4.197,2.43,11.988,11.988,94.124,98895.246,5475.421,102.3,-11.821,45.239,-8.654,231.136,36.112
4.197,2.43,11.997,11.997,94.082,99075.057,5469.665,102.259,-11.812,45.224,-8.658,230.94,36.086
4.197,2.43,12.006,12.006,94.038,99236.849,5464.499,102.223,-11.794,45.215,-8.668,230.786,36.061
4.197,2.43,12.016,12.016,93.993,99394.984,5459.464,102.189,-11.774,45.207,-8.679,230.642,36.036
4.197,2.43,12.025,12.025,93.95,99556.117,5454.345,102.154,-11.756,45.199,-8.689,230.493,36.011
4.197,2.43,12.035,12.035,93.906,99715.945,5449.281,102.12,-11.738,45.191,-8.7,230.348,35.986
4.197,2.43,12.045,12.045,93.863,99874.282,5444.277,102.087,-11.718,45.184,-8.712,230.208,35.961
4.197,2.43,12.054,12.054,93.82,100032.274,5439.297,102.054,-11.699,45.177,-8.724,230.07,35.936
4.197,2.43,12.064,12.064,93.777,100189.937,5434.339,102.021,-11.679,45.171,-8.735,229.933,35.912
4.197,2.43,12.074,12.074,93.733,100347.091,5429.409,101.989,-11.659,45.165,-8.748,229.798,35.887
4.197,2.43,12.083,12.083,93.69,100503.614,5424.511,101.957,-11.639,45.159,-8.76,229.665,35.863
4.197,2.43,12.093,12.093,93.648,100660.123,5419.626,101.925,-11.619,45.153,-8.772,229.533,35.839
4.197,2.43,12.103,12.103,93.605,100817.371,5414.729,101.893,-11.599,45.147,-8.785,229.4,35.814
4.197,2.43,12.113,12.113,93.562,100972.561,5409.909,101.861,-11.579,45.141,-8.797,229.272,35.79
4.197,2.43,12.122,12.122,93.519,101124.701,5405.194,101.831,-11.557,45.137,-8.812,229.15,35.766
4.197,2.43,12.132,12.132,93.477,101286.771,5400.185,101.798,-11.539,45.13,-8.822,229.008,35.742
4.197,2.43,12.141,12.141,93.437,101453.547,5395.043,101.764,-11.524,45.12,-8.831,228.857,35.718
4.197,2.43,12.153,12.153,93.389,101573.097,5391.365,101.743,-11.487,45.128,-8.857,228.804,35.695
4.197,2.43,12.169,12.169,93.333,101649.218,5389.027,101.731,-11.432,45.15,-8.899,228.835,35.675
4.197,2.43,12.181,12.181,93.283,101773.28,5385.222,101.705,-11.397,45.154,-8.924,228.761,35.652
4.197,2.43,12.189,12.189,93.243,101954.015,5379.692,101.665,-11.388,45.138,-8.928,228.568,35.627
4.197,2.43,12.198,12.198,93.201,102124.123,5374.501,101.628,-11.374,45.127,-8.935,228.401,35.602
4.197,2.43,12.208,12.208,93.158,102283.156,5369.661,101.595,-11.355,45.12,-8.947,228.258,35.578
4.197,2.43,12.218,12.218,93.116,102444.965,5364.748,101.561,-11.338,45.111,-8.958,228.11,35.554
4.197,2.43,12.227,12.227,93.074,102606.757,5359.848,101.527,-11.321,45.103,-8.968,227.964,35.53
4.197,2.43,12.237,12.237,93.032,102766.376,5355.026,101.494,-11.303,45.096,-8.98,227.824,35.506
4.197,2.43,12.246,12.246,92.99,102925.046,5350.245,101.462,-11.284,45.089,-8.991,227.686,35.482
4.197,2.43,12.256,12.256,92.949,103083.246,5345.488,101.43,-11.266,45.082,-9.004,227.55,35.459
4.197,2.43,12.265,12.265,92.907,103240.828,5340.762,101.399,-11.247,45.076,-9.016,227.416,35.435
4.197,2.43,12.275,12.275,92.866,103397.65,5336.071,101.368,-11.228,45.07,-9.028,227.285,35.412
4.197,2.43,12.285,12.285,92.824,103553.808,5331.41,101.337,-11.208,45.064,-9.041,227.156,35.388
4.197,2.43,12.294,12.294,92.783,103710.277,5326.751,101.306,-11.189,45.059,-9.054,227.026,35.365
4.197,2.43,12.304,12.304,92.742,103866.803,5322.101,101.276,-11.17,45.053,-9.067,226.898,35.342
4.197,2.43,12.314,12.314,92.701,104019.861,5317.565,101.247,-11.149,45.049,-9.081,226.776,35.319
4.197,2.43,12.323,12.323,92.66,104172.604,5313.049,101.217,-11.128,45.044,-9.095,226.656,35.296
4.197,2.43,12.332,12.332,92.62,104338.327,5308.161,101.185,-11.113,45.036,-9.105,226.511,35.272
4.197,2.43,12.342,12.342,92.581,104498.103,5303.46,101.154,-11.096,45.029,-9.117,226.379,35.249
4.197,2.43,12.355,12.355,92.532,104603.519,5300.364,101.137,-11.054,45.041,-9.149,226.355,35.228
4.197,2.43,12.37,12.37,92.479,104680.474,5298.108,101.126,-11.001,45.062,-9.193,226.383,35.209
4.197,2.43,12.382,12.382,92.432,104815.764,5294.147,101.098,-10.972,45.063,-9.214,226.288,35.187
4.197,2.43,12.39,12.39,92.394,104997.619,5288.835,101.06,-10.963,45.048,-9.218,226.102,35.162
4.197,2.43,12.399,12.399,92.353,105165.445,5283.946,101.026,-10.949,45.038,-9.227,225.946,35.139
4.197,2.43,12.409,12.409,92.312,105323.985,5279.339,100.994,-10.93,45.032,-9.24,225.812,35.116
4.197,2.43,12.418,12.418,92.271,105485.522,5274.657,100.962,-10.913,45.025,-9.252,225.673,35.093
4.197,2.43,12.427,12.427,92.231,105647.125,5269.983,100.931,-10.896,45.018,-9.263,225.535,35.07
4.197,2.43,12.437,12.437,92.191,105806.736,5265.378,100.9,-10.877,45.011,-9.276,225.403,35.047
4.197,2.43,12.446,12.446,92.151,105965.551,5260.807,100.87,-10.859,45.005,-9.289,225.274,35.024
4.197,2.43,12.456,12.456,92.111,106124.076,5256.256,100.84,-10.84,45.0,-9.302,225.147,35.001
4.197,2.43,12.465,12.465,92.071,106282.134,5251.728,100.81,-10.821,44.995,-9.316,225.022,34.979
4.197,2.43,12.475,12.475,92.031,106439.753,5247.223,100.781,-10.802,44.99,-9.33,224.899,34.956
4.197,2.43,12.485,12.485,91.991,106597.079,5242.738,100.752,-10.783,44.985,-9.344,224.778,34.933
4.197,2.43,12.494,12.494,91.951,106754.237,5238.267,100.724,-10.763,44.98,-9.358,224.657,34.911
4.197,2.43,12.504,12.504,91.912,106911.287,5233.81,100.695,-10.744,44.976,-9.372,224.538,34.889
4.197,2.43,12.513,12.513,91.872,107068.052,5229.371,100.667,-10.724,44.971,-9.387,224.42,34.866
4.197,2.43,12.523,12.523,91.833,107224.576,5224.95,100.639,-10.704,44.967,-9.402,224.303,34.844
4.197,2.43,12.532,12.532,91.793,107381.791,5220.519,100.611,-10.685,44.963,-9.416,224.185,34.822
4.197,2.43,12.542,12.542,91.754,107539.399,5216.087,100.583,-10.666,44.958,-9.431,224.068,34.8
4.197,2.43,12.551,12.551,91.715,107693.946,5211.752,100.555,-10.645,44.955,-9.446,223.956,34.778
4.197,2.43,12.561,12.561,91.675,107847.924,5207.442,100.528,-10.624,44.952,-9.463,223.847,34.756
4.197,2.43,12.57,12.57,91.637,108014.486,5202.79,100.498,-10.608,44.945,-9.474,223.713,34.733
4.197,2.43,12.579,12.579,91.6,108179.502,5198.193,100.469,-10.592,44.939,-9.486,223.584,34.711
4.197,2.43,12.591,12.591,91.555,108294.179,5195.005,100.452,-10.554,44.949,-9.518,223.552,34.691
4.197,2.43,12.607,12.607,91.503,108370.926,5192.875,100.443,-10.501,44.971,-9.565,223.587,34.672
4.197,2.43,12.619,12.619,91.457,108496.238,5189.401,100.42,-10.467,44.977,-9.594,223.524,34.651
4.197,2.43,12.627,12.627,91.419,108679.029,5184.345,100.384,-10.458,44.963,-9.599,223.35,34.628
4.197,2.43,12.636,12.636,91.381,108854.061,5179.516,100.351,-10.445,44.953,-9.607,223.195,34.605
4.197,2.43,12.645,12.645,91.342,109016.075,5175.058,100.321,-10.427,44.947,-9.621,223.066,34.583
4.197,2.43,12.654,12.654,91.303,109180.295,5170.549,100.291,-10.41,44.94,-9.634,222.934,34.561
4.197,2.43,12.664,12.664,91.264,109345.65,5166.02,100.26,-10.393,44.934,-9.647,222.801,34.538
4.197,2.43,12.673,12.673,91.225,109509.044,5161.555,100.231,-10.376,44.928,-9.66,222.673,34.516
4.197,2.43,12.682,12.682,91.187,109671.343,5157.131,100.202,-10.358,44.922,-9.674,222.549,34.495
4.197,2.43,12.691,12.691,91.148,109833.341,5152.725,100.174,-10.34,44.917,-9.688,222.426,34.473
4.197,2.43,12.701,12.701,91.11,109994.889,5148.342,100.145,-10.322,44.912,-9.702,222.304,34.451
4.197,2.43,12.71,12.71,91.072,110155.921,5143.982,100.117,-10.303,44.907,-9.717,222.185,34.429
4.197,2.43,12.719,12.719,91.034,110316.565,5139.644,100.089,-10.285,44.902,-9.732,222.066,34.408
4.197,2.43,12.729,12.729,90.996,110476.937,5135.322,100.062,-10.266,44.898,-9.747,221.949,34.386
4.197,2.43,12.738,12.738,90.958,110637.127,5131.015,100.034,-10.248,44.893,-9.762,221.833,34.364
4.197,2.43,12.747,12.747,90.92,110797.028,5126.726,100.007,-10.229,44.889,-9.777,221.717,34.343
4.197,2.43,12.757,12.757,90.882,110956.482,5122.459,99.98,-10.21,44.885,-9.792,221.603,34.322
4.197,2.43,12.766,12.766,90.844,111116.135,5118.196,99.953,-10.191,44.881,-9.808,221.489,34.3
4.197,2.43,12.775,12.775,90.807,111276.64,5113.92,99.926,-10.173,44.877,-9.823,221.374,34.279
4.197,2.43,12.785,12.785,90.769,111435.49,5109.697,99.9,-10.153,44.873,-9.839,221.262,34.258
4.197,2.43,12.794,12.794,90.731,111590.794,5105.578,99.874,-10.133,44.871,-9.856,221.158,34.237
4.197,2.43,12.804,12.804,90.694,111752.703,5101.294,99.847,-10.115,44.866,-9.871,221.041,34.215
4.197,2.43,12.812,12.812,90.658,111926.688,5096.701,99.817,-10.102,44.858,-9.881,220.902,34.194
4.197,2.43,12.822,12.822,90.62,112073.185,5092.842,99.794,-10.078,44.858,-9.902,220.815,34.173
4.197,2.43,12.837,12.837,90.572,112161.117,5090.53,99.784,-10.03,44.877,-9.948,220.834,34.155
4.197,2.43,12.851,12.851,90.523,112251.365,5088.159,99.772,-9.983,44.894,-9.994,220.842,34.136
4.197,2.43,12.861,12.861,90.484,112412.981,5083.922,99.743,-9.965,44.889,-10.009,220.716,34.115
4.197,2.43,12.869,12.869,90.448,112600.47,5079.019,99.708,-9.957,44.875,-10.014,220.543,34.093
4.197,2.43,12.878,12.878,90.411,112769.508,5074.609,99.677,-9.942,44.868,-10.026,220.407,34.071
4.197,2.43,12.887,12.887,90.373,112933.092,5070.351,99.649,-9.925,44.862,-10.04,220.283,34.05
4.197,2.43,12.896,12.896,90.336,113099.839,5066.021,99.62,-9.909,44.856,-10.054,220.153,34.029
4.197,2.43,12.905,12.905,90.299,113266.025,5061.716,99.591,-9.893,44.849,-10.067,220.026,34.008
4.197,2.43,12.914,12.914,90.262,113430.167,5057.473,99.563,-9.876,44.844,-10.082,219.903,33.987
4.197,2.43,12.923,12.923,90.225,113593.469,5053.262,99.536,-9.859,44.839,-10.096,219.782,33.966
4.197,2.43,12.933,12.933,90.189,113756.35,5049.071,99.509,-9.841,44.834,-10.111,219.663,33.945
4.197,2.43,12.942,12.942,90.152,113918.616,5044.906,99.482,-9.824,44.829,-10.126,219.546,33.924
4.197,2.43,12.951,12.951,90.116,114080.286,5040.765,99.455,-9.806,44.824,-10.142,219.43,33.903
4.197,2.43,12.96,12.96,90.079,114241.505,5036.644,99.428,-9.789,44.82,-10.158,219.315,33.883
4.197,2.43,12.969,12.969,90.043,114402.331,5032.543,99.402,-9.771,44.816,-10.173,219.202,33.862
4.197,2.43,12.979,12.979,90.007,114562.781,5028.461,99.376,-9.753,44.812,-10.189,219.09,33.842
4.197,2.43,12.988,12.988,89.97,114722.936,5024.395,99.35,-9.735,44.808,-10.206,218.978,33.821
4.197,2.43,12.997,12.997,89.934,114882.883,5020.343,99.325,-9.717,44.804,-10.222,218.868,33.801
4.197,2.43,13.006,13.006,89.898,115042.483,5016.309,99.299,-9.699,44.8,-10.238,218.758,33.781
4.197,2.43,13.016,13.016,89.862,115201.603,5012.296,99.274,-9.68,44.797,-10.255,218.649,33.76
4.197,2.43,13.025,13.025,89.826,115360.894,5008.287,99.248,-9.662,44.793,-10.272,218.54,33.74
4.197,2.43,13.034,13.034,89.791,115520.969,5004.267,99.223,-9.644,44.789,-10.288,218.43,33.72
4.197,2.43,13.044,13.044,89.755,115679.551,5000.294,99.198,-9.626,44.786,-10.305,218.323,33.7
4.197,2.43,13.053,13.053,89.719,115834.413,4996.422,99.174,-9.606,44.784,-10.324,218.223,33.68
4.197,2.43,13.062,13.062,89.683,115993.93,4992.442,99.149,-9.588,44.78,-10.341,218.115,33.66
4.197,2.43,13.071,13.071,89.65,116166.817,4988.138,99.121,-9.575,44.773,-10.352,217.984,33.639
4.197,2.43,13.08,13.08,89.614,116323.137,4984.256,99.097,-9.556,44.77,-10.37,217.883,33.619
4.197,2.43,13.093,13.093,89.571,116423.607,4981.764,99.085,-9.515,44.785,-10.413,217.879,33.602
4.197,2.43,13.108,13.108,89.524,116502.943,4979.8,99.077,-9.466,44.806,-10.467,217.908,33.585
4.197,2.43,13.12,13.12,89.483,116639.945,4976.412,99.055,-9.439,44.808,-10.495,217.83,33.565
4.197,2.43,13.127,13.127,89.449,116826.146,4971.818,99.022,-9.431,44.796,-10.5,217.666,33.544
4.197,2.43,13.136,13.136,89.414,117002.283,4967.482,98.992,-9.419,44.787,-10.51,217.523,33.523
4.197,2.43,13.145,13.145,89.378,117165.472,4963.475,98.965,-9.402,44.782,-10.526,217.404,33.503
4.197,2.43,13.154,13.154,89.343,117330.201,4959.439,98.938,-9.386,44.776,-10.541,217.284,33.483
4.197,2.43,13.163,13.163,89.308,117496.525,4955.372,98.911,-9.37,44.77,-10.556,217.162,33.463
4.197,2.43,13.172,13.172,89.273,117661.069,4951.358,98.885,-9.354,44.765,-10.571,217.044,33.443
4.197,2.43,13.181,13.181,89.237,117824.138,4947.389,98.859,-9.337,44.761,-10.587,216.931,33.423
4.197,2.43,13.191,13.191,89.202,117986.762,4943.44,98.834,-9.32,44.757,-10.604,216.818,33.404
4.197,2.43,13.2,13.2,89.168,118149.0,4939.508,98.809,-9.303,44.753,-10.621,216.708,33.384
4.197,2.43,13.209,13.209,89.133,118310.712,4935.597,98.784,-9.286,44.749,-10.638,216.599,33.364
4.197,2.43,13.218,13.218,89.098,118471.992,4931.706,98.759,-9.269,44.745,-10.655,216.492,33.345
4.197,2.43,13.227,13.227,89.064,118632.975,4927.829,98.735,-9.251,44.742,-10.673,216.386,33.325
4.197,2.43,13.236,13.236,89.029,118793.727,4923.967,98.711,-9.233,44.739,-10.691,216.281,33.306
4.197,2.43,13.245,13.245,88.995,118954.289,4920.117,98.687,-9.215,44.736,-10.709,216.177,33.286
4.197,2.43,13.255,13.255,88.96,119114.697,4916.28,98.663,-9.197,44.733,-10.727,216.074,33.267
4.197,2.43,13.264,13.264,88.926,119274.991,4912.453,98.639,-9.179,44.73,-10.746,215.972,33.247
4.197,2.43,13.273,13.273,88.891,119435.254,4908.635,98.616,-9.161,44.727,-10.764,215.871,33.228
4.197,2.43,13.282,13.282,88.857,119595.561,4904.824,98.592,-9.143,44.724,-10.783,215.77,33.209
4.197,2.43,13.291,13.291,88.823,119755.779,4901.023,98.569,-9.125,44.722,-10.802,215.67,33.189
4.197,2.43,13.3,13.3,88.789,119915.762,4897.236,98.546,-9.107,44.719,-10.821,215.571,33.17
4.197,2.43,13.309,13.309,88.755,120076.066,4893.449,98.523,-9.089,44.717,-10.84,215.471,33.151
4.197,2.43,13.318,13.318,88.721,120237.41,4889.646,98.499,-9.071,44.714,-10.859,215.371,33.132
4.197,2.43,13.328,13.328,88.687,120398.025,4885.868,98.476,-9.053,44.712,-10.878,215.272,33.113
4.197,2.43,13.337,13.337,88.653,120555.079,4882.181,98.454,-9.033,44.71,-10.899,215.18,33.094
4.197,2.43,13.346,13.346,88.619,120714.315,4878.451,98.432,-9.015,44.708,-10.919,215.084,33.075
4.197,2.43,13.354,13.354,88.587,120887.004,4874.414,98.406,-9.001,44.703,-10.933,214.965,33.055
4.197,2.43,13.363,13.363,88.554,121055.115,4870.493,98.382,-8.986,44.698,-10.949,214.856,33.036
4.197,2.43,13.375,13.375,88.515,121175.234,4867.697,98.368,-8.952,44.708,-10.988,214.827,33.019
4.197,2.43,13.39,13.39,88.47,121253.872,4865.869,98.363,-8.903,44.73,-11.048,214.864,33.003
4.197,2.43,13.403,13.403,88.428,121367.013,4863.242,98.349,-8.867,44.741,-11.092,214.838,32.985
4.197,2.43,13.411,13.411,88.395,121546.73,4859.077,98.319,-8.855,44.732,-11.103,214.699,32.966
4.197,2.43,13.419,13.419,88.362,121734.372,4854.738,98.289,-8.847,44.721,-11.11,214.549,32.945
4.197,2.43,13.428,13.428,88.329,121903.928,4850.827,98.263,-8.831,44.716,-11.127,214.431,32.926
4.197,2.43,13.437,13.437,88.294,122070.506,4846.993,98.238,-8.815,44.711,-11.144,214.32,32.907
4.197,2.43,13.445,13.445,88.261,122240.181,4843.096,98.212,-8.8,44.706,-11.161,214.203,32.888
4.197,2.43,13.454,13.454,88.228,122409.253,4839.222,98.187,-8.785,44.701,-11.177,214.089,32.869
4.197,2.43,13.463,13.463,88.194,122576.356,4835.401,98.163,-8.769,44.697,-11.195,213.979,32.85
4.197,2.43,13.472,13.472,88.161,122742.606,4831.607,98.139,-8.753,44.693,-11.213,213.871,32.831
4.197,2.43,13.481,13.481,88.128,122908.515,4827.83,98.115,-8.736,44.689,-11.231,213.764,32.812
4.197,2.43,13.49,13.49,88.095,123073.907,4824.072,98.091,-8.72,44.686,-11.249,213.659,32.793
4.197,2.43,13.499,13.499,88.062,123238.735,4820.335,98.068,-8.703,44.682,-11.268,213.555,32.774
4.197,2.43,13.508,13.508,88.029,123403.123,4816.616,98.044,-8.686,44.679,-11.287,213.452,32.756
4.197,2.43,13.517,13.517,87.996,123567.158,4812.912,98.021,-8.67,44.676,-11.306,213.35,32.737
4.197,2.43,13.526,13.526,87.963,123730.868,4809.224,97.998,-8.653,44.673,-11.326,213.248,32.719
4.197,2.43,13.535,13.535,87.93,123894.278,4805.55,97.976,-8.636,44.67,-11.345,213.148,32.7
4.197,2.43,13.544,13.544,87.897,124057.419,4801.89,97.953,-8.619,44.667,-11.365,213.048,32.682
4.197,2.43,13.553,13.553,87.865,124220.321,4798.242,97.93,-8.602,44.664,-11.385,212.948,32.663
4.197,2.43,13.562,13.562,87.832,124383.007,4794.607,97.908,-8.585,44.662,-11.405,212.85,32.645
4.197,2.43,13.57,13.57,87.8,124545.495,4790.984,97.886,-8.568,44.659,-11.425,212.751,32.627
4.197,2.43,13.579,13.579,87.767,124707.788,4787.373,97.863,-8.551,44.656,-11.445,212.653,32.608
4.197,2.43,13.588,13.588,87.735,124869.899,4783.773,97.841,-8.533,44.654,-11.466,212.556,32.59
4.197,2.43,13.597,13.597,87.703,125031.891,4780.183,97.819,-8.516,44.651,-11.486,212.459,32.572
4.197,2.43,13.606,13.606,87.67,125193.811,4776.602,97.797,-8.499,44.649,-11.507,212.362,32.554
4.197,2.43,13.615,13.615,87.638,125355.514,4773.033,97.776,-8.482,44.647,-11.527,212.266,32.536
4.197,2.43,13.624,13.624,87.606,125516.845,4769.48,97.754,-8.465,44.645,-11.548,212.171,32.517
4.197,2.43,13.633,13.633,87.574,125678.301,4765.931,97.732,-8.448,44.642,-11.569,212.075,32.499
4.197,2.43,13.642,13.642,87.542,125840.624,4762.37,97.71,-8.431,44.64,-11.59,211.979,32.481
4.197,2.43,13.651,13.651,87.51,126002.482,4758.827,97.689,-8.414,44.638,-11.611,211.883,32.463
4.197,2.43,13.66,13.66,87.478,126160.941,4755.365,97.668,-8.395,44.636,-11.634,211.794,32.446
4.197,2.43,13.67,13.67,87.446,126319.205,4751.914,97.647,-8.377,44.635,-11.656,211.704,32.428
4.197,2.43,13.678,13.678,87.415,126488.451,4748.232,97.624,-8.363,44.631,-11.674,211.597,32.41
4.197,2.43,13.686,13.686,87.385,126663.215,4744.437,97.6,-8.35,44.625,-11.688,211.483,32.391
4.197,2.43,13.696,13.696,87.351,126804.452,4741.376,97.583,-8.326,44.629,-11.72,211.422,32.374
4.197,2.43,13.71,13.71,87.31,126891.838,4739.485,97.577,-8.282,44.647,-11.781,211.445,32.359
4.197,2.43,13.725,13.725,87.268,126979.726,4737.586,97.57,-8.239,44.666,-11.843,211.462,32.344
4.197,2.43,13.735,13.735,87.233,127133.431,4734.268,97.548,-8.218,44.665,-11.87,211.371,32.326
4.197,2.43,13.742,13.742,87.203,127325.197,4730.138,97.519,-8.211,44.654,-11.876,211.221,32.307
4.197,2.43,13.75,13.75,87.172,127503.625,4726.304,97.492,-8.2,44.646,-11.89,211.094,32.289
4.197,2.43,13.759,13.759,87.14,127670.013,4722.736,97.469,-8.184,44.643,-11.91,210.988,32.271
4.197,2.43,13.768,13.768,87.108,127837.737,4719.147,97.446,-8.169,44.638,-11.929,210.881,32.253
4.197,2.43,13.777,13.777,87.077,128007.365,4715.525,97.422,-8.154,44.634,-11.947,210.772,32.235
4.197,2.43,13.786,13.786,87.045,128175.531,4711.942,97.399,-8.139,44.63,-11.966,210.666,32.217
4.197,2.43,13.794,13.794,87.014,128341.998,4708.402,97.377,-8.124,44.626,-11.987,210.564,32.199
4.197,2.43,13.803,13.803,86.983,128507.84,4704.883,97.355,-8.108,44.623,-12.007,210.464,32.181
4.197,2.43,13.812,13.812,86.951,128673.37,4701.377,97.333,-8.092,44.62,-12.028,210.365,32.164
4.197,2.43,13.821,13.821,86.92,128838.432,4697.888,97.311,-8.076,44.618,-12.049,210.267,32.146
4.197,2.43,13.83,13.83,86.889,129003.019,4694.417,97.29,-8.06,44.615,-12.071,210.171,32.129
4.197,2.43,13.838,13.838,86.858,129167.267,4690.959,97.269,-8.043,44.613,-12.093,210.076,32.111
4.197,2.43,13.847,13.847,86.827,129331.274,4687.514,97.248,-8.027,44.61,-12.115,209.982,32.094
4.197,2.43,13.856,13.856,86.797,129495.079,4684.08,97.227,-8.01,44.608,-12.138,209.889,32.076
4.197,2.43,13.865,13.865,86.766,129658.717,4680.656,97.206,-7.994,44.606,-12.161,209.797,32.059
4.197,2.43,13.874,13.874,86.735,129822.23,4677.241,97.186,-7.977,44.604,-12.184,209.705,32.042
4.197,2.43,13.883,13.883,86.704,129985.656,4673.835,97.165,-7.96,44.603,-12.207,209.615,32.024
4.197,2.43,13.892,13.892,86.674,130149.023,4670.437,97.145,-7.943,44.601,-12.23,209.524,32.007
4.197,2.43,13.9,13.9,86.643,130312.356,4667.046,97.125,-7.926,44.599,-12.253,209.434,31.99
4.197,2.43,13.909,13.909,86.612,130475.674,4663.663,97.104,-7.91,44.597,-12.277,209.345,31.973
4.197,2.43,13.918,13.918,86.582,130638.995,4660.286,97.084,-7.893,44.596,-12.301,209.255,31.955
4.197,2.43,13.927,13.927,86.552,130802.334,4656.915,97.064,-7.876,44.594,-12.324,209.167,31.938
4.197,2.43,13.936,13.936,86.521,130965.702,4653.551,97.044,-7.859,44.593,-12.348,209.078,31.921
4.197,2.43,13.945,13.945,86.491,131129.11,4650.192,97.024,-7.842,44.591,-12.372,208.99,31.904
4.197,2.43,13.953,13.953,86.461,131292.571,4646.839,97.005,-7.825,44.59,-12.397,208.902,31.887
4.197,2.43,13.962,13.962,86.43,131456.089,4643.491,96.985,-7.808,44.588,-12.421,208.814,31.87
4.197,2.43,13.971,13.971,86.4,131619.657,4640.148,96.965,-7.791,44.587,-12.445,208.726,31.853
4.197,2.43,13.98,13.98,86.37,131783.273,4636.812,96.945,-7.774,44.585,-12.47,208.639,31.836
4.197,2.43,13.989,13.989,86.34,131946.986,4633.48,96.926,-7.758,44.584,-12.494,208.552,31.819
4.197,2.43,13.997,13.997,86.31,132110.838,4630.151,96.906,-7.741,44.583,-12.519,208.465,31.802
4.197,2.43,14.006,14.006,86.28,132274.703,4626.829,96.887,-7.724,44.581,-12.544,208.378,31.785
4.197,2.43,14.015,14.015,86.25,132438.389,4623.517,96.867,-7.707,44.58,-12.569,208.291,31.768
4.197,2.43,14.024,14.024,86.22,132602.199,4620.209,96.848,-7.69,44.579,-12.594,208.205,31.752
4.197,2.43,14.032,14.032,86.19,132766.905,4616.889,96.828,-7.674,44.577,-12.618,208.117,31.735
4.197,2.43,14.041,14.041,86.16,132932.034,4613.567,96.808,-7.657,44.576,-12.643,208.029,31.718
4.197,2.43,14.05,14.05,86.13,133094.807,4610.299,96.789,-7.64,44.575,-12.669,207.945,31.701
4.197,2.43,14.059,14.059,86.1,133254.884,4607.091,96.771,-7.622,44.575,-12.696,207.865,31.685
4.197,2.43,14.068,14.068,86.071,133421.501,4603.759,96.751,-7.606,44.573,-12.72,207.776,31.668
4.197,2.43,14.075,14.075,86.043,133601.201,4600.172,96.729,-7.595,44.567,-12.737,207.667,31.651
4.197,2.43,14.084,14.084,86.014,133766.881,4596.872,96.71,-7.578,44.566,-12.761,207.58,31.634
4.197,2.43,14.096,14.096,85.978,133881.784,4594.587,96.7,-7.545,44.578,-12.817,207.569,31.619
4.197,2.43,14.111,14.111,85.938,133961.7,4593.0,96.697,-7.499,44.599,-12.895,207.606,31.605
4.197,2.43,14.123,14.123,85.901,134076.663,4590.719,96.686,-7.465,44.611,-12.952,207.587,31.59
4.197,2.43,14.131,14.131,85.871,134258.022,4587.127,96.662,-7.453,44.604,-12.969,207.467,31.572
4.197,2.43,14.139,14.139,85.843,134453.05,4583.273,96.635,-7.447,44.594,-12.977,207.329,31.555
4.197,2.43,14.147,14.147,85.814,134629.549,4579.793,96.612,-7.434,44.589,-12.997,207.22,31.538
4.197,2.43,14.156,14.156,85.784,134799.435,4576.45,96.59,-7.418,44.586,-13.02,207.122,31.521
4.197,2.43,14.164,14.164,85.754,134972.289,4573.056,96.569,-7.404,44.582,-13.042,207.02,31.504
4.197,2.43,14.173,14.173,85.725,135145.942,4569.652,96.547,-7.39,44.578,-13.064,206.918,31.487
4.197,2.43,14.181,14.181,85.695,135317.677,4566.293,96.526,-7.376,44.575,-13.086,206.819,31.471
4.197,2.43,14.19,14.19,85.666,135487.946,4562.969,96.505,-7.361,44.572,-13.11,206.724,31.454
4.197,2.43,14.198,14.198,85.637,135657.698,4559.662,96.485,-7.346,44.569,-13.134,206.629,31.437
4.197,2.43,14.207,14.207,85.608,135827.066,4556.369,96.465,-7.331,44.567,-13.158,206.536,31.421
4.197,2.43,14.215,14.215,85.579,135995.892,4553.093,96.445,-7.316,44.564,-13.183,206.444,31.404
4.197,2.43,14.224,14.224,85.55,136164.189,4549.834,96.425,-7.301,44.562,-13.208,206.353,31.388
4.197,2.43,14.232,14.232,85.521,136332.082,4546.588,96.405,-7.285,44.56,-13.233,206.264,31.372
4.197,2.43,14.241,14.241,85.492,136499.653,4543.356,96.386,-7.269,44.558,-13.259,206.175,31.355
4.197,2.43,14.25,14.25,85.463,136666.93,4540.135,96.367,-7.254,44.556,-13.285,206.086,31.339
4.197,2.43,14.258,14.258,85.435,136833.942,4536.925,96.348,-7.238,44.555,-13.311,205.999,31.323
4.197,2.43,14.267,14.267,85.406,137000.725,4533.726,96.328,-7.222,44.553,-13.338,205.912,31.306
4.197,2.43,14.275,14.275,85.377,137167.312,4530.537,96.31,-7.207,44.551,-13.364,205.825,31.29
4.197,2.43,14.284,14.284,85.349,137333.726,4527.357,96.291,-7.191,44.55,-13.391,205.739,31.274
4.197,2.43,14.293,14.293,85.32,137499.988,4524.187,96.272,-7.175,44.549,-13.418,205.654,31.258
4.197,2.43,14.301,14.301,85.292,137666.116,4521.024,96.253,-7.159,44.547,-13.445,205.569,31.242
4.197,2.43,14.31,14.31,85.263,137832.126,4517.871,96.235,-7.143,44.546,-13.472,205.484,31.226
4.197,2.43,14.318,14.318,85.235,137998.031,4514.725,96.216,-7.127,44.544,-13.5,205.399,31.21
4.197,2.43,14.327,14.327,85.206,138163.841,4511.587,96.198,-7.111,44.543,-13.527,205.315,31.194
4.197,2.43,14.336,14.336,85.178,138329.566,4508.456,96.179,-7.095,44.542,-13.555,205.231,31.178
4.197,2.43,14.344,14.344,85.15,138495.215,4505.333,96.161,-7.079,44.541,-13.583,205.148,31.162
4.197,2.43,14.353,14.353,85.122,138660.792,4502.217,96.143,-7.064,44.54,-13.611,205.064,31.146
4.197,2.43,14.362,14.362,85.093,138826.305,4499.108,96.124,-7.048,44.538,-13.639,204.981,31.13
4.197,2.43,14.37,14.37,85.065,138991.757,4496.006,96.106,-7.032,44.537,-13.668,204.898,31.115
4.197,2.43,14.379,14.379,85.037,139157.151,4492.911,96.088,-7.016,44.536,-13.696,204.815,31.099
4.197,2.43,14.387,14.387,85.009,139322.49,4489.823,96.07,-7.0,44.535,-13.725,204.732,31.083
4.197,2.43,14.396,14.396,84.981,139487.776,4486.741,96.052,-6.984,44.534,-13.753,204.65,31.067
4.197,2.43,14.405,14.405,84.953,139653.013,4483.667,96.034,-6.968,44.533,-13.782,204.568,31.052
4.197,2.43,14.413,14.413,84.925,139818.204,4480.599,96.016,-6.952,44.532,-13.811,204.485,31.036
4.197,2.43,14.422,14.422,84.897,139983.343,4477.537,95.998,-6.936,44.531,-13.84,204.403,31.02
4.197,2.43,14.43,14.43,84.87,140148.415,4474.483,95.98,-6.921,44.53,-13.869,204.322,31.005
4.197,2.43,14.439,14.439,84.842,140313.441,4471.435,95.962,-6.905,44.529,-13.898,204.24,30.989
4.197,2.43,14.448,14.448,84.814,140478.475,4468.392,95.945,-6.889,44.528,-13.928,204.158,30.973
4.197,2.43,14.456,14.456,84.786,140643.512,4465.355,95.927,-6.873,44.527,-13.957,204.077,30.958
4.197,2.43,14.465,14.465,84.759,140808.385,4462.327,95.909,-6.857,44.526,-13.987,203.996,30.942
4.197,2.43,14.473,14.473,84.731,140972.976,4459.309,95.892,-6.841,44.525,-14.017,203.916,30.927
4.197,2.43,14.482,14.482,84.704,141137.745,4456.294,95.874,-6.825,44.524,-14.047,203.835,30.911
4.197,2.43,14.491,14.491,84.676,141303.369,4453.269,95.856,-6.81,44.523,-14.076,203.753,30.896
4.197,2.43,14.499,14.499,84.649,141469.07,4450.248,95.839,-6.794,44.522,-14.106,203.672,30.88
4.197,2.43,14.508,14.508,84.621,141632.275,4447.278,95.822,-6.778,44.522,-14.137,203.594,30.865
4.197,2.43,14.517,14.517,84.593,141792.769,4444.362,95.805,-6.761,44.522,-14.17,203.52,30.85
4.197,2.43,14.525,14.525,84.566,141958.874,4441.35,95.787,-6.746,44.521,-14.2,203.438,30.835
4.197,2.43,14.533,14.533,84.54,142137.968,4438.109,95.767,-6.734,44.516,-14.221,203.338,30.819
4.197,2.43,14.541,14.541,84.514,142309.875,4435.004,95.749,-6.721,44.514,-14.246,203.25,30.803
4.197,2.43,14.552,14.552,84.483,142439.778,4432.661,95.738,-6.694,44.522,-14.302,203.22,30.789
4.197,2.43,14.566,14.566,84.447,142523.783,4431.148,95.736,-6.652,44.542,-14.392,203.251,30.776
4.197,2.43,14.579,14.579,84.41,142617.293,4429.466,95.731,-6.613,44.559,-14.477,203.265,30.763
4.197,2.43,14.589,14.589,84.38,142776.05,4426.613,95.713,-6.594,44.559,-14.514,203.185,30.748
4.197,2.43,14.596,14.596,84.355,142972.886,4423.083,95.688,-6.588,44.55,-14.524,203.054,30.731
4.197,2.43,14.604,14.604,84.328,143159.505,4419.744,95.665,-6.579,44.543,-14.541,202.939,30.715
4.197,2.43,14.612,14.612,84.301,143331.598,4416.67,95.646,-6.565,44.54,-14.568,202.845,30.7
4.197,2.43,14.62,14.62,84.273,143502.334,4413.627,95.627,-6.551,44.538,-14.597,202.754,30.685
4.197,2.43,14.629,14.629,84.246,143675.917,4410.538,95.607,-6.538,44.535,-14.624,202.66,30.669
4.197,2.43,14.637,14.637,84.219,143849.283,4407.459,95.588,-6.524,44.532,-14.651,202.568,30.654
4.197,2.43,14.645,14.645,84.192,144020.663,4404.422,95.569,-6.51,44.529,-14.679,202.478,30.638
4.197,2.43,14.654,14.654,84.165,144190.817,4401.411,95.551,-6.496,44.527,-14.709,202.391,30.623
4.197,2.43,14.662,14.662,84.138,144360.555,4398.414,95.533,-6.482,44.525,-14.739,202.306,30.608
4.197,2.43,14.671,14.671,84.112,144529.952,4395.428,95.515,-6.467,44.524,-14.769,202.221,30.593
4.197,2.43,14.679,14.679,84.085,144698.877,4392.456,95.497,-6.452,44.522,-14.8,202.138,30.578
4.197,2.43,14.687,14.687,84.058,144867.345,4389.498,95.479,-6.437,44.521,-14.832,202.055,30.563
4.197,2.43,14.696,14.696,84.032,145035.48,4386.55,95.462,-6.423,44.52,-14.864,201.974,30.548
4.197,2.43,14.704,14.704,84.005,145203.373,4383.613,95.445,-6.407,44.519,-14.896,201.894,30.533
4.197,2.43,14.713,14.713,83.978,145371.065,4380.684,95.428,-6.392,44.518,-14.929,201.814,30.518
4.197,2.43,14.721,14.721,83.952,145538.588,4377.764,95.411,-6.377,44.517,-14.961,201.735,30.503
4.197,2.43,14.73,14.73,83.926,145705.978,4374.851,95.394,-6.362,44.516,-14.995,201.657,30.488
4.197,2.43,14.738,14.738,83.899,145873.274,4371.945,95.377,-6.347,44.515,-15.028,201.579,30.473
4.197,2.43,14.746,14.746,83.873,146040.504,4369.045,95.361,-6.331,44.515,-15.062,201.501,30.458
4.197,2.43,14.755,14.755,83.846,146207.691,4366.152,95.344,-6.316,44.514,-15.096,201.424,30.444
4.197,2.43,14.763,14.763,83.82,146374.854,4363.264,95.328,-6.301,44.514,-15.13,201.347,30.429
4.197,2.43,14.772,14.772,83.794,146542.008,4360.381,95.311,-6.285,44.513,-15.165,201.271,30.414
4.197,2.43,14.78,14.78,83.768,146709.169,4357.504,95.295,-6.27,44.513,-15.199,201.194,30.399
4.197,2.43,14.789,14.789,83.741,146876.346,4354.631,95.279,-6.254,44.512,-15.234,201.118,30.385
4.197,2.43,14.797,14.797,83.715,147043.549,4351.763,95.262,-6.239,44.512,-15.269,201.043,30.37
4.197,2.43,14.805,14.805,83.689,147210.784,4348.9,95.246,-6.224,44.511,-15.304,200.967,30.355
4.197,2.43,14.814,14.814,83.663,147378.057,4346.041,95.23,-6.208,44.511,-15.339,200.891,30.34
4.197,2.43,14.822,14.822,83.637,147545.372,4343.186,95.214,-6.193,44.51,-15.375,200.816,30.326
4.197,2.43,14.831,14.831,83.611,147712.731,4340.336,95.197,-6.177,44.51,-15.411,200.741,30.311
4.197,2.43,14.839,14.839,83.585,147880.136,4337.491,95.181,-6.162,44.51,-15.446,200.666,30.297
4.197,2.43,14.847,14.847,83.559,148047.588,4334.649,95.165,-6.147,44.509,-15.482,200.591,30.282
4.197,2.43,14.856,14.856,83.533,148215.086,4331.812,95.149,-6.131,44.509,-15.518,200.516,30.268
4.197,2.43,14.864,14.864,83.508,148382.63,4328.979,95.133,-6.116,44.509,-15.555,200.441,30.253
4.197,2.43,14.873,14.873,83.482,148550.218,4326.15,95.117,-6.101,44.508,-15.591,200.367,30.239
4.197,2.43,14.881,14.881,83.456,148717.849,4323.326,95.101,-6.086,44.508,-15.627,200.292,30.224
4.197,2.43,14.889,14.889,83.43,148885.52,4320.506,95.085,-6.07,44.508,-15.664,200.218,30.21
4.197,2.43,14.898,14.898,83.405,149053.228,4317.691,95.069,-6.055,44.507,-15.701,200.143,30.195
4.197,2.43,14.906,14.906,83.379,149220.97,4314.88,95.054,-6.04,44.507,-15.738,200.069,30.181
4.197,2.43,14.914,14.914,83.353,149388.743,4312.073,95.038,-6.025,44.507,-15.775,199.995,30.166
4.197,2.43,14.923,14.923,83.328,149556.544,4309.271,95.022,-6.009,44.506,-15.812,199.92,30.152
4.197,2.43,14.931,14.931,83.302,149724.367,4306.473,95.006,-5.994,44.506,-15.849,199.846,30.138
4.197,2.43,14.939,14.939,83.277,149892.21,4303.68,94.99,-5.979,44.506,-15.887,199.772,30.123
4.197,2.43,14.948,14.948,83.251,150060.068,4300.892,94.974,-5.964,44.505,-15.925,199.698,30.109
4.197,2.43,14.956,14.956,83.226,150227.936,4298.109,94.959,-5.949,44.505,-15.962,199.624,30.095
4.197,2.43,14.965,14.965,83.2,150395.811,4295.33,94.943,-5.934,44.505,-16.0,199.55,30.08
4.197,2.43,14.973,14.973,83.175,150563.687,4292.556,94.927,-5.919,44.504,-16.038,199.476,30.066
4.197,2.43,14.981,14.981,83.15,150731.561,4289.787,94.912,-5.904,44.504,-16.077,199.402,30.052
4.197,2.43,14.99,14.99,83.124,150899.428,4287.023,94.896,-5.889,44.504,-16.115,199.329,30.038
4.197,2.43,14.998,14.998,83.099,151067.282,4284.264,94.88,-5.874,44.503,-16.153,199.255,30.024
4.197,2.43,15.006,15.006,83.074,151235.118,4281.511,94.865,-5.859,44.503,-16.192,199.181,30.009
4.197,2.43,15.014,15.014,83.049,151402.933,4278.762,94.849,-5.844,44.503,-16.231,199.108,29.995
4.197,2.43,15.023,15.023,83.024,151570.725,4276.019,94.834,-5.829,44.502,-16.27,199.034,29.981
4.197,2.43,15.031,15.031,82.999,151738.49,4273.281,94.818,-5.814,44.502,-16.309,198.961,29.967
4.197,2.43,15.039,15.039,82.974,151906.213,4270.548,94.803,-5.799,44.502,-16.348,198.888,29.953
4.197,2.43,15.048,15.048,82.949,152073.884,4267.821,94.787,-5.784,44.502,-16.387,198.814,29.939
4.197,2.43,15.056,15.056,82.924,152241.532,4265.099,94.772,-5.769,44.501,-16.427,198.741,29.925
4.197,2.43,15.064,15.064,82.899,152409.203,4262.381,94.757,-5.754,44.501,-16.467,198.668,29.911
4.197,2.43,15.073,15.073,82.874,152576.869,4259.668,94.741,-5.74,44.501,-16.507,198.596,29.897
4.197,2.43,15.081,15.081,82.849,152744.371,4256.963,94.726,-5.725,44.501,-16.547,198.523,29.883
4.197,2.43,15.089,15.089,82.824,152911.6,4254.267,94.711,-5.71,44.501,-16.588,198.451,29.869
4.197,2.43,15.098,15.098,82.799,153078.955,4251.573,94.696,-5.695,44.5,-16.628,198.379,29.855
4.197,2.43,15.106,15.106,82.774,153247.068,4248.871,94.68,-5.68,44.5,-16.669,198.305,29.841
4.197,2.43,15.114,15.114,82.75,153415.622,4246.168,94.665,-5.666,44.5,-16.708,198.232,29.827
4.197,2.43,15.123,15.123,82.725,153582.409,4243.497,94.65,-5.651,44.5,-16.75,198.161,29.814
4.197,2.43,15.131,15.131,82.7,153745.808,4240.885,94.636,-5.635,44.5,-16.795,198.094,29.8
4.197,2.43,15.14,15.14,82.675,153911.001,4238.249,94.621,-5.619,44.501,-16.839,198.025,29.786
4.197,2.43,15.147,15.147,82.651,154086.764,4235.449,94.604,-5.607,44.499,-16.873,197.943,29.772
4.197,2.43,15.155,15.155,82.628,154270.003,4232.535,94.587,-5.597,44.495,-16.9,197.852,29.758
4.197,2.43,15.163,15.163,82.604,154431.238,4229.976,94.573,-5.58,44.496,-16.948,197.789,29.744
4.197,2.43,15.175,15.175,82.574,154543.454,4228.197,94.568,-5.549,44.509,-17.043,197.788,29.732
4.197,2.43,15.189,15.189,82.54,154624.661,4226.911,94.568,-5.508,44.53,-17.169,197.823,29.721
4.197,2.43,15.202,15.202,82.508,154731.836,4225.215,94.562,-5.475,44.544,-17.272,197.822,29.708
4.197,2.43,15.21,15.21,82.481,154904.625,4222.486,94.544,-5.461,44.542,-17.313,197.736,29.694
4.197,2.43,15.217,15.217,82.459,155106.28,4219.306,94.522,-5.456,44.533,-17.326,197.615,29.68
4.197,2.43,15.224,15.224,82.435,155295.077,4216.335,94.502,-5.447,44.528,-17.35,197.511,29.665
4.197,2.43,15.232,15.232,82.41,155470.12,4213.585,94.485,-5.434,44.525,-17.388,197.427,29.652
4.197,2.43,15.241,15.241,82.385,155643.469,4210.867,94.468,-5.42,44.524,-17.428,197.345,29.638
4.197,2.43,15.249,15.249,82.361,155819.675,4208.109,94.451,-5.408,44.522,-17.465,197.26,29.624
4.197,2.43,15.257,15.257,82.337,155996.081,4205.353,94.434,-5.395,44.519,-17.502,197.176,29.61
4.197,2.43,15.265,15.265,82.312,156170.592,4202.632,94.418,-5.383,44.518,-17.542,197.095,29.596
4.197,2.43,15.273,15.273,82.288,156343.609,4199.938,94.402,-5.369,44.516,-17.582,197.016,29.582
4.197,2.43,15.281,15.281,82.264,156515.988,4197.259,94.386,-5.356,44.515,-17.624,196.938,29.569
4.197,2.43,15.289,15.289,82.24,156688.05,4194.589,94.37,-5.342,44.514,-17.666,196.862,29.555
4.197,2.43,15.297,15.297,82.216,156859.686,4191.931,94.355,-5.328,44.513,-17.708,196.786,29.542
4.197,2.43,15.305,15.305,82.192,157030.823,4189.285,94.339,-5.314,44.512,-17.752,196.712,29.528
4.197,2.43,15.313,15.313,82.168,157201.548,4186.65,94.324,-5.3,44.512,-17.796,196.638,29.515
4.197,2.43,15.322,15.322,82.144,157371.97,4184.024,94.309,-5.286,44.511,-17.84,196.566,29.501
4.197,2.43,15.33,15.33,82.12,157542.159,4181.406,94.294,-5.272,44.511,-17.885,196.494,29.488
4.197,2.43,15.338,15.338,82.096,157712.144,4178.796,94.28,-5.258,44.511,-17.931,196.422,29.474
4.197,2.43,15.346,15.346,82.072,157881.954,4176.193,94.265,-5.244,44.511,-17.977,196.351,29.461
4.197,2.43,15.354,15.354,82.048,158051.625,4173.597,94.25,-5.229,44.51,-18.023,196.281,29.447
4.197,2.43,15.362,15.362,82.024,158221.187,4171.006,94.236,-5.215,44.51,-18.07,196.211,29.434
4.197,2.43,15.37,15.37,82.001,158390.668,4168.421,94.221,-5.201,44.51,-18.117,196.141,29.421
4.197,2.43,15.379,15.379,81.977,158560.089,4165.842,94.207,-5.186,44.51,-18.165,196.072,29.407
4.197,2.43,15.387,15.387,81.953,158729.468,4163.267,94.193,-5.172,44.51,-18.212,196.003,29.394
4.197,2.43,15.395,15.395,81.93,158898.819,4160.697,94.179,-5.157,44.511,-18.261,195.934,29.381
4.197,2.43,15.403,15.403,81.906,159068.159,4158.132,94.164,-5.143,44.511,-18.309,195.865,29.368
4.197,2.43,15.411,15.411,81.882,159237.497,4155.571,94.15,-5.129,44.511,-18.358,195.797,29.354
4.197,2.43,15.419,15.419,81.859,159406.845,4153.014,94.136,-5.114,44.511,-18.407,195.729,29.341
4.197,2.43,15.428,15.428,81.835,159576.21,4150.461,94.122,-5.1,44.511,-18.456,195.661,29.328
4.197,2.43,15.436,15.436,81.812,159745.6,4147.912,94.108,-5.085,44.511,-18.506,195.593,29.315
4.197,2.43,15.444,15.444,81.788,159915.02,4145.367,94.094,-5.071,44.512,-18.556,195.526,29.302
4.197,2.43,15.452,15.452,81.765,160084.476,4142.825,94.08,-5.056,44.512,-18.606,195.458,29.289
4.197,2.43,15.46,15.46,81.742,160253.971,4140.288,94.066,-5.042,44.512,-18.657,195.391,29.275
4.197,2.43,15.468,15.468,81.718,160423.509,4137.753,94.052,-5.027,44.512,-18.708,195.324,29.262
4.197,2.43,15.476,15.476,81.695,160593.093,4135.223,94.039,-5.013,44.513,-18.759,195.257,29.249
4.197,2.43,15.484,15.484,81.672,160762.724,4132.696,94.025,-4.999,44.513,-18.81,195.19,29.236
4.197,2.43,15.493,15.493,81.648,160932.404,4130.172,94.011,-4.984,44.513,-18.862,195.123,29.223
4.197,2.43,15.501,15.501,81.625,161102.134,4127.652,93.997,-4.97,44.514,-18.914,195.056,29.21
4.197,2.43,15.509,15.509,81.602,161271.914,4125.135,93.983,-4.955,44.514,-18.966,194.99,29.197
4.197,2.43,15.517,15.517,81.579,161441.746,4122.622,93.97,-4.941,44.514,-19.018,194.923,29.184
4.197,2.43,15.525,15.525,81.556,161611.629,4120.112,93.956,-4.927,44.515,-19.071,194.857,29.171
4.197,2.43,15.533,15.533,81.533,161781.562,4117.605,93.942,-4.912,44.515,-19.124,194.79,29.158
4.197,2.43,15.541,15.541,81.51,161951.546,4115.102,93.929,-4.898,44.515,-19.177,194.724,29.145
4.197,2.43,15.549,15.549,81.486,162121.58,4112.603,93.915,-4.884,44.516,-19.23,194.658,29.132
4.197,2.43,15.557,15.557,81.463,162291.663,4110.106,93.901,-4.869,44.516,-19.284,194.591,29.119
4.197,2.43,15.565,15.565,81.441,162461.793,4107.613,93.888,-4.855,44.516,-19.338,194.525,29.106
4.197,2.43,15.574,15.574,81.418,162631.971,4105.124,93.874,-4.841,44.517,-19.392,194.459,29.094
4.197,2.43,15.582,15.582,81.395,162802.194,4102.638,93.861,-4.827,44.517,-19.446,194.393,29.081
4.197,2.43,15.59,15.59,81.372,162972.462,4100.156,93.847,-4.812,44.517,-19.501,194.328,29.068
4.197,2.43,15.598,15.598,81.349,163142.772,4097.677,93.834,-4.798,44.518,-19.556,194.262,29.055
4.197,2.43,15.606,15.606,81.326,163313.125,4095.201,93.82,-4.784,44.518,-19.612,194.196,29.042
4.197,2.43,15.614,15.614,81.303,163483.517,4092.729,93.807,-4.77,44.519,-19.667,194.131,29.03
4.197,2.43,15.622,15.622,81.28,163653.948,4090.26,93.794,-4.756,44.519,-19.723,194.065,29.017
4.197,2.43,15.63,15.63,81.258,163824.416,4087.795,93.78,-4.741,44.519,-19.779,194.0,29.004
4.197,2.43,15.638,15.638,81.235,163994.92,4085.334,93.767,-4.727,44.52,-19.836,193.934,28.991
4.197,2.43,15.646,15.646,81.212,164165.457,4082.876,93.753,-4.713,44.52,-19.892,193.869,28.979
4.197,2.43,15.654,15.654,81.19,164336.026,4080.422,93.74,-4.699,44.521,-19.949,193.804,28.966
4.197,2.43,15.662,15.662,81.167,164506.626,4077.971,93.727,-4.685,44.521,-20.007,193.738,28.953
4.197,2.43,15.67,15.67,81.144,164677.255,4075.524,93.713,-4.671,44.521,-20.064,193.673,28.94
4.197,2.43,15.678,15.678,81.122,164847.911,4073.08,93.7,-4.657,44.522,-20.122,193.608,28.928
4.197,2.43,15.686,15.686,81.099,165018.593,4070.64,93.687,-4.643,44.522,-20.18,193.543,28.915
4.197,2.43,15.694,15.694,81.077,165189.3,4068.204,93.674,-4.628,44.523,-20.239,193.478,28.903
4.197,2.43,15.702,15.702,81.054,165360.03,4065.771,93.661,-4.614,44.523,-20.297,193.414,28.89
4.197,2.43,15.71,15.71,81.032,165530.782,4063.342,93.647,-4.6,44.524,-20.357,193.349,28.877
4.197,2.43,15.718,15.718,81.01,165701.554,4060.917,93.634,-4.586,44.524,-20.416,193.284,28.865
4.197,2.43,15.726,15.726,80.987,165872.346,4058.495,93.621,-4.572,44.524,-20.476,193.22,28.852
4.197,2.43,15.734,15.734,80.965,166043.155,4056.077,93.608,-4.558,44.525,-20.536,193.155,28.84
4.197,2.43,15.742,15.742,80.943,166213.98,4053.662,93.595,-4.544,44.525,-20.596,193.091,28.827
4.197,2.43,15.75,15.75,80.92,166384.82,4051.252,93.582,-4.53,44.526,-20.657,193.026,28.815
4.197,2.43,15.758,15.758,80.898,166555.675,4048.845,93.569,-4.516,44.526,-20.718,192.962,28.802
4.197,2.43,15.766,15.766,80.876,166726.541,4046.442,93.556,-4.502,44.527,-20.779,192.898,28.79
4.197,2.43,15.774,15.774,80.854,166897.419,4044.042,93.543,-4.489,44.527,-20.841,192.834,28.777
4.197,2.43,15.782,15.782,80.831,167068.306,4041.647,93.53,-4.475,44.528,-20.903,192.77,28.765
4.197,2.43,15.79,15.79,80.809,167239.203,4039.255,93.517,-4.461,44.528,-20.965,192.706,28.752
4.197,2.43,15.798,15.798,80.787,167410.106,4036.866,93.504,-4.447,44.529,-21.027,192.642,28.74
4.197,2.43,15.806,15.806,80.765,167581.016,4034.482,93.491,-4.433,44.529,-21.09,192.578,28.728
4.197,2.43,15.814,15.814,80.743,167751.931,4032.101,93.478,-4.419,44.53,-21.154,192.514,28.715
4.197,2.43,15.822,15.822,80.721,167922.849,4029.724,93.465,-4.405,44.53,-21.217,192.451,28.703
4.197,2.43,15.83,15.83,80.699,168093.77,4027.351,93.453,-4.391,44.531,-21.281,192.387,28.691
4.197,2.43,15.838,15.838,80.677,168264.693,4024.982,93.44,-4.377,44.531,-21.346,192.323,28.678
4.197,2.43,15.846,15.846,80.655,168435.615,4022.616,93.427,-4.364,44.532,-21.411,192.26,28.666
4.197,2.43,15.854,15.854,80.633,168606.537,4020.254,93.414,-4.35,44.532,-21.476,192.197,28.654
4.197,2.43,15.862,15.862,80.611,168777.456,4017.896,93.402,-4.336,44.533,-21.541,192.133,28.642
4.197,2.43,15.87,15.87,80.589,168948.372,4015.542,93.389,-4.322,44.533,-21.607,192.07,28.629
4.197,2.43,15.878,15.878,80.568,169119.283,4013.192,93.376,-4.308,44.534,-21.673,192.007,28.617
4.197,2.43,15.886,15.886,80.546,169290.189,4010.846,93.364,-4.295,44.534,-21.74,191.944,28.605
4.197,2.43,15.894,15.894,80.524,169461.088,4008.503,93.351,-4.281,44.535,-21.807,191.881,28.593
4.197,2.43,15.902,15.902,80.502,169631.979,4006.164,93.338,-4.267,44.536,-21.874,191.818,28.581
4.197,2.43,15.909,15.909,80.481,169802.862,4003.829,93.326,-4.253,44.536,-21.942,191.756,28.568
4.197,2.43,15.917,15.917,80.459,169973.734,4001.498,93.313,-4.24,44.537,-22.01,191.693,28.556
4.197,2.43,15.925,15.925,80.437,170144.595,3999.171,93.301,-4.226,44.537,-22.078,191.63,28.544
4.197,2.43,15.933,15.933,80.416,170315.443,3996.847,93.288,-4.212,44.538,-22.147,191.568,28.532
4.197,2.43,15.941,15.941,80.394,170486.279,3994.528,93.276,-4.199,44.539,-22.216,191.505,28.52
4.197,2.43,15.949,15.949,80.372,170657.1,3992.212,93.263,-4.185,44.539,-22.286,191.443,28.508
4.197,2.43,15.957,15.957,80.351,170827.905,3989.9,93.251,-4.171,44.54,-22.356,191.38,28.496
4.197,2.43,15.965,15.965,80.329,170998.695,3987.592,93.238,-4.157,44.54,-22.427,191.318,28.484
4.197,2.43,15.973,15.973,80.308,171169.468,3985.288,93.226,-4.144,44.541,-22.498,191.256,28.472
4.197,2.43,15.981,15.981,80.286,171340.225,3982.988,93.214,-4.13,44.542,-22.569,191.194,28.46
4.197,2.43,15.989,15.989,80.265,171510.967,3980.691,93.201,-4.117,44.542,-22.641,191.132,28.448
4.197,2.43,15.997,15.997,80.244,171681.694,3978.398,93.189,-4.103,44.543,-22.713,191.07,28.436
4.197,2.43,16.005,16.005,80.222,171852.408,3976.11,93.177,-4.089,44.544,-22.786,191.008,28.424
4.197,2.43,16.012,16.012,80.201,172023.108,3973.824,93.164,-4.076,44.544,-22.859,190.947,28.412
4.197,2.43,16.02,16.02,80.18,172193.798,3971.543,93.152,-4.062,44.545,-22.932,190.885,28.4
4.197,2.43,16.028,16.028,80.158,172364.477,3969.265,93.14,-4.048,44.546,-23.006,190.824,28.388
4.197,2.43,16.036,16.036,80.137,172535.148,3966.991,93.128,-4.035,44.546,-23.081,190.763,28.376
4.197,2.43,16.044,16.044,80.116,172705.813,3964.721,93.116,-4.021,44.547,-23.156,190.701,28.364
4.197,2.43,16.052,16.052,80.095,172876.473,3962.454,93.104,-4.008,44.548,-23.231,190.64,28.353
4.197,2.43,16.06,16.06,80.073,173047.13,3960.191,93.091,-3.994,44.549,-23.307,190.579,28.341
4.197,2.43,16.068,16.068,80.052,173217.787,3957.931,93.079,-3.98,44.549,-23.384,190.518,28.329
4.197,2.43,16.076,16.076,80.031,173388.445,3955.675,93.067,-3.967,44.55,-23.461,190.458,28.317
4.197,2.43,16.084,16.084,80.01,173559.105,3953.422,93.055,-3.953,44.551,-23.538,190.397,28.305
4.197,2.43,16.091,16.091,79.989,173729.772,3951.173,93.043,-3.94,44.552,-23.616,190.336,28.294
4.197,2.43,16.099,16.099,79.968,173900.445,3948.927,93.031,-3.926,44.553,-23.695,190.276,28.282
4.197,2.43,16.107,16.107,79.947,174071.129,3946.685,93.019,-3.913,44.553,-23.774,190.216,28.27
4.197,2.43,16.115,16.115,79.926,174241.824,3944.445,93.007,-3.899,44.554,-23.853,190.155,28.258
4.197,2.43,16.123,16.123,79.905,174412.533,3942.209,92.996,-3.886,44.555,-23.933,190.095,28.247
4.197,2.43,16.131,16.131,79.884,174583.259,3939.977,92.984,-3.872,44.556,-24.014,190.035,28.235
4.197,2.43,16.139,16.139,79.863,174754.003,3937.747,92.972,-3.859,44.557,-24.095,189.975,28.223
4.197,2.43,16.147,16.147,79.842,174924.768,3935.521,92.96,-3.845,44.558,-24.177,189.915,28.212
4.197,2.43,16.154,16.154,79.821,175095.556,3933.297,92.948,-3.832,44.558,-24.259,189.856,28.2
4.197,2.43,16.162,16.162,79.8,175266.369,3931.077,92.937,-3.818,44.559,-24.342,189.796,28.188
4.197,2.43,16.17,16.17,79.78,175437.21,3928.86,92.925,-3.805,44.56,-24.425,189.736,28.177
4.197,2.43,16.178,16.178,79.759,175608.08,3926.646,92.913,-3.791,44.561,-24.509,189.677,28.165
4.197,2.43,16.186,16.186,79.738,175778.983,3924.435,92.901,-3.778,44.562,-24.593,189.618,28.154
4.197,2.43,16.194,16.194,79.717,175949.92,3922.227,92.89,-3.764,44.563,-24.678,189.558,28.142
4.197,2.43,16.202,16.202,79.697,176120.893,3920.022,92.878,-3.751,44.564,-24.764,189.499,28.13
4.197,2.43,16.209,16.209,79.676,176291.906,3917.819,92.867,-3.737,44.565,-24.85,189.44,28.119
4.197,2.43,16.217,16.217,79.655,176462.959,3915.62,92.855,-3.724,44.566,-24.937,189.381,28.107
4.197,2.43,16.225,16.225,79.635,176634.056,3913.423,92.843,-3.71,44.567,-25.024,189.323,28.096
4.197,2.43,16.233,16.233,79.614,176805.198,3911.229,92.832,-3.697,44.568,-25.112,189.264,28.084
4.197,2.43,16.241,16.241,79.594,176976.388,3909.038,92.82,-3.683,44.569,-25.2,189.205,28.073
4.197,2.43,16.249,16.249,79.573,177147.628,3906.85,92.809,-3.67,44.57,-25.289,189.147,28.061
4.197,2.43,16.256,16.256,79.552,177318.921,3904.664,92.797,-3.656,44.571,-25.379,189.088,28.05
4.197,2.43,16.264,16.264,79.532,177490.267,3902.481,92.786,-3.643,44.571,-25.47,189.03,28.038
4.197,2.43,16.272,16.272,79.511,177661.671,3900.3,92.775,-3.63,44.572,-25.561,188.972,28.027
4.197,2.43,16.28,16.28,79.491,177833.133,3898.122,92.763,-3.616,44.573,-25.652,188.914,28.016
4.197,2.43,16.288,16.288,79.471,178004.656,3895.947,92.752,-3.603,44.575,-25.744,188.856,28.004
4.197,2.43,16.295,16.295,79.45,178176.24,3893.774,92.74,-3.589,44.576,-25.837,188.798,27.993
4.197,2.43,16.303,16.303,79.43,178347.887,3891.603,92.729,-3.576,44.577,-25.931,188.74,27.981
4.197,2.43,16.311,16.311,79.409,178519.597,3889.436,92.718,-3.563,44.578,-26.025,188.682,27.97
4.197,2.43,16.319,16.319,79.389,178691.37,3887.27,92.707,-3.549,44.579,-26.119,188.624,27.959
4.197,2.43,16.326,16.326,79.369,178863.207,3885.107,92.695,-3.536,44.58,-26.215,188.566,27.947
4.197,2.43,16.334,16.334,79.349,179035.108,3882.947,92.684,-3.523,44.581,-26.311,188.509,27.936
4.197,2.43,16.342,16.342,79.328,179207.071,3880.789,92.673,-3.509,44.582,-26.408,188.451,27.925
4.197,2.43,16.35,16.35,79.308,179379.096,3878.633,92.662,-3.496,44.583,-26.505,188.394,27.913
4.197,2.43,16.358,16.358,79.288,179551.183,3876.48,92.65,-3.483,44.584,-26.603,188.336,27.902
4.197,2.43,16.365,16.365,79.268,179723.331,3874.33,92.639,-3.469,44.585,-26.702,188.279,27.891
4.197,2.43,16.373,16.373,79.248,179895.539,3872.182,92.628,-3.456,44.586,-26.801,188.221,27.88
4.197,2.43,16.381,16.381,79.227,180067.806,3870.037,92.617,-3.443,44.587,-26.901,188.164,27.868
4.197,2.43,16.389,16.389,79.207,180240.13,3867.894,92.606,-3.43,44.588,-27.002,188.107,27.857
4.197,2.43,16.396,16.396,79.187,180412.511,3865.753,92.595,-3.416,44.589,-27.103,188.05,27.846
4.197,2.43,16.404,16.404,79.167,180584.948,3863.615,92.583,-3.403,44.59,-27.205,187.993,27.835
4.197,2.43,16.412,16.412,79.147,180757.439,3861.48,92.572,-3.39,44.591,-27.308,187.936,27.824
4.197,2.43,16.419,16.419,79.127,180929.982,3859.347,92.561,-3.377,44.592,-27.411,187.879,27.812
4.197,2.43,16.427,16.427,79.107,181102.577,3857.217,92.55,-3.364,44.593,-27.515,187.822,27.801
4.197,2.43,16.435,16.435,79.087,181275.222,3855.089,92.539,-3.35,44.594,-27.62,187.765,27.79
4.197,2.43,16.443,16.443,79.067,181447.915,3852.964,92.528,-3.337,44.595,-27.726,187.708,27.779
4.197,2.43,16.45,16.45,79.047,181620.656,3850.842,92.517,-3.324,44.597,-27.832,187.651,27.768
4.197,2.43,16.458,16.458,79.027,181793.442,3848.722,92.506,-3.311,44.598,-27.939,187.595,27.757
4.197,2.43,16.466,16.466,79.007,181966.272,3846.605,92.495,-3.298,44.599,-28.047,187.538,27.746
4.197,2.43,16.473,16.473,78.988,182139.145,3844.491,92.484,-3.285,44.6,-28.156,187.481,27.734
4.197,2.43,16.481,16.481,78.968,182312.059,3842.379,92.473,-3.272,44.601,-28.265,187.425,27.723
4.197,2.43,16.489,16.489,78.948,182485.012,3840.27,92.462,-3.259,44.602,-28.375,187.368,27.712
4.197,2.43,16.497,16.497,78.928,182658.003,3838.163,92.452,-3.245,44.603,-28.486,187.312,27.701
4.197,2.43,16.504,16.504,78.908,182831.031,3836.06,92.441,-3.232,44.604,-28.598,187.256,27.69
4.197,2.43,16.512,16.512,78.889,183004.094,3833.959,92.43,-3.219,44.605,-28.711,187.199,27.679
4.197,2.43,16.52,16.52,78.869,183177.19,3831.86,92.419,-3.206,44.606,-28.824,187.143,27.668
4.197,2.43,16.527,16.527,78.849,183350.317,3829.765,92.408,-3.193,44.607,-28.938,187.087,27.657
4.197,2.43,16.535,16.535,78.83,183523.475,3827.672,92.397,-3.18,44.609,-29.053,187.031,27.646
4.197,2.43,16.543,16.543,78.81,183696.661,3825.582,92.387,-3.167,44.61,-29.169,186.975,27.635
4.197,2.43,16.55,16.55,78.79,183869.875,3823.495,92.376,-3.154,44.611,-29.286,186.918,27.624
4.197,2.43,16.558,16.558,78.771,184043.114,3821.411,92.365,-3.141,44.612,-29.404,186.862,27.613
4.197,2.43,16.566,16.566,78.751,184216.377,3819.329,92.354,-3.128,44.613,-29.522,186.807,27.602
4.197,2.43,16.573,16.573,78.732,184389.662,3817.25,92.344,-3.115,44.614,-29.641,186.751,27.592
4.197,2.43,16.581,16.581,78.712,184562.969,3815.174,92.333,-3.102,44.615,-29.762,186.695,27.581
4.197,2.43,16.588,16.588,78.693,184736.295,3813.101,92.322,-3.089,44.616,-29.883,186.639,27.57
4.197,2.43,16.596,16.596,78.673,184909.638,3811.031,92.311,-3.077,44.617,-30.005,186.583,27.559
4.197,2.43,16.604,16.604,78.654,185082.998,3808.963,92.301,-3.064,44.619,-30.128,186.528,27.548
4.197,2.43,16.611,16.611,78.634,185256.373,3806.899,92.29,-3.051,44.62,-30.252,186.472,27.537
4.197,2.43,16.619,16.619,78.615,185429.763,3804.837,92.28,-3.038,44.621,-30.377,186.417,27.526
4.197,2.43,16.627,16.627,78.596,185603.165,3802.779,92.269,-3.025,44.622,-30.503,186.361,27.515
4.197,2.43,16.634,16.634,78.576,185776.58,3800.723,92.258,-3.012,44.623,-30.63,186.306,27.505
4.197,2.43,16.642,16.642,78.557,185950.007,3798.67,92.248,-2.999,44.624,-30.757,186.25,27.494
4.197,2.43,16.65,16.65,78.538,186123.445,3796.62,92.237,-2.986,44.625,-30.886,186.195,27.483
4.197,2.43,16.657,16.657,78.518,186296.895,3794.572,92.227,-2.973,44.627,-31.016,186.14,27.472
4.197,2.43,16.665,16.665,78.499,186470.356,3792.528,92.216,-2.961,44.628,-31.147,186.085,27.462
4.197,2.43,16.672,16.672,78.48,186643.829,3790.487,92.206,-2.948,44.629,-31.279,186.03,27.451
4.197,2.43,16.68,16.68,78.461,186817.312,3788.448,92.195,-2.935,44.63,-31.412,185.975,27.44
4.197,2.43,16.688,16.688,78.442,186990.807,3786.412,92.185,-2.922,44.631,-31.546,185.92,27.429
4.197,2.43,16.695,16.695,78.422,187164.314,3784.379,92.174,-2.909,44.632,-31.682,185.865,27.419
4.197,2.43,16.703,16.703,78.403,187337.832,3782.349,92.164,-2.897,44.634,-31.818,185.81,27.408
4.197,2.43,16.71,16.71,78.384,187511.363,3780.322,92.154,-2.884,44.635,-31.956,185.756,27.397
4.197,2.43,16.718,16.718,78.365,187684.906,3778.298,92.143,-2.871,44.636,-32.094,185.701,27.387
4.197,2.43,16.726,16.726,78.346,187858.461,3776.276,92.133,-2.858,44.637,-32.234,185.647,27.376
4.197,2.43,16.733,16.733,78.327,188032.03,3774.257,92.123,-2.845,44.639,-32.375,185.592,27.365
4.197,2.43,16.741,16.741,78.308,188205.612,3772.241,92.112,-2.833,44.64,-32.517,185.538,27.355
4.197,2.43,16.748,16.748,78.289,188379.208,3770.228,92.102,-2.82,44.641,-32.661,185.483,27.344
4.197,2.43,16.756,16.756,78.27,188552.818,3768.217,92.092,-2.807,44.642,-32.805,185.429,27.334
4.197,2.43,16.764,16.764,78.251,188726.444,3766.21,92.081,-2.794,44.643,-32.951,185.375,27.323
4.197,2.43,16.771,16.771,78.232,188900.084,3764.205,92.071,-2.782,44.645,-33.098,185.321,27.312
4.197,2.43,16.779,16.779,78.213,189073.74,3762.202,92.061,-2.769,44.646,-33.247,185.267,27.302
4.197,2.43,16.786,16.786,78.194,189247.413,3760.203,92.051,-2.756,44.647,-33.396,185.213,27.291
4.197,2.43,16.794,16.794,78.175,189421.103,3758.206,92.041,-2.744,44.648,-33.547,185.159,27.281
4.197,2.43,16.801,16.801,78.156,189594.809,3756.212,92.03,-2.731,44.65,-33.699,185.105,27.27
4.197,2.43,16.809,16.809,78.138,189768.534,3754.22,92.02,-2.718,44.651,-33.853,185.052,27.26
4.197,2.43,16.817,16.817,78.119,189942.277,3752.231,92.01,-2.706,44.652,-34.008,184.998,27.249
4.197,2.43,16.824,16.824,78.1,190116.039,3750.245,92.0,-2.693,44.654,-34.164,184.944,27.239
4.197,2.43,16.832,16.832,78.081,190289.82,3748.261,91.99,-2.68,44.655,-34.322,184.891,27.228
4.197,2.43,16.839,16.839,78.063,190463.621,3746.281,91.98,-2.668,44.656,-34.481,184.837,27.218
4.197,2.43,16.847,16.847,78.044,190637.442,3744.302,91.97,-2.655,44.657,-34.642,184.784,27.208
4.197,2.43,16.854,16.854,78.025,190811.285,3742.327,91.96,-2.642,44.659,-34.804,184.731,27.197
4.197,2.43,16.862,16.862,78.006,190985.149,3740.354,91.95,-2.63,44.66,-34.967,184.677,27.187
4.197,2.43,16.869,16.869,77.988,191159.035,3738.383,91.94,-2.617,44.661,-35.132,184.624,27.176
4.197,2.43,16.877,16.877,77.969,191332.944,3736.415,91.93,-2.604,44.663,-35.298,184.571,27.166
4.197,2.43,16.885,16.885,77.951,191506.876,3734.45,91.92,-2.592,44.664,-35.466,184.518,27.156
4.197,2.43,16.892,16.892,77.932,191680.831,3732.487,91.91,-2.579,44.665,-35.636,184.465,27.145
4.197,2.43,16.9,16.9,77.913,191854.81,3730.527,91.9,-2.567,44.667,-35.807,184.412,27.135
4.197,2.43,16.907,16.907,77.895,192028.815,3728.569,91.89,-2.554,44.668,-35.979,184.36,27.124
4.197,2.43,16.915,16.915,77.876,192202.844,3726.614,91.88,-2.541,44.669,-36.154,184.307,27.114
4.197,2.43,16.922,16.922,77.858,192376.899,3724.661,91.87,-2.529,44.671,-36.329,184.254,27.104
4.197,2.43,16.93,16.93,77.839,192550.98,3722.711,91.861,-2.516,44.672,-36.507,184.202,27.094
4.197,2.43,16.937,16.937,77.821,192725.088,3720.763,91.851,-2.504,44.674,-36.686,184.149,27.083
4.197,2.43,16.945,16.945,77.803,192899.223,3718.818,91.841,-2.491,44.675,-36.867,184.097,27.073
4.197,2.43,16.952,16.952,77.784,193073.385,3716.875,91.831,-2.479,44.676,-37.05,184.044,27.063
4.197,2.43,16.96,16.96,77.766,193247.574,3714.934,91.821,-2.466,44.678,-37.234,183.992,27.052
4.197,2.43,16.967,16.967,77.747,193421.79,3712.997,91.812,-2.454,44.679,-37.42,183.94,27.042
4.197,2.43,16.975,16.975,77.729,193596.032,3711.061,91.802,-2.441,44.68,-37.608,183.888,27.032
4.197,2.43,16.982,16.982,77.711,193770.301,3709.128,91.792,-2.429,44.682,-37.797,183.835,27.022
4.197,2.43,16.99,16.99,77.692,193944.596,3707.198,91.783,-2.416,44.683,-37.989,183.783,27.012
4.197,2.43,16.997,16.997,77.674,194118.915,3705.27,91.773,-2.404,44.685,-38.182,183.731,27.001
4.197,2.43,17.005,17.005,77.656,194293.26,3703.344,91.763,-2.391,44.686,-38.377,183.679,26.991
4.197,2.43,17.012,17.012,77.638,194467.629,3701.421,91.754,-2.379,44.687,-38.574,183.627,26.981
4.197,2.43,17.02,17.02,77.619,194642.021,3699.5,91.744,-2.366,44.689,-38.773,183.575,26.971
4.197,2.43,17.027,17.027,77.601,194816.435,3697.582,91.734,-2.354,44.69,-38.974,183.524,26.961
4.197,2.43,17.035,17.035,77.583,194990.872,3695.666,91.725,-2.341,44.692,-39.177,183.472,26.951
4.197,2.43,17.042,17.042,77.565,195165.33,3693.753,91.715,-2.329,44.693,-39.382,183.42,26.94
4.197,2.43,17.05,17.05,77.547,195339.808,3691.842,91.705,-2.316,44.695,-39.589,183.369,26.93
4.197,2.43,17.057,17.057,77.529,195514.306,3689.934,91.696,-2.304,44.696,-39.799,183.317,26.92
4.197,2.43,17.064,17.064,77.51,195688.823,3688.028,91.686,-2.292,44.697,-40.01,183.265,26.91
4.197,2.43,17.072,17.072,77.492,195863.357,3686.125,91.677,-2.279,44.699,-40.223,183.214,26.9
4.197,2.43,17.079,17.079,77.474,196037.908,3684.224,91.667,-2.267,44.7,-40.439,183.163,26.89
4.197,2.43,17.087,17.087,77.456,196212.476,3682.326,91.658,-2.254,44.702,-40.656,183.111,26.88
4.197,2.43,17.094,17.094,77.438,196387.058,3680.43,91.648,-2.242,44.703,-40.876,183.06,26.87
4.197,2.43,17.102,17.102,77.42,196561.655,3678.536,91.639,-2.23,44.705,-41.099,183.009,26.86
4.197,2.43,17.109,17.109,77.402,196736.265,3676.646,91.629,-2.217,44.706,-41.323,182.957,26.85
4.197,2.43,17.117,17.117,77.384,196910.888,3674.757,91.62,-2.205,44.707,-41.55,182.906,26.84
4.197,2.43,17.124,17.124,77.366,197085.522,3672.871,91.611,-2.193,44.709,-41.779,182.855,26.83
4.197,2.43,17.131,17.131,77.348,197260.167,3670.988,91.601,-2.18,44.71,-42.011,182.804,26.82
4.197,2.43,17.139,17.139,77.331,197434.822,3669.107,91.592,-2.168,44.712,-42.245,182.753,26.81
4.197,2.43,17.146,17.146,77.313,197609.486,3667.229,91.582,-2.156,44.713,-42.482,182.702,26.8
4.197,2.43,17.154,17.154,77.295,197784.157,3665.353,91.573,-2.144,44.715,-42.721,182.651,26.79
4.197,2.43,17.161,17.161,77.277,197958.836,3663.48,91.564,-2.131,44.716,-42.963,182.6,26.78
4.197,2.43,17.169,17.169,77.259,198133.521,3661.61,91.554,-2.119,44.718,-43.208,182.55,26.77
4.197,2.43,17.176,17.176,77.241,198308.211,3659.742,91.545,-2.107,44.719,-43.455,182.499,26.76
4.197,2.43,17.183,17.183,77.224,198482.905,3657.876,91.536,-2.094,44.721,-43.705,182.448,26.75
4.197,2.43,17.191,17.191,77.206,198657.603,3656.013,91.527,-2.082,44.722,-43.957,182.398,26.741
4.197,2.43,17.198,17.198,77.188,198832.304,3654.153,91.517,-2.07,44.724,-44.213,182.347,26.731
4.197,2.43,17.206,17.206,77.17,199007.006,3652.295,91.508,-2.058,44.725,-44.471,182.297,26.721
4.197,2.43,17.213,17.213,77.153,199181.71,3650.44,91.499,-2.045,44.727,-44.732,182.246,26.711
4.197,2.43,17.22,17.22,77.135,199356.413,3648.587,91.49,-2.033,44.728,-44.996,182.196,26.701
4.197,2.43,17.228,17.228,77.117,199531.115,3646.737,91.48,-2.021,44.73,-45.263,182.146,26.691
4.197,2.43,17.235,17.235,77.1,199705.816,3644.889,91.471,-2.009,44.731,-45.534,182.095,26.681
4.197,2.43,17.243,17.243,77.082,199880.514,3643.044,91.462,-1.997,44.733,-45.807,182.045,26.672
4.197,2.43,17.25,17.25,77.065,200055.209,3641.202,91.453,-1.985,44.734,-46.084,181.995,26.662
4.197,2.43,17.257,17.257,77.047,200229.9,3639.362,91.444,-1.972,44.736,-46.363,181.945,26.652
4.197,2.43,17.265,17.265,77.029,200404.585,3637.525,91.435,-1.96,44.737,-46.646,181.895,26.642
4.197,2.43,17.272,17.272,77.012,200579.265,3635.69,91.426,-1.948,44.739,-46.933,181.845,26.633
4.197,2.43,17.28,17.28,76.994,200753.938,3633.858,91.417,-1.936,44.74,-47.223,181.795,26.623
4.197,2.43,17.287,17.287,76.977,200928.605,3632.029,91.407,-1.924,44.742,-47.516,181.745,26.613
4.197,2.43,17.294,17.294,76.959,201103.265,3630.202,91.398,-1.912,44.743,-47.813,181.695,26.603
4.197,2.43,17.302,17.302,76.942,201277.919,3628.377,91.389,-1.899,44.745,-48.113,181.645,26.594
4.197,2.43,17.309,17.309,76.925,201452.567,3626.556,91.38,-1.887,44.747,-48.417,181.596,26.584
4.197,2.43,17.317,17.317,76.907,201627.209,3624.736,91.371,-1.875,44.748,-48.725,181.546,26.574
4.197,2.43,17.324,17.324,76.89,201801.846,3622.92,91.362,-1.863,44.75,-49.037,181.496,26.565
4.197,2.43,17.331,17.331,76.872,201976.479,3621.105,91.353,-1.851,44.751,-49.353,181.447,26.555
4.197,2.43,17.339,17.339,76.855,202151.108,3619.294,91.345,-1.839,44.753,-49.673,181.398,26.545
4.197,2.43,17.346,17.346,76.838,202325.735,3617.485,91.336,-1.827,44.754,-49.997,181.348,26.536
4.197,2.43,17.353,17.353,76.82,202500.361,3615.678,91.327,-1.815,44.756,-50.325,181.299,26.526
4.197,2.43,17.361,17.361,76.803,202674.987,3613.874,91.318,-1.803,44.758,-50.657,181.25,26.516
4.197,2.43,17.368,17.368,76.786,202849.613,3612.072,91.309,-1.791,44.759,-50.994,181.201,26.507
4.197,2.43,17.375,17.375,76.769,203024.241,3610.273,91.3,-1.779,44.761,-51.335,181.152,26.497
4.197,2.43,17.383,17.383,76.751,203198.873,3608.476,91.291,-1.766,44.762,-51.681,181.103,26.488
4.197,2.43,17.39,17.39,76.734,203373.509,3606.681,91.282,-1.754,44.764,-52.031,181.054,26.478
4.197,2.43,17.398,17.398,76.717,203548.152,3604.889,91.274,-1.742,44.766,-52.386,181.005,26.469
4.197,2.43,17.405,17.405,76.7,203722.801,3603.099,91.265,-1.73,44.767,-52.746,180.956,26.459
4.197,2.43,17.412,17.412,76.683,203897.459,3601.312,91.256,-1.718,44.769,-53.11,180.907,26.45
4.197,2.43,17.42,17.42,76.665,204072.126,3599.527,91.247,-1.706,44.771,-53.48,180.859,26.44
4.197,2.43,17.427,17.427,76.648,204246.806,3597.744,91.239,-1.694,44.772,-53.854,180.81,26.43
4.197,2.43,17.434,17.434,76.631,204421.497,3595.963,91.23,-1.682,44.774,-54.234,180.762,26.421
4.197,2.43,17.442,17.442,76.614,204596.203,3594.185,91.221,-1.67,44.776,-54.619,180.713,26.412
4.197,2.43,17.449,17.449,76.597,204770.924,3592.409,91.213,-1.658,44.777,-55.01,180.665,26.402
4.197,2.43,17.456,17.456,76.58,204945.663,3590.635,91.204,-1.646,44.779,-55.406,180.617,26.393
4.197,2.43,17.464,17.464,76.563,205120.419,3588.863,91.195,-1.634,44.781,-55.808,180.568,26.383
4.197,2.43,17.471,17.471,76.546,205295.196,3587.094,91.187,-1.622,44.782,-56.215,180.52,26.374
4.197,2.43,17.478,17.478,76.529,205469.993,3585.326,91.178,-1.61,44.784,-56.629,180.472,26.364
4.197,2.43,17.486,17.486,76.512,205644.814,3583.561,91.169,-1.598,44.786,-57.048,180.424,26.355
4.197,2.43,17.493,17.493,76.495,205819.658,3581.798,91.161,-1.586,44.787,-57.474,180.376,26.345
4.197,2.43,17.5,17.5,76.478,205994.528,3580.037,91.152,-1.574,44.789,-57.906,180.328,26.336
4.197,2.43,17.508,17.508,76.461,206169.424,3578.278,91.144,-1.562,44.791,-58.344,180.281,26.327
4.197,2.43,17.515,17.515,76.444,206344.349,3576.521,91.135,-1.55,44.793,-58.789,180.233,26.317
4.197,2.43,17.522,17.522,76.427,206519.304,3574.767,91.127,-1.538,44.794,-59.24,180.185,26.308
4.197,2.43,17.529,17.529,76.411,206694.29,3573.014,91.118,-1.526,44.796,-59.699,180.138,26.298
4.197,2.43,17.537,17.537,76.394,206869.308,3571.263,91.11,-1.514,44.798,-60.164,180.09,26.289
4.197,2.43,17.544,17.544,76.377,207044.361,3569.514,91.101,-1.502,44.799,-60.637,180.043,26.28
4.197,2.43,17.551,17.551,76.36,207219.449,3567.768,91.093,-1.49,44.801,-61.117,179.995,26.27
4.197,2.43,17.559,17.559,76.343,207394.573,3566.023,91.084,-1.479,44.803,-61.604,179.948,26.261
4.197,2.43,17.566,17.566,76.327,207569.736,3564.28,91.076,-1.467,44.805,-62.099,179.901,26.252
4.197,2.43,17.573,17.573,76.31,207744.939,3562.539,91.068,-1.455,44.806,-62.602,179.854,26.242
4.197,2.43,17.58,17.58,76.293,207920.182,3560.8,91.059,-1.443,44.808,-63.113,179.806,26.233
4.197,2.43,17.588,17.588,76.276,208095.467,3559.063,91.051,-1.431,44.81,-63.633,179.759,26.224
4.197,2.43,17.595,17.595,76.26,208270.797,3557.328,91.043,-1.419,44.812,-64.16,179.712,26.215
4.197,2.43,17.602,17.602,76.243,208446.171,3555.595,91.034,-1.407,44.814,-64.697,179.665,26.205
4.197,2.43,17.61,17.61,76.226,208621.592,3553.863,91.026,-1.395,44.815,-65.242,179.619,26.196
4.197,2.43,17.617,17.617,76.21,208797.061,3552.134,91.018,-1.383,44.817,-65.796,179.572,26.187
4.197,2.43,17.624,17.624,76.193,208972.578,3550.406,91.009,-1.371,44.819,-66.36,179.525,26.178
4.197,2.43,17.631,17.631,76.176,209148.145,3548.68,91.001,-1.36,44.821,-66.933,179.478,26.168
4.197,2.43,17.639,17.639,76.16,209323.762,3546.955,90.993,-1.348,44.823,-67.516,179.432,26.159
4.197,2.43,17.646,17.646,76.143,209499.429,3545.233,90.985,-1.336,44.824,-68.108,179.385,26.15
4.197,2.43,17.653,17.653,76.127,209675.148,3543.512,90.976,-1.324,44.826,-68.711,179.338,26.141
4.197,2.43,17.66,17.66,76.11,209850.917,3541.793,90.968,-1.312,44.828,-69.325,179.292,26.132
4.197,2.43,17.668,17.668,76.094,210026.737,3540.076,90.96,-1.3,44.83,-69.949,179.246,26.122
4.197,2.43,17.675,17.675,76.077,210202.608,3538.361,90.952,-1.289,44.832,-70.584,179.199,26.113
4.197,2.43,17.682,17.682,76.061,210378.529,3536.647,90.944,-1.277,44.833,-71.23,179.153,26.104
4.197,2.43,17.689,17.689,76.044,210554.5,3534.935,90.935,-1.265,44.835,-71.888,179.106,26.095
4.197,2.43,17.696,17.696,76.028,210730.52,3533.225,90.927,-1.253,44.837,-72.558,179.06,26.086
4.197,2.43,17.704,17.704,76.011,210906.59,3531.517,90.919,-1.241,44.839,-73.24,179.014,26.077
4.197,2.43,17.711,17.711,75.995,211082.709,3529.811,90.911,-1.23,44.841,-73.934,178.968,26.068
4.197,2.43,17.718,17.718,75.979,211258.875,3528.106,90.903,-1.218,44.842,-74.642,178.922,26.058
4.197,2.43,17.725,17.725,75.962,211435.089,3526.403,90.895,-1.206,44.844,-75.363,178.876,26.049
4.197,2.43,17.732,17.732,75.946,211611.349,3524.702,90.887,-1.194,44.846,-76.097,178.83,26.04
4.197,2.43,17.74,17.74,75.929,211787.655,3523.003,90.879,-1.183,44.848,-76.845,178.784,26.031
4.197,2.43,17.747,17.747,75.913,211964.007,3521.305,90.87,-1.171,44.85,-77.608,178.738,26.022
4.197,2.43,17.754,17.754,75.897,212140.402,3519.609,90.862,-1.159,44.852,-78.386,178.692,26.013
4.197,2.43,17.761,17.761,75.881,212316.842,3517.915,90.854,-1.147,44.853,-79.178,178.646,26.004
4.197,2.43,17.768,17.768,75.864,212493.324,3516.223,90.846,-1.136,44.855,-79.987,178.6,25.995
4.197,2.43,17.776,17.776,75.848,212669.847,3514.533,90.838,-1.124,44.857,-80.812,178.554,25.986
4.197,2.43,17.783,17.783,75.832,212846.412,3512.844,90.83,-1.112,44.859,-81.653,178.508,25.977
4.197,2.43,17.79,17.79,75.816,213023.018,3511.158,90.822,-1.101,44.861,-82.512,178.463,25.968
4.197,2.43,17.797,17.797,75.799,213199.662,3509.473,90.814,-1.089,44.863,-83.388,178.417,25.959
4.197,2.43,17.804,17.804,75.783,213376.345,3507.79,90.806,-1.077,44.864,-84.283,178.372,25.95
4.197,2.43,17.811,17.811,75.767,213553.066,3506.109,90.798,-1.066,44.866,-85.196,178.326,25.941
4.197,2.43,17.819,17.819,75.751,213729.823,3504.43,90.79,-1.054,44.868,-86.129,178.28,25.932
4.197,2.43,17.826,17.826,75.735,213906.616,3502.752,90.782,-1.042,44.87,-87.082,178.235,25.923
4.197,2.43,17.833,17.833,75.719,214083.444,3501.077,90.775,-1.031,44.872,-88.056,178.189,25.914
4.197,2.43,17.84,17.84,75.702,214260.306,3499.403,90.767,-1.019,44.874,-89.052,178.144,25.905
4.197,2.43,17.847,17.847,75.686,214437.201,3497.731,90.759,-1.008,44.876,-90.069,178.099,25.896
4.197,2.43,17.854,17.854,75.67,214614.128,3496.061,90.751,-0.996,44.877,-91.11,178.053,25.887
4.197,2.43,17.862,17.862,75.654,214791.086,3494.393,90.743,-0.984,44.879,-92.174,178.008,25.878
4.197,2.43,17.869,17.869,75.638,214968.076,3492.727,90.735,-0.973,44.881,-93.262,177.963,25.869
4.197,2.43,17.876,17.876,75.622,215145.095,3491.062,90.727,-0.961,44.883,-94.377,177.918,25.86
4.197,2.43,17.883,17.883,75.606,215322.144,3489.4,90.719,-0.95,44.885,-95.517,177.872,25.851
4.197,2.43,17.89,17.89,75.59,215499.219,3487.739,90.712,-0.938,44.887,-96.684,177.827,25.843
4.197,2.43,17.897,17.897,75.574,215676.317,3486.081,90.704,-0.927,44.889,-97.88,177.782,25.834
4.197,2.43,17.904,17.904,75.558,215853.439,3484.424,90.696,-0.915,44.89,-99.106,177.737,25.825
4.197,2.43,17.911,17.911,75.542,216030.589,3482.769,90.688,-0.904,44.892,-100.361,177.692,25.816
4.197,2.43,17.919,17.919,75.526,216207.775,3481.116,90.68,-0.892,44.894,-101.648,177.647,25.807
4.197,2.43,17.926,17.926,75.51,216384.999,3479.465,90.673,-0.881,44.896,-102.967,177.602,25.798
4.197,2.43,17.933,17.933,75.495,216562.239,3477.816,90.665,-0.869,44.898,-104.32,177.558,25.789
4.197,2.43,17.94,17.94,75.479,216739.468,3476.169,90.657,-0.858,44.9,-105.71,177.513,25.781
4.197,2.43,17.947,17.947,75.463,216916.663,3474.524,90.649,-0.846,44.902,-107.137,177.468,25.772
4.197,2.43,17.954,17.954,75.447,217093.864,3472.882,90.642,-0.835,44.903,-108.604,177.423,25.763
4.197,2.43,17.961,17.961,75.431,217271.172,3471.241,90.634,-0.823,44.905,-110.107,177.379,25.754
4.197,2.43,17.968,17.968,75.415,217448.682,3469.599,90.626,-0.812,44.907,-111.647,177.334,25.745
4.197,2.43,17.975,17.975,75.4,217626.363,3467.959,90.618,-0.8,44.909,-113.224,177.289,25.737
4.197,2.43,17.983,17.983,75.384,217803.868,3466.322,90.611,-0.789,44.911,-114.853,177.244,25.728
4.197,2.43,17.99,17.99,75.368,217980.83,3464.692,90.603,-0.777,44.913,-116.546,177.2,25.719
4.197,2.43,17.997,17.997,75.352,218157.05,3463.071,90.596,-0.766,44.915,-118.315,177.157,25.71
4.197,2.43,18.004,18.004,75.336,218333.478,3461.451,90.588,-0.754,44.917,-120.133,177.113,25.702
4.197,2.43,18.011,18.011,75.321,218511.532,3459.817,90.58,-0.743,44.919,-121.948,177.068,25.693
4.197,2.43,18.018,18.018,75.305,218692.426,3458.16,90.572,-0.732,44.92,-123.712,177.021,25.684
4.197,2.43,18.025,18.025,75.29,218874.438,3456.494,90.564,-0.722,44.921,-125.481,176.973,25.675
4.197,2.43,18.032,18.032,75.274,219052.395,3454.868,90.556,-0.71,44.923,-127.46,176.928,25.667
4.197,2.43,18.039,18.039,75.258,219221.424,3453.325,90.55,-0.697,44.926,-129.869,176.892,25.658
4.197,2.43,18.047,18.047,75.241,219381.348,3451.868,90.545,-0.682,44.931,-132.766,176.862,25.65
4.197,2.43,18.055,18.055,75.225,219548.889,3450.342,90.539,-0.668,44.935,-135.469,176.826,25.641
4.197,2.43,18.061,18.061,75.21,219744.071,3448.567,90.529,-0.661,44.934,-137.015,176.767,25.632
4.197,2.43,18.065,18.065,75.199,219981.759,3446.409,90.513,-0.663,44.925,-136.622,176.672,25.623
4.197,2.43,18.067,18.067,75.189,220242.973,3444.042,90.494,-0.67,44.912,-135.13,176.558,25.612
4.197,2.43,18.069,18.069,75.18,220494.501,3441.766,90.477,-0.675,44.901,-134.03,176.455,25.603
4.197,2.43,18.073,18.073,75.169,220714.172,3439.782,90.465,-0.674,44.896,-134.274,176.38,25.593
4.197,2.43,18.08,18.08,75.155,220893.894,3438.161,90.458,-0.664,44.897,-136.265,176.34,25.585
4.197,2.43,18.087,18.087,75.14,221047.746,3436.775,90.455,-0.648,44.904,-139.53,176.322,25.577
4.197,2.43,18.096,18.096,75.123,221190.872,3435.488,90.454,-0.63,44.912,-143.513,176.312,25.569
4.197,2.43,18.104,18.104,75.107,221337.535,3434.169,90.451,-0.613,44.919,-147.581,176.298,25.561
4.197,2.43,18.112,18.112,75.091,221496.74,3432.74,90.447,-0.598,44.924,-151.224,176.273,25.553
4.197,2.43,18.119,18.119,75.076,221665.071,3431.23,90.441,-0.585,44.928,-154.544,176.24,25.544
4.197,2.43,18.126,18.126,75.061,221837.46,3429.686,90.435,-0.573,44.931,-157.781,176.203,25.536
4.197,2.43,18.133,18.133,75.046,222009.285,3428.149,90.429,-0.561,44.934,-161.2,176.167,25.527
4.197,2.43,18.14,18.14,75.031,222179.236,3426.63,90.423,-0.548,44.937,-164.904,176.132,25.519
4.197,2.43,18.147,18.147,75.015,222348.584,3425.118,90.417,-0.536,44.941,-168.835,176.098,25.511
4.197,2.43,18.155,18.155,75.0,222518.581,3423.603,90.412,-0.523,44.944,-172.924,176.063,25.502
4.197,2.43,18.162,18.162,74.985,222690.14,3422.075,90.405,-0.51,44.947,-177.111,176.026,25.494
4.197,2.43,18.169,18.169,74.97,222863.041,3420.538,90.399,-0.498,44.95,-181.411,175.988,25.486
4.197,2.43,18.176,18.176,74.954,223036.808,3418.995,90.392,-0.486,44.953,-185.861,175.95,25.477
4.197,2.43,18.183,18.183,74.939,223211.013,3417.449,90.386,-0.474,44.956,-190.505,175.911,25.469
4.197,2.43,18.19,18.19,74.924,223385.47,3415.904,90.379,-0.463,44.958,-195.372,175.872,25.46
4.197,2.43,18.197,18.197,74.909,223560.23,3414.357,90.373,-0.451,44.961,-200.473,175.832,25.452
4.197,2.43,18.205,18.205,74.893,223735.353,3412.809,90.366,-0.439,44.963,-205.817,175.792,25.444
4.197,2.43,18.212,18.212,74.878,223910.877,3411.26,90.359,-0.427,44.966,-211.418,175.752,25.435
4.197,2.43,18.219,18.219,74.863,224086.758,3409.709,90.352,-0.416,44.968,-217.299,175.711,25.427
4.197,2.43,18.226,18.226,74.848,224262.932,3408.158,90.345,-0.404,44.971,-223.488,175.671,25.418
4.197,2.43,18.233,18.233,74.833,224439.346,3406.607,90.338,-0.393,44.973,-230.015,175.63,25.41
4.197,2.43,18.24,18.24,74.817,224615.965,3405.055,90.332,-0.381,44.975,-236.912,175.589,25.402
4.197,2.43,18.247,18.247,74.802,224792.775,3403.504,90.325,-0.37,44.977,-244.214,175.548,25.393
4.197,2.43,18.254,18.254,74.787,224969.764,3401.954,90.318,-0.358,44.98,-251.959,175.506,25.385
4.197,2.43,18.261,18.261,74.772,225146.921,3400.403,90.311,-0.347,44.982,-260.188,175.465,25.376
4.197,2.43,18.268,18.268,74.757,225324.229,3398.854,90.304,-0.336,44.984,-268.953,175.423,25.368
4.197,2.43,18.275,18.275,74.742,225501.673,3397.305,90.297,-0.324,44.986,-278.308,175.382,25.36
4.197,2.43,18.282,18.282,74.727,225679.238,3395.757,90.29,-0.313,44.988,-288.318,175.34,25.351
4.197,2.43,18.289,18.289,74.712,225856.915,3394.21,90.283,-0.302,44.99,-299.056,175.299,25.343
4.197,2.43,18.296,18.296,74.697,226034.694,3392.663,90.276,-0.291,44.993,-310.606,175.257,25.335
4.197,2.43,18.303,18.303,74.682,226212.567,3391.119,90.269,-0.279,44.995,-323.065,175.215,25.326
4.197,2.43,18.31,18.31,74.667,226390.528,3389.575,90.262,-0.268,44.997,-336.547,175.174,25.318
4.197,2.43,18.317,18.317,74.652,226568.571,3388.032,90.255,-0.257,44.999,-351.185,175.132,25.31
4.197,2.43,18.324,18.324,74.637,226746.689,3386.491,90.248,-0.246,45.001,-367.133,175.09,25.301
4.197,2.43,18.331,18.331,74.622,226924.876,3384.951,90.241,-0.235,45.003,-384.579,175.048,25.293
4.197,2.43,18.338,18.338,74.607,227103.129,3383.412,90.234,-0.223,45.005,-403.745,175.007,25.285
4.197,2.43,18.345,18.345,74.592,227281.443,3381.875,90.227,-0.212,45.007,-424.9,174.965,25.277
4.197,2.43,18.351,18.351,74.577,227459.814,3380.339,90.22,-0.201,45.009,-448.371,174.923,25.268
4.197,2.43,18.358,18.358,74.562,227638.238,3378.804,90.213,-0.19,45.011,-474.562,174.882,25.26
4.197,2.43,18.365,18.365,74.547,227816.713,3377.271,90.206,-0.179,45.014,-503.975,174.84,25.252
4.197,2.43,18.372,18.372,74.532,227995.234,3375.74,90.199,-0.168,45.016,-537.247,174.798,25.243
4.197,2.43,18.379,18.379,74.517,228173.801,3374.21,90.192,-0.157,45.018,-575.191,174.757,25.235
4.197,2.43,18.386,18.386,74.502,228352.409,3372.682,90.185,-0.146,45.02,-618.866,174.715,25.227
4.197,2.43,18.393,18.393,74.488,228531.056,3371.155,90.178,-0.135,45.022,-669.678,174.674,25.219
4.197,2.43,18.4,18.4,74.473,228709.742,3369.629,90.171,-0.124,45.024,-729.534,174.632,25.211
4.197,2.43,18.407,18.407,74.458,228888.462,3368.106,90.165,-0.113,45.026,-801.086,174.591,25.202
4.197,2.43,18.414,18.414,74.443,229067.216,3366.583,90.158,-0.102,45.028,-888.135,174.549,25.194
4.197,2.43,18.421,18.421,74.428,229246.002,3365.063,90.151,-0.09,45.03,-996.33,174.508,25.186
4.197,2.43,18.428,18.428,74.414,229424.817,3363.544,90.144,-0.079,45.032,-1134.442,174.466,25.178
4.197,2.43,18.435,18.435,74.399,229603.662,3362.027,90.137,-0.068,45.034,-1316.874,174.425,25.17
4.197,2.43,18.441,18.441,74.384,229782.533,3360.511,90.13,-0.057,45.036,-1569.04,174.383,25.161
4.197,2.43,18.448,18.448,74.369,229961.43,3358.997,90.123,-0.046,45.038,-1940.378,174.342,25.153
4.197,2.43,18.455,18.455,74.355,230140.351,3357.484,90.116,-0.035,45.041,-2541.51,174.301,25.145
4.197,2.43,18.462,18.462,74.34,230319.295,3355.974,90.11,-0.024,45.043,-3681.33,174.259,25.137
4.197,2.43,18.469,18.469,74.325,230498.26,3354.465,90.103,-0.014,45.045,-6671.798,174.218,25.129
4.197,2.43,18.476,18.476,74.311,230677.246,3352.957,90.096,-0.003,45.047,-35464.918,174.177,25.121
4.197,2.43,18.483,18.483,74.296,230856.252,3351.452,90.089,0.008,45.049,10703.976,174.136,25.112
4.197,2.43,18.49,18.49,74.282,231035.276,3349.948,90.082,0.019,45.051,4651.669,174.095,25.104
4.197,2.43,18.497,18.497,74.267,231214.317,3348.445,90.076,0.03,45.053,2972.086,174.054,25.096
4.197,2.43,18.504,18.504,74.252,231393.374,3346.945,90.069,0.041,45.055,2183.948,174.013,25.088
4.197,2.43,18.51,18.51,74.238,231572.447,3345.446,90.062,0.052,45.057,1726.388,173.972,25.08
4.197,2.43,18.517,18.517,74.223,231751.533,3343.949,90.055,0.063,45.059,1427.474,173.931,25.072
4.197,2.43,18.524,18.524,74.209,231930.633,3342.453,90.049,0.074,45.061,1216.887,173.89,25.064
4.197,2.43,18.531,18.531,74.194,232109.746,3340.959,90.042,0.085,45.063,1060.515,173.849,25.056
4.197,2.43,18.538,18.538,74.18,232288.87,3339.467,90.035,0.096,45.066,939.81,173.808,25.048
4.197,2.43,18.545,18.545,74.165,232468.004,3337.977,90.029,0.107,45.068,843.818,173.767,25.04
4.197,2.43,18.552,18.552,74.151,232647.148,3336.488,90.022,0.118,45.07,765.654,173.726,25.032
4.197,2.43,18.558,18.558,74.136,232826.301,3335.002,90.015,0.128,45.072,700.772,173.685,25.024
4.197,2.43,18.565,18.565,74.122,233005.462,3333.517,90.008,0.139,45.074,646.052,173.645,25.016
4.197,2.43,18.572,18.572,74.107,233184.629,3332.033,90.002,0.15,45.076,599.28,173.604,25.008
4.197,2.43,18.579,18.579,74.093,233363.803,3330.552,89.995,0.161,45.078,558.842,173.563,25.0
4.197,2.43,18.586,18.586,74.078,233542.982,3329.072,89.989,0.172,45.08,523.532,173.523,24.992
4.197,2.43,18.593,18.593,74.064,233722.167,3327.594,89.982,0.183,45.082,492.434,173.482,24.984
4.197,2.43,18.6,18.6,74.049,233901.357,3326.117,89.975,0.194,45.084,464.835,173.442,24.976
4.197,2.43,18.606,18.606,74.035,234080.55,3324.643,89.969,0.204,45.087,440.178,173.401,24.968
4.197,2.43,18.613,18.613,74.021,234259.743,3323.17,89.962,0.215,45.089,418.013,173.361,24.96
4.197,2.43,18.62,18.62,74.006,234438.934,3321.699,89.955,0.226,45.091,397.981,173.32,24.952
4.197,2.43,18.627,18.627,73.992,234618.123,3320.23,89.949,0.237,45.093,379.789,173.28,24.944
4.197,2.43,18.634,18.634,73.978,234797.316,3318.762,89.942,0.248,45.095,363.196,173.24,24.936
4.197,2.43,18.641,18.641,73.963,234976.519,3317.296,89.936,0.258,45.097,348.001,173.199,24.928
4.197,2.43,18.647,18.647,73.949,235155.735,3315.832,89.929,0.269,45.099,334.037,173.159,24.92
4.197,2.43,18.654,18.654,73.935,235334.948,3314.37,89.923,0.28,45.101,321.155,173.119,24.912
4.197,2.43,18.661,18.661,73.921,235514.134,3312.909,89.916,0.291,45.103,309.23,173.078,24.904
4.197,2.43,18.668,18.668,73.906,235693.269,3311.451,89.91,0.302,45.106,298.155,173.038,24.896
4.197,2.43,18.675,18.675,73.892,235872.358,3309.995,89.903,0.312,45.108,287.84,172.998,24.888
4.197,2.43,18.682,18.682,73.878,236051.481,3308.54,89.897,0.323,45.11,278.226,172.958,24.881
4.197,2.43,18.688,18.688,73.864,236230.724,3307.087,89.89,0.334,45.112,269.257,172.918,24.873
4.197,2.43,18.695,18.695,73.849,236410.158,3305.633,89.884,0.345,45.114,260.882,172.878,24.865
4.197,2.43,18.702,18.702,73.835,236589.649,3304.18,89.877,0.355,45.116,253.024,172.838,24.857
4.197,2.43,18.709,18.709,73.821,236768.863,3302.732,89.871,0.366,45.118,245.592,172.798,24.849
4.197,2.43,18.716,18.716,73.807,236947.488,3301.29,89.864,0.377,45.121,238.51,172.758,24.841
4.197,2.43,18.723,18.723,73.793,237125.415,3299.856,89.858,0.388,45.123,231.74,172.72,24.833
4.197,2.43,18.729,18.729,73.778,237303.582,3298.421,89.852,0.399,45.125,225.372,172.681,24.826
4.197,2.43,18.736,18.736,73.764,237483.223,3296.976,89.845,0.409,45.127,219.506,172.64,24.818
4.197,2.43,18.743,18.743,73.75,237665.441,3295.512,89.839,0.419,45.129,214.209,172.598,24.81
4.197,2.43,18.749,18.749,73.737,237849.369,3294.036,89.832,0.429,45.13,209.34,172.555,24.802
4.197,2.43,18.756,18.756,73.723,238030.62,3292.583,89.825,0.439,45.132,204.443,172.514,24.794
4.197,2.43,18.763,18.763,73.708,238204.863,3291.188,89.819,0.451,45.135,199.14,172.478,24.787
4.197,2.43,18.771,18.771,73.694,238368.924,3289.877,89.815,0.465,45.14,193.231,172.451,24.779
4.197,2.43,18.779,18.779,73.678,238531.681,3288.577,89.811,0.479,45.145,187.536,172.424,24.771
4.197,2.43,18.785,18.785,73.664,238710.798,3287.148,89.804,0.49,45.147,183.385,172.384,24.764
4.197,2.43,18.79,18.79,73.652,238922.923,3285.457,89.794,0.494,45.144,181.858,172.319,24.755
4.197,2.43,18.793,18.793,73.643,239173.729,3283.462,89.778,0.49,45.134,183.302,172.224,24.747
4.197,2.43,18.795,18.795,73.634,239436.608,3281.374,89.761,0.483,45.122,185.813,172.122,24.737
4.197,2.43,18.798,18.798,73.626,239685.003,3279.404,89.747,0.479,45.113,187.362,172.032,24.729
4.197,2.43,18.802,18.802,73.616,239901.792,3277.688,89.737,0.481,45.109,186.52,171.968,24.72
4.197,2.43,18.808,18.808,73.603,240081.629,3276.266,89.732,0.491,45.111,182.9,171.934,24.713
4.197,2.43,18.815,18.815,73.59,240237.24,3275.037,89.729,0.505,45.117,177.669,171.918,24.706
4.197,2.43,18.823,18.823,73.575,240381.635,3273.898,89.728,0.522,45.125,171.941,171.91,24.699
4.197,2.43,18.831,18.831,73.56,240527.005,3272.752,89.727,0.539,45.133,166.585,171.9,24.691
4.197,2.43,18.839,18.839,73.546,240683.597,3271.519,89.725,0.553,45.139,162.173,171.882,24.684
4.197,2.43,18.846,18.846,73.532,240850.463,3270.206,89.721,0.566,45.143,158.54,171.855,24.677
4.197,2.43,18.853,18.853,73.519,241023.115,3268.85,89.716,0.577,45.147,155.365,171.823,24.669
4.197,2.43,18.859,18.859,73.505,241197.231,3267.483,89.711,0.589,45.15,152.382,171.79,24.662
4.197,2.43,18.866,18.866,73.492,241369.653,3266.131,89.706,0.6,45.153,149.42,171.758,24.654
4.197,2.43,18.873,18.873,73.478,241540.768,3264.791,89.701,0.612,45.157,146.5,171.728,24.647
4.197,2.43,18.88,18.88,73.464,241711.721,3263.454,89.696,0.624,45.16,143.675,171.697,24.639
4.197,2.43,18.887,18.887,73.45,241883.577,3262.111,89.691,0.636,45.164,140.989,171.665,24.632
4.197,2.43,18.894,18.894,73.436,242056.968,3260.758,89.686,0.648,45.167,138.46,171.633,24.624
4.197,2.43,18.901,18.901,73.423,242231.586,3259.397,89.681,0.659,45.17,136.066,171.599,24.617
4.197,2.43,18.908,18.908,73.409,242407.011,3258.031,89.675,0.67,45.173,133.78,171.564,24.609
4.197,2.43,18.915,18.915,73.395,242582.864,3256.663,89.67,0.681,45.176,131.583,171.529,24.602
4.197,2.43,18.921,18.921,73.382,242758.952,3255.295,89.665,0.693,45.179,129.462,171.494,24.594
4.197,2.43,18.928,18.928,73.368,242935.313,3253.926,89.659,0.704,45.181,127.415,171.459,24.587
4.197,2.43,18.935,18.935,73.354,243112.001,3252.557,89.653,0.715,45.184,125.441,171.423,24.579
4.197,2.43,18.942,18.942,73.341,243289.059,3251.186,89.648,0.726,45.187,123.537,171.388,24.572
4.197,2.43,18.949,18.949,73.327,243466.474,3249.814,89.642,0.737,45.189,121.7,171.352,24.564
4.197,2.43,18.955,18.955,73.313,243644.189,3248.441,89.636,0.747,45.192,119.924,171.315,24.556
4.197,2.43,18.962,18.962,73.3,243822.152,3247.068,89.631,0.758,45.195,118.206,171.279,24.549
4.197,2.43,18.969,18.969,73.286,244000.322,3245.695,89.625,0.769,45.197,116.54,171.242,24.541
4.197,2.43,18.976,18.976,73.272,244178.678,3244.322,89.619,0.78,45.2,114.925,171.206,24.534
4.197,2.43,18.982,18.982,73.259,244357.209,3242.949,89.614,0.791,45.202,113.358,171.169,24.526
4.197,2.43,18.989,18.989,73.245,244535.906,3241.576,89.608,0.801,45.204,111.837,171.132,24.519
4.197,2.43,18.996,18.996,73.232,244714.759,3240.204,89.602,0.812,45.207,110.359,171.095,24.511
4.197,2.43,19.003,19.003,73.218,244893.756,3238.833,89.596,0.823,45.209,108.922,171.058,24.504
4.197,2.43,19.009,19.009,73.204,245072.883,3237.462,89.59,0.833,45.212,107.525,171.021,24.496
4.197,2.43,19.016,19.016,73.191,245252.13,3236.092,89.585,0.844,45.214,106.165,170.984,24.489
4.197,2.43,19.023,19.023,73.177,245431.486,3234.722,89.579,0.854,45.217,104.841,170.947,24.481
4.197,2.43,19.029,19.029,73.164,245610.945,3233.353,89.573,0.865,45.219,103.552,170.91,24.474
4.197,2.43,19.036,19.036,73.15,245790.501,3231.985,89.567,0.876,45.221,102.295,170.872,24.467
4.197,2.43,19.043,19.043,73.137,245970.149,3230.618,89.561,0.886,45.224,101.07,170.835,24.459
4.197,2.43,19.05,19.05,73.123,246149.884,3229.252,89.556,0.897,45.226,99.876,170.798,24.452
4.197,2.43,19.056,19.056,73.11,246329.7,3227.887,89.55,0.907,45.228,98.71,170.761,24.444
4.197,2.43,19.063,19.063,73.096,246509.593,3226.523,89.544,0.918,45.231,97.573,170.724,24.437
4.197,2.43,19.07,19.07,73.083,246689.559,3225.159,89.538,0.928,45.233,96.462,170.687,24.429
4.197,2.43,19.076,19.076,73.07,246869.594,3223.797,89.532,0.939,45.236,95.377,170.65,24.422
4.197,2.43,19.083,19.083,73.056,247049.695,3222.436,89.527,0.949,45.238,94.318,170.612,24.414
4.197,2.43,19.09,19.09,73.043,247229.86,3221.076,89.521,0.96,45.24,93.283,170.575,24.407
4.197,2.43,19.096,19.096,73.029,247410.085,3219.717,89.515,0.97,45.243,92.271,170.538,24.4
4.197,2.43,19.103,19.103,73.016,247590.368,3218.36,89.509,0.981,45.245,91.281,170.501,24.392
4.197,2.43,19.11,19.11,73.003,247770.707,3217.003,89.504,0.991,45.247,90.313,170.464,24.385
4.197,2.43,19.116,19.116,72.989,247951.099,3215.648,89.498,1.001,45.25,89.366,170.427,24.377
4.197,2.43,19.123,19.123,72.976,248131.542,3214.293,89.492,1.012,45.252,88.44,170.39,24.37
4.197,2.43,19.13,19.13,72.963,248312.035,3212.94,89.486,1.022,45.254,87.533,170.353,24.363
4.197,2.43,19.136,19.136,72.949,248492.577,3211.588,89.481,1.033,45.257,86.645,170.316,24.355
4.197,2.43,19.143,19.143,72.936,248673.166,3210.238,89.475,1.043,45.259,85.775,170.279,24.348
4.197,2.43,19.15,19.15,72.923,248853.8,3208.888,89.469,1.054,45.261,84.924,170.242,24.341
4.197,2.43,19.156,19.156,72.909,249034.476,3207.54,89.463,1.064,45.264,84.089,170.205,24.333
4.197,2.43,19.163,19.163,72.896,249215.19,3206.193,89.458,1.074,45.266,83.272,170.168,24.326
4.197,2.43,19.169,19.169,72.883,249395.943,3204.847,89.452,1.085,45.268,82.47,170.131,24.319
4.197,2.43,19.176,19.176,72.87,249576.735,3203.503,89.446,1.095,45.271,81.685,170.095,24.311
4.197,2.43,19.183,19.183,72.856,249757.574,3202.159,89.441,1.105,45.273,80.914,170.058,24.304
4.197,2.43,19.189,19.189,72.843,249938.462,3200.817,89.435,1.116,45.275,80.159,170.021,24.297
4.197,2.43,19.196,19.196,72.83,250119.397,3199.476,89.429,1.126,45.278,79.418,169.984,24.289
4.197,2.43,19.203,19.203,72.817,250300.358,3198.137,89.424,1.136,45.28,78.691,169.948,24.282
4.197,2.43,19.209,19.209,72.804,250481.323,3196.799,89.418,1.147,45.282,77.978,169.911,24.275
4.197,2.43,19.216,19.216,72.79,250662.271,3195.462,89.412,1.157,45.285,77.276,169.874,24.267
4.197,2.43,19.222,19.222,72.777,250843.224,3194.127,89.407,1.167,45.287,76.588,169.838,24.26
4.197,2.43,19.229,19.229,72.764,251024.26,3192.793,89.401,1.178,45.289,75.912,169.801,24.253
4.197,2.43,19.236,19.236,72.751,251205.458,3191.459,89.395,1.188,45.292,75.251,169.764,24.246
4.197,2.43,19.242,19.242,72.738,251386.876,3190.125,89.39,1.198,45.294,74.603,169.728,24.238
4.197,2.43,19.249,19.249,72.725,251568.374,3188.792,89.384,1.208,45.296,73.968,169.691,24.231
4.197,2.43,19.255,19.255,72.712,251749.642,3187.463,89.378,1.219,45.299,73.34,169.654,24.224
4.197,2.43,19.262,19.262,72.699,251930.395,3186.138,89.373,1.229,45.301,72.718,169.618,24.217
4.197,2.43,19.269,19.269,72.685,252110.472,3184.82,89.367,1.24,45.303,72.098,169.583,24.209
4.197,2.43,19.275,19.275,72.672,252290.612,3183.503,89.362,1.25,45.306,71.489,169.547,24.202
4.197,2.43,19.282,19.282,72.659,252471.962,3182.179,89.356,1.26,45.308,70.903,169.511,24.195
4.197,2.43,19.288,19.288,72.646,252655.564,3180.84,89.351,1.27,45.31,70.351,169.473,24.188
4.197,2.43,19.295,19.295,72.634,252841.609,3179.484,89.344,1.279,45.312,69.833,169.433,24.18
4.197,2.43,19.301,19.301,72.621,253026.667,3178.138,89.338,1.289,45.314,69.314,169.394,24.173
4.197,2.43,19.308,19.308,72.608,253206.602,3176.83,89.333,1.299,45.316,68.751,169.359,24.166
4.197,2.43,19.315,19.315,72.594,253377.679,3175.588,89.329,1.312,45.32,68.109,169.33,24.159
4.197,2.43,19.322,19.322,72.58,253541.0,3174.403,89.326,1.325,45.325,67.4,169.307,24.152
4.197,2.43,19.33,19.33,72.566,253710.925,3173.172,89.321,1.338,45.33,66.765,169.279,24.145
4.197,2.43,19.336,19.336,72.554,253903.557,3171.777,89.314,1.346,45.33,66.355,169.234,24.138
4.197,2.43,19.34,19.34,72.544,254132.918,3170.12,89.303,1.347,45.325,66.298,169.163,24.13
4.197,2.43,19.342,19.342,72.535,254393.766,3168.237,89.288,1.342,45.315,66.548,169.07,24.121
4.197,2.43,19.343,19.343,72.528,254657.768,3166.335,89.272,1.335,45.304,66.846,168.976,24.113
4.197,2.43,19.346,19.346,72.52,254903.13,3164.569,89.26,1.333,45.296,66.982,168.897,24.105
4.197,2.43,19.35,19.35,72.51,255115.992,3163.04,89.251,1.336,45.293,66.819,168.843,24.097
4.197,2.43,19.356,19.356,72.499,255294.278,3161.761,89.247,1.345,45.296,66.334,168.814,24.09
4.197,2.43,19.363,19.363,72.486,255450.49,3160.641,89.246,1.359,45.303,65.651,168.8,24.084
4.197,2.43,19.371,19.371,72.473,255596.337,3159.597,89.245,1.375,45.31,64.882,168.794,24.077
4.197,2.43,19.379,19.379,72.459,255742.899,3158.548,89.245,1.392,45.318,64.131,168.786,24.071
4.197,2.43,19.386,19.386,72.446,255900.055,3157.425,89.243,1.406,45.324,63.481,168.771,24.064
4.197,2.43,19.393,19.393,72.433,256067.746,3156.227,89.24,1.418,45.329,62.928,168.747,24.057
4.197,2.43,19.4,19.4,72.42,256241.818,3154.986,89.236,1.429,45.332,62.435,168.719,24.05
4.197,2.43,19.406,19.406,72.408,256418.229,3153.729,89.231,1.44,45.336,61.968,168.688,24.043
4.197,2.43,19.413,19.413,72.395,256593.5,3152.481,89.227,1.451,45.339,61.497,168.659,24.036
4.197,2.43,19.42,19.42,72.383,256767.178,3151.246,89.223,1.462,45.343,61.019,168.63,24.029
4.197,2.43,19.427,19.427,72.37,256940.329,3150.016,89.219,1.474,45.346,60.544,168.602,24.023
4.197,2.43,19.433,19.433,72.357,257113.96,3148.784,89.215,1.485,45.35,60.077,168.574,24.016
4.197,2.43,19.44,19.44,72.344,257288.939,3147.544,89.21,1.496,45.353,59.627,168.544,24.009
4.197,2.43,19.447,19.447,72.332,257465.316,3146.296,89.206,1.507,45.356,59.193,168.513,24.002
4.197,2.43,19.453,19.453,72.319,257642.69,3145.041,89.201,1.518,45.359,58.771,168.482,23.995
4.197,2.43,19.46,19.46,72.306,257820.685,3143.784,89.196,1.528,45.362,58.359,168.45,23.988
4.197,2.43,19.466,19.466,72.294,257998.979,3142.525,89.192,1.539,45.365,57.955,168.417,23.981
4.197,2.43,19.473,19.473,72.281,258177.493,3141.267,89.187,1.55,45.368,57.557,168.385,23.974
4.197,2.43,19.48,19.48,72.268,258356.275,3140.008,89.182,1.56,45.371,57.165,168.352,23.967
4.197,2.43,19.486,19.486,72.256,258535.37,3138.749,89.177,1.571,45.374,56.781,168.319,23.96
4.197,2.43,19.493,19.493,72.243,258714.815,3137.488,89.172,1.581,45.377,56.404,168.286,23.953
4.197,2.43,19.499,19.499,72.23,258894.582,3136.226,89.167,1.591,45.379,56.034,168.253,23.946
4.197,2.43,19.506,19.506,72.218,259074.618,3134.964,89.162,1.602,45.382,55.67,168.219,23.939
4.197,2.43,19.512,19.512,72.205,259254.875,3133.702,89.157,1.612,45.385,55.312,168.185,23.932
4.197,2.43,19.519,19.519,72.192,259435.312,3132.439,89.152,1.622,45.387,54.959,168.151,23.925
4.197,2.43,19.525,19.525,72.18,259615.909,3131.177,89.147,1.632,45.39,54.612,168.118,23.918
4.197,2.43,19.532,19.532,72.167,259796.657,3129.916,89.142,1.643,45.392,54.27,168.083,23.911
4.197,2.43,19.538,19.538,72.155,259977.546,3128.655,89.137,1.653,45.395,53.932,168.049,23.904
4.197,2.43,19.545,19.545,72.142,260158.566,3127.394,89.132,1.663,45.398,53.6,168.015,23.897
4.197,2.43,19.551,19.551,72.13,260339.705,3126.134,89.127,1.673,45.4,53.273,167.981,23.891
4.197,2.43,19.558,19.558,72.117,260520.95,3124.874,89.122,1.683,45.403,52.949,167.947,23.884
4.197,2.43,19.564,19.564,72.105,260702.29,3123.615,89.117,1.693,45.405,52.631,167.912,23.877
4.197,2.43,19.571,19.571,72.092,260883.715,3122.357,89.112,1.703,45.408,52.316,167.878,23.87
4.197,2.43,19.577,19.577,72.08,261065.218,3121.1,89.107,1.713,45.41,52.006,167.844,23.863
4.197,2.43,19.584,19.584,72.067,261246.793,3119.844,89.102,1.723,45.413,51.7,167.809,23.856
4.197,2.43,19.59,19.59,72.055,261428.434,3118.589,89.097,1.733,45.415,51.397,167.775,23.849
4.197,2.43,19.597,19.597,72.042,261610.137,3117.334,89.091,1.744,45.417,51.099,167.741,23.842
4.197,2.43,19.603,19.603,72.03,261791.896,3116.081,89.086,1.754,45.42,50.804,167.706,23.835
4.197,2.43,19.61,19.61,72.017,261973.705,3114.828,89.081,1.764,45.422,50.513,167.672,23.828
4.197,2.43,19.616,19.616,72.005,262155.558,3113.577,89.076,1.774,45.425,50.225,167.637,23.822
4.197,2.43,19.623,19.623,71.992,262337.454,3112.327,89.071,1.784,45.427,49.941,167.603,23.815
4.197,2.43,19.629,19.629,71.98,262519.393,3111.078,89.066,1.793,45.43,49.661,167.569,23.808
4.197,2.43,19.636,19.636,71.968,262701.38,3109.829,89.061,1.803,45.432,49.383,167.534,23.801
4.197,2.43,19.642,19.642,71.955,262883.417,3108.582,89.056,1.813,45.435,49.109,167.5,23.794
4.197,2.43,19.648,19.648,71.943,263065.498,3107.336,89.051,1.823,45.437,48.838,167.466,23.787
4.197,2.43,19.655,19.655,71.93,263247.604,3106.091,89.046,1.833,45.44,48.571,167.431,23.78
4.197,2.43,19.661,19.661,71.918,263429.712,3104.848,89.041,1.843,45.442,48.306,167.397,23.774
4.197,2.43,19.668,19.668,71.906,263611.805,3103.606,89.036,1.853,45.444,48.044,167.363,23.767
4.197,2.43,19.674,19.674,71.893,263793.894,3102.365,89.031,1.863,45.447,47.785,167.329,23.76
4.197,2.43,19.681,19.681,71.881,263976.052,3101.125,89.026,1.873,45.449,47.529,167.295,23.753
4.197,2.43,19.687,19.687,71.869,264158.351,3099.886,89.021,1.883,45.452,47.276,167.26,23.746
4.197,2.43,19.694,19.694,71.856,264340.854,3098.646,89.016,1.893,45.454,47.027,167.226,23.74
4.197,2.43,19.7,19.7,71.844,264523.499,3097.407,89.011,1.903,45.457,46.782,167.192,23.733
4.197,2.43,19.706,19.706,71.832,264706.011,3096.171,89.006,1.913,45.459,46.538,167.158,23.726
4.197,2.43,19.713,19.713,71.82,264888.118,3094.938,89.001,1.922,45.462,46.295,167.124,23.719
4.197,2.43,19.719,19.719,71.807,265069.584,3093.711,88.996,1.933,45.464,46.051,167.09,23.712
4.197,2.43,19.726,19.726,71.795,265250.674,3092.488,88.991,1.943,45.467,45.809,167.057,23.706
4.197,2.43,19.732,19.732,71.783,265432.419,3091.261,88.986,1.953,45.469,45.572,167.024,23.699
4.197,2.43,19.739,19.739,71.771,265615.823,3090.025,88.981,1.962,45.472,45.344,166.989,23.692
4.197,2.43,19.745,19.745,71.758,265801.763,3088.773,88.976,1.972,45.474,45.129,166.953,23.685
4.197,2.43,19.751,19.751,71.747,265989.121,3087.513,88.97,1.981,45.475,44.922,166.916,23.679
4.197,2.43,19.757,19.757,71.735,266174.064,3086.271,88.965,1.99,45.477,44.708,166.88,23.672
4.197,2.43,19.764,19.764,71.722,266352.936,3085.071,88.96,2.0,45.48,44.471,166.849,23.665
4.197,2.43,19.771,19.771,71.709,266522.523,3083.934,88.957,2.013,45.485,44.199,166.824,23.659
4.197,2.43,19.778,19.778,71.696,266686.886,3082.833,88.954,2.026,45.49,43.909,166.803,23.652
4.197,2.43,19.785,19.785,71.683,266860.539,3081.671,88.95,2.037,45.494,43.657,166.775,23.646
4.197,2.43,19.791,19.791,71.672,267058.157,3080.351,88.944,2.045,45.494,43.5,166.731,23.639
4.197,2.43,19.795,19.795,71.662,267292.039,3078.79,88.933,2.045,45.489,43.487,166.662,23.631
4.197,2.43,19.797,19.797,71.655,267554.806,3077.039,88.918,2.04,45.479,43.59,166.574,23.623
4.197,2.43,19.798,19.798,71.648,267819.849,3075.275,88.904,2.034,45.469,43.71,166.485,23.616
4.197,2.43,19.801,19.801,71.64,268067.258,3073.631,88.892,2.031,45.461,43.767,166.41,23.608
4.197,2.43,19.804,19.804,71.632,268284.323,3072.191,88.884,2.033,45.459,43.711,166.357,23.601
4.197,2.43,19.81,19.81,71.621,268467.395,3070.978,88.88,2.042,45.461,43.525,166.328,23.594
4.197,2.43,19.817,19.817,71.609,268627.386,3069.918,88.878,2.055,45.467,43.251,166.314,23.588
4.197,2.43,19.824,19.824,71.597,268775.256,3068.94,88.878,2.07,45.474,42.933,166.308,23.582
4.197,2.43,19.832,19.832,71.584,268921.109,3067.976,88.879,2.086,45.482,42.609,166.302,23.576
4.197,2.43,19.84,19.84,71.571,269074.983,3066.96,88.878,2.1,45.489,42.315,166.291,23.57
4.197,2.43,19.846,19.846,71.559,269240.235,3065.87,88.875,2.113,45.494,42.065,166.272,23.563
4.197,2.43,19.853,19.853,71.547,269413.29,3064.73,88.872,2.124,45.498,41.844,166.247,23.557
4.197,2.43,19.859,19.859,71.536,269590.322,3063.564,88.868,2.134,45.501,41.638,166.219,23.55
4.197,2.43,19.866,19.866,71.524,269767.722,3062.397,88.864,2.145,45.505,41.435,166.191,23.544
4.197,2.43,19.872,19.872,71.512,269943.374,3061.243,88.861,2.155,45.508,41.228,166.164,23.537
4.197,2.43,19.879,19.879,71.5,270117.963,3060.098,88.857,2.166,45.512,41.018,166.138,23.531
4.197,2.43,19.885,19.885,71.488,270292.457,3058.954,88.854,2.177,45.515,40.81,166.112,23.524
4.197,2.43,19.892,19.892,71.476,270467.759,3057.805,88.85,2.188,45.519,40.605,166.085,23.518
4.197,2.43,19.898,19.898,71.464,270644.515,3056.649,88.846,2.199,45.522,40.407,166.057,23.511
4.197,2.43,19.905,19.905,71.452,270822.529,3055.485,88.842,2.209,45.526,40.214,166.028,23.505
4.197,2.43,19.911,19.911,71.441,271001.426,3054.317,88.838,2.219,45.529,40.026,165.998,23.498
4.197,2.43,19.918,19.918,71.429,271180.862,3053.147,88.834,2.23,45.532,39.841,165.968,23.492
4.197,2.43,19.924,19.924,71.417,271360.556,3051.976,88.83,2.24,45.535,39.658,165.938,23.485
4.197,2.43,19.931,19.931,71.405,271540.466,3050.805,88.825,2.25,45.538,39.478,165.908,23.479
4.197,2.43,19.937,19.937,71.393,271720.636,3049.633,88.821,2.26,45.541,39.299,165.877,23.472
4.197,2.43,19.943,19.943,71.381,271901.108,3048.461,88.817,2.27,45.543,39.123,165.846,23.466
4.197,2.43,19.95,19.95,71.369,272081.913,3047.288,88.812,2.28,45.546,38.95,165.815,23.459
4.197,2.43,19.956,19.956,71.358,272263.027,3046.114,88.808,2.29,45.549,38.778,165.784,23.453
4.197,2.43,19.962,19.962,71.346,272444.4,3044.94,88.804,2.3,45.552,38.609,165.753,23.446
4.197,2.43,19.969,19.969,71.334,272625.985,3043.765,88.799,2.31,45.555,38.442,165.721,23.44
4.197,2.43,19.975,19.975,71.322,272807.741,3042.591,88.795,2.32,45.557,38.277,165.689,23.433
4.197,2.43,19.982,19.982,71.31,272989.646,3041.416,88.79,2.33,45.56,38.114,165.658,23.427
4.197,2.43,19.988,19.988,71.299,273171.69,3040.243,88.786,2.339,45.563,37.952,165.626,23.42
4.197,2.43,19.994,19.994,71.287,273353.862,3039.069,88.781,2.349,45.565,37.792,165.594,23.414
4.197,2.43,20.001,20.001,71.275,273536.155,3037.896,88.777,2.359,45.568,37.634,165.562,23.407
4.197,2.43,20.007,20.007,71.263,273718.556,3036.724,88.772,2.369,45.57,37.477,165.53,23.401
4.197,2.43,20.013,20.013,71.251,273901.052,3035.552,88.768,2.378,45.573,37.322,165.498,23.394
4.197,2.43,20.019,20.019,71.24,274083.628,3034.381,88.763,2.388,45.576,37.169,165.466,23.388
4.197,2.43,20.026,20.026,71.228,274266.275,3033.211,88.759,2.398,45.578,37.017,165.433,23.381
4.197,2.43,20.032,20.032,71.216,274448.984,3032.042,88.754,2.407,45.581,36.866,165.401,23.375
4.197,2.43,20.038,20.038,71.205,274631.755,3030.873,88.75,2.417,45.583,36.717,165.369,23.368
4.197,2.43,20.045,20.045,71.193,274814.585,3029.705,88.745,2.427,45.586,36.569,165.337,23.362
4.197,2.43,20.051,20.051,71.181,274997.473,3028.538,88.74,2.436,45.588,36.422,165.305,23.355
4.197,2.43,20.057,20.057,71.169,275180.409,3027.372,88.736,2.446,45.591,36.277,165.272,23.349
4.197,2.43,20.064,20.064,71.158,275363.37,3026.207,88.731,2.456,45.594,36.133,165.24,23.343
4.197,2.43,20.07,20.07,71.146,275546.332,3025.044,88.727,2.465,45.596,35.99,165.208,23.336
4.197,2.43,20.076,20.076,71.134,275729.275,3023.881,88.722,2.475,45.599,35.849,165.176,23.33
4.197,2.43,20.082,20.082,71.123,275912.208,3022.72,88.718,2.485,45.601,35.708,165.144,23.323
4.197,2.43,20.089,20.089,71.111,276095.197,3021.56,88.713,2.494,45.604,35.569,165.112,23.317
4.197,2.43,20.095,20.095,71.1,276278.305,3020.4,88.709,2.504,45.606,35.431,165.079,23.31
4.197,2.43,20.101,20.101,71.088,276461.591,3019.241,88.704,2.513,45.609,35.295,165.047,23.304
4.197,2.43,20.108,20.108,71.076,276645.032,3018.081,88.7,2.523,45.611,35.161,165.015,23.298
4.197,2.43,20.114,20.114,71.065,276828.386,3016.924,88.695,2.532,45.614,35.027,164.982,23.291
4.197,2.43,20.12,20.12,71.053,277011.395,3015.769,88.691,2.542,45.616,34.893,164.95,23.285
4.197,2.43,20.126,20.126,71.042,277193.828,3014.62,88.686,2.551,45.619,34.759,164.919,23.279
4.197,2.43,20.133,20.133,71.03,277375.67,3013.475,88.682,2.561,45.622,34.625,164.887,23.272
4.197,2.43,20.139,20.139,71.018,277557.743,3012.331,88.678,2.571,45.624,34.492,164.856,23.266
4.197,2.43,20.145,20.145,71.007,277741.009,3011.179,88.673,2.58,45.627,34.364,164.824,23.259
4.197,2.43,20.152,20.152,70.995,277926.34,3010.017,88.668,2.59,45.629,34.241,164.79,23.253
4.197,2.43,20.158,20.158,70.984,278114.045,3008.84,88.663,2.598,45.631,34.124,164.755,23.247
4.197,2.43,20.164,20.164,70.973,278301.405,3007.667,88.658,2.607,45.633,34.008,164.721,23.24
4.197,2.43,20.17,20.17,70.961,278484.846,3006.52,88.654,2.616,45.635,33.884,164.688,23.234
4.197,2.43,20.176,20.176,70.95,278661.151,3005.418,88.65,2.627,45.639,33.745,164.661,23.228
4.197,2.43,20.183,20.183,70.937,278828.25,3004.375,88.648,2.639,45.644,33.586,164.64,23.222
4.197,2.43,20.191,20.191,70.925,278994.22,3003.34,88.645,2.652,45.649,33.425,164.619,23.215
4.197,2.43,20.197,20.197,70.913,279173.014,3002.226,88.641,2.662,45.652,33.293,164.589,23.209
4.197,2.43,20.202,20.202,70.903,279377.838,3000.951,88.634,2.668,45.651,33.219,164.543,23.203
4.197,2.43,20.206,20.206,70.894,279618.522,2999.455,88.623,2.667,45.645,33.225,164.474,23.195
4.197,2.43,20.207,20.207,70.887,279883.118,2997.813,88.61,2.662,45.636,33.286,164.389,23.188
4.197,2.43,20.209,20.209,70.881,280147.053,2996.177,88.596,2.657,45.626,33.349,164.307,23.181
4.197,2.43,20.211,20.211,70.873,280392.935,2994.656,88.585,2.654,45.62,33.377,164.237,23.174
4.197,2.43,20.215,20.215,70.865,280609.683,2993.316,88.578,2.657,45.617,33.343,164.187,23.167
4.197,2.43,20.221,20.221,70.855,280793.841,2992.179,88.574,2.665,45.619,33.24,164.158,23.161
4.197,2.43,20.227,20.227,70.844,280955.269,2991.183,88.573,2.677,45.625,33.088,164.145,23.155
4.197,2.43,20.235,20.235,70.833,281104.066,2990.267,88.573,2.691,45.632,32.91,164.139,23.149
4.197,2.43,20.242,20.242,70.821,281249.42,2989.372,88.574,2.707,45.64,32.724,164.135,23.143
4.197,2.43,20.25,20.25,70.809,281400.641,2988.441,88.573,2.721,45.647,32.551,164.127,23.138
4.197,2.43,20.256,20.256,70.797,281563.168,2987.442,88.572,2.734,45.653,32.401,164.11,23.132
4.197,2.43,20.263,20.263,70.786,281734.35,2986.391,88.569,2.745,45.657,32.27,164.088,23.126
4.197,2.43,20.269,20.269,70.775,281910.614,2985.31,88.566,2.755,45.66,32.149,164.063,23.119
4.197,2.43,20.275,20.275,70.764,282088.542,2984.219,88.563,2.765,45.664,32.032,164.037,23.113
4.197,2.43,20.282,20.282,70.753,282265.25,2983.137,88.559,2.775,45.667,31.914,164.011,23.107
4.197,2.43,20.288,20.288,70.741,282440.486,2982.065,88.556,2.785,45.671,31.793,163.986,23.101
4.197,2.43,20.295,20.295,70.73,282615.169,2980.998,88.553,2.796,45.675,31.671,163.961,23.095
4.197,2.43,20.301,20.301,70.719,282790.159,2979.93,88.55,2.807,45.678,31.551,163.936,23.089
4.197,2.43,20.307,20.307,70.707,282966.25,2978.856,88.547,2.817,45.682,31.433,163.91,23.083
4.197,2.43,20.314,20.314,70.696,283143.746,2977.774,88.543,2.827,45.685,31.318,163.883,23.077
4.197,2.43,20.32,20.32,70.685,283322.327,2976.687,88.54,2.837,45.688,31.206,163.856,23.071
4.197,2.43,20.326,20.326,70.674,283501.652,2975.597,88.536,2.847,45.692,31.097,163.828,23.064
4.197,2.43,20.333,20.333,70.663,283681.413,2974.505,88.532,2.857,45.695,30.988,163.8,23.058
4.197,2.43,20.339,20.339,70.651,283861.385,2973.413,88.528,2.867,45.698,30.881,163.771,23.052
4.197,2.43,20.345,20.345,70.64,284041.563,2972.321,88.525,2.877,45.701,30.774,163.743,23.046
4.197,2.43,20.352,20.352,70.629,284221.988,2971.228,88.521,2.886,45.704,30.669,163.714,23.04
4.197,2.43,20.358,20.358,70.618,284402.699,2970.135,88.517,2.896,45.707,30.564,163.685,23.034
4.197,2.43,20.364,20.364,70.607,284583.726,2969.04,88.513,2.906,45.709,30.461,163.656,23.028
4.197,2.43,20.37,20.37,70.595,284765.046,2967.946,88.509,2.915,45.712,30.359,163.626,23.022
4.197,2.43,20.377,20.377,70.584,284946.615,2966.85,88.505,2.925,45.715,30.258,163.597,23.015
4.197,2.43,20.383,20.383,70.573,285128.391,2965.755,88.501,2.935,45.718,30.158,163.567,23.009
4.197,2.43,20.389,20.389,70.562,285310.337,2964.66,88.497,2.944,45.721,30.059,163.537,23.003
4.197,2.43,20.395,20.395,70.551,285492.431,2963.565,88.493,2.954,45.723,29.961,163.508,22.997
4.197,2.43,20.401,20.401,70.54,285674.66,2962.47,88.489,2.963,45.726,29.864,163.478,22.991
4.197,2.43,20.408,20.408,70.529,285857.018,2961.375,88.485,2.973,45.729,29.767,163.448,22.985
4.197,2.43,20.414,20.414,70.517,286039.494,2960.281,88.481,2.982,45.732,29.671,163.418,22.979
4.197,2.43,20.42,20.42,70.506,286222.084,2959.188,88.477,2.991,45.734,29.576,163.388,22.973
4.197,2.43,20.426,20.426,70.495,286404.781,2958.094,88.473,3.001,45.737,29.482,163.358,22.967
4.197,2.43,20.432,20.432,70.484,286587.579,2957.002,88.469,3.01,45.74,29.388,163.328,22.96
4.197,2.43,20.439,20.439,70.473,286770.475,2955.91,88.465,3.02,45.743,29.296,163.298,22.954
4.197,2.43,20.445,20.445,70.462,286953.462,2954.818,88.461,3.029,45.745,29.204,163.268,22.948
4.197,2.43,20.451,20.451,70.451,287136.52,2953.727,88.457,3.039,45.748,29.112,163.238,22.942
4.197,2.43,20.457,20.457,70.44,287319.627,2952.637,88.453,3.048,45.751,29.021,163.207,22.936
4.197,2.43,20.463,20.463,70.429,287502.764,2951.548,88.449,3.057,45.753,28.931,163.177,22.93
4.197,2.43,20.469,20.469,70.418,287685.916,2950.459,88.445,3.067,45.756,28.841,163.147,22.924
4.197,2.43,20.476,20.476,70.407,287869.117,2949.372,88.441,3.076,45.759,28.752,163.117,22.918
4.197,2.43,20.482,20.482,70.396,288052.429,2948.285,88.437,3.085,45.761,28.664,163.087,22.912
4.197,2.43,20.488,20.488,70.385,288235.911,2947.198,88.433,3.095,45.764,28.577,163.057,22.906
4.197,2.43,20.494,20.494,70.374,288419.612,2946.111,88.429,3.104,45.767,28.49,163.027,22.9
4.197,2.43,20.5,20.5,70.363,288603.463,2945.024,88.425,3.113,45.769,28.404,162.997,22.894
4.197,2.43,20.506,20.506,70.352,288787.223,2943.939,88.421,3.122,45.772,28.318,162.966,22.888
4.197,2.43,20.512,20.512,70.341,288970.657,2942.857,88.417,3.132,45.774,28.233,162.936,22.882
4.197,2.43,20.519,20.519,70.33,289153.555,2941.779,88.413,3.141,45.777,28.147,162.907,22.876
4.197,2.43,20.525,20.525,70.319,289335.944,2940.705,88.409,3.151,45.78,28.061,162.878,22.87
4.197,2.43,20.531,20.531,70.308,289518.622,2939.63,88.406,3.16,45.783,27.975,162.848,22.864
4.197,2.43,20.537,20.537,70.297,289702.48,2938.55,88.402,3.169,45.785,27.892,162.818,22.858
4.197,2.43,20.543,20.543,70.286,289888.329,2937.459,88.397,3.178,45.788,27.813,162.787,22.852
4.197,2.43,20.549,20.549,70.276,290076.593,2936.355,88.393,3.187,45.79,27.737,162.754,22.845
4.197,2.43,20.555,20.555,70.265,290265.015,2935.251,88.388,3.195,45.792,27.662,162.722,22.839
4.197,2.43,20.561,20.561,70.254,290450.224,2934.167,88.384,3.204,45.794,27.583,162.691,22.833
4.197,2.43,20.567,20.567,70.243,290629.186,2933.121,88.381,3.214,45.798,27.496,162.665,22.827
4.197,2.43,20.574,20.574,70.231,290799.296,2932.127,88.379,3.226,45.802,27.396,162.644,22.822
4.197,2.43,20.581,20.581,70.22,290964.999,2931.16,88.377,3.238,45.808,27.29,162.625,22.816
4.197,2.43,20.588,20.588,70.208,291139.039,2930.145,88.374,3.249,45.812,27.196,162.601,22.81
4.197,2.43,20.594,20.594,70.198,291334.09,2929.009,88.369,3.257,45.813,27.132,162.564,22.804
4.197,2.43,20.597,20.597,70.189,291561.295,2927.687,88.36,3.259,45.809,27.114,162.507,22.797
4.197,2.43,20.6,20.6,70.182,291820.1,2926.183,88.347,3.255,45.801,27.142,162.431,22.79
4.197,2.43,20.601,20.601,70.176,292088.058,2924.629,88.334,3.249,45.792,27.184,162.351,22.783
4.197,2.43,20.603,20.603,70.169,292345.583,2923.137,88.323,3.245,45.784,27.215,162.277,22.777
4.197,2.43,20.606,20.606,70.162,292579.905,2921.781,88.314,3.245,45.779,27.216,162.22,22.77
4.197,2.43,20.61,20.61,70.154,292783.077,2920.607,88.308,3.25,45.779,27.174,162.182,22.764
4.197,2.43,20.616,20.616,70.144,292957.84,2919.598,88.306,3.259,45.783,27.093,162.162,22.758
4.197,2.43,20.623,20.623,70.133,293114.51,2918.694,88.306,3.272,45.789,26.987,162.153,22.753
4.197,2.43,20.63,20.63,70.122,293261.986,2917.844,88.307,3.287,45.797,26.868,162.149,22.747
4.197,2.43,20.637,20.637,70.111,293408.781,2916.999,88.308,3.302,45.805,26.748,162.145,22.742
4.197,2.43,20.645,20.645,70.099,293563.487,2916.108,88.307,3.315,45.811,26.638,162.136,22.736
4.197,2.43,20.651,20.651,70.088,293729.159,2915.156,88.306,3.327,45.816,26.543,162.12,22.731
4.197,2.43,20.658,20.658,70.078,293902.699,2914.159,88.304,3.337,45.821,26.458,162.099,22.725
4.197,2.43,20.664,20.664,70.067,294080.744,2913.137,88.301,3.347,45.824,26.38,162.075,22.719
4.197,2.43,20.67,20.67,70.057,294260.092,2912.109,88.298,3.357,45.827,26.303,162.05,22.713
4.197,2.43,20.676,20.676,70.046,294438.132,2911.089,88.295,3.367,45.831,26.225,162.026,22.708
4.197,2.43,20.682,20.682,70.036,294614.806,2910.078,88.292,3.377,45.835,26.146,162.002,22.702
4.197,2.43,20.688,20.688,70.025,294790.985,2909.071,88.289,3.387,45.838,26.066,161.979,22.696
4.197,2.43,20.695,20.695,70.014,294967.476,2908.063,88.287,3.397,45.842,25.987,161.956,22.69
4.197,2.43,20.701,20.701,70.004,295145.034,2907.05,88.284,3.407,45.846,25.909,161.932,22.684
4.197,2.43,20.707,20.707,69.993,295324.003,2906.03,88.281,3.417,45.849,25.833,161.907,22.679
4.197,2.43,20.713,20.713,69.982,295504.091,2905.004,88.278,3.427,45.852,25.759,161.881,22.673
4.197,2.43,20.719,20.719,69.972,295684.972,2903.975,88.274,3.437,45.855,25.686,161.854,22.667
4.197,2.43,20.725,20.725,69.961,295866.346,2902.944,88.271,3.446,45.859,25.614,161.828,22.661
4.197,2.43,20.732,20.732,69.95,296047.967,2901.913,88.268,3.456,45.862,25.543,161.801,22.655
4.197,2.43,20.738,20.738,69.94,296229.79,2900.881,88.264,3.465,45.865,25.472,161.774,22.65
4.197,2.43,20.744,20.744,69.929,296411.853,2899.849,88.261,3.475,45.868,25.402,161.747,22.644
4.197,2.43,20.75,20.75,69.919,296594.19,2898.817,88.257,3.484,45.871,25.332,161.72,22.638
4.197,2.43,20.756,20.756,69.908,296776.833,2897.784,88.254,3.493,45.874,25.263,161.692,22.632
4.197,2.43,20.762,20.762,69.897,296959.782,2896.75,88.25,3.503,45.877,25.195,161.664,22.626
4.197,2.43,20.768,20.768,69.887,297142.999,2895.715,88.247,3.512,45.879,25.127,161.637,22.621
4.197,2.43,20.774,20.774,69.876,297326.444,2894.681,88.243,3.521,45.882,25.06,161.609,22.615
4.197,2.43,20.78,20.78,69.866,297510.084,2893.646,88.24,3.53,45.885,24.994,161.581,22.609
4.197,2.43,20.786,20.786,69.855,297693.888,2892.611,88.236,3.54,45.888,24.928,161.552,22.603
4.197,2.43,20.792,20.792,69.845,297877.828,2891.577,88.232,3.549,45.891,24.862,161.524,22.597
4.197,2.43,20.798,20.798,69.834,298061.878,2890.543,88.229,3.558,45.893,24.797,161.496,22.592
4.197,2.43,20.804,20.804,69.824,298246.016,2889.509,88.225,3.567,45.896,24.733,161.468,22.586
4.197,2.43,20.81,20.81,69.813,298430.224,2888.476,88.222,3.576,45.899,24.668,161.439,22.58
4.197,2.43,20.817,20.817,69.803,298614.52,2887.444,88.218,3.585,45.902,24.605,161.411,22.574
4.197,2.43,20.823,20.823,69.792,298798.957,2886.412,88.214,3.595,45.904,24.541,161.383,22.568
4.197,2.43,20.829,20.829,69.782,298983.584,2885.38,88.211,3.604,45.907,24.478,161.354,22.563
4.197,2.43,20.835,20.835,69.771,299168.443,2884.347,88.207,3.613,45.91,24.416,161.326,22.557
4.197,2.43,20.841,20.841,69.761,299353.506,2883.315,88.203,3.622,45.913,24.355,161.297,22.551
4.197,2.43,20.847,20.847,69.75,299538.555,2882.283,88.2,3.631,45.915,24.293,161.268,22.545
4.197,2.43,20.853,20.853,69.74,299723.358,2881.254,88.196,3.64,45.918,24.232,161.24,22.54
4.197,2.43,20.859,20.859,69.729,299907.708,2880.228,88.193,3.649,45.921,24.17,161.212,22.534
4.197,2.43,20.865,20.865,69.719,300091.476,2879.207,88.189,3.658,45.924,24.108,161.184,22.528
4.197,2.43,20.871,20.871,69.708,300275.196,2878.186,88.186,3.667,45.926,24.047,161.156,22.522
4.197,2.43,20.877,20.877,69.698,300459.735,2877.163,88.182,3.676,45.929,23.986,161.128,22.517
4.197,2.43,20.883,20.883,69.687,300645.888,2876.131,88.178,3.685,45.932,23.928,161.098,22.511
4.197,2.43,20.889,20.889,69.677,300834.36,2875.088,88.174,3.694,45.934,23.872,161.068,22.505
4.197,2.43,20.894,20.894,69.667,301024.422,2874.036,88.17,3.702,45.936,23.819,161.036,22.499
4.197,2.43,20.9,20.9,69.657,301212.967,2872.994,88.166,3.71,45.938,23.764,161.006,22.494
4.197,2.43,20.906,20.906,69.646,301396.964,2871.979,88.162,3.719,45.941,23.705,160.978,22.488
4.197,2.43,20.912,20.912,69.636,301573.66,2871.004,88.16,3.73,45.945,23.638,160.955,22.482
4.197,2.43,20.919,20.919,69.625,301741.859,2870.077,88.158,3.741,45.95,23.563,160.937,22.477
4.197,2.43,20.926,20.926,69.613,301910.136,2869.151,88.156,3.753,45.955,23.488,160.918,22.471
4.197,2.43,20.932,20.932,69.603,302090.881,2868.157,88.153,3.763,45.958,23.426,160.892,22.466
4.197,2.43,20.938,20.938,69.593,302295.758,2867.031,88.147,3.769,45.958,23.388,160.852,22.46
4.197,2.43,20.941,20.941,69.585,302534.097,2865.723,88.138,3.769,45.953,23.385,160.791,22.453
4.197,2.43,20.943,20.943,69.579,302798.584,2864.273,88.126,3.764,45.945,23.41,160.716,22.447
4.197,2.43,20.944,20.944,69.573,303066.757,2862.805,88.113,3.759,45.936,23.44,160.639,22.44
4.197,2.43,20.946,20.946,69.567,303321.674,2861.412,88.102,3.756,45.929,23.459,160.571,22.434
4.197,2.43,20.949,20.949,69.56,303552.45,2860.152,88.094,3.756,45.925,23.455,160.519,22.427
4.197,2.43,20.953,20.953,69.552,303752.504,2859.061,88.09,3.761,45.925,23.421,160.485,22.422
4.197,2.43,20.959,20.959,69.542,303925.955,2858.116,88.088,3.771,45.929,23.36,160.467,22.416
4.197,2.43,20.966,20.966,69.532,304082.495,2857.264,88.088,3.783,45.936,23.283,160.459,22.411
4.197,2.43,20.973,20.973,69.521,304230.405,2856.46,88.089,3.798,45.943,23.196,160.456,22.406
4.197,2.43,20.98,20.98,69.51,304377.648,2855.66,88.09,3.812,45.951,23.109,160.453,22.401
4.197,2.43,20.987,20.987,69.5,304532.354,2854.82,88.091,3.825,45.958,23.029,160.445,22.395
4.197,2.43,20.994,20.994,69.489,304697.927,2853.921,88.089,3.837,45.963,22.959,160.43,22.39
4.197,2.43,21.0,21.0,69.479,304871.54,2852.98,88.087,3.847,45.967,22.897,160.411,22.385
4.197,2.43,21.006,21.006,69.469,305049.989,2852.013,88.085,3.857,45.971,22.839,160.388,22.379
4.197,2.43,21.012,21.012,69.459,305230.212,2851.038,88.082,3.866,45.974,22.783,160.364,22.373
4.197,2.43,21.018,21.018,69.449,305409.505,2850.069,88.08,3.876,45.978,22.727,160.341,22.368
4.197,2.43,21.024,21.024,69.439,305587.285,2849.109,88.077,3.885,45.981,22.669,160.318,22.362
4.197,2.43,21.03,21.03,69.429,305764.365,2848.153,88.075,3.895,45.985,22.61,160.296,22.357
4.197,2.43,21.036,21.036,69.419,305941.522,2847.198,88.072,3.905,45.989,22.552,160.274,22.351
4.197,2.43,21.042,21.042,69.408,306119.484,2846.24,88.07,3.915,45.992,22.495,160.251,22.346
4.197,2.43,21.049,21.049,69.398,306298.796,2845.275,88.067,3.925,45.996,22.439,160.228,22.34
4.197,2.43,21.055,21.055,69.388,306479.318,2844.304,88.064,3.934,45.999,22.384,160.203,22.335
4.197,2.43,21.061,21.061,69.378,306660.727,2843.33,88.061,3.944,46.002,22.33,160.178,22.329
4.197,2.43,21.067,21.067,69.368,306842.725,2842.353,88.058,3.953,46.006,22.277,160.153,22.324
4.197,2.43,21.073,21.073,69.358,307025.045,2841.376,88.055,3.962,46.009,22.225,160.127,22.318
4.197,2.43,21.079,21.079,69.348,307207.54,2840.398,88.052,3.971,46.012,22.172,160.102,22.313
4.197,2.43,21.085,21.085,69.337,307390.236,2839.42,88.049,3.98,46.015,22.121,160.076,22.307
4.197,2.43,21.09,21.09,69.327,307573.172,2838.442,88.046,3.99,46.018,22.069,160.05,22.302
4.197,2.43,21.096,21.096,69.317,307756.385,2837.464,88.043,3.999,46.021,22.018,160.024,22.296
4.197,2.43,21.102,21.102,69.307,307939.903,2836.485,88.04,4.008,46.024,21.967,159.998,22.291
4.197,2.43,21.108,21.108,69.297,308123.694,2835.505,88.036,4.017,46.027,21.917,159.971,22.285
4.197,2.43,21.114,21.114,69.287,308307.702,2834.525,88.033,4.026,46.029,21.867,159.944,22.28
4.197,2.43,21.12,21.12,69.277,308491.873,2833.545,88.03,4.035,46.032,21.818,159.918,22.274
4.197,2.43,21.126,21.126,69.267,308676.159,2832.565,88.027,4.044,46.035,21.769,159.891,22.269
4.197,2.43,21.132,21.132,69.257,308860.543,2831.586,88.023,4.053,46.038,21.72,159.864,22.263
4.197,2.43,21.138,21.138,69.247,309045.067,2830.607,88.02,4.062,46.041,21.671,159.838,22.258
4.197,2.43,21.144,21.144,69.237,309229.78,2829.627,88.017,4.07,46.044,21.623,159.811,22.252
4.197,2.43,21.15,21.15,69.227,309414.728,2828.648,88.014,4.079,46.046,21.576,159.784,22.246
4.197,2.43,21.156,21.156,69.217,309599.942,2827.668,88.01,4.088,46.049,21.528,159.756,22.241
4.197,2.43,21.162,21.162,69.207,309785.296,2826.688,88.007,4.097,46.052,21.481,159.729,22.235
4.197,2.43,21.168,21.168,69.197,309970.561,2825.71,88.004,4.106,46.055,21.434,159.702,22.23
4.197,2.43,21.173,21.173,69.187,310155.527,2824.734,88.0,4.115,46.057,21.387,159.675,22.224
4.197,2.43,21.179,21.179,69.177,310340.0,2823.761,87.997,4.124,46.06,21.34,159.648,22.219
4.197,2.43,21.185,21.185,69.167,310523.996,2822.792,87.994,4.133,46.063,21.293,159.622,22.214
4.197,2.43,21.191,21.191,69.156,310708.217,2821.823,87.991,4.142,46.066,21.246,159.595,22.208
4.197,2.43,21.197,21.197,69.146,310893.459,2820.85,87.987,4.15,46.069,21.2,159.568,22.203
4.197,2.43,21.203,21.203,69.137,311080.448,2819.868,87.984,4.159,46.071,21.156,159.54,22.197
4.197,2.43,21.209,21.209,69.127,311269.774,2818.874,87.98,4.167,46.074,21.113,159.511,22.192
4.197,2.43,21.214,21.214,69.117,311460.208,2817.876,87.976,4.175,46.076,21.072,159.481,22.186
4.197,2.43,21.22,21.22,69.107,311648.725,2816.889,87.973,4.183,46.078,21.03,159.452,22.181
4.197,2.43,21.226,21.226,69.097,311832.525,2815.928,87.97,4.192,46.081,20.984,159.426,22.175
4.197,2.43,21.232,21.232,69.087,312009.052,2815.005,87.967,4.202,46.085,20.933,159.404,22.17
4.197,2.43,21.239,21.239,69.076,312177.431,2814.126,87.966,4.214,46.09,20.875,159.387,22.164
4.197,2.43,21.246,21.246,69.066,312346.155,2813.245,87.964,4.226,46.095,20.817,159.37,22.159
4.197,2.43,21.252,21.252,69.055,312526.889,2812.303,87.962,4.235,46.098,20.769,159.345,22.154
4.197,2.43,21.257,21.257,69.046,312730.62,2811.242,87.956,4.241,46.099,20.739,159.307,22.148
4.197,2.43,21.26,21.26,69.038,312966.401,2810.016,87.948,4.242,46.095,20.734,159.251,22.142
4.197,2.43,21.262,21.262,69.032,313229.389,2808.649,87.936,4.238,46.087,20.751,159.18,22.136
4.197,2.43,21.264,21.264,69.027,313498.351,2807.254,87.924,4.232,46.078,20.774,159.106,22.129
4.197,2.43,21.265,21.265,69.021,313756.492,2805.916,87.913,4.229,46.071,20.79,159.039,22.123
4.197,2.43,21.268,21.268,69.014,313992.912,2804.692,87.905,4.228,46.067,20.79,158.985,22.117
4.197,2.43,21.272,21.272,69.007,314200.635,2803.619,87.9,4.232,46.066,20.77,158.949,22.112
4.197,2.43,21.277,21.277,68.998,314380.429,2802.69,87.898,4.241,46.069,20.728,158.929,22.106
4.197,2.43,21.284,21.284,68.989,314541.368,2801.86,87.898,4.252,46.075,20.672,158.919,22.101
4.197,2.43,21.29,21.29,68.979,314691.47,2801.086,87.899,4.266,46.082,20.607,158.916,22.096
4.197,2.43,21.298,21.298,68.968,314838.164,2800.33,87.901,4.28,46.09,20.539,158.914,22.091
4.197,2.43,21.305,21.305,68.958,314989.043,2799.553,87.901,4.293,46.097,20.475,158.909,22.086
4.197,2.43,21.311,21.311,68.948,315150.322,2798.723,87.901,4.305,46.103,20.417,158.898,22.081
4.197,2.43,21.318,21.318,68.938,315320.935,2797.846,87.9,4.316,46.108,20.367,158.881,22.076
4.197,2.43,21.324,21.324,68.928,315497.819,2796.938,87.898,4.325,46.112,20.321,158.861,22.071
4.197,2.43,21.329,21.329,68.919,315677.994,2796.014,87.895,4.335,46.115,20.278,158.839,22.066
4.197,2.43,21.335,21.335,68.909,315858.652,2795.087,87.893,4.344,46.118,20.234,158.816,22.06
4.197,2.43,21.341,21.341,68.899,316037.813,2794.17,87.891,4.353,46.122,20.19,158.794,22.055
4.197,2.43,21.347,21.347,68.89,316215.806,2793.259,87.888,4.363,46.126,20.146,158.773,22.05
4.197,2.43,21.353,21.353,68.88,316393.403,2792.351,87.886,4.372,46.129,20.1,158.752,22.045
4.197,2.43,21.359,21.359,68.87,316571.321,2791.442,87.884,4.382,46.133,20.056,158.73,22.039
4.197,2.43,21.365,21.365,68.86,316750.228,2790.529,87.882,4.392,46.137,20.012,158.708,22.034
4.197,2.43,21.371,21.371,68.851,316930.486,2789.61,87.879,4.401,46.14,19.969,158.686,22.029
4.197,2.43,21.377,21.377,68.841,317111.849,2788.686,87.877,4.41,46.143,19.926,158.662,22.024
4.197,2.43,21.383,21.383,68.831,317294.016,2787.759,87.874,4.419,46.147,19.885,158.638,22.018
4.197,2.43,21.389,21.389,68.822,317476.711,2786.83,87.871,4.428,46.15,19.844,158.614,22.013
4.197,2.43,21.395,21.395,68.812,317659.684,2785.9,87.869,4.437,46.153,19.803,158.59,22.008
4.197,2.43,21.401,21.401,68.802,317842.824,2784.971,87.866,4.446,46.156,19.763,158.565,22.002
4.197,2.43,21.407,21.407,68.793,318026.163,2784.041,87.863,4.455,46.159,19.722,158.54,21.997
4.197,2.43,21.412,21.412,68.783,318209.737,2783.111,87.86,4.464,46.162,19.682,158.516,21.992
4.197,2.43,21.418,21.418,68.773,318393.58,2782.18,87.857,4.473,46.165,19.643,158.491,21.986
4.197,2.43,21.424,21.424,68.764,318577.719,2781.249,87.854,4.482,46.168,19.603,158.466,21.981
4.197,2.43,21.43,21.43,68.754,318762.126,2780.317,87.851,4.49,46.171,19.564,158.44,21.976
4.197,2.43,21.436,21.436,68.744,318946.746,2779.385,87.849,4.499,46.174,19.526,158.415,21.971
4.197,2.43,21.442,21.442,68.735,319131.527,2778.453,87.846,4.508,46.177,19.487,158.39,21.965
4.197,2.43,21.447,21.447,68.725,319316.427,2777.521,87.843,4.517,46.18,19.449,158.364,21.96
4.197,2.43,21.453,21.453,68.715,319501.417,2776.59,87.84,4.525,46.183,19.411,158.339,21.955
4.197,2.43,21.459,21.459,68.706,319686.535,2775.659,87.837,4.534,46.185,19.373,158.313,21.95
4.197,2.43,21.465,21.465,68.696,319871.827,2774.728,87.834,4.543,46.188,19.335,158.287,21.944
4.197,2.43,21.471,21.471,68.687,320057.337,2773.796,87.831,4.551,46.191,19.298,158.262,21.939
4.197,2.43,21.477,21.477,68.677,320243.102,2772.865,87.828,4.56,46.194,19.261,158.236,21.934
4.197,2.43,21.482,21.482,68.667,320429.064,2771.933,87.825,4.569,46.197,19.224,158.21,21.928
4.197,2.43,21.488,21.488,68.658,320615.013,2771.002,87.822,4.577,46.199,19.187,158.184,21.923
4.197,2.43,21.494,21.494,68.648,320800.744,2770.073,87.819,4.586,46.202,19.151,158.158,21.918
4.197,2.43,21.5,21.5,68.639,320986.07,2769.146,87.816,4.594,46.205,19.114,158.132,21.913
4.197,2.43,21.506,21.506,68.629,321170.855,2768.224,87.813,4.603,46.208,19.077,158.107,21.907
4.197,2.43,21.511,21.511,68.619,321355.496,2767.303,87.81,4.612,46.211,19.04,158.082,21.902
4.197,2.43,21.517,21.517,68.61,321540.768,2766.379,87.807,4.621,46.214,19.003,158.056,21.897
4.197,2.43,21.523,21.523,68.6,321727.387,2765.45,87.804,4.629,46.216,18.968,158.03,21.892
4.197,2.43,21.529,21.529,68.591,321916.002,2764.512,87.801,4.637,46.219,18.934,158.003,21.887
4.197,2.43,21.534,21.534,68.582,322106.775,2763.563,87.797,4.645,46.221,18.901,157.974,21.881
4.197,2.43,21.54,21.54,68.572,322297.476,2762.616,87.794,4.653,46.223,18.869,157.946,21.876
4.197,2.43,21.545,21.545,68.563,322485.277,2761.685,87.791,4.661,46.226,18.835,157.919,21.871
4.197,2.43,21.551,21.551,68.553,322667.639,2760.781,87.788,4.67,46.229,18.798,157.896,21.866
4.197,2.43,21.558,21.558,68.543,322842.224,2759.916,87.786,4.68,46.233,18.756,157.877,21.86
4.197,2.43,21.564,21.564,68.533,323010.146,2759.085,87.785,4.692,46.239,18.71,157.861,21.855
4.197,2.43,21.571,21.571,68.523,323181.271,2758.239,87.784,4.703,46.243,18.666,157.843,21.85
4.197,2.43,21.577,21.577,68.513,323366.516,2757.324,87.781,4.712,46.246,18.63,157.818,21.845
4.197,2.43,21.581,21.581,68.504,323576.007,2756.29,87.775,4.717,46.246,18.609,157.779,21.84
4.197,2.43,21.584,21.584,68.497,323817.439,2755.1,87.766,4.717,46.242,18.608,157.722,21.834
4.197,2.43,21.586,21.586,68.491,324082.826,2753.794,87.755,4.712,46.234,18.622,157.653,21.828
4.197,2.43,21.587,21.587,68.486,324351.822,2752.471,87.744,4.707,46.226,18.64,157.582,21.822
4.197,2.43,21.589,21.589,68.481,324609.199,2751.207,87.734,4.704,46.219,18.652,157.519,21.816
4.197,2.43,21.592,21.592,68.475,324845.131,2750.05,87.726,4.703,46.215,18.651,157.468,21.81
4.197,2.43,21.595,21.595,68.468,325053.288,2749.03,87.721,4.707,46.214,18.635,157.433,21.805
4.197,2.43,21.601,21.601,68.459,325234.235,2748.144,87.719,4.715,46.217,18.603,157.414,21.8
4.197,2.43,21.607,21.607,68.45,325396.503,2747.351,87.719,4.726,46.223,18.559,157.404,21.795
4.197,2.43,21.614,21.614,68.441,325547.671,2746.612,87.721,4.739,46.23,18.509,157.401,21.79
4.197,2.43,21.621,21.621,68.431,325694.701,2745.894,87.722,4.753,46.238,18.456,157.4,21.785
4.197,2.43,21.628,21.628,68.421,325844.664,2745.162,87.723,4.767,46.245,18.404,157.396,21.781
4.197,2.43,21.634,21.634,68.411,326004.173,2744.384,87.724,4.779,46.251,18.358,157.387,21.776
4.197,2.43,21.64,21.64,68.401,326173.475,2743.559,87.723,4.789,46.256,18.317,157.373,21.771
4.197,2.43,21.646,21.646,68.392,326349.678,2742.701,87.721,4.799,46.26,18.28,157.354,21.766
4.197,2.43,21.652,21.652,68.383,326529.913,2741.825,87.719,4.808,46.263,18.245,157.333,21.761
4.197,2.43,21.658,21.658,68.374,326711.463,2740.942,87.717,4.817,46.267,18.211,157.311,21.756
4.197,2.43,21.664,21.664,68.365,326891.975,2740.066,87.715,4.826,46.27,18.177,157.29,21.751
4.197,2.43,21.669,21.669,68.355,327071.082,2739.197,87.713,4.835,46.274,18.142,157.27,21.746
4.197,2.43,21.675,21.675,68.346,327249.52,2738.332,87.711,4.844,46.278,18.106,157.25,21.741
4.197,2.43,21.681,21.681,68.337,327427.99,2737.468,87.709,4.854,46.281,18.07,157.23,21.736
4.197,2.43,21.687,21.687,68.327,327607.14,2736.601,87.707,4.863,46.285,18.035,157.209,21.731
4.197,2.43,21.693,21.693,68.318,327787.53,2735.728,87.705,4.872,46.289,18.001,157.188,21.726
4.197,2.43,21.699,21.699,68.309,327969.161,2734.851,87.703,4.881,46.292,17.967,157.166,21.721
4.197,2.43,21.705,21.705,68.299,328151.74,2733.97,87.7,4.89,46.295,17.934,157.143,21.716
4.197,2.43,21.71,21.71,68.29,328334.994,2733.086,87.698,4.899,46.298,17.901,157.12,21.71
4.197,2.43,21.716,21.716,68.281,328518.675,2732.201,87.695,4.908,46.301,17.869,157.097,21.705
4.197,2.43,21.722,21.722,68.272,328702.574,2731.316,87.693,4.916,46.305,17.837,157.073,21.7
4.197,2.43,21.728,21.728,68.262,328886.643,2730.431,87.69,4.925,46.308,17.805,157.05,21.695
4.197,2.43,21.733,21.733,68.253,329070.9,2729.545,87.688,4.934,46.311,17.773,157.026,21.69
4.197,2.43,21.739,21.739,68.244,329255.364,2728.66,87.685,4.942,46.314,17.741,157.003,21.685
4.197,2.43,21.745,21.745,68.235,329440.05,2727.774,87.682,4.951,46.317,17.71,156.979,21.68
4.197,2.43,21.751,21.751,68.225,329624.975,2726.888,87.68,4.96,46.32,17.679,156.955,21.675
4.197,2.43,21.756,21.756,68.216,329810.153,2726.001,87.677,4.968,46.323,17.648,156.931,21.67
4.197,2.43,21.762,21.762,68.207,329995.598,2725.114,87.675,4.977,46.326,17.617,156.907,21.665
4.197,2.43,21.768,21.768,68.198,330181.322,2724.226,87.672,4.985,46.329,17.586,156.882,21.66
4.197,2.43,21.774,21.774,68.188,330367.337,2723.338,87.669,4.994,46.331,17.556,156.858,21.655
4.197,2.43,21.779,21.779,68.179,330553.605,2722.449,87.666,5.002,46.334,17.526,156.833,21.65
4.197,2.43,21.785,21.785,68.17,330739.939,2721.561,87.664,5.01,46.337,17.496,156.808,21.645
4.197,2.43,21.791,21.791,68.161,330926.142,2720.674,87.661,5.019,46.34,17.466,156.784,21.64
4.197,2.43,21.796,21.796,68.152,331112.033,2719.79,87.658,5.027,46.343,17.436,156.76,21.635
4.197,2.43,21.802,21.802,68.142,331297.451,2718.908,87.656,5.036,46.346,17.406,156.735,21.63
4.197,2.43,21.808,21.808,68.133,331482.535,2718.029,87.653,5.045,46.349,17.376,156.711,21.625
4.197,2.43,21.813,21.813,68.124,331667.977,2717.149,87.65,5.053,46.352,17.346,156.687,21.62
4.197,2.43,21.819,21.819,68.115,331854.475,2716.265,87.648,5.061,46.355,17.317,156.663,21.615
4.197,2.43,21.825,21.825,68.106,332042.663,2715.373,87.645,5.07,46.357,17.288,156.637,21.61
4.197,2.43,21.83,21.83,68.097,332233.078,2714.472,87.642,5.077,46.36,17.261,156.61,21.605
4.197,2.43,21.836,21.836,68.088,332424.767,2713.565,87.638,5.085,46.362,17.235,156.583,21.599
4.197,2.43,21.841,21.841,68.079,332615.025,2712.666,87.635,5.093,46.364,17.208,156.556,21.594
4.197,2.43,21.847,21.847,68.07,332801.314,2711.787,87.633,5.101,46.367,17.179,156.532,21.589
4.197,2.43,21.853,21.853,68.06,332981.33,2710.938,87.631,5.11,46.37,17.148,156.511,21.584
4.197,2.43,21.859,21.859,68.051,333153.217,2710.128,87.629,5.121,46.375,17.112,156.495,21.58
4.197,2.43,21.866,21.866,68.041,333321.559,2709.335,87.629,5.132,46.38,17.074,156.48,21.575
4.197,2.43,21.872,21.872,68.031,333496.74,2708.511,87.627,5.142,46.385,17.04,156.461,21.57
4.197,2.43,21.877,21.877,68.022,333688.936,2707.608,87.624,5.15,46.387,17.014,156.433,21.565
4.197,2.43,21.882,21.882,68.014,333907.306,2706.582,87.618,5.154,46.386,17.001,156.391,21.56
4.197,2.43,21.884,21.884,68.008,334157.087,2705.411,87.608,5.152,46.38,17.004,156.333,21.554
4.197,2.43,21.886,21.886,68.002,334425.377,2704.154,87.597,5.148,46.373,17.017,156.265,21.548
4.197,2.43,21.887,21.887,67.997,334693.374,2702.9,87.587,5.143,46.365,17.03,156.197,21.542
4.197,2.43,21.889,21.889,67.992,334947.854,2701.71,87.577,5.14,46.359,17.038,156.138,21.537
4.197,2.43,21.891,21.891,67.986,335180.374,2700.625,87.57,5.14,46.355,17.036,156.092,21.531
4.197,2.43,21.895,21.895,67.979,335385.498,2699.668,87.566,5.144,46.355,17.021,156.06,21.526
4.197,2.43,21.9,21.9,67.971,335564.853,2698.833,87.565,5.153,46.359,16.994,156.042,21.521
4.197,2.43,21.906,21.906,67.962,335726.616,2698.08,87.565,5.164,46.364,16.958,156.034,21.517
4.197,2.43,21.913,21.913,67.953,335877.851,2697.376,87.566,5.176,46.371,16.917,156.031,21.512
4.197,2.43,21.92,21.92,67.944,336025.091,2696.692,87.568,5.19,46.379,16.874,156.03,21.508
4.197,2.43,21.927,21.927,67.934,336174.98,2695.995,87.57,5.203,46.386,16.831,156.028,21.503
4.197,2.43,21.934,21.934,67.924,336333.949,2695.258,87.57,5.215,46.392,16.793,156.02,21.498
4.197,2.43,21.94,21.94,67.915,336502.757,2694.475,87.569,5.225,46.397,16.759,156.006,21.494
4.197,2.43,21.946,21.946,67.906,336678.669,2693.659,87.568,5.235,46.401,16.729,155.989,21.489
4.197,2.43,21.951,21.951,67.898,336858.936,2692.824,87.566,5.243,46.405,16.7,155.969,21.484
4.197,2.43,21.957,21.957,67.889,337040.944,2691.982,87.564,5.252,46.408,16.673,155.948,21.479
4.197,2.43,21.962,21.962,67.88,337222.312,2691.144,87.562,5.261,46.411,16.645,155.928,21.474
4.197,2.43,21.968,21.968,67.871,337402.179,2690.313,87.56,5.27,46.415,16.616,155.908,21.47
4.197,2.43,21.974,21.974,67.862,337581.202,2689.487,87.559,5.279,46.419,16.587,155.888,21.465
4.197,2.43,21.98,21.98,67.853,337760.061,2688.662,87.557,5.288,46.423,16.558,155.869,21.46
4.197,2.43,21.986,21.986,67.844,337939.387,2687.836,87.555,5.297,46.426,16.529,155.849,21.455
4.197,2.43,21.991,21.991,67.835,338119.765,2687.006,87.553,5.306,46.43,16.501,155.829,21.45
4.197,2.43,21.997,21.997,67.826,338301.425,2686.17,87.551,5.315,46.433,16.473,155.808,21.445
4.197,2.43,22.003,22.003,67.817,338484.098,2685.33,87.549,5.324,46.436,16.445,155.787,21.441
4.197,2.43,22.009,22.009,67.809,338667.501,2684.488,87.547,5.332,46.44,16.419,155.765,21.436
4.197,2.43,22.014,22.014,67.8,338851.37,2683.645,87.545,5.341,46.443,16.392,155.742,21.431
4.197,2.43,22.02,22.02,67.791,339035.468,2682.801,87.543,5.349,46.446,16.365,155.72,21.426
4.197,2.43,22.025,22.025,67.782,339219.678,2681.957,87.54,5.358,46.449,16.339,155.697,21.421
4.197,2.43,22.031,22.031,67.773,339404.065,2681.113,87.538,5.366,46.452,16.313,155.675,21.416
4.197,2.43,22.037,22.037,67.764,339588.705,2680.269,87.536,5.375,46.455,16.287,155.652,21.411
4.197,2.43,22.042,22.042,67.755,339773.668,2679.424,87.533,5.383,46.458,16.261,155.629,21.407
4.197,2.43,22.048,22.048,67.746,339959.018,2678.578,87.531,5.391,46.461,16.235,155.606,21.402
4.197,2.43,22.054,22.054,67.737,340144.713,2677.731,87.528,5.4,46.464,16.21,155.583,21.397
4.197,2.43,22.059,22.059,67.729,340330.542,2676.885,87.526,5.408,46.467,16.185,155.559,21.392
4.197,2.43,22.065,22.065,67.72,340516.293,2676.039,87.524,5.416,46.47,16.159,155.536,21.387
4.197,2.43,22.07,22.07,67.711,340701.774,2675.195,87.521,5.425,46.473,16.134,155.513,21.382
4.197,2.43,22.076,22.076,67.702,340886.814,2674.354,87.519,5.433,46.476,16.109,155.49,21.378
4.197,2.43,22.082,22.082,67.693,341071.555,2673.515,87.516,5.441,46.479,16.083,155.467,21.373
4.197,2.43,22.087,22.087,67.684,341256.657,2672.676,87.514,5.45,46.482,16.058,155.444,21.368
4.197,2.43,22.093,22.093,67.675,341442.777,2671.832,87.512,5.458,46.485,16.033,155.42,21.363
4.197,2.43,22.099,22.099,67.667,341630.511,2670.982,87.509,5.466,46.487,16.009,155.396,21.358
4.197,2.43,22.104,22.104,67.658,341820.387,2670.122,87.506,5.474,46.49,15.987,155.37,21.353
4.197,2.43,22.109,22.109,67.649,342011.754,2669.257,87.503,5.481,46.492,15.964,155.344,21.349
4.197,2.43,22.115,22.115,67.641,342202.111,2668.397,87.5,5.489,46.494,15.942,155.318,21.344
4.197,2.43,22.12,22.12,67.632,342389.03,2667.554,87.498,5.497,46.497,15.918,155.295,21.339
4.197,2.43,22.126,22.126,67.623,342570.32,2666.736,87.496,5.506,46.501,15.892,155.274,21.334
4.197,2.43,22.132,22.132,67.614,342743.977,2665.954,87.495,5.516,46.505,15.863,155.257,21.329
4.197,2.43,22.139,22.139,67.604,342912.054,2665.197,87.494,5.527,46.51,15.831,155.243,21.325
4.197,2.43,22.145,22.145,67.595,343083.836,2664.424,87.493,5.537,46.515,15.801,155.227,21.32
4.197,2.43,22.151,22.151,67.586,343269.043,2663.592,87.49,5.546,46.518,15.776,155.203,21.315
4.197,2.43,22.156,22.156,67.578,343476.682,2662.659,87.486,5.551,46.518,15.761,155.168,21.31
4.197,2.43,22.159,22.159,67.571,343713.947,2661.595,87.478,5.551,46.515,15.758,155.118,21.305
4.197,2.43,22.16,22.16,67.565,343976.33,2660.419,87.468,5.548,46.508,15.766,155.055,21.3
4.197,2.43,22.162,22.162,67.561,344245.443,2659.215,87.457,5.543,46.5,15.777,154.989,21.294
4.197,2.43,22.163,22.163,67.556,344506.539,2658.047,87.448,5.539,46.494,15.787,154.928,21.288
4.197,2.43,22.165,22.165,67.55,344749.908,2656.961,87.44,5.538,46.489,15.789,154.877,21.283
4.197,2.43,22.168,22.168,67.544,344969.377,2655.982,87.434,5.54,46.487,15.782,154.839,21.278
4.197,2.43,22.173,22.173,67.537,345161.782,2655.124,87.432,5.546,46.489,15.765,154.815,21.273
4.197,2.43,22.178,22.178,67.529,345332.627,2654.364,87.431,5.555,46.493,15.739,154.802,21.269
4.197,2.43,22.185,22.185,67.521,345489.275,2653.667,87.432,5.567,46.499,15.707,154.797,21.264
4.197,2.43,22.191,22.191,67.511,345638.018,2653.005,87.434,5.579,46.507,15.671,154.795,21.26
4.197,2.43,22.198,22.198,67.502,345784.923,2652.353,87.436,5.593,46.514,15.634,154.795,21.256
4.197,2.43,22.205,22.205,67.493,345936.287,2651.681,87.437,5.605,46.521,15.599,154.791,21.251
4.197,2.43,22.211,22.211,67.484,346097.455,2650.966,87.438,5.616,46.527,15.568,154.782,21.247
4.197,2.43,22.217,22.217,67.475,346267.685,2650.211,87.437,5.626,46.532,15.54,154.768,21.242
4.197,2.43,22.223,22.223,67.466,346444.338,2649.428,87.436,5.636,46.536,15.515,154.751,21.238
4.197,2.43,22.229,22.229,67.458,346624.826,2648.629,87.434,5.644,46.539,15.491,154.732,21.233
4.197,2.43,22.234,22.234,67.45,346806.7,2647.825,87.432,5.653,46.542,15.468,154.712,21.228
4.197,2.43,22.24,22.24,67.441,346987.768,2647.025,87.431,5.661,46.546,15.444,154.692,21.224
4.197,2.43,22.245,22.245,67.433,347167.402,2646.232,87.429,5.67,46.549,15.42,154.673,21.219
4.197,2.43,22.251,22.251,67.424,347346.25,2645.443,87.427,5.679,46.553,15.395,154.655,21.214
4.197,2.43,22.257,22.257,67.415,347524.952,2644.655,87.426,5.688,46.557,15.371,154.636,21.21
4.197,2.43,22.262,22.262,67.407,347704.103,2643.866,87.424,5.697,46.561,15.346,154.617,21.205
4.197,2.43,22.268,22.268,67.398,347884.258,2643.073,87.423,5.706,46.564,15.322,154.598,21.2
4.197,2.43,22.274,22.274,67.389,348065.67,2642.275,87.421,5.714,46.568,15.299,154.577,21.196
4.197,2.43,22.279,22.279,67.381,348248.1,2641.473,87.419,5.723,46.571,15.276,154.557,21.191
4.197,2.43,22.285,22.285,67.372,348431.274,2640.669,87.417,5.731,46.574,15.253,154.536,21.186
4.197,2.43,22.291,22.291,67.364,348614.94,2639.864,87.415,5.739,46.577,15.23,154.514,21.182
4.197,2.43,22.296,22.296,67.355,348798.872,2639.057,87.413,5.748,46.58,15.208,154.493,21.177
4.197,2.43,22.302,22.302,67.347,348982.918,2638.251,87.411,5.756,46.584,15.186,154.471,21.172
4.197,2.43,22.307,22.307,67.338,349167.118,2637.445,87.409,5.764,46.587,15.163,154.45,21.168
4.197,2.43,22.313,22.313,67.329,349351.547,2636.639,87.407,5.773,46.59,15.141,154.428,21.163
4.197,2.43,22.318,22.318,67.321,349536.276,2635.832,87.405,5.781,46.593,15.119,154.406,21.158
4.197,2.43,22.324,22.324,67.312,349721.365,2635.024,87.402,5.789,46.596,15.098,154.384,21.154
4.197,2.43,22.33,22.33,67.304,349906.839,2634.215,87.4,5.797,46.599,15.076,154.361,21.149
4.197,2.43,22.335,22.335,67.295,350092.535,2633.406,87.398,5.805,46.602,15.055,154.339,21.145
4.197,2.43,22.341,22.341,67.287,350278.247,2632.598,87.396,5.814,46.605,15.033,154.317,21.14
4.197,2.43,22.346,22.346,67.278,350463.789,2631.791,87.394,5.822,46.608,15.012,154.294,21.135
4.197,2.43,22.352,22.352,67.27,350648.99,2630.986,87.391,5.83,46.611,14.99,154.272,21.131
4.197,2.43,22.357,22.357,67.261,350833.758,2630.183,87.389,5.838,46.614,14.969,154.25,21.126
4.197,2.43,22.363,22.363,67.253,351018.529,2629.381,87.387,5.846,46.617,14.947,154.229,21.121
4.197,2.43,22.368,22.368,67.244,351203.954,2628.578,87.385,5.855,46.62,14.926,154.206,21.117
4.197,2.43,22.374,22.374,67.236,351390.626,2627.769,87.383,5.863,46.623,14.905,154.184,21.112
4.197,2.43,22.379,22.379,67.227,351579.087,2626.953,87.38,5.87,46.625,14.885,154.16,21.107
4.197,2.43,22.385,22.385,67.219,351769.691,2626.129,87.378,5.878,46.628,14.866,154.135,21.103
4.197,2.43,22.39,22.39,67.211,351961.041,2625.302,87.375,5.885,46.63,14.847,154.11,21.098
4.197,2.43,22.395,22.395,67.202,352150.688,2624.483,87.372,5.893,46.632,14.828,154.086,21.093
4.197,2.43,22.401,22.401,67.194,352336.419,2623.682,87.37,5.901,46.635,14.807,154.064,21.089
4.197,2.43,22.406,22.406,67.185,352516.216,2622.907,87.369,5.91,46.639,14.784,154.045,21.084
4.197,2.43,22.413,22.413,67.176,352688.374,2622.166,87.368,5.92,46.644,14.759,154.029,21.08
4.197,2.43,22.419,22.419,67.167,352856.524,2621.442,87.367,5.931,46.649,14.732,154.016,21.075
4.197,2.43,22.425,22.425,67.158,353029.874,2620.697,87.366,5.941,46.653,14.707,154.0,21.071
4.197,2.43,22.431,22.431,67.149,353217.562,2619.89,87.364,5.949,46.656,14.686,153.977,21.066
4.197,2.43,22.435,22.435,67.141,353427.969,2618.987,87.359,5.953,46.656,14.674,153.942,21.061
4.197,2.43,22.438,22.438,67.135,353667.541,2617.959,87.352,5.953,46.653,14.672,153.892,21.056
4.197,2.43,22.44,22.44,67.13,353930.645,2616.832,87.342,5.95,46.646,14.679,153.831,21.051
4.197,2.43,22.441,22.441,67.125,354199.608,2615.682,87.332,5.945,46.639,14.689,153.768,21.045
4.197,2.43,22.443,22.443,67.12,354460.592,2614.566,87.322,5.942,46.632,14.696,153.709,21.04
4.197,2.43,22.445,22.445,67.115,354704.485,2613.525,87.315,5.94,46.628,14.698,153.66,21.035
4.197,2.43,22.448,22.448,67.11,354925.497,2612.583,87.31,5.942,46.626,14.693,153.622,21.03
4.197,2.43,22.452,22.452,67.103,355120.304,2611.753,87.307,5.948,46.627,14.679,153.598,21.025
4.197,2.43,22.457,22.457,67.095,355293.381,2611.016,87.307,5.956,46.631,14.657,153.585,21.021
4.197,2.43,22.463,22.463,67.087,355451.839,2610.342,87.308,5.967,46.637,14.631,153.58,21.017
4.197,2.43,22.47,22.47,67.078,355601.686,2609.705,87.309,5.98,46.644,14.601,153.578,21.013
4.197,2.43,22.476,22.476,67.069,355748.633,2609.081,87.311,5.993,46.652,14.57,153.578,21.008
4.197,2.43,22.483,22.483,67.06,355898.562,2608.444,87.313,6.005,46.659,14.54,153.576,21.004
4.197,2.43,22.49,22.49,67.052,356057.25,2607.771,87.314,6.017,46.665,14.512,153.569,21.0
4.197,2.43,22.496,22.496,67.043,356225.541,2607.057,87.314,6.027,46.67,14.488,153.558,20.996
4.197,2.43,22.501,22.501,67.035,356400.964,2606.314,87.313,6.036,46.674,14.465,153.542,20.991
4.197,2.43,22.507,22.507,67.027,356581.016,2605.552,87.311,6.044,46.678,14.445,153.524,20.987
4.197,2.43,22.512,22.512,67.019,356763.303,2604.781,87.31,6.053,46.681,14.425,153.505,20.982
4.197,2.43,22.518,22.518,67.01,356945.595,2604.011,87.308,6.061,46.685,14.405,153.486,20.978
4.197,2.43,22.523,22.523,67.002,357126.476,2603.247,87.307,6.069,46.688,14.385,153.468,20.973
4.197,2.43,22.529,22.529,66.994,357306.323,2602.488,87.305,6.078,46.692,14.364,153.45,20.969
4.197,2.43,22.534,22.534,66.986,357485.757,2601.732,87.304,6.087,46.695,14.343,153.432,20.964
4.197,2.43,22.54,22.54,66.977,357665.353,2600.975,87.303,6.096,46.699,14.322,153.414,20.96
4.197,2.43,22.546,22.546,66.969,357845.648,2600.216,87.301,6.104,46.703,14.301,153.396,20.955
4.197,2.43,22.551,22.551,66.961,358027.099,2599.453,87.3,6.113,46.706,14.281,153.377,20.951
4.197,2.43,22.557,22.557,66.952,358209.71,2598.686,87.298,6.121,46.71,14.261,153.358,20.946
4.197,2.43,22.562,22.562,66.944,358393.263,2597.915,87.296,6.13,46.713,14.242,153.338,20.942
4.197,2.43,22.568,22.568,66.936,358577.555,2597.142,87.295,6.138,46.716,14.222,153.317,20.938
4.197,2.43,22.573,22.573,66.928,358762.399,2596.367,87.293,6.146,46.719,14.203,153.297,20.933
4.197,2.43,22.579,22.579,66.919,358947.627,2595.591,87.291,6.154,46.722,14.184,153.276,20.929
4.197,2.43,22.584,22.584,66.911,359133.083,2594.815,87.289,6.162,46.726,14.165,153.255,20.924
4.197,2.43,22.59,22.59,66.903,359318.626,2594.039,87.287,6.17,46.729,14.147,153.234,20.92
4.197,2.43,22.595,22.595,66.895,359504.128,2593.264,87.285,6.178,46.732,14.128,153.213,20.915
4.197,2.43,22.601,22.601,66.886,359689.471,2592.49,87.283,6.186,46.735,14.109,153.192,20.911
4.197,2.43,22.606,22.606,66.878,359874.546,2591.718,87.281,6.195,46.738,14.09,153.171,20.906
4.197,2.43,22.611,22.611,66.87,360059.431,2590.947,87.279,6.203,46.741,14.071,153.151,20.902
4.197,2.43,22.617,22.617,66.862,360244.67,2590.176,87.278,6.211,46.744,14.052,153.13,20.897
4.197,2.43,22.622,22.622,66.853,360430.838,2589.401,87.276,6.219,46.747,14.034,153.109,20.893
4.197,2.43,22.628,22.628,66.845,360618.463,2588.621,87.273,6.227,46.75,14.016,153.087,20.888
4.197,2.43,22.633,22.633,66.837,360808.025,2587.833,87.271,6.234,46.753,13.999,153.064,20.884
4.197,2.43,22.638,22.638,66.829,360999.625,2587.038,87.269,6.241,46.755,13.982,153.04,20.879
4.197,2.43,22.643,22.643,66.821,361191.444,2586.242,87.266,6.249,46.757,13.966,153.016,20.875
4.197,2.43,22.649,22.649,66.813,361381.167,2585.456,87.264,6.256,46.76,13.949,152.993,20.87
4.197,2.43,22.654,22.654,66.805,361566.717,2584.687,87.262,6.264,46.763,13.93,152.973,20.866
4.197,2.43,22.66,22.66,66.796,361746.187,2583.945,87.261,6.273,46.767,13.91,152.955,20.861
4.197,2.43,22.666,22.666,66.787,361918.151,2583.234,87.26,6.283,46.772,13.888,152.941,20.857
4.197,2.43,22.672,22.672,66.779,362087.138,2582.536,87.26,6.294,46.777,13.864,152.928,20.853
4.197,2.43,22.678,22.678,66.77,362262.128,2581.813,87.259,6.304,46.781,13.843,152.912,20.848
4.197,2.43,22.684,22.684,66.762,362451.875,2581.03,87.257,6.311,46.784,13.825,152.889,20.844
4.197,2.43,22.688,22.688,66.754,362664.358,2580.155,87.252,6.316,46.784,13.815,152.855,20.839
4.197,2.43,22.691,22.691,66.748,362905.604,2579.161,87.245,6.316,46.78,13.814,152.807,20.834
4.197,2.43,22.693,22.693,66.743,363169.749,2578.075,87.235,6.312,46.774,13.82,152.747,20.829
4.197,2.43,22.694,22.694,66.738,363439.638,2576.966,87.225,6.308,46.767,13.828,152.686,20.824
4.197,2.43,22.695,22.695,66.734,363701.886,2575.89,87.216,6.304,46.76,13.835,152.629,20.819
4.197,2.43,22.697,22.697,66.729,363947.655,2574.883,87.209,6.303,46.756,13.837,152.58,20.814
4.197,2.43,22.7,22.7,66.724,364171.345,2573.967,87.204,6.304,46.754,13.833,152.543,20.809
4.197,2.43,22.704,22.704,66.717,364369.472,2573.156,87.201,6.309,46.755,13.821,152.519,20.804
4.197,2.43,22.709,22.709,66.71,364545.458,2572.437,87.2,6.317,46.759,13.803,152.505,20.8
4.197,2.43,22.715,22.715,66.702,364706.257,2571.78,87.201,6.328,46.764,13.781,152.499,20.796
4.197,2.43,22.721,22.721,66.694,364857.719,2571.162,87.203,6.34,46.771,13.755,152.498,20.792
4.197,2.43,22.728,22.728,66.685,365005.312,2570.56,87.205,6.352,46.779,13.728,152.498,20.788
4.197,2.43,22.734,22.734,66.677,365154.611,2569.951,87.207,6.365,46.786,13.702,152.497,20.784
4.197,2.43,22.741,22.741,66.668,365311.412,2569.312,87.208,6.376,46.792,13.677,152.492,20.78
4.197,2.43,22.747,22.747,66.66,365478.106,2568.634,87.208,6.387,46.797,13.655,152.482,20.776
4.197,2.43,22.753,22.753,66.652,365652.542,2567.924,87.208,6.396,46.802,13.635,152.468,20.771
4.197,2.43,22.758,22.758,66.644,365832.277,2567.193,87.207,6.404,46.805,13.617,152.451,20.767
4.197,2.43,22.763,22.763,66.636,366014.956,2566.451,87.205,6.412,46.809,13.6,152.433,20.763
4.197,2.43,22.769,22.769,66.628,366198.369,2565.707,87.204,6.42,46.812,13.582,152.414,20.758
4.197,2.43,22.774,22.774,66.62,366380.666,2564.968,87.202,6.429,46.816,13.565,152.396,20.754
4.197,2.43,22.78,22.78,66.612,366561.698,2564.234,87.201,6.437,46.819,13.547,152.378,20.75
4.197,2.43,22.785,22.785,66.604,366742.078,2563.504,87.2,6.446,46.823,13.529,152.361,20.745
4.197,2.43,22.791,22.791,66.596,366922.38,2562.774,87.199,6.454,46.826,13.511,152.344,20.741
4.197,2.43,22.796,22.796,66.588,367103.132,2562.044,87.198,6.463,46.83,13.492,152.327,20.737
4.197,2.43,22.802,22.802,66.58,367284.832,2561.31,87.196,6.471,46.834,13.475,152.309,20.732
4.197,2.43,22.807,22.807,66.572,367467.729,2560.571,87.195,6.479,46.837,13.457,152.29,20.728
4.197,2.43,22.813,22.813,66.564,367651.652,2559.83,87.193,6.488,46.84,13.44,152.271,20.724
4.197,2.43,22.818,22.818,66.556,367836.392,2559.085,87.192,6.496,46.844,13.423,152.251,20.719
4.197,2.43,22.823,22.823,66.548,368021.76,2558.339,87.19,6.504,46.847,13.406,152.231,20.715
4.197,2.43,22.829,22.829,66.54,368207.584,2557.591,87.188,6.511,46.85,13.39,152.211,20.711
4.197,2.43,22.834,22.834,66.532,368393.706,2556.843,87.186,6.519,46.853,13.373,152.191,20.706
4.197,2.43,22.839,22.839,66.524,368579.982,2556.094,87.185,6.527,46.856,13.357,152.171,20.702
4.197,2.43,22.845,22.845,66.516,368766.281,2555.346,87.183,6.535,46.859,13.341,152.151,20.698
4.197,2.43,22.85,22.85,66.508,368952.483,2554.6,87.181,6.543,46.862,13.324,152.13,20.693
4.197,2.43,22.855,22.855,66.5,369138.479,2553.854,87.179,6.551,46.865,13.308,152.11,20.689
4.197,2.43,22.861,22.861,66.492,369324.177,2553.111,87.178,6.559,46.868,13.291,152.09,20.685
4.197,2.43,22.866,22.866,66.484,369509.793,2552.368,87.176,6.567,46.871,13.275,152.07,20.68
4.197,2.43,22.872,22.872,66.476,369695.891,2551.624,87.174,6.575,46.874,13.259,152.05,20.676
4.197,2.43,22.877,22.877,66.468,369883.012,2550.876,87.172,6.583,46.877,13.243,152.029,20.672
4.197,2.43,22.882,22.882,66.46,370071.65,2550.123,87.17,6.59,46.88,13.227,152.008,20.667
4.197,2.43,22.887,22.887,66.452,370262.253,2549.363,87.168,6.598,46.883,13.212,151.985,20.663
4.197,2.43,22.893,22.893,66.445,370454.682,2548.596,87.166,6.605,46.885,13.198,151.962,20.659
4.197,2.43,22.898,22.898,66.437,370646.952,2547.831,87.163,6.612,46.888,13.183,151.939,20.654
4.197,2.43,22.903,22.903,66.429,370836.88,2547.075,87.161,6.619,46.89,13.168,151.917,20.65
4.197,2.43,22.908,22.908,66.421,371022.503,2546.337,87.16,6.627,46.893,13.152,151.897,20.646
4.197,2.43,22.914,22.914,66.413,371202.018,2545.624,87.159,6.636,46.897,13.135,151.88,20.641
4.197,2.43,22.92,22.92,66.404,371374.172,2544.94,87.158,6.646,46.902,13.115,151.867,20.637
4.197,2.43,22.926,22.926,66.396,371543.697,2544.268,87.158,6.656,46.907,13.095,151.855,20.633
4.197,2.43,22.932,22.932,66.387,371719.23,2543.572,87.157,6.666,46.911,13.076,151.84,20.629
4.197,2.43,22.937,22.937,66.379,371909.143,2542.82,87.155,6.673,46.914,13.061,151.817,20.625
4.197,2.43,22.942,22.942,66.372,372121.071,2541.981,87.151,6.678,46.914,13.051,151.785,20.62
4.197,2.43,22.945,22.945,66.366,372360.913,2541.033,87.144,6.678,46.911,13.05,151.738,20.615
4.197,2.43,22.946,22.946,66.361,372624.157,2539.994,87.135,6.675,46.905,13.054,151.682,20.61
4.197,2.43,22.947,22.947,66.357,372894.34,2538.928,87.125,6.67,46.898,13.061,151.622,20.605
4.197,2.43,22.949,22.949,66.353,373158.193,2537.888,87.116,6.667,46.891,13.067,151.566,20.6
4.197,2.43,22.95,22.95,66.348,373406.866,2536.909,87.109,6.665,46.887,13.07,151.517,20.595
4.197,2.43,22.953,22.953,66.343,373634.771,2536.013,87.103,6.666,46.885,13.068,151.479,20.591
4.197,2.43,22.957,22.957,66.337,373838.202,2535.214,87.1,6.67,46.885,13.059,151.453,20.586
4.197,2.43,22.962,22.962,66.33,374018.658,2534.506,87.099,6.677,46.888,13.044,151.438,20.582
4.197,2.43,22.967,22.967,66.323,374182.818,2533.862,87.1,6.687,46.894,13.025,151.431,20.578
4.197,2.43,22.973,22.973,66.315,374336.434,2533.26,87.102,6.698,46.9,13.004,151.429,20.574
4.197,2.43,22.98,22.98,66.306,374484.725,2532.679,87.104,6.71,46.907,12.98,151.429,20.57
4.197,2.43,22.986,22.986,66.298,374632.907,2532.099,87.106,6.723,46.915,12.957,151.429,20.566
4.197,2.43,22.993,22.993,66.29,374786.475,2531.498,87.108,6.735,46.921,12.934,151.426,20.562
4.197,2.43,22.999,22.999,66.281,374949.709,2530.86,87.108,6.745,46.927,12.914,151.418,20.558
4.197,2.43,23.005,23.005,66.274,375121.518,2530.188,87.108,6.755,46.931,12.896,151.406,20.554
4.197,2.43,23.01,23.01,66.266,375299.545,2529.493,87.108,6.763,46.935,12.88,151.391,20.55
4.197,2.43,23.015,23.015,66.258,375481.482,2528.783,87.106,6.771,46.939,12.864,151.374,20.546
4.197,2.43,23.021,23.021,66.251,375665.141,2528.067,87.105,6.779,46.942,12.849,151.356,20.542
4.197,2.43,23.026,23.026,66.243,375848.498,2527.353,87.104,6.787,46.945,12.834,151.338,20.538
4.197,2.43,23.031,23.031,66.235,376030.448,2526.645,87.103,6.795,46.949,12.819,151.321,20.533
4.197,2.43,23.037,23.037,66.228,376211.431,2525.941,87.101,6.803,46.952,12.803,151.304,20.529
4.197,2.43,23.042,23.042,66.22,376392.018,2525.239,87.1,6.812,46.956,12.787,151.287,20.525
4.197,2.43,23.047,23.047,66.212,376572.74,2524.538,87.099,6.82,46.96,12.771,151.271,20.521
4.197,2.43,23.053,23.053,66.204,376754.089,2523.834,87.098,6.828,46.963,12.755,151.253,20.517
4.197,2.43,23.058,23.058,66.196,376936.504,2523.127,87.097,6.837,46.967,12.74,151.236,20.513
4.197,2.43,23.064,23.064,66.189,377120.05,2522.415,87.096,6.845,46.97,12.725,151.218,20.508
4.197,2.43,23.069,23.069,66.181,377304.526,2521.701,87.094,6.853,46.973,12.71,151.199,20.504
4.197,2.43,23.074,23.074,66.173,377489.737,2520.985,87.093,6.86,46.977,12.695,151.18,20.5
4.197,2.43,23.08,23.08,66.166,377675.508,2520.267,87.091,6.868,46.98,12.68,151.161,20.496
4.197,2.43,23.085,23.085,66.158,377861.675,2519.548,87.09,6.876,46.983,12.666,151.141,20.492
4.197,2.43,23.09,23.09,66.15,378048.093,2518.828,87.088,6.884,46.986,12.651,151.122,20.488
4.197,2.43,23.095,23.095,66.142,378234.626,2518.109,87.086,6.891,46.989,12.637,151.102,20.483
4.197,2.43,23.101,23.101,66.135,378421.153,2517.39,87.085,6.899,46.992,12.623,151.083,20.479
4.197,2.43,23.106,23.106,66.127,378607.563,2516.672,87.083,6.907,46.995,12.608,151.063,20.475
4.197,2.43,23.111,23.111,66.119,378793.752,2515.956,87.081,6.915,46.998,12.594,151.044,20.471
4.197,2.43,23.117,23.117,66.112,378979.642,2515.241,87.08,6.922,47.001,12.579,151.024,20.467
4.197,2.43,23.122,23.122,66.104,379165.479,2514.527,87.078,6.93,47.004,12.565,151.005,20.462
4.197,2.43,23.127,23.127,66.096,379351.809,2513.812,87.077,6.938,47.007,12.551,150.985,20.458
4.197,2.43,23.132,23.132,66.088,379539.143,2513.093,87.075,6.946,47.01,12.537,150.965,20.454
4.197,2.43,23.138,23.138,66.081,379727.95,2512.37,87.073,6.953,47.013,12.523,150.945,20.45
4.197,2.43,23.143,23.143,66.073,379918.654,2511.639,87.071,6.96,47.016,12.51,150.923,20.446
4.197,2.43,23.148,23.148,66.066,380111.197,2510.903,87.069,6.967,47.018,12.497,150.901,20.441
4.197,2.43,23.153,23.153,66.058,380303.742,2510.166,87.067,6.974,47.02,12.484,150.878,20.437
4.197,2.43,23.158,23.158,66.051,380494.195,2509.439,87.065,6.981,47.023,12.471,150.857,20.433
4.197,2.43,23.163,23.163,66.043,380680.675,2508.727,87.063,6.989,47.026,12.457,150.838,20.429
4.197,2.43,23.169,23.169,66.035,380861.459,2508.037,87.062,6.997,47.03,12.442,150.821,20.425
4.197,2.43,23.175,23.175,66.027,381035.066,2507.376,87.062,7.007,47.034,12.425,150.807,20.421
4.197,2.43,23.181,23.181,66.019,381204.603,2506.73,87.062,7.017,47.04,12.407,150.796,20.417
4.197,2.43,23.187,23.187,66.01,381378.159,2506.069,87.062,7.027,47.044,12.39,150.782,20.413
4.197,2.43,23.192,23.192,66.003,381563.798,2505.363,87.06,7.035,47.047,12.376,150.763,20.409
4.197,2.43,23.197,23.197,65.995,381769.02,2504.583,87.057,7.04,47.048,12.366,150.734,20.404
4.197,2.43,23.2,23.2,65.989,382000.054,2503.706,87.051,7.042,47.046,12.362,150.694,20.4
4.197,2.43,23.202,23.202,65.984,382257.346,2502.73,87.043,7.04,47.041,12.365,150.641,20.395
4.197,2.43,23.203,23.203,65.98,382526.668,2501.71,87.033,7.036,47.034,12.371,150.584,20.39
4.197,2.43,23.204,23.204,65.976,382793.822,2500.698,87.024,7.031,47.028,12.376,150.527,20.385
4.197,2.43,23.206,23.206,65.972,383048.98,2499.734,87.016,7.029,47.023,12.38,150.477,20.38
4.197,2.43,23.208,23.208,65.967,383285.876,2498.839,87.01,7.029,47.019,12.38,150.436,20.376
4.197,2.43,23.211,23.211,65.961,383500.46,2498.029,87.006,7.031,47.019,12.375,150.406,20.371
4.197,2.43,23.215,23.215,65.955,383690.962,2497.311,87.005,7.037,47.021,12.364,150.387,20.367
4.197,2.43,23.22,23.22,65.948,383862.467,2496.665,87.005,7.045,47.025,12.349,150.377,20.363
4.197,2.43,23.226,23.226,65.941,384020.964,2496.068,87.006,7.056,47.031,12.331,150.373,20.36
4.197,2.43,23.232,23.232,65.933,384171.568,2495.502,87.008,7.067,47.038,12.311,150.372,20.356
4.197,2.43,23.239,23.239,65.925,384319.156,2494.947,87.011,7.079,47.045,12.291,150.373,20.352
4.197,2.43,23.245,23.245,65.917,384468.756,2494.384,87.013,7.091,47.052,12.27,150.372,20.348
4.197,2.43,23.252,23.252,65.909,384625.626,2493.795,87.014,7.103,47.058,12.251,150.368,20.345
4.197,2.43,23.257,23.257,65.901,384792.131,2493.17,87.015,7.112,47.064,12.234,150.359,20.341
4.197,2.43,23.263,23.263,65.893,384966.328,2492.517,87.014,7.121,47.068,12.219,150.346,20.337
4.197,2.43,23.268,23.268,65.886,385145.949,2491.844,87.014,7.13,47.072,12.204,150.331,20.333
4.197,2.43,23.273,23.273,65.879,385328.796,2491.159,87.012,7.137,47.075,12.191,150.314,20.329
4.197,2.43,23.279,23.279,65.871,385512.802,2490.471,87.011,7.145,47.078,12.178,150.297,20.325
4.197,2.43,23.284,23.284,65.864,385696.095,2489.785,87.01,7.153,47.082,12.164,150.28,20.321
4.197,2.43,23.289,23.289,65.857,385877.999,2489.105,87.009,7.161,47.085,12.151,150.263,20.317
4.197,2.43,23.294,23.294,65.849,386059.08,2488.429,87.008,7.169,47.089,12.137,150.247,20.313
4.197,2.43,23.3,23.3,65.842,386239.922,2487.755,87.007,7.177,47.092,12.123,150.231,20.308
4.197,2.43,23.305,23.305,65.834,386421.064,2487.079,87.006,7.185,47.096,12.109,150.215,20.304
4.197,2.43,23.31,23.31,65.826,386603.011,2486.401,87.005,7.194,47.099,12.095,150.198,20.3
4.197,2.43,23.316,23.316,65.819,386786.195,2485.72,87.004,7.202,47.103,12.081,150.181,20.296
4.197,2.43,23.321,23.321,65.812,386970.54,2485.034,87.003,7.209,47.106,12.068,150.163,20.292
4.197,2.43,23.326,23.326,65.804,387155.67,2484.346,87.002,7.217,47.109,12.055,150.145,20.288
4.197,2.43,23.331,23.331,65.797,387341.23,2483.656,87.0,7.225,47.113,12.042,150.127,20.284
4.197,2.43,23.337,23.337,65.789,387526.898,2482.967,86.999,7.232,47.116,12.029,150.108,20.28
4.197,2.43,23.342,23.342,65.782,387712.376,2482.279,86.998,7.24,47.119,12.016,150.09,20.276
4.197,2.43,23.347,23.347,65.774,387897.52,2481.593,86.996,7.248,47.122,12.003,150.072,20.272
4.197,2.43,23.352,23.352,65.767,388082.768,2480.907,86.995,7.256,47.125,11.99,150.054,20.268
4.197,2.43,23.358,23.358,65.759,388268.68,2480.219,86.994,7.263,47.128,11.977,150.035,20.264
4.197,2.43,23.363,23.363,65.752,388455.772,2479.528,86.992,7.271,47.131,11.964,150.016,20.26
4.197,2.43,23.368,23.368,65.744,388644.517,2478.83,86.99,7.278,47.134,11.952,149.996,20.256
4.197,2.43,23.373,23.373,65.737,388835.33,2478.126,86.989,7.285,47.137,11.94,149.976,20.252
4.197,2.43,23.378,23.378,65.73,389027.671,2477.416,86.987,7.292,47.139,11.929,149.954,20.248
4.197,2.43,23.383,23.383,65.723,389219.523,2476.709,86.985,7.299,47.142,11.917,149.933,20.244
4.197,2.43,23.388,23.388,65.715,389408.934,2476.012,86.983,7.306,47.145,11.905,149.913,20.24
4.197,2.43,23.393,23.393,65.708,389594.141,2475.33,86.982,7.314,47.148,11.893,149.895,20.236
4.197,2.43,23.399,23.399,65.7,389773.513,2474.67,86.981,7.322,47.152,11.879,149.879,20.232
4.197,2.43,23.405,23.405,65.692,389945.888,2474.037,86.981,7.332,47.156,11.863,149.867,20.228
4.197,2.43,23.411,23.411,65.684,390115.473,2473.414,86.981,7.342,47.161,11.847,149.856,20.224
4.197,2.43,23.417,23.417,65.676,390290.13,2472.773,86.981,7.351,47.166,11.832,149.843,20.22
4.197,2.43,23.422,23.422,65.668,390477.51,2472.086,86.979,7.359,47.169,11.819,149.823,20.216
4.197,2.43,23.426,23.426,65.662,390684.674,2471.327,86.976,7.364,47.17,11.811,149.795,20.212
4.197,2.43,23.429,23.429,65.656,390917.397,2470.475,86.97,7.365,47.168,11.808,149.755,20.207
4.197,2.43,23.431,23.431,65.651,391175.364,2469.531,86.962,7.363,47.163,11.81,149.704,20.203
4.197,2.43,23.432,23.432,65.647,391444.492,2468.548,86.953,7.359,47.156,11.815,149.648,20.198
4.197,2.43,23.433,23.433,65.643,391711.29,2467.574,86.944,7.355,47.15,11.821,149.593,20.193
4.197,2.43,23.435,23.435,65.639,391966.417,2466.644,86.937,7.353,47.145,11.824,149.545,20.189
4.197,2.43,23.437,23.437,65.634,392203.917,2465.779,86.931,7.352,47.141,11.824,149.505,20.184
4.197,2.43,23.44,23.44,65.629,392419.955,2464.993,86.927,7.355,47.141,11.819,149.475,20.18
4.197,2.43,23.444,23.444,65.623,392612.5,2464.293,86.925,7.36,47.143,11.81,149.456,20.176
4.197,2.43,23.449,23.449,65.616,392785.848,2463.663,86.925,7.368,47.147,11.797,149.445,20.172
4.197,2.43,23.455,23.455,65.609,392945.848,2463.082,86.926,7.378,47.152,11.782,149.441,20.168
4.197,2.43,23.461,23.461,65.602,393097.426,2462.532,86.929,7.389,47.159,11.764,149.44,20.165
4.197,2.43,23.467,23.467,65.594,393245.22,2461.996,86.931,7.401,47.166,11.745,149.44,20.161
4.197,2.43,23.474,23.474,65.586,393393.965,2461.457,86.933,7.413,47.173,11.727,149.441,20.158
4.197,2.43,23.48,23.48,65.578,393548.674,2460.897,86.935,7.424,47.18,11.709,149.438,20.154
4.197,2.43,23.486,23.486,65.57,393712.895,2460.302,86.936,7.434,47.185,11.694,149.43,20.15
4.197,2.43,23.491,23.491,65.563,393885.324,2459.679,86.936,7.443,47.19,11.68,149.419,20.146
4.197,2.43,23.496,23.496,65.556,394063.764,2459.034,86.935,7.452,47.193,11.667,149.405,20.142
4.197,2.43,23.502,23.502,65.549,394246.067,2458.375,86.934,7.459,47.197,11.654,149.389,20.139
4.197,2.43,23.507,23.507,65.542,394430.198,2457.71,86.933,7.467,47.2,11.642,149.372,20.135
4.197,2.43,23.512,23.512,65.534,394614.265,2457.047,86.932,7.475,47.203,11.63,149.355,20.131
4.197,2.43,23.517,23.517,65.527,394796.98,2456.388,86.931,7.482,47.207,11.618,149.339,20.127
4.197,2.43,23.522,23.522,65.52,394978.643,2455.734,86.93,7.49,47.21,11.606,149.324,20.123
4.197,2.43,23.527,23.527,65.513,395159.832,2455.082,86.93,7.498,47.214,11.593,149.308,20.119
4.197,2.43,23.533,23.533,65.505,395341.085,2454.43,86.929,7.506,47.218,11.581,149.293,20.115
4.197,2.43,23.538,23.538,65.498,395522.9,2453.777,86.928,7.514,47.221,11.568,149.277,20.111
4.197,2.43,23.543,23.543,65.491,395705.743,2453.12,86.927,7.522,47.225,11.556,149.26,20.107
4.197,2.43,23.548,23.548,65.484,395889.849,2452.459,86.926,7.53,47.228,11.544,149.243,20.103
4.197,2.43,23.554,23.554,65.476,396074.919,2451.796,86.925,7.538,47.231,11.532,149.226,20.099
4.197,2.43,23.559,23.559,65.469,396260.597,2451.13,86.924,7.545,47.234,11.521,149.208,20.096
4.197,2.43,23.564,23.564,65.462,396446.555,2450.465,86.922,7.553,47.237,11.509,149.19,20.092
4.197,2.43,23.569,23.569,65.455,396632.495,2449.799,86.921,7.56,47.241,11.497,149.173,20.088
4.197,2.43,23.574,23.574,65.447,396818.146,2449.136,86.92,7.568,47.244,11.486,149.155,20.084
4.197,2.43,23.579,23.579,65.44,397003.563,2448.473,86.919,7.575,47.247,11.474,149.137,20.08
4.197,2.43,23.585,23.585,65.433,397189.268,2447.81,86.917,7.583,47.25,11.462,149.12,20.076
4.197,2.43,23.59,23.59,65.426,397375.784,2447.145,86.916,7.59,47.253,11.451,149.102,20.072
4.197,2.43,23.595,23.595,65.418,397563.594,2446.475,86.915,7.598,47.256,11.439,149.083,20.068
4.197,2.43,23.6,23.6,65.411,397753.134,2445.8,86.913,7.605,47.259,11.429,149.063,20.064
4.197,2.43,23.605,23.605,65.404,397944.733,2445.118,86.911,7.612,47.262,11.418,149.043,20.06
4.197,2.43,23.61,23.61,65.397,398137.418,2444.433,86.91,7.618,47.264,11.408,149.022,20.056
4.197,2.43,23.615,23.615,65.39,398329.193,2443.752,86.908,7.625,47.266,11.397,149.002,20.052
4.197,2.43,23.62,23.62,65.383,398518.229,2443.08,86.906,7.632,47.269,11.387,148.983,20.048
4.197,2.43,23.625,23.625,65.376,398702.871,2442.425,86.905,7.64,47.273,11.375,148.966,20.045
4.197,2.43,23.63,23.63,65.368,398881.581,2441.791,86.905,7.649,47.277,11.362,148.951,20.041
4.197,2.43,23.636,23.636,65.36,399053.515,2441.182,86.905,7.658,47.281,11.348,148.94,20.037
4.197,2.43,23.642,23.642,65.353,399223.494,2440.58,86.905,7.668,47.286,11.334,148.929,20.033
4.197,2.43,23.648,23.648,65.345,399399.086,2439.959,86.905,7.677,47.291,11.32,148.915,20.029
4.197,2.43,23.653,23.653,65.337,399587.597,2439.292,86.903,7.684,47.294,11.309,148.896,20.025
4.197,2.43,23.657,23.657,65.331,399795.731,2438.557,86.9,7.689,47.295,11.302,148.868,20.021
4.197,2.43,23.66,23.66,65.325,400028.925,2437.734,86.894,7.69,47.292,11.299,148.829,20.017
4.197,2.43,23.662,23.662,65.32,400286.788,2436.824,86.887,7.688,47.287,11.301,148.78,20.013
4.197,2.43,23.663,23.663,65.316,400555.732,2435.877,86.878,7.684,47.281,11.306,148.725,20.008
4.197,2.43,23.664,23.664,65.313,400822.705,2434.937,86.869,7.681,47.275,11.31,148.673,20.003
4.197,2.43,23.666,23.666,65.309,401078.635,2434.037,86.862,7.678,47.27,11.313,148.625,19.999
4.197,2.43,23.668,23.668,65.304,401317.722,2433.197,86.856,7.677,47.267,11.313,148.585,19.995
4.197,2.43,23.671,23.671,65.299,401536.267,2432.431,86.852,7.679,47.266,11.31,148.555,19.991
4.197,2.43,23.675,23.675,65.294,401731.963,2431.744,86.85,7.684,47.267,11.302,148.535,19.987
4.197,2.43,23.679,23.679,65.287,401907.997,2431.128,86.85,7.692,47.271,11.291,148.524,19.983
4.197,2.43,23.685,23.685,65.281,402070.108,2430.56,86.851,7.701,47.276,11.277,148.519,19.979
4.197,2.43,23.691,23.691,65.273,402223.093,2430.025,86.853,7.712,47.283,11.262,148.518,19.976
4.197,2.43,23.697,23.697,65.266,402371.377,2429.506,86.856,7.724,47.29,11.245,148.518,19.972
4.197,2.43,23.703,23.703,65.258,402519.414,2428.989,86.858,7.735,47.297,11.229,148.519,19.969
4.197,2.43,23.709,23.709,65.251,402671.906,2428.456,86.86,7.747,47.303,11.213,148.517,19.965
4.197,2.43,23.715,23.715,65.243,402833.22,2427.893,86.861,7.757,47.309,11.198,148.512,19.962
4.197,2.43,23.721,23.721,65.236,403003.31,2427.299,86.862,7.766,47.314,11.185,148.502,19.958
4.197,2.43,23.726,23.726,65.229,403180.068,2426.683,86.861,7.774,47.318,11.173,148.489,19.954
4.197,2.43,23.731,23.731,65.222,403361.395,2426.051,86.861,7.782,47.321,11.162,148.474,19.95
4.197,2.43,23.736,23.736,65.215,403545.285,2425.411,86.86,7.79,47.325,11.151,148.458,19.947
4.197,2.43,23.741,23.741,65.208,403729.863,2424.769,86.859,7.797,47.328,11.14,148.442,19.943
4.197,2.43,23.746,23.746,65.201,403913.484,2424.131,86.858,7.804,47.331,11.129,148.426,19.939
4.197,2.43,23.752,23.752,65.194,404095.814,2423.497,86.857,7.812,47.335,11.118,148.411,19.935
4.197,2.43,23.757,23.757,65.187,404277.412,2422.867,86.856,7.82,47.338,11.107,148.395,19.931
4.197,2.43,23.762,23.762,65.18,404458.814,2422.238,86.856,7.828,47.342,11.096,148.38,19.928
4.197,2.43,23.767,23.767,65.173,404640.514,2421.608,86.855,7.836,47.345,11.084,148.365,19.924
4.197,2.43,23.772,23.772,65.166,404822.977,2420.976,86.854,7.844,47.349,11.073,148.35,19.92
4.197,2.43,23.777,23.777,65.159,405006.609,2420.34,86.853,7.851,47.352,11.062,148.334,19.916
4.197,2.43,23.783,23.783,65.152,405191.39,2419.701,86.852,7.859,47.356,11.052,148.317,19.912
4.197,2.43,23.788,23.788,65.145,405376.971,2419.059,86.851,7.866,47.359,11.041,148.3,19.909
4.197,2.43,23.793,23.793,65.138,405563.019,2418.417,86.85,7.874,47.362,11.03,148.283,19.905
4.197,2.43,23.798,23.798,65.131,405749.232,2417.774,86.849,7.881,47.365,11.02,148.265,19.901
4.197,2.43,23.803,23.803,65.124,405935.33,2417.132,86.848,7.888,47.368,11.01,148.248,19.897
4.197,2.43,23.808,23.808,65.117,406121.09,2416.492,86.847,7.896,47.371,10.999,148.231,19.893
4.197,2.43,23.813,23.813,65.11,406306.742,2415.852,86.846,7.903,47.375,10.988,148.214,19.89
4.197,2.43,23.818,23.818,65.102,406492.811,2415.212,86.845,7.911,47.378,10.978,148.197,19.886
4.197,2.43,23.823,23.823,65.095,406679.787,2414.569,86.843,7.918,47.381,10.968,148.179,19.882
4.197,2.43,23.828,23.828,65.088,406868.119,2413.922,86.842,7.925,47.384,10.958,148.161,19.878
4.197,2.43,23.833,23.833,65.082,407058.217,2413.269,86.841,7.932,47.386,10.948,148.142,19.874
4.197,2.43,23.838,23.838,65.075,407250.305,2412.61,86.839,7.939,47.389,10.939,148.122,19.871
4.197,2.43,23.843,23.843,65.068,407443.154,2411.948,86.837,7.945,47.391,10.929,148.102,19.867
4.197,2.43,23.848,23.848,65.061,407634.855,2411.292,86.836,7.952,47.394,10.92,148.082,19.863
4.197,2.43,23.853,23.853,65.054,407823.685,2410.645,86.834,7.959,47.397,10.91,148.064,19.859
4.197,2.43,23.858,23.858,65.047,408008.08,2410.014,86.833,7.967,47.4,10.9,148.047,19.855
4.197,2.43,23.863,23.863,65.04,408186.583,2409.404,86.833,7.975,47.404,10.888,148.033,19.852
4.197,2.43,23.869,23.869,65.032,408358.497,2408.816,86.833,7.984,47.409,10.875,148.022,19.848
4.197,2.43,23.875,23.875,65.025,408528.675,2408.235,86.834,7.994,47.414,10.862,148.012,19.844
4.197,2.43,23.881,23.881,65.017,408704.371,2407.636,86.833,8.003,47.418,10.85,147.999,19.841
4.197,2.43,23.886,23.886,65.01,408892.579,2406.994,86.832,8.01,47.421,10.84,147.981,19.837
4.197,2.43,23.89,23.89,65.004,409099.725,2406.288,86.829,8.015,47.422,10.833,147.954,19.833
4.197,2.43,23.893,23.893,64.998,409331.051,2405.501,86.824,8.017,47.42,10.83,147.917,19.829
4.197,2.43,23.895,23.895,64.993,409587.065,2404.63,86.817,8.015,47.416,10.832,147.87,19.825
4.197,2.43,23.896,23.896,64.989,409855.311,2403.718,86.808,8.011,47.41,10.836,147.817,19.82
4.197,2.43,23.897,23.897,64.986,410122.855,2402.81,86.8,8.007,47.404,10.84,147.765,19.816
4.197,2.43,23.898,23.898,64.982,410380.583,2401.936,86.792,8.005,47.399,10.843,147.718,19.811
4.197,2.43,23.9,23.9,64.978,410622.621,2401.117,86.786,8.004,47.395,10.843,147.679,19.807
4.197,2.43,23.903,23.903,64.973,410845.266,2400.363,86.782,8.005,47.394,10.841,147.647,19.803
4.197,2.43,23.906,23.906,64.968,411045.979,2399.684,86.78,8.009,47.395,10.835,147.626,19.799
4.197,2.43,23.911,23.911,64.962,411226.242,2399.075,86.78,8.016,47.398,10.826,147.613,19.796
4.197,2.43,23.916,23.916,64.955,411391.599,2398.517,86.781,8.025,47.403,10.814,147.607,19.792
4.197,2.43,23.922,23.922,64.949,411546.801,2397.993,86.782,8.035,47.409,10.8,147.605,19.789
4.197,2.43,23.928,23.928,64.941,411696.101,2397.489,86.785,8.046,47.416,10.786,147.606,19.785
4.197,2.43,23.934,23.934,64.934,411843.687,2396.992,86.787,8.058,47.423,10.77,147.607,19.782
4.197,2.43,23.94,23.94,64.926,411993.937,2396.486,86.79,8.069,47.429,10.756,147.606,19.778
4.197,2.43,23.946,23.946,64.919,412151.439,2395.955,86.791,8.08,47.436,10.742,147.603,19.775
4.197,2.43,23.952,23.952,64.912,412318.185,2395.394,86.792,8.089,47.441,10.729,147.595,19.771
4.197,2.43,23.957,23.957,64.905,412492.41,2394.808,86.792,8.098,47.445,10.718,147.584,19.768
4.197,2.43,23.962,23.962,64.898,412672.07,2394.204,86.792,8.106,47.449,10.708,147.57,19.764
4.197,2.43,23.967,23.967,64.892,412855.185,2393.589,86.791,8.113,47.452,10.698,147.555,19.76
4.197,2.43,23.972,23.972,64.885,413039.885,2392.97,86.79,8.12,47.455,10.688,147.539,19.757
4.197,2.43,23.977,23.977,64.878,413224.44,2392.351,86.789,8.127,47.458,10.679,147.524,19.753
4.197,2.43,23.982,23.982,64.871,413407.674,2391.737,86.789,8.135,47.462,10.669,147.509,19.749
4.197,2.43,23.987,23.987,64.865,413589.875,2391.127,86.788,8.143,47.465,10.659,147.494,19.746
4.197,2.43,23.992,23.992,64.858,413771.582,2390.518,86.787,8.15,47.469,10.648,147.479,19.742
4.197,2.43,23.998,23.998,64.851,413953.292,2389.911,86.787,8.158,47.472,10.638,147.465,19.738
4.197,2.43,24.003,24.003,64.844,414135.467,2389.302,86.786,8.166,47.476,10.628,147.45,19.735
4.197,2.43,24.008,24.008,64.837,414318.541,2388.691,86.786,8.173,47.479,10.618,147.435,19.731
4.197,2.43,24.013,24.013,64.83,414502.828,2388.076,86.785,8.181,47.483,10.608,147.419,19.727
4.197,2.43,24.018,24.018,64.823,414688.143,2387.458,86.784,8.188,47.486,10.599,147.402,19.724
4.197,2.43,24.023,24.023,64.817,414874.145,2386.838,86.783,8.195,47.489,10.589,147.386,19.72
4.197,2.43,24.028,24.028,64.81,415060.524,2386.217,86.782,8.203,47.492,10.58,147.369,19.716
4.197,2.43,24.033,24.033,64.803,415246.995,2385.596,86.781,8.21,47.495,10.57,147.352,19.713
4.197,2.43,24.038,24.038,64.796,415433.298,2384.977,86.78,8.217,47.498,10.561,147.336,19.709
4.197,2.43,24.043,24.043,64.789,415619.259,2384.359,86.779,8.224,47.502,10.551,147.319,19.705
4.197,2.43,24.048,24.048,64.783,415805.202,2383.742,86.778,8.232,47.505,10.542,147.303,19.702
4.197,2.43,24.053,24.053,64.776,415991.628,2383.123,86.777,8.239,47.508,10.532,147.286,19.698
4.197,2.43,24.058,24.058,64.769,416179.004,2382.502,86.776,8.246,47.511,10.523,147.269,19.694
4.197,2.43,24.063,24.063,64.762,416367.751,2381.876,86.775,8.253,47.514,10.514,147.251,19.691
4.197,2.43,24.068,24.068,64.755,416558.258,2381.245,86.773,8.26,47.517,10.505,147.233,19.687
4.197,2.43,24.072,24.072,64.749,416750.693,2380.609,86.772,8.267,47.519,10.497,147.213,19.683
4.197,2.43,24.077,24.077,64.742,416943.781,2379.97,86.77,8.273,47.521,10.488,147.194,19.68
4.197,2.43,24.082,24.082,64.736,417135.696,2379.336,86.769,8.279,47.524,10.48,147.175,19.676
4.197,2.43,24.087,24.087,64.729,417324.792,2378.712,86.767,8.286,47.527,10.471,147.157,19.672
4.197,2.43,24.092,24.092,64.722,417509.578,2378.102,86.767,8.294,47.53,10.462,147.141,19.669
4.197,2.43,24.097,24.097,64.715,417688.663,2377.512,86.766,8.302,47.534,10.451,147.128,19.665
4.197,2.43,24.103,24.103,64.708,417861.221,2376.943,86.766,8.311,47.539,10.44,147.117,19.661
4.197,2.43,24.109,24.109,64.7,418031.514,2376.382,86.767,8.321,47.544,10.428,147.107,19.658
4.197,2.43,24.114,24.114,64.693,418206.506,2375.806,86.767,8.33,47.548,10.417,147.095,19.654
4.197,2.43,24.119,24.119,64.686,418392.934,2375.193,86.766,8.337,47.551,10.407,147.078,19.651
4.197,2.43,24.124,24.124,64.68,418597.049,2374.523,86.763,8.342,47.553,10.401,147.054,19.647
4.197,2.43,24.127,24.127,64.674,418824.063,2373.777,86.759,8.344,47.552,10.397,147.02,19.643
4.197,2.43,24.129,24.129,64.669,419076.052,2372.951,86.752,8.343,47.548,10.398,146.975,19.639
4.197,2.43,24.13,24.13,64.665,419342.905,2372.076,86.744,8.34,47.542,10.401,146.925,19.634
4.197,2.43,24.131,24.131,64.662,419611.463,2371.197,86.736,8.336,47.536,10.405,146.874,19.63
4.197,2.43,24.132,24.132,64.658,419872.188,2370.344,86.728,8.333,47.531,10.408,146.827,19.626
4.197,2.43,24.134,24.134,64.654,420118.823,2369.538,86.722,8.331,47.527,10.409,146.786,19.622
4.197,2.43,24.136,24.136,64.65,420347.448,2368.792,86.717,8.332,47.525,10.408,146.753,19.618
4.197,2.43,24.14,24.14,64.645,420555.43,2368.114,86.715,8.335,47.525,10.403,146.729,19.614
4.197,2.43,24.144,24.144,64.64,420742.205,2367.505,86.714,8.341,47.528,10.396,146.715,19.61
4.197,2.43,24.149,24.149,64.634,420912.55,2366.95,86.715,8.349,47.532,10.386,146.707,19.607
4.197,2.43,24.154,24.154,64.627,421071.314,2366.433,86.716,8.359,47.537,10.374,146.704,19.604
4.197,2.43,24.16,24.16,64.62,421222.663,2365.941,86.718,8.369,47.544,10.361,146.704,19.6
4.197,2.43,24.166,24.166,64.613,421370.557,2365.46,86.721,8.381,47.551,10.348,146.705,19.597
4.197,2.43,24.172,24.172,64.606,421519.056,2364.977,86.724,8.392,47.558,10.334,146.706,19.594
4.197,2.43,24.178,24.178,64.599,421672.471,2364.479,86.726,8.403,47.564,10.321,146.704,19.59
4.197,2.43,24.184,24.184,64.592,421834.646,2363.953,86.727,8.412,47.57,10.309,146.699,19.587
4.197,2.43,24.189,24.189,64.585,422005.25,2363.399,86.728,8.421,47.574,10.299,146.69,19.584
4.197,2.43,24.194,24.194,64.578,422182.347,2362.825,86.727,8.429,47.578,10.289,146.678,19.58
4.197,2.43,24.199,24.199,64.572,422364.016,2362.237,86.727,8.437,47.582,10.28,146.664,19.576
4.197,2.43,24.204,24.204,64.565,422548.416,2361.64,86.726,8.444,47.585,10.271,146.649,19.573
4.197,2.43,24.209,24.209,64.559,422733.827,2361.04,86.726,8.451,47.588,10.262,146.633,19.569
4.197,2.43,24.214,24.214,64.552,422918.684,2360.442,86.725,8.458,47.591,10.253,146.618,19.566
4.197,2.43,24.219,24.219,64.546,423102.317,2359.849,86.724,8.466,47.595,10.244,146.604,19.562
4.197,2.43,24.224,24.224,64.539,423285.064,2359.259,86.724,8.473,47.598,10.235,146.589,19.559
4.197,2.43,24.229,24.229,64.532,423467.295,2358.671,86.723,8.481,47.602,10.226,146.575,19.555
4.197,2.43,24.234,24.234,64.526,423649.347,2358.084,86.723,8.488,47.605,10.217,146.561,19.552
4.197,2.43,24.239,24.239,64.519,423831.537,2357.497,86.722,8.496,47.609,10.208,146.547,19.548
4.197,2.43,24.244,24.244,64.512,424014.158,2356.909,86.722,8.503,47.612,10.199,146.532,19.544
4.197,2.43,24.249,24.249,64.506,424197.483,2356.319,86.721,8.511,47.616,10.19,146.517,19.541
4.197,2.43,24.254,24.254,64.499,424381.768,2355.727,86.72,8.518,47.619,10.181,146.502,19.537
4.197,2.43,24.259,24.259,64.492,424567.253,2355.131,86.719,8.525,47.622,10.172,146.487,19.534
4.197,2.43,24.264,24.264,64.486,424754.158,2354.531,86.719,8.533,47.626,10.163,146.47,19.53
4.197,2.43,24.269,24.269,64.479,424942.686,2353.926,86.718,8.539,47.628,10.155,146.453,19.527
4.197,2.43,24.274,24.274,64.473,425133.02,2353.315,86.716,8.546,47.631,10.147,146.436,19.523
4.197,2.43,24.278,24.278,64.466,425325.078,2352.7,86.715,8.553,47.634,10.139,146.417,19.519
4.197,2.43,24.283,24.283,64.46,425517.481,2352.084,86.714,8.559,47.636,10.131,146.399,19.516
4.197,2.43,24.288,24.288,64.453,425708.556,2351.472,86.712,8.565,47.639,10.124,146.381,19.512
4.197,2.43,24.293,24.293,64.447,425896.801,2350.871,86.711,8.572,47.642,10.115,146.364,19.509
4.197,2.43,24.298,24.298,64.44,426080.844,2350.283,86.711,8.58,47.645,10.106,146.349,19.505
4.197,2.43,24.303,24.303,64.433,426259.396,2349.712,86.71,8.588,47.649,10.097,146.336,19.502
4.197,2.43,24.309,24.309,64.426,426431.676,2349.163,86.711,8.597,47.654,10.086,146.326,19.498
4.197,2.43,24.314,24.314,64.419,426601.688,2348.621,86.711,8.606,47.659,10.075,146.317,19.495
4.197,2.43,24.32,24.32,64.412,426776.075,2348.065,86.712,8.615,47.663,10.065,146.306,19.491
4.197,2.43,24.325,24.325,64.405,426961.289,2347.475,86.711,8.623,47.667,10.056,146.29,19.488
4.197,2.43,24.329,24.329,64.399,427163.343,2346.832,86.709,8.628,47.668,10.05,146.267,19.484
4.197,2.43,24.333,24.333,64.393,427387.317,2346.12,86.704,8.631,47.667,10.046,146.235,19.48
4.197,2.43,24.335,24.335,64.389,427635.943,2345.33,86.698,8.63,47.664,10.046,146.193,19.476
4.197,2.43,24.336,24.336,64.385,427901.065,2344.488,86.69,8.627,47.659,10.049,146.145,19.472
4.197,2.43,24.337,24.337,64.381,428169.632,2343.637,86.682,8.623,47.653,10.052,146.095,19.468
4.197,2.43,24.338,24.338,64.378,428431.908,2342.806,86.675,8.62,47.647,10.055,146.048,19.464
4.197,2.43,24.34,24.34,64.374,428681.407,2342.016,86.669,8.618,47.643,10.057,146.007,19.46
4.197,2.43,24.342,24.342,64.37,428914.057,2341.28,86.664,8.618,47.641,10.056,145.974,19.456
4.197,2.43,24.345,24.345,64.365,429127.209,2340.607,86.661,8.621,47.641,10.053,145.948,19.452
4.197,2.43,24.349,24.349,64.36,429319.351,2340.0,86.66,8.626,47.643,10.047,145.932,19.449
4.197,2.43,24.353,24.353,64.354,429493.898,2339.45,86.66,8.633,47.647,10.038,145.922,19.445
4.197,2.43,24.358,24.358,64.348,429655.789,2338.939,86.661,8.642,47.652,10.028,145.918,19.442
4.197,2.43,24.364,24.364,64.342,429809.15,2338.456,86.664,8.652,47.658,10.016,145.918,19.439
4.197,2.43,24.37,24.37,64.335,429957.787,2337.988,86.666,8.663,47.665,10.004,145.919,19.435
4.197,2.43,24.376,24.376,64.328,430105.518,2337.523,86.669,8.674,47.672,9.991,145.92,19.432
4.197,2.43,24.382,24.382,64.321,430256.369,2337.048,86.671,8.685,47.678,9.979,145.92,19.429
4.197,2.43,24.388,24.388,64.314,430414.543,2336.551,86.673,8.695,47.684,9.968,145.916,19.426
4.197,2.43,24.393,24.393,64.307,430581.702,2336.025,86.674,8.704,47.689,9.958,145.909,19.422
4.197,2.43,24.399,24.399,64.3,430756.148,2335.478,86.674,8.713,47.693,9.948,145.899,19.419
4.197,2.43,24.404,24.404,64.294,430935.969,2334.913,86.674,8.72,47.697,9.939,145.886,19.416
4.197,2.43,24.408,24.408,64.288,431119.306,2334.338,86.673,8.727,47.7,9.931,145.872,19.412
4.197,2.43,24.413,24.413,64.281,431304.407,2333.758,86.673,8.734,47.703,9.923,145.857,19.409
4.197,2.43,24.418,24.418,64.275,431489.645,2333.178,86.672,8.741,47.707,9.915,145.842,19.405
4.197,2.43,24.423,24.423,64.269,431673.715,2332.602,86.671,8.748,47.71,9.907,145.828,19.402
4.197,2.43,24.428,24.428,64.262,431856.642,2332.03,86.671,8.756,47.713,9.899,145.814,19.398
4.197,2.43,24.433,24.433,64.256,432038.939,2331.46,86.67,8.763,47.717,9.89,145.8,19.395
4.197,2.43,24.438,24.438,64.249,432221.079,2330.891,86.67,8.771,47.72,9.882,145.786,19.391
4.197,2.43,24.443,24.443,64.243,432403.498,2330.321,86.67,8.778,47.724,9.874,145.772,19.388
4.197,2.43,24.448,24.448,64.236,432586.606,2329.75,86.669,8.785,47.727,9.865,145.758,19.384
4.197,2.43,24.453,24.453,64.23,432770.775,2329.176,86.669,8.793,47.731,9.857,145.743,19.381
4.197,2.43,24.458,24.458,64.223,432956.067,2328.599,86.668,8.8,47.734,9.849,145.728,19.378
4.197,2.43,24.462,24.462,64.217,433142.179,2328.019,86.667,8.807,47.737,9.841,145.713,19.374
4.197,2.43,24.467,24.467,64.211,433328.804,2327.439,86.666,8.814,47.74,9.833,145.697,19.371
4.197,2.43,24.472,24.472,64.204,433515.667,2326.858,86.665,8.821,47.743,9.825,145.681,19.367
4.197,2.43,24.477,24.477,64.198,433702.511,2326.277,86.665,8.828,47.746,9.817,145.665,19.364
4.197,2.43,24.482,24.482,64.191,433889.105,2325.698,86.664,8.835,47.749,9.81,145.65,19.36
4.197,2.43,24.487,24.487,64.185,434075.378,2325.12,86.663,8.842,47.752,9.802,145.634,19.357
4.197,2.43,24.492,24.492,64.178,434261.727,2324.542,86.662,8.849,47.756,9.794,145.618,19.353
4.197,2.43,24.496,24.496,64.172,434448.609,2323.963,86.661,8.856,47.759,9.786,145.602,19.35
4.197,2.43,24.501,24.501,64.166,434636.442,2323.382,86.661,8.863,47.762,9.778,145.586,19.346
4.197,2.43,24.506,24.506,64.159,434825.61,2322.796,86.66,8.869,47.764,9.771,145.569,19.343
4.197,2.43,24.511,24.511,64.153,435016.461,2322.206,86.658,8.876,47.767,9.763,145.552,19.339
4.197,2.43,24.515,24.515,64.147,435209.137,2321.611,86.657,8.882,47.77,9.756,145.534,19.336
4.197,2.43,24.52,24.52,64.14,435402.449,2321.014,86.656,8.888,47.772,9.749,145.515,19.332
4.197,2.43,24.525,24.525,64.134,435594.708,2320.421,86.654,8.895,47.775,9.742,145.497,19.329
4.197,2.43,24.529,24.529,64.128,435784.399,2319.836,86.653,8.901,47.777,9.735,145.48,19.325
4.197,2.43,24.534,24.534,64.121,435970.149,2319.263,86.653,8.908,47.78,9.727,145.465,19.322
4.197,2.43,24.539,24.539,64.115,436150.685,2318.707,86.652,8.916,47.784,9.719,145.451,19.319
4.197,2.43,24.545,24.545,64.108,436324.908,2318.171,86.653,8.925,47.789,9.709,145.441,19.315
4.197,2.43,24.551,24.551,64.101,436495.293,2317.647,86.653,8.934,47.794,9.7,145.432,19.312
4.197,2.43,24.556,24.556,64.094,436668.128,2317.116,86.654,8.943,47.798,9.69,145.421,19.309
4.197,2.43,24.561,24.561,64.087,436849.686,2316.558,86.653,8.95,47.802,9.682,145.407,19.305
4.197,2.43,24.566,24.566,64.081,437045.893,2315.956,86.652,8.956,47.804,9.675,145.388,19.302
4.197,2.43,24.57,24.57,64.075,437261.945,2315.293,86.648,8.96,47.804,9.671,145.36,19.298
4.197,2.43,24.572,24.572,64.071,437501.658,2314.559,86.643,8.96,47.802,9.67,145.322,19.294
4.197,2.43,24.574,24.574,64.067,437761.861,2313.762,86.636,8.958,47.797,9.671,145.277,19.29
4.197,2.43,24.575,24.575,64.063,438029.948,2312.942,86.628,8.954,47.791,9.674,145.228,19.286
4.197,2.43,24.576,24.576,64.06,438295.257,2312.131,86.621,8.951,47.786,9.677,145.181,19.282
4.197,2.43,24.577,24.577,64.056,438550.416,2311.352,86.614,8.949,47.781,9.679,145.139,19.278
4.197,2.43,24.579,24.579,64.052,438790.72,2310.619,86.609,8.948,47.778,9.679,145.103,19.274
4.197,2.43,24.581,24.581,64.048,439013.228,2309.941,86.605,8.949,47.777,9.678,145.074,19.271
4.197,2.43,24.584,24.584,64.044,439215.886,2309.324,86.603,8.953,47.778,9.673,145.053,19.267
4.197,2.43,24.588,24.588,64.038,439399.019,2308.766,86.602,8.959,47.781,9.667,145.041,19.264
4.197,2.43,24.593,24.593,64.033,439567.296,2308.254,86.603,8.967,47.785,9.658,145.034,19.26
4.197,2.43,24.599,24.599,64.026,439725.0,2307.775,86.605,8.976,47.791,9.649,145.032,19.257
4.197,2.43,24.604,24.604,64.02,439875.852,2307.317,86.608,8.986,47.797,9.638,145.032,19.254
4.197,2.43,24.61,24.61,64.013,440023.407,2306.869,86.61,8.997,47.804,9.627,145.034,19.251
4.197,2.43,24.616,24.616,64.006,440171.314,2306.42,86.613,9.008,47.81,9.615,145.035,19.248
4.197,2.43,24.622,24.622,64.0,440323.447,2305.958,86.615,9.018,47.817,9.604,145.034,19.245
4.197,2.43,24.628,24.628,63.993,440483.614,2305.473,86.617,9.028,47.822,9.594,145.03,19.242
4.197,2.43,24.633,24.633,63.986,440652.278,2304.962,86.618,9.037,47.827,9.585,145.022,19.239
4.197,2.43,24.638,24.638,63.98,440827.672,2304.431,86.618,9.045,47.831,9.577,145.011,19.235
4.197,2.43,24.643,24.643,63.974,441007.997,2303.885,86.618,9.052,47.835,9.569,144.999,19.232
4.197,2.43,24.648,24.648,63.968,441191.521,2303.33,86.617,9.059,47.838,9.561,144.985,19.229
4.197,2.43,24.653,24.653,63.962,441376.615,2302.771,86.616,9.066,47.841,9.554,144.97,19.225
4.197,2.43,24.657,24.657,63.955,441561.772,2302.211,86.616,9.073,47.844,9.547,144.955,19.222
4.197,2.43,24.662,24.662,63.949,441745.834,2301.656,86.615,9.08,47.848,9.54,144.941,19.218
4.197,2.43,24.667,24.667,63.943,441928.826,2301.104,86.615,9.087,47.851,9.532,144.927,19.215
4.197,2.43,24.672,24.672,63.937,442111.11,2300.555,86.615,9.094,47.854,9.524,144.914,19.212
4.197,2.43,24.677,24.677,63.931,442293.012,2300.007,86.614,9.101,47.858,9.517,144.9,19.208
4.197,2.43,24.682,24.682,63.924,442474.835,2299.459,86.614,9.109,47.861,9.509,144.887,19.205
4.197,2.43,24.687,24.687,63.918,442656.861,2298.912,86.614,9.116,47.865,9.501,144.873,19.202
4.197,2.43,24.692,24.692,63.912,442839.351,2298.363,86.613,9.123,47.868,9.494,144.86,19.198
4.197,2.43,24.696,24.696,63.905,443022.549,2297.813,86.613,9.13,47.872,9.486,144.846,19.195
4.197,2.43,24.701,24.701,63.899,443206.684,2297.26,86.612,9.137,47.875,9.479,144.831,19.192
4.197,2.43,24.706,24.706,63.893,443391.967,2296.704,86.612,9.144,47.878,9.472,144.816,19.188
4.197,2.43,24.711,24.711,63.887,443578.594,2296.144,86.611,9.151,47.881,9.464,144.801,19.185
4.197,2.43,24.716,24.716,63.88,443766.746,2295.581,86.61,9.158,47.884,9.457,144.785,19.182
4.197,2.43,24.72,24.72,63.874,443956.582,2295.012,86.609,9.164,47.887,9.451,144.768,19.178
4.197,2.43,24.725,24.725,63.868,444148.064,2294.439,86.608,9.17,47.889,9.444,144.751,19.175
4.197,2.43,24.729,24.729,63.862,444339.99,2293.865,86.607,9.177,47.892,9.438,144.733,19.172
4.197,2.43,24.734,24.734,63.856,444530.826,2293.295,86.606,9.183,47.894,9.431,144.716,19.168
4.197,2.43,24.739,24.739,63.85,444719.193,2292.733,86.605,9.189,47.897,9.424,144.7,19.165
4.197,2.43,24.744,24.744,63.844,444903.838,2292.182,86.604,9.197,47.9,9.417,144.685,19.161
4.197,2.43,24.749,24.749,63.837,445083.595,2291.645,86.604,9.204,47.904,9.409,144.673,19.158
4.197,2.43,24.754,24.754,63.831,445257.394,2291.127,86.604,9.213,47.909,9.401,144.662,19.155
4.197,2.43,24.76,24.76,63.824,445426.993,2290.622,86.605,9.222,47.913,9.392,144.654,19.152
4.197,2.43,24.765,24.765,63.817,445598.208,2290.113,86.606,9.23,47.918,9.383,144.644,19.148
4.197,2.43,24.77,24.77,63.81,445776.993,2289.581,86.606,9.238,47.922,9.375,144.632,19.145
4.197,2.43,24.775,24.775,63.804,445969.017,2289.01,86.605,9.245,47.925,9.368,144.614,19.142
4.197,2.43,24.779,24.779,63.799,446179.352,2288.385,86.602,9.249,47.925,9.364,144.589,19.138
4.197,2.43,24.782,24.782,63.794,446411.948,2287.694,86.597,9.25,47.924,9.362,144.555,19.135
4.197,2.43,24.784,24.784,63.79,446666.523,2286.939,86.591,9.248,47.92,9.363,144.513,19.131
4.197,2.43,24.785,24.785,63.786,446932.12,2286.152,86.583,9.245,47.914,9.365,144.466,19.127
4.197,2.43,24.786,24.786,63.783,447197.684,2285.366,86.576,9.242,47.909,9.368,144.42,19.123
4.197,2.43,24.787,24.787,63.78,447455.326,2284.604,86.569,9.239,47.904,9.37,144.377,19.119
4.197,2.43,24.788,24.788,63.776,447699.897,2283.881,86.563,9.238,47.901,9.37,144.34,19.115
4.197,2.43,24.791,24.791,63.772,447928.19,2283.207,86.559,9.238,47.899,9.37,144.31,19.112
4.197,2.43,24.793,24.793,63.768,448138.1,2282.588,86.557,9.241,47.899,9.367,144.286,19.108
4.197,2.43,24.797,24.797,63.763,448328.398,2282.027,86.556,9.246,47.901,9.361,144.271,19.105
4.197,2.43,24.802,24.802,63.758,448502.155,2281.515,86.556,9.253,47.905,9.354,144.263,19.102
4.197,2.43,24.807,24.807,63.752,448663.841,2281.039,86.558,9.262,47.91,9.346,144.259,19.099
4.197,2.43,24.812,24.812,63.746,448817.182,2280.587,86.56,9.271,47.916,9.336,144.258,19.095
4.197,2.43,24.818,24.818,63.739,448965.59,2280.151,86.563,9.282,47.922,9.326,144.259,19.092
4.197,2.43,24.824,24.824,63.733,449112.46,2279.719,86.565,9.292,47.929,9.316,144.261,19.089
4.197,2.43,24.83,24.83,63.726,449261.355,2279.282,86.568,9.303,47.936,9.305,144.262,19.086
4.197,2.43,24.836,24.836,63.719,449416.078,2278.827,86.57,9.313,47.942,9.295,144.26,19.083
4.197,2.43,24.841,24.841,63.713,449579.552,2278.347,86.571,9.322,47.947,9.286,144.254,19.08
4.197,2.43,24.846,24.846,63.707,449750.829,2277.845,86.572,9.331,47.951,9.278,144.246,19.077
4.197,2.43,24.851,24.851,63.701,449928.049,2277.325,86.572,9.338,47.955,9.271,144.235,19.074
4.197,2.43,24.856,24.856,63.694,450109.385,2276.794,86.572,9.345,47.959,9.264,144.222,19.071
4.197,2.43,24.861,24.861,63.689,450293.094,2276.256,86.572,9.352,47.962,9.257,144.208,19.067
4.197,2.43,24.865,24.865,63.683,450477.553,2275.716,86.571,9.359,47.965,9.25,144.194,19.064
4.197,2.43,24.87,24.87,63.677,450661.267,2275.179,86.571,9.366,47.968,9.243,144.18,19.061
4.197,2.43,24.875,24.875,63.671,450843.392,2274.647,86.57,9.373,47.972,9.236,144.167,19.058
4.197,2.43,24.88,24.88,63.664,451024.551,2274.118,86.57,9.38,47.975,9.229,144.155,19.054
4.197,2.43,24.884,24.884,63.658,451205.543,2273.59,86.57,9.387,47.979,9.222,144.142,19.051
4.197,2.43,24.889,24.889,63.652,451387.11,2273.06,86.57,9.394,47.982,9.215,144.129,19.048
4.197,2.43,24.894,24.894,63.646,451569.944,2272.527,86.569,9.401,47.985,9.208,144.116,19.045
4.197,2.43,24.899,24.899,63.64,451754.69,2271.989,86.569,9.408,47.989,9.201,144.101,19.041
4.197,2.43,24.904,24.904,63.634,451941.915,2271.444,86.568,9.415,47.992,9.195,144.086,19.038
4.197,2.43,24.908,24.908,63.628,452131.155,2270.893,86.567,9.421,47.994,9.189,144.07,19.035
4.197,2.43,24.913,24.913,63.622,452320.769,2270.342,86.567,9.427,47.997,9.182,144.054,19.032
4.197,2.43,24.917,24.917,63.616,452509.193,2269.794,86.566,9.434,48.0,9.176,144.038,19.028
4.197,2.43,24.922,24.922,63.61,452695.007,2269.255,86.565,9.441,48.003,9.169,144.024,19.025
4.197,2.43,24.927,24.927,63.604,452876.912,2268.727,86.565,9.448,48.006,9.162,144.011,19.022
4.197,2.43,24.932,24.932,63.598,453053.679,2268.214,86.565,9.456,48.01,9.155,144.0,19.019
4.197,2.43,24.937,24.937,63.591,453224.623,2267.719,86.566,9.464,48.015,9.147,143.991,19.015
4.197,2.43,24.943,24.943,63.585,453393.448,2267.23,86.567,9.473,48.02,9.138,143.983,19.012
4.197,2.43,24.948,24.948,63.578,453565.95,2266.731,86.567,9.482,48.025,9.13,143.973,19.009
4.197,2.43,24.954,24.954,63.572,453747.764,2266.205,86.567,9.489,48.028,9.123,143.96,19.006
4.197,2.43,24.958,24.958,63.566,453944.192,2265.637,86.566,9.495,48.03,9.117,143.941,19.003
4.197,2.43,24.962,24.962,63.56,454159.833,2265.014,86.563,9.498,48.03,9.113,143.914,18.999
4.197,2.43,24.964,24.964,63.556,454398.004,2264.326,86.558,9.499,48.028,9.112,143.879,18.996
4.197,2.43,24.966,24.966,63.552,454655.652,2263.583,86.551,9.497,48.024,9.114,143.837,18.992
4.197,2.43,24.967,24.967,63.549,454921.152,2262.818,86.544,9.494,48.019,9.116,143.791,18.988
4.197,2.43,24.968,24.968,63.545,455184.611,2262.06,86.537,9.49,48.014,9.118,143.747,18.984
4.197,2.43,24.969,24.969,63.542,455439.111,2261.328,86.53,9.488,48.009,9.12,143.707,18.98
4.197,2.43,24.97,24.97,63.539,455680.189,2260.635,86.525,9.487,48.006,9.12,143.672,18.977
4.197,2.43,24.973,24.973,63.535,455905.066,2259.989,86.521,9.488,48.005,9.119,143.643,18.973
4.197,2.43,24.976,24.976,63.531,456111.864,2259.396,86.519,9.491,48.005,9.116,143.622,18.97
4.197,2.43,24.979,24.979,63.526,456299.686,2258.857,86.518,9.496,48.007,9.111,143.608,18.967
4.197,2.43,24.984,24.984,63.52,456471.903,2258.364,86.519,9.503,48.011,9.104,143.601,18.963
4.197,2.43,24.989,24.989,63.515,456632.699,2257.903,86.521,9.512,48.016,9.096,143.597,18.96
4.197,2.43,24.994,24.994,63.509,456785.582,2257.466,86.523,9.522,48.022,9.087,143.597,18.957
4.197,2.43,25.0,25.0,63.502,456933.785,2257.042,86.526,9.532,48.029,9.078,143.598,18.955
4.197,2.43,25.006,25.006,63.496,457080.541,2256.622,86.529,9.542,48.035,9.068,143.6,18.952
4.197,2.43,25.012,25.012,63.489,457229.251,2256.197,86.531,9.553,48.042,9.058,143.601,18.949
4.197,2.43,25.017,25.017,63.483,457383.552,2255.756,86.533,9.563,48.048,9.049,143.6,18.946
4.197,2.43,25.023,25.023,63.477,457546.376,2255.291,86.535,9.572,48.053,9.04,143.595,18.943
4.197,2.43,25.028,25.028,63.471,457717.003,2254.804,86.536,9.58,48.058,9.033,143.587,18.94
4.197,2.43,25.033,25.033,63.465,457893.735,2254.3,86.536,9.588,48.062,9.026,143.576,18.937
4.197,2.43,25.038,25.038,63.459,458074.897,2253.784,86.536,9.595,48.065,9.019,143.564,18.933
4.197,2.43,25.042,25.042,63.453,458258.884,2253.26,86.535,9.602,48.068,9.013,143.551,18.93
4.197,2.43,25.047,25.047,63.447,458444.193,2252.733,86.535,9.608,48.072,9.006,143.537,18.927
4.197,2.43,25.051,25.051,63.441,458629.438,2252.206,86.534,9.615,48.075,9.0,143.523,18.924
4.197,2.43,25.056,25.056,63.435,458813.599,2251.682,86.534,9.621,48.078,8.994,143.51,18.921
4.197,2.43,25.061,25.061,63.43,458996.76,2251.162,86.534,9.628,48.081,8.987,143.497,18.917
4.197,2.43,25.066,25.066,63.424,459179.258,2250.644,86.534,9.635,48.085,8.981,143.484,18.914
4.197,2.43,25.07,25.07,63.418,459361.4,2250.127,86.534,9.642,48.088,8.974,143.471,18.911
4.197,2.43,25.075,25.075,63.412,459543.47,2249.611,86.533,9.649,48.091,8.968,143.459,18.908
4.197,2.43,25.08,25.08,63.406,459725.732,2249.094,86.533,9.657,48.095,8.961,143.446,18.905
4.197,2.43,25.085,25.085,63.4,459908.43,2248.577,86.533,9.664,48.098,8.955,143.433,18.902
4.197,2.43,25.09,25.09,63.394,460091.794,2248.058,86.533,9.671,48.102,8.948,143.42,18.898
4.197,2.43,25.094,25.094,63.388,460276.036,2247.537,86.532,9.677,48.105,8.942,143.406,18.895
4.197,2.43,25.099,25.099,63.382,460461.356,2247.013,86.532,9.684,48.108,8.935,143.392,18.892
4.197,2.43,25.104,25.104,63.376,460647.938,2246.486,86.531,9.691,48.111,8.929,143.378,18.889
4.197,2.43,25.108,25.108,63.37,460835.95,2245.955,86.531,9.697,48.114,8.923,143.363,18.886
4.197,2.43,25.113,25.113,63.364,461025.545,2245.42,86.53,9.704,48.117,8.917,143.347,18.882
4.197,2.43,25.117,25.117,63.358,461216.838,2244.881,86.529,9.71,48.119,8.911,143.331,18.879
4.197,2.43,25.122,25.122,63.353,461409.199,2244.339,86.528,9.716,48.122,8.906,143.315,18.876
4.197,2.43,25.126,25.126,63.347,461601.183,2243.799,86.527,9.722,48.124,8.9,143.298,18.873
4.197,2.43,25.131,25.131,63.341,461791.44,2243.263,86.526,9.728,48.127,8.895,143.282,18.87
4.197,2.43,25.135,25.135,63.335,461978.752,2242.737,86.526,9.735,48.13,8.889,143.268,18.866
4.197,2.43,25.14,25.14,63.329,462162.002,2242.222,86.525,9.742,48.134,8.882,143.255,18.863
4.197,2.43,25.145,25.145,63.323,462340.132,2241.721,86.526,9.749,48.137,8.875,143.244,18.86
4.197,2.43,25.151,25.151,63.317,462512.5,2241.238,86.526,9.758,48.142,8.868,143.235,18.857
4.197,2.43,25.156,25.156,63.31,462682.514,2240.761,86.527,9.766,48.147,8.86,143.227,18.854
4.197,2.43,25.161,25.161,63.304,462855.839,2240.275,86.528,9.775,48.151,8.852,143.217,18.851
4.197,2.43,25.166,25.166,63.298,463037.983,2239.764,86.528,9.782,48.155,8.845,143.205,18.848
4.197,2.43,25.171,25.171,63.292,463234.135,2239.215,86.526,9.788,48.157,8.84,143.187,18.845
4.197,2.43,25.174,25.174,63.286,463448.828,2238.614,86.524,9.791,48.158,8.837,143.161,18.841
4.197,2.43,25.177,25.177,63.282,463685.435,2237.953,86.519,9.792,48.156,8.835,143.128,18.838
4.197,2.43,25.179,25.179,63.278,463942.35,2237.235,86.513,9.79,48.151,8.836,143.087,18.834
4.197,2.43,25.18,25.18,63.275,464208.565,2236.492,86.505,9.787,48.146,8.839,143.042,18.83
4.197,2.43,25.18,25.18,63.272,464473.967,2235.752,86.498,9.784,48.141,8.841,142.998,18.827
4.197,2.43,25.182,25.182,63.269,464731.381,2235.035,86.492,9.781,48.137,8.842,142.958,18.823
4.197,2.43,25.183,25.183,63.265,464976.136,2234.354,86.487,9.78,48.133,8.843,142.922,18.819
4.197,2.43,25.185,25.185,63.262,465205.336,2233.716,86.483,9.781,48.132,8.842,142.893,18.816
4.197,2.43,25.188,25.188,63.258,465417.099,2233.128,86.48,9.783,48.131,8.84,142.871,18.813
4.197,2.43,25.191,25.191,63.253,465610.135,2232.591,86.479,9.787,48.133,8.836,142.856,18.809
4.197,2.43,25.195,25.195,63.248,465786.618,2232.102,86.479,9.794,48.137,8.83,142.847,18.806
4.197,2.43,25.2,25.2,63.243,465950.798,2231.646,86.481,9.802,48.141,8.823,142.842,18.803
4.197,2.43,25.205,25.205,63.237,466106.21,2231.215,86.483,9.811,48.147,8.815,142.841,18.8
4.197,2.43,25.211,25.211,63.231,466256.026,2230.8,86.486,9.821,48.153,8.806,142.842,18.798
4.197,2.43,25.217,25.217,63.225,466403.344,2230.392,86.488,9.831,48.16,8.797,142.844,18.795
4.197,2.43,25.223,25.223,63.218,466551.377,2229.982,86.491,9.842,48.167,8.788,142.846,18.792
4.197,2.43,25.228,25.228,63.212,466703.555,2229.561,86.494,9.852,48.173,8.779,142.846,18.789
4.197,2.43,25.234,25.234,63.206,466863.348,2229.119,86.495,9.861,48.178,8.771,142.842,18.786
4.197,2.43,25.239,25.239,63.2,467031.482,2228.655,86.497,9.87,48.183,8.764,142.836,18.783
4.197,2.43,25.244,25.244,63.194,467206.373,2228.171,86.497,9.877,48.187,8.757,142.826,18.78
4.197,2.43,25.249,25.249,63.188,467386.371,2227.675,86.497,9.884,48.191,8.751,142.815,18.777
4.197,2.43,25.253,25.253,63.182,467569.874,2227.168,86.497,9.891,48.194,8.745,142.803,18.774
4.197,2.43,25.258,25.258,63.177,467755.371,2226.657,86.497,9.898,48.197,8.739,142.789,18.771
4.197,2.43,25.262,25.262,63.171,467941.461,2226.144,86.496,9.904,48.2,8.734,142.776,18.768
4.197,2.43,25.267,25.267,63.165,468126.88,2225.633,86.496,9.91,48.203,8.728,142.763,18.765
4.197,2.43,25.271,25.271,63.16,468311.153,2225.126,86.496,9.917,48.206,8.722,142.75,18.762
4.197,2.43,25.276,25.276,63.154,468494.586,2224.622,86.495,9.924,48.21,8.716,142.737,18.758
4.197,2.43,25.281,25.281,63.148,468677.491,2224.119,86.495,9.931,48.213,8.71,142.725,18.755
4.197,2.43,25.285,25.285,63.142,468860.158,2223.617,86.495,9.938,48.216,8.704,142.712,18.752
4.197,2.43,25.29,25.29,63.137,469042.854,2223.116,86.495,9.945,48.22,8.698,142.7,18.749
4.197,2.43,25.295,25.295,63.131,469225.826,2222.614,86.495,9.952,48.223,8.692,142.688,18.746
4.197,2.43,25.3,25.3,63.125,469409.306,2222.111,86.495,9.959,48.227,8.685,142.675,18.743
4.197,2.43,25.304,25.304,63.119,469593.508,2221.606,86.495,9.965,48.23,8.68,142.662,18.74
4.197,2.43,25.309,25.309,63.113,469778.634,2221.099,86.494,9.972,48.233,8.674,142.649,18.737
4.197,2.43,25.314,25.314,63.108,469964.871,2220.589,86.494,9.979,48.236,8.668,142.635,18.734
4.197,2.43,25.318,25.318,63.102,470152.391,2220.076,86.493,9.985,48.239,8.662,142.621,18.731
4.197,2.43,25.323,25.323,63.096,470341.351,2219.56,86.493,9.992,48.242,8.657,142.606,18.728
4.197,2.43,25.327,25.327,63.09,470531.893,2219.039,86.492,9.998,48.245,8.651,142.591,18.724
4.197,2.43,25.332,25.332,63.085,470724.062,2218.515,86.491,10.004,48.247,8.646,142.575,18.721
4.197,2.43,25.336,25.336,63.079,470916.958,2217.988,86.49,10.009,48.25,8.641,142.559,18.718
4.197,2.43,25.34,25.34,63.074,471109.173,2217.464,86.489,10.015,48.252,8.636,142.543,18.715
4.197,2.43,25.345,25.345,63.068,471299.43,2216.946,86.489,10.021,48.255,8.63,142.527,18.712
4.197,2.43,25.349,25.349,63.062,471486.578,2216.436,86.488,10.028,48.258,8.625,142.513,18.709
4.197,2.43,25.354,25.354,63.056,471669.553,2215.938,86.488,10.035,48.261,8.619,142.501,18.706
4.197,2.43,25.359,25.359,63.05,471847.346,2215.455,86.488,10.043,48.265,8.612,142.49,18.703
4.197,2.43,25.364,25.364,63.044,472019.569,2214.987,86.489,10.051,48.27,8.605,142.482,18.7
4.197,2.43,25.37,25.37,63.038,472190.054,2214.524,86.49,10.059,48.275,8.598,142.474,18.697
4.197,2.43,25.375,25.375,63.032,472364.285,2214.051,86.491,10.068,48.279,8.591,142.465,18.694
4.197,2.43,25.38,25.38,63.026,472547.567,2213.553,86.491,10.075,48.283,8.585,142.452,18.691
4.197,2.43,25.384,25.384,63.02,472744.88,2213.018,86.489,10.08,48.285,8.58,142.434,18.688
4.197,2.43,25.388,25.388,63.015,472960.542,2212.434,86.486,10.084,48.285,8.577,142.409,18.684
4.197,2.43,25.39,25.39,63.01,473197.73,2211.792,86.482,10.084,48.283,8.576,142.377,18.681
4.197,2.43,25.392,25.392,63.007,473454.813,2211.096,86.476,10.083,48.279,8.577,142.336,18.677
4.197,2.43,25.393,25.393,63.004,473721.084,2210.377,86.469,10.08,48.274,8.579,142.293,18.674
4.197,2.43,25.394,25.394,63.001,473986.696,2209.659,86.462,10.076,48.269,8.581,142.25,18.67
4.197,2.43,25.395,25.395,62.998,474244.641,2208.963,86.456,10.074,48.265,8.582,142.21,18.667
4.197,2.43,25.396,25.396,62.994,474490.348,2208.301,86.45,10.072,48.261,8.583,142.176,18.663
4.197,2.43,25.398,25.398,62.991,474720.987,2207.679,86.446,10.073,48.259,8.582,142.147,18.66
4.197,2.43,25.401,25.401,62.987,474934.752,2207.104,86.444,10.075,48.259,8.58,142.124,18.656
4.197,2.43,25.404,25.404,62.983,475130.311,2206.578,86.443,10.079,48.261,8.577,142.108,18.653
4.197,2.43,25.408,25.408,62.978,475309.061,2206.097,86.443,10.085,48.264,8.572,142.099,18.65
4.197,2.43,25.413,25.413,62.973,475475.129,2205.651,86.444,10.093,48.268,8.565,142.094,18.647
4.197,2.43,25.418,25.418,62.967,475632.024,2205.23,86.446,10.101,48.274,8.558,142.093,18.645
4.197,2.43,25.423,25.423,62.961,475782.841,2204.825,86.449,10.111,48.28,8.55,142.094,18.642
4.197,2.43,25.429,25.429,62.955,475930.556,2204.429,86.452,10.121,48.286,8.542,142.095,18.639
4.197,2.43,25.434,25.434,62.949,476078.227,2204.033,86.454,10.131,48.293,8.533,142.097,18.636
4.197,2.43,25.44,25.44,62.943,476229.104,2203.629,86.457,10.141,48.299,8.525,142.097,18.634
4.197,2.43,25.446,25.446,62.937,476386.644,2203.207,86.459,10.151,48.305,8.518,142.095,18.631
4.197,2.43,25.451,25.451,62.931,476552.743,2202.762,86.46,10.159,48.31,8.511,142.09,18.628
4.197,2.43,25.456,25.456,62.925,476726.063,2202.298,86.461,10.167,48.314,8.504,142.081,18.625
4.197,2.43,25.46,25.46,62.92,476904.889,2201.82,86.461,10.174,48.318,8.498,142.071,18.622
4.197,2.43,25.465,25.465,62.914,477087.544,2201.332,86.461,10.181,48.321,8.493,142.059,18.619
4.197,2.43,25.469,25.469,62.909,477272.438,2200.838,86.461,10.187,48.324,8.487,142.047,18.616
4.197,2.43,25.474,25.474,62.903,477458.089,2200.342,86.461,10.193,48.327,8.482,142.034,18.613
4.197,2.43,25.478,25.478,62.898,477643.133,2199.849,86.46,10.2,48.33,8.477,142.021,18.61
4.197,2.43,25.483,25.483,62.892,477826.644,2199.359,86.46,10.207,48.333,8.471,142.009,18.607
4.197,2.43,25.488,25.488,62.886,478009.077,2198.873,86.46,10.213,48.337,8.465,141.997,18.604
4.197,2.43,25.492,25.492,62.881,478191.175,2198.388,86.46,10.22,48.34,8.46,141.985,18.601
4.197,2.43,25.497,25.497,62.875,478373.621,2197.903,86.46,10.227,48.344,8.454,141.973,18.598
4.197,2.43,25.502,25.502,62.869,478557.056,2197.415,86.46,10.234,48.347,8.448,141.961,18.595
4.197,2.43,25.506,25.506,62.864,478742.074,2196.923,86.46,10.24,48.35,8.443,141.948,18.592
4.197,2.43,25.511,25.511,62.858,478929.226,2196.426,86.46,10.247,48.353,8.438,141.935,18.589
4.197,2.43,25.515,25.515,62.853,479118.747,2195.923,86.459,10.253,48.356,8.433,141.92,18.586
4.197,2.43,25.519,25.519,62.847,479309.469,2195.417,86.458,10.259,48.359,8.428,141.905,18.583
4.197,2.43,25.524,25.524,62.842,479499.891,2194.912,86.458,10.265,48.361,8.423,141.89,18.58
4.197,2.43,25.528,25.528,62.836,479688.658,2194.412,86.457,10.271,48.364,8.418,141.876,18.577
4.197,2.43,25.533,25.533,62.831,479874.535,2193.92,86.457,10.277,48.367,8.412,141.863,18.574
4.197,2.43,25.538,25.538,62.825,480056.385,2193.438,86.457,10.284,48.371,8.407,141.851,18.571
4.197,2.43,25.543,25.543,62.819,480233.124,2192.971,86.457,10.292,48.375,8.4,141.841,18.568
4.197,2.43,25.548,25.548,62.813,480404.47,2192.518,86.458,10.3,48.379,8.394,141.834,18.565
4.197,2.43,25.553,25.553,62.807,480574.378,2192.069,86.459,10.309,48.384,8.387,141.826,18.562
4.197,2.43,25.558,25.558,62.801,480748.103,2191.61,86.46,10.317,48.388,8.38,141.817,18.559
4.197,2.43,25.563,25.563,62.795,480930.728,2191.128,86.46,10.324,48.392,8.375,141.805,18.556
4.197,2.43,25.567,25.567,62.789,481127.036,2190.611,86.459,10.33,48.394,8.37,141.788,18.553
4.197,2.43,25.571,25.571,62.784,481341.184,2190.046,86.456,10.333,48.395,8.367,141.764,18.55
4.197,2.43,25.573,25.573,62.78,481576.263,2189.427,86.452,10.334,48.393,8.366,141.733,18.547
4.197,2.43,25.575,25.575,62.776,481831.241,2188.756,86.446,10.332,48.389,8.366,141.694,18.543
4.197,2.43,25.576,25.576,62.773,482096.055,2188.06,86.439,10.33,48.384,8.368,141.652,18.54
4.197,2.43,25.577,25.577,62.77,482361.009,2187.364,86.433,10.326,48.38,8.37,141.611,18.536
4.197,2.43,25.578,25.578,62.767,482619.119,2186.687,86.426,10.324,48.375,8.372,141.572,18.533
4.197,2.43,25.579,25.579,62.764,482865.784,2186.04,86.421,10.322,48.372,8.372,141.537,18.529
4.197,2.43,25.581,25.581,62.761,483098.144,2185.431,86.417,10.322,48.37,8.372,141.508,18.526
4.197,2.43,25.583,25.583,62.757,483314.403,2184.864,86.414,10.324,48.369,8.37,141.485,18.523
4.197,2.43,25.587,25.587,62.753,483513.229,2184.344,86.413,10.328,48.37,8.367,141.468,18.52
4.197,2.43,25.59,25.59,62.749,483694.986,2183.869,86.413,10.333,48.373,8.363,141.458,18.517
4.197,2.43,25.595,25.595,62.744,483863.475,2183.429,86.414,10.34,48.377,8.357,141.452,18.514
4.197,2.43,25.6,25.6,62.738,484022.203,2183.014,86.416,10.349,48.383,8.35,141.45,18.511
4.197,2.43,25.605,25.605,62.733,484174.194,2182.617,86.419,10.358,48.388,8.343,141.451,18.508
4.197,2.43,25.611,25.611,62.727,484322.292,2182.231,86.421,10.368,48.395,8.335,141.453,18.506
4.197,2.43,25.616,25.616,62.721,484469.375,2181.847,86.424,10.378,48.401,8.328,141.455,18.503
4.197,2.43,25.622,25.622,62.715,484618.482,2181.458,86.427,10.388,48.408,8.32,141.456,18.5
4.197,2.43,25.627,25.627,62.709,484772.867,2181.056,86.429,10.398,48.413,8.312,141.455,18.498
4.197,2.43,25.633,25.633,62.703,484935.434,2180.632,86.431,10.406,48.419,8.306,141.451,18.495
4.197,2.43,25.638,25.638,62.697,485105.822,2180.189,86.432,10.414,48.423,8.299,141.444,18.492
4.197,2.43,25.642,25.642,62.692,485282.367,2179.73,86.432,10.421,48.427,8.294,141.434,18.489
4.197,2.43,25.647,25.647,62.686,485463.419,2179.259,86.433,10.428,48.43,8.288,141.423,18.486
4.197,2.43,25.651,25.651,62.681,485647.393,2178.781,86.433,10.435,48.434,8.283,141.411,18.483
4.197,2.43,25.656,25.656,62.676,485832.804,2178.299,86.432,10.441,48.437,8.278,141.399,18.48
4.197,2.43,25.66,25.66,62.67,486018.277,2177.818,86.432,10.447,48.44,8.273,141.386,18.477
4.197,2.43,25.665,25.665,62.665,486202.583,2177.34,86.432,10.454,48.443,8.268,141.374,18.474
4.197,2.43,25.669,25.669,62.659,486385.458,2176.866,86.432,10.46,48.446,8.263,141.362,18.471
4.197,2.43,25.674,25.674,62.654,486567.602,2176.394,86.432,10.467,48.45,8.258,141.351,18.468
4.197,2.43,25.678,25.678,62.648,486749.707,2175.922,86.432,10.474,48.453,8.252,141.339,18.466
4.197,2.43,25.683,25.683,62.643,486932.413,2175.45,86.432,10.481,48.456,8.247,141.328,18.463
4.197,2.43,25.688,25.688,62.637,487116.319,2174.974,86.432,10.487,48.46,8.242,141.315,18.46
4.197,2.43,25.692,25.692,62.632,487301.98,2174.494,86.432,10.494,48.463,8.237,141.303,18.457
4.197,2.43,25.697,25.697,62.626,487489.906,2174.009,86.431,10.5,48.466,8.232,141.289,18.454
4.197,2.43,25.701,25.701,62.621,487679.913,2173.518,86.431,10.506,48.468,8.227,141.275,18.451
4.197,2.43,25.705,25.705,62.616,487870.61,2173.026,86.43,10.511,48.471,8.222,141.26,18.448
4.197,2.43,25.71,25.71,62.61,488060.593,2172.536,86.43,10.517,48.473,8.218,141.246,18.445
4.197,2.43,25.714,25.714,62.605,488248.597,2172.052,86.429,10.524,48.476,8.213,141.232,18.442
4.197,2.43,25.718,25.718,62.599,488433.466,2171.576,86.429,10.53,48.48,8.208,141.22,18.439
4.197,2.43,25.723,25.723,62.594,488614.126,2171.111,86.429,10.537,48.483,8.202,141.209,18.436
4.197,2.43,25.728,25.728,62.588,488789.548,2170.66,86.43,10.545,48.487,8.197,141.199,18.433
4.197,2.43,25.733,25.733,62.582,488960.124,2170.221,86.431,10.553,48.492,8.19,141.192,18.43
4.197,2.43,25.739,25.739,62.576,489130.304,2169.784,86.432,10.561,48.497,8.184,141.185,18.428
4.197,2.43,25.744,25.744,62.57,489305.121,2169.335,86.433,10.569,48.501,8.178,141.176,18.425
4.197,2.43,25.748,25.748,62.564,489489.436,2168.862,86.432,10.576,48.504,8.173,141.163,18.422
4.197,2.43,25.753,25.753,62.559,489687.78,2168.353,86.431,10.581,48.506,8.168,141.146,18.419
4.197,2.43,25.756,25.756,62.554,489904.027,2167.799,86.429,10.584,48.506,8.166,141.122,18.416
4.197,2.43,25.758,25.758,62.55,490140.957,2167.192,86.424,10.585,48.505,8.165,141.09,18.413
4.197,2.43,25.76,25.76,62.547,490396.736,2166.537,86.418,10.583,48.501,8.166,141.052,18.409
4.197,2.43,25.761,25.761,62.544,490661.28,2165.861,86.412,10.58,48.496,8.167,141.011,18.406
4.197,2.43,25.762,25.762,62.541,490925.411,2165.186,86.405,10.577,48.491,8.169,140.97,18.402
4.197,2.43,25.763,25.763,62.538,491182.559,2164.53,86.399,10.575,48.487,8.17,140.933,18.399
4.197,2.43,25.764,25.764,62.535,491428.403,2163.903,86.394,10.573,48.484,8.171,140.899,18.395
4.197,2.43,25.766,25.766,62.532,491660.27,2163.312,86.39,10.573,48.482,8.171,140.871,18.392
4.197,2.43,25.768,25.768,62.528,491876.486,2162.761,86.388,10.575,48.481,8.169,140.848,18.389
4.197,2.43,25.771,25.771,62.524,492075.818,2162.254,86.386,10.579,48.482,8.166,140.831,18.386
4.197,2.43,25.775,25.775,62.52,492258.374,2161.789,86.386,10.584,48.485,8.162,140.821,18.383
4.197,2.43,25.779,25.779,62.515,492427.687,2161.359,86.387,10.591,48.489,8.157,140.815,18.381
4.197,2.43,25.784,25.784,62.51,492587.169,2160.954,86.389,10.599,48.494,8.151,140.813,18.378
4.197,2.43,25.789,25.789,62.504,492739.727,2160.566,86.392,10.608,48.5,8.144,140.814,18.375
4.197,2.43,25.795,25.795,62.499,492888.072,2160.19,86.395,10.618,48.506,8.137,140.815,18.373
4.197,2.43,25.8,25.8,62.493,493034.922,2159.817,86.397,10.628,48.513,8.129,140.817,18.37
4.197,2.43,25.806,25.806,62.487,493183.132,2159.441,86.4,10.638,48.519,8.122,140.819,18.367
4.197,2.43,25.811,25.811,62.481,493335.764,2159.054,86.403,10.647,48.525,8.115,140.819,18.365
4.197,2.43,25.817,25.817,62.475,493495.884,2158.649,86.405,10.656,48.53,8.109,140.816,18.362
4.197,2.43,25.822,25.822,62.47,493664.008,2158.223,86.406,10.664,48.535,8.103,140.81,18.359
4.197,2.43,25.826,25.826,62.464,493838.668,2157.781,86.406,10.671,48.539,8.097,140.801,18.356
4.197,2.43,25.831,25.831,62.459,494018.349,2157.326,86.407,10.678,48.542,8.092,140.791,18.354
4.197,2.43,25.835,25.835,62.454,494201.581,2156.863,86.407,10.685,48.546,8.087,140.779,18.351
4.197,2.43,25.84,25.84,62.448,494386.975,2156.395,86.407,10.691,48.549,8.082,140.767,18.348
4.197,2.43,25.844,25.844,62.443,494573.241,2155.925,86.406,10.697,48.552,8.078,140.754,18.345
4.197,2.43,25.848,25.848,62.438,494759.193,2155.455,86.406,10.703,48.555,8.073,140.742,18.342
4.197,2.43,25.853,25.853,62.433,494944.042,2154.989,86.406,10.709,48.558,8.068,140.73,18.339
4.197,2.43,25.857,25.857,62.427,495127.94,2154.526,86.406,10.716,48.561,8.063,140.718,18.336
4.197,2.43,25.862,25.862,62.422,495311.187,2154.064,86.406,10.722,48.564,8.059,140.706,18.333
4.197,2.43,25.866,25.866,62.417,495494.057,2153.604,86.406,10.729,48.567,8.054,140.695,18.331
4.197,2.43,25.871,25.871,62.411,495676.802,2153.144,86.406,10.735,48.571,8.049,140.684,18.328
4.197,2.43,25.875,25.875,62.406,495859.654,2152.684,86.406,10.742,48.574,8.044,140.672,18.325
4.197,2.43,25.88,25.88,62.4,496042.83,2152.224,86.406,10.749,48.577,8.039,140.66,18.322
4.197,2.43,25.884,25.884,62.395,496226.531,2151.762,86.406,10.755,48.581,8.034,140.649,18.319
4.197,2.43,25.889,25.889,62.39,496410.945,2151.299,86.406,10.762,48.584,8.029,140.637,18.316
4.197,2.43,25.894,25.894,62.384,496596.247,2150.835,86.406,10.768,48.587,8.024,140.624,18.313
4.197,2.43,25.898,25.898,62.379,496782.599,2150.367,86.406,10.774,48.59,8.02,140.611,18.311
4.197,2.43,25.902,25.902,62.373,496970.15,2149.897,86.405,10.78,48.593,8.015,140.598,18.308
4.197,2.43,25.907,25.907,62.368,497159.035,2149.424,86.405,10.786,48.596,8.011,140.584,18.305
4.197,2.43,25.911,25.911,62.363,497349.377,2148.948,86.405,10.792,48.598,8.006,140.57,18.302
4.197,2.43,25.915,25.915,62.358,497541.249,2148.468,86.404,10.798,48.601,8.002,140.556,18.299
4.197,2.43,25.919,25.919,62.353,497733.999,2147.986,86.403,10.803,48.603,7.998,140.541,18.296
4.197,2.43,25.924,25.924,62.347,497926.362,2147.506,86.402,10.809,48.606,7.994,140.526,18.293
4.197,2.43,25.928,25.928,62.342,498117.176,2147.029,86.402,10.815,48.608,7.989,140.511,18.29
4.197,2.43,25.932,25.932,62.337,498305.395,2146.56,86.402,10.821,48.611,7.985,140.498,18.288
4.197,2.43,25.937,25.937,62.331,498490.062,2146.099,86.401,10.827,48.614,7.98,140.486,18.285
4.197,2.43,25.941,25.941,62.326,498670.28,2145.65,86.402,10.834,48.618,7.975,140.475,18.282
4.197,2.43,25.946,25.946,62.32,498845.197,2145.214,86.402,10.842,48.622,7.969,140.467,18.279
4.197,2.43,25.952,25.952,62.314,499015.927,2144.789,86.404,10.85,48.627,7.963,140.459,18.276
4.197,2.43,25.957,25.957,62.309,499187.092,2144.364,86.405,10.858,48.631,7.958,140.452,18.274
4.197,2.43,25.962,25.962,62.303,499363.534,2143.925,86.405,10.866,48.635,7.952,140.443,18.271
4.197,2.43,25.966,25.966,62.297,499549.903,2143.462,86.405,10.872,48.639,7.947,140.43,18.268
4.197,2.43,25.97,25.97,62.292,499750.485,2142.963,86.404,10.877,48.64,7.944,140.412,18.265
4.197,2.43,25.974,25.974,62.288,499968.887,2142.421,86.401,10.88,48.64,7.941,140.388,18.262
4.197,2.43,25.976,25.976,62.284,500207.603,2141.829,86.397,10.88,48.638,7.941,140.356,18.259
4.197,2.43,25.977,25.977,62.28,500464.305,2141.193,86.391,10.879,48.635,7.941,140.319,18.256
4.197,2.43,25.978,25.978,62.277,500729.053,2140.537,86.384,10.876,48.63,7.943,140.278,18.252
4.197,2.43,25.979,25.979,62.275,500993.058,2139.884,86.378,10.873,48.625,7.944,140.239,18.249
4.197,2.43,25.98,25.98,62.272,501250.051,2139.249,86.372,10.87,48.621,7.946,140.202,18.246
4.197,2.43,25.981,25.981,62.269,501495.919,2138.641,86.367,10.869,48.618,7.946,140.169,18.242
4.197,2.43,25.983,25.983,62.266,501728.131,2138.068,86.363,10.869,48.616,7.946,140.141,18.239
4.197,2.43,25.985,25.985,62.262,501945.122,2137.533,86.361,10.87,48.615,7.945,140.119,18.236
4.197,2.43,25.988,25.988,62.259,502145.764,2137.038,86.359,10.873,48.616,7.942,140.102,18.233
4.197,2.43,25.992,25.992,62.254,502329.833,2136.585,86.359,10.879,48.619,7.938,140.091,18.23
4.197,2.43,25.996,25.996,62.25,502500.501,2136.165,86.36,10.885,48.623,7.934,140.085,18.228
4.197,2.43,26.001,26.001,62.245,502661.14,2135.769,86.362,10.893,48.627,7.928,140.083,18.225
4.197,2.43,26.006,26.006,62.239,502814.597,2135.392,86.364,10.902,48.633,7.922,140.083,18.222
4.197,2.43,26.011,26.011,62.234,502963.486,2135.026,86.367,10.911,48.639,7.915,140.084,18.22
4.197,2.43,26.016,26.016,62.228,503110.398,2134.665,86.37,10.921,48.645,7.909,140.087,18.217
4.197,2.43,26.022,26.022,62.223,503258.041,2134.302,86.373,10.931,48.652,7.902,140.088,18.215
4.197,2.43,26.027,26.027,62.217,503409.309,2133.931,86.375,10.94,48.658,7.895,140.089,18.212
4.197,2.43,26.033,26.033,62.211,503567.269,2133.543,86.377,10.949,48.663,7.889,140.086,18.21
4.197,2.43,26.038,26.038,62.206,503733.437,2133.136,86.379,10.957,48.668,7.883,140.081,18.207
4.197,2.43,26.042,26.042,62.2,503906.526,2132.711,86.38,10.964,48.672,7.878,140.074,18.204
4.197,2.43,26.047,26.047,62.195,504084.967,2132.274,86.38,10.971,48.676,7.873,140.064,18.202
4.197,2.43,26.051,26.051,62.19,504267.227,2131.828,86.38,10.978,48.679,7.869,140.053,18.199
4.197,2.43,26.056,26.056,62.185,504451.853,2131.376,86.38,10.984,48.682,7.864,140.042,18.196
4.197,2.43,26.06,26.06,62.18,504637.489,2130.922,86.38,10.99,48.685,7.86,140.03,18.193
4.197,2.43,26.064,26.064,62.175,504822.887,2130.469,86.38,10.996,48.688,7.856,140.018,18.19
4.197,2.43,26.069,26.069,62.17,505006.975,2130.019,86.38,11.002,48.691,7.851,140.006,18.188
4.197,2.43,26.073,26.073,62.164,505189.75,2129.573,86.38,11.009,48.694,7.847,139.995,18.185
4.197,2.43,26.078,26.078,62.159,505371.89,2129.128,86.38,11.015,48.698,7.842,139.984,18.182
4.197,2.43,26.082,26.082,62.154,505554.034,2128.684,86.381,11.022,48.701,7.837,139.973,18.179
4.197,2.43,26.087,26.087,62.149,505736.773,2128.239,86.381,11.028,48.704,7.833,139.962,18.177
4.197,2.43,26.091,26.091,62.143,505920.661,2127.791,86.381,11.034,48.708,7.828,139.951,18.174
4.197,2.43,26.095,26.095,62.138,506106.209,2127.339,86.381,11.041,48.711,7.824,139.938,18.171
4.197,2.43,26.1,26.1,62.133,506293.888,2126.882,86.38,11.047,48.713,7.82,139.926,18.168
4.197,2.43,26.104,26.104,62.128,506483.663,2126.421,86.38,11.052,48.716,7.815,139.912,18.165
4.197,2.43,26.108,26.108,62.123,506674.29,2125.958,86.379,11.058,48.719,7.811,139.898,18.163
4.197,2.43,26.112,26.112,62.118,506864.45,2125.496,86.379,11.064,48.721,7.807,139.884,18.16
4.197,2.43,26.117,26.117,62.113,507052.952,2125.038,86.379,11.07,48.724,7.803,139.871,18.157
4.197,2.43,26.121,26.121,62.108,507238.713,2124.587,86.378,11.076,48.727,7.799,139.859,18.154
4.197,2.43,26.125,26.125,62.102,507420.734,2124.146,86.379,11.082,48.731,7.794,139.848,18.151
4.197,2.43,26.13,26.13,62.097,507598.064,2123.716,86.379,11.09,48.734,7.789,139.839,18.149
4.197,2.43,26.135,26.135,62.091,507770.13,2123.3,86.38,11.097,48.739,7.784,139.831,18.146
4.197,2.43,26.14,26.14,62.086,507939.82,2122.889,86.381,11.105,48.743,7.778,139.825,18.143
4.197,2.43,26.145,26.145,62.08,508111.841,2122.473,86.382,11.113,48.748,7.773,139.817,18.141
4.197,2.43,26.15,26.15,62.074,508290.774,2122.04,86.383,11.12,48.752,7.768,139.807,18.138
4.197,2.43,26.155,26.155,62.069,508480.98,2121.58,86.382,11.126,48.754,7.764,139.793,18.135
4.197,2.43,26.158,26.158,62.064,508686.385,2121.084,86.381,11.131,48.756,7.761,139.774,18.132
4.197,2.43,26.161,26.161,62.06,508910.139,2120.544,86.378,11.133,48.755,7.759,139.749,18.129
4.197,2.43,26.163,26.163,62.056,509153.977,2119.956,86.373,11.133,48.753,7.759,139.716,18.126
4.197,2.43,26.165,26.165,62.053,509412.909,2119.332,86.367,11.13,48.749,7.76,139.679,18.123
4.197,2.43,26.165,26.165,62.05,509677.091,2118.696,86.361,11.128,48.744,7.761,139.639,18.12
4.197,2.43,26.166,26.166,62.048,509938.739,2118.066,86.355,11.125,48.74,7.762,139.601,18.116
4.197,2.43,26.167,26.167,62.045,510192.415,2117.457,86.349,11.123,48.736,7.763,139.566,18.113
4.197,2.43,26.169,26.169,62.042,510434.613,2116.875,86.345,11.121,48.733,7.764,139.535,18.11
4.197,2.43,26.17,26.17,62.039,510663.187,2116.326,86.341,11.122,48.731,7.763,139.509,18.107
4.197,2.43,26.173,26.173,62.035,510876.799,2115.814,86.339,11.124,48.731,7.762,139.488,18.104
4.197,2.43,26.176,26.176,62.032,511074.436,2115.34,86.338,11.127,48.732,7.759,139.473,18.101
4.197,2.43,26.179,26.179,62.027,511256.199,2114.904,86.338,11.132,48.735,7.756,139.464,18.098
4.197,2.43,26.184,26.184,62.023,511425.318,2114.499,86.339,11.139,48.739,7.751,139.458,18.096
4.197,2.43,26.188,26.188,62.018,511584.949,2114.117,86.341,11.147,48.744,7.746,139.456,18.093
4.197,2.43,26.193,26.193,62.013,511737.775,2113.752,86.343,11.155,48.749,7.74,139.457,18.091
4.197,2.43,26.198,26.198,62.008,511886.279,2113.396,86.346,11.165,48.755,7.734,139.458,18.088
4.197,2.43,26.204,26.204,62.002,512032.934,2113.046,86.349,11.174,48.762,7.728,139.46,18.086
4.197,2.43,26.209,26.209,61.997,512180.326,2112.694,86.352,11.184,48.768,7.721,139.462,18.083
4.197,2.43,26.215,26.215,61.991,512331.225,2112.333,86.355,11.193,48.774,7.715,139.463,18.081
4.197,2.43,26.22,26.22,61.985,512488.58,2111.958,86.357,11.202,48.779,7.709,139.461,18.078
4.197,2.43,26.225,26.225,61.98,512654.059,2111.563,86.358,11.21,48.784,7.704,139.456,18.076
4.197,2.43,26.23,26.23,61.975,512826.494,2111.152,86.359,11.217,48.788,7.699,139.449,18.073
4.197,2.43,26.234,26.234,61.97,513004.36,2110.728,86.36,11.224,48.792,7.694,139.44,18.07
4.197,2.43,26.239,26.239,61.965,513186.164,2110.295,86.36,11.23,48.795,7.69,139.429,18.068
4.197,2.43,26.243,26.243,61.96,513370.485,2109.856,86.36,11.236,48.798,7.686,139.418,18.065
4.197,2.43,26.247,26.247,61.955,513555.998,2109.415,86.36,11.242,48.801,7.682,139.406,18.062
4.197,2.43,26.251,26.251,61.95,513741.479,2108.974,86.36,11.248,48.804,7.678,139.395,18.059
4.197,2.43,26.256,26.256,61.945,513925.828,2108.536,86.36,11.255,48.807,7.673,139.383,18.057
4.197,2.43,26.26,26.26,61.94,514108.772,2108.101,86.36,11.261,48.81,7.669,139.372,18.054
4.197,2.43,26.264,26.264,61.935,514290.937,2107.669,86.36,11.267,48.814,7.665,139.362,18.051
4.197,2.43,26.269,26.269,61.929,514472.951,2107.237,86.36,11.274,48.817,7.66,139.351,18.049
4.197,2.43,26.273,26.273,61.924,514655.396,2106.805,86.361,11.28,48.82,7.656,139.34,18.046
4.197,2.43,26.278,26.278,61.919,514838.813,2106.37,86.361,11.286,48.823,7.652,139.329,18.043
4.197,2.43,26.282,26.282,61.914,515023.705,2105.932,86.361,11.292,48.827,7.648,139.317,18.041
4.197,2.43,26.286,26.286,61.909,515210.538,2105.49,86.36,11.298,48.829,7.644,139.305,18.038
4.197,2.43,26.29,26.29,61.904,515399.58,2105.043,86.36,11.304,48.832,7.64,139.292,18.035
4.197,2.43,26.295,26.295,61.899,515589.937,2104.592,86.36,11.31,48.835,7.636,139.278,18.032
4.197,2.43,26.299,26.299,61.894,515780.295,2104.143,86.359,11.315,48.837,7.632,139.265,18.03
4.197,2.43,26.303,26.303,61.889,515969.464,2103.696,86.359,11.321,48.84,7.628,139.252,18.027
4.197,2.43,26.307,26.307,61.884,516156.366,2103.255,86.359,11.327,48.843,7.624,139.239,18.024
4.197,2.43,26.312,26.312,61.879,516340.015,2102.822,86.359,11.333,48.846,7.62,139.228,18.021
4.197,2.43,26.316,26.316,61.874,516519.488,2102.399,86.359,11.34,48.85,7.615,139.218,18.019
4.197,2.43,26.321,26.321,61.868,516693.901,2101.988,86.36,11.347,48.854,7.611,139.21,18.016
4.197,2.43,26.326,26.326,61.863,516864.098,2101.587,86.361,11.355,48.858,7.605,139.204,18.014
4.197,2.43,26.331,26.331,61.857,517034.294,2101.186,86.363,11.363,48.863,7.6,139.197,18.011
4.197,2.43,26.336,26.336,61.852,517208.964,2100.775,86.363,11.371,48.867,7.595,139.189,18.008
4.197,2.43,26.341,26.341,61.847,517392.427,2100.344,86.363,11.377,48.87,7.591,139.177,18.006
4.197,2.43,26.345,26.345,61.842,517588.705,2099.883,86.363,11.382,48.873,7.587,139.162,18.003
4.197,2.43,26.348,26.348,61.837,517801.27,2099.383,86.36,11.386,48.873,7.585,139.14,18.0
4.197,2.43,26.351,26.351,61.833,518032.684,2098.84,86.357,11.387,48.872,7.584,139.113,17.997
4.197,2.43,26.352,26.352,61.83,518282.968,2098.253,86.352,11.386,48.869,7.584,139.079,17.994
4.197,2.43,26.353,26.353,61.827,518544.208,2097.641,86.346,11.383,48.865,7.585,139.041,17.991
4.197,2.43,26.354,26.354,61.824,518807.467,2097.025,86.34,11.381,48.86,7.587,139.003,17.988
4.197,2.43,26.355,26.355,61.822,519066.113,2096.42,86.334,11.378,48.856,7.588,138.967,17.984
4.197,2.43,26.356,26.356,61.819,519315.645,2095.836,86.329,11.376,48.853,7.589,138.934,17.981
4.197,2.43,26.357,26.357,61.816,519553.224,2095.281,86.325,11.376,48.85,7.589,138.905,17.978
4.197,2.43,26.359,26.359,61.813,519777.134,2094.759,86.322,11.376,48.849,7.588,138.881,17.975
4.197,2.43,26.362,26.362,61.81,519986.277,2094.271,86.32,11.378,48.849,7.586,138.862,17.972
4.197,2.43,26.365,26.365,61.806,520179.773,2093.82,86.319,11.382,48.851,7.584,138.849,17.97
4.197,2.43,26.369,26.369,61.802,520358.393,2093.403,86.319,11.388,48.854,7.58,138.84,17.967
4.197,2.43,26.373,26.373,61.797,520525.394,2093.014,86.321,11.394,48.858,7.576,138.836,17.965
4.197,2.43,26.377,26.377,61.792,520683.639,2092.646,86.323,11.402,48.862,7.571,138.834,17.962
4.197,2.43,26.382,26.382,61.787,520835.59,2092.293,86.325,11.411,48.868,7.565,138.835,17.96
4.197,2.43,26.388,26.388,61.782,520983.549,2091.948,86.328,11.42,48.874,7.559,138.837,17.957
4.197,2.43,26.393,26.393,61.777,521129.819,2091.608,86.331,11.429,48.88,7.553,138.839,17.955
4.197,2.43,26.398,26.398,61.771,521276.819,2091.267,86.334,11.439,48.886,7.547,138.841,17.952
4.197,2.43,26.404,26.404,61.766,521427.143,2090.918,86.337,11.448,48.892,7.541,138.842,17.95
4.197,2.43,26.409,26.409,61.76,521583.552,2090.555,86.339,11.457,48.898,7.536,138.84,17.947
4.197,2.43,26.414,26.414,61.755,521747.627,2090.174,86.34,11.465,48.903,7.531,138.836,17.945
4.197,2.43,26.419,26.419,61.75,521918.508,2089.778,86.341,11.472,48.907,7.526,138.829,17.942
4.197,2.43,26.423,26.423,61.745,522095.05,2089.368,86.342,11.479,48.911,7.522,138.821,17.94
4.197,2.43,26.428,26.428,61.74,522276.117,2088.949,86.342,11.485,48.914,7.518,138.811,17.937
4.197,2.43,26.432,26.432,61.735,522460.617,2088.522,86.342,11.491,48.917,7.514,138.8,17.934
4.197,2.43,26.436,26.436,61.73,522647.519,2088.089,86.342,11.497,48.92,7.51,138.788,17.932
4.197,2.43,26.44,26.44,61.725,522835.867,2087.654,86.342,11.503,48.922,7.506,138.775,17.929
4.197,2.43,26.444,26.444,61.721,523024.786,2087.217,86.342,11.508,48.925,7.503,138.762,17.926
4.197,2.43,26.448,26.448,61.716,523213.482,2086.781,86.342,11.514,48.928,7.499,138.75,17.924
4.197,2.43,26.452,26.452,61.711,523401.234,2086.348,86.341,11.519,48.93,7.495,138.737,17.921
4.197,2.43,26.456,26.456,61.706,523587.391,2085.918,86.341,11.525,48.933,7.492,138.726,17.918
4.197,2.43,26.461,26.461,61.701,523771.35,2085.494,86.341,11.531,48.936,7.488,138.715,17.916
4.197,2.43,26.465,26.465,61.696,523952.554,2085.076,86.342,11.538,48.94,7.484,138.704,17.913
4.197,2.43,26.47,26.47,61.691,524130.464,2084.666,86.342,11.544,48.943,7.479,138.695,17.911
4.197,2.43,26.474,26.474,61.686,524304.55,2084.265,86.343,11.551,48.947,7.475,138.688,17.908
4.197,2.43,26.479,26.479,61.681,524474.375,2083.875,86.344,11.559,48.952,7.47,138.681,17.905
4.197,2.43,26.484,26.484,61.675,524641.813,2083.49,86.346,11.567,48.956,7.465,138.676,17.903
4.197,2.43,26.489,26.489,61.67,524810.943,2083.101,86.347,11.575,48.961,7.46,138.669,17.9
4.197,2.43,26.494,26.494,61.664,524985.843,2082.699,86.348,11.582,48.965,7.455,138.661,17.898
4.197,2.43,26.499,26.499,61.659,525170.442,2082.275,86.348,11.589,48.968,7.451,138.65,17.895
4.197,2.43,26.503,26.503,61.654,525368.366,2081.821,86.347,11.594,48.97,7.448,138.634,17.892
4.197,2.43,26.506,26.506,61.65,525582.664,2081.329,86.345,11.597,48.971,7.446,138.612,17.89
4.197,2.43,26.508,26.508,61.646,525815.481,2080.795,86.341,11.598,48.969,7.445,138.585,17.887
4.197,2.43,26.51,26.51,61.643,526066.062,2080.221,86.336,11.596,48.966,7.445,138.551,17.884
4.197,2.43,26.511,26.511,61.64,526326.234,2079.626,86.33,11.594,48.962,7.446,138.514,17.881
4.197,2.43,26.511,26.511,61.638,526587.655,2079.028,86.324,11.591,48.958,7.447,138.478,17.877
4.197,2.43,26.512,26.512,61.635,526844.179,2078.442,86.319,11.589,48.954,7.448,138.443,17.874
4.197,2.43,26.513,26.513,61.632,527091.65,2077.877,86.314,11.587,48.951,7.449,138.411,17.871
4.197,2.43,26.515,26.515,61.63,527327.451,2077.339,86.31,11.587,48.948,7.449,138.383,17.868
4.197,2.43,26.517,26.517,61.627,527549.996,2076.831,86.307,11.587,48.947,7.448,138.36,17.865
4.197,2.43,26.519,26.519,61.623,527758.271,2076.357,86.305,11.59,48.947,7.447,138.342,17.863
4.197,2.43,26.522,26.522,61.62,527951.443,2075.917,86.305,11.593,48.949,7.444,138.328,17.86
4.197,2.43,26.526,26.526,61.616,528129.995,2075.51,86.305,11.599,48.952,7.441,138.32,17.857
4.197,2.43,26.53,26.53,61.611,528297.013,2075.13,86.306,11.605,48.956,7.437,138.316,17.855
4.197,2.43,26.535,26.535,61.606,528455.314,2074.77,86.308,11.613,48.961,7.432,138.314,17.853
4.197,2.43,26.54,26.54,61.602,528607.314,2074.425,86.311,11.622,48.966,7.427,138.315,17.85
4.197,2.43,26.545,26.545,61.596,528755.264,2074.089,86.314,11.631,48.972,7.421,138.316,17.848
4.197,2.43,26.55,26.55,61.591,528901.409,2073.757,86.317,11.64,48.978,7.416,138.319,17.845
4.197,2.43,26.555,26.555,61.586,529048.102,2073.424,86.319,11.649,48.984,7.41,138.321,17.843
4.197,2.43,26.561,26.561,61.581,529197.865,2073.084,86.322,11.658,48.99,7.404,138.322,17.841
4.197,2.43,26.566,26.566,61.575,529353.401,2072.731,86.324,11.667,48.996,7.399,138.32,17.838
4.197,2.43,26.571,26.571,61.57,529516.794,2072.361,86.326,11.675,49.001,7.394,138.317,17.836
4.197,2.43,26.575,26.575,61.565,529687.299,2071.975,86.327,11.682,49.005,7.39,138.31,17.833
4.197,2.43,26.58,26.58,61.56,529863.477,2071.576,86.328,11.689,49.008,7.385,138.302,17.831
4.197,2.43,26.584,26.584,61.555,530043.904,2071.167,86.328,11.695,49.012,7.382,138.292,17.828
4.197,2.43,26.588,26.588,61.551,530227.22,2070.753,86.329,11.701,49.015,7.378,138.282,17.826
4.197,2.43,26.593,26.593,61.546,530412.148,2070.335,86.329,11.707,49.018,7.374,138.271,17.823
4.197,2.43,26.597,26.597,61.541,530597.508,2069.916,86.329,11.713,49.021,7.37,138.259,17.82
4.197,2.43,26.601,26.601,61.536,530782.216,2069.499,86.329,11.719,49.024,7.367,138.248,17.818
4.197,2.43,26.605,26.605,61.531,530965.5,2069.085,86.329,11.725,49.027,7.363,138.237,17.815
4.197,2.43,26.609,26.609,61.527,531147.693,2068.674,86.329,11.731,49.03,7.359,138.227,17.813
4.197,2.43,26.614,26.614,61.522,531329.411,2068.264,86.329,11.737,49.033,7.355,138.217,17.81
4.197,2.43,26.618,26.618,61.517,531511.221,2067.855,86.33,11.743,49.036,7.351,138.207,17.807
4.197,2.43,26.622,26.622,61.512,531693.649,2067.444,86.33,11.749,49.04,7.348,138.196,17.805
4.197,2.43,26.627,26.627,61.507,531877.183,2067.031,86.33,11.755,49.043,7.344,138.186,17.802
4.197,2.43,26.631,26.631,61.502,532062.969,2066.613,86.33,11.761,49.046,7.34,138.174,17.8
4.197,2.43,26.635,26.635,61.497,532251.486,2066.189,86.33,11.767,49.048,7.337,138.161,17.797
4.197,2.43,26.639,26.639,61.493,532442.738,2065.759,86.329,11.772,49.051,7.333,138.148,17.794
4.197,2.43,26.643,26.643,61.488,532635.575,2065.326,86.329,11.777,49.053,7.33,138.134,17.792
4.197,2.43,26.647,26.647,61.483,532828.694,2064.892,86.328,11.783,49.055,7.327,138.12,17.789
4.197,2.43,26.651,26.651,61.478,533020.888,2064.461,86.328,11.788,49.058,7.323,138.106,17.787
4.197,2.43,26.655,26.655,61.474,533211.046,2064.035,86.327,11.793,49.06,7.32,138.093,17.784
4.197,2.43,26.659,26.659,61.469,533398.127,2063.616,86.327,11.799,49.063,7.316,138.081,17.781
4.197,2.43,26.664,26.664,61.464,533581.141,2063.206,86.328,11.805,49.066,7.313,138.07,17.779
4.197,2.43,26.668,26.668,61.459,533759.169,2062.807,86.328,11.812,49.07,7.308,138.061,17.776
4.197,2.43,26.673,26.673,61.453,533933.588,2062.417,86.329,11.82,49.074,7.304,138.052,17.774
4.197,2.43,26.678,26.678,61.448,534108.811,2062.025,86.33,11.827,49.078,7.299,138.044,17.771
4.197,2.43,26.683,26.683,61.443,534289.369,2061.622,86.33,11.834,49.082,7.295,138.034,17.769
4.197,2.43,26.687,26.687,61.438,534479.663,2061.197,86.33,11.839,49.085,7.292,138.02,17.766
4.197,2.43,26.691,26.691,61.433,534683.813,2060.741,86.328,11.844,49.086,7.289,138.002,17.763
4.197,2.43,26.694,26.694,61.429,534905.375,2060.247,86.326,11.846,49.086,7.287,137.978,17.761
4.197,2.43,26.696,26.696,61.425,535146.979,2059.708,86.321,11.846,49.084,7.287,137.948,17.758
4.197,2.43,26.697,26.697,61.422,535408.035,2059.126,86.316,11.844,49.08,7.288,137.911,17.755
4.197,2.43,26.698,26.698,61.419,535679.777,2058.521,86.309,11.841,49.075,7.289,137.871,17.752
4.197,2.43,26.698,26.698,61.417,535953.21,2057.913,86.302,11.837,49.07,7.291,137.83,17.748
4.197,2.43,26.699,26.699,61.415,536221.618,2057.317,86.296,11.833,49.065,7.293,137.792,17.745
4.197,2.43,26.699,26.699,61.412,536480.373,2056.742,86.29,11.831,49.06,7.294,137.756,17.742
4.197,2.43,26.701,26.701,61.41,536726.484,2056.196,86.286,11.829,49.057,7.294,137.725,17.739
4.197,2.43,26.702,26.702,61.407,536958.059,2055.682,86.282,11.829,49.055,7.294,137.699,17.737
4.197,2.43,26.704,26.704,61.403,537173.808,2055.204,86.279,11.83,49.055,7.293,137.678,17.734
4.197,2.43,26.707,26.707,61.4,537372.73,2054.764,86.278,11.834,49.056,7.291,137.663,17.731
4.197,2.43,26.711,26.711,61.396,537556.303,2054.357,86.278,11.839,49.058,7.288,137.652,17.729
4.197,2.43,26.715,26.715,61.392,537728.059,2053.977,86.279,11.845,49.062,7.284,137.646,17.726
4.197,2.43,26.719,26.719,61.387,537890.987,2053.617,86.281,11.852,49.066,7.28,137.642,17.724
4.197,2.43,26.724,26.724,61.382,538047.722,2053.271,86.283,11.86,49.071,7.275,137.641,17.721
4.197,2.43,26.729,26.729,61.377,538200.773,2052.933,86.285,11.868,49.077,7.27,137.64,17.719
4.197,2.43,26.734,26.734,61.372,538352.682,2052.597,86.288,11.877,49.082,7.265,137.64,17.717
4.197,2.43,26.739,26.739,61.367,538506.126,2052.258,86.29,11.886,49.088,7.26,137.639,17.714
4.197,2.43,26.744,26.744,61.362,538663.964,2051.91,86.292,11.894,49.093,7.255,137.637,17.712
4.197,2.43,26.749,26.749,61.356,538829.115,2051.546,86.294,11.902,49.098,7.251,137.632,17.71
4.197,2.43,26.754,26.754,61.351,539002.313,2051.164,86.294,11.909,49.102,7.246,137.625,17.707
4.197,2.43,26.758,26.758,61.347,539182.146,2050.768,86.295,11.915,49.105,7.243,137.615,17.705
4.197,2.43,26.762,26.762,61.342,539367.113,2050.361,86.295,11.92,49.108,7.239,137.604,17.702
4.197,2.43,26.766,26.766,61.337,539555.751,2049.946,86.295,11.926,49.11,7.236,137.591,17.7
4.197,2.43,26.77,26.77,61.333,539746.67,2049.526,86.294,11.931,49.113,7.233,137.577,17.697
4.197,2.43,26.774,26.774,61.328,539938.568,2049.104,86.294,11.936,49.115,7.23,137.564,17.694
4.197,2.43,26.778,26.778,61.323,540130.243,2048.683,86.293,11.941,49.117,7.227,137.55,17.692
4.197,2.43,26.782,26.782,61.319,540320.643,2048.265,86.293,11.946,49.12,7.223,137.537,17.689
4.197,2.43,26.786,26.786,61.314,540509.695,2047.85,86.292,11.952,49.122,7.22,137.524,17.687
4.197,2.43,26.79,26.79,61.309,540698.046,2047.437,86.292,11.957,49.125,7.217,137.511,17.684
4.197,2.43,26.794,26.794,61.305,540886.315,2047.024,86.292,11.963,49.127,7.213,137.499,17.682
4.197,2.43,26.798,26.798,61.3,541075.079,2046.611,86.292,11.968,49.13,7.21,137.486,17.679
4.197,2.43,26.802,26.802,61.295,541264.874,2046.195,86.291,11.974,49.132,7.207,137.473,17.677
4.197,2.43,26.806,26.806,61.29,541456.205,2045.776,86.291,11.979,49.135,7.204,137.459,17.674
4.197,2.43,26.81,26.81,61.286,541649.535,2045.354,86.29,11.984,49.137,7.2,137.445,17.671
4.197,2.43,26.814,26.814,61.281,541845.118,2044.926,86.289,11.989,49.139,7.198,137.429,17.669
4.197,2.43,26.818,26.818,61.277,542042.027,2044.496,86.289,11.993,49.141,7.195,137.414,17.666
4.197,2.43,26.822,26.822,61.272,542238.949,2044.066,86.288,11.998,49.143,7.192,137.398,17.664
4.197,2.43,26.826,26.826,61.267,542434.687,2043.639,86.287,12.003,49.145,7.189,137.383,17.661
4.197,2.43,26.83,26.83,61.263,542628.157,2043.217,86.286,12.008,49.147,7.186,137.369,17.659
4.197,2.43,26.834,26.834,61.258,542818.358,2042.802,86.286,12.013,49.15,7.183,137.356,17.656
4.197,2.43,26.838,26.838,61.253,543004.354,2042.397,86.286,12.019,49.152,7.179,137.344,17.653
4.197,2.43,26.842,26.842,61.248,543185.24,2042.003,86.286,12.025,49.156,7.175,137.333,17.651
4.197,2.43,26.847,26.847,61.243,543361.516,2041.62,86.287,12.032,49.16,7.171,137.325,17.649
4.197,2.43,26.852,26.852,61.238,543537.239,2041.237,86.288,12.039,49.163,7.167,137.316,17.646
4.197,2.43,26.856,26.856,61.233,543716.899,2040.847,86.288,12.046,49.167,7.163,137.306,17.644
4.197,2.43,26.861,26.861,61.228,543904.846,2040.438,86.288,12.052,49.17,7.16,137.293,17.641
4.197,2.43,26.865,26.865,61.223,544105.177,2040.003,86.287,12.056,49.172,7.157,137.276,17.639
4.197,2.43,26.868,26.868,61.219,544321.509,2039.534,86.284,12.059,49.172,7.155,137.254,17.636
4.197,2.43,26.87,26.87,61.215,544556.654,2039.024,86.281,12.06,49.17,7.154,137.226,17.633
4.197,2.43,26.871,26.871,61.212,544811.709,2038.471,86.275,12.059,49.167,7.155,137.192,17.63
4.197,2.43,26.872,26.872,61.209,545080.423,2037.889,86.269,12.055,49.162,7.156,137.153,17.627
4.197,2.43,26.873,26.873,61.207,545353.459,2037.298,86.262,12.052,49.157,7.158,137.113,17.624
4.197,2.43,26.873,26.873,61.205,545623.573,2036.714,86.256,12.048,49.152,7.159,137.074,17.621
4.197,2.43,26.874,26.874,61.202,545885.648,2036.148,86.25,12.045,49.147,7.161,137.038,17.618
4.197,2.43,26.874,26.874,61.2,546136.32,2035.607,86.245,12.043,49.144,7.162,137.006,17.615
4.197,2.43,26.876,26.876,61.197,546373.479,2035.095,86.241,12.042,49.141,7.162,136.978,17.612
4.197,2.43,26.878,26.878,61.194,546595.779,2034.616,86.238,12.043,49.14,7.161,136.955,17.61
4.197,2.43,26.88,26.88,61.191,546802.21,2034.171,86.236,12.045,49.141,7.16,136.938,17.607
4.197,2.43,26.883,26.883,61.187,546992.547,2033.761,86.236,12.049,49.142,7.157,136.925,17.605
4.197,2.43,26.887,26.887,61.183,547169.666,2033.38,86.236,12.054,49.145,7.154,136.917,17.602
4.197,2.43,26.891,26.891,61.179,547336.676,2033.02,86.237,12.061,49.149,7.15,136.912,17.6
4.197,2.43,26.896,26.896,61.174,547496.192,2032.677,86.239,12.068,49.154,7.146,136.91,17.597
4.197,2.43,26.901,26.901,61.17,547650.586,2032.346,86.241,12.076,49.159,7.142,136.909,17.595
4.197,2.43,26.905,26.905,61.165,547802.173,2032.02,86.244,12.084,49.164,7.137,136.908,17.593
4.197,2.43,26.911,26.911,61.16,547953.333,2031.695,86.246,12.093,49.17,7.132,136.908,17.591
4.197,2.43,26.916,26.916,61.155,548106.587,2031.366,86.249,12.102,49.175,7.127,136.907,17.588
4.197,2.43,26.921,26.921,61.149,548264.633,2031.027,86.251,12.11,49.18,7.122,136.905,17.586
4.197,2.43,26.925,26.925,61.144,548429.987,2030.673,86.252,12.117,49.185,7.118,136.9,17.584
4.197,2.43,26.93,26.93,61.14,548602.722,2030.302,86.253,12.124,49.188,7.114,136.893,17.581
4.197,2.43,26.934,26.934,61.135,548781.737,2029.919,86.253,12.13,49.192,7.111,136.883,17.579
4.197,2.43,26.938,26.938,61.13,548965.914,2029.524,86.253,12.136,49.195,7.107,136.872,17.576
4.197,2.43,26.942,26.942,61.126,549154.163,2029.122,86.253,12.141,49.197,7.104,136.86,17.574
4.197,2.43,26.946,26.946,61.121,549345.438,2028.712,86.253,12.146,49.199,7.101,136.846,17.571
4.197,2.43,26.95,26.95,61.117,549538.756,2028.299,86.252,12.151,49.201,7.099,136.832,17.569
4.197,2.43,26.954,26.954,61.112,549733.207,2027.884,86.251,12.155,49.203,7.096,136.818,17.566
4.197,2.43,26.957,26.957,61.108,549927.956,2027.468,86.251,12.16,49.205,7.093,136.803,17.564
4.197,2.43,26.961,26.961,61.104,550122.239,2027.053,86.25,12.165,49.207,7.09,136.789,17.561
4.197,2.43,26.965,26.965,61.099,550315.365,2026.641,86.249,12.169,49.209,7.087,136.775,17.559
4.197,2.43,26.969,26.969,61.095,550506.696,2026.233,86.249,12.174,49.212,7.085,136.761,17.556
4.197,2.43,26.973,26.973,61.09,550695.646,2025.831,86.249,12.179,49.214,7.081,136.748,17.554
4.197,2.43,26.977,26.977,61.086,550881.658,2025.435,86.249,12.185,49.217,7.078,136.737,17.551
4.197,2.43,26.981,26.981,61.081,551064.198,2025.046,86.249,12.191,49.22,7.075,136.726,17.549
4.197,2.43,26.985,26.985,61.076,551242.728,2024.666,86.249,12.197,49.223,7.071,136.717,17.547
4.197,2.43,26.99,26.99,61.071,551417.001,2024.296,86.25,12.204,49.227,7.067,136.709,17.544
4.197,2.43,26.995,26.995,61.066,551589.601,2023.929,86.251,12.211,49.231,7.063,136.701,17.542
4.197,2.43,26.999,26.999,61.061,551764.628,2023.557,86.252,12.218,49.235,7.059,136.693,17.539
4.197,2.43,27.004,27.004,61.056,551946.105,2023.172,86.252,12.225,49.238,7.056,136.682,17.537
4.197,2.43,27.008,27.008,61.051,552137.907,2022.765,86.252,12.23,49.241,7.053,136.668,17.535
4.197,2.43,27.011,27.011,61.047,552343.587,2022.329,86.25,12.234,49.242,7.05,136.65,17.532
4.197,2.43,27.014,27.014,61.043,552566.125,2021.857,86.247,12.236,49.242,7.049,136.626,17.529
4.197,2.43,27.016,27.016,61.039,552807.606,2021.346,86.243,12.236,49.239,7.049,136.597,17.526
4.197,2.43,27.017,27.017,61.036,553066.933,2020.797,86.238,12.234,49.236,7.049,136.562,17.524
4.197,2.43,27.018,27.018,61.034,553335.789,2020.228,86.231,12.23,49.231,7.051,136.523,17.521
4.197,2.43,27.018,27.018,61.032,553605.987,2019.657,86.225,12.227,49.226,7.052,136.485,17.518
4.197,2.43,27.019,27.019,61.03,553871.414,2019.097,86.219,12.223,49.221,7.054,136.448,17.515
4.197,2.43,27.019,27.019,61.027,554127.853,2018.556,86.214,12.221,49.217,7.055,136.415,17.512
4.197,2.43,27.02,27.02,61.025,554372.579,2018.04,86.209,12.219,49.214,7.055,136.385,17.509
4.197,2.43,27.022,27.022,61.022,554603.886,2017.552,86.205,12.219,49.212,7.055,136.359,17.506
4.197,2.43,27.024,27.024,61.019,554820.656,2017.096,86.203,12.22,49.211,7.054,136.338,17.504
4.197,2.43,27.027,27.027,61.016,555021.986,2016.672,86.202,12.223,49.212,7.053,136.322,17.501
4.197,2.43,27.03,27.03,61.012,555208.095,2016.281,86.201,12.227,49.214,7.05,136.311,17.499
4.197,2.43,27.034,27.034,61.008,555382.0,2015.915,86.202,12.232,49.217,7.047,136.304,17.496
4.197,2.43,27.038,27.038,61.004,555546.585,2015.569,86.203,12.239,49.221,7.043,136.3,17.494
4.197,2.43,27.042,27.042,60.999,555704.319,2015.238,86.205,12.246,49.226,7.039,136.298,17.492
4.197,2.43,27.047,27.047,60.995,555857.476,2014.916,86.208,12.254,49.231,7.035,136.297,17.49
4.197,2.43,27.052,27.052,60.99,556008.3,2014.6,86.21,12.263,49.236,7.03,136.297,17.487
4.197,2.43,27.057,27.057,60.985,556159.118,2014.283,86.213,12.271,49.242,7.026,136.297,17.485
4.197,2.43,27.062,27.062,60.98,556312.406,2013.962,86.215,12.279,49.247,7.021,136.296,17.483
4.197,2.43,27.067,27.067,60.975,556470.808,2013.63,86.217,12.287,49.252,7.017,136.294,17.481
4.197,2.43,27.071,27.071,60.97,556636.789,2013.282,86.218,12.295,49.256,7.013,136.289,17.478
4.197,2.43,27.076,27.076,60.965,556810.26,2012.919,86.219,12.301,49.26,7.009,136.281,17.476
4.197,2.43,27.08,27.08,60.961,556989.832,2012.543,86.219,12.307,49.263,7.006,136.272,17.474
4.197,2.43,27.084,27.084,60.956,557174.114,2012.158,86.219,12.312,49.266,7.003,136.261,17.471
4.197,2.43,27.088,27.088,60.952,557361.758,2011.766,86.219,12.318,49.268,7.0,136.249,17.469
4.197,2.43,27.092,27.092,60.948,557551.486,2011.369,86.219,12.323,49.271,6.997,136.236,17.466
4.197,2.43,27.096,27.096,60.943,557742.104,2010.971,86.218,12.328,49.273,6.994,136.223,17.464
4.197,2.43,27.099,27.099,60.939,557932.512,2010.574,86.218,12.332,49.275,6.991,136.21,17.462
4.197,2.43,27.103,27.103,60.934,558121.73,2010.179,86.218,12.338,49.278,6.988,136.197,17.459
4.197,2.43,27.107,27.107,60.93,558309.61,2009.787,86.218,12.343,49.28,6.985,136.185,17.457
4.197,2.43,27.111,27.111,60.925,558496.744,2009.397,86.217,12.348,49.283,6.982,136.173,17.454
4.197,2.43,27.115,27.115,60.921,558683.708,2009.008,86.217,12.353,49.285,6.979,136.161,17.452
4.197,2.43,27.119,27.119,60.916,558871.038,2008.618,86.217,12.359,49.288,6.976,136.149,17.449
4.197,2.43,27.123,27.123,60.912,559059.232,2008.226,86.217,12.364,49.29,6.973,136.136,17.447
4.197,2.43,27.127,27.127,60.907,559248.758,2007.832,86.217,12.369,49.293,6.97,136.124,17.445
4.197,2.43,27.131,27.131,60.903,559440.048,2007.435,86.216,12.374,49.295,6.967,136.11,17.442
4.197,2.43,27.135,27.135,60.898,559633.476,2007.033,86.216,12.379,49.297,6.965,136.096,17.44
4.197,2.43,27.138,27.138,60.894,559828.639,2006.628,86.215,12.383,49.299,6.962,136.082,17.437
4.197,2.43,27.142,27.142,60.89,560024.331,2006.222,86.214,12.388,49.301,6.96,136.067,17.435
4.197,2.43,27.146,27.146,60.885,560219.408,2005.817,86.213,12.392,49.303,6.957,136.052,17.432
4.197,2.43,27.149,27.149,60.881,560412.832,2005.416,86.213,12.397,49.305,6.954,136.038,17.43
4.197,2.43,27.153,27.153,60.877,560603.655,2005.021,86.212,12.402,49.307,6.951,136.025,17.427
4.197,2.43,27.157,27.157,60.872,560790.999,2004.633,86.212,12.408,49.31,6.948,136.013,17.425
4.197,2.43,27.162,27.162,60.867,560974.031,2004.254,86.212,12.413,49.313,6.945,136.002,17.423
4.197,2.43,27.166,27.166,60.863,561152.015,2003.886,86.213,12.42,49.316,6.942,135.993,17.42
4.197,2.43,27.171,27.171,60.858,561326.521,2003.525,86.214,12.427,49.32,6.938,135.985,17.418
4.197,2.43,27.175,27.175,60.853,561501.634,2003.163,86.215,12.433,49.324,6.934,135.977,17.416
4.197,2.43,27.18,27.18,60.848,561681.444,2002.792,86.215,12.44,49.327,6.931,135.967,17.413
4.197,2.43,27.184,27.184,60.843,561869.901,2002.403,86.215,12.445,49.33,6.928,135.954,17.411
4.197,2.43,27.187,27.187,60.839,562070.69,2001.989,86.214,12.449,49.332,6.925,135.938,17.408
4.197,2.43,27.19,27.19,60.835,562287.016,2001.543,86.211,12.452,49.332,6.923,135.917,17.406
4.197,2.43,27.193,27.193,60.831,562521.311,2001.06,86.208,12.453,49.33,6.923,135.89,17.403
4.197,2.43,27.194,27.194,60.828,562774.4,2000.539,86.203,12.451,49.327,6.923,135.857,17.4
4.197,2.43,27.195,27.195,60.826,563040.351,1999.992,86.197,12.448,49.323,6.924,135.82,17.398
4.197,2.43,27.195,27.195,60.823,563310.503,1999.436,86.191,12.445,49.318,6.926,135.782,17.395
4.197,2.43,27.196,27.196,60.821,563578.113,1998.886,86.184,12.441,49.313,6.927,135.746,17.392
4.197,2.43,27.196,27.196,60.819,563838.393,1998.352,86.179,12.438,49.309,6.928,135.711,17.389
4.197,2.43,27.197,27.197,60.817,564088.172,1997.84,86.174,12.436,49.305,6.929,135.68,17.386
4.197,2.43,27.198,27.198,60.814,564325.466,1997.353,86.17,12.435,49.303,6.929,135.653,17.384
4.197,2.43,27.2,27.2,60.811,564549.04,1996.895,86.167,12.436,49.301,6.929,135.63,17.381
4.197,2.43,27.202,27.202,60.808,564758.026,1996.467,86.165,12.438,49.301,6.928,135.612,17.378
4.197,2.43,27.205,27.205,60.805,564951.761,1996.071,86.164,12.441,49.303,6.926,135.599,17.376
4.197,2.43,27.208,27.208,60.801,565131.843,1995.702,86.165,12.446,49.305,6.923,135.59,17.374
4.197,2.43,27.212,27.212,60.797,565301.297,1995.356,86.166,12.451,49.308,6.92,135.584,17.371
4.197,2.43,27.216,27.216,60.793,565462.647,1995.026,86.167,12.458,49.313,6.917,135.581,17.369
4.197,2.43,27.221,27.221,60.789,565618.11,1994.709,86.169,12.466,49.317,6.913,135.58,17.367
4.197,2.43,27.226,27.226,60.784,565769.78,1994.399,86.172,12.474,49.323,6.908,135.579,17.365
4.197,2.43,27.231,27.231,60.779,565919.754,1994.093,86.174,12.482,49.328,6.904,135.58,17.363
4.197,2.43,27.236,27.236,60.774,566070.23,1993.786,86.177,12.49,49.333,6.9,135.579,17.361
4.197,2.43,27.241,27.241,60.77,566223.554,1993.473,86.179,12.498,49.339,6.895,135.578,17.358
4.197,2.43,27.245,27.245,60.765,566382.231,1993.15,86.181,12.506,49.343,6.891,135.576,17.356
4.197,2.43,27.25,27.25,60.76,566548.259,1992.812,86.182,12.513,49.348,6.887,135.571,17.354
4.197,2.43,27.254,27.254,60.755,566721.213,1992.46,86.183,12.52,49.351,6.884,135.563,17.352
4.197,2.43,27.258,27.258,60.751,566900.048,1992.096,86.183,12.526,49.354,6.881,135.554,17.349
4.197,2.43,27.262,27.262,60.747,567083.718,1991.722,86.184,12.531,49.357,6.878,135.543,17.347
4.197,2.43,27.266,27.266,60.742,567271.202,1991.341,86.183,12.536,49.36,6.875,135.531,17.345
4.197,2.43,27.27,27.27,60.738,567461.529,1990.954,86.183,12.541,49.362,6.872,135.519,17.342
4.197,2.43,27.274,27.274,60.734,567653.786,1990.564,86.182,12.545,49.364,6.87,135.505,17.34
4.197,2.43,27.277,27.277,60.73,567847.127,1990.171,86.182,12.55,49.366,6.867,135.491,17.337
4.197,2.43,27.281,27.281,60.725,568040.779,1989.778,86.181,12.554,49.368,6.865,135.478,17.335
4.197,2.43,27.285,27.285,60.721,568234.038,1989.386,86.181,12.559,49.37,6.862,135.464,17.333
4.197,2.43,27.288,27.288,60.717,568426.263,1988.997,86.18,12.564,49.372,6.86,135.45,17.33
4.197,2.43,27.292,27.292,60.713,568616.869,1988.611,86.18,12.568,49.374,6.857,135.438,17.328
4.197,2.43,27.296,27.296,60.708,568805.316,1988.229,86.18,12.573,49.376,6.854,135.425,17.326
4.197,2.43,27.3,27.3,60.704,568991.099,1987.853,86.179,12.579,49.379,6.851,135.414,17.323
4.197,2.43,27.304,27.304,60.699,569173.731,1987.484,86.18,12.584,49.382,6.848,135.403,17.321
4.197,2.43,27.308,27.308,60.695,569352.73,1987.122,86.18,12.59,49.385,6.845,135.394,17.319
4.197,2.43,27.312,27.312,60.69,569527.631,1986.769,86.181,12.597,49.389,6.842,135.386,17.316
4.197,2.43,27.317,27.317,60.685,569699.522,1986.421,86.182,12.604,49.393,6.838,135.379,17.314
4.197,2.43,27.322,27.322,60.68,569871.992,1986.073,86.183,12.611,49.397,6.834,135.371,17.312
4.197,2.43,27.326,27.326,60.676,570048.777,1985.717,86.184,12.617,49.4,6.831,135.363,17.309
4.197,2.43,27.33,27.33,60.671,570233.51,1985.344,86.184,12.623,49.403,6.828,135.351,17.307
4.197,2.43,27.334,27.334,60.667,570429.622,1984.949,86.183,12.627,49.405,6.825,135.337,17.305
4.197,2.43,27.337,27.337,60.663,570640.152,1984.525,86.181,12.63,49.406,6.823,135.317,17.302
4.197,2.43,27.34,27.34,60.659,570867.497,1984.067,86.178,12.632,49.405,6.822,135.293,17.3
4.197,2.43,27.341,27.341,60.656,571113.061,1983.573,86.174,12.631,49.402,6.822,135.263,17.297
4.197,2.43,27.342,27.342,60.653,571373.609,1983.049,86.168,12.629,49.398,6.823,135.229,17.294
4.197,2.43,27.343,27.343,60.651,571640.806,1982.513,86.162,12.625,49.394,6.825,135.192,17.291
4.197,2.43,27.343,27.343,60.649,571907.607,1981.977,86.156,12.622,49.389,6.826,135.156,17.289
4.197,2.43,27.344,27.344,60.647,572168.843,1981.453,86.15,12.619,49.385,6.827,135.122,17.286
4.197,2.43,27.344,27.344,60.645,572421.0,1980.947,86.145,12.617,49.381,6.828,135.09,17.283
4.197,2.43,27.345,27.345,60.642,572661.829,1980.465,86.141,12.615,49.378,6.828,135.062,17.28
4.197,2.43,27.347,27.347,60.64,572889.941,1980.008,86.138,12.615,49.377,6.828,135.039,17.278
4.197,2.43,27.349,27.349,60.637,573104.433,1979.579,86.136,12.616,49.376,6.827,135.019,17.275
4.197,2.43,27.351,27.351,60.634,573304.57,1979.179,86.134,12.619,49.377,6.826,135.004,17.273
4.197,2.43,27.354,27.354,60.63,573490.341,1978.808,86.134,12.623,49.379,6.824,134.993,17.271
4.197,2.43,27.358,27.358,60.626,573664.326,1978.46,86.135,12.628,49.381,6.821,134.986,17.268
4.197,2.43,27.362,27.362,60.622,573829.174,1978.131,86.136,12.634,49.385,6.818,134.982,17.266
4.197,2.43,27.366,27.366,60.618,573987.122,1977.816,86.138,12.641,49.39,6.814,134.98,17.264
4.197,2.43,27.371,27.371,60.614,574140.2,1977.511,86.14,12.649,49.395,6.81,134.979,17.262
4.197,2.43,27.376,27.376,60.609,574290.375,1977.211,86.143,12.657,49.4,6.806,134.979,17.26
4.197,2.43,27.381,27.381,60.605,574439.66,1976.914,86.145,12.665,49.405,6.802,134.979,17.258
4.197,2.43,27.386,27.386,60.6,574590.186,1976.614,86.148,12.673,49.41,6.798,134.979,17.256
4.197,2.43,27.39,27.39,60.595,574744.237,1976.307,86.15,12.681,49.416,6.794,134.978,17.254
4.197,2.43,27.395,27.395,60.59,574904.231,1975.988,86.152,12.689,49.42,6.79,134.975,17.251
4.197,2.43,27.4,27.4,60.586,575071.552,1975.655,86.153,12.695,49.424,6.786,134.969,17.249
4.197,2.43,27.404,27.404,60.581,575245.438,1975.31,86.154,12.702,49.428,6.783,134.962,17.247
4.197,2.43,27.408,27.408,60.577,575424.872,1974.953,86.154,12.707,49.431,6.78,134.952,17.245
4.197,2.43,27.412,27.412,60.573,575608.846,1974.587,86.154,12.713,49.434,6.777,134.942,17.242
4.197,2.43,27.415,27.415,60.568,575796.38,1974.215,86.154,12.718,49.436,6.774,134.93,17.24
4.197,2.43,27.419,27.419,60.564,575986.544,1973.838,86.154,12.722,49.438,6.772,134.917,17.238
4.197,2.43,27.423,27.423,60.56,576178.469,1973.457,86.153,12.727,49.44,6.769,134.904,17.235
4.197,2.43,27.426,27.426,60.556,576371.349,1973.074,86.153,12.731,49.442,6.767,134.891,17.233
4.197,2.43,27.43,27.43,60.552,576564.451,1972.692,86.152,12.736,49.444,6.765,134.877,17.231
4.197,2.43,27.433,27.433,60.548,576757.101,1972.31,86.152,12.74,49.446,6.762,134.864,17.228
4.197,2.43,27.437,27.437,60.544,576948.689,1971.931,86.151,12.745,49.448,6.76,134.851,17.226
4.197,2.43,27.441,27.441,60.54,577138.656,1971.555,86.151,12.749,49.45,6.757,134.838,17.224
4.197,2.43,27.445,27.445,60.535,577326.485,1971.184,86.151,12.754,49.453,6.755,134.826,17.221
4.197,2.43,27.448,27.448,60.531,577511.693,1970.817,86.151,12.76,49.455,6.752,134.815,17.219
4.197,2.43,27.452,27.452,60.527,577693.814,1970.458,86.151,12.765,49.458,6.749,134.805,17.217
4.197,2.43,27.457,27.457,60.522,577872.388,1970.105,86.151,12.771,49.461,6.746,134.796,17.215
4.197,2.43,27.461,27.461,60.517,578046.959,1969.761,86.152,12.777,49.465,6.743,134.788,17.212
4.197,2.43,27.466,27.466,60.513,578218.447,1969.422,86.153,12.784,49.469,6.739,134.781,17.21
4.197,2.43,27.47,27.47,60.508,578390.273,1969.083,86.154,12.791,49.473,6.736,134.774,17.208
4.197,2.43,27.475,27.475,60.503,578566.044,1968.737,86.155,12.797,49.476,6.732,134.765,17.206
4.197,2.43,27.479,27.479,60.499,578749.274,1968.376,86.155,12.803,49.479,6.729,134.755,17.203
4.197,2.43,27.483,27.483,60.494,578943.29,1967.994,86.155,12.808,49.481,6.727,134.741,17.201
4.197,2.43,27.486,27.486,60.49,579151.07,1967.585,86.153,12.811,49.482,6.725,134.723,17.199
4.197,2.43,27.488,27.488,60.487,579375.002,1967.145,86.15,12.813,49.482,6.724,134.7,17.196
4.197,2.43,27.49,27.49,60.484,579616.621,1966.67,86.146,12.812,49.479,6.724,134.671,17.194
4.197,2.43,27.491,27.491,60.481,579874.051,1966.164,86.141,12.81,49.476,6.724,134.638,17.191
4.197,2.43,27.492,27.492,60.479,580139.469,1965.643,86.135,12.807,49.471,6.725,134.603,17.188
4.197,2.43,27.492,27.492,60.477,580405.692,1965.121,86.129,12.804,49.467,6.727,134.567,17.185
4.197,2.43,27.492,27.492,60.475,580667.364,1964.608,86.124,12.801,49.462,6.728,134.533,17.183
4.197,2.43,27.493,27.493,60.472,580920.783,1964.112,86.119,12.798,49.459,6.729,134.502,17.18
4.197,2.43,27.494,27.494,60.47,581163.556,1963.637,86.114,12.797,49.456,6.729,134.474,17.177
4.197,2.43,27.495,27.495,60.468,581394.203,1963.186,86.111,12.796,49.454,6.729,134.449,17.175
4.197,2.43,27.497,27.497,60.465,581611.797,1962.761,86.108,12.797,49.453,6.729,134.429,17.172
4.197,2.43,27.5,27.5,60.462,581815.649,1962.362,86.107,12.799,49.453,6.728,134.413,17.17
4.197,2.43,27.502,27.502,60.459,582005.246,1961.992,86.106,12.803,49.455,6.726,134.401,17.168
4.197,2.43,27.506,27.506,60.455,582182.262,1961.647,86.107,12.807,49.457,6.723,134.393,17.166
4.197,2.43,27.51,27.51,60.451,582349.455,1961.321,86.108,12.813,49.461,6.72,134.388,17.163
4.197,2.43,27.514,27.514,60.447,582509.13,1961.009,86.11,12.82,49.465,6.717,134.386,17.161
4.197,2.43,27.518,27.518,60.443,582663.323,1960.709,86.112,12.827,49.469,6.713,134.385,17.159
4.197,2.43,27.523,27.523,60.439,582813.967,1960.415,86.114,12.835,49.475,6.709,134.384,17.157
4.197,2.43,27.528,27.528,60.434,582963.004,1960.125,86.117,12.843,49.48,6.705,134.385,17.155
4.197,2.43,27.532,27.532,60.43,583112.467,1959.834,86.119,12.851,49.485,6.701,134.385,17.153
4.197,2.43,27.537,27.537,60.425,583264.532,1959.538,86.122,12.859,49.49,6.697,134.384,17.151
4.197,2.43,27.542,27.542,60.42,583421.523,1959.233,86.124,12.866,49.495,6.694,134.382,17.149
4.197,2.43,27.546,27.546,60.416,583585.667,1958.914,86.125,12.873,49.499,6.69,134.377,17.147
4.197,2.43,27.551,27.551,60.411,583757.035,1958.581,86.126,12.88,49.503,6.687,134.371,17.144
4.197,2.43,27.555,27.555,60.407,583934.37,1958.236,86.127,12.885,49.506,6.684,134.362,17.142
4.197,2.43,27.559,27.559,60.403,584116.404,1957.883,86.127,12.891,49.509,6.681,134.352,17.14
4.197,2.43,27.562,27.562,60.399,584301.907,1957.523,86.127,12.896,49.511,6.679,134.341,17.138
4.197,2.43,27.566,27.566,60.395,584489.707,1957.159,86.127,12.901,49.514,6.676,134.329,17.136
4.197,2.43,27.57,27.57,60.391,584678.709,1956.792,86.126,12.905,49.516,6.674,134.317,17.133
4.197,2.43,27.573,27.573,60.387,584867.902,1956.426,86.126,12.91,49.518,6.671,134.305,17.131
4.197,2.43,27.577,27.577,60.382,585056.355,1956.061,86.126,12.915,49.52,6.669,134.293,17.129
4.197,2.43,27.581,27.581,60.378,585243.428,1955.699,86.126,12.92,49.523,6.666,134.282,17.126
4.197,2.43,27.585,27.585,60.374,585429.449,1955.339,86.126,12.925,49.525,6.664,134.27,17.124
4.197,2.43,27.588,27.588,60.37,585614.96,1954.98,86.126,12.93,49.528,6.661,134.259,17.122
4.197,2.43,27.592,27.592,60.366,585800.461,1954.622,86.126,12.935,49.53,6.658,134.248,17.12
4.197,2.43,27.596,27.596,60.361,585986.418,1954.263,86.126,12.94,49.533,6.656,134.237,17.117
4.197,2.43,27.6,27.6,60.357,586173.267,1953.902,86.126,12.945,49.535,6.653,134.225,17.115
4.197,2.43,27.604,27.604,60.353,586361.412,1953.539,86.125,12.95,49.538,6.651,134.214,17.113
4.197,2.43,27.607,27.607,60.349,586551.227,1953.173,86.125,12.955,49.54,6.648,134.201,17.111
4.197,2.43,27.611,27.611,60.345,586743.033,1952.803,86.125,12.959,49.542,6.646,134.188,17.108
4.197,2.43,27.615,27.615,60.341,586936.457,1952.43,86.124,12.964,49.544,6.644,134.175,17.106
4.197,2.43,27.618,27.618,60.337,587130.418,1952.057,86.123,12.968,49.546,6.641,134.161,17.104
4.197,2.43,27.622,27.622,60.333,587323.897,1951.684,86.123,12.972,49.548,6.639,134.148,17.102
4.197,2.43,27.625,27.625,60.329,587515.971,1951.315,86.122,12.977,49.55,6.637,134.134,17.099
4.197,2.43,27.629,27.629,60.324,587705.797,1950.95,86.122,12.981,49.552,6.634,134.122,17.097
4.197,2.43,27.633,27.633,60.32,587892.599,1950.591,86.122,12.986,49.554,6.632,134.111,17.095
4.197,2.43,27.637,27.637,60.316,588075.646,1950.239,86.122,12.992,49.557,6.629,134.1,17.093
4.197,2.43,27.641,27.641,60.311,588254.228,1949.897,86.123,12.998,49.56,6.626,134.091,17.09
4.197,2.43,27.645,27.645,60.307,588428.393,1949.562,86.124,13.004,49.564,6.623,134.083,17.088
4.197,2.43,27.65,27.65,60.302,588601.181,1949.231,86.125,13.011,49.568,6.62,134.076,17.086
4.197,2.43,27.654,27.654,60.298,588776.274,1948.895,86.125,13.017,49.571,6.616,134.068,17.084
4.197,2.43,27.658,27.658,60.293,588957.238,1948.548,86.126,13.023,49.574,6.613,134.058,17.082
4.197,2.43,27.662,27.662,60.289,589147.485,1948.184,86.125,13.028,49.577,6.611,134.045,17.079
4.197,2.43,27.666,27.666,60.285,589350.131,1947.796,86.124,13.032,49.578,6.609,134.029,17.077
4.197,2.43,27.668,27.668,60.281,589567.799,1947.38,86.122,13.034,49.578,6.608,134.008,17.075
4.197,2.43,27.67,27.67,60.278,589802.369,1946.931,86.119,13.034,49.576,6.607,133.982,17.072
4.197,2.43,27.672,27.672,60.275,590054.043,1946.45,86.114,13.033,49.573,6.608,133.952,17.07
4.197,2.43,27.672,27.672,60.273,590316.815,1945.949,86.108,13.03,49.569,6.608,133.918,17.067
4.197,2.43,27.673,27.673,60.271,590583.011,1945.441,86.102,13.027,49.565,6.61,133.883,17.064
4.197,2.43,27.673,27.673,60.269,590846.701,1944.938,86.097,13.023,49.56,6.611,133.848,17.062
4.197,2.43,27.674,27.674,60.267,591103.657,1944.448,86.092,13.021,49.556,6.612,133.816,17.059
4.197,2.43,27.674,27.674,60.265,591351.077,1943.977,86.087,13.019,49.553,6.613,133.787,17.056
4.197,2.43,27.675,27.675,60.262,591587.209,1943.528,86.083,13.018,49.55,6.613,133.762,17.054
4.197,2.43,27.677,27.677,60.26,591810.993,1943.102,86.08,13.018,49.549,6.612,133.74,17.051
4.197,2.43,27.679,27.679,60.257,592021.738,1942.702,86.078,13.019,49.549,6.612,133.722,17.049
4.197,2.43,27.681,27.681,60.254,592218.856,1942.327,86.077,13.022,49.549,6.61,133.708,17.047
4.197,2.43,27.685,27.685,60.251,592402.455,1941.979,86.077,13.026,49.551,6.608,133.698,17.045
4.197,2.43,27.688,27.688,60.247,592574.967,1941.651,86.078,13.031,49.554,6.606,133.692,17.042
4.197,2.43,27.692,27.692,60.243,592738.819,1941.34,86.079,13.037,49.558,6.603,133.688,17.04
4.197,2.43,27.696,27.696,60.239,592896.058,1941.042,86.081,13.043,49.562,6.6,133.686,17.038
4.197,2.43,27.7,27.7,60.235,593048.538,1940.753,86.083,13.051,49.567,6.596,133.685,17.036
4.197,2.43,27.705,27.705,60.231,593198.046,1940.47,86.086,13.058,49.572,6.592,133.685,17.034
4.197,2.43,27.71,27.71,60.226,593346.399,1940.189,86.088,13.066,49.577,6.589,133.686,17.032
4.197,2.43,27.715,27.715,60.222,593495.517,1939.907,86.091,13.074,49.583,6.585,133.686,17.03
4.197,2.43,27.719,27.719,60.217,593647.454,1939.619,86.093,13.082,49.588,6.581,133.685,17.028
4.197,2.43,27.724,27.724,60.213,593804.404,1939.322,86.095,13.09,49.592,6.577,133.683,17.026
4.197,2.43,27.728,27.728,60.209,593968.28,1939.013,86.097,13.096,49.596,6.574,133.678,17.024
4.197,2.43,27.733,27.733,60.204,594138.877,1938.69,86.098,13.103,49.6,6.571,133.672,17.022
4.197,2.43,27.737,27.737,60.2,594315.238,1938.357,86.098,13.108,49.603,6.568,133.664,17.02
4.197,2.43,27.741,27.741,60.196,594496.404,1938.015,86.099,13.114,49.606,6.566,133.654,17.018
4.197,2.43,27.744,27.744,60.192,594681.438,1937.666,86.099,13.119,49.609,6.563,133.643,17.016
4.197,2.43,27.748,27.748,60.188,594869.442,1937.311,86.098,13.123,49.611,6.561,133.632,17.013
4.197,2.43,27.751,27.751,60.184,595059.571,1936.953,86.098,13.128,49.613,6.558,133.619,17.011
4.197,2.43,27.755,27.755,60.18,595251.04,1936.592,86.098,13.132,49.615,6.556,133.607,17.009
4.197,2.43,27.758,27.758,60.176,595443.126,1936.23,86.097,13.136,49.617,6.554,133.594,17.007
4.197,2.43,27.762,27.762,60.172,595635.174,1935.869,86.097,13.141,49.619,6.552,133.581,17.004
4.197,2.43,27.765,27.765,60.168,595826.585,1935.509,86.096,13.145,49.621,6.55,133.568,17.002
4.197,2.43,27.769,27.769,60.164,596016.819,1935.151,86.096,13.149,49.623,6.548,133.556,17.0
4.197,2.43,27.772,27.772,60.16,596205.379,1934.796,86.096,13.154,49.625,6.545,133.544,16.998
4.197,2.43,27.776,27.776,60.156,596391.805,1934.446,86.096,13.159,49.627,6.543,133.533,16.996
4.197,2.43,27.78,27.78,60.152,596575.666,1934.101,86.096,13.164,49.63,6.54,133.523,16.993
4.197,2.43,27.784,27.784,60.148,596756.545,1933.761,86.096,13.169,49.633,6.538,133.513,16.991
4.197,2.43,27.788,27.788,60.144,596934.027,1933.428,86.097,13.175,49.636,6.535,133.504,16.989
4.197,2.43,27.792,27.792,60.139,597107.702,1933.103,86.098,13.181,49.639,6.532,133.497,16.987
4.197,2.43,27.797,27.797,60.135,597278.389,1932.783,86.099,13.188,49.643,6.529,133.49,16.985
4.197,2.43,27.801,27.801,60.13,597449.232,1932.463,86.1,13.194,49.647,6.525,133.484,16.983
4.197,2.43,27.805,27.805,60.126,597623.553,1932.136,86.101,13.201,49.651,6.522,133.476,16.981
4.197,2.43,27.81,27.81,60.121,597804.588,1931.798,86.101,13.206,49.654,6.52,133.466,16.979
4.197,2.43,27.813,27.813,60.117,597995.415,1931.441,86.101,13.211,49.656,6.517,133.454,16.976
4.197,2.43,27.817,27.817,60.113,598198.817,1931.06,86.099,13.215,49.657,6.515,133.437,16.974
4.197,2.43,27.819,27.819,60.11,598417.079,1930.652,86.097,13.217,49.657,6.514,133.417,16.972
4.197,2.43,27.821,27.821,60.107,598651.769,1930.214,86.094,13.217,49.655,6.514,133.391,16.969
4.197,2.43,27.822,27.822,60.104,598902.696,1929.746,86.089,13.215,49.652,6.514,133.361,16.967
4.197,2.43,27.823,27.823,60.102,599163.754,1929.259,86.084,13.213,49.648,6.515,133.328,16.964
4.197,2.43,27.823,27.823,60.1,599427.74,1928.767,86.078,13.21,49.644,6.516,133.294,16.961
4.197,2.43,27.824,27.824,60.098,599689.107,1928.28,86.073,13.207,49.64,6.517,133.261,16.959
4.197,2.43,27.824,27.824,60.096,599943.905,1927.806,86.068,13.204,49.636,6.518,133.23,16.956
4.197,2.43,27.825,27.825,60.094,600189.506,1927.349,86.063,13.202,49.633,6.519,133.202,16.954
4.197,2.43,27.826,27.826,60.091,600424.269,1926.913,86.059,13.201,49.63,6.519,133.177,16.951
4.197,2.43,27.828,27.828,60.089,600647.201,1926.498,86.057,13.201,49.629,6.519,133.156,16.949
4.197,2.43,27.83,27.83,60.086,600857.665,1926.108,86.055,13.203,49.629,6.518,133.138,16.947
4.197,2.43,27.832,27.832,60.083,601055.129,1925.741,86.054,13.205,49.629,6.517,133.124,16.944
4.197,2.43,27.835,27.835,60.08,601239.43,1925.399,86.053,13.209,49.631,6.515,133.114,16.942
4.197,2.43,27.838,27.838,60.077,601412.616,1925.078,86.054,13.214,49.634,6.513,133.108,16.94
4.197,2.43,27.842,27.842,60.073,601577.069,1924.774,86.055,13.219,49.637,6.51,133.104,16.938
4.197,2.43,27.846,27.846,60.069,601734.779,1924.482,86.057,13.226,49.641,6.507,133.101,16.936
4.197,2.43,27.851,27.851,60.065,601887.523,1924.199,86.059,13.233,49.646,6.503,133.1,16.934
4.197,2.43,27.855,27.855,60.061,602036.997,1923.922,86.062,13.24,49.651,6.5,133.101,16.932
4.197,2.43,27.86,27.86,60.057,602184.908,1923.648,86.064,13.248,49.656,6.496,133.101,16.93
4.197,2.43,27.864,27.864,60.052,602333.046,1923.374,86.067,13.256,49.661,6.493,133.101,16.928
4.197,2.43,27.869,27.869,60.048,602483.326,1923.097,86.069,13.264,49.667,6.489,133.101,16.926
4.197,2.43,27.874,27.874,60.043,602637.801,1922.811,86.071,13.271,49.671,6.486,133.1,16.924
4.197,2.43,27.878,27.878,60.039,602798.567,1922.514,86.073,13.278,49.676,6.482,133.096,16.922
4.197,2.43,27.882,27.882,60.035,602966.23,1922.205,86.074,13.285,49.679,6.479,133.091,16.92
4.197,2.43,27.887,27.887,60.031,603139.923,1921.884,86.075,13.29,49.683,6.476,133.083,16.918
4.197,2.43,27.89,27.89,60.027,603318.713,1921.554,86.076,13.296,49.686,6.474,133.074,16.916
4.197,2.43,27.894,27.894,60.023,603501.681,1921.217,86.076,13.301,49.688,6.471,133.064,16.914
4.197,2.43,27.898,27.898,60.019,603687.938,1920.874,86.076,13.306,49.691,6.469,133.053,16.912
4.197,2.43,27.905,27.905,60.015,603687.938,1920.874,86.088,13.323,49.705,6.462,133.1,16.911
4.197,2.43,27.912,27.912,60.011,603687.938,1920.874,86.1,13.34,49.72,6.454,133.146,16.909
4.197,2.43,27.919,27.919,60.007,603687.938,1920.874,86.112,13.357,49.735,6.447,133.192,16.908
4.197,2.43,27.926,27.926,60.002,603687.938,1920.874,86.124,13.374,49.749,6.44,133.238,16.907
4.197,2.43,27.933,27.933,59.998,603687.938,1920.874,86.137,13.391,49.764,6.432,133.285,16.906
4.197,2.43,27.94,27.94,59.994,603687.938,1920.874,86.149,13.408,49.779,6.425,133.331,16.905
4.197,2.43,27.947,27.947,59.99,603687.938,1920.874,86.161,13.425,49.793,6.418,133.377,16.904
4.197,2.43,27.954,27.954,59.986,603687.938,1920.874,86.173,13.443,49.808,6.41,133.424,16.903
4.197,2.43,27.961,27.961,59.982,603687.938,1920.874,86.185,13.46,49.823,6.403,133.47,16.901
4.197,2.43,27.969,27.969,59.978,603687.938,1920.874,86.198,13.477,49.837,6.396,133.517,16.9
4.197,2.43,27.976,27.976,59.974,603687.938,1920.874,86.21,13.494,49.852,6.389,133.563,16.899
4.197,2.43,27.983,27.983,59.97,603687.938,1920.874,86.222,13.511,49.867,6.381,133.609,16.898
4.197,2.43,27.99,27.99,59.966,603687.938,1920.874,86.234,13.529,49.881,6.374,133.656,16.897
4.197,2.43,27.997,27.997,59.962,603687.938,1920.874,86.247,13.546,49.896,6.367,133.702,16.896
4.197,2.43,28.004,28.004,59.957,603687.938,1920.874,86.259,13.563,49.911,6.36,133.749,16.894
4.197,2.43,28.011,28.011,59.953,603687.938,1920.874,86.271,13.58,49.926,6.353,133.796,16.893
4.197,2.43,28.018,28.018,59.949,603687.938,1920.874,86.283,13.597,49.94,6.346,133.842,16.892
4.197,2.43,28.025,28.025,59.945,603687.938,1920.874,86.296,13.615,49.955,6.338,133.889,16.891
4.197,2.43,28.033,28.033,59.941,603687.938,1920.874,86.308,13.632,49.97,6.331,133.935,16.89
4.197,2.43,28.04,28.04,59.937,603687.938,1920.874,86.32,13.649,49.985,6.324,133.982,16.889
4.197,2.43,28.047,28.047,59.933,603687.938,1920.874,86.332,13.666,49.999,6.317,134.029,16.888
4.197,2.43,28.054,28.054,59.929,603687.938,1920.874,86.345,13.684,50.014,6.31,134.075,16.886
4.197,2.43,28.061,28.061,59.925,603687.938,1920.874,86.357,13.701,50.029,6.303,134.122,16.885
4.197,2.43,28.068,28.068,59.92,603687.938,1920.874,86.369,13.718,50.044,6.296,134.169,16.884
4.197,2.43,28.075,28.075,59.916,603687.938,1920.874,86.381,13.736,50.059,6.289,134.215,16.883
4.197,2.43,28.082,28.082,59.912,603687.938,1920.874,86.394,13.753,50.073,6.282,134.262,16.882
4.197,2.43,28.09,28.09,59.908,603687.938,1920.874,86.406,13.77,50.088,6.275,134.309,16.881
4.197,2.43,28.097,28.097,59.904,603687.938,1920.874,86.418,13.787,50.103,6.268,134.355,16.879
4.197,2.43,28.104,28.104,59.9,603687.938,1920.874,86.431,13.805,50.118,6.261,134.402,16.878
4.197,2.43,28.111,28.111,59.896,603687.938,1920.874,86.443,13.822,50.132,6.254,134.449,16.877
4.197,2.43,28.118,28.118,59.891,603687.938,1920.874,86.455,13.839,50.147,6.247,134.496,16.876
4.197,2.43,28.125,28.125,59.887,603687.938,1920.874,86.467,13.857,50.162,6.24,134.542,16.875
4.197,2.43,28.133,28.133,59.883,603687.938,1920.874,86.48,13.874,50.177,6.233,134.589,16.874
4.197,2.43,28.14,28.14,59.879,603687.938,1920.874,86.492,13.891,50.192,6.226,134.636,16.872
4.197,2.43,28.147,28.147,59.875,603687.938,1920.874,86.504,13.909,50.207,6.219,134.683,16.871
4.197,2.43,28.154,28.154,59.871,603687.938,1920.874,86.517,13.926,50.221,6.213,134.729,16.87
4.197,2.43,28.161,28.161,59.867,603687.938,1920.874,86.529,13.943,50.236,6.206,134.776,16.869
4.197,2.43,28.168,28.168,59.862,603687.938,1920.874,86.541,13.961,50.251,6.199,134.823,16.868
4.197,2.43,28.175,28.175,59.858,603687.938,1920.874,86.554,13.978,50.266,6.192,134.87,16.867
4.197,2.43,28.183,28.183,59.854,603687.938,1920.874,86.566,13.995,50.281,6.185,134.917,16.865
4.197,2.43,28.19,28.19,59.85,603687.938,1920.874,86.578,14.013,50.295,6.179,134.964,16.864
4.197,2.43,28.197,28.197,59.846,603687.938,1920.874,86.59,14.03,50.31,6.172,135.01,16.863
4.197,2.43,28.204,28.204,59.842,603687.938,1920.874,86.603,14.047,50.325,6.165,135.057,16.862
4.197,2.43,28.211,28.211,59.837,603687.938,1920.874,86.615,14.065,50.34,6.158,135.104,16.861
4.197,2.43,28.218,28.218,59.833,603687.938,1920.874,86.627,14.082,50.355,6.152,135.151,16.859
4.197,2.43,28.226,28.226,59.829,603687.938,1920.874,86.64,14.1,50.37,6.145,135.198,16.858
4.197,2.43,28.233,28.233,59.825,603687.938,1920.874,86.652,14.117,50.384,6.138,135.245,16.857
4.197,2.43,28.24,28.24,59.821,603687.938,1920.874,86.664,14.134,50.399,6.131,135.292,16.856
4.197,2.43,28.247,28.247,59.817,603687.938,1920.874,86.677,14.152,50.414,6.125,135.338,16.855
4.197,2.43,28.254,28.254,59.812,603687.938,1920.874,86.689,14.169,50.429,6.118,135.385,16.854
4.197,2.43,28.261,28.261,59.808,603687.938,1920.874,86.701,14.186,50.444,6.112,135.432,16.852
4.197,2.43,28.269,28.269,59.804,603687.938,1920.874,86.714,14.204,50.459,6.105,135.479,16.851
4.197,2.43,28.276,28.276,59.8,603687.938,1920.874,86.726,14.221,50.474,6.098,135.526,16.85
4.197,2.43,28.283,28.283,59.796,603687.938,1920.874,86.738,14.239,50.488,6.092,135.573,16.849
4.197,2.43,28.29,28.29,59.792,603687.938,1920.874,86.751,14.256,50.503,6.085,135.62,16.848
4.197,2.43,28.297,28.297,59.787,603687.938,1920.874,86.763,14.273,50.518,6.079,135.667,16.847
4.197,2.43,28.304,28.304,59.783,603687.938,1920.874,86.775,14.291,50.533,6.072,135.714,16.845
4.197,2.43,28.312,28.312,59.779,603687.938,1920.874,86.788,14.308,50.548,6.066,135.761,16.844
4.197,2.43,28.319,28.319,59.775,603687.938,1920.874,86.8,14.326,50.563,6.059,135.808,16.843
4.197,2.43,28.326,28.326,59.771,603687.938,1920.874,86.812,14.343,50.578,6.053,135.854,16.842
4.197,2.43,28.333,28.333,59.766,603687.938,1920.874,86.825,14.36,50.592,6.046,135.901,16.841
4.197,2.43,28.34,28.34,59.762,603687.938,1920.874,86.837,14.378,50.607,6.04,135.948,16.839
4.197,2.43,28.347,28.347,59.758,603687.938,1920.874,86.849,14.395,50.622,6.033,135.995,16.838
4.197,2.43,28.355,28.355,59.754,603687.938,1920.874,86.862,14.413,50.637,6.027,136.042,16.837
4.197,2.43,28.362,28.362,59.75,603687.938,1920.874,86.874,14.43,50.652,6.02,136.089,16.836
4.197,2.43,28.369,28.369,59.745,603687.938,1920.874,86.886,14.447,50.667,6.014,136.136,16.835
4.197,2.43,28.376,28.376,59.741,603687.938,1920.874,86.899,14.465,50.682,6.008,136.183,16.834
4.197,2.43,28.383,28.383,59.737,603687.938,1920.874,86.911,14.482,50.697,6.001,136.23,16.832
4.197,2.43,28.391,28.391,59.733,603687.938,1920.874,86.923,14.5,50.711,5.995,136.277,16.831
4.197,2.43,28.398,28.398,59.729,603687.938,1920.874,86.935,14.517,50.726,5.989,136.324,16.83
4.197,2.43,28.405,28.405,59.725,603687.938,1920.874,86.948,14.534,50.741,5.982,136.371,16.829
4.197,2.43,28.412,28.412,59.72,603687.938,1920.874,86.96,14.552,50.756,5.976,136.418,16.828
4.197,2.43,28.419,28.419,59.716,603687.938,1920.874,86.972,14.569,50.771,5.97,136.465,16.826
4.197,2.43,28.426,28.426,59.712,603687.938,1920.874,86.985,14.587,50.786,5.963,136.512,16.825
4.197,2.43,28.434,28.434,59.708,603687.938,1920.874,86.997,14.604,50.801,5.957,136.559,16.824
4.197,2.43,28.441,28.441,59.704,603687.938,1920.874,87.009,14.622,50.815,5.951,136.606,16.823
4.197,2.43,28.448,28.448,59.699,603687.938,1920.874,87.022,14.639,50.83,5.945,136.653,16.822
4.197,2.43,28.455,28.455,59.695,603687.938,1920.874,87.034,14.656,50.845,5.938,136.7,16.821
4.197,2.43,28.462,28.462,59.691,603687.938,1920.874,87.046,14.674,50.86,5.932,136.747,16.819
4.197,2.43,28.47,28.47,59.687,603687.938,1920.874,87.059,14.691,50.875,5.926,136.794,16.818
4.197,2.43,28.477,28.477,59.683,603687.938,1920.874,87.071,14.709,50.89,5.92,136.841,16.817
4.197,2.43,28.484,28.484,59.678,603687.938,1920.874,87.083,14.726,50.905,5.914,136.888,16.816
4.197,2.43,28.491,28.491,59.674,603687.938,1920.874,87.096,14.743,50.92,5.907,136.935,16.815
4.197,2.43,28.498,28.498,59.67,603687.938,1920.874,87.108,14.761,50.935,5.901,136.982,16.813
4.197,2.43,28.505,28.505,59.666,603687.938,1920.874,87.12,14.778,50.949,5.895,137.029,16.812
4.197,2.43,28.513,28.513,59.662,603687.938,1920.874,87.133,14.796,50.964,5.889,137.076,16.811
4.197,2.43,28.52,28.52,59.657,603687.938,1920.874,87.145,14.813,50.979,5.883,137.123,16.81
4.197,2.43,28.527,28.527,59.653,603687.938,1920.874,87.157,14.831,50.994,5.877,137.17,16.809
4.197,2.43,28.534,28.534,59.649,603687.938,1920.874,87.17,14.848,51.009,5.871,137.217,16.808
4.197,2.43,28.541,28.541,59.645,603687.938,1920.874,87.182,14.865,51.024,5.865,137.264,16.806
4.197,2.43,28.549,28.549,59.641,603687.938,1920.874,87.194,14.883,51.039,5.859,137.311,16.805
4.197,2.43,28.556,28.556,59.636,603687.938,1920.874,87.207,14.9,51.054,5.853,137.358,16.804
4.197,2.43,28.563,28.563,59.632,603687.938,1920.874,87.219,14.918,51.068,5.847,137.405,16.803
4.197,2.43,28.57,28.57,59.628,603687.938,1920.874,87.231,14.935,51.083,5.841,137.452,16.802
4.197,2.43,28.577,28.577,59.624,603687.938,1920.874,87.244,14.953,51.098,5.835,137.499,16.8
4.197,2.43,28.584,28.584,59.619,603687.938,1920.874,87.256,14.97,51.113,5.829,137.546,16.799
4.197,2.43,28.592,28.592,59.615,603687.938,1920.874,87.268,14.988,51.128,5.823,137.593,16.798
4.197,2.43,28.599,28.599,59.611,603687.938,1920.874,87.281,15.005,51.143,5.817,137.64,16.797
4.197,2.43,28.606,28.606,59.607,603687.938,1920.874,87.293,15.022,51.158,5.811,137.687,16.796
4.197,2.43,28.613,28.613,59.603,603687.938,1920.874,87.305,15.04,51.173,5.805,137.734,16.795
4.197,2.43,28.62,28.62,59.598,603687.938,1920.874,87.318,15.057,51.188,5.799,137.781,16.793
4.197,2.43,28.628,28.628,59.594,603687.938,1920.874,87.33,15.075,51.202,5.793,137.828,16.792
4.197,2.43,28.635,28.635,59.59,603687.938,1920.874,87.342,15.092,51.217,5.787,137.875,16.791
4.197,2.43,28.642,28.642,59.586,603687.938,1920.874,87.355,15.11,51.232,5.781,137.922,16.79
4.197,2.43,28.649,28.649,59.582,603687.938,1920.874,87.367,15.127,51.247,5.776,137.969,16.789
4.197,2.43,28.656,28.656,59.577,603687.938,1920.874,87.379,15.144,51.262,5.77,138.016,16.787
4.197,2.43,28.663,28.663,59.573,603687.938,1920.874,87.392,15.162,51.277,5.764,138.063,16.786
4.197,2.43,28.671,28.671,59.569,603687.938,1920.874,87.404,15.179,51.292,5.758,138.11,16.785
4.197,2.43,28.678,28.678,59.565,603687.938,1920.874,87.416,15.197,51.307,5.752,138.157,16.784
4.197,2.43,28.685,28.685,59.561,603687.938,1920.874,87.429,15.214,51.321,5.747,138.204,16.783
4.197,2.43,28.692,28.692,59.556,603687.938,1920.874,87.441,15.232,51.336,5.741,138.251,16.781
4.197,2.43,28.699,28.699,59.552,603687.938,1920.874,87.453,15.249,51.351,5.735,138.298,16.78
4.197,2.43,28.707,28.707,59.548,603687.938,1920.874,87.466,15.267,51.366,5.729,138.345,16.779
4.197,2.43,28.714,28.714,59.544,603687.938,1920.874,87.478,15.284,51.381,5.724,138.392,16.778
4.197,2.43,28.721,28.721,59.539,603687.938,1920.874,87.49,15.301,51.396,5.718,138.439,16.777
4.197,2.43,28.728,28.728,59.535,603687.938,1920.874,87.503,15.319,51.411,5.712,138.486,16.776
4.197,2.43,28.735,28.735,59.531,603687.938,1920.874,87.515,15.336,51.426,5.706,138.533,16.774
4.197,2.43,28.743,28.743,59.527,603687.938,1920.874,87.527,15.354,51.441,5.701,138.58,16.773
4.197,2.43,28.75,28.75,59.523,603687.938,1920.874,87.54,15.371,51.455,5.695,138.627,16.772
4.197,2.43,28.757,28.757,59.518,603687.938,1920.874,87.552,15.389,51.47,5.689,138.674,16.771
4.197,2.43,28.764,28.764,59.514,603687.938,1920.874,87.564,15.406,51.485,5.684,138.721,16.77
4.197,2.43,28.771,28.771,59.51,603687.938,1920.874,87.577,15.423,51.5,5.678,138.768,16.768
4.197,2.43,28.778,28.778,59.506,603687.938,1920.874,87.589,15.441,51.515,5.673,138.815,16.767
4.197,2.43,28.786,28.786,59.502,603687.938,1920.874,87.601,15.458,51.53,5.667,138.862,16.766
4.197,2.43,28.793,28.793,59.497,603687.938,1920.874,87.614,15.476,51.545,5.661,138.909,16.765
4.197,2.43,28.8,28.8,59.493,603687.938,1920.874,87.626,15.493,51.56,5.656,138.956,16.764
4.197,2.43,28.807,28.807,59.489,603687.938,1920.874,87.638,15.511,51.574,5.65,139.003,16.762
4.197,2.43,28.814,28.814,59.485,603687.938,1920.874,87.651,15.528,51.589,5.645,139.05,16.761
4.197,2.43,28.822,28.822,59.48,603687.938,1920.874,87.663,15.546,51.604,5.639,139.097,16.76
4.197,2.43,28.829,28.829,59.476,603687.938,1920.874,87.675,15.563,51.619,5.634,139.144,16.759
4.197,2.43,28.836,28.836,59.472,603687.938,1920.874,87.688,15.58,51.634,5.628,139.191,16.758
4.197,2.43,28.843,28.843,59.468,603687.938,1920.874,87.7,15.598,51.649,5.623,139.238,16.757
4.197,2.43,28.85,28.85,59.464,603687.938,1920.874,87.712,15.615,51.664,5.617,139.285,16.755
4.197,2.43,28.857,28.857,59.459,603687.938,1920.874,87.725,15.633,51.679,5.612,139.332,16.754
4.197,2.43,28.865,28.865,59.455,603687.938,1920.874,87.737,15.65,51.694,5.606,139.379,16.753
4.197,2.43,28.872,28.872,59.451,603687.938,1920.874,87.749,15.668,51.708,5.601,139.426,16.752
4.197,2.43,28.879,28.879,59.447,603687.938,1920.874,87.762,15.685,51.723,5.595,139.473,16.751
4.197,2.43,28.886,28.886,59.443,603687.938,1920.874,87.774,15.702,51.738,5.59,139.52,16.749
4.197,2.43,28.893,28.893,59.438,603687.938,1920.874,87.786,15.72,51.753,5.584,139.567,16.748
4.197,2.43,28.901,28.901,59.434,603687.938,1920.874,87.799,15.737,51.768,5.579,139.614,16.747
4.197,2.43,28.908,28.908,59.43,603687.938,1920.874,87.811,15.755,51.783,5.574,139.661,16.746
4.197,2.43,28.915,28.915,59.426,603687.938,1920.874,87.823,15.772,51.798,5.568,139.708,16.745
4.197,2.43,28.922,28.922,59.421,603687.938,1920.874,87.836,15.79,51.813,5.563,139.755,16.743
4.197,2.43,28.929,28.929,59.417,603687.938,1920.874,87.848,15.807,51.828,5.557,139.802,16.742
4.197,2.43,28.936,28.936,59.413,603687.938,1920.874,87.86,15.825,51.842,5.552,139.849,16.741
4.197,2.43,28.944,28.944,59.409,603687.938,1920.874,87.873,15.842,51.857,5.547,139.896,16.74
4.197,2.43,28.951,28.951,59.405,603687.938,1920.874,87.885,15.859,51.872,5.541,139.943,16.739
4.197,2.43,28.958,28.958,59.4,603687.938,1920.874,87.897,15.877,51.887,5.536,139.99,16.738
4.197,2.43,28.965,28.965,59.396,603687.938,1920.874,87.91,15.894,51.902,5.531,140.037,16.736
4.197,2.43,28.972,28.972,59.392,603687.938,1920.874,87.922,15.912,51.917,5.526,140.084,16.735
4.197,2.43,28.98,28.98,59.388,603687.938,1920.874,87.934,15.929,51.932,5.52,140.131,16.734
4.197,2.43,28.987,28.987,59.384,603687.938,1920.874,87.947,15.947,51.947,5.515,140.178,16.733
4.197,2.43,28.994,28.994,59.379,603687.938,1920.874,87.959,15.964,51.961,5.51,140.225,16.732
4.197,2.43,29.001,29.001,59.375,603687.938,1920.874,87.971,15.981,51.976,5.505,140.272,16.73
4.197,2.43,29.008,29.008,59.371,603687.938,1920.874,87.984,15.999,51.991,5.499,140.319,16.729
4.197,2.43,29.016,29.016,59.367,603687.938,1920.874,87.996,16.016,52.006,5.494,140.366,16.728
4.197,2.43,29.023,29.023,59.362,603687.938,1920.874,88.008,16.034,52.021,5.489,140.413,16.727
4.197,2.43,29.03,29.03,59.358,603687.938,1920.874,88.021,16.051,52.036,5.484,140.46,16.726
4.197,2.43,29.037,29.037,59.354,603687.938,1920.874,88.033,16.069,52.051,5.479,140.507,16.724
4.197,2.43,29.044,29.044,59.35,603687.938,1920.874,88.045,16.086,52.066,5.473,140.554,16.723
4.197,2.43,29.051,29.051,59.346,603687.938,1920.874,88.058,16.103,52.08,5.468,140.601,16.722
4.197,2.43,29.059,29.059,59.341,603687.938,1920.874,88.07,16.121,52.095,5.463,140.648,16.721
4.197,2.43,29.066,29.066,59.337,603687.938,1920.874,88.082,16.138,52.11,5.458,140.695,16.72
4.197,2.43,29.073,29.073,59.333,603687.938,1920.874,88.094,16.156,52.125,5.453,140.742,16.719
4.197,2.43,29.08,29.08,59.329,603687.938,1920.874,88.107,16.173,52.14,5.448,140.789,16.717
4.197,2.43,29.087,29.087,59.325,603687.938,1920.874,88.119,16.191,52.155,5.443,140.836,16.716
4.197,2.43,29.095,29.095,59.32,603687.938,1920.874,88.131,16.208,52.17,5.438,140.883,16.715
4.197,2.43,29.102,29.102,59.316,603687.938,1920.874,88.144,16.226,52.185,5.432,140.93,16.714
4.197,2.43,29.109,29.109,59.312,603687.938,1920.874,88.156,16.243,52.2,5.427,140.977,16.713
4.197,2.43,29.116,29.116,59.308,603687.938,1920.874,88.168,16.26,52.214,5.422,141.024,16.711
4.197,2.43,29.123,29.123,59.304,603687.938,1920.874,88.181,16.278,52.229,5.417,141.071,16.71
4.197,2.43,29.13,29.13,59.299,603687.938,1920.874,88.193,16.295,52.244,5.412,141.118,16.709
4.197,2.43,29.138,29.138,59.295,603687.938,1920.874,88.205,16.313,52.259,5.407,141.165,16.708
4.197,2.43,29.145,29.145,59.291,603687.938,1920.874,88.218,16.33,52.274,5.402,141.212,16.707
4.197,2.43,29.152,29.152,59.287,603687.938,1920.874,88.23,16.348,52.289,5.397,141.259,16.706
4.197,2.43,29.159,29.159,59.283,603687.938,1920.874,88.242,16.365,52.304,5.392,141.306,16.704
4.197,2.43,29.166,29.166,59.278,603687.938,1920.874,88.255,16.382,52.319,5.387,141.353,16.703
4.197,2.43,29.174,29.174,59.274,603687.938,1920.874,88.267,16.4,52.333,5.382,141.4,16.702
4.197,2.43,29.181,29.181,59.27,603687.938,1920.874,88.279,16.417,52.348,5.377,141.447,16.701
4.197,2.43,29.188,29.188,59.266,603687.938,1920.874,88.292,16.435,52.363,5.372,141.494,16.7
4.197,2.43,29.195,29.195,59.262,603687.938,1920.874,88.304,16.452,52.378,5.367,141.541,16.698
4.197,2.43,29.202,29.202,59.257,603687.938,1920.874,88.316,16.469,52.393,5.362,141.588,16.697
4.197,2.43,29.209,29.209,59.253,603687.938,1920.874,88.329,16.487,52.408,5.358,141.635,16.696
4.197,2.43,29.217,29.217,59.249,603687.938,1920.874,88.341,16.504,52.423,5.353,141.682,16.695
4.197,2.43,29.224,29.224,59.245,603687.938,1920.874,88.353,16.522,52.438,5.348,141.729,16.694
4.197,2.43,29.231,29.231,59.241,603687.938,1920.874,88.366,16.539,52.452,5.343,141.776,16.692
4.197,2.43,29.238,29.238,59.236,603687.938,1920.874,88.378,16.557,52.467,5.338,141.823,16.691
4.197,2.43,29.245,29.245,59.232,603687.938,1920.874,88.39,16.574,52.482,5.333,141.87,16.69
4.197,2.43,29.253,29.253,59.228,603687.938,1920.874,88.403,16.591,52.497,5.328,141.916,16.689
4.197,2.43,29.26,29.26,59.224,603687.938,1920.874,88.415,16.609,52.512,5.323,141.963,16.688
4.197,2.43,29.267,29.267,59.22,603687.938,1920.874,88.427,16.626,52.527,5.319,142.01,16.687
4.197,2.43,29.274,29.274,59.215,603687.938,1920.874,88.44,16.644,52.542,5.314,142.057,16.685
4.197,2.43,29.281,29.281,59.211,603687.938,1920.874,88.452,16.661,52.557,5.309,142.104,16.684
4.197,2.43,29.288,29.288,59.207,603687.938,1920.874,88.464,16.679,52.571,5.304,142.151,16.683
4.197,2.43,29.296,29.296,59.203,603687.938,1920.874,88.477,16.696,52.586,5.299,142.198,16.682
4.197,2.43,29.303,29.303,59.199,603687.938,1920.874,88.489,16.713,52.601,5.295,142.245,16.681
4.197,2.43,29.31,29.31,59.194,603687.938,1920.874,88.501,16.731,52.616,5.29,142.292,16.679
4.197,2.43,29.317,29.317,59.19,603687.938,1920.874,88.514,16.748,52.631,5.285,142.339,16.678
4.197,2.43,29.324,29.324,59.186,603687.938,1920.874,88.526,16.766,52.646,5.28,142.386,16.677
4.197,2.43,29.332,29.332,59.182,603687.938,1920.874,88.538,16.783,52.661,5.275,142.433,16.676
4.197,2.43,29.339,29.339,59.178,603687.938,1920.874,88.551,16.8,52.676,5.271,142.48,16.675
4.197,2.43,29.346,29.346,59.173,603687.938,1920.874,88.563,16.818,52.69,5.266,142.527,16.674
4.197,2.43,29.353,29.353,59.169,603687.938,1920.874,88.575,16.835,52.705,5.261,142.574,16.672
4.197,2.43,29.36,29.36,59.165,603687.938,1920.874,88.588,16.853,52.72,5.257,142.621,16.671
4.197,2.43,29.367,29.367,59.161,603687.938,1920.874,88.6,16.87,52.735,5.252,142.668,16.67
4.197,2.43,29.375,29.375,59.157,603687.938,1920.874,88.612,16.887,52.75,5.247,142.715,16.669
4.197,2.43,29.382,29.382,59.153,603687.938,1920.874,88.625,16.905,52.765,5.243,142.762,16.668
4.197,2.43,29.389,29.389,59.148,603687.938,1920.874,88.637,16.922,52.78,5.238,142.809,16.667
4.197,2.43,29.396,29.396,59.144,603687.938,1920.874,88.649,16.94,52.795,5.233,142.856,16.665
4.197,2.43,29.403,29.403,59.14,603687.938,1920.874,88.662,16.957,52.809,5.229,142.903,16.664
4.197,2.43,29.41,29.41,59.136,603687.938,1920.874,88.674,16.975,52.824,5.224,142.95,16.663
4.197,2.43,29.418,29.418,59.132,603687.938,1920.874,88.686,16.992,52.839,5.219,142.997,16.662
4.197,2.43,29.425,29.425,59.127,603687.938,1920.874,88.699,17.009,52.854,5.215,143.044,16.661
4.197,2.43,29.432,29.432,59.123,603687.938,1920.874,88.711,17.027,52.869,5.21,143.091,16.659
4.197,2.43,29.439,29.439,59.119,603687.938,1920.874,88.723,17.044,52.884,5.206,143.138,16.658
4.197,2.43,29.446,29.446,59.115,603687.938,1920.874,88.736,17.062,52.899,5.201,143.185,16.657
4.197,2.43,29.454,29.454,59.111,603687.938,1920.874,88.748,17.079,52.914,5.196,143.232,16.656
4.197,2.43,29.461,29.461,59.107,603687.938,1920.874,88.76,17.096,52.928,5.192,143.279,16.655
4.197,2.43,29.468,29.468,59.102,603687.938,1920.874,88.773,17.114,52.943,5.187,143.326,16.654
4.197,2.43,29.475,29.475,59.098,603687.938,1920.874,88.785,17.131,52.958,5.183,143.373,16.652
4.197,2.43,29.482,29.482,59.094,603687.938,1920.874,88.797,17.149,52.973,5.178,143.42,16.651
4.197,2.43,29.489,29.489,59.09,603687.938,1920.874,88.81,17.166,52.988,5.174,143.466,16.65
4.197,2.43,29.497,29.497,59.086,603687.938,1920.874,88.822,17.183,53.003,5.169,143.513,16.649
4.197,2.43,29.504,29.504,59.082,603687.938,1920.874,88.834,17.201,53.018,5.165,143.56,16.648
4.197,2.43,29.511,29.511,59.077,603687.938,1920.874,88.847,17.218,53.032,5.16,143.607,16.647
4.197,2.43,29.518,29.518,59.073,603687.938,1920.874,88.859,17.236,53.047,5.156,143.654,16.645
4.197,2.43,29.525,29.525,59.069,603687.938,1920.874,88.872,17.253,53.062,5.151,143.701,16.644
4.197,2.43,29.533,29.533,59.065,603687.938,1920.874,88.884,17.27,53.077,5.147,143.748,16.643
4.197,2.43,29.54,29.54,59.061,603687.938,1920.874,88.896,17.288,53.092,5.142,143.795,16.642
4.197,2.43,29.547,29.547,59.057,603687.938,1920.874,88.909,17.305,53.107,5.138,143.842,16.641
4.197,2.43,29.554,29.554,59.052,603687.938,1920.874,88.921,17.322,53.122,5.133,143.889,16.639
4.197,2.43,29.561,29.561,59.048,603687.938,1920.874,88.933,17.34,53.137,5.129,143.936,16.638
4.197,2.43,29.568,29.568,59.044,603687.938,1920.874,88.946,17.357,53.151,5.124,143.983,16.637
4.197,2.43,29.576,29.576,59.04,603687.938,1920.874,88.958,17.375,53.166,5.12,144.03,16.636
4.197,2.43,29.583,29.583,59.036,603687.938,1920.874,88.97,17.392,53.181,5.116,144.077,16.635
4.197,2.43,29.59,29.59,59.032,603687.938,1920.874,88.983,17.409,53.196,5.111,144.124,16.634
4.197,2.43,29.597,29.597,59.027,603687.938,1920.874,88.995,17.427,53.211,5.107,144.171,16.632
4.197,2.43,29.604,29.604,59.023,603687.938,1920.874,89.007,17.444,53.226,5.102,144.218,16.631
4.197,2.43,29.611,29.611,59.019,603687.938,1920.874,89.02,17.462,53.241,5.098,144.265,16.63
4.197,2.43,29.619,29.619,59.015,603687.938,1920.874,89.032,17.479,53.255,5.094,144.312,16.629
4.197,2.43,29.626,29.626,59.011,603687.938,1920.874,89.044,17.496,53.27,5.089,144.359,16.628
4.197,2.43,29.633,29.633,59.007,603687.938,1920.874,89.057,17.514,53.285,5.085,144.406,16.627
4.197,2.43,29.64,29.64,59.002,603687.938,1920.874,89.069,17.531,53.3,5.081,144.452,16.625
4.197,2.43,29.647,29.647,58.998,603687.938,1920.874,89.081,17.549,53.315,5.076,144.499,16.624
4.197,2.43,29.655,29.655,58.994,603687.938,1920.874,89.094,17.566,53.33,5.072,144.546,16.623
4.197,2.43,29.662,29.662,58.99,603687.938,1920.874,89.106,17.583,53.345,5.068,144.593,16.622
4.197,2.43,29.669,29.669,58.986,603687.938,1920.874,89.118,17.601,53.36,5.063,144.64,16.621
4.197,2.43,29.676,29.676,58.982,603687.938,1920.874,89.131,17.618,53.374,5.059,144.687,16.62
4.197,2.43,29.683,29.683,58.978,603687.938,1920.874,89.143,17.635,53.389,5.055,144.734,16.618
4.197,2.43,29.69,29.69,58.973,603687.938,1920.874,89.156,17.653,53.404,5.051,144.781,16.617
4.197,2.43,29.698,29.698,58.969,603687.938,1920.874,89.168,17.67,53.419,5.046,144.828,16.616
4.197,2.43,29.705,29.705,58.965,603687.938,1920.874,89.18,17.688,53.434,5.042,144.875,16.615
4.197,2.43,29.712,29.712,58.961,603687.938,1920.874,89.193,17.705,53.449,5.038,144.922,16.614
4.197,2.43,29.719,29.719,58.957,603687.938,1920.874,89.205,17.722,53.464,5.033,144.969,16.613
4.197,2.43,29.726,29.726,58.953,603687.938,1920.874,89.217,17.74,53.478,5.029,145.016,16.611
4.197,2.43,29.733,29.733,58.949,603687.938,1920.874,89.23,17.757,53.493,5.025,145.063,16.61
4.197,2.43,29.741,29.741,58.944,603687.938,1920.874,89.242,17.774,53.508,5.021,145.11,16.609
4.197,2.43,29.748,29.748,58.94,603687.938,1920.874,89.254,17.792,53.523,5.017,145.157,16.608
4.197,2.43,29.755,29.755,58.936,603687.938,1920.874,89.267,17.809,53.538,5.012,145.204,16.607
4.197,2.43,29.762,29.762,58.932,603687.938,1920.874,89.279,17.826,53.553,5.008,145.25,16.606
4.197,2.43,29.769,29.769,58.928,603687.938,1920.874,89.291,17.844,53.568,5.004,145.297,16.604
4.197,2.43,29.776,29.776,58.924,603687.938,1920.874,89.304,17.861,53.582,5.0,145.344,16.603
4.197,2.43,29.784,29.784,58.92,603687.938,1920.874,89.316,17.879,53.597,4.996,145.391,16.602
4.197,2.43,29.791,29.791,58.916,603687.938,1920.874,89.328,17.896,53.612,4.992,145.438,16.601
4.197,2.43,29.798,29.798,58.911,603687.938,1920.874,89.341,17.913,53.627,4.987,145.485,16.6
4.197,2.43,29.805,29.805,58.907,603687.938,1920.874,89.353,17.931,53.642,4.983,145.532,16.599
4.197,2.43,29.812,29.812,58.903,603687.938,1920.874,89.366,17.948,53.657,4.979,145.579,16.597
4.197,2.43,29.82,29.82,58.899,603687.938,1920.874,89.378,17.965,53.672,4.975,145.626,16.596
4.197,2.43,29.827,29.827,58.895,603687.938,1920.874,89.39,17.983,53.687,4.971,145.673,16.595
4.197,2.43,29.834,29.834,58.891,603687.938,1920.874,89.403,18.0,53.701,4.967,145.72,16.594
4.197,2.43,29.841,29.841,58.887,603687.938,1920.874,89.415,18.017,53.716,4.963,145.767,16.593
4.197,2.43,29.848,29.848,58.883,603687.938,1920.874,89.427,18.035,53.731,4.959,145.814,16.592
4.197,2.43,29.855,29.855,58.878,603687.938,1920.874,89.44,18.052,53.746,4.955,145.861,16.59
4.197,2.43,29.863,29.863,58.874,603687.938,1920.874,89.452,18.07,53.761,4.95,145.908,16.589
4.197,2.43,29.87,29.87,58.87,603687.938,1920.874,89.464,18.087,53.776,4.946,145.954,16.588
4.197,2.43,29.877,29.877,58.866,603687.938,1920.874,89.477,18.104,53.791,4.942,146.001,16.587
4.197,2.43,29.884,29.884,58.862,603687.938,1920.874,89.489,18.122,53.805,4.938,146.048,16.586
4.197,2.43,29.891,29.891,58.858,603687.938,1920.874,89.502,18.139,53.82,4.934,146.095,16.585
4.197,2.43,29.898,29.898,58.854,603687.938,1920.874,89.514,18.156,53.835,4.93,146.142,16.584
4.197,2.43,29.906,29.906,58.85,603687.938,1920.874,89.526,18.174,53.85,4.926,146.189,16.582
4.197,2.43,29.913,29.913,58.846,603687.938,1920.874,89.539,18.191,53.865,4.922,146.236,16.581
4.197,2.43,29.92,29.92,58.841,603687.938,1920.874,89.551,18.208,53.88,4.918,146.283,16.58
4.197,2.43,29.927,29.927,58.837,603687.938,1920.874,89.563,18.226,53.895,4.914,146.33,16.579
4.197,2.43,29.934,29.934,58.833,603687.938,1920.874,89.576,18.243,53.909,4.91,146.377,16.578
4.197,2.43,29.941,29.941,58.829,603687.938,1920.874,89.588,18.26,53.924,4.906,146.424,16.577
4.197,2.43,29.949,29.949,58.825,603687.938,1920.874,89.601,18.278,53.939,4.902,146.471,16.575
4.197,2.43,29.956,29.956,58.821,603687.938,1920.874,89.613,18.295,53.954,4.898,146.518,16.574
4.197,2.43,29.963,29.963,58.817,603687.938,1920.874,89.625,18.312,53.969,4.894,146.564,16.573
4.197,2.43,29.97,29.97,58.813,603687.938,1920.874,89.638,18.33,53.984,4.89,146.611,16.572
4.197,2.43,29.977,29.977,58.809,603687.938,1920.874,89.65,18.347,53.999,4.886,146.658,16.571
4.197,2.43,29.985,29.985,58.805,603687.938,1920.874,89.662,18.364,54.013,4.882,146.705,16.57
4.197,2.43,29.992,29.992,58.801,603687.938,1920.874,89.675,18.382,54.028,4.878,146.752,16.569
4.197,2.43,29.999,29.999,58.796,603687.938,1920.874,89.687,18.399,54.043,4.875,146.799,16.567
4.197,2.43,30.006,30.006,58.792,603687.938,1920.874,89.7,18.416,54.058,4.871,146.846,16.566
4.197,2.43,30.013,30.013,58.788,603687.938,1920.874,89.712,18.434,54.073,4.867,146.893,16.565
4.197,2.43,30.02,30.02,58.784,603687.938,1920.874,89.724,18.451,54.088,4.863,146.94,16.564
4.197,2.43,30.028,30.028,58.78,603687.938,1920.874,89.737,18.468,54.103,4.859,146.987,16.563
4.197,2.43,30.035,30.035,58.776,603687.938,1920.874,89.749,18.486,54.117,4.855,147.034,16.562
4.197,2.43,30.042,30.042,58.772,603687.938,1920.874,89.761,18.503,54.132,4.851,147.081,16.56
4.197,2.43,30.049,30.049,58.768,603687.938,1920.874,89.774,18.52,54.147,4.847,147.127,16.559
4.197,2.43,30.056,30.056,58.764,603687.938,1920.874,89.786,18.538,54.162,4.843,147.174,16.558
4.197,2.43,30.063,30.063,58.76,603687.938,1920.874,89.799,18.555,54.177,4.84,147.221,16.557
4.197,2.43,30.071,30.071,58.756,603687.938,1920.874,89.811,18.572,54.192,4.836,147.268,16.556
4.197,2.43,30.078,30.078,58.752,603687.938,1920.874,89.823,18.59,54.207,4.832,147.315,16.555
4.197,2.43,30.085,30.085,58.748,603687.938,1920.874,89.836,18.607,54.221,4.828,147.362,16.554
4.197,2.43,30.092,30.092,58.743,603687.938,1920.874,89.848,18.624,54.236,4.824,147.409,16.552
4.197,2.43,30.099,30.099,58.739,603687.938,1920.874,89.861,18.642,54.251,4.82,147.456,16.551
4.197,2.43,30.106,30.106,58.735,603687.938,1920.874,89.873,18.659,54.266,4.817,147.503,16.55
4.197,2.43,30.114,30.114,58.731,603687.938,1920.874,89.885,18.676,54.281,4.813,147.55,16.549
4.197,2.43,30.121,30.121,58.727,603687.938,1920.874,89.898,18.694,54.296,4.809,147.597,16.548
4.197,2.43,30.128,30.128,58.723,603687.938,1920.874,89.91,18.711,54.31,4.805,147.643,16.547
4.197,2.43,30.135,30.135,58.719,603687.938,1920.874,89.923,18.728,54.325,4.801,147.69,16.546
4.197,2.43,30.142,30.142,58.715,603687.938,1920.874,89.935,18.745,54.34,4.798,147.737,16.544
4.197,2.43,30.149,30.149,58.711,603687.938,1920.874,89.947,18.763,54.355,4.794,147.784,16.543
4.197,2.43,30.157,30.157,58.707,603687.938,1920.874,89.96,18.78,54.37,4.79,147.831,16.542
4.197,2.43,30.164,30.164,58.703,603687.938,1920.874,89.972,18.797,54.385,4.786,147.878,16.541
4.197,2.43,30.171,30.171,58.699,603687.938,1920.874,89.985,18.815,54.4,4.783,147.925,16.54
4.197,2.43,30.178,30.178,58.695,603687.938,1920.874,89.997,18.832,54.414,4.779,147.972,16.539
4.197,2.43,30.185,30.185,58.691,603687.938,1920.874,90.009,18.849,54.429,4.775,148.019,16.538
4.197,2.43,30.192,30.192,58.687,603687.938,1920.874,90.022,18.867,54.444,4.771,148.066,16.536
4.197,2.43,30.2,30.2,58.683,603687.938,1920.874,90.034,18.884,54.459,4.768,148.112,16.535
4.197,2.43,30.207,30.207,58.679,603687.938,1920.874,90.047,18.901,54.474,4.764,148.159,16.534
4.197,2.43,30.214,30.214,58.675,603687.938,1920.874,90.059,18.919,54.489,4.76,148.206,16.533
4.197,2.43,30.221,30.221,58.671,603687.938,1920.874,90.071,18.936,54.504,4.757,148.253,16.532
4.197,2.43,30.228,30.228,58.667,603687.938,1920.874,90.084,18.953,54.518,4.753,148.3,16.531
4.197,2.43,30.235,30.235,58.662,603687.938,1920.874,90.096,18.97,54.533,4.749,148.347,16.53
4.197,2.43,30.243,30.243,58.658,603687.938,1920.874,90.109,18.988,54.548,4.746,148.394,16.528
4.197,2.43,30.25,30.25,58.654,603687.938,1920.874,90.121,19.005,54.563,4.742,148.441,16.527
4.197,2.43,30.257,30.257,58.65,603687.938,1920.874,90.133,19.022,54.578,4.738,148.488,16.526
4.197,2.43,30.264,30.264,58.646,603687.938,1920.874,90.146,19.04,54.593,4.735,148.535,16.525
4.197,2.43,30.271,30.271,58.642,603687.938,1920.874,90.158,19.057,54.608,4.731,148.581,16.524
4.197,2.43,30.278,30.278,58.638,603687.938,1920.874,90.171,19.074,54.622,4.727,148.628,16.523
4.197,2.43,30.286,30.286,58.634,603687.938,1920.874,90.183,19.091,54.637,4.724,148.675,16.522
4.197,2.43,30.293,30.293,58.63,603687.938,1920.874,90.195,19.109,54.652,4.72,148.722,16.521
4.197,2.43,30.3,30.3,58.626,603687.938,1920.874,90.208,19.126,54.667,4.716,148.769,16.519
4.197,2.43,30.307,30.307,58.622,603687.938,1920.874,90.22,19.143,54.682,4.713,148.816,16.518
4.197,2.43,30.314,30.314,58.618,603687.938,1920.874,90.233,19.161,54.697,4.709,148.863,16.517
4.197,2.43,30.321,30.321,58.614,603687.938,1920.874,90.245,19.178,54.711,4.706,148.91,16.516
4.197,2.43,30.329,30.329,58.61,603687.938,1920.874,90.257,19.195,54.726,4.702,148.957,16.515
4.197,2.43,30.336,30.336,58.606,603687.938,1920.874,90.27,19.212,54.741,4.699,149.004,16.514
4.197,2.43,30.343,30.343,58.602,603687.938,1920.874,90.282,19.23,54.756,4.695,149.05,16.513
4.197,2.43,30.35,30.35,58.598,603687.938,1920.874,90.295,19.247,54.771,4.691,149.097,16.511
4.197,2.43,30.357,30.357,58.594,603687.938,1920.874,90.307,19.264,54.786,4.688,149.144,16.51
4.197,2.43,30.364,30.364,58.59,603687.938,1920.874,90.32,19.282,54.801,4.684,149.191,16.509
4.197,2.43,30.372,30.372,58.586,603687.938,1920.874,90.332,19.299,54.815,4.681,149.238,16.508
4.197,2.43,30.379,30.379,58.582,603687.938,1920.874,90.344,19.316,54.83,4.677,149.285,16.507
4.197,2.43,30.386,30.386,58.578,603687.938,1920.874,90.357,19.333,54.845,4.674,149.332,16.506
4.197,2.43,30.393,30.393,58.574,603687.938,1920.874,90.369,19.351,54.86,4.67,149.379,16.505
4.197,2.43,30.4,30.4,58.57,603687.938,1920.874,90.382,19.368,54.875,4.667,149.426,16.504
4.197,2.43,30.407,30.407,58.566,603687.938,1920.874,90.394,19.385,54.89,4.663,149.472,16.502
4.197,2.43,30.415,30.415,58.562,603687.938,1920.874,90.407,19.402,54.904,4.66,149.519,16.501
4.197,2.43,30.422,30.422,58.558,603687.938,1920.874,90.419,19.42,54.919,4.656,149.566,16.5
4.197,2.43,30.429,30.429,58.554,603687.938,1920.874,90.431,19.437,54.934,4.653,149.613,16.499
4.197,2.43,30.436,30.436,58.55,603687.938,1920.874,90.444,19.454,54.949,4.649,149.66,16.498
4.197,2.43,30.443,30.443,58.546,603687.938,1920.874,90.456,19.471,54.964,4.646,149.707,16.497
4.197,2.43,30.45,30.45,58.542,603687.938,1920.874,90.469,19.489,54.979,4.642,149.754,16.496
4.197,2.43,30.458,30.458,58.538,603687.938,1920.874,90.481,19.506,54.994,4.639,149.801,16.495
4.197,2.43,30.465,30.465,58.534,603687.938,1920.874,90.494,19.523,55.008,4.635,149.847,16.494
4.197,2.43,30.472,30.472,58.53,603687.938,1920.874,90.506,19.54,55.023,4.632,149.894,16.492
4.197,2.43,30.479,30.479,58.526,603687.938,1920.874,90.518,19.558,55.038,4.628,149.941,16.491
4.197,2.43,30.486,30.486,58.523,603687.938,1920.874,90.531,19.575,55.053,4.625,149.988,16.49
4.197,2.43,30.493,30.493,58.519,603687.938,1920.874,90.543,19.592,55.068,4.621,150.035,16.489
4.197,2.43,30.501,30.501,58.515,603687.938,1920.874,90.556,19.609,55.083,4.618,150.082,16.488
4.197,2.43,30.508,30.508,58.511,603687.938,1920.874,90.568,19.627,55.097,4.615,150.129,16.487
4.197,2.43,30.515,30.515,58.507,603687.938,1920.874,90.581,19.644,55.112,4.611,150.176,16.486
4.197,2.43,30.522,30.522,58.503,603687.938,1920.874,90.593,19.661,55.127,4.608,150.223,16.485
4.197,2.43,30.529,30.529,58.499,603687.938,1920.874,90.606,19.678,55.142,4.604,150.269,16.483
4.197,2.43,30.536,30.536,58.495,603687.938,1920.874,90.618,19.696,55.157,4.601,150.316,16.482
4.197,2.43,30.544,30.544,58.491,603687.938,1920.874,90.63,19.713,55.172,4.598,150.363,16.481
4.197,2.43,30.551,30.551,58.487,603687.938,1920.874,90.643,19.73,55.187,4.594,150.41,16.48
4.197,2.43,30.558,30.558,58.483,603687.938,1920.874,90.655,19.747,55.201,4.591,150.457,16.479
4.197,2.43,30.565,30.565,58.479,603687.938,1920.874,90.668,19.765,55.216,4.587,150.504,16.478
4.197,2.43,30.572,30.572,58.475,603687.938,1920.874,90.68,19.782,55.231,4.584,150.551,16.477
4.197,2.43,30.579,30.579,58.471,603687.938,1920.874,90.693,19.799,55.246,4.581,150.598,16.476
4.197,2.43,30.587,30.587,58.467,603687.938,1920.874,90.705,19.816,55.261,4.577,150.644,16.475
4.197,2.43,30.594,30.594,58.463,603687.938,1920.874,90.718,19.834,55.276,4.574,150.691,16.473
4.197,2.43,30.601,30.601,58.459,603687.938,1920.874,90.73,19.851,55.29,4.571,150.738,16.472
4.197,2.43,30.608,30.608,58.455,603687.938,1920.874,90.743,19.868,55.305,4.567,150.785,16.471
4.197,2.43,30.615,30.615,58.451,603687.938,1920.874,90.755,19.885,55.32,4.564,150.832,16.47
4.197,2.43,30.622,30.622,58.447,603687.938,1920.874,90.767,19.902,55.335,4.561,150.879,16.469
4.197,2.43,30.63,30.63,58.444,603687.938,1920.874,90.78,19.92,55.35,4.557,150.926,16.468
4.197,2.43,30.637,30.637,58.44,603687.938,1920.874,90.792,19.937,55.365,4.554,150.973,16.467
4.197,2.43,30.644,30.644,58.436,603687.938,1920.874,90.805,19.954,55.379,4.551,151.019,16.466
4.197,2.43,30.651,30.651,58.432,603687.938,1920.874,90.817,19.971,55.394,4.547,151.066,16.465
4.197,2.43,30.658,30.658,58.428,603687.938,1920.874,90.83,19.989,55.409,4.544,151.113,16.463
4.197,2.43,30.665,30.665,58.424,603687.938,1920.874,90.842,20.006,55.424,4.541,151.16,16.462
4.197,2.43,30.673,30.673,58.42,603687.938,1920.874,90.855,20.023,55.439,4.538,151.207,16.461
4.197,2.43,30.68,30.68,58.416,603687.938,1920.874,90.867,20.04,55.454,4.534,151.254,16.46
4.197,2.43,30.687,30.687,58.412,603687.938,1920.874,90.88,20.057,55.469,4.531,151.301,16.459
4.197,2.43,30.694,30.694,58.408,603687.938,1920.874,90.892,20.075,55.483,4.528,151.347,16.458
4.197,2.43,30.701,30.701,58.404,603687.938,1920.874,90.904,20.092,55.498,4.524,151.394,16.457
4.197,2.43,30.708,30.708,58.4,603687.938,1920.874,90.917,20.109,55.513,4.521,151.441,16.456
4.197,2.43,30.716,30.716,58.396,603687.938,1920.874,90.929,20.126,55.528,4.518,151.488,16.455
4.197,2.43,30.723,30.723,58.392,603687.938,1920.874,90.942,20.144,55.543,4.515,151.535,16.454
4.197,2.43,30.73,30.73,58.389,603687.938,1920.874,90.954,20.161,55.558,4.511,151.582,16.452
4.197,2.43,30.737,30.737,58.385,603687.938,1920.874,90.967,20.178,55.572,4.508,151.629,16.451
4.197,2.43,30.744,30.744,58.381,603687.938,1920.874,90.979,20.195,55.587,4.505,151.676,16.45
4.197,2.43,30.751,30.751,58.377,603687.938,1920.874,90.992,20.212,55.602,4.502,151.722,16.449
4.197,2.43,30.759,30.759,58.373,603687.938,1920.874,91.004,20.23,55.617,4.499,151.769,16.448
4.197,2.43,30.766,30.766,58.369,603687.938,1920.874,91.017,20.247,55.632,4.495,151.816,16.447
4.197,2.43,30.773,30.773,58.365,603687.938,1920.874,91.029,20.264,55.647,4.492,151.863,16.446
4.197,2.43,30.78,30.78,58.361,603687.938,1920.874,91.042,20.281,55.661,4.489,151.91,16.445
4.197,2.43,30.787,30.787,58.357,603687.938,1920.874,91.054,20.298,55.676,4.486,151.957,16.444
4.197,2.43,30.794,30.794,58.353,603687.938,1920.874,91.067,20.316,55.691,4.483,152.004,16.443
4.197,2.43,30.802,30.802,58.349,603687.938,1920.874,91.079,20.333,55.706,4.479,152.05,16.441
4.197,2.43,30.809,30.809,58.346,603687.938,1920.874,91.092,20.35,55.721,4.476,152.097,16.44
4.197,2.43,30.816,30.816,58.342,603687.938,1920.874,91.104,20.367,55.736,4.473,152.144,16.439
4.197,2.43,30.823,30.823,58.338,603687.938,1920.874,91.116,20.384,55.75,4.47,152.191,16.438
4.197,2.43,30.83,30.83,58.334,603687.938,1920.874,91.129,20.402,55.765,4.467,152.238,16.437
4.197,2.43,30.837,30.837,58.33,603687.938,1920.874,91.141,20.419,55.78,4.464,152.285,16.436
4.197,2.43,30.845,30.845,58.326,603687.938,1920.874,91.154,20.436,55.795,4.46,152.332,16.435
4.197,2.43,30.852,30.852,58.322,603687.938,1920.874,91.166,20.453,55.81,4.457,152.378,16.434
4.197,2.43,30.859,30.859,58.318,603687.938,1920.874,91.179,20.47,55.825,4.454,152.425,16.433
4.197,2.43,30.866,30.866,58.314,603687.938,1920.874,91.191,20.488,55.839,4.451,152.472,16.432
4.197,2.43,30.873,30.873,58.31,603687.938,1920.874,91.204,20.505,55.854,4.448,152.519,16.43
4.197,2.43,30.88,30.88,58.307,603687.938,1920.874,91.216,20.522,55.869,4.445,152.566,16.429
4.197,2.43,30.887,30.887,58.303,603687.938,1920.874,91.229,20.539,55.884,4.442,152.613,16.428
4.197,2.43,30.895,30.895,58.299,603687.938,1920.874,91.241,20.556,55.899,4.439,152.66,16.427
4.197,2.43,30.902,30.902,58.295,603687.938,1920.874,91.254,20.574,55.914,4.435,152.706,16.426
4.197,2.43,30.909,30.909,58.291,603687.938,1920.874,91.266,20.591,55.928,4.432,152.753,16.425
4.197,2.43,30.916,30.916,58.287,603687.938,1920.874,91.279,20.608,55.943,4.429,152.8,16.424
4.197,2.43,30.923,30.923,58.283,603687.938,1920.874,91.291,20.625,55.958,4.426,152.847,16.423
4.197,2.43,30.93,30.93,58.279,603687.938,1920.874,91.304,20.642,55.973,4.423,152.894,16.422
4.197,2.43,30.938,30.938,58.275,603687.938,1920.874,91.316,20.66,55.988,4.42,152.941,16.421
4.197,2.43,30.945,30.945,58.272,603687.938,1920.874,91.329,20.677,56.003,4.417,152.987,16.419
4.197,2.43,30.952,30.952,58.268,603687.938,1920.874,91.341,20.694,56.017,4.414,153.034,16.418
4.197,2.43,30.959,30.959,58.264,603687.938,1920.874,91.353,20.711,56.032,4.411,153.081,16.417
4.197,2.43,30.966,30.966,58.26,603687.938,1920.874,91.366,20.728,56.047,4.408,153.128,16.416
4.197,2.43,30.973,30.973,58.256,603687.938,1920.874,91.378,20.746,56.062,4.405,153.175,16.415
4.197,2.43,30.981,30.981,58.252,603687.938,1920.874,91.391,20.763,56.077,4.402,153.222,16.414
4.197,2.43,30.988,30.988,58.248,603687.938,1920.874,91.403,20.78,56.092,4.399,153.269,16.413
4.197,2.43,30.995,30.995,58.244,603687.938,1920.874,91.416,20.797,56.106,4.396,153.315,16.412
4.197,2.43,31.002,31.002,58.241,603687.938,1920.874,91.428,20.814,56.121,4.393,153.362,16.411
4.197,2.43,31.009,31.009,58.237,603687.938,1920.874,91.441,20.831,56.136,4.39,153.409,16.41
4.197,2.43,31.016,31.016,58.233,603687.938,1920.874,91.453,20.849,56.151,4.387,153.456,16.409
4.197,2.43,31.024,31.024,58.229,603687.938,1920.874,91.466,20.866,56.166,4.384,153.503,16.407
4.197,2.43,31.031,31.031,58.225,603687.938,1920.874,91.478,20.883,56.181,4.381,153.55,16.406
4.197,2.43,31.038,31.038,58.221,603687.938,1920.874,91.491,20.9,56.195,4.378,153.596,16.405
4.197,2.43,31.045,31.045,58.217,603687.938,1920.874,91.503,20.917,56.21,4.375,153.643,16.404
4.197,2.43,31.052,31.052,58.213,603687.938,1920.874,91.516,20.935,56.225,4.372,153.69,16.403
4.197,2.43,31.059,31.059,58.21,603687.938,1920.874,91.528,20.952,56.24,4.369,153.737,16.402
4.197,2.43,31.067,31.067,58.206,603687.938,1920.874,91.541,20.969,56.255,4.366,153.784,16.401
4.197,2.43,31.074,31.074,58.202,603687.938,1920.874,91.553,20.986,56.27,4.363,153.831,16.4
4.197,2.43,31.081,31.081,58.198,603687.938,1920.874,91.566,21.003,56.284,4.36,153.877,16.399
4.197,2.43,31.088,31.088,58.194,603687.938,1920.874,91.578,21.02,56.299,4.357,153.924,16.398
4.197,2.43,31.095,31.095,58.19,603687.938,1920.874,91.591,21.038,56.314,4.354,153.971,16.397
4.197,2.43,31.102,31.102,58.186,603687.938,1920.874,91.603,21.055,56.329,4.351,154.018,16.395
4.197,2.43,31.109,31.109,58.182,603687.938,1920.874,91.616,21.072,56.344,4.348,154.065,16.394
4.197,2.43,31.117,31.117,58.179,603687.938,1920.874,91.628,21.089,56.359,4.345,154.112,16.393
4.197,2.43,31.124,31.124,58.175,603687.938,1920.874,91.641,21.106,56.373,4.342,154.158,16.392
4.197,2.43,31.131,31.131,58.171,603687.938,1920.874,91.653,21.123,56.388,4.339,154.205,16.391
4.197,2.43,31.138,31.138,58.167,603687.938,1920.874,91.666,21.141,56.403,4.336,154.252,16.39
4.197,2.43,31.145,31.145,58.163,603687.938,1920.874,91.678,21.158,56.418,4.333,154.299,16.389
4.197,2.43,31.152,31.152,58.159,603687.938,1920.874,91.69,21.175,56.433,4.33,154.346,16.388
4.197,2.43,31.16,31.16,58.155,603687.938,1920.874,91.703,21.192,56.448,4.327,154.393,16.387
4.197,2.43,31.167,31.167,58.151,603687.938,1920.874,91.715,21.209,56.462,4.324,154.439,16.386
4.197,2.43,31.174,31.174,58.148,603687.938,1920.874,91.728,21.227,56.477,4.321,154.486,16.385
4.197,2.43,31.181,31.181,58.144,603687.938,1920.874,91.74,21.244,56.492,4.318,154.533,16.383
4.197,2.43,31.188,31.188,58.14,603687.938,1920.874,91.753,21.261,56.507,4.316,154.58,16.382
4.197,2.43,31.195,31.195,58.136,603687.938,1920.874,91.765,21.278,56.522,4.313,154.627,16.381
4.197,2.43,31.203,31.203,58.132,603687.938,1920.874,91.778,21.295,56.537,4.31,154.674,16.38
4.197,2.43,31.21,31.21,58.128,603687.938,1920.874,91.79,21.312,56.551,4.307,154.72,16.379
4.197,2.43,31.217,31.217,58.124,603687.938,1920.874,91.803,21.33,56.566,4.304,154.767,16.378
4.197,2.43,31.224,31.224,58.121,603687.938,1920.874,91.815,21.347,56.581,4.301,154.814,16.377
4.197,2.43,31.231,31.231,58.117,603687.938,1920.874,91.828,21.364,56.596,4.298,154.861,16.376
4.197,2.43,31.238,31.238,58.113,603687.938,1920.874,91.84,21.381,56.611,4.295,154.908,16.375
4.197,2.43,31.245,31.245,58.109,603687.938,1920.874,91.853,21.398,56.625,4.293,154.954,16.374
4.197,2.43,31.253,31.253,58.105,603687.938,1920.874,91.865,21.415,56.64,4.29,155.001,16.373
4.197,2.43,31.26,31.26,58.101,603687.938,1920.874,91.878,21.433,56.655,4.287,155.048,16.371
4.197,2.43,31.267,31.267,58.097,603687.938,1920.874,91.89,21.45,56.67,4.284,155.095,16.37
4.197,2.43,31.274,31.274,58.094,603687.938,1920.874,91.903,21.467,56.685,4.281,155.142,16.369
4.197,2.43,31.281,31.281,58.09,603687.938,1920.874,91.915,21.484,56.7,4.278,155.189,16.368
4.197,2.43,31.288,31.288,58.086,603687.938,1920.874,91.928,21.501,56.714,4.275,155.235,16.367
4.197,2.43,31.296,31.296,58.082,603687.938,1920.874,91.94,21.518,56.729,4.273,155.282,16.366
4.197,2.43,31.303,31.303,58.078,603687.938,1920.874,91.953,21.536,56.744,4.27,155.329,16.365
4.197,2.43,31.31,31.31,58.074,603687.938,1920.874,91.965,21.553,56.759,4.267,155.376,16.364
4.197,2.43,31.317,31.317,58.07,603687.938,1920.874,91.978,21.57,56.774,4.264,155.423,16.363
4.197,2.43,31.324,31.324,58.066,603687.938,1920.874,91.99,21.587,56.789,4.261,155.469,16.362
4.197,2.43,31.331,31.331,58.063,603687.938,1920.874,92.003,21.604,56.803,4.259,155.516,16.361
4.197,2.43,31.338,31.338,58.059,603687.938,1920.874,92.015,21.621,56.818,4.256,155.563,16.359
4.197,2.43,31.346,31.346,58.055,603687.938,1920.874,92.028,21.638,56.833,4.253,155.61,16.358
4.197,2.43,31.353,31.353,58.051,603687.938,1920.874,92.04,21.656,56.848,4.25,155.657,16.357
4.197,2.43,31.36,31.36,58.047,603687.938,1920.874,92.052,21.673,56.863,4.247,155.703,16.356
4.197,2.43,31.367,31.367,58.043,603687.938,1920.874,92.065,21.69,56.877,4.245,155.75,16.355
4.197,2.43,31.374,31.374,58.039,603687.938,1920.874,92.077,21.707,56.892,4.242,155.797,16.354
4.197,2.43,31.381,31.381,58.036,603687.938,1920.874,92.09,21.724,56.907,4.239,155.844,16.353
4.197,2.43,31.389,31.389,58.032,603687.938,1920.874,92.102,21.741,56.922,4.236,155.891,16.352
4.197,2.43,31.396,31.396,58.028,603687.938,1920.874,92.115,21.759,56.937,4.233,155.937,16.351
4.197,2.43,31.403,31.403,58.024,603687.938,1920.874,92.127,21.776,56.952,4.231,155.984,16.35
4.197,2.43,31.41,31.41,58.02,603687.938,1920.874,92.14,21.793,56.966,4.228,156.031,16.349
4.197,2.43,31.417,31.417,58.016,603687.938,1920.874,92.152,21.81,56.981,4.225,156.078,16.348
4.197,2.43,31.424,31.424,58.012,603687.938,1920.874,92.165,21.827,56.996,4.222,156.125,16.346
4.197,2.43,31.431,31.431,58.009,603687.938,1920.874,92.177,21.844,57.011,4.22,156.171,16.345
4.197,2.43,31.439,31.439,58.005,603687.938,1920.874,92.19,21.862,57.026,4.217,156.218,16.344
4.197,2.43,31.446,31.446,58.001,603687.938,1920.874,92.202,21.879,57.04,4.214,156.265,16.343
4.197,2.43,31.453,31.453,57.997,603687.938,1920.874,92.215,21.896,57.055,4.212,156.312,16.342
4.197,2.43,31.46,31.46,57.993,603687.938,1920.874,92.227,21.913,57.07,4.209,156.359,16.341
4.197,2.43,31.467,31.467,57.989,603687.938,1920.874,92.24,21.93,57.085,4.206,156.405,16.34
4.197,2.43,31.474,31.474,57.985,603687.938,1920.874,92.252,21.947,57.1,4.203,156.452,16.339
4.197,2.43,31.482,31.482,57.982,603687.938,1920.874,92.265,21.964,57.115,4.201,156.499,16.338
4.197,2.43,31.489,31.489,57.978,603687.938,1920.874,92.277,21.982,57.129,4.198,156.546,16.337
4.197,2.43,31.496,31.496,57.974,603687.938,1920.874,92.29,21.999,57.144,4.195,156.593,16.336
4.197,2.43,31.503,31.503,57.97,603687.938,1920.874,92.302,22.016,57.159,4.193,156.639,16.334
4.197,2.43,31.51,31.51,57.966,603687.938,1920.874,92.314,22.033,57.174,4.19,156.686,16.333
4.197,2.43,31.517,31.517,57.962,603687.938,1920.874,92.327,22.05,57.189,4.187,156.733,16.332
4.197,2.43,31.524,31.524,57.958,603687.938,1920.874,92.339,22.067,57.203,4.184,156.78,16.331
4.197,2.43,31.532,31.532,57.955,603687.938,1920.874,92.352,22.085,57.218,4.182,156.826,16.33
4.197,2.43,31.539,31.539,57.951,603687.938,1920.874,92.364,22.102,57.233,4.179,156.873,16.329
4.197,2.43,31.546,31.546,57.947,603687.938,1920.874,92.377,22.119,57.248,4.176,156.92,16.328
4.197,2.43,31.553,31.553,57.943,603687.938,1920.874,92.389,22.136,57.263,4.174,156.967,16.327
4.197,2.43,31.56,31.56,57.939,603687.938,1920.874,92.402,22.153,57.277,4.171,157.014,16.326
4.197,2.43,31.567,31.567,57.935,603687.938,1920.874,92.414,22.17,57.292,4.168,157.06,16.325
4.197,2.43,31.574,31.574,57.931,603687.938,1920.874,92.427,22.188,57.307,4.166,157.107,16.324
4.197,2.43,31.582,31.582,57.927,603687.938,1920.874,92.439,22.205,57.322,4.163,157.154,16.322
4.197,2.43,31.589,31.589,57.924,603687.938,1920.874,92.452,22.222,57.337,4.16,157.201,16.321
4.197,2.43,31.596,31.596,57.92,603687.938,1920.874,92.464,22.239,57.352,4.158,157.247,16.32
4.197,2.43,31.603,31.603,57.916,603687.938,1920.874,92.477,22.256,57.366,4.155,157.294,16.319
4.197,2.43,31.61,31.61,57.912,603687.938,1920.874,92.489,22.273,57.381,4.152,157.341,16.318
4.197,2.43,31.617,31.617,57.908,603687.938,1920.874,92.501,22.29,57.396,4.15,157.388,16.317
4.197,2.43,31.625,31.625,57.904,603687.938,1920.874,92.514,22.308,57.411,4.147,157.435,16.316
4.197,2.43,31.632,31.632,57.9,603687.938,1920.874,92.526,22.325,57.426,4.145,157.481,16.315
4.197,2.43,31.639,31.639,57.896,603687.938,1920.874,92.539,22.342,57.44,4.142,157.528,16.314
4.197,2.43,31.646,31.646,57.893,603687.938,1920.874,92.551,22.359,57.455,4.139,157.575,16.313
4.197,2.43,31.653,31.653,57.889,603687.938,1920.874,92.564,22.376,57.47,4.137,157.622,16.312
4.197,2.43,31.66,31.66,57.885,603687.938,1920.874,92.576,22.393,57.485,4.134,157.668,16.31
4.197,2.43,31.667,31.667,57.881,603687.938,1920.874,92.589,22.411,57.5,4.131,157.715,16.309
4.197,2.43,31.675,31.675,57.877,603687.938,1920.874,92.601,22.428,57.514,4.129,157.762,16.308
4.197,2.43,31.682,31.682,57.873,603687.938,1920.874,92.614,22.445,57.529,4.126,157.809,16.307
4.197,2.43,31.689,31.689,57.869,603687.938,1920.874,92.626,22.462,57.544,4.124,157.855,16.306
4.197,2.43,31.696,31.696,57.866,603687.938,1920.874,92.639,22.479,57.559,4.121,157.902,16.305
4.197,2.43,31.703,31.703,57.862,603687.938,1920.874,92.651,22.496,57.574,4.119,157.949,16.304
4.197,2.43,31.71,31.71,57.858,603687.938,1920.874,92.663,22.513,57.588,4.116,157.996,16.303
4.197,2.43,31.717,31.717,57.854,603687.938,1920.874,92.676,22.531,57.603,4.113,158.042,16.302
4.197,2.43,31.725,31.725,57.85,603687.938,1920.874,92.688,22.548,57.618,4.111,158.089,16.301
4.197,2.43,31.732,31.732,57.846,603687.938,1920.874,92.701,22.565,57.633,4.108,158.136,16.3
4.197,2.43,31.739,31.739,57.842,603687.938,1920.874,92.713,22.582,57.648,4.106,158.183,16.298
4.197,2.43,31.746,31.746,57.838,603687.938,1920.874,92.726,22.599,57.662,4.103,158.229,16.297
4.197,2.43,31.753,31.753,57.835,603687.938,1920.874,92.738,22.616,57.677,4.1,158.276,16.296
4.197,2.43,31.76,31.76,57.831,603687.938,1920.874,92.751,22.634,57.692,4.098,158.323,16.295
4.197,2.43,31.767,31.767,57.827,603687.938,1920.874,92.763,22.651,57.707,4.095,158.37,16.294
4.197,2.43,31.775,31.775,57.823,603687.938,1920.874,92.776,22.668,57.722,4.093,158.416,16.293
4.197,2.43,31.782,31.782,57.819,603687.938,1920.874,92.788,22.685,57.736,4.09,158.463,16.292
4.197,2.43,31.789,31.789,57.815,603687.938,1920.874,92.8,22.702,57.751,4.088,158.51,16.291
4.197,2.43,31.796,31.796,57.811,603687.938,1920.874,92.813,22.719,57.766,4.085,158.557,16.29
4.197,2.43,31.803,31.803,57.807,603687.938,1920.874,92.825,22.736,57.781,4.083,158.603,16.289
4.197,2.43,31.81,31.81,57.803,603687.938,1920.874,92.838,22.754,57.796,4.08,158.65,16.288
4.197,2.43,31.817,31.817,57.8,603687.938,1920.874,92.85,22.771,57.81,4.078,158.697,16.286
4.197,2.43,31.825,31.825,57.796,603687.938,1920.874,92.863,22.788,57.825,4.075,158.744,16.285
4.197,2.43,31.832,31.832,57.792,603687.938,1920.874,92.875,22.805,57.84,4.073,158.79,16.284
4.197,2.43,31.839,31.839,57.788,603687.938,1920.874,92.888,22.822,57.855,4.07,158.837,16.283
4.197,2.43,31.846,31.846,57.784,603687.938,1920.874,92.9,22.839,57.87,4.068,158.884,16.282
4.197,2.43,31.853,31.853,57.78,603687.938,1920.874,92.912,22.857,57.884,4.065,158.931,16.281
4.197,2.43,31.86,31.86,57.776,603687.938,1920.874,92.925,22.874,57.899,4.063,158.977,16.28
4.197,2.43,31.867,31.867,57.772,603687.938,1920.874,92.937,22.891,57.914,4.06,159.024,16.279
4.197,2.43,31.875,31.875,57.768,603687.938,1920.874,92.95,22.908,57.929,4.058,159.071,16.278
4.197,2.43,31.882,31.882,57.765,603687.938,1920.874,92.962,22.925,57.944,4.055,159.117,16.277
4.197,2.43,31.889,31.889,57.761,603687.938,1920.874,92.975,22.942,57.958,4.053,159.164,16.275
4.197,2.43,31.896,31.896,57.757,603687.938,1920.874,92.987,22.959,57.973,4.05,159.211,16.274
4.197,2.43,31.903,31.903,57.753,603687.938,1920.874,92.999,22.977,57.988,4.048,159.258,16.273
4.197,2.43,31.91,31.91,57.749,603687.938,1920.874,93.012,22.994,58.003,4.045,159.304,16.272
4.197,2.43,31.917,31.917,57.745,603687.938,1920.874,93.024,23.011,58.018,4.043,159.351,16.271
4.197,2.43,31.925,31.925,57.741,603687.938,1920.874,93.037,23.028,58.032,4.04,159.398,16.27
4.197,2.43,31.932,31.932,57.737,603687.938,1920.874,93.049,23.045,58.047,4.038,159.444,16.269
4.197,2.43,31.939,31.939,57.733,603687.938,1920.874,93.062,23.062,58.062,4.035,159.491,16.268
4.197,2.43,31.946,31.946,57.729,603687.938,1920.874,93.074,23.08,58.077,4.033,159.538,16.267
4.197,2.43,31.953,31.953,57.726,603687.938,1920.874,93.086,23.097,58.092,4.03,159.585,16.266
4.197,2.43,31.96,31.96,57.722,603687.938,1920.874,93.099,23.114,58.106,4.028,159.631,16.264
4.197,2.43,31.967,31.967,57.718,603687.938,1920.874,93.111,23.131,58.121,4.025,159.678,16.263
4.197,2.43,31.975,31.975,57.714,603687.938,1920.874,93.124,23.148,58.136,4.023,159.725,16.262
4.197,2.43,31.982,31.982,57.71,603687.938,1920.874,93.136,23.165,58.151,4.02,159.771,16.261
4.197,2.43,31.989,31.989,57.706,603687.938,1920.874,93.149,23.183,58.166,4.018,159.818,16.26
4.197,2.43,31.996,31.996,57.702,603687.938,1920.874,93.161,23.2,58.18,4.016,159.865,16.259
4.197,2.43,32.003,32.003,57.698,603687.938,1920.874,93.173,23.217,58.195,4.013,159.912,16.258
4.197,2.43,32.01,32.01,57.694,603687.938,1920.874,93.186,23.234,58.21,4.011,159.958,16.257
4.197,2.43,32.017,32.017,57.69,603687.938,1920.874,93.198,23.251,58.225,4.008,160.005,16.256
4.197,2.43,32.025,32.025,57.686,603687.938,1920.874,93.211,23.268,58.24,4.006,160.052,16.255
4.197,2.43,32.032,32.032,57.683,603687.938,1920.874,93.223,23.286,58.254,4.003,160.098,16.253
4.197,2.43,32.039,32.039,57.679,603687.938,1920.874,93.235,23.303,58.269,4.001,160.145,16.252
4.197,2.43,32.046,32.046,57.675,603687.938,1920.874,93.248,23.32,58.284,3.999,160.192,16.251
4.197,2.43,32.053,32.053,57.671,603687.938,1920.874,93.26,23.337,58.299,3.996,160.239,16.25
4.197,2.43,32.06,32.06,57.667,603687.938,1920.874,93.273,23.354,58.313,3.994,160.285,16.249
4.197,2.43,32.067,32.067,57.663,603687.938,1920.874,93.285,23.371,58.328,3.991,160.332,16.248
4.197,2.43,32.075,32.075,57.659,603687.938,1920.874,93.298,23.388,58.343,3.989,160.379,16.247
4.197,2.43,32.082,32.082,57.655,603687.938,1920.874,93.31,23.406,58.358,3.987,160.425,16.246
4.197,2.43,32.089,32.089,57.651,603687.938,1920.874,93.322,23.423,58.373,3.984,160.472,16.245
4.197,2.43,32.096,32.096,57.647,603687.938,1920.874,93.335,23.44,58.387,3.982,160.519,16.244
4.197,2.43,32.103,32.103,57.643,603687.938,1920.874,93.347,23.457,58.402,3.979,160.565,16.242
4.197,2.43,32.11,32.11,57.639,603687.938,1920.874,93.36,23.474,58.417,3.977,160.612,16.241
4.197,2.43,32.117,32.117,57.635,603687.938,1920.874,93.372,23.491,58.432,3.975,160.659,16.24
4.197,2.43,32.124,32.124,57.632,603687.938,1920.874,93.384,23.509,58.446,3.972,160.705,16.239
4.197,2.43,32.132,32.132,57.628,603687.938,1920.874,93.397,23.526,58.461,3.97,160.752,16.238
4.197,2.43,32.139,32.139,57.624,603687.938,1920.874,93.409,23.543,58.476,3.968,160.799,16.237
4.197,2.43,32.146,32.146,57.62,603687.938,1920.874,93.422,23.56,58.491,3.965,160.845,16.236
4.197,2.43,32.153,32.153,57.616,603687.938,1920.874,93.434,23.577,58.506,3.963,160.892,16.235
4.197,2.43,32.16,32.16,57.612,603687.938,1920.874,93.446,23.594,58.52,3.961,160.939,16.234
4.197,2.43,32.167,32.167,57.608,603687.938,1920.874,93.459,23.612,58.535,3.958,160.985,16.232
4.197,2.43,32.174,32.174,57.604,603687.938,1920.874,93.471,23.629,58.55,3.956,161.032,16.231
4.197,2.43,32.182,32.182,57.6,603687.938,1920.874,93.483,23.646,58.565,3.953,161.079,16.23
4.197,2.43,32.189,32.189,57.596,603687.938,1920.874,93.496,23.663,58.579,3.951,161.125,16.229
4.197,2.43,32.196,32.196,57.592,603687.938,1920.874,93.508,23.68,58.594,3.949,161.172,16.228
4.197,2.43,32.203,32.203,57.588,603687.938,1920.874,93.521,23.697,58.609,3.946,161.219,16.227
4.197,2.43,32.21,32.21,57.584,603687.938,1920.874,93.533,23.715,58.624,3.944,161.265,16.226
4.197,2.43,32.217,32.217,57.58,603687.938,1920.874,93.545,23.732,58.639,3.942,161.312,16.225
4.197,2.43,32.224,32.224,57.576,603687.938,1920.874,93.558,23.749,58.653,3.939,161.359,16.224
4.197,2.43,32.231,32.231,57.572,603687.938,1920.874,93.57,23.766,58.668,3.937,161.405,16.222
4.197,2.43,32.239,32.239,57.568,603687.938,1920.874,93.583,23.783,58.683,3.935,161.452,16.221
4.197,2.43,32.246,32.246,57.564,603687.938,1920.874,93.595,23.801,58.698,3.932,161.499,16.22
4.197,2.43,32.253,32.253,57.56,603687.938,1920.874,93.607,23.818,58.712,3.93,161.545,16.219
4.197,2.43,32.26,32.26,57.557,603687.938,1920.874,93.62,23.835,58.727,3.928,161.592,16.218
4.197,2.43,32.267,32.267,57.553,603687.938,1920.874,93.632,23.852,58.742,3.926,161.639,16.217
4.197,2.43,32.274,32.274,57.549,603687.938,1920.874,93.644,23.869,58.757,3.923,161.685,16.216
4.197,2.43,32.281,32.281,57.545,603687.938,1920.874,93.657,23.886,58.772,3.921,161.732,16.215
4.197,2.43,32.289,32.289,57.541,603687.938,1920.874,93.669,23.904,58.786,3.919,161.779,16.214
4.197,2.43,32.296,32.296,57.537,603687.938,1920.874,93.681,23.921,58.801,3.916,161.825,16.212
4.197,2.43,32.303,32.303,57.533,603687.938,1920.874,93.694,23.938,58.816,3.914,161.872,16.211
4.197,2.43,32.31,32.31,57.529,603687.938,1920.874,93.706,23.955,58.831,3.912,161.919,16.21
4.197,2.43,32.317,32.317,57.525,603687.938,1920.874,93.719,23.972,58.845,3.909,161.965,16.209
4.197,2.43,32.324,32.324,57.521,603687.938,1920.874,93.731,23.989,58.86,3.907,162.012,16.208
4.197,2.43,32.331,32.331,57.517,603687.938,1920.874,93.743,24.007,58.875,3.905,162.058,16.207
4.197,2.43,32.338,32.338,57.513,603687.938,1920.874,93.756,24.024,58.89,3.903,162.105,16.206
4.197,2.43,32.346,32.346,57.509,603687.938,1920.874,93.768,24.041,58.904,3.9,162.152,16.205
4.197,2.43,32.353,32.353,57.505,603687.938,1920.874,93.78,24.058,58.919,3.898,162.198,16.203
4.197,2.43,32.36,32.36,57.501,603687.938,1920.874,93.793,24.075,58.934,3.896,162.245,16.202
4.197,2.43,32.367,32.367,57.497,603687.938,1920.874,93.805,24.092,58.949,3.894,162.292,16.201
4.197,2.43,32.374,32.374,57.493,603687.938,1920.874,93.817,24.11,58.964,3.891,162.338,16.2
4.197,2.43,32.381,32.381,57.489,603687.938,1920.874,93.83,24.127,58.978,3.889,162.385,16.199
4.197,2.43,32.388,32.388,57.485,603687.938,1920.874,93.842,24.144,58.993,3.887,162.432,16.198
4.197,2.43,32.395,32.395,57.481,603687.938,1920.874,93.854,24.161,59.008,3.885,162.478,16.197
4.197,2.43,32.403,32.403,57.477,603687.938,1920.874,93.867,24.178,59.023,3.882,162.525,16.196
4.197,2.43,32.41,32.41,57.473,603687.938,1920.874,93.879,24.196,59.037,3.88,162.571,16.194
4.197,2.43,32.417,32.417,57.469,603687.938,1920.874,93.891,24.213,59.052,3.878,162.618,16.193
4.197,2.43,32.424,32.424,57.465,603687.938,1920.874,93.904,24.23,59.067,3.876,162.665,16.192
4.197,2.43,32.431,32.431,57.461,603687.938,1920.874,93.916,24.247,59.082,3.873,162.711,16.191
4.197,2.43,32.438,32.438,57.457,603687.938,1920.874,93.928,24.264,59.096,3.871,162.758,16.19
4.197,2.43,32.445,32.445,57.453,603687.938,1920.874,93.941,24.282,59.111,3.869,162.804,16.189
4.197,2.43,32.452,32.452,57.449,603687.938,1920.874,93.953,24.299,59.126,3.867,162.851,16.188
4.197,2.43,32.46,32.46,57.445,603687.938,1920.874,93.965,24.316,59.141,3.864,162.898,16.187
4.197,2.43,32.467,32.467,57.441,603687.938,1920.874,93.978,24.333,59.155,3.862,162.944,16.185
4.197,2.43,32.474,32.474,57.437,603687.938,1920.874,93.99,24.35,59.17,3.86,162.991,16.184
4.197,2.43,32.481,32.481,57.433,603687.938,1920.874,94.002,24.367,59.185,3.858,163.037,16.183
4.197,2.43,32.488,32.488,57.429,603687.938,1920.874,94.015,24.385,59.2,3.855,163.084,16.182
4.197,2.43,32.495,32.495,57.425,603687.938,1920.874,94.027,24.402,59.214,3.853,163.131,16.181
4.197,2.43,32.502,32.502,57.421,603687.938,1920.874,94.039,24.419,59.229,3.851,163.177,16.18
4.197,2.43,32.509,32.509,57.417,603687.938,1920.874,94.052,24.436,59.244,3.849,163.224,16.179
4.197,2.43,32.517,32.517,57.413,603687.938,1920.874,94.064,24.453,59.259,3.847,163.27,16.177
4.197,2.43,32.524,32.524,57.409,603687.938,1920.874,94.076,24.471,59.273,3.844,163.317,16.176
4.197,2.43,32.531,32.531,57.405,603687.938,1920.874,94.089,24.488,59.288,3.842,163.364,16.175
4.197,2.43,32.538,32.538,57.401,603687.938,1920.874,94.101,24.505,59.303,3.84,163.41,16.174
4.197,2.43,32.545,32.545,57.397,603687.938,1920.874,94.113,24.522,59.318,3.838,163.457,16.173
4.197,2.43,32.552,32.552,57.393,603687.938,1920.874,94.126,24.539,59.332,3.836,163.503,16.172
4.197,2.43,32.559,32.559,57.389,603687.938,1920.874,94.138,24.557,59.347,3.834,163.55,16.171
4.197,2.43,32.566,32.566,57.385,603687.938,1920.874,94.15,24.574,59.362,3.831,163.597,16.17
4.197,2.43,32.574,32.574,57.381,603687.938,1920.874,94.162,24.591,59.377,3.829,163.643,16.168
4.197,2.43,32.581,32.581,57.377,603687.938,1920.874,94.175,24.608,59.391,3.827,163.69,16.167
4.197,2.43,32.588,32.588,57.372,603687.938,1920.874,94.187,24.625,59.406,3.825,163.736,16.166
4.197,2.43,32.595,32.595,57.368,603687.938,1920.874,94.199,24.643,59.421,3.823,163.783,16.165
4.197,2.43,32.602,32.602,57.364,603687.938,1920.874,94.212,24.66,59.436,3.82,163.829,16.164
4.197,2.43,32.609,32.609,57.36,603687.938,1920.874,94.224,24.677,59.45,3.818,163.876,16.163
4.197,2.43,32.616,32.616,57.356,603687.938,1920.874,94.236,24.694,59.465,3.816,163.923,16.162
4.197,2.43,32.623,32.623,57.352,603687.938,1920.874,94.248,24.711,59.48,3.814,163.969,16.16
4.197,2.43,32.63,32.63,57.348,603687.938,1920.874,94.261,24.729,59.495,3.812,164.016,16.159
4.197,2.43,32.638,32.638,57.344,603687.938,1920.874,94.273,24.746,59.509,3.81,164.062,16.158
4.197,2.43,32.645,32.645,57.34,603687.938,1920.874,94.285,24.763,59.524,3.808,164.109,16.157
4.197,2.43,32.652,32.652,57.336,603687.938,1920.874,94.298,24.78,59.539,3.805,164.155,16.156
4.197,2.43,32.659,32.659,57.332,603687.938,1920.874,94.31,24.797,59.554,3.803,164.202,16.155
4.197,2.43,32.666,32.666,57.328,603687.938,1920.874,94.322,24.815,59.568,3.801,164.248,16.154
4.197,2.43,32.673,32.673,57.324,603687.938,1920.874,94.334,24.832,59.583,3.799,164.295,16.152
4.197,2.43,32.68,32.68,57.32,603687.938,1920.874,94.347,24.849,59.598,3.797,164.342,16.151
4.197,2.43,32.687,32.687,57.316,603687.938,1920.874,94.359,24.866,59.613,3.795,164.388,16.15
4.197,2.43,32.695,32.695,57.312,603687.938,1920.874,94.371,24.883,59.627,3.793,164.435,16.149
4.197,2.43,32.702,32.702,57.307,603687.938,1920.874,94.383,24.901,59.642,3.79,164.481,16.148
4.197,2.43,32.709,32.709,57.303,603687.938,1920.874,94.396,24.918,59.657,3.788,164.528,16.147
4.197,2.43,32.716,32.716,57.299,603687.938,1920.874,94.408,24.935,59.672,3.786,164.574,16.145
4.197,2.43,32.723,32.723,57.295,603687.938,1920.874,94.42,24.952,59.686,3.784,164.621,16.144
4.197,2.43,32.73,32.73,57.291,603687.938,1920.874,94.432,24.969,59.701,3.782,164.667,16.143
4.197,2.43,32.737,32.737,57.287,603687.938,1920.874,94.445,24.987,59.716,3.78,164.714,16.142
4.197,2.43,32.744,32.744,57.283,603687.938,1920.874,94.457,25.004,59.73,3.778,164.76,16.141
4.197,2.43,32.751,32.751,57.279,603687.938,1920.874,94.469,25.021,59.745,3.776,164.807,16.14
4.197,2.43,32.759,32.759,57.275,603687.938,1920.874,94.482,25.038,59.76,3.773,164.853,16.139
4.197,2.43,32.766,32.766,57.271,603687.938,1920.874,94.494,25.056,59.775,3.771,164.9,16.137
4.197,2.43,32.773,32.773,57.267,603687.938,1920.874,94.506,25.073,59.789,3.769,164.946,16.136
4.197,2.43,32.78,32.78,57.262,603687.938,1920.874,94.518,25.09,59.804,3.767,164.993,16.135
4.197,2.43,32.787,32.787,57.258,603687.938,1920.874,94.53,25.107,59.819,3.765,165.039,16.134
4.197,2.43,32.794,32.794,57.254,603687.938,1920.874,94.543,25.124,59.834,3.763,165.086,16.133
4.197,2.43,32.801,32.801,57.25,603687.938,1920.874,94.555,25.142,59.848,3.761,165.133,16.132
4.197,2.43,32.808,32.808,57.246,603687.938,1920.874,94.567,25.159,59.863,3.759,165.179,16.13
4.197,2.43,32.815,32.815,57.242,603687.938,1920.874,94.579,25.176,59.878,3.757,165.226,16.129
4.197,2.43,32.823,32.823,57.238,603687.938,1920.874,94.592,25.193,59.892,3.755,165.272,16.128
4.197,2.43,32.83,32.83,57.234,603687.938,1920.874,94.604,25.211,59.907,3.753,165.319,16.127
4.197,2.43,32.837,32.837,57.23,603687.938,1920.874,94.616,25.228,59.922,3.75,165.365,16.126
4.197,2.43,32.844,32.844,57.225,603687.938,1920.874,94.628,25.245,59.937,3.748,165.412,16.125
4.197,2.43,32.851,32.851,57.221,603687.938,1920.874,94.641,25.262,59.951,3.746,165.458,16.124
4.197,2.43,32.858,32.858,57.217,603687.938,1920.874,94.653,25.279,59.966,3.744,165.505,16.122
4.197,2.43,32.865,32.865,57.213,603687.938,1920.874,94.665,25.297,59.981,3.742,165.551,16.121
4.197,2.43,32.872,32.872,57.209,603687.938,1920.874,94.677,25.314,59.996,3.74,165.598,16.12
4.197,2.43,32.879,32.879,57.205,603687.938,1920.874,94.689,25.331,60.01,3.738,165.644,16.119
4.197,2.43,32.886,32.886,57.201,603687.938,1920.874,94.702,25.348,60.025,3.736,165.691,16.118
4.197,2.43,32.894,32.894,57.196,603687.938,1920.874,94.714,25.366,60.04,3.734,165.737,16.117
4.197,2.43,32.901,32.901,57.192,603687.938,1920.874,94.726,25.383,60.054,3.732,165.783,16.115
4.197,2.43,32.908,32.908,57.188,603687.938,1920.874,94.738,25.4,60.069,3.73,165.83,16.114
4.197,2.43,32.915,32.915,57.184,603687.938,1920.874,94.75,25.417,60.084,3.728,165.876,16.113
4.197,2.43,32.922,32.922,57.18,603687.938,1920.874,94.763,25.435,60.099,3.726,165.923,16.112
4.197,2.43,32.929,32.929,57.176,603687.938,1920.874,94.775,25.452,60.113,3.724,165.969,16.111
4.197,2.43,32.936,32.936,57.172,603687.938,1920.874,94.787,25.469,60.128,3.722,166.016,16.109
4.197,2.43,32.943,32.943,57.167,603687.938,1920.874,94.799,25.486,60.143,3.72,166.062,16.108
4.197,2.43,32.95,32.95,57.163,603687.938,1920.874,94.811,25.504,60.157,3.718,166.109,16.107
4.197,2.43,32.958,32.958,57.159,603687.938,1920.874,94.824,25.521,60.172,3.716,166.155,16.106
4.197,2.43,32.965,32.965,57.155,603687.938,1920.874,94.836,25.538,60.187,3.714,166.202,16.105
4.197,2.43,32.972,32.972,57.151,603687.938,1920.874,94.848,25.555,60.202,3.711,166.248,16.104
4.197,2.43,32.979,32.979,57.147,603687.938,1920.874,94.86,25.572,60.216,3.709,166.295,16.102
4.197,2.43,32.986,32.986,57.142,603687.938,1920.874,94.872,25.59,60.231,3.707,166.341,16.101
4.197,2.43,32.993,32.993,57.138,603687.938,1920.874,94.884,25.607,60.246,3.705,166.388,16.1
4.197,2.43,33.0,33.0,57.134,603687.938,1920.874,94.897,25.624,60.26,3.703,166.434,16.099
4.197,2.43,33.007,33.007,57.13,603687.938,1920.874,94.909,25.641,60.275,3.701,166.48,16.098
4.197,2.43,33.014,33.014,57.126,603687.938,1920.874,94.921,25.659,60.29,3.699,166.527,16.097
4.197,2.43,33.021,33.021,57.121,603687.938,1920.874,94.933,25.676,60.305,3.697,166.573,16.095
4.197,2.43,33.029,33.029,57.117,603687.938,1920.874,94.945,25.693,60.319,3.695,166.62,16.094
4.197,2.43,33.036,33.036,57.113,603687.938,1920.874,94.957,25.71,60.334,3.693,166.666,16.093
4.197,2.43,33.043,33.043,57.109,603687.938,1920.874,94.97,25.728,60.349,3.691,166.713,16.092
4.197,2.43,33.05,33.05,57.105,603687.938,1920.874,94.982,25.745,60.363,3.689,166.759,16.091
4.197,2.43,33.057,33.057,57.1,603687.938,1920.874,94.994,25.762,60.378,3.687,166.806,16.089
4.197,2.43,33.064,33.064,57.096,603687.938,1920.874,95.006,25.779,60.393,3.685,166.852,16.088
4.197,2.43,33.071,33.071,57.092,603687.938,1920.874,95.018,25.797,60.407,3.683,166.898,16.087
4.197,2.43,33.078,33.078,57.088,603687.938,1920.874,95.03,25.814,60.422,3.681,166.945,16.086
4.197,2.43,33.085,33.085,57.084,603687.938,1920.874,95.043,25.831,60.437,3.679,166.991,16.085
4.197,2.43,33.092,33.092,57.079,603687.938,1920.874,95.055,25.848,60.452,3.677,167.038,16.084
4.197,2.43,33.1,33.1,57.075,603687.938,1920.874,95.067,25.866,60.466,3.675,167.084,16.082
4.197,2.43,33.107,33.107,57.071,603687.938,1920.874,95.079,25.883,60.481,3.673,167.13,16.081
4.197,2.43,33.114,33.114,57.067,603687.938,1920.874,95.091,25.9,60.496,3.671,167.177,16.08
4.197,2.43,33.121,33.121,57.062,603687.938,1920.874,95.103,25.918,60.51,3.669,167.223,16.079
4.197,2.43,33.128,33.128,57.058,603687.938,1920.874,95.115,25.935,60.525,3.667,167.27,16.078
4.197,2.43,33.135,33.135,57.054,603687.938,1920.874,95.127,25.952,60.54,3.666,167.316,16.076
4.197,2.43,33.142,33.142,57.05,603687.938,1920.874,95.14,25.969,60.554,3.664,167.363,16.075
4.197,2.43,33.149,33.149,57.045,603687.938,1920.874,95.152,25.987,60.569,3.662,167.409,16.074
4.197,2.43,33.156,33.156,57.041,603687.938,1920.874,95.164,26.004,60.584,3.66,167.455,16.073
4.197,2.43,33.163,33.163,57.037,603687.938,1920.874,95.176,26.021,60.599,3.658,167.502,16.072
4.197,2.43,33.17,33.17,57.033,603687.938,1920.874,95.188,26.038,60.613,3.656,167.548,16.07
4.197,2.43,33.178,33.178,57.028,603687.938,1920.874,95.2,26.056,60.628,3.654,167.595,16.069
4.197,2.43,33.185,33.185,57.024,603687.938,1920.874,95.212,26.073,60.643,3.652,167.641,16.068
4.197,2.43,33.192,33.192,57.02,603687.938,1920.874,95.224,26.09,60.657,3.65,167.687,16.067
4.197,2.43,33.199,33.199,57.016,603687.938,1920.874,95.236,26.107,60.672,3.648,167.734,16.066
4.197,2.43,33.206,33.206,57.011,603687.938,1920.874,95.249,26.125,60.687,3.646,167.78,16.064
4.197,2.43,33.213,33.213,57.007,603687.938,1920.874,95.261,26.142,60.701,3.644,167.826,16.063
4.197,2.43,33.22,33.22,57.003,603687.938,1920.874,95.273,26.159,60.716,3.642,167.873,16.062
4.197,2.43,33.227,33.227,56.999,603687.938,1920.874,95.285,26.177,60.731,3.64,167.919,16.061
4.197,2.43,33.234,33.234,56.994,603687.938,1920.874,95.297,26.194,60.745,3.638,167.966,16.06
4.197,2.43,33.241,33.241,56.99,603687.938,1920.874,95.309,26.211,60.76,3.636,168.012,16.058
4.197,2.43,33.248,33.248,56.986,603687.938,1920.874,95.321,26.228,60.775,3.634,168.058,16.057
4.197,2.43,33.256,33.256,56.981,603687.938,1920.874,95.333,26.246,60.789,3.632,168.105,16.056
4.197,2.43,33.263,33.263,56.977,603687.938,1920.874,95.345,26.263,60.804,3.63,168.151,16.055
4.197,2.43,33.27,33.27,56.973,603687.938,1920.874,95.357,26.28,60.819,3.628,168.197,16.054
4.197,2.43,33.277,33.277,56.969,603687.938,1920.874,95.369,26.298,60.833,3.627,168.244,16.052
4.197,2.43,33.284,33.284,56.964,603687.938,1920.874,95.381,26.315,60.848,3.625,168.29,16.051
4.197,2.43,33.291,33.291,56.96,603687.938,1920.874,95.394,26.332,60.863,3.623,168.336,16.05
4.197,2.43,33.298,33.298,56.956,603687.938,1920.874,95.406,26.349,60.877,3.621,168.383,16.049
4.197,2.43,33.305,33.305,56.951,603687.938,1920.874,95.418,26.367,60.892,3.619,168.429,16.047
4.197,2.43,33.312,33.312,56.947,603687.938,1920.874,95.43,26.384,60.907,3.617,168.475,16.046
4.197,2.43,33.319,33.319,56.943,603687.938,1920.874,95.442,26.401,60.922,3.615,168.522,16.045
4.197,2.43,33.326,33.326,56.938,603687.938,1920.874,95.454,26.419,60.936,3.613,168.568,16.044
4.197,2.43,33.333,33.333,56.934,603687.938,1920.874,95.466,26.436,60.951,3.611,168.614,16.043
4.197,2.43,33.341,33.341,56.93,603687.938,1920.874,95.478,26.453,60.966,3.609,168.661,16.041
4.197,2.43,33.348,33.348,56.925,603687.938,1920.874,95.49,26.47,60.98,3.607,168.707,16.04
4.197,2.43,33.355,33.355,56.921,603687.938,1920.874,95.502,26.488,60.995,3.606,168.753,16.039
4.197,2.43,33.362,33.362,56.917,603687.938,1920.874,95.514,26.505,61.01,3.604,168.8,16.038
4.197,2.43,33.369,33.369,56.912,603687.938,1920.874,95.526,26.522,61.024,3.602,168.846,16.036
4.197,2.43,33.376,33.376,56.908,603687.938,1920.874,95.538,26.54,61.039,3.6,168.892,16.035
4.197,2.43,33.383,33.383,56.904,603687.938,1920.874,95.55,26.557,61.054,3.598,168.939,16.034
4.197,2.43,33.39,33.39,56.899,603687.938,1920.874,95.562,26.574,61.068,3.596,168.985,16.033
4.197,2.43,33.397,33.397,56.895,603687.938,1920.874,95.574,26.592,61.083,3.594,169.031,16.032
4.197,2.43,33.404,33.404,56.891,603687.938,1920.874,95.586,26.609,61.098,3.592,169.078,16.03
4.197,2.43,33.411,33.411,56.886,603687.938,1920.874,95.598,26.626,61.112,3.59,169.124,16.029
4.197,2.43,33.418,33.418,56.882,603687.938,1920.874,95.61,26.643,61.127,3.589,169.17,16.028
4.197,2.43,33.425,33.425,56.878,603687.938,1920.874,95.622,26.661,61.141,3.587,169.217,16.027
4.197,2.43,33.433,33.433,56.873,603687.938,1920.874,95.634,26.678,61.156,3.585,169.263,16.025
4.197,2.43,33.44,33.44,56.869,603687.938,1920.874,95.646,26.695,61.171,3.583,169.309,16.024
4.197,2.43,33.447,33.447,56.864,603687.938,1920.874,95.658,26.713,61.185,3.581,169.355,16.023
4.197,2.43,33.454,33.454,56.86,603687.938,1920.874,95.67,26.73,61.2,3.579,169.402,16.022
4.197,2.43,33.461,33.461,56.856,603687.938,1920.874,95.682,26.747,61.215,3.577,169.448,16.02
4.197,2.43,33.468,33.468,56.851,603687.938,1920.874,95.694,26.765,61.229,3.575,169.494,16.019
4.197,2.43,33.475,33.475,56.847,603687.938,1920.874,95.706,26.782,61.244,3.574,169.541,16.018
4.197,2.43,33.482,33.482,56.842,603687.938,1920.874,95.718,26.799,61.259,3.572,169.587,16.017
4.197,2.43,33.489,33.489,56.838,603687.938,1920.874,95.73,26.817,61.273,3.57,169.633,16.016
4.197,2.43,33.496,33.496,56.834,603687.938,1920.874,95.742,26.834,61.288,3.568,169.679,16.014
4.197,2.43,33.503,33.503,56.829,603687.938,1920.874,95.754,26.851,61.303,3.566,169.726,16.013
4.197,2.43,33.51,33.51,56.825,603687.938,1920.874,95.766,26.869,61.317,3.564,169.772,16.012
4.197,2.43,33.517,33.517,56.82,603687.938,1920.874,95.778,26.886,61.332,3.562,169.818,16.011
4.197,2.43,33.524,33.524,56.816,603687.938,1920.874,95.79,26.903,61.347,3.561,169.864,16.009
4.197,2.43,33.532,33.532,56.812,603687.938,1920.874,95.802,26.92,61.361,3.559,169.911,16.008
4.197,2.43,33.539,33.539,56.807,603687.938,1920.874,95.814,26.938,61.376,3.557,169.957,16.007
4.197,2.43,33.546,33.546,56.803,603687.938,1920.874,95.826,26.955,61.391,3.555,170.003,16.006
4.197,2.43,33.553,33.553,56.798,603687.938,1920.874,95.838,26.972,61.405,3.553,170.049,16.004
4.197,2.43,33.56,33.56,56.794,603687.938,1920.874,95.85,26.99,61.42,3.551,170.096,16.003
4.197,2.43,33.567,33.567,56.789,603687.938,1920.874,95.862,27.007,61.435,3.55,170.142,16.002
4.197,2.43,33.574,33.574,56.785,603687.938,1920.874,95.874,27.024,61.449,3.548,170.188,16.001
4.197,2.43,33.581,33.581,56.781,603687.938,1920.874,95.886,27.042,61.464,3.546,170.234,15.999
4.197,2.43,33.588,33.588,56.776,603687.938,1920.874,95.898,27.059,61.478,3.544,170.281,15.998
4.197,2.43,33.595,33.595,56.772,603687.938,1920.874,95.91,27.076,61.493,3.542,170.327,15.997
4.197,2.43,33.602,33.602,56.767,603687.938,1920.874,95.922,27.094,61.508,3.54,170.373,15.996
4.197,2.43,33.609,33.609,56.763,603687.938,1920.874,95.934,27.111,61.522,3.539,170.419,15.994
4.197,2.43,33.616,33.616,56.758,603687.938,1920.874,95.945,27.128,61.537,3.537,170.466,15.993
4.197,2.43,33.623,33.623,56.754,603687.938,1920.874,95.957,27.146,61.552,3.535,170.512,15.992
4.197,2.43,33.631,33.631,56.749,603687.938,1920.874,95.969,27.163,61.566,3.533,170.558,15.991
4.197,2.43,33.638,33.638,56.745,603687.938,1920.874,95.981,27.18,61.581,3.531,170.604,15.989
4.197,2.43,33.645,33.645,56.74,603687.938,1920.874,95.993,27.198,61.596,3.529,170.65,15.988
4.197,2.43,33.652,33.652,56.736,603687.938,1920.874,96.005,27.215,61.61,3.528,170.697,15.987
4.197,2.43,33.659,33.659,56.732,603687.938,1920.874,96.017,27.233,61.625,3.526,170.743,15.986
4.197,2.43,33.666,33.666,56.727,603687.938,1920.874,96.029,27.25,61.639,3.524,170.789,15.984
4.197,2.43,33.673,33.673,56.723,603687.938,1920.874,96.041,27.267,61.654,3.522,170.835,15.983
4.197,2.43,33.68,33.68,56.718,603687.938,1920.874,96.053,27.285,61.669,3.52,170.881,15.982
4.197,2.43,33.687,33.687,56.714,603687.938,1920.874,96.065,27.302,61.683,3.519,170.928,15.98
4.197,2.43,33.694,33.694,56.709,603687.938,1920.874,96.077,27.319,61.698,3.517,170.974,15.979
4.197,2.43,33.701,33.701,56.705,603687.938,1920.874,96.088,27.337,61.713,3.515,171.02,15.978
4.197,2.43,33.708,33.708,56.7,603687.938,1920.874,96.1,27.354,61.727,3.513,171.066,15.977
4.197,2.43,33.715,33.715,56.696,603687.938,1920.874,96.112,27.371,61.742,3.511,171.112,15.975
4.197,2.43,33.722,33.722,56.691,603687.938,1920.874,96.124,27.389,61.756,3.51,171.158,15.974
4.197,2.43,33.729,33.729,56.687,603687.938,1920.874,96.136,27.406,61.771,3.508,171.205,15.973
4.197,2.43,33.736,33.736,56.682,603687.938,1920.874,96.148,27.423,61.786,3.506,171.251,15.972
4.197,2.43,33.743,33.743,56.677,603687.938,1920.874,96.16,27.441,61.8,3.504,171.297,15.97
4.197,2.43,33.751,33.751,56.673,603687.938,1920.874,96.172,27.458,61.815,3.502,171.343,15.969
4.197,2.43,33.758,33.758,56.668,603687.938,1920.874,96.183,27.476,61.829,3.501,171.389,15.968
4.197,2.43,33.765,33.765,56.664,603687.938,1920.874,96.195,27.493,61.844,3.499,171.435,15.966
4.197,2.43,33.772,33.772,56.659,603687.938,1920.874,96.207,27.51,61.859,3.497,171.482,15.965
4.197,2.43,33.779,33.779,56.655,603687.938,1920.874,96.219,27.528,61.873,3.495,171.528,15.964
4.197,2.43,33.786,33.786,56.65,603687.938,1920.874,96.231,27.545,61.888,3.494,171.574,15.963
4.197,2.43,33.793,33.793,56.646,603687.938,1920.874,96.243,27.562,61.903,3.492,171.62,15.961
4.197,2.43,33.8,33.8,56.641,603687.938,1920.874,96.255,27.58,61.917,3.49,171.666,15.96
4.197,2.43,33.807,33.807,56.637,603687.938,1920.874,96.266,27.597,61.932,3.488,171.712,15.959
4.197,2.43,33.814,33.814,56.632,603687.938,1920.874,96.278,27.614,61.946,3.487,171.758,15.957
4.197,2.43,33.821,33.821,56.627,603687.938,1920.874,96.29,27.632,61.961,3.485,171.805,15.956
4.197,2.43,33.828,33.828,56.623,603687.938,1920.874,96.302,27.649,61.976,3.483,171.851,15.955
4.197,2.43,33.835,33.835,56.618,603687.938,1920.874,96.314,27.667,61.99,3.481,171.897,15.954
4.197,2.43,33.842,33.842,56.614,603687.938,1920.874,96.326,27.684,62.005,3.479,171.943,15.952
4.197,2.43,33.849,33.849,56.609,603687.938,1920.874,96.337,27.701,62.019,3.478,171.989,15.951
4.197,2.43,33.856,33.856,56.605,603687.938,1920.874,96.349,27.719,62.034,3.476,172.035,15.95
4.197,2.43,33.863,33.863,56.6,603687.938,1920.874,96.361,27.736,62.049,3.474,172.081,15.948
4.197,2.43,33.87,33.87,56.595,603687.938,1920.874,96.373,27.753,62.063,3.472,172.127,15.947
4.197,2.43,33.877,33.877,56.591,603687.938,1920.874,96.385,27.771,62.078,3.471,172.174,15.946
4.197,2.43,33.884,33.884,56.586,603687.938,1920.874,96.397,27.788,62.092,3.469,172.22,15.945
4.197,2.43,33.892,33.892,56.582,603687.938,1920.874,96.408,27.806,62.107,3.467,172.266,15.943
4.197,2.43,33.899,33.899,56.577,603687.938,1920.874,96.42,27.823,62.122,3.465,172.312,15.942
4.197,2.43,33.906,33.906,56.572,603687.938,1920.874,96.432,27.84,62.136,3.464,172.358,15.941
4.197,2.43,33.913,33.913,56.568,603687.938,1920.874,96.444,27.858,62.151,3.462,172.404,15.939
4.197,2.43,33.92,33.92,56.563,603687.938,1920.874,96.456,27.875,62.165,3.46,172.45,15.938
4.197,2.43,33.927,33.927,56.558,603687.938,1920.874,96.467,27.893,62.18,3.459,172.496,15.937
4.197,2.43,33.934,33.934,56.554,603687.938,1920.874,96.479,27.91,62.195,3.457,172.542,15.935
4.197,2.43,33.941,33.941,56.549,603687.938,1920.874,96.491,27.927,62.209,3.455,172.588,15.934
4.197,2.43,33.948,33.948,56.545,603687.938,1920.874,96.503,27.945,62.224,3.453,172.634,15.933
4.197,2.43,33.955,33.955,56.54,603687.938,1920.874,96.514,27.962,62.238,3.452,172.68,15.932
4.197,2.43,33.962,33.962,56.535,603687.938,1920.874,96.526,27.98,62.253,3.45,172.726,15.93
4.197,2.43,33.969,33.969,56.531,603687.938,1920.874,96.538,27.997,62.267,3.448,172.773,15.929
4.197,2.43,33.976,33.976,56.526,603687.938,1920.874,96.55,28.014,62.282,3.446,172.819,15.928
4.197,2.43,33.983,33.983,56.521,603687.938,1920.874,96.561,28.032,62.297,3.445,172.865,15.926
4.197,2.43,33.99,33.99,56.517,603687.938,1920.874,96.573,28.049,62.311,3.443,172.911,15.925
4.197,2.43,33.997,33.997,56.512,603687.938,1920.874,96.585,28.067,62.326,3.441,172.957,15.924
4.197,2.43,34.004,34.004,56.507,603687.938,1920.874,96.597,28.084,62.34,3.44,173.003,15.922
4.197,2.43,34.011,34.011,56.503,603687.938,1920.874,96.608,28.101,62.355,3.438,173.049,15.921
4.197,2.43,34.018,34.018,56.498,603687.938,1920.874,96.62,28.119,62.37,3.436,173.095,15.92
4.197,2.43,34.025,34.025,56.493,603687.938,1920.874,96.632,28.136,62.384,3.434,173.141,15.918
4.197,2.43,34.032,34.032,56.489,603687.938,1920.874,96.644,28.154,62.399,3.433,173.187,15.917
4.197,2.43,34.039,34.039,56.484,603687.938,1920.874,96.655,28.171,62.413,3.431,173.233,15.916
4.197,2.43,34.046,34.046,56.479,603687.938,1920.874,96.667,28.189,62.428,3.429,173.279,15.914
4.197,2.43,34.053,34.053,56.475,603687.938,1920.874,96.679,28.206,62.442,3.428,173.325,15.913
4.197,2.43,34.06,34.06,56.47,603687.938,1920.874,96.691,28.223,62.457,3.426,173.371,15.912
4.197,2.43,34.068,34.068,56.465,603687.938,1920.874,96.702,28.241,62.472,3.424,173.417,15.91
4.197,2.43,34.075,34.075,56.46,603687.938,1920.874,96.714,28.258,62.486,3.423,173.463,15.909
4.197,2.43,34.082,34.082,56.456,603687.938,1920.874,96.726,28.276,62.501,3.421,173.509,15.908
4.197,2.43,34.089,34.089,56.451,603687.938,1920.874,96.737,28.293,62.515,3.419,173.555,15.906
4.197,2.43,34.096,34.096,56.446,603687.938,1920.874,96.749,28.31,62.53,3.417,173.601,15.905
4.197,2.43,34.103,34.103,56.442,603687.938,1920.874,96.761,28.328,62.544,3.416,173.647,15.904
4.197,2.43,34.11,34.11,56.437,603687.938,1920.874,96.772,28.345,62.559,3.414,173.693,15.902
4.197,2.43,34.117,34.117,56.432,603687.938,1920.874,96.784,28.363,62.573,3.412,173.739,15.901
4.197,2.43,34.124,34.124,56.427,603687.938,1920.874,96.796,28.38,62.588,3.411,173.785,15.9
4.197,2.43,34.131,34.131,56.423,603687.938,1920.874,96.808,28.398,62.603,3.409,173.831,15.898
4.197,2.43,34.138,34.138,56.418,603687.938,1920.874,96.819,28.415,62.617,3.407,173.877,15.897
4.197,2.43,34.145,34.145,56.413,603687.938,1920.874,96.831,28.433,62.632,3.406,173.923,15.896
4.197,2.43,34.152,34.152,56.408,603687.938,1920.874,96.843,28.45,62.646,3.404,173.969,15.894
4.197,2.43,34.159,34.159,56.404,603687.938,1920.874,96.854,28.467,62.661,3.402,174.015,15.893
4.197,2.43,34.166,34.166,56.399,603687.938,1920.874,96.866,28.485,62.675,3.401,174.061,15.892
4.197,2.43,34.173,34.173,56.394,603687.938,1920.874,96.878,28.502,62.69,3.399,174.107,15.89
4.197,2.43,34.18,34.18,56.389,603687.938,1920.874,96.889,28.52,62.704,3.397,174.153,15.889
4.197,2.43,34.187,34.187,56.384,603687.938,1920.874,96.901,28.537,62.719,3.396,174.199,15.888
4.197,2.43,34.194,34.194,56.38,603687.938,1920.874,96.913,28.555,62.734,3.394,174.245,15.886
4.197,2.43,34.201,34.201,56.375,603687.938,1920.874,96.924,28.572,62.748,3.392,174.29,15.885
4.197,2.43,34.208,34.208,56.37,603687.938,1920.874,96.936,28.59,62.763,3.391,174.336,15.884
4.197,2.43,34.215,34.215,56.365,603687.938,1920.874,96.947,28.607,62.777,3.389,174.382,15.882
4.197,2.43,34.222,34.222,56.361,603687.938,1920.874,96.959,28.624,62.792,3.387,174.428,15.881
4.197,2.43,34.229,34.229,56.356,603687.938,1920.874,96.971,28.642,62.806,3.386,174.474,15.88
4.197,2.43,34.236,34.236,56.351,603687.938,1920.874,96.982,28.659,62.821,3.384,174.52,15.878
4.197,2.43,34.243,34.243,56.346,603687.938,1920.874,96.994,28.677,62.835,3.382,174.566,15.877
4.197,2.43,34.25,34.25,56.341,603687.938,1920.874,97.006,28.694,62.85,3.381,174.612,15.876
4.197,2.43,34.257,34.257,56.336,603687.938,1920.874,97.017,28.712,62.864,3.379,174.658,15.874
4.197,2.43,34.264,34.264,56.332,603687.938,1920.874,97.029,28.729,62.879,3.377,174.704,15.873
4.197,2.43,34.271,34.271,56.327,603687.938,1920.874,97.04,28.747,62.894,3.376,174.75,15.871
4.197,2.43,34.278,34.278,56.322,603687.938,1920.874,97.052,28.764,62.908,3.374,174.796,15.87
4.197,2.43,34.285,34.285,56.317,603687.938,1920.874,97.064,28.782,62.923,3.372,174.841,15.869
4.197,2.43,34.292,34.292,56.312,603687.938,1920.874,97.075,28.799,62.937,3.371,174.887,15.867
4.197,2.43,34.299,34.299,56.307,603687.938,1920.874,97.087,28.816,62.952,3.369,174.933,15.866
4.197,2.43,34.306,34.306,56.303,603687.938,1920.874,97.098,28.834,62.966,3.368,174.979,15.865
4.197,2.43,34.313,34.313,56.298,603687.938,1920.874,97.11,28.851,62.981,3.366,175.025,15.863
4.197,2.43,34.32,34.32,56.293,603687.938,1920.874,97.122,28.869,62.995,3.364,175.071,15.862
4.197,2.43,34.327,34.327,56.288,603687.938,1920.874,97.133,28.886,63.01,3.363,175.117,15.861
4.197,2.43,34.334,34.334,56.283,603687.938,1920.874,97.145,28.904,63.024,3.361,175.163,15.859
4.197,2.43,34.341,34.341,56.278,603687.938,1920.874,97.156,28.921,63.039,3.359,175.208,15.858
4.197,2.43,34.348,34.348,56.273,603687.938,1920.874,97.168,28.939,63.053,3.358,175.254,15.856
4.197,2.43,34.355,34.355,56.268,603687.938,1920.874,97.179,28.956,63.068,3.356,175.3,15.855
4.197,2.43,34.362,34.362,56.264,603687.938,1920.874,97.191,28.974,63.082,3.354,175.346,15.854
4.197,2.43,34.369,34.369,56.259,603687.938,1920.874,97.202,28.991,63.097,3.353,175.392,15.852
4.197,2.43,34.376,34.376,56.254,603687.938,1920.874,97.214,29.009,63.111,3.351,175.438,15.851
4.197,2.43,34.383,34.383,56.249,603687.938,1920.874,97.226,29.026,63.126,3.35,175.484,15.85
4.197,2.43,34.39,34.39,56.244,603687.938,1920.874,97.237,29.044,63.14,3.348,175.529,15.848
4.197,2.43,34.397,34.397,56.239,603687.938,1920.874,97.249,29.061,63.155,3.346,175.575,15.847
4.197,2.43,34.404,34.404,56.234,603687.938,1920.874,97.26,29.079,63.169,3.345,175.621,15.845
4.197,2.43,34.411,34.411,56.229,603687.938,1920.874,97.272,29.096,63.184,3.343,175.667,15.844
4.197,2.43,34.418,34.418,56.224,603687.938,1920.874,97.283,29.114,63.198,3.341,175.713,15.843
4.197,2.43,34.425,34.425,56.219,603687.938,1920.874,97.295,29.131,63.213,3.34,175.759,15.841
4.197,2.43,34.432,34.432,56.214,603687.938,1920.874,97.306,29.149,63.227,3.338,175.804,15.84
4.197,2.43,34.439,34.439,56.21,603687.938,1920.874,97.318,29.166,63.242,3.337,175.85,15.838
4.197,2.43,34.446,34.446,56.205,603687.938,1920.874,97.329,29.184,63.256,3.335,175.896,15.837
4.197,2.43,34.453,34.453,56.2,603687.938,1920.874,97.341,29.201,63.271,3.333,175.942,15.836
4.197,2.43,34.46,34.46,56.195,603687.938,1920.874,97.352,29.219,63.285,3.332,175.988,15.834
4.197,2.43,34.467,34.467,56.19,603687.938,1920.874,97.364,29.236,63.3,3.33,176.033,15.833
4.197,2.43,34.474,34.474,56.185,603687.938,1920.874,97.375,29.254,63.314,3.329,176.079,15.831
4.197,2.43,34.481,34.481,56.18,603687.938,1920.874,97.387,29.271,63.329,3.327,176.125,15.83
4.197,2.43,34.488,34.488,56.175,603687.938,1920.874,97.398,29.289,63.343,3.325,176.171,15.829
4.197,2.43,34.495,34.495,56.17,603687.938,1920.874,97.41,29.306,63.358,3.324,176.216,15.827
4.197,2.43,34.502,34.502,56.165,603687.938,1920.874,97.421,29.324,63.372,3.322,176.262,15.826
4.197,2.43,34.509,34.509,56.16,603687.938,1920.874,97.433,29.341,63.387,3.321,176.308,15.824
4.197,2.43,34.516,34.516,56.155,603687.938,1920.874,97.444,29.359,63.401,3.319,176.354,15.823
4.197,2.43,34.523,34.523,56.15,603687.938,1920.874,97.456,29.376,63.416,3.317,176.399,15.822
4.197,2.43,34.53,34.53,56.145,603687.938,1920.874,97.467,29.394,63.43,3.316,176.445,15.82
4.197,2.43,34.537,34.537,56.14,603687.938,1920.874,97.479,29.411,63.445,3.314,176.491,15.819
4.197,2.43,34.544,34.544,56.135,603687.938,1920.874,97.49,29.429,63.459,3.313,176.537,15.817
4.197,2.43,34.551,34.551,56.13,603687.938,1920.874,97.501,29.446,63.474,3.311,176.582,15.816
4.197,2.43,34.558,34.558,56.125,603687.938,1920.874,97.513,29.464,63.488,3.31,176.628,15.815
4.197,2.43,34.565,34.565,56.12,603687.938,1920.874,97.524,29.481,63.503,3.308,176.674,15.813
4.197,2.43,34.572,34.572,56.115,603687.938,1920.874,97.536,29.499,63.517,3.306,176.72,15.812
4.197,2.43,34.579,34.579,56.11,603687.938,1920.874,97.547,29.516,63.532,3.305,176.765,15.81
4.197,2.43,34.586,34.586,56.105,603687.938,1920.874,97.559,29.534,63.546,3.303,176.811,15.809
4.197,2.43,34.593,34.593,56.1,603687.938,1920.874,97.57,29.551,63.561,3.302,176.857,15.807
4.197,2.43,34.6,34.6,56.095,603687.938,1920.874,97.581,29.569,63.575,3.3,176.903,15.806
4.197,2.43,34.607,34.607,56.09,603687.938,1920.874,97.593,29.587,63.59,3.299,176.948,15.805
4.197,2.43,34.614,34.614,56.085,603687.938,1920.874,97.604,29.604,63.604,3.297,176.994,15.803
4.197,2.43,34.621,34.621,56.08,603687.938,1920.874,97.616,29.622,63.619,3.295,177.04,15.802
4.197,2.43,34.628,34.628,56.075,603687.938,1920.874,97.627,29.639,63.633,3.294,177.085,15.8
4.197,2.43,34.635,34.635,56.069,603687.938,1920.874,97.638,29.657,63.648,3.292,177.131,15.799
4.197,2.43,34.642,34.642,56.064,603687.938,1920.874,97.65,29.674,63.662,3.291,177.177,15.798
4.197,2.43,34.649,34.649,56.059,603687.938,1920.874,97.661,29.692,63.676,3.289,177.222,15.796
4.197,2.43,34.656,34.656,56.054,603687.938,1920.874,97.673,29.709,63.691,3.288,177.268,15.795
4.197,2.43,34.663,34.663,56.049,603687.938,1920.874,97.684,29.727,63.705,3.286,177.314,15.793
4.197,2.43,34.67,34.67,56.044,603687.938,1920.874,97.695,29.744,63.72,3.284,177.359,15.792
4.197,2.43,34.677,34.677,56.039,603687.938,1920.874,97.707,29.762,63.734,3.283,177.405,15.79
4.197,2.43,34.684,34.684,56.034,603687.938,1920.874,97.718,29.78,63.749,3.281,177.451,15.789
4.197,2.43,34.691,34.691,56.029,603687.938,1920.874,97.729,29.797,63.763,3.28,177.496,15.787
4.197,2.43,34.698,34.698,56.024,603687.938,1920.874,97.741,29.815,63.778,3.278,177.542,15.786
4.197,2.43,34.705,34.705,56.019,603687.938,1920.874,97.752,29.832,63.792,3.277,177.588,15.785
4.197,2.43,34.712,34.712,56.013,603687.938,1920.874,97.764,29.85,63.807,3.275,177.633,15.783
4.197,2.43,34.719,34.719,56.008,603687.938,1920.874,97.775,29.867,63.821,3.274,177.679,15.782
4.197,2.43,34.726,34.726,56.003,603687.938,1920.874,97.786,29.885,63.836,3.272,177.725,15.78
4.197,2.43,34.733,34.733,55.998,603687.938,1920.874,97.798,29.902,63.85,3.271,177.77,15.779
4.197,2.43,34.74,34.74,55.993,603687.938,1920.874,97.809,29.92,63.864,3.269,177.816,15.777
4.197,2.43,34.747,34.747,55.988,603687.938,1920.874,97.82,29.938,63.879,3.267,177.861,15.776
4.197,2.43,34.754,34.754,55.983,603687.938,1920.874,97.832,29.955,63.893,3.266,177.907,15.774
4.197,2.43,34.761,34.761,55.977,603687.938,1920.874,97.843,29.973,63.908,3.264,177.953,15.773
4.197,2.43,34.768,34.768,55.972,603687.938,1920.874,97.854,29.99,63.922,3.263,177.998,15.772
4.197,2.43,34.775,34.775,55.967,603687.938,1920.874,97.865,30.008,63.937,3.261,178.044,15.77
4.197,2.43,34.782,34.782,55.962,603687.938,1920.874,97.877,30.025,63.951,3.26,178.089,15.769
4.197,2.43,34.789,34.789,55.957,603687.938,1920.874,97.888,30.043,63.965,3.258,178.135,15.767
4.197,2.43,34.796,34.796,55.952,603687.938,1920.874,97.899,30.061,63.98,3.257,178.181,15.766
4.197,2.43,34.803,34.803,55.946,603687.938,1920.874,97.911,30.078,63.994,3.255,178.226,15.764
4.197,2.43,34.81,34.81,55.941,603687.938,1920.874,97.922,30.096,64.009,3.254,178.272,15.763
4.197,2.43,34.817,34.817,55.936,603687.938,1920.874,97.933,30.113,64.023,3.252,178.317,15.761
4.197,2.43,34.824,34.824,55.931,603687.938,1920.874,97.944,30.131,64.038,3.251,178.363,15.76
4.197,2.43,34.83,34.83,55.926,603687.938,1920.874,97.956,30.148,64.052,3.249,178.408,15.758
4.197,2.43,34.837,34.837,55.92,603687.938,1920.874,97.967,30.166,64.066,3.248,178.454,15.757
4.197,2.43,34.844,34.844,55.915,603687.938,1920.874,97.978,30.184,64.081,3.246,178.5,15.755
4.197,2.43,34.851,34.851,55.91,603687.938,1920.874,97.99,30.201,64.095,3.245,178.545,15.754
4.197,2.43,34.858,34.858,55.905,603687.938,1920.874,98.001,30.219,64.11,3.243,178.591,15.753
4.197,2.43,34.865,34.865,55.9,603687.938,1920.874,98.012,30.236,64.124,3.242,178.636,15.751
4.197,2.43,34.872,34.872,55.894,603687.938,1920.874,98.023,30.254,64.139,3.24,178.682,15.75
4.197,2.43,34.879,34.879,55.889,603687.938,1920.874,98.035,30.272,64.153,3.239,178.727,15.748
4.197,2.43,34.886,34.886,55.884,603687.938,1920.874,98.046,30.289,64.167,3.237,178.773,15.747
4.197,2.43,34.893,34.893,55.879,603687.938,1920.874,98.057,30.307,64.182,3.235,178.818,15.745
4.197,2.43,34.9,34.9,55.873,603687.938,1920.874,98.068,30.324,64.196,3.234,178.864,15.744
4.197,2.43,34.907,34.907,55.868,603687.938,1920.874,98.079,30.342,64.211,3.232,178.909,15.742
4.197,2.43,34.914,34.914,55.863,603687.938,1920.874,98.091,30.359,64.225,3.231,178.955,15.741
4.197,2.43,34.921,34.921,55.858,603687.938,1920.874,98.102,30.377,64.239,3.229,179.0,15.739
4.197,2.43,34.928,34.928,55.852,603687.938,1920.874,98.113,30.395,64.254,3.228,179.046,15.738
4.197,2.43,34.935,34.935,55.847,603687.938,1920.874,98.124,30.412,64.268,3.226,179.091,15.736
4.197,2.43,34.942,34.942,55.842,603687.938,1920.874,98.136,30.43,64.283,3.225,179.137,15.735
4.197,2.43,34.949,34.949,55.836,603687.938,1920.874,98.147,30.448,64.297,3.223,179.182,15.733
4.197,2.43,34.956,34.956,55.831,603687.938,1920.874,98.158,30.465,64.312,3.222,179.228,15.732
4.197,2.43,34.963,34.963,55.826,603687.938,1920.874,98.169,30.483,64.326,3.22,179.273,15.73
4.197,2.43,34.97,34.97,55.821,603687.938,1920.874,98.18,30.5,64.34,3.219,179.319,15.729
4.197,2.43,34.977,34.977,55.815,603687.938,1920.874,98.191,30.518,64.355,3.217,179.364,15.727
4.197,2.43,34.984,34.984,55.81,603687.938,1920.874,98.203,30.536,64.369,3.216,179.41,15.726
4.197,2.43,34.99,34.99,55.805,603687.938,1920.874,98.214,30.553,64.383,3.215,179.455,15.724
4.197,2.43,34.997,34.997,55.799,603687.938,1920.874,98.225,30.571,64.398,3.213,179.501,15.723
4.197,2.43,35.004,35.004,55.794,603687.938,1920.874,98.236,30.588,64.412,3.212,179.546,15.721
4.197,2.43,35.011,35.011,55.789,603687.938,1920.874,98.247,30.606,64.427,3.21,179.591,15.72
4.197,2.43,35.018,35.018,55.783,603687.938,1920.874,98.258,30.624,64.441,3.209,179.637,15.718
4.197,2.43,35.025,35.025,55.778,603687.938,1920.874,98.27,30.641,64.455,3.207,179.682,15.717
4.197,2.43,35.032,35.032,55.773,603687.938,1920.874,98.281,30.659,64.47,3.206,179.728,15.715
4.197,2.43,35.039,35.039,55.767,603687.938,1920.874,98.292,30.677,64.484,3.204,179.773,15.714
4.197,2.43,35.046,35.046,55.762,603687.938,1920.874,98.303,30.694,64.499,3.203,179.819,15.712
4.197,2.43,35.053,35.053,55.757,603687.938,1920.874,98.314,30.712,64.513,3.201,179.864,15.711
4.197,2.43,35.06,35.06,55.751,603687.938,1920.874,98.325,30.729,64.527,3.2,179.909,15.709
4.197,2.43,35.067,35.067,55.746,603687.938,1920.874,98.336,30.747,64.542,3.198,179.955,15.708
4.197,2.43,35.074,35.074,55.74,603687.938,1920.874,98.348,30.765,64.556,3.197,180.0,15.706
4.197,2.43,35.081,35.081,55.735,603687.938,1920.874,98.359,30.782,64.57,3.195,180.046,15.705
4.197,2.43,35.088,35.088,55.73,603687.938,1920.874,98.37,30.8,64.585,3.194,180.091,15.703
4.197,2.43,35.095,35.095,55.724,603687.938,1920.874,98.381,30.818,64.599,3.192,180.136,15.702
4.197,2.43,35.102,35.102,55.719,603687.938,1920.874,98.392,30.835,64.614,3.191,180.182,15.7
4.197,2.43,35.108,35.108,55.714,603687.938,1920.874,98.403,30.853,64.628,3.189,180.227,15.699
4.197,2.43,35.115,35.115,55.708,603687.938,1920.874,98.414,30.87,64.642,3.188,180.272,15.697
4.197,2.43,35.122,35.122,55.703,603687.938,1920.874,98.425,30.888,64.657,3.187,180.318,15.696
4.197,2.43,35.129,35.129,55.697,603687.938,1920.874,98.436,30.906,64.671,3.185,180.363,15.694
4.197,2.43,35.136,35.136,55.692,603687.938,1920.874,98.447,30.923,64.685,3.184,180.409,15.693
4.197,2.43,35.143,35.143,55.687,603687.938,1920.874,98.458,30.941,64.7,3.182,180.454,15.691
4.197,2.43,35.15,35.15,55.681,603687.938,1920.874,98.47,30.959,64.714,3.181,180.499,15.69
4.197,2.43,35.157,35.157,55.676,603687.938,1920.874,98.481,30.976,64.728,3.179,180.545,15.688
4.197,2.43,35.164,35.164,55.67,603687.938,1920.874,98.492,30.994,64.743,3.178,180.59,15.686
4.197,2.43,35.171,35.171,55.665,603687.938,1920.874,98.503,31.012,64.757,3.176,180.635,15.685
4.197,2.43,35.178,35.178,55.659,603687.938,1920.874,98.514,31.029,64.772,3.175,180.681,15.683
4.197,2.43,35.185,35.185,55.654,603687.938,1920.874,98.525,31.047,64.786,3.173,180.726,15.682
4.197,2.43,35.192,35.192,55.648,603687.938,1920.874,98.536,31.065,64.8,3.172,180.771,15.68
4.197,2.43,35.199,35.199,55.643,603687.938,1920.874,98.547,31.082,64.815,3.171,180.817,15.679
4.197,2.43,35.205,35.205,55.638,603687.938,1920.874,98.558,31.1,64.829,3.169,180.862,15.677
4.197,2.43,35.212,35.212,55.632,603687.938,1920.874,98.569,31.117,64.843,3.168,180.907,15.676
4.197,2.43,35.219,35.219,55.627,603687.938,1920.874,98.58,31.135,64.858,3.166,180.952,15.674
4.197,2.43,35.226,35.226,55.621,603687.938,1920.874,98.591,31.153,64.872,3.165,180.998,15.673
4.197,2.43,35.233,35.233,55.616,603687.938,1920.874,98.602,31.17,64.886,3.163,181.043,15.671
4.197,2.43,35.24,35.24,55.61,603687.938,1920.874,98.613,31.188,64.901,3.162,181.088,15.67
4.197,2.43,35.247,35.247,55.605,603687.938,1920.874,98.624,31.206,64.915,3.16,181.134,15.668
4.197,2.43,35.254,35.254,55.599,603687.938,1920.874,98.635,31.223,64.929,3.159,181.179,15.666
4.197,2.43,35.261,35.261,55.594,603687.938,1920.874,98.646,31.241,64.944,3.158,181.224,15.665
4.197,2.43,35.268,35.268,55.588,603687.938,1920.874,98.657,31.259,64.958,3.156,181.269,15.663
4.197,2.43,35.275,35.275,55.583,603687.938,1920.874,98.668,31.276,64.972,3.155,181.315,15.662
4.197,2.43,35.282,35.282,55.577,603687.938,1920.874,98.679,31.294,64.987,3.153,181.36,15.66
4.197,2.43,35.289,35.289,55.572,603687.938,1920.874,98.69,31.312,65.001,3.152,181.405,15.659
4.197,2.43,35.295,35.295,55.566,603687.938,1920.874,98.701,31.329,65.015,3.15,181.45,15.657
4.197,2.43,35.302,35.302,55.561,603687.938,1920.874,98.712,31.347,65.03,3.149,181.495,15.656
4.197,2.43,35.309,35.309,55.555,603687.938,1920.874,98.723,31.365,65.044,3.148,181.541,15.654
4.197,2.43,35.316,35.316,55.55,603687.938,1920.874,98.734,31.382,65.058,3.146,181.586,15.653
4.197,2.43,35.323,35.323,55.544,603687.938,1920.874,98.745,31.4,65.073,3.145,181.631,15.651
4.197,2.43,35.33,35.33,55.539,603687.938,1920.874,98.756,31.418,65.087,3.143,181.676,15.649
4.197,2.43,35.337,35.337,55.533,603687.938,1920.874,98.767,31.435,65.101,3.142,181.722,15.648
4.197,2.43,35.344,35.344,55.528,603687.938,1920.874,98.778,31.453,65.115,3.14,181.767,15.646
4.197,2.43,35.351,35.351,55.522,603687.938,1920.874,98.789,31.471,65.13,3.139,181.812,15.645
4.197,2.43,35.358,35.358,55.517,603687.938,1920.874,98.8,31.488,65.144,3.138,181.857,15.643
4.197,2.43,35.365,35.365,55.511,603687.938,1920.874,98.811,31.506,65.158,3.136,181.902,15.642
4.197,2.43,35.371,35.371,55.506,603687.938,1920.874,98.822,31.524,65.173,3.135,181.948,15.64
4.197,2.43,35.378,35.378,55.5,603687.938,1920.874,98.833,31.541,65.187,3.133,181.993,15.639
4.197,2.43,35.385,35.385,55.494,603687.938,1920.874,98.844,31.559,65.201,3.132,182.038,15.637
4.197,2.43,35.392,35.392,55.489,603687.938,1920.874,98.855,31.577,65.216,3.131,182.083,15.635
4.197,2.43,35.399,35.399,55.483,603687.938,1920.874,98.865,31.594,65.23,3.129,182.128,15.634
4.197,2.43,35.406,35.406,55.478,603687.938,1920.874,98.876,31.612,65.244,3.128,182.173,15.632
4.197,2.43,35.413,35.413,55.472,603687.938,1920.874,98.887,31.63,65.258,3.126,182.219,15.631
4.197,2.43,35.42,35.42,55.467,603687.938,1920.874,98.898,31.647,65.273,3.125,182.264,15.629
4.197,2.43,35.427,35.427,55.461,603687.938,1920.874,98.909,31.665,65.287,3.124,182.309,15.628
4.197,2.43,35.434,35.434,55.456,603687.938,1920.874,98.92,31.683,65.301,3.122,182.354,15.626
4.197,2.43,35.44,35.44,55.45,603687.938,1920.874,98.931,31.7,65.316,3.121,182.399,15.624
4.197,2.43,35.447,35.447,55.444,603687.938,1920.874,98.942,31.718,65.33,3.119,182.444,15.623
4.197,2.43,35.454,35.454,55.439,603687.938,1920.874,98.953,31.736,65.344,3.118,182.489,15.621
4.197,2.43,35.461,35.461,55.433,603687.938,1920.874,98.964,31.753,65.359,3.117,182.534,15.62
4.197,2.43,35.468,35.468,55.428,603687.938,1920.874,98.975,31.771,65.373,3.115,182.58,15.618
4.197,2.43,35.475,35.475,55.422,603687.938,1920.874,98.985,31.789,65.387,3.114,182.625,15.617
4.197,2.43,35.482,35.482,55.416,603687.938,1920.874,98.996,31.806,65.401,3.112,182.67,15.615
4.197,2.43,35.489,35.489,55.411,603687.938,1920.874,99.007,31.824,65.416,3.111,182.715,15.613
4.197,2.43,35.496,35.496,55.405,603687.938,1920.874,99.018,31.842,65.43,3.11,182.76,15.612
4.197,2.43,35.503,35.503,55.4,603687.938,1920.874,99.029,31.859,65.444,3.108,182.805,15.61
4.197,2.43,35.509,35.509,55.394,603687.938,1920.874,99.04,31.877,65.458,3.107,182.85,15.609
4.197,2.43,35.516,35.516,55.388,603687.938,1920.874,99.051,31.895,65.473,3.106,182.895,15.607
4.197,2.43,35.523,35.523,55.383,603687.938,1920.874,99.062,31.912,65.487,3.104,182.94,15.605
4.197,2.43,35.53,35.53,55.377,603687.938,1920.874,99.072,31.93,65.501,3.103,182.985,15.604
4.197,2.43,35.537,35.537,55.372,603687.938,1920.874,99.083,31.948,65.516,3.101,183.03,15.602
4.197,2.43,35.544,35.544,55.366,603687.938,1920.874,99.094,31.965,65.53,3.1,183.075,15.601
4.197,2.43,35.551,35.551,55.36,603687.938,1920.874,99.105,31.983,65.544,3.099,183.12,15.599
4.197,2.43,35.558,35.558,55.355,603687.938,1920.874,99.116,32.001,65.558,3.097,183.165,15.598
4.197,2.43,35.564,35.564,55.349,603687.938,1920.874,99.127,32.018,65.573,3.096,183.21,15.596
4.197,2.43,35.571,35.571,55.343,603687.938,1920.874,99.138,32.036,65.587,3.095,183.256,15.594
4.197,2.43,35.578,35.578,55.338,603687.938,1920.874,99.148,32.054,65.601,3.093,183.301,15.593
4.197,2.43,35.585,35.585,55.332,603687.938,1920.874,99.159,32.072,65.615,3.092,183.346,15.591
4.197,2.43,35.592,35.592,55.326,603687.938,1920.874,99.17,32.089,65.63,3.09,183.391,15.59
4.197,2.43,35.599,35.599,55.321,603687.938,1920.874,99.181,32.107,65.644,3.089,183.436,15.588
4.197,2.43,35.606,35.606,55.315,603687.938,1920.874,99.192,32.125,65.658,3.088,183.481,15.586
4.197,2.43,35.613,35.613,55.309,603687.938,1920.874,99.203,32.142,65.672,3.086,183.526,15.585
4.197,2.43,35.62,35.62,55.304,603687.938,1920.874,99.213,32.16,65.687,3.085,183.571,15.583
4.197,2.43,35.626,35.626,55.298,603687.938,1920.874,99.224,32.178,65.701,3.084,183.616,15.582
4.197,2.43,35.633,35.633,55.292,603687.938,1920.874,99.235,32.195,65.715,3.082,183.661,15.58
4.197,2.43,35.64,35.64,55.287,603687.938,1920.874,99.246,32.213,65.729,3.081,183.706,15.578
4.197,2.43,35.647,35.647,55.281,603687.938,1920.874,99.257,32.231,65.744,3.08,183.751,15.577
4.197,2.43,35.654,35.654,55.275,603687.938,1920.874,99.267,32.248,65.758,3.078,183.795,15.575
4.197,2.43,35.661,35.661,55.27,603687.938,1920.874,99.278,32.266,65.772,3.077,183.84,15.574
4.197,2.43,35.668,35.668,55.264,603687.938,1920.874,99.289,32.284,65.786,3.076,183.885,15.572
4.197,2.43,35.675,35.675,55.258,603687.938,1920.874,99.3,32.301,65.801,3.074,183.93,15.57
4.197,2.43,35.681,35.681,55.253,603687.938,1920.874,99.311,32.319,65.815,3.073,183.975,15.569
4.197,2.43,35.688,35.688,55.247,603687.938,1920.874,99.321,32.337,65.829,3.071,184.02,15.567
4.197,2.43,35.695,35.695,55.241,603687.938,1920.874,99.332,32.354,65.843,3.07,184.065,15.566
4.197,2.43,35.702,35.702,55.236,603687.938,1920.874,99.343,32.372,65.857,3.069,184.11,15.564
4.197,2.43,35.709,35.709,55.23,603687.938,1920.874,99.354,32.39,65.872,3.067,184.155,15.562
4.197,2.43,35.716,35.716,55.224,603687.938,1920.874,99.364,32.407,65.886,3.066,184.2,15.561
4.197,2.43,35.723,35.723,55.218,603687.938,1920.874,99.375,32.425,65.9,3.065,184.245,15.559
4.197,2.43,35.729,35.729,55.213,603687.938,1920.874,99.386,32.443,65.914,3.063,184.29,15.558
4.197,2.43,35.736,35.736,55.207,603687.938,1920.874,99.397,32.46,65.929,3.062,184.335,15.556
4.197,2.43,35.743,35.743,55.201,603687.938,1920.874,99.407,32.478,65.943,3.061,184.38,15.554
4.197,2.43,35.75,35.75,55.196,603687.938,1920.874,99.418,32.496,65.957,3.059,184.425,15.553
4.197,2.43,35.757,35.757,55.19,603687.938,1920.874,99.429,32.514,65.971,3.058,184.469,15.551
4.197,2.43,35.764,35.764,55.184,603687.938,1920.874,99.44,32.531,65.985,3.057,184.514,15.55
4.197,2.43,35.771,35.771,55.178,603687.938,1920.874,99.45,32.549,66.0,3.055,184.559,15.548
4.197,2.43,35.778,35.778,55.173,603687.938,1920.874,99.461,32.567,66.014,3.054,184.604,15.546
4.197,2.43,35.784,35.784,55.167,603687.938,1920.874,99.472,32.584,66.028,3.053,184.649,15.545
4.197,2.43,35.791,35.791,55.161,603687.938,1920.874,99.483,32.602,66.042,3.051,184.694,15.543
4.197,2.43,35.798,35.798,55.156,603687.938,1920.874,99.493,32.62,66.056,3.05,184.739,15.541
4.197,2.43,35.805,35.805,55.15,603687.938,1920.874,99.504,32.637,66.071,3.049,184.783,15.54
4.197,2.43,35.812,35.812,55.144,603687.938,1920.874,99.515,32.655,66.085,3.047,184.828,15.538
4.197,2.43,35.819,35.819,55.138,603687.938,1920.874,99.526,32.673,66.099,3.046,184.873,15.537
4.197,2.43,35.825,35.825,55.133,603687.938,1920.874,99.536,32.69,66.113,3.045,184.918,15.535
4.197,2.43,35.832,35.832,55.127,603687.938,1920.874,99.547,32.708,66.127,3.044,184.963,15.533
4.197,2.43,35.839,35.839,55.121,603687.938,1920.874,99.558,32.726,66.142,3.042,185.008,15.532
4.197,2.43,35.846,35.846,55.115,603687.938,1920.874,99.568,32.743,66.156,3.041,185.052,15.53
4.197,2.43,35.853,35.853,55.11,603687.938,1920.874,99.579,32.761,66.17,3.04,185.097,15.528
4.197,2.43,35.86,35.86,55.104,603687.938,1920.874,99.59,32.779,66.184,3.038,185.142,15.527
4.197,2.43,35.867,35.867,55.098,603687.938,1920.874,99.6,32.796,66.198,3.037,185.187,15.525
4.197,2.43,35.873,35.873,55.092,603687.938,1920.874,99.611,32.814,66.213,3.036,185.232,15.524
4.197,2.43,35.88,35.88,55.087,603687.938,1920.874,99.622,32.832,66.227,3.034,185.277,15.522
4.197,2.43,35.887,35.887,55.081,603687.938,1920.874,99.633,32.849,66.241,3.033,185.321,15.52
4.197,2.43,35.894,35.894,55.075,603687.938,1920.874,99.643,32.867,66.255,3.032,185.366,15.519
4.197,2.43,35.901,35.901,55.069,603687.938,1920.874,99.654,32.885,66.269,3.03,185.411,15.517
4.197,2.43,35.908,35.908,55.064,603687.938,1920.874,99.665,32.902,66.284,3.029,185.456,15.516
4.197,2.43,35.915,35.915,55.058,603687.938,1920.874,99.675,32.92,66.298,3.028,185.5,15.514
4.197,2.43,35.921,35.921,55.052,603687.938,1920.874,99.686,32.938,66.312,3.026,185.545,15.512
4.197,2.43,35.928,35.928,55.046,603687.938,1920.874,99.697,32.955,66.326,3.025,185.59,15.511
4.197,2.43,35.935,35.935,55.04,603687.938,1920.874,99.707,32.973,66.34,3.024,185.635,15.509
4.197,2.43,35.942,35.942,55.035,603687.938,1920.874,99.718,32.991,66.354,3.023,185.679,15.507
4.197,2.43,35.949,35.949,55.029,603687.938,1920.874,99.729,33.009,66.369,3.021,185.724,15.506
4.197,2.43,35.956,35.956,55.023,603687.938,1920.874,99.739,33.026,66.383,3.02,185.769,15.504
4.197,2.43,35.962,35.962,55.017,603687.938,1920.874,99.75,33.044,66.397,3.019,185.814,15.502
4.197,2.43,35.969,35.969,55.011,603687.938,1920.874,99.761,33.062,66.411,3.017,185.858,15.501
4.197,2.43,35.976,35.976,55.006,603687.938,1920.874,99.771,33.079,66.425,3.016,185.903,15.499
4.197,2.43,35.983,35.983,55.0,603687.938,1920.874,99.782,33.097,66.439,3.015,185.948,15.498
4.197,2.43,35.99,35.99,54.994,603687.938,1920.874,99.792,33.115,66.454,3.014,185.993,15.496
4.197,2.43,35.997,35.997,54.988,603687.938,1920.874,99.803,33.132,66.468,3.012,186.037,15.494
4.197,2.43,36.003,36.003,54.983,603687.938,1920.874,99.814,33.15,66.482,3.011,186.082,15.493
4.197,2.43,36.01,36.01,54.977,603687.938,1920.874,99.824,33.168,66.496,3.01,186.127,15.491
4.197,2.43,36.017,36.017,54.971,603687.938,1920.874,99.835,33.185,66.51,3.008,186.171,15.489
4.197,2.43,36.024,36.024,54.965,603687.938,1920.874,99.846,33.203,66.524,3.007,186.216,15.488
4.197,2.43,36.031,36.031,54.959,603687.938,1920.874,99.856,33.221,66.538,3.006,186.261,15.486
4.197,2.43,36.038,36.038,54.953,603687.938,1920.874,99.867,33.238,66.553,3.005,186.305,15.484
4.197,2.43,36.044,36.044,54.948,603687.938,1920.874,99.878,33.256,66.567,3.003,186.35,15.483
4.197,2.43,36.051,36.051,54.942,603687.938,1920.874,99.888,33.274,66.581,3.002,186.395,15.481
4.197,2.43,36.058,36.058,54.936,603687.938,1920.874,99.899,33.291,66.595,3.001,186.439,15.48
4.197,2.43,36.065,36.065,54.93,603687.938,1920.874,99.909,33.309,66.609,2.999,186.484,15.478
4.197,2.43,36.072,36.072,54.924,603687.938,1920.874,99.92,33.327,66.623,2.998,186.529,15.476
4.197,2.43,36.079,36.079,54.919,603687.938,1920.874,99.931,33.344,66.637,2.997,186.573,15.475
4.197,2.43,36.085,36.085,54.913,603687.938,1920.874,99.941,33.362,66.652,2.996,186.618,15.473
4.197,2.43,36.092,36.092,54.907,603687.938,1920.874,99.952,33.38,66.666,2.994,186.663,15.471
4.197,2.43,36.099,36.099,54.901,603687.938,1920.874,99.962,33.397,66.68,2.993,186.707,15.47
4.197,2.43,36.106,36.106,54.895,603687.938,1920.874,99.973,33.415,66.694,2.992,186.752,15.468
4.197,2.43,36.113,36.113,54.889,603687.938,1920.874,99.984,33.433,66.708,2.991,186.796,15.466
4.197,2.43,36.119,36.119,54.884,603687.938,1920.874,99.994,33.45,66.722,2.989,186.841,15.465
4.197,2.43,36.126,36.126,54.878,603687.938,1920.874,100.005,33.468,66.736,2.988,186.886,15.463
4.197,2.43,36.133,36.133,54.872,603687.938,1920.874,100.015,33.486,66.75,2.987,186.93,15.462
4.197,2.43,36.14,36.14,54.866,603687.938,1920.874,100.026,33.503,66.765,2.986,186.975,15.46
4.197,2.43,36.147,36.147,54.86,603687.938,1920.874,100.037,33.521,66.779,2.984,187.019,15.458
4.197,2.43,36.154,36.154,54.854,603687.938,1920.874,100.047,33.538,66.793,2.983,187.064,15.457
4.197,2.43,36.16,36.16,54.849,603687.938,1920.874,100.058,33.556,66.807,2.982,187.109,15.455
4.197,2.43,36.167,36.167,54.843,603687.938,1920.874,100.068,33.574,66.821,2.981,187.153,15.453
4.197,2.43,36.174,36.174,54.837,603687.938,1920.874,100.079,33.591,66.835,2.979,187.198,15.452
4.197,2.43,36.181,36.181,54.831,603687.938,1920.874,100.089,33.609,66.849,2.978,187.242,15.45
4.197,2.43,36.188,36.188,54.825,603687.938,1920.874,100.1,33.627,66.863,2.977,187.287,15.448
4.197,2.43,36.194,36.194,54.819,603687.938,1920.874,100.111,33.644,66.877,2.976,187.331,15.447
4.197,2.43,36.201,36.201,54.814,603687.938,1920.874,100.121,33.662,66.892,2.974,187.376,15.445
4.197,2.43,36.208,36.208,54.808,603687.938,1920.874,100.132,33.68,66.906,2.973,187.421,15.443
4.197,2.43,36.215,36.215,54.802,603687.938,1920.874,100.142,33.697,66.92,2.972,187.465,15.442
4.197,2.43,36.222,36.222,54.796,603687.938,1920.874,100.153,33.715,66.934,2.971,187.51,15.44
4.197,2.43,36.228,36.228,54.79,603687.938,1920.874,100.163,33.733,66.948,2.969,187.554,15.438
4.197,2.43,36.235,36.235,54.784,603687.938,1920.874,100.174,33.75,66.962,2.968,187.599,15.437
4.197,2.43,36.242,36.242,54.778,603687.938,1920.874,100.184,33.768,66.976,2.967,187.643,15.435
4.197,2.43,36.249,36.249,54.773,603687.938,1920.874,100.195,33.786,66.99,2.966,187.688,15.434
4.197,2.43,36.256,36.256,54.767,603687.938,1920.874,100.205,33.803,67.004,2.964,187.732,15.432
4.197,2.43,36.262,36.262,54.761,603687.938,1920.874,100.216,33.821,67.018,2.963,187.777,15.43
4.197,2.43,36.269,36.269,54.755,603687.938,1920.874,100.227,33.839,67.033,2.962,187.821,15.429
4.197,2.43,36.276,36.276,54.749,603687.938,1920.874,100.237,33.856,67.047,2.961,187.866,15.427
4.197,2.43,36.283,36.283,54.743,603687.938,1920.874,100.248,33.874,67.061,2.959,187.91,15.425
4.197,2.43,36.29,36.29,54.737,603687.938,1920.874,100.258,33.891,67.075,2.958,187.955,15.424
4.197,2.43,36.296,36.296,54.731,603687.938,1920.874,100.269,33.909,67.089,2.957,187.999,15.422
4.197,2.43,36.303,36.303,54.726,603687.938,1920.874,100.279,33.927,67.103,2.956,188.044,15.42
4.197,2.43,36.31,36.31,54.72,603687.938,1920.874,100.29,33.944,67.117,2.955,188.088,15.419
4.197,2.43,36.317,36.317,54.714,603687.938,1920.874,100.3,33.962,67.131,2.953,188.132,15.417
4.197,2.43,36.324,36.324,54.708,603687.938,1920.874,100.311,33.98,67.145,2.952,188.177,15.415
4.197,2.43,36.33,36.33,54.702,603687.938,1920.874,100.321,33.997,67.159,2.951,188.221,15.414
4.197,2.43,36.337,36.337,54.696,603687.938,1920.874,100.332,34.015,67.173,2.95,188.266,15.412
4.197,2.43,36.344,36.344,54.69,603687.938,1920.874,100.342,34.033,67.187,2.948,188.31,15.41
4.197,2.43,36.351,36.351,54.684,603687.938,1920.874,100.353,34.05,67.201,2.947,188.355,15.409
4.197,2.43,36.358,36.358,54.679,603687.938,1920.874,100.363,34.068,67.216,2.946,188.399,15.407
4.197,2.43,36.364,36.364,54.673,603687.938,1920.874,100.374,34.085,67.23,2.945,188.444,15.405
4.197,2.43,36.371,36.371,54.667,603687.938,1920.874,100.384,34.103,67.244,2.944,188.488,15.404
4.197,2.43,36.378,36.378,54.661,603687.938,1920.874,100.395,34.121,67.258,2.942,188.532,15.402
4.197,2.43,36.385,36.385,54.655,603687.938,1920.874,100.405,34.138,67.272,2.941,188.577,15.4
4.197,2.43,36.392,36.392,54.649,603687.938,1920.874,100.416,34.156,67.286,2.94,188.621,15.399
4.197,2.43,36.398,36.398,54.643,603687.938,1920.874,100.426,34.174,67.3,2.939,188.666,15.397
4.197,2.43,36.405,36.405,54.637,603687.938,1920.874,100.437,34.191,67.314,2.937,188.71,15.395
4.197,2.43,36.412,36.412,54.631,603687.938,1920.874,100.447,34.209,67.328,2.936,188.754,15.394
4.197,2.43,36.419,36.419,54.626,603687.938,1920.874,100.458,34.227,67.342,2.935,188.799,15.392
4.197,2.43,36.425,36.425,54.62,603687.938,1920.874,100.468,34.244,67.356,2.934,188.843,15.39
4.197,2.43,36.432,36.432,54.614,603687.938,1920.874,100.479,34.262,67.37,2.933,188.887,15.389
4.197,2.43,36.439,36.439,54.608,603687.938,1920.874,100.489,34.279,67.384,2.931,188.932,15.387
4.197,2.43,36.446,36.446,54.602,603687.938,1920.874,100.5,34.297,67.398,2.93,188.976,15.385
4.197,2.43,36.453,36.453,54.596,603687.938,1920.874,100.51,34.315,67.412,2.929,189.021,15.384
4.197,2.43,36.459,36.459,54.59,603687.938,1920.874,100.521,34.332,67.426,2.928,189.065,15.382
4.197,2.43,36.466,36.466,54.584,603687.938,1920.874,100.531,34.35,67.44,2.927,189.109,15.38
4.197,2.43,36.473,36.473,54.578,603687.938,1920.874,100.541,34.367,67.454,2.925,189.154,15.379
4.197,2.43,36.48,36.48,54.573,603687.938,1920.874,100.552,34.385,67.468,2.924,189.198,15.377
4.197,2.43,36.486,36.486,54.567,603687.938,1920.874,100.562,34.403,67.483,2.923,189.242,15.375
4.197,2.43,36.493,36.493,54.561,603687.938,1920.874,100.573,34.42,67.497,2.922,189.287,15.374
4.197,2.43,36.5,36.5,54.555,603687.938,1920.874,100.583,34.438,67.511,2.921,189.331,15.372
4.197,2.43,36.507,36.507,54.549,603687.938,1920.874,100.594,34.455,67.525,2.92,189.375,15.371
4.197,2.43,36.514,36.514,54.543,603687.938,1920.874,100.604,34.473,67.539,2.918,189.419,15.369
4.197,2.43,36.52,36.52,54.537,603687.938,1920.874,100.615,34.491,67.553,2.917,189.464,15.367
4.197,2.43,36.527,36.527,54.531,603687.938,1920.874,100.625,34.508,67.567,2.916,189.508,15.366
4.197,2.43,36.534,36.534,54.525,603687.938,1920.874,100.636,34.526,67.581,2.915,189.552,15.364
4.197,2.43,36.541,36.541,54.519,603687.938,1920.874,100.646,34.544,67.595,2.914,189.597,15.362
4.197,2.43,36.547,36.547,54.514,603687.938,1920.874,100.656,34.561,67.609,2.912,189.641,15.361
4.197,2.43,36.554,36.554,54.508,603687.938,1920.874,100.667,34.579,67.623,2.911,189.685,15.359
4.197,2.43,36.561,36.561,54.502,603687.938,1920.874,100.677,34.596,67.637,2.91,189.729,15.357
4.197,2.43,36.568,36.568,54.496,603687.938,1920.874,100.688,34.614,67.651,2.909,189.774,15.356
4.197,2.43,36.574,36.574,54.49,603687.938,1920.874,100.698,34.632,67.665,2.908,189.818,15.354
4.197,2.43,36.581,36.581,54.484,603687.938,1920.874,100.709,34.649,67.679,2.907,189.862,15.352
4.197,2.43,36.588,36.588,54.478,603687.938,1920.874,100.719,34.667,67.693,2.905,189.906,15.351
4.197,2.43,36.595,36.595,54.472,603687.938,1920.874,100.729,34.684,67.707,2.904,189.951,15.349
4.197,2.43,36.602,36.602,54.466,603687.938,1920.874,100.74,34.702,67.721,2.903,189.995,15.347
4.197,2.43,36.608,36.608,54.46,603687.938,1920.874,100.75,34.719,67.735,2.902,190.039,15.346
4.197,2.43,36.615,36.615,54.454,603687.938,1920.874,100.761,34.737,67.749,2.901,190.083,15.344
4.197,2.43,36.622,36.622,54.448,603687.938,1920.874,100.771,34.755,67.763,2.899,190.128,15.342
4.197,2.43,36.629,36.629,54.443,603687.938,1920.874,100.781,34.772,67.777,2.898,190.172,15.341
4.197,2.43,36.635,36.635,54.437,603687.938,1920.874,100.792,34.79,67.791,2.897,190.216,15.339
4.197,2.43,36.642,36.642,54.431,603687.938,1920.874,100.802,34.807,67.805,2.896,190.26,15.337
4.197,2.43,36.649,36.649,54.425,603687.938,1920.874,100.813,34.825,67.819,2.895,190.304,15.336
4.197,2.43,36.656,36.656,54.419,603687.938,1920.874,100.823,34.843,67.833,2.894,190.349,15.334
4.197,2.43,36.662,36.662,54.413,603687.938,1920.874,100.834,34.86,67.847,2.893,190.393,15.332
4.197,2.43,36.669,36.669,54.407,603687.938,1920.874,100.844,34.878,67.861,2.891,190.437,15.331
4.197,2.43,36.676,36.676,54.401,603687.938,1920.874,100.854,34.895,67.875,2.89,190.481,15.329
4.197,2.43,36.683,36.683,54.395,603687.938,1920.874,100.865,34.913,67.889,2.889,190.525,15.327
4.197,2.43,36.689,36.689,54.389,603687.938,1920.874,100.875,34.93,67.903,2.888,190.57,15.326
4.197,2.43,36.696,36.696,54.383,603687.938,1920.874,100.886,34.948,67.917,2.887,190.614,15.324
4.197,2.43,36.703,36.703,54.377,603687.938,1920.874,100.896,34.966,67.931,2.886,190.658,15.322
4.197,2.43,36.71,36.71,54.372,603687.938,1920.874,100.906,34.983,67.945,2.884,190.702,15.321
4.197,2.43,36.716,36.716,54.366,603687.938,1920.874,100.917,35.001,67.959,2.883,190.746,15.319
4.197,2.43,36.723,36.723,54.36,603687.938,1920.874,100.927,35.018,67.973,2.882,190.79,15.317
4.197,2.43,36.73,36.73,54.354,603687.938,1920.874,100.937,35.036,67.987,2.881,190.834,15.316
4.197,2.43,36.737,36.737,54.348,603687.938,1920.874,100.948,35.053,68.001,2.88,190.879,15.314
4.197,2.43,36.743,36.743,54.342,603687.938,1920.874,100.958,35.071,68.015,2.879,190.923,15.312
4.197,2.43,36.75,36.75,54.336,603687.938,1920.874,100.969,35.089,68.029,2.878,190.967,15.311
4.197,2.43,36.757,36.757,54.33,603687.938,1920.874,100.979,35.106,68.043,2.876,191.011,15.309
4.197,2.43,36.764,36.764,54.324,603687.938,1920.874,100.989,35.124,68.057,2.875,191.055,15.307
4.197,2.43,36.77,36.77,54.318,603687.938,1920.874,101.0,35.141,68.07,2.874,191.099,15.306
4.197,2.43,36.777,36.777,54.312,603687.938,1920.874,101.01,35.159,68.084,2.873,191.143,15.304
4.197,2.43,36.784,36.784,54.306,603687.938,1920.874,101.021,35.176,68.098,2.872,191.187,15.302
4.197,2.43,36.791,36.791,54.301,603687.938,1920.874,101.031,35.194,68.112,2.871,191.231,15.301
4.197,2.43,36.797,36.797,54.295,603687.938,1920.874,101.041,35.211,68.126,2.87,191.275,15.299
4.197,2.43,36.804,36.804,54.289,603687.938,1920.874,101.052,35.229,68.14,2.868,191.32,15.297
4.197,2.43,36.811,36.811,54.283,603687.938,1920.874,101.062,35.247,68.154,2.867,191.364,15.296
4.197,2.43,36.817,36.817,54.277,603687.938,1920.874,101.072,35.264,68.168,2.866,191.408,15.294
4.197,2.43,36.824,36.824,54.271,603687.938,1920.874,101.083,35.282,68.182,2.865,191.452,15.292
4.197,2.43,36.831,36.831,54.265,603687.938,1920.874,101.093,35.299,68.196,2.864,191.496,15.29
4.197,2.43,36.838,36.838,54.259,603687.938,1920.874,101.103,35.317,68.21,2.863,191.54,15.289
4.197,2.43,36.844,36.844,54.253,603687.938,1920.874,101.114,35.334,68.224,2.862,191.584,15.287
4.197,2.43,36.851,36.851,54.247,603687.938,1920.874,101.124,35.352,68.238,2.861,191.628,15.285
4.197,2.43,36.858,36.858,54.241,603687.938,1920.874,101.134,35.369,68.252,2.859,191.672,15.284
4.197,2.43,36.865,36.865,54.235,603687.938,1920.874,101.145,35.387,68.266,2.858,191.716,15.282
4.197,2.43,36.871,36.871,54.229,603687.938,1920.874,101.155,35.404,68.28,2.857,191.76,15.28
4.197,2.43,36.878,36.878,54.224,603687.938,1920.874,101.166,35.422,68.294,2.856,191.804,15.279
4.197,2.43,36.885,36.885,54.218,603687.938,1920.874,101.176,35.439,68.308,2.855,191.848,15.277
4.197,2.43,36.892,36.892,54.212,603687.938,1920.874,101.186,35.457,68.322,2.854,191.892,15.275
4.197,2.43,36.898,36.898,54.206,603687.938,1920.874,101.197,35.474,68.336,2.853,191.936,15.274
4.197,2.43,36.905,36.905,54.2,603687.938,1920.874,101.207,35.492,68.349,2.852,191.98,15.272
4.197,2.43,36.912,36.912,54.194,603687.938,1920.874,101.217,35.51,68.363,2.85,192.024,15.27
4.197,2.43,36.918,36.918,54.188,603687.938,1920.874,101.228,35.527,68.377,2.849,192.068,15.269
4.197,2.43,36.925,36.925,54.182,603687.938,1920.874,101.238,35.545,68.391,2.848,192.112,15.267
4.197,2.43,36.932,36.932,54.176,603687.938,1920.874,101.248,35.562,68.405,2.847,192.156,15.265
4.197,2.43,36.939,36.939,54.17,603687.938,1920.874,101.259,35.58,68.419,2.846,192.2,15.264
4.197,2.43,36.945,36.945,54.164,603687.938,1920.874,101.269,35.597,68.433,2.845,192.244,15.262
4.197,2.43,36.952,36.952,54.158,603687.938,1920.874,101.279,35.615,68.447,2.844,192.288,15.26
4.197,2.43,36.959,36.959,54.152,603687.938,1920.874,101.29,35.632,68.461,2.843,192.332,15.259
4.197,2.43,36.965,36.965,54.147,603687.938,1920.874,101.3,35.65,68.475,2.842,192.376,15.257
4.197,2.43,36.972,36.972,54.141,603687.938,1920.874,101.31,35.667,68.489,2.84,192.42,15.255
4.197,2.43,36.979,36.979,54.135,603687.938,1920.874,101.321,35.685,68.503,2.839,192.464,15.254
4.197,2.43,36.986,36.986,54.129,603687.938,1920.874,101.331,35.702,68.516,2.838,192.508,15.252
4.197,2.43,36.992,36.992,54.123,603687.938,1920.874,101.341,35.72,68.53,2.837,192.552,15.25
4.197,2.43,36.999,36.999,54.117,603687.938,1920.874,101.351,35.737,68.544,2.836,192.595,15.249
4.197,2.43,37.006,37.006,54.111,603687.938,1920.874,101.362,35.755,68.558,2.835,192.639,15.247
4.197,2.43,37.012,37.012,54.105,603687.938,1920.874,101.372,35.772,68.572,2.834,192.683,15.245
4.197,2.43,37.019,37.019,54.099,603687.938,1920.874,101.382,35.79,68.586,2.833,192.727,15.244
4.197,2.43,37.026,37.026,54.093,603687.938,1920.874,101.393,35.807,68.6,2.832,192.771,15.242
4.197,2.43,37.033,37.033,54.087,603687.938,1920.874,101.403,35.825,68.614,2.831,192.815,15.24
4.197,2.43,37.039,37.039,54.081,603687.938,1920.874,101.413,35.842,68.628,2.829,192.859,15.239
4.197,2.43,37.046,37.046,54.075,603687.938,1920.874,101.424,35.86,68.642,2.828,192.903,15.237
4.197,2.43,37.053,37.053,54.07,603687.938,1920.874,101.434,35.877,68.656,2.827,192.947,15.235
4.197,2.43,37.059,37.059,54.064,603687.938,1920.874,101.444,35.895,68.669,2.826,192.991,15.234
4.197,2.43,37.066,37.066,54.058,603687.938,1920.874,101.455,35.912,68.683,2.825,193.034,15.232
4.197,2.43,37.073,37.073,54.052,603687.938,1920.874,101.465,35.929,68.697,2.824,193.078,15.23
4.197,2.43,37.08,37.08,54.046,603687.938,1920.874,101.475,35.947,68.711,2.823,193.122,15.229
4.197,2.43,37.086,37.086,54.04,603687.938,1920.874,101.485,35.964,68.725,2.822,193.166,15.227
4.197,2.43,37.093,37.093,54.034,603687.938,1920.874,101.496,35.982,68.739,2.821,193.21,15.225
4.197,2.43,37.1,37.1,54.028,603687.938,1920.874,101.506,35.999,68.753,2.82,193.254,15.224
4.197,2.43,37.106,37.106,54.022,603687.938,1920.874,101.516,36.017,68.767,2.819,193.298,15.222
4.197,2.43,37.113,37.113,54.016,603687.938,1920.874,101.527,36.034,68.78,2.817,193.341,15.22
4.197,2.43,37.12,37.12,54.01,603687.938,1920.874,101.537,36.052,68.794,2.816,193.385,15.219
4.197,2.43,37.126,37.126,54.004,603687.938,1920.874,101.547,36.069,68.808,2.815,193.429,15.217
4.197,2.43,37.133,37.133,53.999,603687.938,1920.874,101.558,36.087,68.822,2.814,193.473,15.215
4.197,2.43,37.14,37.14,53.993,603687.938,1920.874,101.568,36.104,68.836,2.813,193.517,15.214
4.197,2.43,37.147,37.147,53.987,603687.938,1920.874,101.578,36.122,68.85,2.812,193.561,15.212
4.197,2.43,37.153,37.153,53.981,603687.938,1920.874,101.588,36.139,68.864,2.811,193.604,15.21
4.197,2.43,37.16,37.16,53.975,603687.938,1920.874,101.599,36.157,68.878,2.81,193.648,15.209
4.197,2.43,37.167,37.167,53.969,603687.938,1920.874,101.609,36.174,68.891,2.809,193.692,15.207
4.197,2.43,37.173,37.173,53.963,603687.938,1920.874,101.619,36.191,68.905,2.808,193.736,15.205
4.197,2.43,37.18,37.18,53.957,603687.938,1920.874,101.63,36.209,68.919,2.807,193.779,15.204
4.197,2.43,37.187,37.187,53.951,603687.938,1920.874,101.64,36.226,68.933,2.806,193.823,15.202
4.197,2.43,37.193,37.193,53.945,603687.938,1920.874,101.65,36.244,68.947,2.805,193.867,15.2
4.197,2.43,37.2,37.2,53.939,603687.938,1920.874,101.66,36.261,68.961,2.804,193.911,15.199
4.197,2.43,37.207,37.207,53.934,603687.938,1920.874,101.671,36.279,68.975,2.802,193.955,15.197
4.197,2.43,37.213,37.213,53.928,603687.938,1920.874,101.681,36.296,68.989,2.801,193.998,15.195
4.197,2.43,37.22,37.22,53.922,603687.938,1920.874,101.691,36.314,69.002,2.8,194.042,15.194
4.197,2.43,37.227,37.227,53.916,603687.938,1920.874,101.701,36.331,69.016,2.799,194.086,15.192
4.197,2.43,37.234,37.234,53.91,603687.938,1920.874,101.712,36.348,69.03,2.798,194.13,15.19
4.197,2.43,37.24,37.24,53.904,603687.938,1920.874,101.722,36.366,69.044,2.797,194.173,15.189
4.197,2.43,37.247,37.247,53.898,603687.938,1920.874,101.732,36.383,69.058,2.796,194.217,15.187
4.197,2.43,37.254,37.254,53.892,603687.938,1920.874,101.743,36.401,69.072,2.795,194.261,15.185
4.197,2.43,37.26,37.26,53.886,603687.938,1920.874,101.753,36.418,69.085,2.794,194.304,15.184
4.197,2.43,37.267,37.267,53.88,603687.938,1920.874,101.763,36.436,69.099,2.793,194.348,15.182
4.197,2.43,37.274,37.274,53.874,603687.938,1920.874,101.773,36.453,69.113,2.792,194.392,15.18
4.197,2.43,37.28,37.28,53.869,603687.938,1920.874,101.784,36.47,69.127,2.791,194.436,15.179
4.197,2.43,37.287,37.287,53.863,603687.938,1920.874,101.794,36.488,69.141,2.79,194.479,15.177
4.197,2.43,37.294,37.294,53.857,603687.938,1920.874,101.804,36.505,69.155,2.789,194.523,15.175
4.197,2.43,37.3,37.3,53.851,603687.938,1920.874,101.814,36.523,69.168,2.788,194.567,15.174
4.197,2.43,37.307,37.307,53.845,603687.938,1920.874,101.825,36.54,69.182,2.787,194.61,15.172
4.197,2.43,37.314,37.314,53.839,603687.938,1920.874,101.835,36.557,69.196,2.786,194.654,15.17
4.197,2.43,37.32,37.32,53.833,603687.938,1920.874,101.845,36.575,69.21,2.785,194.698,15.169
4.197,2.43,37.327,37.327,53.827,603687.938,1920.874,101.855,36.592,69.224,2.784,194.741,15.167
4.197,2.43,37.334,37.334,53.821,603687.938,1920.874,101.866,36.61,69.238,2.782,194.785,15.166
4.197,2.43,37.34,37.34,53.816,603687.938,1920.874,101.876,36.627,69.251,2.781,194.829,15.164
4.197,2.43,37.347,37.347,53.81,603687.938,1920.874,101.886,36.644,69.265,2.78,194.872,15.162
4.197,2.43,37.354,37.354,53.804,603687.938,1920.874,101.896,36.662,69.279,2.779,194.916,15.161
4.197,2.43,37.36,37.36,53.798,603687.938,1920.874,101.907,36.679,69.293,2.778,194.96,15.159
4.197,2.43,37.367,37.367,53.792,603687.938,1920.874,101.917,36.697,69.307,2.777,195.003,15.157
4.197,2.43,37.374,37.374,53.786,603687.938,1920.874,101.927,36.714,69.321,2.776,195.047,15.156
4.197,2.43,37.38,37.38,53.78,603687.938,1920.874,101.937,36.731,69.334,2.775,195.091,15.154
4.197,2.43,37.387,37.387,53.774,603687.938,1920.874,101.948,36.749,69.348,2.774,195.134,15.152
4.197,2.43,37.394,37.394,53.768,603687.938,1920.874,101.958,36.766,69.362,2.773,195.178,15.151
4.197,2.43,37.4,37.4,53.763,603687.938,1920.874,101.968,36.783,69.376,2.772,195.221,15.149
4.197,2.43,37.407,37.407,53.757,603687.938,1920.874,101.978,36.801,69.39,2.771,195.265,15.147
4.197,2.43,37.414,37.414,53.751,603687.938,1920.874,101.989,36.818,69.403,2.77,195.309,15.146
4.197,2.43,37.42,37.42,53.745,603687.938,1920.874,101.999,36.836,69.417,2.769,195.352,15.144
4.197,2.43,37.427,37.427,53.739,603687.938,1920.874,102.009,36.853,69.431,2.768,195.396,15.142
4.197,2.43,37.434,37.434,53.733,603687.938,1920.874,102.019,36.87,69.445,2.767,195.439,15.141
4.197,2.43,37.44,37.44,53.727,603687.938,1920.874,102.03,36.888,69.459,2.766,195.483,15.139
4.197,2.43,37.447,37.447,53.721,603687.938,1920.874,102.04,36.905,69.472,2.765,195.527,15.137
4.197,2.43,37.454,37.454,53.715,603687.938,1920.874,102.05,36.922,69.486,2.764,195.57,15.136
4.197,2.43,37.46,37.46,53.71,603687.938,1920.874,102.06,36.94,69.5,2.763,195.614,15.134
4.197,2.43,37.467,37.467,53.704,603687.938,1920.874,102.071,36.957,69.514,2.762,195.657,15.132
4.197,2.43,37.474,37.474,53.698,603687.938,1920.874,102.081,36.974,69.528,2.761,195.701,15.131
4.197,2.43,37.48,37.48,53.692,603687.938,1920.874,102.091,36.992,69.541,2.76,195.744,15.129
4.197,2.43,37.487,37.487,53.686,603687.938,1920.874,102.101,37.009,69.555,2.759,195.788,15.127
4.197,2.43,37.494,37.494,53.68,603687.938,1920.874,102.111,37.026,69.569,2.758,195.832,15.126
4.197,2.43,37.5,37.5,53.674,603687.938,1920.874,102.122,37.044,69.583,2.757,195.875,15.124
4.197,2.43,37.507,37.507,53.669,603687.938,1920.874,102.132,37.061,69.597,2.756,195.919,15.122
4.197,2.43,37.514,37.514,53.663,603687.938,1920.874,102.142,37.079,69.61,2.755,195.962,15.121
4.197,2.43,37.52,37.52,53.657,603687.938,1920.874,102.152,37.096,69.624,2.754,196.006,15.119
4.197,2.43,37.527,37.527,53.651,603687.938,1920.874,102.163,37.113,69.638,2.753,196.049,15.117
4.197,2.43,37.534,37.534,53.645,603687.938,1920.874,102.173,37.131,69.652,2.752,196.093,15.116
4.197,2.43,37.54,37.54,53.639,603687.938,1920.874,102.183,37.148,69.665,2.751,196.136,15.114
4.197,2.43,37.547,37.547,53.633,603687.938,1920.874,102.193,37.165,69.679,2.75,196.18,15.113
4.197,2.43,37.554,37.554,53.628,603687.938,1920.874,102.204,37.182,69.693,2.749,196.223,15.111
4.197,2.43,37.56,37.56,53.622,603687.938,1920.874,102.214,37.2,69.707,2.748,196.267,15.109
4.197,2.43,37.567,37.567,53.616,603687.938,1920.874,102.224,37.217,69.721,2.747,196.31,15.108
4.197,2.43,37.573,37.573,53.61,603687.938,1920.874,102.234,37.234,69.734,2.746,196.354,15.106
4.197,2.43,37.58,37.58,53.604,603687.938,1920.874,102.244,37.252,69.748,2.745,196.397,15.104
4.197,2.43,37.587,37.587,53.598,603687.938,1920.874,102.255,37.269,69.762,2.744,196.441,15.103
4.197,2.43,37.593,37.593,53.592,603687.938,1920.874,102.265,37.286,69.776,2.743,196.484,15.101
4.197,2.43,37.6,37.6,53.587,603687.938,1920.874,102.275,37.304,69.789,2.742,196.528,15.099
4.197,2.43,37.607,37.607,53.581,603687.938,1920.874,102.285,37.321,69.803,2.741,196.571,15.098
4.197,2.43,37.613,37.613,53.575,603687.938,1920.874,102.295,37.338,69.817,2.74,196.614,15.096
4.197,2.43,37.62,37.62,53.569,603687.938,1920.874,102.306,37.356,69.831,2.739,196.658,15.094
4.197,2.43,37.627,37.627,53.563,603687.938,1920.874,102.316,37.373,69.844,2.738,196.701,15.093
4.197,2.43,37.633,37.633,53.557,603687.938,1920.874,102.326,37.39,69.858,2.737,196.745,15.091
4.197,2.43,37.64,37.64,53.552,603687.938,1920.874,102.336,37.407,69.872,2.736,196.788,15.089
4.197,2.43,37.647,37.647,53.546,603687.938,1920.874,102.347,37.425,69.886,2.735,196.832,15.088
4.197,2.43,37.653,37.653,53.54,603687.938,1920.874,102.357,37.442,69.899,2.734,196.875,15.086
4.197,2.43,37.66,37.66,53.534,603687.938,1920.874,102.367,37.459,69.913,2.733,196.918,15.085
4.197,2.43,37.666,37.666,53.528,603687.938,1920.874,102.377,37.477,69.927,2.732,196.962,15.083
4.197,2.43,37.673,37.673,53.522,603687.938,1920.874,102.387,37.494,69.941,2.731,197.005,15.081
4.197,2.43,37.68,37.68,53.517,603687.938,1920.874,102.398,37.511,69.954,2.73,197.049,15.08
4.197,2.43,37.686,37.686,53.511,603687.938,1920.874,102.408,37.528,69.968,2.729,197.092,15.078
4.197,2.43,37.693,37.693,53.505,603687.938,1920.874,102.418,37.546,69.982,2.728,197.135,15.076
4.197,2.43,37.7,37.7,53.499,603687.938,1920.874,102.428,37.563,69.996,2.727,197.179,15.075
4.197,2.43,37.706,37.706,53.493,603687.938,1920.874,102.438,37.58,70.009,2.726,197.222,15.073
4.197,2.43,37.713,37.713,53.487,603687.938,1920.874,102.449,37.597,70.023,2.725,197.266,15.071
4.197,2.43,37.72,37.72,53.482,603687.938,1920.874,102.459,37.615,70.037,2.724,197.309,15.07
4.197,2.43,37.726,37.726,53.476,603687.938,1920.874,102.469,37.632,70.051,2.723,197.352,15.068
4.197,2.43,37.733,37.733,53.47,603687.938,1920.874,102.479,37.649,70.064,2.722,197.396,15.066
4.197,2.43,37.739,37.739,53.464,603687.938,1920.874,102.489,37.667,70.078,2.721,197.439,15.065
4.197,2.43,37.746,37.746,53.458,603687.938,1920.874,102.5,37.684,70.092,2.72,197.482,15.063
4.197,2.43,37.753,37.753,53.453,603687.938,1920.874,102.51,37.701,70.105,2.719,197.526,15.062
4.197,2.43,37.759,37.759,53.447,603687.938,1920.874,102.52,37.718,70.119,2.718,197.569,15.06
4.197,2.43,37.766,37.766,53.441,603687.938,1920.874,102.53,37.736,70.133,2.717,197.612,15.058
4.197,2.43,37.773,37.773,53.435,603687.938,1920.874,102.54,37.753,70.147,2.716,197.656,15.057
4.197,2.43,37.779,37.779,53.429,603687.938,1920.874,102.551,37.77,70.16,2.715,197.699,15.055
4.197,2.43,37.786,37.786,53.423,603687.938,1920.874,102.561,37.787,70.174,2.714,197.742,15.053
4.197,2.43,37.792,37.792,53.418,603687.938,1920.874,102.571,37.804,70.188,2.713,197.786,15.052
4.197,2.43,37.799,37.799,53.412,603687.938,1920.874,102.581,37.822,70.201,2.712,197.829,15.05
4.197,2.43,37.806,37.806,53.406,603687.938,1920.874,102.591,37.839,70.215,2.711,197.872,15.048
4.197,2.43,37.812,37.812,53.4,603687.938,1920.874,102.602,37.856,70.229,2.71,197.916,15.047
4.197,2.43,37.819,37.819,53.394,603687.938,1920.874,102.612,37.873,70.243,2.709,197.959,15.045
4.197,2.43,37.825,37.825,53.389,603687.938,1920.874,102.622,37.891,70.256,2.708,198.002,15.044
4.197,2.43,37.832,37.832,53.383,603687.938,1920.874,102.632,37.908,70.27,2.707,198.045,15.042
4.197,2.43,37.839,37.839,53.377,603687.938,1920.874,102.642,37.925,70.284,2.706,198.089,15.04
4.197,2.43,37.845,37.845,53.371,603687.938,1920.874,102.653,37.942,70.297,2.705,198.132,15.039
4.197,2.43,37.852,37.852,53.366,603687.938,1920.874,102.663,37.959,70.311,2.705,198.175,15.037
4.197,2.43,37.859,37.859,53.36,603687.938,1920.874,102.673,37.977,70.325,2.704,198.219,15.035
4.197,2.43,37.865,37.865,53.354,603687.938,1920.874,102.683,37.994,70.339,2.703,198.262,15.034
4.197,2.43,37.872,37.872,53.348,603687.938,1920.874,102.693,38.011,70.352,2.702,198.305,15.032
4.197,2.43,37.878,37.878,53.342,603687.938,1920.874,102.704,38.028,70.366,2.701,198.348,15.031
4.197,2.43,37.885,37.885,53.337,603687.938,1920.874,102.714,38.045,70.38,2.7,198.392,15.029
4.197,2.43,37.892,37.892,53.331,603687.938,1920.874,102.724,38.063,70.393,2.699,198.435,15.027
4.197,2.43,37.898,37.898,53.325,603687.938,1920.874,102.734,38.08,70.407,2.698,198.478,15.026
4.197,2.43,37.905,37.905,53.319,603687.938,1920.874,102.744,38.097,70.421,2.697,198.521,15.024
4.197,2.43,37.911,37.911,53.314,603687.938,1920.874,102.755,38.114,70.434,2.696,198.565,15.022
4.197,2.43,37.918,37.918,53.308,603687.938,1920.874,102.765,38.131,70.448,2.695,198.608,15.021
4.197,2.43,37.925,37.925,53.302,603687.938,1920.874,102.775,38.149,70.462,2.694,198.651,15.019
4.197,2.43,37.931,37.931,53.296,603687.938,1920.874,102.785,38.166,70.475,2.693,198.694,15.018
4.197,2.43,37.938,37.938,53.291,603687.938,1920.874,102.795,38.183,70.489,2.692,198.737,15.016
4.197,2.43,37.944,37.944,53.285,603687.938,1920.874,102.806,38.2,70.503,2.691,198.781,15.014
4.197,2.43,37.951,37.951,53.279,603687.938,1920.874,102.816,38.217,70.516,2.69,198.824,15.013
4.197,2.43,37.958,37.958,53.273,603687.938,1920.874,102.826,38.234,70.53,2.689,198.867,15.011
4.197,2.43,37.964,37.964,53.268,603687.938,1920.874,102.836,38.252,70.544,2.688,198.91,15.009
4.197,2.43,37.971,37.971,53.262,603687.938,1920.874,102.846,38.269,70.557,2.687,198.953,15.008
4.197,2.43,37.977,37.977,53.256,603687.938,1920.874,102.856,38.286,70.571,2.687,198.997,15.006
4.197,2.43,37.984,37.984,53.25,603687.938,1920.874,102.867,38.303,70.585,2.686,199.04,15.005
4.197,2.43,37.991,37.991,53.245,603687.938,1920.874,102.877,38.32,70.599,2.685,199.083,15.003
4.197,2.43,37.997,37.997,53.239,603687.938,1920.874,102.887,38.337,70.612,2.684,199.126,15.001
4.197,2.43,38.004,38.004,53.233,603687.938,1920.874,102.897,38.354,70.626,2.683,199.169,15.0
4.197,2.43,38.01,38.01,53.227,603687.938,1920.874,102.907,38.372,70.64,2.682,199.212,14.998
4.197,2.43,38.017,38.017,53.222,603687.938,1920.874,102.918,38.389,70.653,2.681,199.256,14.996
4.197,2.43,38.024,38.024,53.216,603687.938,1920.874,102.928,38.406,70.667,2.68,199.299,14.995
4.197,2.43,38.03,38.03,53.21,603687.938,1920.874,102.938,38.423,70.68,2.679,199.342,14.993
4.197,2.43,38.037,38.037,53.204,603687.938,1920.874,102.948,38.44,70.694,2.678,199.385,14.992
4.197,2.43,38.043,38.043,53.199,603687.938,1920.874,102.958,38.457,70.708,2.677,199.428,14.99
4.197,2.43,38.05,38.05,53.193,603687.938,1920.874,102.969,38.474,70.721,2.676,199.471,14.988
4.197,2.43,38.057,38.057,53.187,603687.938,1920.874,102.979,38.492,70.735,2.675,199.514,14.987
4.197,2.43,38.063,38.063,53.181,603687.938,1920.874,102.989,38.509,70.749,2.674,199.557,14.985
4.197,2.43,38.07,38.07,53.176,603687.938,1920.874,102.999,38.526,70.762,2.674,199.601,14.984
4.197,2.43,38.076,38.076,53.17,603687.938,1920.874,103.009,38.543,70.776,2.673,199.644,14.982
4.197,2.43,38.083,38.083,53.164,603687.938,1920.874,103.019,38.56,70.79,2.672,199.687,14.98
4.197,2.43,38.09,38.09,53.159,603687.938,1920.874,103.03,38.577,70.803,2.671,199.73,14.979
4.197,2.43,38.096,38.096,53.153,603687.938,1920.874,103.04,38.594,70.817,2.67,199.773,14.977
4.197,2.43,38.103,38.103,53.147,603687.938,1920.874,103.05,38.611,70.831,2.669,199.816,14.976
4.197,2.43,38.109,38.109,53.142,603687.938,1920.874,103.06,38.628,70.844,2.668,199.859,14.974
4.197,2.43,38.116,38.116,53.136,603687.938,1920.874,103.07,38.646,70.858,2.667,199.902,14.972
4.197,2.43,38.122,38.122,53.13,603687.938,1920.874,103.081,38.663,70.872,2.666,199.945,14.971
4.197,2.43,38.129,38.129,53.124,603687.938,1920.874,103.091,38.68,70.885,2.665,199.988,14.969
4.197,2.43,38.136,38.136,53.119,603687.938,1920.874,103.101,38.697,70.899,2.664,200.031,14.968
4.197,2.43,38.142,38.142,53.113,603687.938,1920.874,103.111,38.714,70.912,2.663,200.074,14.966
4.197,2.43,38.149,38.149,53.107,603687.938,1920.874,103.121,38.731,70.926,2.663,200.117,14.964
4.197,2.43,38.155,38.155,53.102,603687.938,1920.874,103.131,38.748,70.94,2.662,200.161,14.963
4.197,2.43,38.162,38.162,53.096,603687.938,1920.874,103.142,38.765,70.953,2.661,200.204,14.961
4.197,2.43,38.169,38.169,53.09,603687.938,1920.874,103.152,38.782,70.967,2.66,200.247,14.959
4.197,2.43,38.175,38.175,53.085,603687.938,1920.874,103.162,38.799,70.981,2.659,200.29,14.958
4.197,2.43,38.182,38.182,53.079,603687.938,1920.874,103.172,38.816,70.994,2.658,200.333,14.956
4.197,2.43,38.188,38.188,53.073,603687.938,1920.874,103.182,38.833,71.008,2.657,200.376,14.955
4.197,2.43,38.195,38.195,53.068,603687.938,1920.874,103.193,38.85,71.021,2.656,200.419,14.953
4.197,2.43,38.201,38.201,53.062,603687.938,1920.874,103.203,38.867,71.035,2.655,200.462,14.951
4.197,2.43,38.208,38.208,53.056,603687.938,1920.874,103.213,38.885,71.049,2.654,200.505,14.95
4.197,2.43,38.215,38.215,53.051,603687.938,1920.874,103.223,38.902,71.062,2.653,200.548,14.948
4.197,2.43,38.221,38.221,53.045,603687.938,1920.874,103.233,38.919,71.076,2.653,200.591,14.947
4.197,2.43,38.228,38.228,53.039,603687.938,1920.874,103.243,38.936,71.09,2.652,200.634,14.945
4.197,2.43,38.234,38.234,53.034,603687.938,1920.874,103.254,38.953,71.103,2.651,200.677,14.944
4.197,2.43,38.241,38.241,53.028,603687.938,1920.874,103.264,38.97,71.117,2.65,200.72,14.942
4.197,2.43,38.247,38.247,53.022,603687.938,1920.874,103.274,38.987,71.13,2.649,200.763,14.94
4.197,2.43,38.254,38.254,53.017,603687.938,1920.874,103.284,39.004,71.144,2.648,200.806,14.939
4.197,2.43,38.261,38.261,53.011,603687.938,1920.874,103.294,39.021,71.158,2.647,200.849,14.937
4.197,2.43,38.267,38.267,53.005,603687.938,1920.874,103.305,39.038,71.171,2.646,200.892,14.936
4.197,2.43,38.274,38.274,53.0,603687.938,1920.874,103.315,39.055,71.185,2.645,200.935,14.934
4.197,2.43,38.28,38.28,52.994,603687.938,1920.874,103.325,39.072,71.198,2.644,200.978,14.932
4.197,2.43,38.287,38.287,52.988,603687.938,1920.874,103.335,39.089,71.212,2.644,201.02,14.931
4.197,2.43,38.293,38.293,52.983,603687.938,1920.874,103.345,39.106,71.226,2.643,201.063,14.929
4.197,2.43,38.3,38.3,52.977,603687.938,1920.874,103.355,39.123,71.239,2.642,201.106,14.928
4.197,2.43,38.307,38.307,52.971,603687.938,1920.874,103.366,39.14,71.253,2.641,201.149,14.926
4.197,2.43,38.313,38.313,52.966,603687.938,1920.874,103.376,39.157,71.266,2.64,201.192,14.924
4.197,2.43,38.32,38.32,52.96,603687.938,1920.874,103.386,39.174,71.28,2.639,201.235,14.923
4.197,2.43,38.326,38.326,52.955,603687.938,1920.874,103.396,39.191,71.294,2.638,201.278,14.921
4.197,2.43,38.333,38.333,52.949,603687.938,1920.874,103.406,39.208,71.307,2.637,201.321,14.92
4.197,2.43,38.339,38.339,52.943,603687.938,1920.874,103.417,39.225,71.321,2.636,201.364,14.918
4.197,2.43,38.346,38.346,52.938,603687.938,1920.874,103.427,39.242,71.334,2.636,201.407,14.917
4.197,2.43,38.352,38.352,52.932,603687.938,1920.874,103.437,39.259,71.348,2.635,201.45,14.915
4.197,2.43,38.359,38.359,52.927,603687.938,1920.874,103.447,39.276,71.362,2.634,201.493,14.913
4.197,2.43,38.366,38.366,52.921,603687.938,1920.874,103.457,39.293,71.375,2.633,201.536,14.912
4.197,2.43,38.372,38.372,52.915,603687.938,1920.874,103.467,39.31,71.389,2.632,201.578,14.91
4.197,2.43,38.379,38.379,52.91,603687.938,1920.874,103.478,39.327,71.402,2.631,201.621,14.909
4.197,2.43,38.385,38.385,52.904,603687.938,1920.874,103.488,39.344,71.416,2.63,201.664,14.907
4.197,2.43,38.392,38.392,52.899,603687.938,1920.874,103.498,39.361,71.429,2.629,201.707,14.905
4.197,2.43,38.398,38.398,52.893,603687.938,1920.874,103.508,39.378,71.443,2.629,201.75,14.904
4.197,2.43,38.405,38.405,52.887,603687.938,1920.874,103.518,39.395,71.457,2.628,201.793,14.902
4.197,2.43,38.411,38.411,52.882,603687.938,1920.874,103.529,39.412,71.47,2.627,201.836,14.901
4.197,2.43,38.418,38.418,52.876,603687.938,1920.874,103.539,39.429,71.484,2.626,201.879,14.899
4.197,2.43,38.425,38.425,52.871,603687.938,1920.874,103.549,39.446,71.497,2.625,201.921,14.898
4.197,2.43,38.431,38.431,52.865,603687.938,1920.874,103.559,39.463,71.511,2.624,201.964,14.896
4.197,2.43,38.438,38.438,52.859,603687.938,1920.874,103.569,39.48,71.524,2.623,202.007,14.894
4.197,2.43,38.444,38.444,52.854,603687.938,1920.874,103.58,39.497,71.538,2.622,202.05,14.893
4.197,2.43,38.451,38.451,52.848,603687.938,1920.874,103.59,39.513,71.552,2.622,202.093,14.891
4.197,2.43,38.457,38.457,52.843,603687.938,1920.874,103.6,39.53,71.565,2.621,202.136,14.89
4.197,2.43,38.464,38.464,52.837,603687.938,1920.874,103.61,39.547,71.579,2.62,202.178,14.888
4.197,2.43,38.47,38.47,52.832,603687.938,1920.874,103.62,39.564,71.592,2.619,202.221,14.887
4.197,2.43,38.477,38.477,52.826,603687.938,1920.874,103.63,39.581,71.606,2.618,202.264,14.885
4.197,2.43,38.483,38.483,52.82,603687.938,1920.874,103.641,39.598,71.619,2.617,202.307,14.883
4.197,2.43,38.49,38.49,52.815,603687.938,1920.874,103.651,39.615,71.633,2.616,202.35,14.882
4.197,2.43,38.497,38.497,52.809,603687.938,1920.874,103.661,39.632,71.646,2.616,202.393,14.88
4.197,2.43,38.503,38.503,52.804,603687.938,1920.874,103.671,39.649,71.66,2.615,202.435,14.879
4.197,2.43,38.51,38.51,52.798,603687.938,1920.874,103.681,39.666,71.674,2.614,202.478,14.877
4.197,2.43,38.516,38.516,52.793,603687.938,1920.874,103.692,39.683,71.687,2.613,202.521,14.876
4.197,2.43,38.523,38.523,52.787,603687.938,1920.874,103.702,39.7,71.701,2.612,202.564,14.874
4.197,2.43,38.529,38.529,52.782,603687.938,1920.874,103.712,39.716,71.714,2.611,202.606,14.873
4.197,2.43,38.536,38.536,52.776,603687.938,1920.874,103.722,39.733,71.728,2.61,202.649,14.871
4.197,2.43,38.542,38.542,52.771,603687.938,1920.874,103.732,39.75,71.741,2.61,202.692,14.869
4.197,2.43,38.549,38.549,52.765,603687.938,1920.874,103.743,39.767,71.755,2.609,202.735,14.868
4.197,2.43,38.555,38.555,52.76,603687.938,1920.874,103.753,39.784,71.768,2.608,202.778,14.866
4.197,2.43,38.562,38.562,52.754,603687.938,1920.874,103.763,39.801,71.782,2.607,202.82,14.865
4.197,2.43,38.568,38.568,52.749,603687.938,1920.874,103.773,39.818,71.795,2.606,202.863,14.863
4.197,2.43,38.575,38.575,52.743,603687.938,1920.874,103.783,39.835,71.809,2.605,202.906,14.862
4.197,2.43,38.582,38.582,52.737,603687.938,1920.874,103.793,39.852,71.823,2.604,202.949,14.86
4.197,2.43,38.588,38.588,52.732,603687.938,1920.874,103.804,39.868,71.836,2.604,202.991,14.859
4.197,2.43,38.595,38.595,52.726,603687.938,1920.874,103.814,39.885,71.85,2.603,203.034,14.857
4.197,2.43,38.601,38.601,52.721,603687.938,1920.874,103.824,39.902,71.863,2.602,203.077,14.855
4.197,2.43,38.608,38.608,52.715,603687.938,1920.874,103.834,39.919,71.877,2.601,203.12,14.854
4.197,2.43,38.614,38.614,52.71,603687.938,1920.874,103.844,39.936,71.89,2.6,203.162,14.852
4.197,2.43,38.621,38.621,52.704,603687.938,1920.874,103.855,39.953,71.904,2.599,203.205,14.851
4.197,2.43,38.627,38.627,52.699,603687.938,1920.874,103.865,39.97,71.917,2.599,203.248,14.849
4.197,2.43,38.634,38.634,52.693,603687.938,1920.874,103.875,39.987,71.931,2.598,203.29,14.848
4.197,2.43,38.64,38.64,52.688,603687.938,1920.874,103.885,40.003,71.944,2.597,203.333,14.846
4.197,2.43,38.647,38.647,52.683,603687.938,1920.874,103.895,40.02,71.958,2.596,203.376,14.845
4.197,2.43,38.653,38.653,52.677,603687.938,1920.874,103.906,40.037,71.971,2.595,203.418,14.843
4.197,2.43,38.66,38.66,52.672,603687.938,1920.874,103.916,40.054,71.985,2.594,203.461,14.842
4.197,2.43,38.666,38.666,52.666,603687.938,1920.874,103.926,40.071,71.998,2.594,203.504,14.84
4.197,2.43,38.673,38.673,52.661,603687.938,1920.874,103.936,40.088,72.012,2.593,203.547,14.838
4.197,2.43,38.679,38.679,52.655,603687.938,1920.874,103.946,40.104,72.025,2.592,203.589,14.837
4.197,2.43,38.686,38.686,52.65,603687.938,1920.874,103.957,40.121,72.039,2.591,203.632,14.835
4.197,2.43,38.693,38.693,52.644,603687.938,1920.874,103.967,40.138,72.052,2.59,203.675,14.834
4.197,2.43,38.699,38.699,52.639,603687.938,1920.874,103.977,40.155,72.066,2.589,203.717,14.832
4.197,2.43,38.706,38.706,52.633,603687.938,1920.874,103.987,40.172,72.079,2.589,203.76,14.831
4.197,2.43,38.712,38.712,52.628,603687.938,1920.874,103.997,40.188,72.093,2.588,203.803,14.829
4.197,2.43,38.719,38.719,52.622,603687.938,1920.874,104.008,40.205,72.106,2.587,203.845,14.828
4.197,2.43,38.725,38.725,52.617,603687.938,1920.874,104.018,40.222,72.12,2.586,203.888,14.826
4.197,2.43,38.732,38.732,52.612,603687.938,1920.874,104.028,40.239,72.133,2.585,203.93,14.825
4.197,2.43,38.738,38.738,52.606,603687.938,1920.874,104.038,40.256,72.147,2.584,203.973,14.823
4.197,2.43,38.745,38.745,52.601,603687.938,1920.874,104.048,40.272,72.16,2.584,204.016,14.822
4.197,2.43,38.751,38.751,52.595,603687.938,1920.874,104.059,40.289,72.174,2.583,204.058,14.82
4.197,2.43,38.758,38.758,52.59,603687.938,1920.874,104.069,40.306,72.187,2.582,204.101,14.818
4.197,2.43,38.764,38.764,52.584,603687.938,1920.874,104.079,40.323,72.201,2.581,204.144,14.817
4.197,2.43,38.771,38.771,52.579,603687.938,1920.874,104.089,40.34,72.214,2.58,204.186,14.815
4.197,2.43,38.777,38.777,52.574,603687.938,1920.874,104.1,40.356,72.228,2.58,204.229,14.814
4.197,2.43,38.784,38.784,52.568,603687.938,1920.874,104.11,40.373,72.241,2.579,204.271,14.812
4.197,2.43,38.79,38.79,52.563,603687.938,1920.874,104.12,40.39,72.255,2.578,204.314,14.811
4.197,2.43,38.797,38.797,52.557,603687.938,1920.874,104.13,40.407,72.268,2.577,204.357,14.809
4.197,2.43,38.803,38.803,52.552,603687.938,1920.874,104.14,40.423,72.282,2.576,204.399,14.808
4.197,2.43,38.81,38.81,52.547,603687.938,1920.874,104.151,40.44,72.295,2.575,204.442,14.806
4.197,2.43,38.816,38.816,52.541,603687.938,1920.874,104.161,40.457,72.309,2.575,204.484,14.805
4.197,2.43,38.823,38.823,52.536,603687.938,1920.874,104.171,40.474,72.322,2.574,204.527,14.803
4.197,2.43,38.829,38.829,52.53,603687.938,1920.874,104.181,40.49,72.336,2.573,204.57,14.802
4.197,2.43,38.836,38.836,52.525,603687.938,1920.874,104.191,40.507,72.349,2.572,204.612,14.8
4.197,2.43,38.842,38.842,52.52,603687.938,1920.874,104.202,40.524,72.363,2.571,204.655,14.799
4.197,2.43,38.849,38.849,52.514,603687.938,1920.874,104.212,40.541,72.376,2.571,204.697,14.797
4.197,2.43,38.855,38.855,52.509,603687.938,1920.874,104.222,40.557,72.39,2.57,204.74,14.796
4.197,2.43,38.862,38.862,52.503,603687.938,1920.874,104.232,40.574,72.403,2.569,204.782,14.794
4.197,2.43,38.868,38.868,52.498,603687.938,1920.874,104.242,40.591,72.417,2.568,204.825,14.793
4.197,2.43,38.875,38.875,52.493,603687.938,1920.874,104.253,40.608,72.43,2.567,204.867,14.791
4.197,2.43,38.881,38.881,52.487,603687.938,1920.874,104.263,40.624,72.444,2.567,204.91,14.79
4.197,2.43,38.888,38.888,52.482,603687.938,1920.874,104.273,40.641,72.457,2.566,204.953,14.788
4.197,2.43,38.894,38.894,52.477,603687.938,1920.874,104.283,40.658,72.471,2.565,204.995,14.787
4.197,2.43,38.901,38.901,52.471,603687.938,1920.874,104.294,40.674,72.484,2.564,205.038,14.785
4.197,2.43,38.907,38.907,52.466,603687.938,1920.874,104.304,40.691,72.498,2.563,205.08,14.784
4.197,2.43,38.914,38.914,52.461,603687.938,1920.874,104.314,40.708,72.511,2.563,205.123,14.782
4.197,2.43,38.92,38.92,52.455,603687.938,1920.874,104.324,40.725,72.524,2.562,205.165,14.781
4.197,2.43,38.927,38.927,52.45,603687.938,1920.874,104.334,40.741,72.538,2.561,205.208,14.779
4.197,2.43,38.933,38.933,52.445,603687.938,1920.874,104.345,40.758,72.551,2.56,205.25,14.778
4.197,2.43,38.94,38.94,52.439,603687.938,1920.874,104.355,40.775,72.565,2.559,205.293,14.776
4.197,2.43,38.946,38.946,52.434,603687.938,1920.874,104.365,40.791,72.578,2.559,205.335,14.775
4.197,2.43,38.953,38.953,52.429,603687.938,1920.874,104.375,40.808,72.592,2.558,205.378,14.773
4.197,2.43,38.959,38.959,52.423,603687.938,1920.874,104.386,40.825,72.605,2.557,205.42,14.772
4.197,2.43,38.966,38.966,52.418,603687.938,1920.874,104.396,40.841,72.619,2.556,205.463,14.77
4.197,2.43,38.972,38.972,52.413,603687.938,1920.874,104.406,40.858,72.632,2.555,205.505,14.769
4.197,2.43,38.979,38.979,52.407,603687.938,1920.874,104.416,40.875,72.646,2.555,205.548,14.767
4.197,2.43,38.985,38.985,52.402,603687.938,1920.874,104.427,40.891,72.659,2.554,205.59,14.766
4.197,2.43,38.992,38.992,52.397,603687.938,1920.874,104.437,40.908,72.672,2.553,205.633,14.764
4.197,2.43,38.998,38.998,52.391,603687.938,1920.874,104.447,40.925,72.686,2.552,205.675,14.763
4.197,2.43,39.005,39.005,52.386,603687.938,1920.874,104.457,40.941,72.699,2.551,205.718,14.761
4.197,2.43,39.011,39.011,52.381,603687.938,1920.874,104.467,40.958,72.713,2.551,205.76,14.76
4.197,2.43,39.018,39.018,52.376,603687.938,1920.874,104.478,40.975,72.726,2.55,205.802,14.758
4.197,2.43,39.024,39.024,52.37,603687.938,1920.874,104.488,40.991,72.74,2.549,205.845,14.757
4.197,2.43,39.031,39.031,52.365,603687.938,1920.874,104.498,41.008,72.753,2.548,205.887,14.755
4.197,2.43,39.037,39.037,52.36,603687.938,1920.874,104.508,41.025,72.767,2.547,205.93,14.754
4.197,2.43,39.044,39.044,52.354,603687.938,1920.874,104.519,41.041,72.78,2.547,205.972,14.752
4.197,2.43,39.05,39.05,52.349,603687.938,1920.874,104.529,41.058,72.793,2.546,206.015,14.751
4.197,2.43,39.057,39.057,52.344,603687.938,1920.874,104.539,41.075,72.807,2.545,206.057,14.749
4.197,2.43,39.063,39.063,52.339,603687.938,1920.874,104.549,41.091,72.82,2.544,206.099,14.748
4.197,2.43,39.07,39.07,52.333,603687.938,1920.874,104.56,41.108,72.834,2.544,206.142,14.746
4.197,2.43,39.076,39.076,52.328,603687.938,1920.874,104.57,41.124,72.847,2.543,206.184,14.745
4.197,2.43,39.083,39.083,52.323,603687.938,1920.874,104.58,41.141,72.861,2.542,206.227,14.743
4.197,2.43,39.089,39.089,52.318,603687.938,1920.874,104.59,41.158,72.874,2.541,206.269,14.742
4.197,2.43,39.096,39.096,52.312,603687.938,1920.874,104.601,41.174,72.887,2.54,206.312,14.74
4.197,2.43,39.102,39.102,52.307,603687.938,1920.874,104.611,41.191,72.901,2.54,206.354,14.739
4.197,2.43,39.109,39.109,52.302,603687.938,1920.874,104.621,41.207,72.914,2.539,206.396,14.737
4.197,2.43,39.115,39.115,52.297,603687.938,1920.874,104.631,41.224,72.928,2.538,206.439,14.736
4.197,2.43,39.122,39.122,52.291,603687.938,1920.874,104.642,41.241,72.941,2.537,206.481,14.734
4.197,2.43,39.128,39.128,52.286,603687.938,1920.874,104.652,41.257,72.955,2.537,206.523,14.733
4.197,2.43,39.134,39.134,52.281,603687.938,1920.874,104.662,41.274,72.968,2.536,206.566,14.731
4.197,2.43,39.141,39.141,52.276,603687.938,1920.874,104.672,41.29,72.981,2.535,206.608,14.73
4.197,2.43,39.147,39.147,52.271,603687.938,1920.874,104.683,41.307,72.995,2.534,206.651,14.729
4.197,2.43,39.154,39.154,52.265,603687.938,1920.874,104.693,41.323,73.008,2.533,206.693,14.727
4.197,2.43,39.16,39.16,52.26,603687.938,1920.874,104.703,41.34,73.022,2.533,206.735,14.726
4.197,2.43,39.167,39.167,52.255,603687.938,1920.874,104.713,41.357,73.035,2.532,206.778,14.724
4.197,2.43,39.173,39.173,52.25,603687.938,1920.874,104.724,41.373,73.048,2.531,206.82,14.723
4.197,2.43,39.18,39.18,52.245,603687.938,1920.874,104.734,41.39,73.062,2.53,206.862,14.721
4.197,2.43,39.186,39.186,52.239,603687.938,1920.874,104.744,41.406,73.075,2.53,206.905,14.72
4.197,2.43,39.193,39.193,52.234,603687.938,1920.874,104.754,41.423,73.089,2.529,206.947,14.718
4.197,2.43,39.199,39.199,52.229,603687.938,1920.874,104.765,41.439,73.102,2.528,206.989,14.717
4.197,2.43,39.206,39.206,52.224,603687.938,1920.874,104.775,41.456,73.115,2.527,207.032,14.715
4.197,2.43,39.212,39.212,52.219,603687.938,1920.874,104.785,41.472,73.129,2.527,207.074,14.714
4.197,2.43,39.219,39.219,52.213,603687.938,1920.874,104.796,41.489,73.142,2.526,207.116,14.712
4.197,2.43,39.225,39.225,52.208,603687.938,1920.874,104.806,41.506,73.156,2.525,207.159,14.711
4.197,2.43,39.232,39.232,52.203,603687.938,1920.874,104.816,41.522,73.169,2.524,207.201,14.71
4.197,2.43,39.238,39.238,52.198,603687.938,1920.874,104.826,41.539,73.182,2.524,207.243,14.708
4.197,2.43,39.244,39.244,52.193,603687.938,1920.874,104.837,41.555,73.196,2.523,207.286,14.707
4.197,2.43,39.251,39.251,52.188,603687.938,1920.874,104.847,41.572,73.209,2.522,207.328,14.705
4.197,2.43,39.257,39.257,52.182,603687.938,1920.874,104.857,41.588,73.223,2.521,207.37,14.704
4.197,2.43,39.264,39.264,52.177,603687.938,1920.874,104.867,41.605,73.236,2.521,207.413,14.702
4.197,2.43,39.27,39.27,52.172,603687.938,1920.874,104.878,41.621,73.249,2.52,207.455,14.701
4.197,2.43,39.277,39.277,52.167,603687.938,1920.874,104.888,41.638,73.263,2.519,207.497,14.699
4.197,2.43,39.283,39.283,52.162,603687.938,1920.874,104.898,41.654,73.276,2.518,207.539,14.698
4.197,2.43,39.29,39.29,52.157,603687.938,1920.874,104.909,41.671,73.29,2.518,207.582,14.696
4.197,2.43,39.296,39.296,52.152,603687.938,1920.874,104.919,41.687,73.303,2.517,207.624,14.695
4.197,2.43,39.303,39.303,52.147,603687.938,1920.874,104.929,41.704,73.316,2.516,207.666,14.694
4.197,2.43,39.309,39.309,52.141,603687.938,1920.874,104.939,41.72,73.33,2.515,207.709,14.692
4.197,2.43,39.316,39.316,52.136,603687.938,1920.874,104.95,41.737,73.343,2.515,207.751,14.691
4.197,2.43,39.322,39.322,52.131,603687.938,1920.874,104.96,41.753,73.357,2.514,207.793,14.689
4.197,2.43,39.329,39.329,52.126,603687.938,1920.874,104.97,41.77,73.37,2.513,207.835,14.688
4.197,2.43,39.335,39.335,52.121,603687.938,1920.874,104.981,41.786,73.383,2.512,207.878,14.686
4.197,2.43,39.341,39.341,52.116,603687.938,1920.874,104.991,41.803,73.397,2.512,207.92,14.685
4.197,2.43,39.348,39.348,52.111,603687.938,1920.874,105.001,41.819,73.41,2.511,207.962,14.684
4.197,2.43,39.354,39.354,52.106,603687.938,1920.874,105.011,41.835,73.423,2.51,208.004,14.682
4.197,2.43,39.361,39.361,52.101,603687.938,1920.874,105.022,41.852,73.437,2.509,208.047,14.681
4.197,2.43,39.367,39.367,52.096,603687.938,1920.874,105.032,41.868,73.45,2.509,208.089,14.679
4.197,2.43,39.374,39.374,52.091,603687.938,1920.874,105.042,41.885,73.464,2.508,208.131,14.678
4.197,2.43,39.38,39.38,52.085,603687.938,1920.874,105.053,41.901,73.477,2.507,208.173,14.676
4.197,2.43,39.387,39.387,52.08,603687.938,1920.874,105.063,41.918,73.49,2.506,208.215,14.675
4.197,2.43,39.393,39.393,52.075,603687.938,1920.874,105.073,41.934,73.504,2.506,208.258,14.674
4.197,2.43,39.4,39.4,52.07,603687.938,1920.874,105.083,41.951,73.517,2.505,208.3,14.672
4.197,2.43,39.406,39.406,52.065,603687.938,1920.874,105.094,41.967,73.53,2.504,208.342,14.671
4.197,2.43,39.412,39.412,52.06,603687.938,1920.874,105.104,41.983,73.544,2.503,208.384,14.669
4.197,2.43,39.419,39.419,52.055,603687.938,1920.874,105.114,42.0,73.557,2.503,208.426,14.668
4.197,2.43,39.425,39.425,52.05,603687.938,1920.874,105.125,42.016,73.57,2.502,208.469,14.666
4.197,2.43,39.432,39.432,52.045,603687.938,1920.874,105.135,42.033,73.584,2.501,208.511,14.665
4.197,2.43,39.438,39.438,52.04,603687.938,1920.874,105.145,42.049,73.597,2.501,208.553,14.664
4.197,2.43,39.445,39.445,52.035,603687.938,1920.874,105.156,42.065,73.611,2.5,208.595,14.662
4.197,2.43,39.451,39.451,52.03,603687.938,1920.874,105.166,42.082,73.624,2.499,208.637,14.661
4.197,2.43,39.458,39.458,52.025,603687.938,1920.874,105.176,42.098,73.637,2.498,208.68,14.659
4.197,2.43,39.464,39.464,52.02,603687.938,1920.874,105.187,42.115,73.651,2.498,208.722,14.658
4.197,2.43,39.47,39.47,52.015,603687.938,1920.874,105.197,42.131,73.664,2.497,208.764,14.656
4.197,2.43,39.477,39.477,52.01,603687.938,1920.874,105.207,42.147,73.677,2.496,208.806,14.655
4.197,2.43,39.483,39.483,52.005,603687.938,1920.874,105.217,42.164,73.691,2.495,208.848,14.654
4.197,2.43,39.49,39.49,52.0,603687.938,1920.874,105.228,42.18,73.704,2.495,208.89,14.652
4.197,2.43,39.496,39.496,51.995,603687.938,1920.874,105.238,42.197,73.717,2.494,208.933,14.651
4.197,2.43,39.503,39.503,51.99,603687.938,1920.874,105.248,42.213,73.731,2.493,208.975,14.649
4.197,2.43,39.509,39.509,51.985,603687.938,1920.874,105.259,42.229,73.744,2.493,209.017,14.648
4.197,2.43,39.516,39.516,51.98,603687.938,1920.874,105.269,42.246,73.757,2.492,209.059,14.647
4.197,2.43,39.522,39.522,51.975,603687.938,1920.874,105.279,42.262,73.771,2.491,209.101,14.645
4.197,2.43,39.528,39.528,51.97,603687.938,1920.874,105.29,42.278,73.784,2.49,209.143,14.644
4.197,2.43,39.535,39.535,51.965,603687.938,1920.874,105.3,42.295,73.797,2.49,209.185,14.642
4.197,2.43,39.541,39.541,51.96,603687.938,1920.874,105.31,42.311,73.811,2.489,209.228,14.641
4.197,2.43,39.548,39.548,51.955,603687.938,1920.874,105.321,42.327,73.824,2.488,209.27,14.64
4.197,2.43,39.554,39.554,51.95,603687.938,1920.874,105.331,42.344,73.837,2.488,209.312,14.638
4.197,2.43,39.561,39.561,51.945,603687.938,1920.874,105.341,42.36,73.851,2.487,209.354,14.637
4.197,2.43,39.567,39.567,51.94,603687.938,1920.874,105.352,42.376,73.864,2.486,209.396,14.635
4.197,2.43,39.574,39.574,51.935,603687.938,1920.874,105.362,42.393,73.877,2.485,209.438,14.634
4.197,2.43,39.58,39.58,51.93,603687.938,1920.874,105.372,42.409,73.891,2.485,209.48,14.633
4.197,2.43,39.586,39.586,51.925,603687.938,1920.874,105.383,42.425,73.904,2.484,209.522,14.631
4.197,2.43,39.593,39.593,51.92,603687.938,1920.874,105.393,42.442,73.917,2.483,209.565,14.63
4.197,2.43,39.599,39.599,51.916,603687.938,1920.874,105.403,42.458,73.931,2.483,209.607,14.628
4.197,2.43,39.606,39.606,51.911,603687.938,1920.874,105.414,42.474,73.944,2.482,209.649,14.627
4.197,2.43,39.612,39.612,51.906,603687.938,1920.874,105.424,42.491,73.957,2.481,209.691,14.626
4.197,2.43,39.619,39.619,51.901,603687.938,1920.874,105.435,42.507,73.971,2.48,209.733,14.624
4.197,2.43,39.625,39.625,51.896,603687.938,1920.874,105.445,42.523,73.984,2.48,209.775,14.623
4.197,2.43,39.631,39.631,51.891,603687.938,1920.874,105.455,42.54,73.997,2.479,209.817,14.622
4.197,2.43,39.638,39.638,51.886,603687.938,1920.874,105.466,42.556,74.011,2.478,209.859,14.62
4.197,2.43,39.644,39.644,51.881,603687.938,1920.874,105.476,42.572,74.024,2.478,209.901,14.619
4.197,2.43,39.651,39.651,51.876,603687.938,1920.874,105.486,42.588,74.037,2.477,209.943,14.617
4.197,2.43,39.657,39.657,51.871,603687.938,1920.874,105.497,42.605,74.051,2.476,209.985,14.616
4.197,2.43,39.664,39.664,51.867,603687.938,1920.874,105.507,42.621,74.064,2.475,210.027,14.615
4.197,2.43,39.67,39.67,51.862,603687.938,1920.874,105.517,42.637,74.077,2.475,210.069,14.613
4.197,2.43,39.676,39.676,51.857,603687.938,1920.874,105.528,42.654,74.091,2.474,210.111,14.612
4.197,2.43,39.683,39.683,51.852,603687.938,1920.874,105.538,42.67,74.104,2.473,210.154,14.611
4.197,2.43,39.689,39.689,51.847,603687.938,1920.874,105.548,42.686,74.117,2.473,210.196,14.609
4.197,2.43,39.696,39.696,51.842,603687.938,1920.874,105.559,42.702,74.131,2.472,210.238,14.608
4.197,2.43,39.702,39.702,51.837,603687.938,1920.874,105.569,42.719,74.144,2.471,210.28,14.606
4.197,2.43,39.709,39.709,51.833,603687.938,1920.874,105.58,42.735,74.157,2.471,210.322,14.605
4.197,2.43,39.715,39.715,51.828,603687.938,1920.874,105.59,42.751,74.171,2.47,210.364,14.604
4.197,2.43,39.721,39.721,51.823,603687.938,1920.874,105.6,42.767,74.184,2.469,210.406,14.602
4.197,2.43,39.728,39.728,51.818,603687.938,1920.874,105.611,42.784,74.197,2.468,210.448,14.601
4.197,2.43,39.734,39.734,51.813,603687.938,1920.874,105.621,42.8,74.21,2.468,210.49,14.6
4.197,2.43,39.741,39.741,51.808,603687.938,1920.874,105.631,42.816,74.224,2.467,210.532,14.598
4.197,2.43,39.747,39.747,51.804,603687.938,1920.874,105.642,42.832,74.237,2.466,210.574,14.597
4.197,2.43,39.754,39.754,51.799,603687.938,1920.874,105.652,42.849,74.25,2.466,210.616,14.596
4.197,2.43,39.76,39.76,51.794,603687.938,1920.874,105.663,42.865,74.264,2.465,210.658,14.594
4.197,2.43,39.766,39.766,51.789,603687.938,1920.874,105.673,42.881,74.277,2.464,210.7,14.593
4.197,2.43,39.773,39.773,51.784,603687.938,1920.874,105.683,42.897,74.29,2.464,210.742,14.591
4.197,2.43,39.779,39.779,51.779,603687.938,1920.874,105.694,42.913,74.304,2.463,210.784,14.59
4.197,2.43,39.786,39.786,51.775,603687.938,1920.874,105.704,42.93,74.317,2.462,210.826,14.589
4.197,2.43,39.792,39.792,51.77,603687.938,1920.874,105.715,42.946,74.33,2.462,210.868,14.587
4.197,2.43,39.798,39.798,51.765,603687.938,1920.874,105.725,42.962,74.343,2.461,210.91,14.586
4.197,2.43,39.805,39.805,51.76,603687.938,1920.874,105.735,42.978,74.357,2.46,210.952,14.585
4.197,2.43,39.811,39.811,51.756,603687.938,1920.874,105.746,42.994,74.37,2.46,210.994,14.583
4.197,2.43,39.818,39.818,51.751,603687.938,1920.874,105.756,43.011,74.383,2.459,211.036,14.582
4.197,2.43,39.824,39.824,51.746,603687.938,1920.874,105.766,43.027,74.397,2.458,211.078,14.581
4.197,2.43,39.831,39.831,51.741,603687.938,1920.874,105.777,43.043,74.41,2.457,211.12,14.579
4.197,2.43,39.837,39.837,51.736,603687.938,1920.874,105.787,43.059,74.423,2.457,211.162,14.578
4.197,2.43,39.843,39.843,51.732,603687.938,1920.874,105.798,43.075,74.436,2.456,211.204,14.577
4.197,2.43,39.85,39.85,51.727,603687.938,1920.874,105.808,43.091,74.45,2.455,211.246,14.575
4.197,2.43,39.856,39.856,51.722,603687.938,1920.874,105.819,43.108,74.463,2.455,211.288,14.574
4.197,2.43,39.863,39.863,51.717,603687.938,1920.874,105.829,43.124,74.476,2.454,211.329,14.573
4.197,2.43,39.869,39.869,51.713,603687.938,1920.874,105.839,43.14,74.49,2.453,211.371,14.571
4.197,2.43,39.875,39.875,51.708,603687.938,1920.874,105.85,43.156,74.503,2.453,211.413,14.57
4.197,2.43,39.882,39.882,51.703,603687.938,1920.874,105.86,43.172,74.516,2.452,211.455,14.569
4.197,2.43,39.888,39.888,51.699,603687.938,1920.874,105.871,43.188,74.529,2.451,211.497,14.567
4.197,2.43,39.895,39.895,51.694,603687.938,1920.874,105.881,43.204,74.543,2.451,211.539,14.566
4.197,2.43,39.901,39.901,51.689,603687.938,1920.874,105.891,43.221,74.556,2.45,211.581,14.565
4.197,2.43,39.907,39.907,51.684,603687.938,1920.874,105.902,43.237,74.569,2.449,211.623,14.563
4.197,2.43,39.914,39.914,51.68,603687.938,1920.874,105.912,43.253,74.583,2.449,211.665,14.562
4.197,2.43,39.92,39.92,51.675,603687.938,1920.874,105.923,43.269,74.596,2.448,211.707,14.561
4.197,2.43,39.927,39.927,51.67,603687.938,1920.874,105.933,43.285,74.609,2.447,211.749,14.559
4.197,2.43,39.933,39.933,51.666,603687.938,1920.874,105.944,43.301,74.622,2.447,211.791,14.558
4.197,2.43,39.94,39.94,51.661,603687.938,1920.874,105.954,43.317,74.636,2.446,211.833,14.557
4.197,2.43,39.946,39.946,51.656,603687.938,1920.874,105.964,43.333,74.649,2.445,211.874,14.555
4.197,2.43,39.952,39.952,51.652,603687.938,1920.874,105.975,43.35,74.662,2.445,211.916,14.554
4.197,2.43,39.959,39.959,51.647,603687.938,1920.874,105.985,43.366,74.675,2.444,211.958,14.553
4.197,2.43,39.965,39.965,51.642,603687.938,1920.874,105.996,43.382,74.689,2.443,212.0,14.551
4.197,2.43,39.972,39.972,51.638,603687.938,1920.874,106.006,43.398,74.702,2.443,212.042,14.55
4.197,2.43,39.978,39.978,51.633,603687.938,1920.874,106.017,43.414,74.715,2.442,212.084,14.549
4.197,2.43,39.984,39.984,51.628,603687.938,1920.874,106.027,43.43,74.728,2.441,212.126,14.548
4.197,2.43,39.991,39.991,51.624,603687.938,1920.874,106.037,43.446,74.742,2.441,212.168,14.546
4.197,2.43,39.997,39.997,51.619,603687.938,1920.874,106.048,43.462,74.755,2.44,212.21,14.545
4.197,2.43,40.004,40.004,51.614,603687.938,1920.874,106.058,43.478,74.768,2.439,212.251,14.544
4.197,2.43,40.01,40.01,51.61,603687.938,1920.874,106.069,43.494,74.782,2.439,212.293,14.542
4.197,2.43,40.016,40.016,51.605,603687.938,1920.874,106.079,43.51,74.795,2.438,212.335,14.541
4.197,2.43,40.023,40.023,51.6,603687.938,1920.874,106.09,43.526,74.808,2.437,212.377,14.54
4.197,2.43,40.029,40.029,51.596,603687.938,1920.874,106.1,43.543,74.821,2.437,212.419,14.538
4.197,2.43,40.036,40.036,51.591,603687.938,1920.874,106.111,43.559,74.835,2.436,212.461,14.537
4.197,2.43,40.042,40.042,51.586,603687.938,1920.874,106.121,43.575,74.848,2.435,212.503,14.536
4.197,2.43,40.048,40.048,51.582,603687.938,1920.874,106.131,43.591,74.861,2.435,212.545,14.534
4.197,2.43,40.055,40.055,51.577,603687.938,1920.874,106.142,43.607,74.874,2.434,212.586,14.533
4.197,2.43,40.061,40.061,51.573,603687.938,1920.874,106.152,43.623,74.888,2.433,212.628,14.532
4.197,2.43,40.068,40.068,51.568,603687.938,1920.874,106.163,43.639,74.901,2.433,212.67,14.531
4.197,2.43,40.074,40.074,51.563,603687.938,1920.874,106.173,43.655,74.914,2.432,212.712,14.529
4.197,2.43,40.08,40.08,51.559,603687.938,1920.874,106.184,43.671,74.927,2.431,212.754,14.528
4.197,2.43,40.087,40.087,51.554,603687.938,1920.874,106.194,43.687,74.941,2.431,212.796,14.527
4.197,2.43,40.093,40.093,51.55,603687.938,1920.874,106.205,43.703,74.954,2.43,212.837,14.525
4.197,2.43,40.099,40.099,51.545,603687.938,1920.874,106.215,43.719,74.967,2.429,212.879,14.524
4.197,2.43,40.106,40.106,51.54,603687.938,1920.874,106.226,43.735,74.98,2.429,212.921,14.523
4.197,2.43,40.112,40.112,51.536,603687.938,1920.874,106.236,43.751,74.994,2.428,212.963,14.521
4.197,2.43,40.119,40.119,51.531,603687.938,1920.874,106.246,43.767,75.007,2.428,213.005,14.52
4.197,2.43,40.125,40.125,51.527,603687.938,1920.874,106.257,43.783,75.02,2.427,213.046,14.519
4.197,2.43,40.131,40.131,51.522,603687.938,1920.874,106.267,43.799,75.033,2.426,213.088,14.518
